tree
version=v4
num_class=1
num_tree_per_iteration=1
label_index=0
max_feature_idx=8
objective=binary sigmoid:1
feature_names=Column_0 Column_1 Column_2 Column_3 Column_4 Column_5 Column_6 Column_7 Column_8
feature_infos=[0:721] [0:356] [0:3936355] [0:80448] [0:2584] [0:40528] [0:2265290.2000000002] [0:4] [0:5]
tree_sizes=3369 3424 3452 3441 3445 3466 3457 3480 3481 3498 3486 3495 3494 3494 3491 3482 3495 3505 3510 3485 3502 3490 3498 3508 3499 3494 3497 3508 3502 3491 3511 3506 3492 3526 3507 3516 3509 3502 3534 3518 3508 3503 3515 3532 3523 3522 3528 3518 3502 3523 3515 3503 3524 3517 3507 3513 3529 3510 3528 3523 3529 3513 3491 3506 3525 3516 3515 3508 3510 3536 3517 3515 3499 3521 3535 3525 3513 3506 3521 3552 3510 3515 3502 3499 3536 3497 3535 3519 3518 3494 3499 3505 3543 3511 3509 3499 3499 3506 3506 3481 3487 3511 3487 3532 3536 3530 3504 3528 3471 3504 3484 3511 3491 3496 3499 3517 3496 3463 3498 3484 3512 3481 3501 3520 3507 3506 3501 3485 3473 3477 3470 3451 3512 3508 3467 3464 3511 3521 3452 3480 3504 3487 3497 3490 3456 3447 3466 3485 3511 3485 3472 3490 3472 3489 3513 3499 3487 3498 3493 3459 3499 3466 3494 3481 3494 3518 3472 3477 3464 3447 3457 3454 3463 3507 3452 3522 3516 3490 3460 3449 3498 3472 3467 3482 3470 3461 3509

Tree=0
num_leaves=31
num_cat=0
split_feature=6 6 6 8 8 6 6 6 6 3 4 4 4 4 8 4 4 2 4 1 4 6 3 6 2 6 6 2 3 4
split_gain=120118 13343.5 11141 3960.49 2156.05 1817.83 1536.82 1345 1212.63 942.977 696.099 467.783 393.876 384.447 335.378 192.628 176.983 163.739 161.574 149.809 131.222 126.845 119.575 116.022 105.302 98.5172 95.6295 93.9591 90.783 88.6182
threshold=5071.4100000000008 15611.660000000002 1129.5400000000002 4.5000000000000009 4.5000000000000009 2978.5900000000006 47875.92500000001 8374.5800000000017 220.04000000000005 527.50000000000011 4.5000000000000009 2.5000000000000004 6.5000000000000009 2.5000000000000004 2.5000000000000004 1.5000000000000002 2.5000000000000004 7443.6900000000014 2.5000000000000004 50.500000000000007 5.5000000000000009 10845.810000000003 101.50000000000001 22815.745000000006 6341.6350000000011 708.94500000000005 4013.4850000000006 13947.795000000002 449.50000000000006 2.5000000000000004
decision_type=2 2 2 2 2 2 2 2 2 2 2 2 2 2 2 2 2 2 2 2 2 2 2 2 2 2 2 2 2 2
left_child=2 4 8 22 14 11 10 16 20 18 19 -4 26 -10 -2 27 -6 -13 -8 -5 -1 -17 -3 -21 -14 -15 -7 -9 -25 -11
right_child=1 3 5 6 7 12 9 15 13 29 -12 17 24 25 -16 21 -18 -19 -20 23 -22 -23 -24 28 -26 -27 -28 -29 -30 -31
leaf_value=-2.7673120747304307 -2.6189083099329591 -2.7032400328550588 -2.6953907109852495 -2.4847149891084723 -2.5585645882649484 -2.6563233810656914 -2.3521511048342036 -2.5564593093465753 -2.73541208568858 -2.218746468878082 -2.477341944145683 -2.7442083586611932 -2.7366164789708778 -2.7719504341262704 -2.6985961478190359 -2.551530798582915 -2.6049514050504712 -2.7196078558807519 -2.478286118525407 -2.3999022878067242 -2.787613852845102 -2.4934900379238942 -2.5996312543825941 -2.3963582115674749 -2.682667479948742 -2.7575096217973671 -2.6242550314374844 -2.4610670474714018 -2.3244033284469214 -2.3312281905073982
leaf_weight=836.41554445028305 462.31072010099888 38.226358443498611 1056.1315241008997 47.868529453873634 492.26420992612839 575.16405890882015 115.42078079283237 44.160002142190933 1063.2062531262636 281.39164155721664 234.09365476667881 1692.8000821173191 105.32217565178871 4366.1347854435444 188.27907890081406 223.53861549496651 424.65490432083607 1123.7978839725256 59.450545519590378 337.64714816212654 21770.253459170461 266.50047804415226 120.15628489851952 151.19380578398705 644.48499250411987 1632.5507768690586 440.40188182890415 427.10823777318001 312.08683684468269 69.035662263631821
leaf_count=14660 8103 670 18511 839 8628 10081 2023 774 18635 4932 4103 29670 1846 76526 3300 3918 7443 19697 1042 5918 381571 4671 2106 2650 11296 28614 7719 7486 5470 1210
internal_value=-2.73859 -2.489 -2.76897 -2.38355 -2.56289 -2.70455 -2.36005 -2.53569 -2.78121 -2.28794 -2.3958 -2.72374 -2.66253 -2.76312 -2.64178 -2.49413 -2.57971 -2.73439 -2.39161 -2.37398 -2.78687 -2.5191 -2.62389 -2.36801 -2.69022 -2.76803 -2.64222 -2.4692 -2.34631 -2.23847
internal_weight=39602.1 4295.39 35306.7 1766.57 2528.82 5638.1 1608.19 1878.23 29668.6 525.299 1082.89 3872.73 1765.37 7061.89 650.59 961.307 916.919 2816.6 174.871 848.796 22606.7 490.039 158.383 800.928 749.807 5998.69 1015.57 471.268 463.281 350.427
internal_count=694112 75286 618826 30963 44323 98820 28187 32920 520006 9207 18980 67878 30942 123775 11403 16849 16071 49367 3065 14877 396231 8589 2776 14038 13142 105140 17800 8260 8120 6142
is_linear=0
shrinkage=1


Tree=1
num_leaves=31
num_cat=0
split_feature=6 6 6 5 6 6 6 2 8 5 8 8 0 8 5 5 0 1 6 0 5 6 5 5 6 2 8 8 6 2
split_gain=89587.8 7826.2 7823.25 2336.68 1176.05 1154.83 797.521 626.732 626.249 623.381 252.371 191.689 180.858 179.66 170.902 168.958 140.376 135.325 134.274 128.642 118.279 109.097 98.9029 97.2561 90.1331 77.1358 69.6057 67.0117 60.305 58.7054
threshold=4138.0550000000012 1129.5400000000002 12547.26 34.500000000000007 6669.4150000000009 220.04000000000005 2434.4100000000003 61411.715000000004 4.5000000000000009 76.500000000000014 4.5000000000000009 4.5000000000000009 1.0000000180025095e-35 4.5000000000000009 8.5000000000000018 27.500000000000004 1.5000000000000002 149.50000000000003 22815.745000000006 1.5000000000000002 1.5000000000000002 41902.980000000003 5.5000000000000009 4.5000000000000009 437.13000000000005 7871.4500000000016 4.5000000000000009 2.5000000000000004 3305.0100000000007 11687.245000000001
decision_type=2 2 2 2 2 2 2 2 2 2 2 2 2 2 2 2 2 2 2 2 2 2 2 2 2 2 2 2 2 2
left_child=1 5 4 15 10 20 13 16 14 17 22 24 -8 25 -6 -4 -5 21 -11 -10 -1 -9 -2 -14 -7 -3 -18 -16 -25 -24
right_child=2 6 3 7 8 11 12 9 19 18 -12 -13 23 -15 27 -17 26 -19 -20 -21 -22 -23 29 28 -26 -27 -28 -29 -30 -31
leaf_value=-0.049574309352456533 -0.016949894987681357 -0.0052277552049492049 0.084236526194731889 0.23795260126703954 -0.0052498100637070853 -0.033791267010869673 0.07385920485851008 0.25552421672770997 0.18204691207129742 0.21528436406478232 0.1062692918019929 0.0043295319405582825 -0.026265293089476317 0.027024736653427524 0.11785187114690186 0.16051940621227992 0.11534048648898938 0.12839751560679502 0.30161586011081809 0.14649554436597895 -0.039364617494979881 0.18179942061685533 0.044547452586210977 0.03382784242139205 -0.021730353634467136 0.014773993459138679 0.20265889002913703 0.060260795635507181 0.055580148062413653 0.081619816673534892
leaf_weight=18230.690632317215 35.209617123007774 1478.7561592459679 215.65035628527403 766.10723865032196 38.599297896027565 2714.3219427764416 559.71636405214667 173.8686308786273 806.4042986407876 71.63250806927681 1007.3150563538074 532.68839504569769 51.872705969959497 979.6695052459836 255.48292603343725 116.82225636392832 34.434880144894123 48.871019244194031 988.6704373434186 474.13901799917221 3419.5188843272626 112.06808873265982 172.96039701253176 804.58410719037056 3656.943107213825 712.66313106566668 319.66367588937283 71.546066135168076 546.03904231265187 322.47630711644888
leaf_count=333602 589 25825 3266 10210 640 48832 9296 2343 11671 962 15728 9444 893 16855 4035 1659 543 638 11990 7101 62414 1480 2822 13725 65382 12241 4382 1211 9031 5224
internal_value=-0.000290923 -0.0320687 0.177136 0.237362 0.123155 -0.0422866 0.0247629 0.253852 0.152583 0.276901 0.0914998 -0.0244692 0.0498001 0.00924864 0.0940179 0.11184 0.224703 0.214389 0.2962 0.169132 -0.0479655 0.228093 0.0631696 0.040107 -0.0268776 0.00128448 0.194863 0.105695 0.0426912 0.0689087
internal_weight=39719.4 33687.5 6031.92 2847.79 3184.13 28554.2 5133.3 2515.32 1646.17 1395.11 1537.96 6903.95 1962.21 3171.09 365.628 332.473 1120.21 334.808 1060.3 1280.54 21650.2 285.937 530.646 1402.5 6371.27 2191.42 354.099 327.029 1350.62 495.437
internal_count=694034 607540 86494 37473 49021 519674 87866 32548 24658 17413 24363 123658 32945 54921 5886 4925 15135 4461 12952 18772 396016 3823 8635 23649 114214 38066 4925 5246 22756 8046
is_linear=0
shrinkage=0.05


Tree=2
num_leaves=31
num_cat=0
split_feature=6 6 6 5 6 6 6 6 5 5 5 5 0 5 0 2 5 6 2 0 0 6 2 0 2 0 1 5 5 2
split_gain=71545.4 5992.88 5812.46 1483.52 737.453 657.088 607.23 497.188 351.423 248.354 240.148 191.002 135.806 126.619 118.566 102.597 97.4593 97.2156 96.5619 90.7653 88.0477 83.5925 72.3962 65.3808 60.9684 56.1967 82.9364 53.7746 52.3518 51.3801
threshold=3492.9750000000004 10349.92 787.13000000000011 28.500000000000004 131.29000000000005 6669.4150000000009 1955.8800000000003 22815.745000000006 74.500000000000014 13.500000000000002 8.5000000000000018 32.500000000000007 2.5000000000000004 12.500000000000002 2.5000000000000004 55344.990000000013 14.500000000000002 4791.7700000000013 7443.6900000000014 1.5000000000000002 1.5000000000000002 399.03000000000003 17649.240000000002 1.0000000180025095e-35 5177.7850000000008 1.5000000000000002 18.500000000000004 1.5000000000000002 2142.0000000000005 969.5150000000001
decision_type=2 2 2 2 2 2 2 2 2 2 2 2 2 2 2 2 2 2 2 2 2 2 2 2 2 2 2 2 2 2
left_child=2 5 4 16 27 10 11 19 -9 -7 -2 18 17 21 -8 -10 -3 -12 25 -5 -13 -6 -21 -11 -16 26 -4 -1 -17 -15
right_child=1 3 6 7 13 9 14 8 15 23 12 20 -14 29 24 28 -18 -19 -20 22 -22 -23 -24 -25 -26 -27 -28 -29 -30 -31
leaf_value=-0.049429348469217864 0.0075416625566468642 0.034882105130046796 0.041532111557301021 0.17725946984266092 -0.035922402523212577 0.036214791122994285 0.042098586048190605 0.16430956414607323 0.18078627467854147 0.1393049040015005 0.074267879718450086 0.0617448605235138 0.062416780496216087 0.022087586822313314 -0.0022062568076872224 0.22519815233077903 0.096468705269296781 0.10202468518802082 0.0093268849983735285 0.070829741794112319 0.0073289060206662739 -0.024192557611592683 0.15406197003587707 0.11404668242407244 0.025766506087691061 -0.01427096096422815 -0.0048489626029831201 -0.040490150492465571 0.13995977312561933 -0.014569011023993106
leaf_weight=17009.253984950483 126.61865342408419 88.755407650023699 109.89820253103971 1076.960169993341 4026.2349141053855 87.51158208027482 1193.4280389361084 430.007683172822 222.85063610225916 504.74896468967199 659.59061457961798 161.35196278244257 841.11259440332651 122.39794600754976 254.62830705195665 1314.1982731372118 264.5234552770853 679.7103592902422 924.20997481793165 32.730877831578255 137.52860027551651 2473.5239262394607 514.63344536721706 761.4365344196558 822.82036469504237 1832.1241969764233 693.28871876746416 1937.8418170288205 30.524783536791801 411.88857808709145
leaf_count=325246 2054 1331 1917 12326 75342 1344 19448 4855 2382 6462 9962 2719 12765 2213 4413 12660 3593 9646 15926 420 2383 45291 6265 10262 13782 32641 12094 36633 276 7452
internal_value=-0.000338505 0.137205 -0.0330531 0.179719 -0.0433849 0.0909656 0.0107418 0.189271 0.206338 0.118686 0.0746116 -0.00133442 0.0784959 -0.0295444 0.0312434 0.217643 0.0812796 0.0884859 -0.0045655 0.168053 0.0369208 -0.0314674 0.149361 0.124319 0.019164 -0.00944097 0.00158465 -0.0485194 0.223474 -0.00612042
internal_weight=39746.3 7635.91 32110.4 3975.18 25981.1 3660.73 6129.28 3621.91 1997.58 1353.7 2307.03 3858.4 2180.41 7034.05 2270.88 1567.57 353.279 1339.3 3559.52 1624.32 298.881 6499.76 547.364 1266.19 1077.45 2635.31 803.187 18947.1 1344.72 534.287
internal_count=694103 96603 597500 44108 492177 52495 105323 39184 20173 18068 34427 67680 32373 130298 37643 15318 4924 19608 62578 19011 5102 120633 6685 16724 18195 46652 14011 361879 12936 9665
is_linear=0
shrinkage=0.05


Tree=3
num_leaves=31
num_cat=0
split_feature=6 6 6 5 4 4 4 6 4 4 6 6 6 6 5 5 2 5 2 6 5 5 5 2 6 2 2 5 5 6
split_gain=59120.3 5173.86 4415.45 896.413 646.952 627.539 500.814 437.62 429.634 251.78 230.802 206.92 204.413 195.775 133.069 110.975 107.021 103.985 91.0134 79.246 69.1293 68.2404 63.0554 59.2885 56.3291 50.665 47.5448 48.4639 46.8737 40.7686
threshold=2978.5900000000006 9472.2050000000017 553.67500000000007 28.500000000000004 8.5000000000000018 7.5000000000000009 6.5000000000000009 4791.7700000000013 1.5000000000000002 16.500000000000004 1379.1500000000003 1581.8900000000001 14765.125000000002 119.84000000000002 9.5000000000000018 13.500000000000002 19241.770000000004 22.500000000000004 136133.35500000001 4390.2250000000013 4.5000000000000009 45.500000000000007 50.500000000000007 618.59500000000014 6199.9850000000015 5574.8050000000012 55344.990000000013 44.500000000000007 522.50000000000011 19919.455000000005
decision_type=2 2 2 2 2 2 2 2 2 2 2 2 2 2 2 2 2 2 2 2 2 2 2 2 2 2 2 2 2 2
left_child=2 4 6 15 7 10 20 -2 12 16 22 25 -5 -8 -6 -3 -10 -9 -14 -16 -1 -12 -4 -22 -19 -7 -18 -28 29 -29
right_child=1 3 5 8 14 11 13 17 9 -11 21 -13 18 -15 19 -17 26 24 -20 -21 23 -23 -24 -25 -26 -27 27 28 -30 -31
leaf_value=-0.026558745312962796 0.060420782330277881 0.027981927735316981 0.0010572687573143908 0.13807359908002179 0.0034449490941107193 -0.024446198081620362 -0.048885824044231273 0.070111099419795736 0.078409698743630782 0.073262065320613218 0.026314433294319622 0.0046764569212236796 0.1665308656312699 -0.037089691448234256 0.031232362638723671 0.090507787430438344 0.13231827284328512 0.090778270973883746 0.19307474272590305 0.058974574881119846 0.024522123116195723 0.055204449112489777 0.055606169635311037 -0.01291453575835449 0.11239738461228438 -0.0096175538514813724 0.11343911060274257 0.11907479156008097 0.077367583435097004 0.16439971239659601
leaf_weight=982.98698327690363 1224.3408138342202 92.016706369817257 1383.5977591723204 550.4054015353322 198.01375999301672 1924.8533688858151 17392.266158934683 274.19758619368076 75.506350845098495 161.84719464182854 1374.8560436032712 1227.5767154023051 1441.253094881773 4455.8284460939467 435.67649568989873 346.22182244062424 774.28519955277443 542.97078152745962 568.77059753984213 659.47538694739342 128.3277176655829 241.15177011862397 53.090664226561785 560.39390213415027 962.13782716542482 827.08197396248579 97.777802139520645 82.240533925592899 23.54979645460844 628.48969280719757
leaf_count=18921 17772 1350 24627 5698 3182 35325 347163 3671 881 1821 22680 20853 12899 85870 6678 4349 8193 7092 4531 9022 2393 3850 886 10437 11476 14789 1022 846 194 5605
internal_value=-0.000696161 0.110862 -0.0340723 0.146303 0.0708726 0.00069015 -0.0444651 0.083609 0.153104 0.134245 0.0177375 -0.0123892 0.166569 -0.0464837 0.0412063 0.077566 0.14002 0.099479 0.174226 0.0480151 -0.01806 0.0306885 0.00314754 -0.00588825 0.104729 -0.0199997 0.142815 0.152242 0.157087 0.159504
internal_weight=39691.2 9139.18 30552 4842.36 4296.81 7032.21 23519.8 3003.65 4404.13 1843.7 3052.7 3979.51 2560.43 21848.1 1293.17 438.239 1681.85 1779.31 2010.02 1095.15 1671.71 1616.01 1436.69 688.722 1505.11 2751.94 1606.34 832.058 734.28 710.73
internal_count=694076 106282 587794 47389 58893 123010 464784 40011 41690 18562 52043 70967 23128 433033 18882 5699 16741 22239 17430 15700 31751 26530 25513 12830 18568 50114 15860 7667 6645 6451
is_linear=0
shrinkage=0.05


Tree=4
num_leaves=31
num_cat=0
split_feature=6 6 6 8 4 4 4 6 6 5 6 6 2 5 8 2 2 8 6 2 5 4 5 1 6 5 6 5 1 8
split_gain=50522.4 4025.49 3775.55 866.835 573.293 490.075 445.311 379.5 310.685 222.137 190.184 163.957 150.538 124.9 105.701 89.4987 81.5877 77.9896 70.4382 68.4846 67.3554 64.2923 62.377 45.7352 45.2255 45.0895 44.9495 43.6265 40.5829 40.5715
threshold=2824.0100000000007 507.05000000000007 8374.5800000000017 4.5000000000000009 2.5000000000000004 6.5000000000000009 4.5000000000000009 21369.865000000002 1129.5400000000002 89.500000000000014 4390.2250000000013 119.84000000000002 9079.6700000000019 45.500000000000007 2.5000000000000004 5861.3050000000012 61411.715000000004 4.5000000000000009 1351.7300000000002 16281.775000000003 13.500000000000002 6.5000000000000009 27.500000000000004 19.500000000000004 41902.980000000003 5.5000000000000009 3692.4500000000003 14.500000000000002 148.50000000000003 2.5000000000000004
decision_type=2 2 2 2 2 2 2 2 2 2 2 2 2 2 2 2 2 2 2 2 2 2 2 2 2 2 2 2 2 2
left_child=1 5 6 14 13 20 10 19 -6 22 -2 -7 25 18 27 -10 -11 29 -3 -5 -1 -21 -9 -20 -24 -8 -19 -4 -23 -14
right_child=2 4 3 7 8 11 12 9 15 16 -12 -13 17 -15 -16 -17 -18 26 23 21 -22 28 24 -25 -26 -27 -28 -29 -30 -31
leaf_value=-0.020083019788660297 0.056442546851445723 0.0078548061922834329 0.03245476501639618 0.084534986178169305 -0.021308095085643103 -0.048619631210106047 -0.025924138237186947 0.058504558307970515 -0.0072693118531081402 0.12777956242534505 0.086133860622464573 -0.037370663705880207 0.047289552235466603 0.058793506928307662 0.025301745968166769 0.010837294765053159 0.15627461950627117 0.034051350285060268 0.068531100464877009 0.12021301375803824 0.021056844889122642 0.10203567208107825 0.1318769855440606 0.025439110025303958 0.10395109464990192 0.023729101229445774 0.068092989609905855 0.081488096797771414 0.048129745149673525 0.022717269317989959
leaf_weight=1449.5999894328415 890.05912050977349 763.44709149375558 55.74757781624794 211.33469058573246 2703.1618134230375 16634.020654395223 49.242087192833424 46.290125608444214 1255.0226922333241 382.48723982274532 1446.3137395754457 4073.1122014671564 533.18648014217615 220.07130547612906 143.51229597255588 1491.3120958954096 1523.3139477372169 123.13180705904961 66.823341827839613 1925.4241872951388 105.21856788918376 334.78946129977703 505.00217051804066 679.09283985197544 284.64686367660761 448.1248992010951 602.75558561086655 374.01027534157038 44.964309334754944 253.9056395329535
leaf_count=28191 12459 13419 771 2185 50795 346904 833 511 22133 3132 17055 81266 7398 3345 1944 24922 10918 1831 1061 17892 1891 3411 4283 10761 2362 6680 7618 4314 445 3797
internal_value=-0.000680267 -0.0338794 0.0953369 0.121631 -0.00132077 -0.0443776 0.060021 0.128006 -0.00928113 0.141042 0.0748807 -0.0464108 0.0426941 0.0237443 0.0629205 0.00256365 0.150696 0.0505371 0.018563 0.113702 -0.0172755 0.116301 0.118725 0.0294725 0.122099 0.018729 0.062428 0.0753074 0.0959386 0.0394405
internal_weight=39619.1 29440.9 10178.2 5831.52 7178.93 22262 4346.72 5258.25 5449.5 2741.74 2336.37 20707.1 2010.35 1729.43 573.27 2746.33 1905.8 1512.98 1509.36 2516.51 1554.82 2305.18 835.939 745.916 789.649 497.367 725.887 429.758 379.754 787.092
internal_count=694527 584688 109839 52168 126436 458252 57671 45139 97850 21206 29514 428170 28157 28586 7029 47055 14050 20644 25241 23933 30082 21748 7156 11822 6645 7513 9449 5085 3856 11195
is_linear=0
shrinkage=0.05


Tree=5
num_leaves=31
num_cat=0
split_feature=5 2 5 5 2 4 5 2 2 5 4 8 2 3 4 4 3 5 4 2 3 8 3 2 3 2 4 5 2 3
split_gain=40491.9 4934.52 3401.7 876.119 778.26 441.183 350.953 299.491 258.982 199.655 188.737 186.409 166.039 139.75 134.856 105.399 93.6865 103.27 82.3084 81.2065 80.3103 75.3751 75.0875 67.3519 65.1591 56.2383 54.8879 53.1268 49.8299 56.5179
threshold=16.500000000000004 16281.775000000003 4.5000000000000009 64.500000000000014 5304.4100000000008 2.5000000000000004 1.5000000000000002 7242.4750000000013 55344.990000000013 43.500000000000007 2.5000000000000004 4.5000000000000009 10241.440000000001 24.500000000000004 3.5000000000000004 2.5000000000000004 384.50000000000006 28.500000000000004 1.5000000000000002 10241.440000000001 94.500000000000014 4.5000000000000009 227.50000000000003 11309.090000000002 115.50000000000001 4115.4500000000016 1.5000000000000002 10.500000000000002 9079.6700000000019 227.50000000000003
decision_type=2 2 2 2 2 2 2 2 2 2 2 2 2 2 2 2 2 2 2 2 2 2 2 2 2 2 2 2 2 2
left_child=2 5 6 11 10 9 -1 -7 14 19 13 -3 20 -4 -5 23 17 -13 -14 -2 -6 -10 -21 -8 -9 -17 -23 -20 -11 -30
right_child=1 3 4 8 12 7 15 24 21 28 -12 16 18 -15 -16 25 -18 -19 27 22 -22 26 -24 -25 -26 -27 -28 -29 29 -31
leaf_value=-0.047931348892878922 0.028016736626951106 0.058414879658278955 0.055023045766003677 0.10874725672970463 0.021936318947728441 0.00029298364139822096 -0.012669304597099904 0.06224722332106572 0.047277887262763309 0.056373923942752424 -0.023442331285949681 0.073053300212747904 0.059147676431466227 -0.0046829732677938366 0.074609577084884429 -0.03749076360667853 0.074984598309018421 0.10284853990303584 0.012103585409956347 0.077093668337755411 -0.0025104468720370545 0.13412755830490594 0.030589972833521613 0.094203080913949952 0.031077461736654821 -0.022760014550790256 0.11576647026639711 0.034069954811549986 0.10761527991549491 0.068243165484150201
leaf_weight=15754.38249277696 782.35026686638594 712.02241849154234 113.44556818902493 1452.8266974538565 492.02637783065438 1059.7996271029115 419.20360741019249 196.52831982076168 32.122497700154781 492.90513477101922 3096.5754077993333 418.36060164123774 197.76410776749253 647.27504818513989 387.12789772078395 3672.242746822536 974.60656227916479 1196.7214088700712 505.81894515827298 201.01058493182063 1048.7990102097392 1560.7807209417224 158.94749112054706 13.291806939989327 1194.1009129285812 801.20689022168517 743.23860551789403 610.67590758949518 136.56471482664347 348.61121162027121
leaf_count=342282 11878 8647 1974 12219 8047 18245 8075 2580 296 6548 60122 4688 2800 11501 3676 75862 9673 11098 8245 2413 18351 10311 2115 228 16710 15609 5326 8822 1402 3880
internal_value=-0.000624995 0.0757474 -0.0342449 0.100761 -0.00331992 0.0347987 -0.0442908 0.020323 0.116019 0.0514926 -0.0179634 0.0814041 0.0164626 0.00434186 0.101653 -0.0325853 0.0876749 0.0952305 0.0295047 0.0371833 0.00531437 0.127237 0.0568414 -0.00896631 0.0355655 -0.0348638 0.12831 0.0241577 0.0680946 0.0797217
internal_weight=39421.3 12048.6 27372.7 7477.81 6712.38 4570.82 20660.3 2450.43 4176.1 2120.39 3857.3 3301.71 2855.08 760.721 1839.95 4905.95 2589.69 1615.08 1314.26 1142.31 1540.83 2336.14 359.958 432.495 1390.63 4473.45 2304.02 1116.49 978.081 485.176
internal_count=693623 131705 561918 65934 119862 65771 442056 37535 31828 28236 73597 34106 46265 13475 15895 99774 25459 15786 19867 16406 26398 15933 4528 8303 19290 91471 15637 17067 11830 5282
is_linear=0
shrinkage=0.05


Tree=6
num_leaves=31
num_cat=0
split_feature=6 6 6 8 4 4 6 4 6 6 7 6 4 6 3 8 8 4 4 4 4 1 3 0 6 4 6 4 3 4
split_gain=38552.9 3220.48 2756.4 534.812 499.217 351.719 302.568 297.653 164.865 144.568 126.09 125.961 94.0193 78.9963 71.8726 68.3046 65.4006 57.8266 51.7435 49.5793 46.1337 43.5647 40.171 39.83 39.2781 35.3908 35.3063 28.4924 25.4527 24.4851
threshold=2434.4100000000003 399.03000000000003 7439.2750000000005 4.5000000000000009 9.5000000000000018 7.5000000000000009 18773.655000000002 6.5000000000000009 1292.3900000000001 4390.2250000000013 3.5000000000000004 913.61500000000012 6.5000000000000009 3592.0200000000004 145.50000000000003 2.5000000000000004 4.5000000000000009 2.5000000000000004 46.500000000000007 1.0000000180025095e-35 15.500000000000002 30.500000000000004 61.500000000000007 1.0000000180025095e-35 56324.710000000006 62.500000000000007 12547.26 1.5000000000000002 562.50000000000011 70.500000000000014
decision_type=2 2 2 2 2 2 2 2 2 2 2 2 2 2 2 2 2 2 2 2 2 2 2 2 2 2 2 2 2 2
left_child=1 5 7 15 8 16 20 9 17 23 -7 -6 14 -9 -8 22 27 21 28 -10 26 -3 -4 -2 -16 -13 -5 -1 -15 -17
right_child=2 4 3 6 11 10 12 13 19 -11 -12 25 -14 18 24 29 -18 -19 -20 -21 -22 -23 -24 -25 -26 -27 -28 -29 -30 -31
leaf_value=-0.01270886837774049 0.052374450059643501 0.02056098322230196 0.01274309518924782 0.081343305191766191 -0.02627499591997149 -0.048777681778052348 0.071429984050130166 0.016014768076958869 0.036376470374299828 0.064791043037546195 -0.039478895415025285 -0.0058542431769916733 0.08247959946719835 0.03813983509563814 0.10688176642285932 0.031194328967713948 0.02651243189008879 -0.01000821654318031 0.0027452064812767164 0.015415404673648948 0.049597779143066463 -0.0015035444423020889 0.064483288530512051 0.035611898361108472 0.12001420021836001 -0.025258122275264749 0.093516083801144317 -0.028094050775066895 0.06991233158557901 -0.025080852913438659
leaf_weight=480.72416047751904 640.99886326491833 374.7661521397531 41.683620035648346 1635.9267478063703 2053.6320260353386 13140.844239711761 129.07760664820671 748.09450692310929 375.83052302896976 1553.0256926193833 5137.8669101409614 1693.3244594708085 375.0240960419178 949.77754732966423 1973.4049196615815 153.95838348194957 70.252552129328251 966.6737148091197 100.33795175328851 1142.3151230849326 96.250711113214493 550.07394149899483 510.27748043090105 855.36676506325603 1116.0935827121139 271.32999938353896 1210.6783671677113 827.81193390116096 69.22448405623436 20.547456208616495
leaf_count=9586 8291 6583 511 14524 41068 299006 1009 11506 5628 16629 112401 30157 2865 12160 13283 1978 1265 18378 1481 18417 912 9474 5429 11649 6691 4976 9409 17153 820 288
internal_value=-0.000510404 -0.0337337 0.0733653 0.0929374 -0.00568432 -0.044331 0.0974686 0.0444282 0.00838482 0.0540609 -0.0461685 -0.0176207 0.107293 0.0286577 0.110131 0.0520127 -0.0199394 -0.00146716 0.0370637 0.0206455 0.0854073 0.00746258 0.060636 0.0428528 0.1117 -0.00855699 0.0865825 -0.0224699 0.040431 0.024359
internal_weight=39265.2 27085.4 12179.7 7262.92 7427.95 19657.5 6536.46 4916.83 3409.66 3049.39 18278.7 4018.29 3593.6 1867.43 3218.58 726.467 1378.79 1891.51 1119.34 1518.15 2942.86 924.84 551.961 1496.37 3089.5 1964.65 2846.61 1308.54 1019 174.506
internal_count=693527 574092 119435 56899 134681 439411 48693 62536 58480 36569 411407 76201 23848 25967 20983 8206 28004 34435 14461 24045 24845 16057 5940 19940 19974 35133 23933 26739 12980 2266
is_linear=0
shrinkage=0.05


Tree=7
num_leaves=31
num_cat=0
split_feature=5 2 5 5 2 2 4 4 4 4 2 5 1 1 4 5 1 2 1 1 4 2 2 5 1 4 4 3 4 2
split_gain=31868.2 3759.04 2403.77 585.045 491.999 442.835 270.43 219.368 179.728 175.176 170.869 157.571 143.454 127.23 112.5 109.605 110.348 105.088 113.308 92.9681 66.4696 66.1907 61.9967 55.8538 68.9713 54.0896 49.0259 47.4757 45.3495 44.9918
threshold=13.500000000000002 16281.775000000003 3.5000000000000004 64.500000000000014 5304.4100000000008 7242.4750000000013 1.5000000000000002 58.500000000000007 2.5000000000000004 8.5000000000000018 46167.575000000004 32.500000000000007 112.50000000000001 83.500000000000014 3.5000000000000004 38.500000000000007 61.500000000000007 10575.630000000001 44.500000000000007 18.500000000000004 5.5000000000000009 9337.0800000000017 27136.745000000006 24.500000000000004 15.500000000000002 8.5000000000000018 1.5000000000000002 230.50000000000003 35.500000000000007 2716.0150000000003
decision_type=2 2 2 2 2 2 2 2 2 2 2 2 2 2 2 2 2 2 2 2 2 2 2 2 2 2 2 2 2 2
left_child=2 5 7 11 8 6 23 21 19 15 14 13 22 28 -5 16 -7 18 -6 -4 -19 25 -13 24 -2 -1 -12 -17 -3 -10
right_child=1 3 4 10 17 9 -8 -9 29 -11 26 12 -14 -15 -16 27 -18 20 -20 -21 -22 -23 -24 -25 -26 -27 -28 -29 -30 -31
leaf_value=-0.024501692381693519 0.081162395835235934 0.065432428611858925 0.026367525702565283 0.084598621231837173 0.012865926286401548 0.052679684862842982 -0.00049080395963160242 -0.047508509444340763 -0.029324416030649104 0.020195269236255645 0.10285983398936892 0.068224054927061129 0.054745163455541437 0.03346623692864388 0.052513759224705504 0.072945609314027118 0.022333231457420243 0.040557830460748436 -0.015257691722973919 -0.010376138220156934 0.012271935486835936 0.0054501906717850076 0.089650190552174602 0.04306660758830342 0.0090830521581411229 -0.038662633166431336 0.088348295556221604 0.050365018722076632 0.017995346256617743 -0.017834181500928106
leaf_weight=950.38948778808117 35.441929191350937 991.05133594945073 259.10921315848827 1383.2522037550807 755.80525259301066 550.69365026429296 1664.1940518468618 14394.206582445651 2087.1345853917301 869.96014078333974 2026.7853302806616 582.15262276679277 743.81564713269472 573.63493188470602 356.88529489934444 369.17074570432305 665.72277626022696 294.77166360616684 677.08260418847203 503.35236242413521 701.9623938947916 105.17086259275675 983.17680252343416 565.92812677100301 299.11019186675549 2455.0092910304666 1005.9094549231231 727.35830379649997 54.994027972221375 1462.9537790454924
leaf_count=20025 537 10268 4520 10306 12613 6628 28537 339717 43995 12150 11828 5337 6576 6463 3078 3672 9039 4159 12449 9146 11017 2066 7589 7648 4724 55492 6513 7892 679 29116
internal_value=-0.00062594 0.0583271 -0.035189 0.0790514 -0.00973932 0.0269345 0.0114603 -0.0447701 -0.0198741 0.039388 0.0908439 0.0646867 0.0731258 0.0525799 0.0780862 0.0465832 0.0361355 0.00825129 -0.000426073 0.00214687 0.0207016 -0.0335212 0.0817789 0.0334995 0.017156 -0.0347273 0.0981079 0.0580862 0.0629776 -0.0246021
internal_weight=39096.2 14449.2 24646.9 8701.66 6742.17 5747.58 2564.67 17904.8 4312.55 3182.91 4772.83 3928.83 2309.15 1619.68 1740.14 2312.95 1216.42 2429.62 1432.89 762.462 996.734 3510.57 1565.33 900.48 334.552 3405.4 3032.69 1096.53 1046.05 3550.09
internal_count=693779 149464 544315 68637 127015 80827 41446 417300 86777 39381 31725 36912 19502 17410 13384 27231 15667 40238 25062 13666 15176 77583 12926 12909 5261 75517 18341 11564 10947 73111
is_linear=0
shrinkage=0.05


Tree=8
num_leaves=31
num_cat=0
split_feature=6 6 6 4 5 4 6 4 6 6 4 4 5 5 6 4 6 4 6 5 1 3 6 5 2 1 4 5 4 2
split_gain=30711.2 3040.47 1800.93 434.368 324.186 305.012 195.873 175.554 117.064 116.652 91.3066 88.1989 79.5879 79.5667 77.3319 56.7183 55.3056 51.3235 49.7265 48.6867 51.4423 47.7482 56.4881 46.846 44.8114 44.349 42.1981 39.2901 38.1364 41.8225
threshold=2434.4100000000003 374.80500000000006 6915.7850000000008 9.5000000000000018 32.500000000000007 14.500000000000002 14765.125000000002 4.5000000000000009 1106.8950000000002 803.35000000000002 6.5000000000000009 35.500000000000007 5.5000000000000009 13.500000000000002 79.995000000000019 14.500000000000002 4264.2000000000016 1.5000000000000002 3692.4500000000003 16.500000000000004 90.500000000000014 372.50000000000006 56324.710000000006 80.500000000000014 7871.4500000000016 18.500000000000004 2.5000000000000004 187.50000000000003 2.5000000000000004 950.30000000000007
decision_type=2 2 2 2 2 2 2 2 2 2 2 2 2 2 2 2 2 2 2 2 2 2 2 2 2 2 2 2 2 2
left_child=1 5 7 8 11 13 15 16 28 -5 21 19 -9 26 -7 -6 -2 25 -14 -4 -21 -8 -23 -24 -11 -10 -1 -12 29 -3
right_child=2 3 4 9 6 14 10 12 17 24 27 -13 18 -15 -16 -17 -18 -19 -20 20 -22 22 23 -25 -26 -27 -28 -29 -30 -31
leaf_value=-0.016056660711618934 0.037897869162903719 0.037700584549101718 0.033733469346025946 -0.026628993863805107 0.068813586942281998 -0.047869730836958869 0.077292081165319423 -0.015530574751512961 0.062871572141556253 -0.014102593129425488 0.069250456067358176 0.0025579866032597199 0.019618633539765565 0.025384344976511854 -0.038926065614598743 0.033634534689263244 0.052717057389810189 0.0082607180884227051 0.034975478890431663 0.065309672990714995 0.033385465261673235 0.085327327927891564 0.056569567946260724 0.10290778742390266 0.0015438410031877283 0.021183534320025007 -0.032375063520001926 0.022213049642204621 -0.010581717707486483 0.0007289289234345324
leaf_weight=605.06804281845689 1269.7454998418689 83.639050636440516 234.01376906782389 1841.1885600723326 2302.6078145131469 13034.205028045923 1048.2554953321815 106.50226942449808 69.035159986466169 1598.558805052191 506.63560058176517 87.956716682761908 924.49639725312591 74.39001714810729 3045.802332803607 126.62647525221109 1320.9606196433306 1108.8931963071227 1258.6181000843644 754.09526810795069 159.67596564441919 2146.8384503871202 66.189055219292641 1006.0558447092772 640.31728304177523 701.31517599150538 1184.4471050091088 51.250196225941181 834.68131501227617 716.90357758849859
leaf_count=12432 15768 1396 2701 39001 17967 323378 6700 1812 993 30357 3658 1133 13445 1316 70756 1195 13064 18097 14920 6785 1418 12886 406 5221 10728 10216 26777 344 16470 12578
internal_value=-0.000595804 -0.0327371 0.0607916 -0.00621625 0.0747057 -0.0439598 0.07875 0.0365648 0.00666598 -0.0173105 0.0846307 0.0508746 0.0264365 -0.0247706 -0.0461807 0.067009 0.0454888 0.0151717 0.0284961 0.0545663 0.0598162 0.0871623 0.0903264 0.100158 -0.00963034 0.0250726 -0.0268816 0.0650241 -0.00311555 0.00467598
internal_weight=38909 25538.4 13370.5 7594.53 8490.2 17943.9 7254.46 4880.32 3514.47 4080.06 4825.22 1235.74 2289.62 1863.91 16080 2429.23 2590.71 1879.24 2183.11 1147.79 913.771 4267.34 3219.08 1072.24 2238.88 770.35 1789.52 557.886 1635.22 800.543
internal_count=693918 574495 119423 139836 60414 434659 48377 59009 59750 80086 29215 12037 30177 40525 394134 19162 28832 29306 28365 10904 8203 25213 18513 5627 41085 11209 39209 4002 30444 13974
is_linear=0
shrinkage=0.05


Tree=9
num_leaves=31
num_cat=0
split_feature=6 6 6 4 4 4 6 6 5 6 5 7 4 4 5 2 4 5 6 4 4 0 5 6 2 2 5 4 0 3
split_gain=26783.9 2374.91 1982.72 391.821 311.762 285.135 229.803 185.135 132.22 126.211 116.415 98.7136 85.4251 62.2543 55.9869 55.6201 55.0026 52.9319 52.3089 46.252 42.0907 41.5734 38.5848 38.4387 36.2676 35.5059 32.0142 31.962 30.6347 37.8091
threshold=1955.8800000000003 314.04500000000002 6669.4150000000009 6.5000000000000009 15.500000000000002 7.5000000000000009 14765.125000000002 4013.4850000000006 33.500000000000007 913.61500000000012 34.500000000000007 3.5000000000000004 15.500000000000002 6.5000000000000009 5.5000000000000009 15673.650000000001 1.5000000000000002 2981.0000000000005 56324.710000000006 62.500000000000007 1.0000000180025095e-35 1.0000000180025095e-35 90.500000000000014 1379.1500000000003 13423.850000000002 7652.3150000000014 13.500000000000002 55.500000000000007 1.0000000180025095e-35 40.500000000000007
decision_type=2 2 2 2 2 2 2 2 2 2 2 2 2 2 2 2 2 2 2 2 2 2 2 2 2 2 2 2 2 2
left_child=1 5 7 8 6 14 20 12 15 27 -8 -7 21 -9 -1 23 17 18 -12 24 -4 -2 -20 28 -6 -11 -22 -5 29 -3
right_child=2 3 4 9 19 11 10 13 -10 25 16 -13 -14 -15 -16 -17 -18 -19 22 -21 26 -23 -24 -25 -26 -27 -28 -29 -30 -31
leaf_value=-0.024863885413621927 0.034609928678212179 0.02982117079494442 0.067061884042266831 -0.021726462626337841 -0.0085691335775511298 -0.048079206251018775 0.045597578446729868 0.045124878679456401 0.038107386868315017 -0.012604193216643904 0.077704590984212937 -0.038930094178063118 0.0071520430322723275 0.028216805492023784 0.0034093250347306467 0.042125361537605488 0.070152277256112047 0.020954554371535854 0.064532039114802597 -0.024399536825502641 0.019172134939218804 0.021042788706011048 0.096319567383272298 0.011975121234107747 0.038765901289507312 0.0028086029359463693 0.055643918902986603 -0.033752603743381585 -0.0082177044015084421 -0.00069006022967927879
leaf_weight=871.96790055930614 884.84670036658645 126.700438760221 1066.6174829900265 1984.7742999494076 43.070811007171869 11511.816418744624 311.53411331027746 1635.538297072053 281.0300609767437 1301.9151905700564 2084.2011820524931 4051.6574423126876 807.81285222619772 838.15310107916594 218.40686816722155 80.961508098989725 1723.8159626796842 36.978883072733879 127.12520930916071 33.124678552150726 64.638153921812773 1608.5625418834388 860.90963499248028 545.02454946562648 533.0406468398869 522.86092335358262 2161.7719539925456 780.16567400842905 1101.3615131676197 480.63928404077888
leaf_count=19269 11070 2174 7857 42641 505 298659 2610 16106 4045 24849 11923 99384 12512 9954 4303 1249 10521 188 728 450 765 22283 4232 8445 5019 8787 17191 17322 20583 8510
internal_value=-0.000803094 -0.033595 0.0519811 -0.00960918 0.0665919 -0.0439703 0.0690887 0.0290772 0.00583289 -0.0184085 0.0757279 -0.0457027 0.0213053 0.0394234 -0.0192048 0.00191866 0.0776504 0.0817597 0.0824775 0.0318994 0.0586769 0.0258813 0.0923683 0.000438233 0.0352097 -0.00818966 0.0546032 -0.0251417 -0.00325139 0.00575204
internal_weight=38681 23859.3 14821.7 7205.43 9046.83 16653.8 8437.59 5774.91 2615.72 4589.72 5144.56 15563.5 3301.22 2473.69 1090.37 2334.69 4833.03 3109.21 3072.24 609.236 3293.03 2493.41 988.035 2253.73 576.111 1824.78 2226.41 2764.94 1708.7 607.34
internal_count=694134 560220 133914 138605 61989 421615 56015 71925 45006 93599 30202 398043 45865 26060 23572 40961 27592 17071 16883 5974 25813 33353 4960 39712 5524 33636 17956 59963 31267 10684
is_linear=0
shrinkage=0.05


Tree=10
num_leaves=31
num_cat=0
split_feature=6 6 6 4 8 6 6 4 4 5 8 6 8 5 4 5 6 5 2 4 6 2 8 1 5 1 5 4 5 5
split_gain=24272 2283.25 1684.79 367.798 325.428 279.252 196.114 149.882 111.216 88.5187 87.6574 72.3969 57.9396 57.1188 50.1784 44.0318 47.0943 47.9022 41.8223 41.1361 39.529 37.0584 39.4041 35.3595 28.9242 26.4898 37.6947 26.1959 25.7377 25.7145
threshold=1508.5450000000003 6669.4150000000009 220.04000000000005 9.5000000000000018 4.5000000000000009 3393.6150000000002 14765.125000000002 16.500000000000004 4.5000000000000009 52.500000000000007 4.5000000000000009 681.3900000000001 2.5000000000000004 16.500000000000004 380.50000000000006 2981.0000000000005 47875.92500000001 109.50000000000001 3291.5600000000004 2.5000000000000004 771.02500000000009 10241.440000000001 2.5000000000000004 24.500000000000004 34.500000000000007 95.500000000000014 27.500000000000004 64.500000000000014 2.5000000000000004 45.500000000000007
decision_type=2 2 2 2 2 2 2 2 2 2 2 2 2 2 2 2 2 2 2 2 2 2 2 2 2 2 2 2 2 2
left_child=2 5 7 13 12 8 -6 19 29 25 21 -5 -3 20 -9 16 -11 -18 -10 28 -4 22 -7 -15 -25 26 -8 -20 -1 -2
right_child=1 4 3 11 6 10 9 14 18 15 -12 -13 -14 23 -16 -17 17 -19 27 -21 -22 -23 -24 24 -26 -27 -28 -29 -30 -31
leaf_value=-0.026582154598522052 0.020412488081971381 0.040638960291612458 -0.010489266484670131 -0.02959624361667006 0.054423475329806154 0.022291170598997406 0.032957615587755527 -0.042628070520705913 -0.018697130731691474 0.069326200583490358 0.039782810573358057 -0.016308080465135766 0.011783591104008959 0.039233329994289398 -0.048878946945343824 0.018921858266332359 0.064089830538237871 0.08518561805118538 0.0097372562956248507 -0.034417452191788843 0.0034014749211169928 0.028935146711795059 -0.010908087027131566 -0.00031316005210095863 0.024576235452829227 0.038760901895144341 0.066831000037002916 -0.015243689729604496 -0.0014457046697116053 0.035845327703049316
leaf_weight=220.49431119114161 1279.3873642496765 769.56878365948796 1283.9308056905866 2573.4607658162713 3137.7360651418567 234.73148341104388 108.76133147627115 5728.9634384550154 153.76781693100929 2811.4388989433646 2216.5715826526284 1719.1618717834353 227.27486032620072 98.126169987022877 7889.8762698285282 38.923908114433289 385.97838158905506 1284.916605874896 1776.0886083543301 867.70083696767688 849.86044023558497 782.33225181698799 142.03417108952999 400.23724124208093 162.75817445293069 217.25377628952265 436.56567872315645 109.77319542318583 188.232934307307 347.56986715644598
leaf_count=4960 17458 7063 25853 59716 22959 2856 890 151521 2827 15908 22220 34196 2688 1545 214314 197 2086 6219 27859 21187 15021 8939 1979 6766 2383 1370 2752 1899 3866 4236
internal_value=-0.000792084 0.0451172 -0.0351698 -0.0150972 0.0612184 0.0235718 0.0644199 -0.0447175 0.0140065 0.0703333 0.033947 -0.0242845 0.0340969 -0.000979449 -0.0462561 0.0730252 0.0734863 0.0803949 0.00621928 -0.0282552 -0.00495877 0.0227377 0.00978411 0.0118401 0.00694372 0.0542241 0.0602203 0.00826854 -0.0150694 0.0237494
internal_weight=38443.5 16460.7 21982.8 7087.54 9418.42 7042.26 8421.57 14895.3 3666.59 5283.84 3375.67 4292.62 996.844 2794.91 13618.8 4521.26 4482.33 1670.89 2039.63 1276.43 2133.79 1159.1 376.766 661.122 562.995 762.581 545.327 1885.86 408.727 1626.96
internal_count=693733 152405 541328 145480 62132 90273 52381 395848 54279 29422 35994 93912 9751 51568 365835 24410 24213 8305 32585 30013 40874 13774 4835 10694 9149 5012 3642 29758 8826 21694
is_linear=0
shrinkage=0.05


Tree=11
num_leaves=31
num_cat=0
split_feature=6 6 6 4 6 8 4 6 6 4 3 4 4 4 2 2 4 4 8 3 4 0 2 2 6 2 3 3 8 2
split_gain=21891.8 1980.61 1665.74 347.594 300.039 221.458 167.47 142.222 91.3706 81.5318 67.021 60.1936 52.7136 48.7645 47.9039 40.8607 38.7215 38.4239 37.8898 37.0006 31.8644 30.9297 28.9572 28.6371 24.7748 24.7146 26.8663 22.5465 22.1634 22.0155
threshold=1508.5450000000003 6915.7850000000008 220.04000000000005 5.5000000000000009 3492.9750000000004 4.5000000000000009 16.500000000000004 21369.865000000002 787.13000000000011 4.5000000000000009 776.50000000000011 4.5000000000000009 62.500000000000007 516.50000000000011 16281.775000000003 5861.3050000000012 64.500000000000014 1.0000000180025095e-35 4.5000000000000009 20.500000000000004 2.5000000000000004 1.0000000180025095e-35 8550.9500000000025 1950.1700000000003 2493.0450000000005 177921.78000000003 3146.0000000000005 177.50000000000003 2.5000000000000004 17649.240000000002
decision_type=2 2 2 2 2 2 2 2 2 2 2 2 2 2 2 2 2 2 2 2 2 2 2 2 2 2 2 2 2 2
left_child=2 4 6 14 9 12 20 17 16 21 27 -6 -3 -8 18 -11 -5 -7 19 28 -1 -2 -13 -20 -17 26 -12 -9 -4 -19
right_child=1 5 3 8 11 7 13 10 -10 15 25 22 -14 -15 -16 24 -18 29 23 -21 -22 -23 -24 -25 -26 -27 -28 -29 -30 -31
leaf_value=-0.01500518760256659 0.027715213773074274 0.036020398797644342 0.045537897372464053 -0.023425957567456565 0.038470063791570648 0.059622098270066759 -0.042619984353019891 0.046017552830105307 -0.012250327697096887 -0.0042920347100890936 0.070814843689131921 0.0099392177491114744 -0.028644430613582579 -0.048848790556759024 0.05276302839769012 0.0046144788934884282 -0.036076206812751345 0.038652316655771651 0.027689581388160862 -0.005362783107693999 -0.032207831380676163 0.014266625345373721 0.028337208877891502 0.0042790619193968579 0.017649786085977906 0.082417503624767935 0.036060811005359426 0.062242467479307777 0.0044675517083058646 0.051438237273530467
leaf_weight=403.04859369620681 818.08541319146752 931.92339669167995 55.773489437997341 2394.1584676578641 2009.0722694993019 1546.3483528718352 6123.9053889289498 271.6997252330184 1671.5785494633019 660.03941940143704 1064.5636159852147 260.26666076481342 31.203163880854845 6925.0311708636582 44.517377719283104 786.86934866011143 823.18969299644232 426.87171569466591 195.76003708317876 1332.6431648656726 844.81833247467875 911.94020624831319 1276.7550061903894 387.57322467118502 680.24953976273537 606.31348051130772 65.46076987683773 2073.7185021936893 77.279443718492985 2530.9732650220394
leaf_count=8817 10182 8720 1001 55232 18854 9707 169071 1679 32675 11652 5277 3379 427 196801 686 12500 19953 3323 3076 24909 21280 12317 13945 6273 9483 2833 320 11062 1482 17073
internal_value=-0.000711772 0.0416755 -0.0344807 -0.0144576 0.0222567 0.0567227 -0.0442565 0.0592777 -0.0217554 0.0125954 0.0660886 0.0327526 0.0338704 -0.0459326 0.00258881 0.00603069 -0.026683 0.053079 0.00144833 -0.00284278 -0.0266845 0.0206508 0.0252388 0.0122031 0.0106743 0.0736893 0.0688689 0.0604037 0.022103 0.0496204
internal_weight=38231.6 16952.4 21279.3 6982.47 7403.28 9549.08 14296.8 8585.95 4888.93 3857.18 4081.76 3546.09 963.127 13048.9 2093.55 2127.16 3217.35 4504.19 2049.03 1465.7 1247.87 1730.03 1537.02 583.333 1467.12 1736.34 1130.02 2345.42 133.053 2957.84
internal_count=693989 152733 541256 145287 92312 60421 395969 51274 107860 56134 21171 36178 9147 365872 37427 33635 75185 30103 36741 27392 30097 22499 17324 9349 21983 8430 5597 12741 2483 20396
is_linear=0
shrinkage=0.05


Tree=12
num_leaves=31
num_cat=0
split_feature=6 6 6 8 4 6 4 6 6 8 4 5 4 5 5 1 2 5 2 5 4 1 4 4 1 1 4 6 2 4
split_gain=19708.9 1743.05 1526.89 331.73 293.446 237.575 154.908 149.554 91.7033 72.0905 64.0215 62.0623 56.5361 55.8905 40.9503 40.4052 39.8881 35.7328 36.3306 43.3024 31.6093 30.3549 29.7726 28.9104 37.0513 26.5953 26.3177 30.2384 25.4415 25.2988
threshold=1408.2250000000001 4791.7700000000013 220.04000000000005 4.5000000000000009 5.5000000000000009 14765.125000000002 16.500000000000004 2493.0450000000005 667.55000000000007 2.5000000000000004 7.5000000000000009 4.5000000000000009 336.50000000000006 42.500000000000007 28.500000000000004 22.500000000000004 9337.0800000000017 2981.0000000000005 136133.35500000001 167.50000000000003 52.500000000000007 103.50000000000001 1.5000000000000002 22.500000000000004 30.500000000000004 37.500000000000007 2.5000000000000004 10845.810000000003 10575.630000000001 60.500000000000007
decision_type=2 2 2 2 2 2 2 2 2 2 2 2 2 2 2 2 2 2 2 2 2 2 2 2 2 2 2 2 2 2
left_child=2 7 6 9 14 26 22 10 20 -3 25 -9 -8 21 15 -4 -17 18 -15 -20 -6 -7 -1 24 28 -2 -5 -28 -13 -12
right_child=1 3 4 5 8 13 12 11 -10 -11 29 23 -14 17 -16 16 -18 -19 19 -21 -22 -23 -24 -25 -26 -27 27 -29 -30 -31
leaf_value=-0.012797277456962906 0.024908399580475537 0.033408054351090406 0.010499149171954221 0.046860164548353157 -0.023366860792586531 0.047534168681747591 -0.041330301553517385 -0.025477038182144737 -0.013015059970762539 0.0082248175870281298 0.00041619782060717139 0.03644170794907383 -0.04828785725328133 0.058245349032128781 0.023020744281661554 -0.0090696714423923516 0.019434420123484994 0.013548097288783241 0.058696222166315551 0.076954909801527735 -0.034813665998680708 0.011338587416195742 -0.031162619493890389 0.011472743076713128 0.023417522181557342 0.0094153601699672514 0.035084425615774927 0.049935280846848035 0.08257673849842892 -0.023380798336568726
leaf_weight=295.16098958998919 384.32349794730544 1191.1031316369772 545.06061627715826 2745.9197058752179 1786.1345508471131 421.65312117338181 5023.8809802159667 64.341991066932678 1914.5992779321969 375.11561210080981 1055.1621180064976 254.22511726990342 7473.2838695198298 3724.5819104462862 199.06165750324726 1082.7851684205234 136.50019226595759 41.371768772602081 693.14337722957134 712.99469427764416 934.19866208359599 68.814680606126785 923.05435238406062 435.36476847156882 2516.3666160292923 996.72990916669369 1384.6941298246384 477.87272796034813 33.995611146092415 122.8974645845592
leaf_count=6507 5637 10909 10084 19141 42485 2727 143575 1089 39080 4419 18032 3199 222057 19611 2886 20218 2241 202 3401 3215 23433 425 23614 5952 28658 13916 11500 3187 404 2287
internal_value=-0.000723435 0.0378423 -0.0343287 0.0488841 -0.0145591 0.052155 -0.0438361 0.0155415 -0.0214194 0.0273948 0.00646043 0.0225664 -0.045498 0.0590353 0.00164103 -0.000794467 -0.00585201 0.0605842 0.0609581 0.0680506 -0.0273205 0.0425224 -0.0267412 0.0235356 0.0253987 0.0137566 0.0436791 0.0389441 0.0424149 -0.00210177
internal_weight=38014.4 17700.7 20313.7 11837.3 6598.34 10271 13715.4 5863.41 4634.93 1566.22 2559.11 3304.29 12497.2 5662.56 1963.41 1764.35 1219.29 5172.09 5130.72 1406.14 2720.33 490.468 1218.22 3239.95 2804.59 1381.05 4608.49 1862.57 288.221 1178.06
internal_count=694091 157911 536180 78737 140427 63409 395753 79174 104998 15328 39872 39302 365632 29581 35429 32543 22459 26429 26227 6616 65918 3152 30121 38213 32261 19553 33828 14687 3603 20319
is_linear=0
shrinkage=0.05


Tree=13
num_leaves=31
num_cat=0
split_feature=5 2 5 5 8 2 4 4 2 5 2 1 1 4 4 4 1 1 3 2 1 5 1 5 4 1 1 1 2 4
split_gain=17417.3 2001.81 1282.58 354.006 299.33 193.071 122.58 118.953 115.561 109.304 96.2895 92.1694 84.2271 76.6174 58.6515 58.0537 56.7342 53.2371 49.1278 48.6442 48.1745 43.4414 45.8314 41.1119 40.2738 38.1115 36.9729 33.8931 33.7456 33.4901
threshold=9.5000000000000018 13423.850000000002 2.5000000000000004 72.500000000000014 4.5000000000000009 5057.9050000000007 83.500000000000014 9.5000000000000018 5574.8050000000012 21.500000000000004 55344.990000000013 96.500000000000014 47.500000000000007 1.0000000180025095e-35 2.5000000000000004 13.500000000000002 81.500000000000014 9.5000000000000018 648.50000000000011 6681.2600000000011 38.500000000000007 37.500000000000007 158.50000000000003 37.500000000000007 5.5000000000000009 8.5000000000000018 40.500000000000007 52.500000000000007 21004.765000000003 623.50000000000011
decision_type=2 2 2 2 2 2 2 2 2 2 2 2 2 2 2 2 2 2 2 2 2 2 2 2 2 2 2 2 2 2
left_child=2 4 6 9 8 7 24 17 25 16 15 18 -10 27 -7 -5 -3 -4 28 26 -21 -13 -23 -22 -1 -2 -15 -6 -11 -8
right_child=1 3 5 10 13 14 29 -9 12 11 -12 21 -14 19 -16 -17 -18 -19 -20 20 23 22 -24 -25 -26 -27 -28 -29 -30 -31
leaf_value=-0.02013841615197666 0.041043969107305948 0.030194081588888227 0.016267484637159445 0.048148889329174244 0.043694313959452433 0.021133109354919244 -0.04272236374685881 -0.027274683901632426 0.023238793987122048 0.037135705532110617 0.060091377646535729 0.020512729477409956 0.00034003957681053823 0.019726194329909991 -0.0049623349613983183 0.0023050204896124644 0.006307763864550512 -0.012978114292383269 0.085182709367437826 0.049054359381480173 0.0112082216691246 0.039892583398615324 0.015267414518725264 0.028577842595385334 -0.03681485226074438 -0.011091068057399461 0.0012572347763057281 0.025074371915718732 0.049020012623661492 -0.048652628396954202
leaf_weight=444.62374101951718 33.981655787676573 1007.8976566530764 177.09511650726199 2481.626482218504 415.80355493351817 251.80319832265377 4282.8798704147339 2704.2206683605909 650.83470565080643 930.42962913587689 3150.424574136734 557.00449762865901 1043.5563039779663 450.11857759580016 1418.3173977248371 71.244266949594021 331.41268670558929 1196.1313527114689 79.584217876195908 151.14349607378244 730.85672601312399 1483.9523264020681 220.32926362380385 643.29907029494643 2166.3479405529797 1474.1079379878938 677.10445492714643 623.64524235576391 1904.3950515650213 6011.4569365605712
leaf_count=10387 580 10481 3491 14901 4588 3788 128827 67439 8590 7847 14869 5096 15540 7054 26456 562 4003 24848 554 1472 9210 10152 1617 6312 60802 28435 10469 6285 12810 186896
internal_value=-0.000612157 0.0329308 -0.034982 0.0450848 0.0113849 -0.0153284 -0.0437312 -0.021191 0.000197173 0.0370973 0.0541929 0.0403977 0.00915274 0.0210839 -0.00100737 0.0468723 0.0243016 -0.00918835 0.0462992 0.0165529 0.0223713 0.0327575 0.0367307 0.0193694 -0.0339926 -0.00986351 0.00865407 0.0325924 0.0451483 -0.0461942
internal_weight=37765.6 19112.8 18652.9 12218.3 6894.45 5747.57 12905.3 4077.45 3202.48 6515.01 5703.3 5175.69 1694.39 3691.97 1670.12 2552.87 1339.31 1373.23 2914.41 2652.52 1525.3 2261.29 1704.28 1374.16 2610.97 1508.09 1127.22 1039.45 2834.82 10294.3
internal_count=694361 181427 512934 82892 98535 126022 386912 95778 53145 52560 30332 38076 24130 45390 30244 15463 14484 28339 21211 34517 16994 16865 11769 15522 71189 29015 17523 10873 20657 315723
is_linear=0
shrinkage=0.05


Tree=14
num_leaves=31
num_cat=0
split_feature=6 6 5 6 5 8 6 6 6 0 5 0 1 8 3 6 5 1 5 1 5 8 0 1 8 3 1 1 0 1
split_gain=16484.8 1525.29 1219.76 256.374 177.14 138.135 122.189 116.384 94.3117 59.5951 55.9745 46.7734 51.4419 43.6599 40.6977 45.3686 36.2287 34.4553 33.9157 30.2519 29.4121 27.8253 26.6662 25.3032 24.0326 23.492 23.4912 24.0898 23.1073 26.1787
threshold=1206.0400000000002 6669.4150000000009 2.5000000000000004 2978.5900000000006 26.500000000000004 4.5000000000000009 162.63500000000002 14765.125000000002 437.13000000000005 1.5000000000000002 7.5000000000000009 2.5000000000000004 9.5000000000000018 2.5000000000000004 776.50000000000011 47875.92500000001 4.5000000000000009 18.500000000000004 45.500000000000007 16.500000000000004 5.5000000000000009 3.5000000000000004 1.5000000000000002 90.500000000000014 4.5000000000000009 82.500000000000014 227.50000000000003 151.50000000000003 4.5000000000000009 30.500000000000004
decision_type=2 2 2 2 2 2 2 2 2 2 2 2 2 2 2 2 2 2 2 2 2 2 2 2 2 2 2 2 2 2
left_child=2 3 6 9 20 8 13 26 11 17 -5 12 -4 -1 24 -16 -11 -2 -19 -7 -3 -8 25 -22 -9 -12 27 -6 29 -10
right_child=1 4 5 10 7 19 21 14 28 16 22 -13 -14 -15 15 -17 -18 18 -20 -21 23 -23 -24 -25 -26 -27 -28 -29 -30 -31
leaf_value=-0.048440976548739995 0.041622905983750749 -0.019765917422287543 0.020969056798718983 -0.0036473571237216756 0.040611161965405429 0.036904416233803972 -0.020507181055932789 0.030297325892759294 0.00065490693836991196 -0.02067579524036511 0.047496420542051512 -0.030716714096792958 -0.020292736324704474 -0.042066495244637188 0.049511489805541375 0.064146118111118297 0.0036441503395110916 0.0091355061915061285 0.02849451595888472 0.002075824299030271 0.028821977026124424 -0.036374193769811394 0.02146019643415456 0.00078795198779874466 0.048616146753889956 0.027941291090769611 0.069538130309776111 0.028923238725165164 -0.017214024420513823 -0.013114321398966879
leaf_weight=5328.404106516391 105.1620003990829 34.478125501424074 81.484903674572706 169.06558020785451 2880.6571154370904 68.198744725435972 616.58114555478096 201.47593718022108 529.56388067081571 162.61182973906398 169.50794848799706 1669.7537480853498 828.42616776749492 5836.0107086002827 1200.9007618427277 1043.06782348454 2196.5289335213602 1391.4727779254317 269.24605785682797 560.17269417643547 902.74239331111312 517.74064457044005 2022.0933134704828 88.476012825965881 3590.2671953141689 2024.7419127784669 64.517790131270885 549.36315108835697 1416.4341058805585 988.55439437180758
leaf_count=173326 1419 489 1697 2433 19095 1124 16029 1456 10568 3175 1680 44562 19946 181443 5904 4561 35653 19803 3085 9827 7780 14338 21336 726 18354 18700 383 3413 31860 20054
internal_value=-0.000734545 0.0318635 -0.0344373 0.0161079 0.0445606 -0.0162344 -0.0435246 0.0466881 -0.0187649 0.00715475 0.0245223 -0.0257399 -0.0165598 -0.045117 0.0509136 0.0563652 0.00195172 0.0140957 0.0123046 0.00596095 0.0247415 -0.0278007 0.025653 0.0263263 0.0476593 0.0294938 0.0393649 0.0387571 -0.01262 -0.00831667
internal_weight=37507.7 19066.4 18441.3 8510.43 10555.9 6142.59 12298.7 9530.25 5514.22 4125.02 4385.41 2579.66 909.911 11164.4 6035.71 2243.97 2359.14 1765.88 1660.72 628.371 1025.7 1134.32 4216.34 991.218 3791.74 2194.25 3494.54 3430.02 2934.55 1518.12
internal_count=694219 169445 524774 107284 62161 139638 385136 53166 128687 63135 44149 66205 21643 354769 30275 10465 38828 24307 22888 10951 8995 30367 41716 8506 19810 20380 22891 22508 62482 30622
is_linear=0
shrinkage=0.05


Tree=15
num_leaves=31
num_cat=0
split_feature=6 6 6 8 6 6 6 5 5 8 3 5 0 6 8 1 1 1 8 8 8 5 5 8 5 3 1 1 0 1
split_gain=14965.6 1424.34 1110.14 258.993 177.774 137.412 111.528 70.0673 64.6226 58.3561 51.0863 47.398 44.9907 43.8571 40.1498 38.9061 36.055 30.6177 30.3355 30.294 28.8064 24.6406 30.2579 22.4544 21.8727 21.801 21.1879 20.4768 20.0206 20.382
threshold=1129.5400000000002 4390.2250000000013 131.29000000000005 4.5000000000000009 21369.865000000002 518.90500000000009 2493.0450000000005 1.5000000000000002 12.500000000000002 2.5000000000000004 776.50000000000011 4.5000000000000009 2.5000000000000004 10349.92 4.5000000000000009 20.500000000000004 18.500000000000004 51.500000000000007 2.5000000000000004 4.5000000000000009 2.5000000000000004 258.50000000000006 44.500000000000007 3.5000000000000004 38.500000000000007 189.50000000000003 23.500000000000004 61.500000000000007 4.5000000000000009 42.500000000000007
decision_type=2 2 2 2 2 2 2 2 2 2 2 2 2 2 2 2 2 2 2 2 2 2 2 2 2 2 2 2 2 2
left_child=2 6 7 9 13 8 14 18 12 -3 21 -8 15 27 23 20 -16 25 -1 28 -4 22 -6 -2 -10 -13 -21 -5 29 -7
right_child=1 3 5 4 10 19 11 -9 24 -11 -12 17 -14 -15 16 -17 -18 -19 -20 26 -22 -23 -24 -25 -26 -27 -28 -29 -30 -31
leaf_value=-0.04816960560409661 0.0017352245932688076 0.026232291420336191 0.021189200517850254 0.039748297034790755 0.030837870716682911 -0.0017995198079930144 -0.027867128116993031 -0.032707460534875353 -0.0022791775348538911 0.0052731744609593933 0.055686289386095038 0.022327230059241157 -0.029852156778202667 0.040813517184583134 0.055904979997341266 -0.024241280619069966 0.0097356665705775544 0.014268150851057509 -0.042436923620548711 0.026930095254568243 -0.011878349430126365 0.028911748349422631 0.048411622538303084 -0.015868116915663529 0.057248830588851052 0.045235503908119756 -0.0025417568680854317 0.030615643500590074 -0.016490177545722375 -0.014780467577543489
leaf_weight=5069.3699326906353 2111.9326646402478 1386.2184490226209 82.617855397984385 822.18194506317377 294.08270923048258 700.14589095115662 55.377269446849823 1246.0625009834766 199.38554971292615 438.08726799860597 1882.1949229836464 929.98422512039542 2399.5763802118599 3155.7966153770685 41.969377711415291 756.73490313626826 1192.0635519586504 1865.647365745157 4675.5420585609972 71.889672704041004 295.89059197902679 238.95873174071312 2051.1832999289036 196.13476200029254 14.715218048542736 117.89716343209147 347.65439662709832 2849.308703482151 1209.1072772592306 531.15501714870334
leaf_count=172636 35261 12064 1734 6387 1743 14283 992 36538 3966 4969 8359 11430 65884 17722 570 18736 16925 20719 153217 1165 7175 1103 9884 3771 230 1386 6102 20801 27732 10828
internal_value=-0.00077824 0.0292384 -0.0342551 0.0387264 0.0415515 -0.0180531 0.0101164 -0.0439924 -0.0243493 0.0212105 0.0493281 0.0172611 -0.0259641 0.0364511 0.00412156 -0.0177079 0.0113938 0.0181374 -0.0454284 -0.00978844 -0.00458719 0.0446578 0.0462361 0.000226886 0.00230417 0.0249859 0.00261211 0.0326813 -0.0119207 -0.00741409
internal_weight=37228.9 19629 17599.8 13118 11293.7 6608.87 6511.01 10991 3748.92 1824.31 4466.42 2968.91 3534.82 6827.29 3542.1 1135.24 1234.03 2913.53 9744.91 2859.95 378.508 2584.22 2345.27 2308.07 214.101 1047.88 419.544 3671.49 2440.41 1231.3
internal_count=694312 174086 520226 83032 65999 157835 91054 362391 97725 17033 21089 34527 93529 44910 56527 27645 17495 33535 325853 60110 8909 12730 11627 39032 4196 12816 7267 27188 52843 25111
is_linear=0
shrinkage=0.05


Tree=16
num_leaves=31
num_cat=0
split_feature=6 6 6 8 6 6 6 8 5 5 5 0 5 0 6 0 2 3 5 5 8 5 3 2 0 5 3 5 6 3
split_gain=13841.3 1239.53 1094.34 189.632 140.756 137.282 119.91 65.3025 56.2027 52.1239 46.6276 43.4019 42.5968 40.6565 33.4166 31.9022 49.5994 31.367 31.1636 30.7853 29.607 25.1104 29.6034 28.5577 24.5203 23.896 23.6315 23.4335 23.3146 23.031
threshold=1129.5400000000002 4924.6250000000009 131.29000000000005 4.5000000000000009 2493.0450000000005 13942.755000000003 437.13000000000005 1.5000000000000002 6.5000000000000009 12.500000000000002 45.500000000000007 2.5000000000000004 4.5000000000000009 1.5000000000000002 56324.710000000006 2.5000000000000004 409.91000000000003 311.50000000000006 80.500000000000014 1.5000000000000002 2.5000000000000004 33.500000000000007 37.500000000000007 5574.8050000000012 1.0000000180025095e-35 7.5000000000000009 28.500000000000004 50.500000000000007 708.94500000000005 91.500000000000014
decision_type=2 2 2 2 2 2 2 2 2 2 2 2 2 2 2 2 2 2 2 2 2 2 2 2 2 2 2 2 2 2
left_child=2 4 7 8 13 -5 9 -1 -3 15 -7 26 -6 21 -12 16 -4 -16 -19 -9 -10 22 -2 -24 29 -15 -8 -28 -13 -14
right_child=1 3 6 5 12 10 11 19 20 -11 14 28 24 25 17 -17 -18 18 -20 -21 -22 -23 23 -25 -26 -27 27 -29 -30 -31
leaf_value=-0.047985542012816268 0.034076946563811987 -0.01996397257091161 0.025985015308231565 0.032795877169105529 -0.022686057878294221 0.031656435380202581 0.016246816071268693 -0.041917934998275147 0.026558951699839295 0.003941311599311435 0.043045805631245319 -0.021279081833433244 0.042999722960952065 -0.010683396506909856 0.032287609408298772 -0.029701285872906942 -0.021399985882627821 0.02809478862669141 0.056265768816890396 -0.032679854055227234 0.0092647987560112634 0.023117703885186691 -0.0067883186405528111 0.01038939763311761 0.015695297857057606 0.0022744192887658469 -0.0075718562481106554 0.031902295321527295 -0.010378348556478425 0.021794130329768416
leaf_weight=4864.4344797488302 90.702409416437149 78.252760995179415 57.245733877643943 4711.7020130082965 61.996645383536816 694.16652113199234 124.6384359523654 4493.0040583200753 1235.9679894447327 150.7828700914979 4032.0809389650822 990.63213092833757 147.31493264809251 453.97699302434921 196.33223456144333 2019.2165865022689 882.86899264529347 112.36850708723068 1367.8497577160597 1185.4426624532789 312.88945537805557 301.43065310642123 362.88190162554383 717.45286946743727 2447.9632525369525 1617.5096109136939 1250.6045611612499 36.81590935960412 984.38821007683873 1046.5458307303488
leaf_count=173226 1258 1101 1282 31494 1116 4011 2258 153221 10250 2956 19574 24147 1536 8599 927 57852 22439 552 5817 35825 3306 3595 5671 10391 27926 26847 24934 483 21444 10356
internal_value=-0.000639948 0.027583 -0.0337471 0.0369727 0.0110703 0.0393083 -0.0175984 -0.0436937 0.0209896 -0.0246865 0.044089 -0.0110792 0.0178837 0.00394349 0.0455891 -0.0261468 -0.0184656 0.0516472 0.054168 -0.0400016 0.0230818 0.0102894 0.00695354 0.00461756 0.0185864 -0.000572919 -0.00437659 -0.0063953 -0.0158619 0.0244783
internal_weight=37029.5 19989.4 17040.1 12741.6 7247.78 11114.5 6497.19 10542.9 1627.11 3110.11 6402.8 3387.08 3703.82 3543.95 5708.63 2959.33 940.115 1676.55 1480.22 5678.45 1548.86 1472.47 1171.04 1080.33 3641.82 2071.49 1412.06 1287.42 1975.02 1193.86
internal_count=694394 174327 520067 77032 97295 62375 157795 362272 14657 84529 30881 73266 40934 56361 26870 81573 23721 7296 6369 189046 13556 20915 17320 16062 39818 35446 27675 25417 45591 11892
is_linear=0
shrinkage=0.05


Tree=17
num_leaves=31
num_cat=0
split_feature=5 2 5 8 5 2 2 2 8 1 1 0 1 8 0 1 5 2 1 2 2 1 1 1 1 0 2 1 5 1
split_gain=12064.2 1398.74 841.331 276.755 217.525 163.032 89.695 83.3457 68.1154 76.6927 65.6407 56.3658 66.5798 48.4928 42.1003 39.8063 60.9674 43.8505 39.6682 42.8892 38.5629 37.1526 33.1075 32.2283 31.3863 31.3105 30.6781 30.5138 27.601 26.5599
threshold=7.5000000000000009 13423.850000000002 1.5000000000000002 4.5000000000000009 64.500000000000014 3931.7000000000003 5861.3050000000012 46167.575000000004 4.5000000000000009 89.500000000000014 39.500000000000007 2.5000000000000004 9.5000000000000018 2.5000000000000004 3.5000000000000004 40.500000000000007 41.500000000000007 9910.5500000000011 33.500000000000007 3024.5200000000004 4115.4500000000016 25.500000000000004 16.500000000000004 88.500000000000014 76.500000000000014 3.5000000000000004 7652.3150000000014 11.500000000000002 28.500000000000004 90.500000000000014
decision_type=2 2 2 2 2 2 2 2 2 2 2 2 2 2 2 2 2 2 2 2 2 2 2 2 2 2 2 2 2 2
left_child=2 3 13 6 8 11 18 14 23 -10 -8 12 -4 -1 -6 20 17 -17 19 27 22 25 -5 -3 -12 -7 -23 -2 -11 -19
right_child=1 4 5 15 7 21 10 -9 9 28 24 -13 -14 -15 -16 16 -18 29 -20 -21 -22 26 -24 -25 -26 -27 -28 -29 -30 -31
leaf_value=-0.04750251667820049 0.017671477310211747 0.022685764594218318 0.012161721449800884 0.040647086334153003 0.035188879374356899 0.025461974511603175 0.020319492591856395 0.044277501841621499 0.036500508119960938 0.008726614810826188 0.0043138372207613537 -0.028907392711418241 -0.020817848800301755 -0.040244709637846758 0.015940138130432137 0.0010662002420909027 0.021205287658732894 0.025284604076209589 -0.015336075335388666 0.011227391079518308 0.035048906752523507 -0.017599014991306623 0.0091311469149233295 0.0075732209653258317 -0.013066598912613116 -0.0033999369922955627 -0.0020363172592097784 -0.01383995769433421 0.02566428712222656 -0.0019950742493868882
leaf_weight=4642.7858722656965 86.961551677435637 1454.5717215612531 177.39967835135758 102.72675438225269 2334.8507263511419 139.58463771268725 558.10053227096796 4081.9850729033351 2390.6490160152316 276.63053120672703 1063.1990284584463 2847.9470235537738 1061.7605354078114 4855.1933606173843 328.92949848622084 1064.4606294818223 1392.1852020695806 384.47010152414441 1136.4026942197233 390.9732627607882 496.73162752017379 725.00636281818151 417.67003671824932 469.05100953951478 341.52104431018233 278.25203980877995 562.07078732736409 571.27353052049875 1987.632689524442 115.64597573131323
leaf_count=172894 1664 14291 3825 1464 13107 2403 6989 18429 15930 2656 15317 81418 26867 169087 2162 15334 13128 3939 23325 6746 4875 17335 6440 4912 5364 5600 10881 12432 13135 1418
internal_value=-0.000710309 0.0234821 -0.0346426 0.00712502 0.0334506 -0.0196131 -0.00190852 0.0397665 0.026964 0.0302404 0.00584654 -0.0250294 -0.0160845 -0.0438017 0.0328257 0.0165515 0.0135997 0.00681364 -0.00887204 -0.00185495 0.025089 -0.00661488 0.0154842 0.0190125 7.56679e-05 0.00631718 -0.0108164 -0.00963596 0.0236045 0.0189937
internal_weight=36736.6 21446.6 15290 8122.32 13324.3 5792.02 4148.43 6745.77 6578.53 4654.91 1962.82 4087.11 1239.16 9497.98 2663.78 3973.89 2956.76 1564.58 2185.61 1049.21 1017.13 1704.91 520.397 1923.62 1404.72 417.837 1287.08 658.235 2264.26 500.116
internal_count=693367 203057 490310 118435 84622 148329 71837 33698 50924 31721 27670 112110 30692 341981 15269 46598 33819 20691 44167 20842 12779 36219 7904 19203 20681 8003 28216 14096 15791 5357
is_linear=0
shrinkage=0.05


Tree=18
num_leaves=31
num_cat=0
split_feature=5 2 5 8 5 2 2 5 1 2 1 2 8 8 3 3 8 0 0 2 0 1 0 2 2 1 5 5 1 1
split_gain=11062.6 1350.05 720.196 225.734 207.412 135.436 87.9789 84.0708 77.6072 68.7901 55.5287 65.6391 52.0367 48.2373 47.734 40.5465 39.2069 39.0512 36.9236 36.6181 33.1868 33.0382 44.774 37.4823 28.4378 27.1698 25.6421 25.6197 26.5586 22.7501
threshold=6.5000000000000009 13423.850000000002 1.5000000000000002 4.5000000000000009 86.500000000000014 5574.8050000000012 5177.7850000000008 20.500000000000004 46.500000000000007 91937.650000000009 107.50000000000001 24366.085000000003 2.5000000000000004 3.5000000000000004 22.500000000000004 372.50000000000006 2.5000000000000004 1.0000000180025095e-35 1.5000000000000002 9079.6700000000019 9.5000000000000018 22.500000000000004 2.5000000000000004 1244.0700000000002 15673.650000000001 81.500000000000014 16.500000000000004 37.500000000000007 152.50000000000003 31.500000000000004
decision_type=2 2 2 2 2 2 2 2 2 2 2 2 2 2 2 2 2 2 2 2 2 2 2 2 2 2 2 2 2 2
left_child=2 3 12 6 7 13 14 25 16 20 11 -9 -1 21 18 -11 -8 -5 -2 -19 -6 22 -4 -24 -7 -3 29 -12 -29 -16
right_child=1 4 5 17 9 24 8 10 -10 15 27 -13 -14 -15 26 -17 -18 19 -20 -21 -22 -23 23 -25 -26 -27 -28 28 -30 -31
leaf_value=-0.047478740195753016 0.051635607041538446 0.019086199059189853 -0.0030164141514467933 0.020990992971753254 0.035059657380653926 -0.0062920380835782084 0.022859970617683387 0.024482048064436813 -0.002646353210919705 0.021589161670275546 0.011039051702003271 0.037057439511619633 -0.039817046107369219 -0.032465932090237223 -0.0071662764733885168 0.048331511448863641 0.0030065448435495569 0.0063634419475017221 -0.0017624305395768849 0.019018557433509369 -0.0026702396016116715 -0.026259643214698827 -0.028704769120126823 -0.010607946931797766 0.017102983729888246 0.0029757628590754088 0.00036289459067321688 0.028068544361553524 0.014721246716448273 -0.018700405240057526
leaf_weight=4448.1515191365033 53.85312957316637 1181.9004367999732 494.56001909822226 1519.6598791703582 3251.4403427615762 716.18710488080978 656.99412812665105 1766.765984877944 1373.5089754462242 158.59786777198315 410.99986400827765 2585.4423906058073 4676.7524915523827 1149.7283917423338 849.73730168677866 1838.9558613449335 400.47523079439998 1628.8765224218369 76.709949938580394 881.54542068764567 59.067256256937981 1331.1212231423706 669.76338482648134 504.61152937822044 156.59772086143494 337.03346625342965 453.2245186381042 1537.4104816392064 501.83815277740359 866.65894183889031
leaf_count=173256 815 12013 11419 15627 16526 15405 8471 13221 21432 700 3563 15172 169197 34672 18298 7758 5886 22684 1714 8497 380 36540 20381 13104 2757 4099 8326 9201 3094 19726
internal_value=-0.000582921 0.0212856 -0.0351916 0.00597038 0.0311282 -0.0199739 -0.00143731 0.0261885 0.00519304 0.0388592 0.0285654 0.0319661 -0.0435615 -0.0237377 -0.0084431 0.046232 0.0153611 0.0146631 0.0207093 0.0108189 0.0343853 -0.0203734 -0.0156528 -0.0209601 -0.00206493 0.0155201 -0.0102149 0.0225039 0.0248016 -0.0130052
internal_weight=36538.2 22390.7 14147.5 8761.24 13629.5 5022.57 4731.16 8321.39 2430.98 5308.06 6802.46 4352.21 9124.9 4149.78 2300.18 1997.55 1057.47 4030.08 130.563 2510.42 3310.51 3000.06 1668.93 1174.37 872.785 1518.93 2169.62 2450.25 2039.25 1716.4
internal_count=693934 217203 476731 131476 85727 134278 84668 60363 35789 25364 44251 28393 342453 116116 48879 8458 14357 46808 2529 31181 16906 81444 44904 33485 18162 16112 46350 15858 12295 38024
is_linear=0
shrinkage=0.05


Tree=19
num_leaves=31
num_cat=0
split_feature=6 6 6 4 4 4 6 4 6 2 4 4 6 5 6 1 3 5 6 1 5 5 5 3 2 5 5 5 1 2
split_gain=10654.6 1008.03 889.06 233.844 178.843 111.719 94.6945 86.5106 76.7064 60.3241 56.5699 45.1382 36.4639 32.1894 30.4973 30.2729 26.3862 26.3627 27.2899 39.4615 24.7551 24.2366 23.2701 22.318 21.0427 20.8176 20.2031 20.0438 20.9454 21.9643
threshold=913.61500000000012 4390.2250000000013 119.84000000000002 13.500000000000002 2.5000000000000004 7.5000000000000009 14765.125000000002 7.5000000000000009 1955.8800000000003 20116.000000000004 1.5000000000000002 516.50000000000011 437.13000000000005 6.5000000000000009 2899.4400000000005 15.500000000000002 27.500000000000004 2981.0000000000005 56324.710000000006 157.50000000000003 50.500000000000007 426.50000000000006 12.500000000000002 94.500000000000014 5442.0850000000009 5.5000000000000009 161.50000000000003 101.50000000000001 140.50000000000003 27136.745000000006
decision_type=2 2 2 2 2 2 2 2 2 2 2 2 2 2 2 2 2 2 2 2 2 2 2 2 2 2 2 2 2 2
left_child=2 5 7 10 6 14 -3 -1 -7 13 15 -9 -5 -6 16 25 -2 18 -8 -20 -18 22 -11 -22 -10 -4 27 28 29 -16
right_child=1 4 3 12 9 8 17 11 24 21 -12 -13 -14 -15 26 -17 20 -19 19 -21 23 -23 -24 -25 -26 -27 -28 -29 -30 -31
leaf_value=-0.019464354496110149 0.033598122613147451 0.028519393678226576 0.0078025232416743685 -0.03020209046325209 -0.02288038158195934 -0.0075002868246518877 0.037042249105049177 -0.039762116065007819 -0.0051698098604319046 0.006093991303559634 -0.010561399665817803 -0.047075045606120122 -0.019297739963357454 0.016144066391887028 0.018459100232034745 0.00018386828713098729 0.0064343763107077602 0.0013179586661870514 0.03614133612569214 0.053491790629647679 0.058471777170506389 -0.004453928637557252 0.027486330484461832 0.016428759130001452 0.010342350607720553 0.040748065269751152 0.051613642432069708 -0.0076571051261028564 -0.006501220329227262 0.048224489222035823
leaf_weight=386.49266920238733 105.4596057869494 3749.3925802782178 104.66457460820675 2004.337919101119 52.959223333746195 1630.0663694962859 3245.0157895758748 3981.9999774843454 259.16319322958589 132.88983780145645 1551.7936094459146 4820.8891404699534 1268.8061090372503 1596.0159310624003 1256.6187068298459 543.03835973516107 2283.2843607291579 45.516732424497604 626.33511284738779 746.22345952689648 34.009703293442726 62.636094771325588 3785.5066109672189 291.0090456828475 1359.730917904526 88.385392762720585 42.312179587781429 76.30771741271019 78.256613612174988 64.183207236230373
leaf_count=11127 1505 23635 2199 63126 808 31807 15089 149737 4424 1467 37278 195933 32345 13311 12385 10460 32894 197 2719 3042 379 298 22693 3273 17682 1352 395 717 721 603
internal_value=-0.000478827 0.0219539 -0.0332099 -0.0174211 0.0298508 0.00712564 0.0344715 -0.0427587 0.000151453 0.0229367 -0.00515081 -0.0437768 -0.0259895 0.0148645 0.0124779 0.00625331 0.00929173 0.039243 0.0396161 0.0456384 0.00828398 0.0262711 0.0267643 0.0211588 0.00785575 0.0231494 0.0181554 0.0171273 0.0184881 0.0199762
internal_weight=36273.3 21522.9 14750.4 5561.03 14042.5 7480.4 8412.48 9189.38 3248.96 5630.01 2287.88 8802.89 3273.14 1648.98 4231.44 736.088 2713.76 4663.09 4617.57 1372.56 2608.3 3981.03 3918.4 325.019 1618.89 193.05 1517.68 1475.37 1399.06 1320.8
internal_count=693601 190044 503557 146760 83259 106785 44682 356797 53913 38577 51289 345670 95471 14119 52872 14011 38051 21047 20850 5761 36546 24458 24160 3652 22106 3551 14821 14426 13709 12988
is_linear=0
shrinkage=0.05


Tree=20
num_leaves=31
num_cat=0
split_feature=6 6 4 4 4 4 6 6 4 6 4 6 1 4 6 3 1 6 6 1 6 3 3 1 3 4 3 0 4 1
split_gain=9725.03 956.833 795.942 174.373 158.628 151.864 113.109 81.8752 74.8512 61.1874 51.9391 43.4068 36.9854 34.9429 27.6294 22.9121 21.5594 21.4994 21.2207 22.6039 20.4117 18.5008 18.2097 16.2101 17.2465 15.1695 14.9917 14.6915 14.63 13.5098
threshold=803.35000000000002 4924.6250000000009 54.500000000000007 2.5000000000000004 15.500000000000002 2.5000000000000004 227.02000000000001 13219.300000000001 304.50000000000006 2434.4100000000003 27.500000000000004 2376.7500000000005 83.500000000000014 1.5000000000000002 8374.5800000000017 71.500000000000014 19.500000000000004 358.02500000000003 56324.710000000006 157.50000000000003 168.04000000000005 60.500000000000007 587.50000000000011 21.500000000000004 384.50000000000006 11.500000000000002 245.50000000000003 1.0000000180025095e-35 84.500000000000014 158.50000000000003
decision_type=2 2 2 2 2 2 2 2 2 2 2 2 2 2 2 2 2 2 2 2 2 2 2 2 2 2 2 2 2 2
left_child=2 4 3 16 9 7 -5 -3 17 13 14 28 22 23 -7 -12 20 -4 -9 -20 -1 -16 27 -2 -25 -8 -13 -11 -6 -23
right_child=1 5 8 6 11 10 25 18 -10 12 15 26 -14 -15 21 -17 -18 -19 19 -21 -22 29 -24 24 -26 -27 -28 -29 -30 -31
leaf_value=-0.0041611723486364985 0.028143346796700566 0.026221883784850242 -0.038020352551888778 -0.032027175625224301 -0.0071485552264629647 0.017491703417577754 -0.0093402673869540757 0.034501988412766089 -0.045969710879971759 0.025522139348733892 -0.020660366061987127 0.0016459195701278375 0.0088497076127105265 0.0024048807916802676 0.00038816904768385567 0.010088706608981339 -0.005434733276491981 -0.02606819902501278 0.034621236094900087 0.047760814195168484 0.017504555199963606 0.027588569778186994 0.063153591538132006 0.0085817726838558449 0.030542298732887704 -0.017931815735620069 0.017456079443099844 0.016479328370350443 -0.023442155413204081 0.018643118774552728
leaf_weight=178.45226907357574 159.03000572323799 3121.8226986899972 2982.9976287651807 1664.4523430988193 1411.5878099426627 1504.523340523243 820.52150307036936 3666.9856097698212 5453.8017462491989 694.14155739545822 71.861573372036219 636.89262536540627 1131.4754318743944 2035.4615999907255 70.860382813960314 336.33212739229202 604.76559931412339 453.04134530387819 629.65289349108934 771.12051273882389 273.61176163330674 2829.3282837793231 22.705006085336208 852.39201997220516 98.467767618596554 1409.5000006910414 194.31448553875089 1341.3813997618854 151.35324542969465 517.89125599712133
leaf_count=4717 2064 19197 113002 57389 27814 11865 19744 17044 229684 6573 897 8446 10783 34275 584 3105 12462 12977 2711 3131 5006 16046 222 11656 1193 38978 2256 14577 3414 2504
internal_value=-0.000450817 0.0200198 -0.0333554 -0.0172792 0.00711323 0.0283504 -0.0221649 0.0326302 -0.0423033 0.0112558 0.0217657 -0.00384851 0.0161344 0.00630133 0.0231866 0.00460106 0.000732846 -0.0364605 0.036566 0.0419123 0.00897135 0.0256816 0.0201265 0.01343 0.0109153 -0.0147818 0.00537495 0.0195851 -0.00875435 0.0262165
internal_weight=36090.7 22249.6 13841.1 4951.3 8729.2 13520.4 3894.47 8189.58 8889.84 6335.05 5330.8 2394.15 3189.7 3145.35 4922.6 408.194 1056.83 3436.04 5067.76 1400.77 452.064 3418.08 2058.23 1109.89 950.86 2230.02 831.207 2035.52 1562.94 3347.22
internal_count=694316 200357 493959 138296 123273 77084 116111 42083 355663 81343 35001 41930 32155 49188 30999 4002 22185 125979 22886 5842 9723 19134 21372 14913 12849 58722 10702 21150 31228 18550
is_linear=0
shrinkage=0.05


Tree=21
num_leaves=31
num_cat=0
split_feature=5 2 5 4 8 4 2 2 2 4 2 4 3 4 5 2 5 8 4 3 3 3 2 3 5 3 2 3 5 8
split_gain=8765.62 1136.79 534.953 233.884 170.41 96.4265 94.8706 74.7047 73.4284 61.4751 59.2457 53.9104 47.3258 43.5792 42.5805 35.4509 33.7636 32.9829 30.2399 26.5929 30.4566 25.7042 26.2812 25.2443 23.6954 30.2804 30.672 22.9989 21.3871 20.0205
threshold=5.5000000000000009 10241.440000000001 1.5000000000000002 5.5000000000000009 4.5000000000000009 5.5000000000000009 30326.465000000004 5177.7850000000008 2896.6700000000005 300.50000000000006 24366.085000000003 9.5000000000000018 22.500000000000004 1.5000000000000002 89.500000000000014 16971.395000000004 177.50000000000003 3.5000000000000004 7.5000000000000009 230.50000000000003 261.50000000000006 372.50000000000006 177921.78000000003 397.50000000000006 46.500000000000007 57.500000000000007 3676.7850000000003 100.50000000000001 111.50000000000001 2.5000000000000004
decision_type=2 2 2 2 2 2 2 2 2 2 2 2 2 2 2 2 2 2 2 2 2 2 2 2 2 2 2 2 2 2
left_child=2 4 9 6 7 15 17 11 -7 18 -5 12 -2 24 23 -4 -12 -3 -1 -19 -21 -16 -23 -8 25 26 -6 -26 -24 -9
right_child=1 3 5 10 13 8 14 29 -10 -11 16 -13 -14 -15 21 -17 -18 19 -20 20 -22 22 28 -25 27 -27 -28 -29 -30 -31
leaf_value=-0.018617444453986033 0.028274800189489011 0.013522138958942005 -0.0062905462789260586 0.0091886410022407519 0.014550480861503798 -0.029671753951891613 0.032209215114815296 0.0065513156555460847 -0.014024121578404903 -0.045902348085043704 0.022094835095322968 -0.016619409969043788 -0.0055523347149469939 0.0049437567762586733 0.023584953528619407 0.061262001981894021 -0.0061913647272586279 0.030891667608970705 -0.038170994860750568 0.0067493238483301941 0.023870203403622999 0.034682098973078501 0.016962250545022772 0.022744131780937017 0.047611776009699902 0.0052280110942184077 0.060051306881467252 0.020043061480939477 0.047687259548847012 -0.0040846700584740558
leaf_weight=219.81798731535673 111.80587029643357 772.9870527125895 763.52180670946836 2247.889651030302 119.68175967410207 2125.4316681846976 1484.2711707353592 1233.2039458137006 1167.1129384972155 5199.0777543336153 2125.2776756361127 1468.5823024399579 1129.7494844403118 1679.2608100231737 401.94066478312016 17.936771031469107 110.18672018498182 1268.3215861916542 2661.688899917528 291.99454801529646 2500.2513255700469 2605.2795290648937 64.471897318959236 1400.1459642983973 87.387996923178434 574.81344567984343 52.923588298261166 561.42619305849075 734.04624922573566 687.70111393742263
leaf_count=6819 1829 7549 17375 23533 1519 70137 8148 18371 30811 229105 14361 36553 22141 23130 1788 251 546 8445 106345 1988 16566 11450 265 7313 769 6852 455 4847 2980 11742
internal_value=-0.000657632 0.0170382 -0.0351794 0.0246335 0.00126011 -0.0203912 0.0284041 -0.0047984 -0.024137 -0.0426283 0.0149332 -0.0101419 -0.00246552 0.0103801 0.032268 -0.00458759 0.0206963 0.023045 -0.0366933 0.0248503 0.0220859 0.0357641 0.0371876 0.0276336 0.0169021 0.0107875 0.0290298 0.0238912 0.0452551 0.00274325
internal_weight=35868.2 23713.6 12154.6 16007.1 7706.54 4074 11523.7 4631.04 3292.54 8080.58 4483.35 2710.14 1241.56 3075.49 6690.16 781.459 2235.46 4833.55 2881.51 4060.57 2792.25 3805.74 3403.8 2884.42 1396.23 747.419 172.605 648.814 798.518 1920.91
internal_count=693983 233140 460843 104932 128208 118574 66492 90636 100948 342269 38440 60523 23970 37572 31944 17626 14907 34548 113164 26999 18554 16483 14695 15461 14442 8826 1974 5616 3245 30113
is_linear=0
shrinkage=0.05


Tree=22
num_leaves=31
num_cat=0
split_feature=6 6 4 6 4 4 4 8 6 3 4 0 6 6 1 3 0 6 1 6 6 1 6 3 1 3 1 3 1 4
split_gain=8283.52 757.467 694.645 137.541 133.708 121.707 85.9265 67.2095 63.6239 42.0393 41.474 40.9499 38.5362 28.629 27.1278 25.3535 23.5377 22.5037 20.6417 19.1491 18.5893 24.3113 18.1626 17.6598 17.3635 22.181 17.0353 22.5445 16.6202 16.5119
threshold=754.6500000000002 4390.2250000000013 51.500000000000007 11387.460000000001 6.5000000000000009 13.500000000000002 462.50000000000006 4.5000000000000009 227.02000000000001 1041.5000000000002 15.500000000000002 1.0000000180025095e-35 1955.8800000000003 320.40500000000003 16.500000000000004 137.50000000000003 1.5000000000000002 1775.6400000000001 88.500000000000014 47875.92500000001 69.905000000000015 15.500000000000002 2434.4100000000003 227.50000000000003 33.500000000000007 118.50000000000001 145.50000000000003 632.50000000000011 156.50000000000003 47.500000000000007
decision_type=2 2 2 2 2 2 2 2 2 2 2 2 2 2 2 2 2 2 2 2 2 2 2 2 2 2 2 2 2 2
left_child=2 5 4 10 16 11 13 29 -6 15 23 14 -7 -4 -2 -9 20 24 -19 28 -1 -22 -16 -3 25 -13 27 -24 -11 -5
right_child=1 3 6 7 8 12 -8 9 -10 19 -12 17 -14 -15 22 -17 -18 18 -20 -21 21 -23 26 -25 -26 -27 -28 -29 -30 -31
leaf_value=-0.01975529824198732 0.039649142937656319 0.02399187426403936 -0.037495105232589497 0.014589245900900882 -0.031837378973493161 -0.0086801760357407137 -0.046088364806664825 0.015973166765870548 -0.016720464930591594 0.045601125878688586 0.0075525984088607827 0.0055377809967384062 0.0036825230545023376 -0.024596709781062213 0.0090585868662683127 0.028689094001172484 -0.012414024609524652 0.012136791899376545 0.00088421697571235559 0.042481428335337801 0.015511968567799433 -0.0033176758347772182 0.018806426451409605 0.017954009100934264 -0.0025509721576663712 0.041449087188160733 -0.0060825241163415152 0.058145111352096761 0.028064834954510089 -0.018149178230377008
leaf_weight=108.58751813881099 106.25868054106832 1952.0078375227749 3370.3176882658154 564.65114513412118 1269.2934116180986 1506.3934248350561 4408.955741180107 429.52269527316093 1560.0553668998182 173.97887931764126 743.80982461571693 415.75391476973891 1081.3595199659467 511.45923463627696 986.31162417307496 5781.9284632056952 733.24737914279103 1716.0488594062626 534.72659303620458 801.87572227418423 237.77412096969783 599.61293077468872 852.32014443352818 3342.4433160424232 931.4305906444788 46.098223704844713 63.499030828475952 36.636623129248619 722.25911542773247 39.651654593646526
leaf_count=3156 1248 13970 139028 4086 47511 31846 203739 2260 44176 789 6954 7616 15066 15645 13736 26861 18551 20693 5739 3254 4680 12575 7991 21537 15849 831 568 330 3180 416
internal_value=-0.000500758 0.0175511 -0.0326959 0.0244192 -0.0168896 0.00547279 -0.0412854 0.0285162 -0.0235199 0.029745 0.0186348 0.00956092 -0.00351525 -0.0358092 0.015222 0.0278152 -0.00570339 0.00637732 0.00946663 0.0367627 -0.000486593 0.00205318 0.0138438 0.0201883 0.00138029 0.00928541 0.0187697 0.0205546 0.031563 0.0123883
internal_weight=35628.3 22829 12799.3 14552.1 4508.57 8276.84 8290.73 8513.87 2829.35 7909.56 6038.26 5689.08 2587.75 3881.78 2045.03 6211.45 1679.22 3644.06 2250.78 1698.11 945.975 837.387 1938.77 5294.45 1393.28 461.852 952.456 888.957 896.238 604.303
internal_count=693881 204820 489061 83307 130649 121513 358412 40846 91687 36344 42461 74601 46912 154673 23873 29121 38962 50728 26432 7223 20411 17255 22625 35507 24296 8447 8889 8321 3969 4502
is_linear=0
shrinkage=0.05


Tree=23
num_leaves=31
num_cat=0
split_feature=5 2 5 4 4 4 5 2 4 2 2 1 2 5 1 2 5 2 3 4 2 2 3 1 2 2 3 1 5 1
split_gain=7427.58 875.023 517.113 189.589 157.091 87.8122 79.2225 70.5845 68.516 65.8217 65.7314 62.9433 47.1694 36.7523 36.6263 36.1537 35.0067 33.1822 31.7552 28.4207 24.8189 24.2465 29.3359 26.1947 23.8853 22.8037 23.982 22.3482 21.2297 20.9307
threshold=5.5000000000000009 10241.440000000001 1.5000000000000002 2.5000000000000004 14.500000000000002 5.5000000000000009 27.500000000000004 3758.8400000000006 336.50000000000006 25693.415000000005 55344.990000000013 27.500000000000004 3370.2700000000004 89.500000000000014 60.500000000000007 5304.4100000000008 21.500000000000004 3676.7850000000003 22.500000000000004 1.0000000180025095e-35 3024.5200000000004 16281.775000000003 230.50000000000003 178.50000000000003 9337.0800000000017 16971.395000000004 6.5000000000000009 60.500000000000007 10.500000000000002 45.500000000000007
decision_type=2 2 2 2 2 2 2 2 2 2 2 2 2 2 2 2 2 2 2 2 2 2 2 2 2 2 2 2 2 2
left_child=2 4 8 10 6 25 11 -7 20 14 21 17 -6 -12 -5 -13 -11 18 -2 27 -1 22 -3 -24 -9 26 -4 -8 -20 -17
right_child=1 3 5 9 12 7 19 24 -10 16 13 15 -14 -15 -16 29 -18 -19 28 -21 -22 -23 23 -25 -26 -27 -28 -29 -30 -31
leaf_value=-0.037115590966917238 0.024551620408247449 0.025114231039666202 0.030700388831578398 0.017389734705271939 -0.019877215082902341 -0.027432542038308267 0.030160397769682729 -0.015588188211491778 -0.045405121099139002 0.007928915046776416 0.023894393963192356 -0.0092668587075119026 -0.0045413553399943386 0.035375998452550225 0.0067269327223525056 0.011258950818779879 0.022251624240060094 0.024296985267699238 -0.0090941594662658776 0.0091226566006366427 -0.022063208121729898 0.025080269280928848 0.0084710960069119719 0.053960778941200431 0.0033132003612126679 0.047068867596478769 -0.0076820230509789499 0.012799044085746969 0.010304610848510908 -0.0018589094493531477
leaf_weight=2547.6541161518544 165.95339576341212 656.4894536472857 41.17581570148468 1279.5725859962404 777.90183793194592 2291.3977886345237 374.82851827144623 618.4611073192209 4593.9953908529133 496.55140176042914 1007.598853006959 1186.0614302009344 1408.7910593934357 2419.4533639997244 2179.9533827491105 465.0895286872983 3159.4132596068084 343.41569509357214 306.08254313468933 1207.5111768506467 318.79038732126355 4324.9178733825684 705.6002583168447 31.245617799460888 227.922886909917 19.191267311573029 719.60938202217221 374.88806618377566 258.11812117882073 870.07276199012995
leaf_count=108088 2683 5020 902 12480 21116 78679 3427 16963 221267 4683 4838 23597 26344 9965 20663 5901 17131 4205 6543 13721 12794 24005 5580 225 4947 257 16531 3345 4290 13120
internal_value=-0.000599332 0.0151754 -0.033869 0.021761 0.00133539 -0.0191451 0.00580589 -0.0228754 -0.0415938 0.0156324 0.0265249 0.00139652 -0.0100102 0.0320162 0.0106785 -0.00292157 0.0203117 0.0115239 0.00546633 0.0138948 -0.0354581 0.0232238 0.0174335 0.0105409 -0.0105024 -0.00411835 -0.00552961 0.0215362 -0.000214298 0.00272056
internal_weight=35377.7 23999.5 11378.2 16260.8 7738.71 3917.76 5552.02 3137.78 7460.44 7115.49 9145.31 3594.79 2186.69 3427.05 3459.53 2521.22 3655.96 1073.57 730.154 1957.23 2866.44 5718.25 1393.34 736.846 846.384 779.976 760.785 749.717 564.201 1335.16
internal_count=693310 232882 460428 104590 128292 118279 80832 100589 342149 54957 49633 60339 47460 14803 33143 42618 21814 17721 13516 20493 120882 34830 10825 5805 21910 17690 17433 6772 10833 19021
is_linear=0
shrinkage=0.05


Tree=24
num_leaves=31
num_cat=0
split_feature=6 6 6 6 5 8 6 5 6 5 5 1 2 5 2 3 2 3 2 1 2 5 1 5 3 5 2 1 8 8
split_gain=7013.44 694.723 661.537 116.419 87.2329 70.3401 66.6727 64.2181 43.1629 41.826 40.8044 30.9928 28.8298 28.6168 27.1976 26.9058 24.2465 24.106 23.8685 22.246 39.2445 26.8633 22.2975 20.6129 20.591 20.1633 18.8015 18.4923 18.2748 17.5882
threshold=787.13000000000011 124.93000000000002 4013.4850000000006 14765.125000000002 33.500000000000007 1.5000000000000002 1581.8900000000001 16.500000000000004 399.03000000000003 8.5000000000000018 4.5000000000000009 30.500000000000004 7871.4500000000016 2.5000000000000004 4611.5500000000011 616.50000000000011 969.5150000000001 141.50000000000003 3154.1800000000007 61.500000000000007 10575.630000000001 27.500000000000004 227.50000000000003 25.500000000000004 109.50000000000001 2981.0000000000005 34240.595000000008 66.500000000000014 4.5000000000000009 3.5000000000000004
decision_type=2 2 2 2 2 2 2 2 2 2 2 2 2 2 2 2 2 2 2 2 2 2 2 2 2 2 2 2 2 2
left_child=1 5 6 9 -5 -1 12 8 29 -4 -8 14 15 18 -12 23 -9 -6 -7 20 21 -11 24 27 -21 26 -19 -2 -15 -3
right_child=2 7 3 4 17 13 10 16 -10 19 11 -13 -14 28 -16 -17 -18 25 -20 22 -22 -23 -24 -25 -26 -27 -28 -29 -30 -31
leaf_value=-0.04599755644694789 -0.006163928874950696 -0.019004263785626647 -0.007290053881157956 0.0065769367135644257 0.012682144165980087 -0.038664550235241124 -0.019720319233665289 0.028316841535744059 -0.011739421450822112 0.0011978474860845981 0.0074911379518931946 0.0061079262857961347 0.0071233324309346903 -0.024527544140055271 0.026692419183645379 0.068568732033964894 -0.0029496896930403839 0.020316537583767738 -0.023073377104967631 -0.022362699400769862 0.026374217023131932 0.021279806993607073 0.040506829372809507 0.0060225294150970596 0.016165279018398232 -0.0041708202470555362 0.029584087054972542 -0.023890963158457582 0.048671408756253823 -0.028354060529243448
leaf_weight=3407.888837819919 1696.0013792365789 1682.324090834707 165.73086887225509 523.70801279693842 257.77212037146091 3540.3026738315821 136.19955784827471 89.808283295482397 1871.3451515063643 312.01619510352612 366.04999236389995 3993.6308661736548 594.0095567330718 373.57132830284536 374.15645683184266 10.275416385382412 190.01497322693467 627.48397729545832 275.18806647323072 33.239090591669083 1629.5673729106784 355.75704043358564 92.740759581327438 318.75506818667054 5650.7084864377975 46.625839233398438 5649.7712669372559 159.52391257882118 6.9296412430703631 737.59273954294622
leaf_count=172956 34701 53052 2139 3494 1261 160046 2653 1441 48435 2813 5282 48011 9976 13237 4850 155 3791 2920 11965 235 11620 2660 485 4680 35711 195 24612 3042 148 26713
internal_value=-0.000681899 -0.0313641 0.0155654 0.0215523 0.0262461 -0.040624 0.00355149 -0.0159495 -0.0174627 0.0174993 0.00707657 0.00785556 -0.00262762 -0.0362398 0.0172427 -0.00528313 0.00721493 0.0278087 -0.0375527 0.0180098 0.0221892 0.0119281 0.0163406 -0.00569484 0.0159322 0.0284211 0.0286645 -0.00771205 -0.0229469 -0.0218752
internal_weight=35168.7 12175 22993.7 15345.1 7105.36 7603.88 7648.6 4571.09 4291.26 8239.76 4870.04 4733.84 2778.57 4195.99 740.206 2184.56 279.823 6581.65 3815.49 8074.03 2297.34 667.773 5776.69 2174.28 5683.95 6323.88 6277.26 1855.53 380.501 2419.92
internal_count=693279 491784 201495 88145 32482 358352 113350 133432 128200 55663 60796 58143 52554 185396 10132 42578 5232 28988 172011 53524 17093 5473 36431 42423 35946 27727 27532 37743 13385 79765
is_linear=0
shrinkage=0.05


Tree=25
num_leaves=31
num_cat=0
split_feature=6 6 4 6 4 4 4 4 6 6 5 5 3 0 5 5 4 6 6 3 4 6 5 3 6 4 3 6 3 5
split_gain=6466.23 665.023 507.766 142.244 114.544 80.6678 73.4071 69.75 45.7729 41.5227 40.7436 33.4323 29.3311 29.0289 28.4026 25.2692 24.3999 22.9859 21.5916 18.1524 15.7623 16.4262 15.0532 16.3264 14.9442 14.9093 14.7611 18.5298 14.361 13.9025
threshold=553.67500000000007 3393.6150000000002 50.500000000000007 10845.810000000003 9.5000000000000018 2.5000000000000004 336.50000000000006 16.500000000000004 913.61500000000012 227.02000000000001 27.500000000000004 5.5000000000000009 1041.5000000000002 1.0000000180025095e-35 319.50000000000006 17.500000000000004 2.5000000000000004 2493.0450000000005 47875.92500000001 5.5000000000000009 1.5000000000000002 15611.660000000002 2.5000000000000004 61.500000000000007 209.00500000000002 60.500000000000007 307.50000000000006 5071.4100000000008 137.50000000000003 26.500000000000004
decision_type=2 2 2 2 2 2 2 2 2 2 2 2 2 2 2 2 2 2 2 2 2 2 2 2 2 2 2 2 2 2
left_child=2 4 5 11 13 15 24 10 -6 -7 -5 -3 14 -2 20 19 26 25 -14 -1 21 -12 -21 -24 -4 -10 29 -28 -22 -13
right_child=1 3 6 7 8 9 -8 -9 17 -11 12 16 18 -15 -16 -17 -18 -19 -20 22 28 -23 23 -25 -26 -27 27 -29 -30 -31
leaf_value=0.027717462032657177 0.012017777555106447 -0.017297881956107545 -0.036247239324309163 0.0097102117540354277 -0.014914515685700966 -0.027226532363183249 -0.044736362316393025 0.0039646475973967405 -0.0027335546575469015 -0.014684331535036814 0.020705891395137788 0.014206763854691091 0.025838478850697594 0.0037035964318884135 0.010645312938438584 0.026674722143229648 0.0117685884717698 0.0070561146849246435 0.0371806972966559 -0.019997926292232363 0.0070056755063840478 0.028983952456311593 0.0054344463094405685 -0.012989121340096166 -0.027192707008385605 -0.016036667360855631 0.0045932310392610663 0.016971256147867379 0.022634214990159655 0.023502489129218915
leaf_weight=36.881123607978225 1686.4093952327967 81.581422954797745 2407.6594061832875 442.50990009307861 914.68926300294697 1379.3813113495708 4256.9143950454891 433.343186840415 1614.5150476358831 1282.5741016305983 823.34414356946945 601.26090642809868 934.83384911715984 2783.4759183749557 391.9604509472847 64.842204339802265 3797.300417676568 561.53531707823277 808.84008625149727 173.67137289233506 158.37955773621798 2497.1634049862623 264.79118642583489 217.08620178326964 604.64099945686758 240.46660785004497 394.71840370446444 1316.3130172714591 2537.0141106620431 1297.636550873518
leaf_count=1005 21352 1306 110492 2977 24381 54219 223019 3008 30484 38064 4001 4481 4062 42094 1694 938 30744 7447 3263 5058 820 10733 5421 4887 21472 5363 3105 7553 12041 8454
internal_value=-0.000599883 0.0136472 -0.0330098 0.0193293 0.00161531 -0.0171054 -0.040484 0.0235572 -0.00540104 -0.0211991 0.024544 0.0142277 0.0253467 0.00684436 0.023762 -0.00269766 0.0145795 -0.00179069 0.0311364 -0.00551712 0.0246128 0.026945 -0.00746551 -0.00288477 -0.034449 -0.00447349 0.0175282 0.0141245 0.0217218 0.0205772
internal_weight=35005.7 24317.3 10688.4 16516.2 7801.09 3419.23 7269.21 9027.39 3331.21 2661.96 8594.05 7488.81 8151.54 4469.89 6407.86 757.272 7407.23 2416.52 1743.67 692.43 6015.9 3320.51 655.549 481.877 3012.3 1854.98 3609.93 1711.03 2695.39 1898.9
internal_count=693938 229363 464575 98242 131121 109592 354983 42599 67675 92283 39591 55643 36614 63446 29289 17309 54337 43294 7325 16371 27595 14734 15366 10308 131964 35847 23593 10658 12861 12935
is_linear=0
shrinkage=0.05


Tree=26
num_leaves=31
num_cat=0
split_feature=6 6 4 4 4 4 6 6 4 4 0 6 6 5 1 5 5 1 4 1 6 5 1 1 5 1 6 5 7 6
split_gain=6091.67 777.896 350.126 145.562 108.452 68.1615 64.4815 63.1105 60.4556 54.6 29.4888 29.3447 28.1111 28.0598 27.9175 21.2759 21.2721 39.555 20.3376 19.8431 19.1266 20.9383 18.882 18.2903 21.1116 18.2783 18.2276 17.0104 16.77 16.6353
threshold=399.03000000000003 4013.4850000000006 49.500000000000007 9.5000000000000018 1.5000000000000002 3.5000000000000004 1234.0700000000004 16536.615000000002 516.50000000000011 16.500000000000004 1.5000000000000002 227.02000000000001 10845.810000000003 4.5000000000000009 19.500000000000004 445.50000000000006 4.5000000000000009 16.500000000000004 64.500000000000014 51.500000000000007 2899.4400000000005 33.500000000000007 165.50000000000003 140.50000000000003 73.500000000000014 3.5000000000000004 708.94500000000005 8.5000000000000018 3.5000000000000004 83079.150000000009
decision_type=2 2 2 2 2 2 2 2 2 2 2 2 2 2 2 2 2 2 2 2 2 2 2 2 2 2 2 2 2 2
left_child=2 3 5 10 7 16 18 -3 28 12 14 -7 -6 -8 -2 -14 25 -18 -5 -15 21 -16 27 -9 -25 -1 -12 -11 -4 -26
right_child=1 4 8 6 9 11 13 23 -10 22 26 -13 15 19 20 -17 17 -19 -20 -21 -22 -23 -24 24 29 -27 -28 -29 -30 -31
leaf_value=0.017231047611044353 0.023359145563253914 0.018881171685272879 -0.038863641524867293 -0.0097489560337720021 0.013426550235529543 -0.028421079684530299 -0.019918596281601409 0.024275894001151727 -0.045209240834555332 -0.012741748487676766 -0.0084156798390523421 -0.015482471891936078 0.020618389344892581 0.0064847209974972942 0.0027156788211159899 -0.0028718524117654766 0.031838790363629764 -0.0081618306367970041 -0.022360544266941413 -0.0034832095450172949 0.014637546163432359 0.014372127523608755 -0.035201132474025669 0.0054683835675912278 0.029467088565724709 -0.016523901711959464 0.0040652212543987546 0.0081577977074135492 -0.031390881940249735 0.040231790370253068
leaf_weight=43.58665681257844 330.1375588439405 3804.9374082162976 1861.3005708511919 1605.3601004146039 3133.6002492681146 1260.2047536633909 158.97213174402714 1835.9302600696683 3582.3071565311402 105.24085868522525 339.83986106514931 685.39206439442933 3426.8843221664429 1055.5774618946016 1598.1680576056242 98.711411908268929 91.286548901349306 181.43482515402138 399.98335399292409 943.99281952902675 794.77775858715177 506.20351902022958 26.122250609099865 77.259590998291969 1462.4281058609486 352.20130062662065 2029.401628550142 1076.3139227852225 1388.7966354079545 505.42763249576092
leaf_count=1263 4440 21810 92803 41743 22236 51254 3510 8049 197366 1518 7850 21845 16685 17311 24159 432 1612 4028 11938 13390 7138 5349 158 347 6032 9971 29201 8645 59730 2028
internal_value=-0.000478368 0.0123077 -0.0347385 0.00124433 0.019251 -0.0191544 -0.00583357 0.0234779 -0.0406936 0.0151165 0.00650869 -0.0238837 0.0168902 0.000165081 0.00961562 0.0199594 -0.00536057 0.00536168 -0.0122842 0.0017801 0.00803557 0.0055306 0.00532398 0.0279724 0.0312638 -0.0127387 0.00226939 0.00627789 -0.0356917 0.03227
internal_weight=34761.8 25315.3 9446.51 9762.41 15552.9 2614.11 4163.89 7685.98 6832.4 7866.87 5598.53 1945.6 6659.2 2158.54 3229.29 3525.6 668.509 272.721 2005.34 1999.57 2899.15 2104.37 1207.68 3881.05 2045.12 395.788 2369.24 1181.55 3250.1 1967.86
internal_count=693841 253969 439872 166029 87940 89973 87892 38266 349899 49674 78137 73099 39353 34211 41086 17117 16874 5640 53681 30701 36646 29508 10321 16456 8407 11234 37051 10163 152533 8060
is_linear=0
shrinkage=0.05


Tree=27
num_leaves=31
num_cat=0
split_feature=6 6 4 4 6 4 4 6 4 4 3 1 2 2 2 6 1 2 3 1 1 1 6 1 3 8 1 2 0 2
split_gain=5568.77 655.545 358.514 128.4 114.416 74.0476 66.1149 64.7527 52.2636 36.5436 34.675 27.6606 34.6981 24.7476 22.8513 22.0827 21.1939 20.5248 20.4958 20.1193 19.9119 19.5419 19.5028 18.9622 17.4901 17.4848 17.2822 16.9317 16.8703 16.7254
threshold=437.13000000000005 3592.0200000000004 49.500000000000007 6.5000000000000009 10845.810000000003 6.5000000000000009 516.50000000000011 913.61500000000012 6.5000000000000009 2.5000000000000004 776.50000000000011 21.500000000000004 6341.6350000000011 1836.7900000000002 7242.4750000000013 119.84000000000002 93.500000000000014 25693.415000000005 724.50000000000011 169.50000000000003 25.500000000000004 163.50000000000003 47875.92500000001 71.500000000000014 94.500000000000014 4.5000000000000009 3.5000000000000004 10241.440000000001 1.5000000000000002 2655.3200000000002
decision_type=2 2 2 2 2 2 2 2 2 2 2 2 2 2 2 2 2 2 2 2 2 2 2 2 2 2 2 2 2 2
left_child=2 3 5 11 9 25 13 -5 10 -3 24 28 -13 -4 -9 -7 -16 -10 23 -19 29 -20 -12 27 -6 26 -1 -14 -2 -15
right_child=1 4 6 7 8 15 -8 14 17 -11 22 12 18 20 16 -17 -18 19 21 -21 -22 -23 -24 -25 -26 -27 -28 -29 -30 -31
leaf_value=0.015148344307186598 0.023563627328990044 0.016538677604210902 -0.037062459138506851 -0.013880184796590426 0.0056530967331865642 -0.03191753522812979 -0.044599293975230457 -0.005188911625821426 -0.0026005977505009423 0.0094461716795283552 0.023984434231265297 0.00036051248150091407 0.0086777911885762751 -0.027564410389753876 0.0063237865145973366 -0.020139248512335384 -0.0090957624809322388 0.016739518982857138 0.053686556609655649 -0.006781021728669046 -0.032591986399562116 -3.1534708474347609e-05 0.032929474042031968 0.0038780105573859493 0.021133044925322558 0.013884711921174041 -0.011391020092298094 0.022820717328016896 0.0059920726116209251 -0.0031987611048179309
leaf_weight=64.287205662578344 363.19832836091518 3555.4036948680878 2400.8023317083716 1453.6387208346277 191.37394428998232 645.00012297928333 3433.4755846839398 1605.9368128664792 191.53019881993532 3736.1653378270566 1517.2076125666499 1833.2314705662429 560.77400469407439 144.56301421113312 1190.1806021220982 1092.4700736757368 272.23032174259424 1174.7162622995675 48.112862609326839 97.478514105081558 508.33257936872542 25.56491044908762 1070.0700798034668 922.33190489560366 4871.3167901858687 85.371169276535511 869.04957828484476 342.26432428508997 220.99754627048969 136.72584160603583
leaf_count=1857 4755 22517 118555 40538 1082 29203 197549 31746 1311 29781 6538 28086 7308 6854 17448 38644 3725 6540 506 460 22514 254 4308 10613 22214 1416 23922 3880 3952 6325
internal_value=-0.000554098 0.0116694 -0.0334454 0.000691605 0.0175829 -0.018272 -0.0397516 -0.00519524 0.0213194 0.0129081 0.0229773 0.00685828 0.00526894 -0.0345099 -0.00107437 -0.0245434 0.00344491 0.0126353 0.0100019 0.0149295 -0.0266749 0.0355391 0.0277066 0.00893336 0.0205504 -0.00754856 -0.00953454 0.0140767 0.0169595 -0.0158272
internal_weight=34623.8 25243.7 9380.08 8838.46 16405.3 2756.18 6623.9 4521.99 9113.69 7291.57 7649.97 4316.48 3732.28 3190.42 3068.35 1737.47 1462.41 1463.72 1899.05 1272.19 789.621 73.6778 2587.28 1825.37 5062.69 1018.71 933.337 903.038 584.196 281.289
internal_count=694401 247562 446839 152811 94751 95042 351797 93457 42453 52298 34142 59354 50647 154248 52919 67847 21173 8311 22561 7000 35693 760 10846 21801 23296 27195 25779 11188 8707 13179
is_linear=0
shrinkage=0.05


Tree=28
num_leaves=31
num_cat=0
split_feature=5 8 4 8 5 4 4 4 4 7 4 4 3 1 5 1 3 3 1 3 3 3 3 3 1 5 4 5 1 5
split_gain=5051.11 639.117 259.609 151.539 117.067 58.7161 51.0384 49.0029 33.9053 28.7718 26.685 23.7583 23.1782 22.5409 20.5664 31.74 28.4335 19.6084 19.4147 20.8874 15.7507 16.7508 15.4929 14.5507 16.8726 24.7094 19.2906 17.5032 13.8935 13.6347
threshold=3.5000000000000004 4.5000000000000009 83.500000000000014 2.5000000000000004 32.500000000000007 5.5000000000000009 1.0000000180025095e-35 623.50000000000011 1.0000000180025095e-35 3.5000000000000004 34.500000000000007 90.500000000000014 1171.5000000000002 294.50000000000006 16.500000000000004 88.500000000000014 19.500000000000004 587.50000000000011 73.500000000000014 378.50000000000006 7.5000000000000009 139.50000000000003 175.50000000000003 684.50000000000011 154.50000000000003 76.500000000000014 4.5000000000000009 274.50000000000006 31.500000000000004 152.50000000000003
decision_type=2 2 2 2 2 2 2 2 2 2 2 2 2 2 2 2 2 2 2 2 2 2 2 2 2 2 2 2 2 2
left_child=2 3 5 10 18 22 12 -4 -5 -7 14 20 -6 29 16 17 -2 -16 19 -3 -10 -22 -1 -8 27 -26 -27 -25 -23 -14
right_child=1 4 7 8 6 9 23 -9 11 -11 -12 -13 13 -15 15 -17 -18 -19 -20 -21 21 28 -24 24 25 26 -28 -29 -30 -31
leaf_value=-0.0082458136767603798 0.025053570883005617 0.0097273432821339059 -0.03555363996310687 0.0058420963223257691 0.02036416271067349 -0.036920029756346777 0.014281289886229873 -0.044948698120321082 0.047425144881184045 -0.022100452015399816 -0.0085234223950132644 -0.024879716653055124 0.017351576322051254 0.0037674912116873512 0.011817283711974063 -0.0014540983392046227 0.001796738327800365 0.049163879721044981 0.0028527954712654173 0.035546813935915647 -0.011207070162423685 0.017169234633473529 0.035547608402098856 0.027923245505482919 -0.0038035338341275179 0.021238873501254293 0.0047007680942580711 0.0023979391183686126 -0.0050826721884105917 0.034581132434997879
leaf_weight=511.37516762316227 136.25466266274452 2563.0055176373571 2622.1832426600158 390.87562873214483 4246.9159862808883 422.64214928820729 5936.890660636127 3118.1736613959074 10.574693959206341 1548.4936315231025 345.62541375681758 237.55407991446555 145.4725753813982 80.13283209502697 1698.7728840503842 521.465686108917 2670.5740402657539 34.125465542078018 1200.0326115861535 79.151122502982616 2192.6328565422446 73.817368255928159 19.070699250325561 656.34010213986039 143.0712054669857 949.14793586730957 218.09111615270376 75.230914495885372 944.73378679342568 689.45533698052168
leaf_count=14547 2566 27163 134212 5819 22321 19527 36824 187553 286 61533 5973 6970 659 329 17944 4752 48113 278 11303 644 52818 1559 479 3382 878 4165 1041 344 17560 2887
internal_value=-0.000669776 0.0100556 -0.0348105 -0.000513871 0.0158162 -0.0213409 0.0180611 -0.0406709 -0.00809256 -0.0253122 0.0048839 -0.00966954 0.0219415 0.0292016 0.00580249 0.00935727 0.00294275 0.0126086 0.00813293 0.0105271 -0.00853329 -0.00874697 -0.00654373 0.0155458 0.0192048 0.0157616 0.0181622 0.0253121 -0.00343953 0.0316278
internal_weight=34481.9 26239.9 8241.94 9257.01 16982.9 2501.58 13140.7 5740.36 3850.19 1971.14 5406.82 3459.31 5161.98 915.061 5061.19 2254.36 2806.83 1732.9 3842.19 2642.16 3221.76 3211.18 530.446 7978.77 2041.88 1310.31 1167.24 731.571 1018.55 834.928
internal_count=694429 276578 417851 164638 111940 96086 72830 321765 85012 81060 79626 79193 26196 3875 73653 22974 50679 18222 39110 27807 72223 71937 15026 46634 9810 6084 5206 3726 19119 3546
is_linear=0
shrinkage=0.05


Tree=29
num_leaves=31
num_cat=0
split_feature=6 6 4 4 6 4 4 4 6 4 3 1 7 1 3 4 8 1 4 1 3 1 3 1 4 6 6 6 4 3
split_gain=4742.53 549.344 395.772 103.15 99.157 73.742 66.7006 52.1225 49.5461 39.2107 34.4192 28.5347 24.0153 20.0471 22.6472 19.2583 18.2072 21.4081 17.8316 17.8292 19.8158 16.68 28.86 16.2335 15.9752 15.3745 15.3107 15.14 15.0108 13.9346
threshold=437.13000000000005 3492.9750000000004 51.500000000000007 34.500000000000007 14765.125000000002 428.50000000000006 6.5000000000000009 7.5000000000000009 1106.8950000000002 15.500000000000002 137.50000000000003 22.500000000000004 3.5000000000000004 29.500000000000004 865.50000000000011 87.500000000000014 4.5000000000000009 9.5000000000000018 1.5000000000000002 103.50000000000001 648.50000000000011 75.500000000000014 316.50000000000006 149.50000000000003 8.5000000000000018 1508.5450000000003 56324.710000000006 6669.4150000000009 33.500000000000007 1348.5000000000002
decision_type=2 2 2 2 2 2 2 2 2 2 2 2 2 2 2 2 2 2 2 2 2 2 2 2 2 2 2 2 2 2
left_child=2 3 6 8 9 -4 16 10 11 19 18 -2 -8 -10 21 25 17 -1 -6 20 27 22 -15 -16 -13 -5 -12 -3 -9 -21
right_child=1 4 5 15 7 -7 12 28 13 -11 26 24 -14 14 23 -17 -18 -19 -20 29 -22 -23 -24 -25 -26 -27 -28 -29 -30 -31
leaf_value=0.0052059675991595932 0.005995363258248375 0.012126205565409116 -0.033063573436259583 -0.013422169224634095 0.015712441060435994 -0.044216090082435246 -0.036308767799689334 0.010746693756664046 0.012185090659319726 0.0037335530078112171 0.020952175746608005 -0.0026432929138093574 -0.019701870333253865 0.0044327833031689492 0.056700446622109962 -0.02398019680063988 0.015192337993755498 -0.012486080716569212 -0.0080567628793492465 0.0097297996385917358 0.035363518991060813 -0.0010720462334535448 0.026458040026995273 0.0048623056754184615 -0.012493478987880856 -0.00082167268569154214 0.026591382424402388 0.017580283007150928 -0.013207701559270658 0.024909817733856476
leaf_weight=225.46714746765792 584.77134799771011 2574.5728791356087 2747.2024857047945 734.93360323272645 184.7054979801178 3332.7297358177602 258.65283347852528 839.9663972184062 890.0845364369452 1156.5063729546964 4347.0113603621721 976.41576375067234 1462.7898029647768 2563.9105393961072 32.59225320443511 279.78916987217963 90.090185552835464 693.53104599751532 135.00026513636112 2918.8278855159879 119.73443257063627 1355.6581331007183 156.0311980843544 27.529760673642159 711.39652933552861 360.9192600697279 1724.0601348504424 2570.3721528090537 69.230758998543024 158.499587059021
leaf_count=6305 12796 19984 140782 19731 918 208098 12566 4391 13204 10753 18814 18937 57589 35266 342 8052 1460 19404 746 17127 718 16258 1940 280 18246 6045 7052 14655 597 822
internal_value=-0.00047114 0.0104661 -0.0320877 0.000247465 0.0157419 -0.0391894 -0.0162576 0.0201256 0.00261545 0.0123693 0.0217197 -0.00350883 -0.0222364 0.00538504 0.00391636 -0.0123013 -0.00603429 -0.00814363 0.00568787 0.0135653 0.0153364 0.00345788 0.00571479 0.0338846 -0.00680492 -0.00928125 0.0225618 0.0148568 0.0088977 0.0105273
internal_weight=34283 25472.5 8810.46 8674.03 16798.5 6079.93 2730.53 7299.97 7298.39 9498.51 6390.78 2272.58 1721.44 5025.81 4135.72 1375.64 1009.09 918.998 319.706 8342.01 5264.68 4075.6 2719.94 60.122 1687.81 1095.85 6071.07 5144.95 909.197 3077.33
internal_count=693878 247674 446204 151097 96577 348880 97324 32518 117269 64059 27530 49979 70155 67290 54086 33828 27169 25709 1664 53306 35357 53464 37206 622 37183 25776 25866 34639 4988 17949
is_linear=0
shrinkage=0.05


Tree=30
num_leaves=31
num_cat=0
split_feature=6 6 5 6 6 8 5 0 0 3 2 5 2 5 1 0 1 2 1 1 2 1 1 5 2 5 1 3 1 8
split_gain=4297.2 523.608 334.072 104.301 62.2722 57.2747 47.6327 45.2089 31.1393 36.5833 27.4959 26.7351 25.1685 26.2706 22.8532 22.0748 21.5707 18.6819 20.1015 15.5339 15.0919 14.9915 32.3184 14.8515 14.7342 23.8172 30.76 21.1172 17.895 14.1803
threshold=399.03000000000003 2824.0100000000007 1.5000000000000002 8374.5800000000017 1039.1450000000002 2.5000000000000004 12.500000000000002 1.0000000180025095e-35 1.5000000000000002 9.5000000000000018 15080.935000000001 4.5000000000000009 136133.35500000001 108.50000000000001 286.50000000000006 2.5000000000000004 31.500000000000004 2492.2050000000004 20.500000000000004 24.500000000000004 311.41500000000002 227.50000000000003 214.50000000000003 522.50000000000011 7242.4750000000013 4.5000000000000009 52.500000000000007 23.500000000000004 28.500000000000004 4.5000000000000009
decision_type=2 2 2 2 2 2 2 2 2 2 2 2 2 2 2 2 2 2 2 2 2 2 2 2 2 2 2 2 2 2
left_child=2 4 5 11 15 -1 8 12 9 20 -9 -3 14 -14 21 16 -2 -7 -19 -12 -4 22 -5 -21 25 -6 27 -27 -26 -29
right_child=1 3 6 7 24 17 -8 10 -10 -11 19 -13 13 -15 -16 -17 -18 18 -20 23 -22 -23 -24 -25 28 26 -28 29 -30 -31
leaf_value=-0.044250053016012175 0.0054165241472472203 -0.022818107889064229 0.056125849361146209 0.019030418000064681 -0.018065957458834169 -0.035477790948794524 0.012200531108628572 -0.0041254770862989383 -0.022246167034867134 -0.012656017338903973 -0.0072642000190515522 0.0096455700955367461 0.013506334490363175 0.03193707991447986 -0.016360328306564035 -0.010968945459325988 -0.0076408409126022016 -0.0023783351323094018 -0.029925724772325732 0.015367726729334549 -0.0081672928499134587 0.030397522505099767 -0.0079478106148229664 -0.0020971995108269672 0.024752510502736774 0.027577246057781248 -0.0073913569307637516 5.7700764202330531e-06 0.0041816150775555311 0.0097564011120116617
leaf_weight=2629.5106449704617 533.81000728718936 62.15819600969553 26.564977401867509 3894.9197593033314 174.83378163911402 2649.05417486839 128.15256259776652 201.84753841534257 1870.1315937899053 657.99680816754699 78.697721369564533 7130.1419957727194 261.88789201527834 786.91083340346813 44.599731579422951 1679.3545087575912 770.40878574922681 89.510414412245154 256.59978773258626 5201.875555627048 12.738848710432647 275.49177406728268 113.23643288016319 124.17812728136778 110.28150386735797 92.260016951709986 774.16307418048382 1121.7216794341803 1848.33468035236 556.53581852465868
leaf_count=172959 10634 1146 623 17929 4035 148148 2670 1341 75625 21293 667 56589 1148 3174 186 46452 16641 4623 13454 25754 305 1153 480 530 1677 1365 11375 20217 25048 7321
internal_value=-0.000641113 0.00942288 -0.0318885 0.0140437 -0.00153999 -0.0388248 -0.017397 0.0171093 -0.0188827 -0.00982421 0.0139571 0.00935874 0.0203896 0.0273693 0.0186864 -0.00718197 -0.00229642 -0.0340355 -0.0228561 0.0146337 0.0359012 0.0190588 0.0182647 0.0149599 0.00205983 -0.00032201 0.000910329 0.00454451 0.00536394 0.00324699
internal_weight=34157.9 25837.6 8320.26 18175.9 7661.7 5624.68 2695.58 10983.6 2567.43 697.301 5606.6 7192.3 5377.05 1048.8 4328.25 2983.57 1304.22 2995.16 346.11 5404.75 39.3038 4283.65 4008.16 5326.05 4678.13 2719.51 2544.68 1770.52 1958.62 1678.26
internal_count=694562 254862 439700 110097 144765 339184 100516 52362 97846 22221 28292 57735 24070 4322 19748 73727 27275 166225 18077 26951 928 19562 18409 26284 71038 44313 40278 28903 26725 27538
is_linear=0
shrinkage=0.05


Tree=31
num_leaves=31
num_cat=0
split_feature=6 6 6 6 8 3 6 0 2 2 1 2 1 8 3 1 8 1 8 1 2 0 1 2 7 8 3 2 2 1
split_gain=4028.62 481.922 300.327 99.8894 54.9026 52.021 51.6095 42.2722 24.8783 23.8093 22.0112 21.7452 23.0798 21.6511 19.4832 18.7596 18.6141 21.3582 20.8723 37.307 21.9186 18.0752 26.1891 19.5577 17.7976 17.5646 16.3608 19.9794 16.0036 18.6876
threshold=374.80500000000006 2493.0450000000005 79.995000000000019 9472.2050000000017 1.5000000000000002 135.50000000000003 913.61500000000012 1.0000000180025095e-35 676.3900000000001 136133.35500000001 290.50000000000006 7242.4750000000013 52.500000000000007 4.5000000000000009 574.50000000000011 18.500000000000004 4.5000000000000009 61.500000000000007 2.5000000000000004 59.500000000000007 10575.630000000001 2.5000000000000004 31.500000000000004 3370.2700000000004 3.5000000000000004 4.5000000000000009 384.50000000000006 5442.0850000000009 2492.2050000000004 20.500000000000004
decision_type=2 2 2 2 2 2 2 2 2 2 2 2 2 2 2 2 2 2 2 2 2 2 2 2 2 2 2 2 2 2
left_child=2 6 4 16 -1 -5 21 8 -4 10 -7 12 13 -8 -11 -15 18 -18 19 20 -3 22 23 -2 28 -14 -27 -28 -6 -30
right_child=1 3 7 5 24 9 11 -9 -10 14 -12 -13 25 15 -16 -17 17 -19 -20 -21 -22 -23 -24 -25 -26 26 27 -29 29 -31
leaf_value=-0.043867883007856191 0.0015649288219170649 0.00734605299838234 0.018547541235676802 0.0041910030639007228 -0.037552332048338334 0.016550140857553016 -0.0018516260206114723 -0.020332417437061729 -0.0098162896495434266 0.01447917519640134 -0.017616498855682474 0.0057549980939468129 -0.018139269509692791 0.034671332334442376 0.026174938529069294 0.0062869637397779676 0.015816556082325406 0.0090037101817088457 -0.0010176293977233626 0.00083563872641744864 0.02136882766222193 -0.011210306101014511 -0.0094922982400454624 0.029240725711059734 -0.027388805046065303 -0.0062076415094110106 0.052099347929512978 -0.0064767482089378567 0.0048663062622959982 -0.031698540594435796
leaf_weight=2511.0847839182243 424.36910088174045 542.25761012360454 101.04018794558942 790.19419646263123 1869.6738929599524 7580.6366202421486 1500.63487803936 2106.2767660561949 307.88541066646576 509.82362263649702 45.896765738725662 1640.2580460347235 305.36822916939855 64.25963431596756 1254.4724078923464 493.36205297335982 1570.0699475556612 4357.7184981033206 791.58498637005687 875.55924340710044 578.22423766180873 1510.0559662729502 647.46740582026541 73.193267993628979 846.51838610228151 403.49852282553911 26.454727772623301 29.005051467567682 49.097425315529108 115.22553930431604
leaf_count=172470 8553 5743 2473 4782 111346 35130 29379 85801 10298 2249 192 23726 5741 728 5132 6811 12013 30590 9323 7737 4829 44156 14740 1658 42663 5575 318 363 2713 6629
internal_value=-0.000515986 0.00898395 -0.0317663 0.0131603 -0.0384227 0.0165245 -0.00210396 -0.0174786 -0.00275179 0.0175611 0.01634 0.00118023 -0.00148045 0.00127621 0.0228155 0.00967016 0.00922762 0.0108129 0.00585118 0.00857349 0.0146077 -0.00762098 -0.00287612 0.00573691 -0.0336487 -0.00888781 -0.00268035 0.0223054 -0.0362245 -0.0208463
internal_weight=33921.2 26014.4 7906.8 18896.4 5391.6 10181 7117.93 2515.2 408.926 9390.83 7626.53 4462.84 2822.58 2058.26 1764.3 557.622 8715.41 5927.79 2787.63 1996.04 1120.48 2655.09 1145.03 497.562 2880.52 764.327 458.958 55.4598 2034 164.323
internal_count=693861 259468 434393 117720 335821 47485 141748 98572 12771 42703 35322 72641 48915 36918 7381 7539 70235 42603 27632 18309 10572 69107 24951 10211 163351 11997 6256 681 120688 9342
is_linear=0
shrinkage=0.05


Tree=32
num_leaves=31
num_cat=0
split_feature=5 6 6 4 6 4 5 6 4 4 4 5 5 6 4 2 4 2 2 2 6 5 2 4 0 2 2 5 5 5
split_gain=3805.6 497.092 246.206 93.7496 89.8393 63.6962 46.2684 42.9057 42.6211 31.8424 27.8711 25.0963 23.4987 22.8548 22.1988 20.9211 20.892 21.8211 20.4481 19.3524 17.5062 28.8455 16.6733 16.0024 15.1495 14.0544 13.7 13.4822 12.8743 12.8317
threshold=3.5000000000000004 2824.0100000000007 79.995000000000019 15.500000000000002 11387.460000000001 623.50000000000011 28.500000000000004 913.61500000000012 5.5000000000000009 1.0000000180025095e-35 7.5000000000000009 183.50000000000003 2981.0000000000005 1379.1500000000003 2.5000000000000004 3758.8400000000006 18.500000000000004 3154.1800000000007 234.215 5177.7850000000008 56324.710000000006 89.500000000000014 706.83500000000015 1.0000000180025095e-35 19.500000000000004 17649.240000000002 9079.6700000000019 52.500000000000007 533.00000000000011 33.500000000000007
decision_type=2 2 2 2 2 2 2 2 2 2 2 2 2 2 2 2 2 2 2 2 2 2 2 2 2 2 2 2 2 2
left_child=2 3 5 9 14 16 -6 -5 26 22 12 -12 20 18 -3 -10 -1 -18 -11 -16 -8 -22 -2 -23 -9 27 -4 -20 -25 -24
right_child=1 4 8 7 6 -7 10 24 15 13 11 -13 -14 -15 19 -17 17 -19 25 -21 21 23 29 28 -26 -27 -28 -29 -30 -31
leaf_value=-0.020339135312208802 0.030368128580201027 0.01216172104248176 -0.0043623151732477185 -0.01540495533422903 0.0032041034295385755 -0.043853319440294219 0.017492551878573532 -0.0060448021053633172 -0.024063811834207721 0.042853947108185436 0.011942011808615923 -0.017408590551492256 -0.01587086335940582 0.0039779772939444258 -0.013051902805590099 -0.010926082041024273 -0.035747934850945955 -0.016681682561765328 -0.004977880739585167 0.0077504919972651333 0.0090782179291635252 0.030972009303314414 0.0044009250656757834 0.02233657824020336 0.0058633127781440812 0.02476035777040609 0.038717872766788286 0.02212043826747246 -0.0028814863574847132 0.016487906068630393
leaf_weight=314.96720920875669 84.486771289259195 4442.8027468472719 329.25363643467426 1387.8969787806273 601.16567286476493 2590.786710916087 5704.3713668063283 1037.1824522614479 1376.6725775776431 21.67681896686554 889.36364889889956 77.562242150306702 47.673508778214455 1963.8249010816216 112.76152139157057 394.94450194202363 2063.0697032064199 167.38745199516416 2165.8136572316289 4732.0069538019598 297.11823098361492 801.69539934396744 846.28324822708964 549.25001779198647 357.7065569832921 40.121566670015454 17.548064853996038 44.948576685041189 55.25513744354248 295.6874606795609
leaf_count=13682 1329 28437 8805 47158 4052 185422 24829 19285 61327 573 4449 380 194 26557 1446 13491 125117 9358 48927 38402 1281 3238 12332 2219 7157 657 310 599 223 2869
internal_value=-0.000294594 0.00847321 -0.0323839 -0.00172061 0.0130633 -0.0383006 0.0166173 -0.00918702 -0.0180159 0.00208477 0.0175737 0.00955657 0.0186106 2.94929e-05 0.00960749 -0.0211507 -0.032619 -0.0343333 -0.00338307 0.00726113 0.0188368 0.0233127 0.00917241 0.0263032 -0.00298705 -0.003866 -0.00197296 -0.00440743 0.0200296 0.00755393
internal_weight=33811.3 26556.7 7254.63 8245.63 18311 5136.21 9023.46 2782.79 2118.42 5462.84 8422.29 966.926 7455.36 4236.39 9287.57 1771.62 2545.42 2230.46 2272.56 4844.77 7407.69 1703.32 1226.46 1406.2 1394.89 2250.88 346.802 2210.76 604.505 1141.97
internal_count=694105 276593 417512 167443 109150 333579 40865 73600 83933 93843 36813 4829 31984 77313 68285 74818 148157 134475 50756 39848 31790 6961 16530 5680 26442 50183 9115 49526 2442 15201
is_linear=0
shrinkage=0.05


Tree=33
num_leaves=31
num_cat=0
split_feature=6 6 4 4 6 4 2 8 4 6 2 0 4 4 1 1 0 2 8 6 1 4 1 2 4 1 2 1 0 1
split_gain=3471.35 547.211 173.07 115.768 89.91 57.6873 40.2122 37.0108 32.9008 32.0175 27.7268 26.3141 25.7359 20.8886 19.4007 19.3293 19.002 18.4477 16.9199 16.7748 15.9799 15.796 15.1786 20.4793 15.9583 15.1206 14.5386 17.5849 14.1859 13.9315
threshold=220.04000000000005 2493.0450000000005 36.500000000000007 10.500000000000002 8374.5800000000017 1023.5000000000001 6018.7100000000009 4.5000000000000009 2.5000000000000004 47875.92500000001 2492.2050000000004 1.0000000180025095e-35 90.500000000000014 32.500000000000007 157.50000000000003 34.500000000000007 24.500000000000004 2599.5100000000007 2.5000000000000004 1737.9550000000002 23.500000000000004 32.500000000000007 89.500000000000014 20116.000000000004 1.0000000180025095e-35 43.500000000000007 5177.7850000000008 42.500000000000007 2.5000000000000004 23.500000000000004
decision_type=2 2 2 2 2 2 2 2 2 2 2 2 2 2 2 2 2 2 2 2 2 2 2 2 2 2 2 2 2 2
left_child=2 3 8 11 13 10 12 -6 -1 29 -4 -2 15 22 -11 17 18 21 25 -18 -12 -5 23 24 -3 -8 -26 -28 -19 -9
right_child=1 4 5 6 7 -7 16 9 -10 14 20 -13 -14 -15 -16 -17 19 28 -20 -21 -22 -23 -24 -25 26 -27 27 -29 -30 -31
leaf_value=-0.0026446894409037042 0.0072035826530238919 0.014520868989289448 -0.03482434254714134 -0.0055738634470550458 0.0056836708225823556 -0.043611911404469489 0.022694975656595704 -0.010049908254589554 -0.021532148741417092 0.016523330370623267 -0.0029512777583095748 -0.00090615584544789492 -0.026389751380150268 -0.0024008595470121946 0.025952002345557092 -0.017460596323028651 0.031122181712976128 -0.017933777171399334 -0.0092077704605914683 -0.0090829812652165314 -0.026275748080029776 -0.01877371371491323 0.0054812921832338773 0.017601528798378067 -0.0048894194461578762 -0.0011666544719029903 0.01394358799629497 0.005425288255522541 0.0029033983594738159 0.01440589266880272
leaf_weight=310.70877296477556 1556.4058955647051 919.92511143535376 2450.0759756509215 445.05127825774252 1011.0625024028122 2330.220286491327 82.156111227348447 57.359113849699497 898.81479150988162 1162.2562547177076 101.15302898176014 2791.8343824762851 329.87350918538868 466.78902459144592 1060.5092297494411 849.68977058492601 72.799293916672468 97.263049777597189 651.89690970443189 38.578269023448229 271.38846481312066 464.95091618038714 2697.9456050470471 777.94760999456048 235.60564229637384 313.68384192325175 867.3274336270988 2016.3885804265738 459.22847735509276 7786.3949849903584
leaf_count=8853 22909 6630 150719 14173 7091 174354 1438 317 41549 4847 5542 51185 13079 5742 4299 23561 1754 2543 14061 623 14774 16719 19393 5663 2783 5719 7971 17326 12343 35625
internal_value=-0.000509235 0.00726503 -0.0337529 -0.00357478 0.011902 -0.0377495 -0.00994131 0.0148175 -0.0166926 0.0157336 -0.0328823 0.00199862 -0.0133412 0.00785318 0.0210412 -0.0114617 -0.00217029 -0.00796683 -0.00426707 0.0172816 -0.0199922 -0.0123445 0.00849056 0.010173 0.00873426 0.00387499 0.0070195 0.0079952 -0.000789683 0.0142245
internal_weight=33575.3 27212.9 6362.36 8153.41 19059.5 5152.84 3805.17 11077.6 1209.52 10066.5 2822.62 4348.24 2646.06 7981.93 2222.77 2316.18 1159.11 1466.49 1047.74 111.378 372.541 910.002 7515.14 4817.19 4039.25 395.84 3119.32 2883.72 556.492 7843.75
internal_count=693585 297794 395791 180107 117687 345389 106013 52179 50402 45088 171035 74094 82418 65508 9146 69339 23595 45778 21218 2377 20316 30892 59766 40373 34710 7157 28080 25297 14886 35942
is_linear=0
shrinkage=0.05


Tree=34
num_leaves=31
num_cat=0
split_feature=6 6 4 6 4 4 4 5 4 5 4 3 1 5 1 5 3 5 6 4 5 3 1 0 4 7 1 5 3 1
split_gain=3247.41 342.191 289.637 87.7015 65.8464 63.8132 44.6882 41.1726 31.3276 29.3009 27.2692 25.393 24.1022 22.2111 20.0004 19.5735 21.7778 25.0049 24.9049 19.3272 18.3744 17.4388 17.1959 17.1525 17.5404 15.3879 14.9881 20.7351 14.2517 26.0819
threshold=374.80500000000006 2493.0450000000005 49.500000000000007 9472.2050000000017 623.50000000000011 9.5000000000000018 7.5000000000000009 6.5000000000000009 87.500000000000014 4.5000000000000009 4.5000000000000009 135.50000000000003 22.500000000000004 181.50000000000003 89.500000000000014 2981.0000000000005 1101.5000000000002 245.50000000000003 182341.33500000005 4.5000000000000009 61.500000000000007 10.500000000000002 20.500000000000004 22.500000000000004 30.500000000000004 3.5000000000000004 138.50000000000003 111.50000000000001 418.50000000000006 100.50000000000001
decision_type=2 2 2 2 2 2 2 2 2 2 2 2 2 2 2 2 2 2 2 2 2 2 2 2 2 2 2 2 2 2
left_child=2 5 7 9 -4 12 11 10 23 -3 22 -5 -2 -8 -11 16 17 -13 26 20 -16 -9 -1 -7 -25 -12 -18 -28 -14 -30
right_child=1 3 4 6 -6 8 13 21 -10 14 25 15 28 -15 19 -17 18 -19 -20 -21 -22 -23 -24 24 -26 -27 27 -29 29 -31
leaf_value=-0.00083568015192395833 0.010904400578840011 -0.022603947711193631 -0.031202721357923482 0.005143945144464231 -0.042720393331451195 -0.007106397438708262 0.0078125679819462945 0.063730629354795648 -0.022945681415999453 0.0095730343897746303 -0.033341311553844802 0.016363960647682304 -0.00022537703520332842 -0.018678812532798249 0.0025961137155445543 -0.015165612663853439 0.035669850740632621 0.0065509751285659562 0.042373074651829226 -0.0012705951464865657 0.011709524999707552 -0.0010337150724139845 -0.019705424296741259 0.018793742532215576 -0.0024740531639248927 -0.019092231501499472 -0.0023065836003084111 0.020117705946837358 0.033496794804306361 -0.00083977398769170147
leaf_weight=318.0382210239768 715.71713241562247 78.155390929430723 2642.2585878521204 540.57345351576805 2409.3745828568935 2454.0412385128438 1435.8175237923861 8.725377479568122 276.12188781797886 5649.0193678848445 233.54677497036755 5892.109975554049 2872.6158481761813 81.859251156449318 1099.2419205531478 47.504498988389969 136.09566205739975 733.65291821956635 134.94105945527554 970.03226822242141 1114.1660073399544 334.95672852359712 192.80131031572819 128.65258113667369 374.40176543220878 1100.2901546899229 112.56186333298683 1174.6271138936281 89.147501736879349 140.40061733499169
leaf_count=9571 11863 1483 160897 2883 187051 58022 8231 168 9187 46946 12819 26200 45984 405 7607 193 574 3104 551 7764 6779 9046 5892 3181 10274 49156 484 4844 1174 1707
internal_value=-0.000486661 0.00769013 -0.0301288 0.0111492 -0.0367108 -0.00172961 0.0142942 -0.0149151 -0.00689632 0.00751511 -0.0178725 0.015665 0.00264719 0.00636099 0.00778668 0.0163545 0.0165411 0.0152797 0.0218784 0.00461276 0.00718997 0.000969729 -0.00800658 -0.0053832 0.00301792 -0.0216333 0.0198786 0.0181562 0.000736331 0.0126694
internal_weight=33491.4 26251.5 7239.99 19200.4 5051.63 7051.1 10289.7 2188.36 3233.22 8910.61 1844.68 8772.07 3817.88 1517.68 8832.46 8231.49 8183.99 6625.76 1558.23 3183.44 2213.41 343.682 510.84 2957.1 503.054 1333.84 1423.28 1287.19 3102.16 229.548
internal_count=694040 259440 434600 118048 347948 141392 47469 86652 80664 70579 77438 38833 60728 8636 69096 35950 35757 29304 6453 22150 14386 9214 15463 71477 13455 61975 5902 5328 48865 2881
is_linear=0
shrinkage=0.05


Tree=35
num_leaves=31
num_cat=0
split_feature=5 2 4 4 4 4 2 2 4 4 1 2 2 5 1 2 5 1 2 5 1 7 5 1 2 5 1 5 1 5
split_gain=2990.95 375.284 231.913 92.4559 58.8725 56.5776 44.1421 43.0655 36.8717 35.7157 31.7099 30.049 29.7549 23.1603 22.1807 19.2694 20.6945 18.7963 31.7686 28.2247 19.7868 18.3471 17.5927 17.2705 15.846 16.2533 17.6062 27.369 19.1955 32.617
threshold=3.5000000000000004 10241.440000000001 83.500000000000014 15.500000000000002 2.5000000000000004 797.50000000000011 3370.2700000000004 7443.6900000000014 9.5000000000000018 1.0000000180025095e-35 37.500000000000007 2655.3200000000002 136133.35500000001 108.50000000000001 294.50000000000006 20116.000000000004 426.50000000000006 43.500000000000007 3291.5600000000004 43.500000000000007 9.5000000000000018 3.5000000000000004 10.500000000000002 26.500000000000004 27136.745000000006 586.50000000000011 155.50000000000003 251.50000000000003 140.50000000000003 86.500000000000014
decision_type=2 2 2 2 2 2 2 2 2 2 2 2 2 2 2 2 2 2 2 2 2 2 2 2 2 2 2 2 2 2
left_child=2 3 7 9 12 11 -5 8 -1 -2 -8 -4 14 -14 24 -6 -17 18 20 -19 -11 -10 -22 -13 -3 26 27 28 -26 -30
right_child=1 4 5 6 15 -7 10 -9 21 17 -12 23 13 -15 -16 16 -18 19 -20 -21 22 -23 -24 -25 25 -27 -28 -29 29 -31
leaf_value=-0.0089730630447227948 0.0082495677366346103 0.010418434601662294 -0.033836335497172458 -0.016716031048993659 0.0047647546007621305 -0.042837204039995511 0.0048110233774477634 0.0095656924959157588 -0.034447178586761482 0.016470587786837375 -0.0096029297321872896 -0.0036137872728429221 0.0093266142508917193 0.024754532815815911 -0.024324881192315871 0.010309502118794008 -0.017410346365546652 -0.0067030617493158921 0.0084820845897981053 0.0059803506452745141 -0.010417745009607732 -0.020475803936632824 0.0023785494100454826 -0.026945735083418 0.015789891632678427 0.028368014827599843 0.0096027267149341681 -0.0031821350897059016 0.0094103234585826926 0.038931080395615686
leaf_weight=634.44502830132842 1693.1984593756497 3599.8345232866704 1902.9414583519101 1099.7948250547051 2865.5724582057446 2197.3342534275725 648.21678916178644 139.36197917163372 304.17600581236184 117.03314952738583 922.25033596530557 136.77542613074183 328.20190291106701 977.05243855714798 38.345730528235435 4854.2031795792282 66.541157454252243 1708.7074361070991 1234.6570521015674 588.1423364430666 631.43166724406183 1122.0075802374631 465.2654814440757 189.11909351591021 2624.543683424592 211.5184431374073 1455.3287012279034 170.65678970515728 153.63095964863896 243.91353277862072
leaf_count=21298 19076 22554 126118 38022 28154 178125 12759 3937 17473 2406 20210 6693 1401 3972 161 29089 294 28509 17284 5646 16774 53244 8204 10356 12294 862 6292 706 737 1025
internal_value=-0.000449772 0.00701318 -0.0305124 -0.00122444 0.0112787 -0.0371081 -0.00904288 -0.017221 -0.0190401 0.00201996 -0.00365496 -0.0314266 0.0138575 0.0208954 0.0127718 0.00802933 0.00992774 -0.000205437 0.00284137 -0.00345291 -0.00290111 -0.0234997 -0.00499457 -0.0172353 0.0129456 0.0148127 0.0141839 0.0162647 0.0173643 0.027627
internal_weight=33324.2 26698 6626.16 9108.7 17589.3 4426.17 2670.26 2199.99 2060.63 6438.44 1570.47 2228.84 9803.03 1305.25 8497.77 7786.32 4920.74 4745.24 2448.39 2296.85 1213.73 1426.18 1096.7 325.895 8459.43 4859.59 4648.07 3192.74 3022.09 397.544
internal_count=693675 276431 417244 168890 107541 321292 70991 95952 92015 97899 32969 143167 50004 5373 44631 57537 29383 78823 44668 34155 27384 70717 24978 17049 44470 21916 21054 14762 14056 1762
is_linear=0
shrinkage=0.05


Tree=36
num_leaves=31
num_cat=0
split_feature=6 6 4 4 4 4 4 5 6 1 6 5 0 6 3 5 6 1 5 1 4 6 5 1 3 5 5 6 3 1
split_gain=2782.74 355.87 158.602 99.6721 77.1889 61.9372 44.7961 43.9142 42.269 18.6082 18.3948 17.9874 15.9255 15.3529 15.2311 21.2024 18.2942 21.4304 17.6858 15.567 17.539 14.7269 17.1823 14.3316 14.7471 20.5987 14.1555 13.7822 14.3119 13.6398
threshold=220.04000000000005 2434.4100000000003 336.50000000000006 9.5000000000000018 1.5000000000000002 6.5000000000000009 56.500000000000007 4.5000000000000009 21369.865000000002 30.500000000000004 913.61500000000012 48.500000000000007 1.5000000000000002 79.995000000000019 684.50000000000011 236.50000000000003 32681.165000000005 123.50000000000001 145.50000000000003 138.50000000000003 4.5000000000000009 7722.3900000000003 20.500000000000004 294.50000000000006 1041.5000000000002 319.50000000000006 87.500000000000014 913.61500000000012 418.50000000000006 140.50000000000003
decision_type=2 2 2 2 2 2 2 2 2 2 2 2 2 2 2 2 2 2 2 2 2 2 2 2 2 2 2 2 2 2
left_child=2 3 5 9 8 -1 10 -6 -3 12 -5 27 -2 -7 18 16 17 -16 19 21 -21 -9 -23 24 25 29 -13 28 -11 -10
right_child=1 4 -4 6 7 13 -8 14 23 11 -12 26 -14 -15 15 -17 -18 -19 -20 20 -22 22 -24 -25 -26 -27 -28 -29 -30 -31
leaf_value=-0.00801457249822384 0.012252145399982829 0.010624658587440643 -0.040849830857283748 -0.0096438393301644301 -0.028933818151361049 -0.030258349808194043 -0.018661414294122304 0.00549194034928279 0.014503335461072102 -0.0082310128430546532 -0.0017769759681944581 0.019431143077033728 0.0015476143675462193 -0.022131828294876834 0.024990107896760535 -0.00088280164392782123 0.024581049187176938 0.0062075576148378948 -0.0042220891161622231 0.0073197577144587973 -0.010642966302413617 0.00045466471095910736 0.011121636262394756 -0.0033859632506969919 0.023409883978617502 0.0016640291667402156 -0.0052914957824359288 0.001331736645608028 0.027088083139848756 0.023290001883881112
leaf_weight=497.0995129570365 754.22853706218302 5791.7611758001149 2694.2972680758685 1463.0560483150184 83.008206326514482 1653.3271744800732 850.40664332732558 4426.3729849606752 1277.2748451679945 710.61032358929515 1510.1078034099191 196.95143851265311 643.99846810288727 948.44091900158674 199.21569702029228 262.38889617472887 340.44559615105391 628.28610212355852 374.59531674534082 279.82355699688196 260.4847761914134 429.92938372865319 3105.2428913265467 77.637832790613174 978.70016570389271 226.21640776097775 80.642231844365597 1721.8096199929714 27.966228734701872 691.4651851952076
leaf_count=16247 11687 33356 222523 48713 1618 107902 31162 39975 5381 15990 29264 2139 13934 49617 1183 1161 1397 3322 1937 1462 1537 3278 15764 317 3983 921 843 24653 519 2803
internal_value=-0.000491276 0.00616769 -0.031969 -0.00273648 0.00981478 -0.0242263 -0.00855372 0.00687265 0.0131928 0.0026426 -0.00565204 0.000244687 0.00733108 -0.0273152 0.00716659 0.0119561 0.0148371 0.0107787 0.00639229 0.00686085 -0.00134746 0.0074181 0.00982536 0.0177582 0.0182773 0.0159695 0.0122626 -0.0011201 -0.00682411 0.0176099
internal_weight=33185.8 27392.6 5793.16 7959.78 19432.8 3098.87 3823.57 10389.8 9043.06 4136.21 2973.16 2737.98 1398.23 2601.77 10306.8 1430.34 1167.95 827.502 8876.45 8501.85 540.308 7961.55 3535.17 3251.29 3173.66 2194.96 277.594 2460.39 738.577 1968.74
internal_count=694588 298299 396289 178904 119395 173766 109139 72634 46761 69765 77977 44144 25621 157519 71016 7063 5902 4505 63953 62016 2999 59017 19042 13405 13088 9105 2982 41162 16509 8184
is_linear=0
shrinkage=0.05


Tree=37
num_leaves=31
num_cat=0
split_feature=4 2 7 4 2 2 2 7 1 1 4 1 8 4 2 3 1 8 3 4 3 1 3 1 2 3 1 1 2 1
split_gain=2494.29 449.728 145.586 123.68 73.4406 58.8013 37.9577 32.1783 28.165 25.149 24.7283 23.8833 33.006 23.481 20.992 19.5835 19.5715 17.939 16.5039 13.9533 13.8757 19.5973 13.8112 16.6336 13.7054 16.0156 12.923 12.8236 12.3555 11.9128
threshold=64.500000000000014 7242.4750000000013 3.5000000000000004 2.5000000000000004 19241.770000000004 3447.6850000000004 4724.0350000000008 3.5000000000000004 50.500000000000007 9.5000000000000018 1.5000000000000002 60.500000000000007 4.5000000000000009 623.50000000000011 136133.35500000001 378.50000000000006 286.50000000000006 4.5000000000000009 92.500000000000014 15.500000000000002 1348.5000000000002 96.500000000000014 899.50000000000011 149.50000000000003 3370.2700000000004 39.500000000000007 227.50000000000003 185.50000000000003 36489.165000000008 39.500000000000007
decision_type=2 2 2 2 2 2 2 2 2 2 2 2 2 2 2 2 2 2 2 2 2 2 2 2 2 2 2 2 2 2
left_child=1 3 13 9 11 7 -4 -5 -7 -1 14 -3 -13 24 16 -16 20 -11 -19 -9 21 -6 -14 -24 -2 -26 27 28 -23 -21
right_child=2 4 6 5 10 8 -8 19 -10 17 -12 12 22 -15 15 -17 -18 18 -20 29 -22 26 23 -25 25 -27 -28 -29 -30 -31
leaf_value=0.019301253939747999 -0.034645974386453907 0.0089107738505461408 -0.024214134741971916 -0.028661576039800265 0.016579166749793501 0.0013656441666425687 -0.0052796984347199087 -0.0077500774555740049 -0.010155589088667044 -0.0015532803011619409 0.0096339045604575957 -0.0044113178543689294 0.0050120156826261655 -0.041927596289506375 0.0028986081372962586 0.022656357786911538 -0.019127791186909326 0.014944846394522666 0.0028041212069340421 -0.013025221180934951 0.021128357092504074 0.006135543903160662 0.040496129448587173 0.0043746758809277914 0.023820924637720807 -0.025351131476990266 0.025241286197535653 0.00060702739781428195 0.01321866999570346 -0.026103093680003894
leaf_weight=254.57054822333157 1311.2077607829124 3034.1398860225454 1049.8002970563248 302.82738834153861 1639.0113240070641 1505.0797228571028 355.4662975911051 1317.1052625365555 816.84349497128278 1186.4430672284216 6376.725696483627 1086.1706422381103 2975.5354225970805 2106.6811227956787 144.03217063471675 1002.6903683170676 46.203303709626198 429.32197879999876 800.96975238248706 1293.4968316946179 476.97221058607101 1033.3945029340684 59.705808021128178 67.047334719449282 20.072278719395399 66.807013159617782 128.43306105211377 385.75227619335055 1543.1793676167727 202.60746894497424
leaf_count=4946 95218 30922 55996 17227 8089 31660 9811 38437 17493 22548 36784 15003 23096 185284 609 4122 192 4601 8320 53343 2006 5195 399 434 1101 4336 548 1672 6628 7717
internal_value=-0.000205511 0.00553882 -0.0330787 -0.00439252 0.00956585 -0.00871931 -0.0194389 -0.0132054 -0.00269273 0.00441544 0.0118441 0.00553366 0.00308417 -0.0385334 0.0140426 0.0201841 0.0126947 0.00283275 0.00705812 -0.0115225 0.0129843 0.0121545 0.00570964 0.0217541 -0.0333664 -0.0137102 0.00979889 0.0091128 0.0103848 -0.0148288
internal_weight=33018.3 28108.3 4910.03 8109.27 19999 5437.96 1405.27 3116.04 2321.92 2671.31 12776.4 7222.6 4188.46 3504.77 6399.67 1146.72 5252.95 2416.73 1230.29 2813.21 5206.74 4729.77 3102.29 126.753 1398.09 86.8793 3090.76 2962.33 2576.57 1496.1
internal_count=693737 341991 351746 206292 135699 165877 65807 116724 49153 40415 65845 69854 38932 285939 29061 4731 24330 35469 12921 99497 24138 22132 23929 833 100655 5437 14043 13495 11823 61060
is_linear=0
shrinkage=0.05


Tree=38
num_leaves=31
num_cat=0
split_feature=6 2 4 4 6 4 4 3 2 4 1 6 6 4 2 4 1 2 3 1 4 2 3 4 6 4 4 1 1 2
split_gain=2439.45 308.536 150.512 87.5014 64.2942 64.1386 39.0851 25.6031 24.7699 22.3146 22.1557 22.2585 21.6102 18.2943 18.0575 17.7768 16.5847 26.1205 21.1289 15.686 14.4253 18.8197 14.4188 14.1081 13.435 13.1193 12.9868 12.5451 12.4232 17.1449
threshold=227.02000000000001 7242.4750000000013 332.50000000000006 15.500000000000002 6669.4150000000009 5.5000000000000009 1.0000000180025095e-35 22.500000000000004 2441.5550000000007 15.500000000000002 73.500000000000014 954.42000000000019 56324.710000000006 90.500000000000014 1193.8700000000001 4.5000000000000009 52.500000000000007 5177.7850000000008 197.50000000000003 158.50000000000003 1.5000000000000002 969.5150000000001 5.5000000000000009 16.500000000000004 287.32000000000005 57.500000000000007 50.500000000000007 23.500000000000004 30.500000000000004 2599.5100000000007
decision_type=2 2 2 2 2 2 2 2 2 2 2 2 2 2 2 2 2 2 2 2 2 2 2 2 2 2 2 2 2 2
left_child=2 3 5 7 10 22 12 14 23 -8 26 -12 -6 28 -2 -13 17 18 20 25 21 -9 -1 -7 -18 -11 -3 -10 29 -5
right_child=1 4 -4 13 6 8 9 16 27 19 11 15 -14 -15 -16 -17 24 -19 -20 -21 -22 -23 -24 -25 -26 -27 -28 -29 -30 -31
leaf_value=0.020878345803269638 0.0022113942037888068 0.0083286421866125265 -0.040108355181476298 -0.011153339652736358 0.012678701154915817 -0.017722247989433056 0.0095438129232925679 0.024618021930478864 -0.00069672700866755686 0.0038800088976131738 -0.01807222439559154 0.0057657856250096246 0.02122263025755973 -0.022126499718081508 0.025213527521733517 -0.0015296974788967729 0.035205723577134071 0.0099194227223907347 0.019779265002692795 -0.03266154000034769 -0.0052548996205145134 0.00046245753343034937 -0.0091996136922666769 -0.03043598285069974 -0.0060286371124791491 -0.023692636472345652 -0.0037846510022006884 -0.020427408383383278 -0.013425827530641921 0.0011056892611795606
leaf_weight=42.047236198559403 170.97646791301668 3493.9452679250389 2496.4846930876374 653.24685502611101 3724.7531462833285 258.97900943085551 7385.8220218494534 87.652680318802595 105.54189749155194 782.07906349003315 130.25068903807551 2071.9082700312138 930.33090734481812 322.80083310045302 169.15594417974353 1396.6049649938941 18.114362001419067 705.32160107605159 114.24020278826356 31.243236258625984 1389.5911493375897 802.38969156891108 425.81606699898839 1835.0262409448624 1217.7538193166256 43.669599045068026 235.10613524541259 340.35927560552955 1007.7495558895171 504.44765762612224
leaf_count=1339 3593 37759 223033 24048 16645 13132 35587 1262 6008 5271 3109 16256 3826 13695 2552 14569 529 9026 1950 176 30979 11478 13536 121594 18098 533 4646 19137 27923 12464
internal_value=-0.000657298 0.00544736 -0.031025 -0.00346904 0.00860535 -0.023464 0.0107303 0.000563247 -0.0265963 0.00865786 0.00486333 0.00206295 0.0143946 -0.0110397 0.0137314 0.00282905 -0.000475794 0.00147742 -0.0010161 0.00101797 -0.00207466 0.00289119 -0.00641912 -0.028882 -0.00536835 0.00236811 0.00756331 -0.0157812 -0.00936815 -0.00581896
internal_weight=32893.4 27389.2 5504.25 7163.44 20225.7 3007.77 12897.9 4675.2 2539.91 8242.81 7327.82 3598.76 4655.08 2488.24 340.132 3468.51 4335.06 3099.2 2393.87 856.992 2279.63 890.042 467.863 2094.01 1235.87 825.749 3729.05 445.901 2165.44 1157.69
internal_count=693753 295974 397779 157597 138377 174746 62038 79467 159871 41567 76339 33934 20471 78130 6145 30825 73322 54695 45669 5980 43719 12740 14875 134726 18627 5804 42405 25145 64435 36512
is_linear=0
shrinkage=0.05


Tree=39
num_leaves=31
num_cat=0
split_feature=6 6 4 4 4 6 3 2 4 4 2 1 2 1 4 2 1 1 6 2 4 2 1 3 2 6 4 6 4 1
split_gain=2221.46 299.619 160.249 61.7476 61.6396 52.7836 33.6162 31.5124 22.1453 22.1031 21.9954 30.1047 20.7449 19.426 19.239 23.9549 16.9054 16.697 16.0406 14.2095 14.1264 13.4718 12.416 14.7538 12.3246 13.6305 11.5634 11.4336 11.4225 12.4724
threshold=220.04000000000005 2493.0450000000005 300.50000000000006 15.500000000000002 16.500000000000004 22815.745000000006 274.50000000000006 2716.0150000000003 1.0000000180025095e-35 55.500000000000007 20116.000000000004 122.50000000000001 2544.6300000000006 24.500000000000004 1.5000000000000002 28633.675000000003 23.500000000000004 22.500000000000004 47875.92500000001 7242.4750000000013 34.500000000000007 3370.2700000000004 51.500000000000007 133.50000000000003 6681.2600000000011 2899.4400000000005 64.500000000000014 3692.4500000000003 1.5000000000000002 2.5000000000000004
decision_type=2 2 2 2 2 2 2 2 2 2 2 2 2 2 2 2 2 2 2 2 2 2 2 2 2 2 2 2 2 2
left_child=2 3 4 14 28 8 18 9 -3 -5 20 -12 -6 -9 15 17 -14 21 -7 -15 22 -2 24 -24 -10 -26 -21 -13 29 -1
right_child=1 5 -4 7 12 6 -8 13 10 -11 11 27 16 19 -16 -17 -18 -19 -20 26 -22 -23 23 -25 25 -27 -28 -29 -30 -31
leaf_value=0.037334718485989987 0.0090205040621649923 0.010384133070963357 -0.039273885133634168 -0.0098695303868529677 -0.028571837522964334 0.0094425525938271557 0.01500340108999774 0.0066412606027868989 0.0003085481481569243 -0.024897732851624329 0.010928008584454724 -0.021281589817903939 0.0042938605446187885 -0.010758085222872971 -0.0017169825523204133 0.060687677226835907 -0.021265785300163605 0.0013399446896361119 -0.0044428843387187781 0.0015554276988785866 -0.0058917273648105761 0.034563260386489339 -0.0081521657319241127 0.0035959090417813535 0.02659454434255339 0.0084907209621842197 -0.017552750554957686 0.0035157464322007701 -0.013605787389361496 -0.0037919605013790377
leaf_weight=18.179225344210863 387.06501473113894 3904.1238943263888 2484.2024366669357 671.70689365267754 1705.0419068383053 554.5304297991097 4147.0067841187119 316.07275490742177 430.8565194606781 387.39340561255813 3508.1499858833849 45.851252056658268 84.978043080307543 955.50476700998843 3228.5690044742078 16.932651165872812 261.26253529079258 1343.2894741483033 330.58328061178327 556.07532174140215 355.83001104556024 58.152972131967545 292.8927345611155 2858.7940172553062 111.95249125733972 1269.436268761754 90.274255626834929 1658.507682710886 525.24643167387694 211.29322319664061
leaf_count=520 5424 21548 229436 23710 115839 2693 17192 8844 4712 17485 20794 431 4880 27394 64457 178 15427 18889 1532 10629 4563 723 2420 22273 1270 9925 2434 8377 23527 5998
internal_value=-0.000355789 0.0053567 -0.0300197 -0.00278183 -0.0218046 0.00870554 0.0131158 -0.00848744 0.00716663 -0.0154031 0.00597221 0.00828046 -0.0262985 -0.0046565 0.000594401 0.00472505 -0.015004 0.00412802 0.00425812 -0.00689124 0.00370824 0.0124965 0.00439849 0.00249966 0.00769437 0.00999424 -0.00115928 0.00282448 -0.00955311 -0.000239397
internal_weight=32769.8 27479.6 5290.2 8011.04 2806 19468.5 5032.12 2977.03 14436.4 1059.1 10532.3 5212.51 2051.28 1917.93 5034.01 1805.44 346.241 1788.51 885.114 1601.85 5319.76 445.218 4963.93 3151.69 1812.25 1381.39 646.35 1704.36 754.719 229.472
internal_count=693524 297897 395627 180167 166191 117730 21417 90496 96313 41195 74765 29602 136146 49301 89671 25214 20307 25036 4225 40457 45163 6147 40600 24693 15907 11195 13063 8808 30045 6518
is_linear=0
shrinkage=0.05


Tree=40
num_leaves=31
num_cat=0
split_feature=5 8 4 8 2 2 1 2 4 1 1 2 1 1 1 2 5 5 1 1 2 2 4 5 1 1 1 5 2 2
split_gain=2068.61 276.602 147.689 107.499 47.9399 45.8859 41.1465 33.4018 34.4518 30.4443 27.2988 43.7929 37.9569 23.878 23.3961 22.5095 18.9397 22.006 18.7291 18.0533 17.4634 14.8887 14.0974 13.8343 19.5433 16.0301 13.7399 13.4615 12.7382 12.6027
threshold=2.5000000000000004 4.5000000000000009 336.50000000000006 2.5000000000000004 2655.3200000000002 14506.280000000002 30.500000000000004 2492.2050000000004 11.500000000000002 23.500000000000004 88.500000000000014 5861.3050000000012 10.500000000000002 43.500000000000007 3.5000000000000004 136133.35500000001 110.50000000000001 727.50000000000011 52.500000000000007 290.50000000000006 5057.9050000000007 21004.765000000003 1.0000000180025095e-35 271.50000000000006 233.50000000000003 231.50000000000003 8.5000000000000018 1224.0000000000002 465.78000000000003 61411.715000000004
decision_type=2 2 2 2 2 2 2 2 2 2 2 2 2 2 2 2 2 2 2 2 2 2 2 2 2 2 2 2 2 2
left_child=2 3 7 10 14 18 -6 8 26 -9 11 12 -2 29 -5 19 -17 23 -3 -7 -8 -15 -16 25 -25 -18 28 -19 -1 -13
right_child=1 5 -4 4 6 15 20 9 -10 -11 -12 13 -14 21 22 16 17 27 -20 -21 -22 -23 -24 24 -26 -27 -28 -29 -30 -31
leaf_value=-0.0091189848297675135 0.021135900172886288 0.0085304993418431029 -0.039207012950533096 0.027144332421375202 0.0051780219027899909 0.0096539742500824262 -0.015573284522439643 0.0035062063240826795 -0.027791453591156673 -0.020111366358193751 -0.0060159516953821671 0.015334469893105366 -0.0038446993818238955 0.0019322014616387252 -0.0015171999842924612 0.0080671510448130212 0.020489362200619986 -0.018445153238230004 0.0022284333723549847 -0.021601463556875214 -0.0049895159327953747 0.011217073624397561 -0.017615888271989039 0.019601345899218026 0.045184576234887606 -0.0027230424432076595 -0.018952065444440787 0.013207881611069325 0.02149374517194283 -0.02006084148172399
leaf_weight=105.52861233241856 164.78923897258937 1933.4705023895949 2306.9835649123415 30.560133036226034 884.70747294649482 10964.272955536842 524.39497862756252 217.97848736308515 1742.942802393809 360.49737754371017 734.65545385610312 965.76230879686773 1721.461423411034 1344.5968754561618 152.78176901489496 563.60492433980107 646.59193949401379 54.914997383952141 3021.3963234331459 44.583001106977463 1515.3806832674891 634.75344240665436 1265.0244376417249 182.82641834020615 131.39591757953167 83.515217408537865 216.91772979311645 79.960231184959412 47.68360831681639 24.169225141406059
leaf_count=4244 3422 20670 222582 820 17816 54615 16310 9370 120893 18947 7685 9695 40509 16390 2973 2398 2641 228 28834 187 25464 4405 49973 751 546 343 8967 327 1518 178
internal_value=-0.000321781 0.00502649 -0.0299175 -0.00163784 -0.00750839 0.00877611 -0.00381936 -0.0219321 -0.0248484 -0.0112305 0.00295536 0.00431466 -0.00164223 0.00809736 -0.0149416 0.0103628 0.0156477 0.019251 0.00469005 0.0095235 -0.00772303 0.00491806 -0.0158857 0.0217013 0.0305174 0.017834 -0.0109145 0.000239015 0.000562681 0.0144316
internal_weight=32668.1 27669.6 4998.53 9963.04 4372.85 17706.5 2924.48 2691.55 2113.07 578.476 5590.19 4855.53 1886.25 2969.28 1448.37 12751.7 1742.81 1179.2 4954.87 11008.9 2039.78 1979.35 1417.81 1044.33 314.222 730.107 370.13 134.875 153.212 989.932
internal_count=693701 307180 386521 195640 113356 111540 59590 163939 135622 28317 82284 74599 43931 30668 53766 62036 7234 4836 49504 54802 41774 20795 52946 4281 1297 2984 14729 555 5762 9873
is_linear=0
shrinkage=0.05


Tree=41
num_leaves=31
num_cat=0
split_feature=5 6 4 6 4 6 6 5 4 1 5 0 5 5 4 1 5 1 6 0 4 1 1 1 4 6 6 5 4 4
split_gain=1945.67 250.905 134.447 57.9869 54.534 50.3725 37.6086 29.105 24.9712 24.2487 20.2953 16.5446 16.43 15.427 17.1308 15.1875 14.6767 13.7386 14.0443 12.2988 11.8316 11.6044 14.6539 13.326 10.6398 10.5274 10.5259 16.2578 9.91576 9.65999
threshold=2.5000000000000004 1955.8800000000003 516.50000000000011 11949.950000000003 2.5000000000000004 162.63500000000002 626.35000000000002 28.500000000000004 58.500000000000007 5.5000000000000009 32.500000000000007 1.0000000180025095e-35 12.500000000000002 2981.0000000000005 1.5000000000000002 27.500000000000004 236.50000000000003 42.500000000000007 1061.5100000000002 5.5000000000000009 115.50000000000001 150.50000000000003 132.50000000000003 173.50000000000003 30.500000000000004 5071.4100000000008 47875.92500000001 87.500000000000014 4.5000000000000009 3.5000000000000004
decision_type=2 2 2 2 2 2 2 2 2 2 2 2 2 2 2 2 2 2 2 2 2 2 2 2 2 2 2 2 2 2
left_child=2 4 5 11 9 -1 12 -5 19 -2 15 21 -6 14 26 -11 24 20 -19 -7 -8 22 -3 25 -16 -23 -9 -28 -18 -24
right_child=1 3 -4 7 6 8 17 13 -10 10 -12 -13 -14 -15 16 -17 28 18 -20 -21 -22 23 29 -25 -26 -27 27 -29 -30 -31
leaf_value=-0.026462400387204457 0.035653568622065583 0.0077729438566065722 -0.039743287027276426 -0.000268889538091985 -0.012818775572568747 0.0048511530238716221 0.0013459221210888194 0.011923824629580179 -0.022530334914474325 0.0065458757279147897 0.014619949200527444 0.0038728764885485132 0.0039078418688083764 -0.016150399613103446 0.0102420390202558 -0.0033675720890726682 0.0047088472711316132 -0.013145374889786177 -0.0026469693645799711 -0.011941397321289432 -0.030198126094027885 -0.025416923256824264 0.02322569335948025 0.0084005282224281375 -0.012244197003793388 -0.0016817976094139733 0.0041582123189978946 0.01925912520195279 -0.014261461237987133 -0.00016075258823549266
leaf_weight=2205.956975819543 55.225942309945822 3505.000201728195 1931.3618350019678 573.78412350639701 1853.8667545691133 216.26059041637927 1475.8281238302588 3345.8806683272123 288.74148857872933 623.96087400615215 295.93391685560346 7624.9515657611191 158.53773989342153 48.937606155872345 3067.26613561064 1007.3069415446371 205.86958481371403 474.23715699277818 966.38802156597376 216.24122818280011 28.338066335767508 60.381212532520294 252.62522268295288 268.01881566271186 51.921892188489437 187.3426553234458 209.8590430021286 1230.6628736257553 101.05508820712566 53.386467143893242
leaf_count=158547 810 24728 197083 3738 75215 6962 34050 13959 15064 10345 3103 64885 4269 199 13589 17039 857 11659 16665 9152 914 473 1445 1463 330 953 874 5056 461 379
internal_value=-0.000315087 0.00479996 -0.0294953 0.00754799 -0.00343128 -0.0227112 -0.00623353 0.0106195 -0.0111965 0.00357515 0.00261991 0.00527596 -0.0114985 0.0113757 0.0115436 0.0004277 0.00883414 -0.00263022 -0.00611636 -0.00356107 0.000712331 0.00774564 0.00869776 0.000703682 0.00986013 -0.00762432 0.0134785 0.017068 -0.00158903 0.0191712
internal_weight=32585.1 27726.6 4858.56 20786.9 6939.62 2927.2 4957.2 8835.24 721.243 1982.43 1927.2 11951.7 2012.4 8261.45 8212.52 1631.27 3426.11 2944.79 1440.63 432.502 1504.17 4326.75 3811.01 515.743 3119.19 247.724 4786.4 1440.52 306.925 306.012
internal_count=694266 307458 386808 133389 174069 189725 142772 39063 31178 31297 30487 94326 79484 35325 35126 27384 15237 63288 28324 16114 34964 29441 26552 2889 13919 1426 19889 5930 1318 1824
is_linear=0
shrinkage=0.05


Tree=42
num_leaves=31
num_cat=0
split_feature=6 2 4 4 4 4 2 2 6 1 5 1 4 1 1 4 4 1 5 1 2 3 3 1 3 1 3 8 6 3
split_gain=1786.03 217.289 158.706 88.3635 57.7993 34.8363 29.9752 24.1828 23.0061 26.3764 23.0665 21.7857 20.3398 19.8164 19.6398 15.6863 14.9079 14.7199 12.9926 22.6114 12.9741 13.7279 12.41 12.2466 25.7786 12.1343 12.1224 12.0655 17.2895 12.5312
threshold=220.04000000000005 13423.850000000002 341.50000000000006 15.500000000000002 1.5000000000000002 1.0000000180025095e-35 5861.3050000000012 2441.5550000000007 1321.1800000000003 39.500000000000007 4.5000000000000009 23.500000000000004 16.500000000000004 48.500000000000007 9.5000000000000018 13.500000000000002 117.50000000000001 133.50000000000003 91.500000000000014 112.50000000000001 91937.650000000009 411.50000000000006 26.500000000000004 43.500000000000007 102.50000000000001 155.50000000000003 5.5000000000000009 2.5000000000000004 5778.7350000000015 118.50000000000001
decision_type=2 2 2 2 2 2 2 2 2 2 2 2 2 2 2 2 2 2 2 2 2 2 2 2 2 2 2 2 2 2
left_child=2 3 4 8 26 18 16 12 14 10 -10 -9 -6 27 -2 -7 -5 -17 19 -3 25 -22 -12 24 -16 -20 -1 28 29 -8
right_child=1 5 -4 6 7 15 13 11 9 -11 22 -13 -14 -15 23 17 -18 -19 20 -21 21 -23 -24 -25 -26 -27 -28 -29 -30 -31
leaf_value=0.035479037104252091 0.013695858885790783 0.012512538005821206 -0.038427588958583524 -0.0098186847356913839 -0.014755720298139305 0.0077111101499562967 0.028526836851163036 0.0077168920890006258 -0.02091230416215728 0.001873017558396012 0.025649867843029757 -0.017961411120082191 -0.027163640528427763 -0.0078286941049160782 -0.0032445525659203648 0.0039274709694733919 -0.026368931809069324 -0.012717439070168306 0.015266793876381019 0.0019692406468355041 0.00049531656473718604 0.020479126557753583 0.0092296966338471838 -0.0072899443270862223 0.012583119738515003 0.0068989924367173329 -0.0002683621233333004 -0.00023734480581622645 -0.018598375258423859 0.002217673322351392
leaf_weight=24.857103060930967 195.12880591489375 1565.1582272537053 2124.2743954621255 1950.015592972748 423.21084945835173 9029.1827429626137 127.98898556269705 108.01193515583873 58.732900556176901 3903.1092680059373 123.72328351438046 336.26472869329154 1649.9965960131958 620.57626560889184 1267.6560657061636 1662.8024296155199 145.2786815809086 142.39969536848366 976.88164725154638 754.06669588387012 94.729739278554916 934.74448285996914 1479.6398815326393 916.89140928164124 320.62631090916693 787.57042061537504 202.51676852814853 460.43866681773216 33.693689666688442 69.988920135423541
leaf_count=682 3927 8230 221486 65234 19938 49685 1734 6209 945 37816 1226 19868 122092 11226 28291 14905 7073 1133 4192 3778 380 3855 15121 19187 7066 3352 5808 8558 286 983
internal_value=-0.00024822 0.00467435 -0.0281628 -0.000509104 -0.0201966 0.00846819 -0.00728143 -0.0223757 0.0022843 0.0041213 0.00939237 -0.0117119 -0.0246474 -0.00135374 -0.00150192 0.00686045 -0.0109903 0.00260185 0.0118709 0.00908917 0.0141718 0.0186448 0.0105271 -0.00269566 -3.76162e-05 0.0115438 0.00391492 0.00445782 0.0137115 0.0193412
internal_weight=32490.2 27621 4869.13 11673.5 2744.86 15947.5 3407.98 2517.48 8265.51 5565.21 1662.1 444.277 2073.21 1312.69 2700.3 10834.4 2095.29 1805.2 5113.15 2319.22 2793.93 1029.47 1603.36 2505.17 1588.28 1764.45 227.374 692.11 231.672 197.978
internal_count=694266 298183 396083 208673 174597 89510 95094 168107 113579 55108 17292 26077 142030 22787 58471 65723 72307 16038 23787 12008 11779 4235 16347 54544 35357 7544 6490 11561 3003 2717
is_linear=0
shrinkage=0.05


Tree=43
num_leaves=31
num_cat=0
split_feature=5 2 4 4 6 5 6 4 4 3 2 4 0 2 2 3 6 0 3 5 3 0 4 3 5 2 4 5 5 3
split_gain=1657.44 181.995 133.933 63.7713 42.5048 37.2134 26.0947 25.4671 24.5017 22.079 21.224 17.7278 16.6237 16.4799 22.9676 16.3509 14.2636 13.8911 13.1847 35.3996 12.9478 12.5827 12.5303 12.2076 12.8691 12.1002 11.7801 11.5813 11.552 17.1128
threshold=2.5000000000000004 7242.4750000000013 336.50000000000006 16.500000000000004 159.00500000000002 42.500000000000007 22815.745000000006 59.500000000000007 1.0000000180025095e-35 230.50000000000003 3154.1800000000007 9.5000000000000018 18.500000000000004 78811.665000000023 20116.000000000004 345.50000000000006 16536.615000000002 5.5000000000000009 360.50000000000006 126.50000000000001 46.500000000000007 1.5000000000000002 8.5000000000000018 282.50000000000006 101.50000000000001 3447.6850000000004 89.500000000000014 35.500000000000007 4.5000000000000009 20.500000000000004
decision_type=2 2 2 2 2 2 2 2 2 2 2 2 2 2 2 2 2 2 2 2 2 2 2 2 2 2 2 2 2 2
left_child=2 3 4 8 10 13 9 21 20 17 22 -11 25 14 15 -3 -16 -7 19 -8 -2 -6 -1 -13 -25 -5 -14 -17 -10 -30
right_child=1 5 -4 12 7 6 18 -9 28 11 -12 23 26 -15 16 27 -18 -19 -20 -21 -22 -23 -24 24 -26 -27 -28 -29 29 -31
leaf_value=-0.014949195998434688 0.015558304927577517 0.003663582002426571 -0.037649569392379539 -0.01695678324889751 0.010904612708840427 0.015032710906464989 0.01140082089718112 -0.021918480442788567 -0.0089017631478355772 0.0061650969064535321 -0.0085147218701778545 -0.023567921092389144 -0.0014432170420980777 -0.0062267442764325671 0.0094282527848930774 -0.0011577876602136749 0.00052827564665515405 -0.001356416910847522 0.012840512617041014 -0.011339203942675203 0.0037856894266332475 -0.0078506932938622511 -0.028082522192565323 0.0037299003574876319 -0.018247105769083206 -0.0078719431610961461 -0.018582555799080299 -0.017066200849055496 0.01631117522523302 -0.0011638994232982397
leaf_weight=216.91095990221947 304.23837820254266 4628.1302530821413 2056.492384199053 760.0144213065505 121.66536305937916 1000.7827485501766 755.34102873504162 279.63646733295172 450.49605255760252 5310.7388609573245 188.19553564954549 65.54414463788271 737.32677497155964 359.95834233798087 2730.3739706240594 494.67551609966904 539.28552863374352 148.06429932266474 3628.785394705832 219.36015053838491 993.16074822098017 321.51996988244355 1417.5502156158909 333.18811580166221 81.135062519460917 718.50078948587179 114.11034972313792 146.95595131628215 144.75264719128609 3086.7431284319609
leaf_count=9412 4050 50322 222199 31489 3615 5345 3210 15213 14582 27282 11891 457 24451 2105 19168 5925 2920 970 14907 903 12101 13200 111494 2161 519 19156 5319 1228 2549 56193
internal_value=-0.000370467 0.00423856 -0.0281545 -0.00253237 -0.0204598 0.00665958 0.00853286 -0.0101603 0.000662993 0.00659313 -0.0245288 0.00533351 -0.00935598 0.00422848 0.00467055 0.00262639 0.00796154 0.0129218 0.0114527 0.00627035 0.00656605 -0.00267604 -0.02636 -0.00385714 -0.000640743 -0.0125585 -0.00377841 -0.00484308 -0.00141946 -0.000371511
internal_weight=32353.6 27751.7 4601.97 7309.34 2545.48 20442.3 11542.9 722.822 4979.39 6939.45 1822.66 5790.61 2329.95 8899.38 8539.42 5269.76 3269.66 1148.85 4603.49 974.701 1297.4 443.185 1634.46 479.867 414.323 1478.52 851.437 641.631 3681.99 3231.5
internal_count=694336 307312 387024 169890 164825 137422 55754 32028 89475 36734 132797 30419 80415 81668 79563 57475 22088 6315 19020 4113 16151 16815 120906 3137 2680 50645 29770 7153 73324 58742
is_linear=0
shrinkage=0.05


Tree=44
num_leaves=31
num_cat=0
split_feature=6 5 4 6 4 2 1 2 2 1 6 4 2 1 4 5 1 3 3 3 2 1 5 4 6 4 5 3 3 3
split_gain=1570.95 174.733 146.611 59.6446 49.4045 44.8701 32.0473 29.7327 29.1742 23.8137 24.0234 22.2478 22.1193 21.1878 19.4426 19.7078 18.2867 17.8255 17.6767 17.6138 18.0722 23.4511 16.7194 16.5753 16.3641 16.1125 14.6674 14.4742 17.4424 13.31
threshold=220.04000000000005 12.500000000000002 516.50000000000011 9472.2050000000017 16.500000000000004 5177.7850000000008 31.500000000000004 2441.5550000000007 2544.6300000000006 44.500000000000007 5409.0600000000013 41.500000000000007 19241.770000000004 61.500000000000007 16.500000000000004 2981.0000000000005 10.500000000000002 19.500000000000004 173.50000000000003 776.50000000000011 177921.78000000003 286.50000000000006 111.50000000000001 50.500000000000007 5984.0550000000012 30.500000000000004 245.50000000000003 115.50000000000001 27.500000000000004 121.50000000000001
decision_type=2 2 2 2 2 2 2 2 2 2 2 2 2 2 2 2 2 2 2 2 2 2 2 2 2 2 2 2 2 2
left_child=2 5 4 13 -1 6 8 -6 11 10 23 17 -11 24 15 19 -9 -2 -19 26 21 -21 -22 -7 -3 -15 -5 28 -10 -29
right_child=1 3 -4 14 7 9 -8 16 27 12 -12 -13 -14 25 -16 -17 -18 18 -20 20 22 -23 -24 -25 -26 -27 -28 29 -30 -31
leaf_value=-0.0087881517202158758 0.0066910956139048699 0.005225384378820145 -0.038610381358142508 0.0091764402193848914 -0.026554424648121518 0.011418207952143343 -0.014748666834663303 0.037481608906691888 0.018383714194500338 -0.0072494789043511436 -0.0084386307455680456 -0.018155786490834758 0.0093742140524883649 0.0027145451909347967 -0.00047408677603549653 -0.021538433090435644 -0.013383064998553983 -0.0090223934047619688 0.045017237992988686 0.01191914184993687 -0.00039525816143162995 -0.019711529975287207 0.023680168006707344 -0.0050324818053558073 0.012832134469601485 -0.011506929652052019 1.771781202137876e-05 0.072035253379077638 -0.0019143454248571801 0.014714346045827659
leaf_weight=722.78795903921127 272.99827563948929 3713.4052396062762 1717.5504879513755 6485.8503358960152 1804.9558131629601 1010.6107203401625 962.31760736275464 16.699828478507698 125.92719832528383 906.94291385263205 237.16144165769219 396.37697774171829 254.74703994765878 6671.7021869719028 486.26778319478035 48.223037108778954 351.92607698775828 804.67693590372801 13.467681530863045 2160.7670830562711 82.610022626817226 58.488841965794563 562.01286497712135 179.21706881094724 873.53892659395933 203.34700174257159 468.7327436208725 10.483363961800931 611.33157769124955 63.456249620765448
leaf_count=30115 6613 46030 196683 29087 145271 15366 29919 1043 2615 18051 2333 18863 3123 55394 2956 196 22778 23416 371 9040 342 242 2355 4378 5318 2861 1993 264 15714 1605
internal_value=-2.93176e-05 0.00447593 -0.0270326 0.00653353 -0.0201451 -0.00319693 -0.00709677 -0.0239101 -0.0038834 0.00171749 0.00604066 -0.00803927 -0.00359422 0.00404768 0.00928435 0.00976528 -0.0108889 -0.00433777 -0.00802522 0.00992338 0.0132275 0.0110685 0.0206032 0.00893605 0.00667898 0.00229068 0.00855933 0.00373837 0.00159301 0.0245246
internal_weight=32278.6 27664.7 4613.92 21814.9 2896.37 5849.72 3261.04 2173.58 2298.72 2588.68 1426.99 1487.52 1161.69 11462 10353 9866.68 368.626 1091.14 818.145 9818.46 2863.88 2219.26 644.623 1189.83 4586.94 6875.05 6954.58 811.198 737.259 73.9396
internal_count=694335 298445 395890 155814 199207 142631 99380 169092 69461 43251 22077 49263 21174 109603 46211 43255 23821 30400 23787 43059 11979 9282 2697 19744 51348 58255 31080 20198 18329 1869
is_linear=0
shrinkage=0.05


Tree=45
num_leaves=31
num_cat=0
split_feature=6 4 4 2 2 4 2 4 4 3 5 1 5 5 1 3 1 1 1 3 2 1 2 5 4 6 2 2 5 3
split_gain=1433.4 184.322 103.108 68.5926 60.8651 39.6831 21.4063 20.0482 18.4095 17.479 22.2188 23.8065 21.0219 16.478 16.0118 19.1309 17.0252 16.2204 15.6681 15.0065 14.2731 14.0473 13.3097 12.5456 12.0179 11.571 11.3577 11.2734 12.1526 11.2134
threshold=131.29000000000005 15.500000000000002 623.50000000000011 13947.795000000002 7443.6900000000014 16.500000000000004 3154.1800000000007 1.0000000180025095e-35 84.500000000000014 27.500000000000004 11.500000000000002 51.500000000000007 5.5000000000000009 42.500000000000007 160.50000000000003 242.50000000000003 59.500000000000007 58.500000000000007 26.500000000000004 230.50000000000003 5177.7850000000008 31.500000000000004 10575.630000000001 2.5000000000000004 109.50000000000001 36582.685000000005 4306.3400000000011 136133.35500000001 10.500000000000002 118.50000000000001
decision_type=2 2 2 2 2 2 2 2 2 2 2 2 2 2 2 2 2 2 2 2 2 2 2 2 2 2 2 2 2 2
left_child=2 3 5 9 8 19 -7 27 -3 12 20 -12 -2 26 15 17 22 24 -8 23 21 29 -17 -1 25 -6 -13 28 -5 -11
right_child=1 4 -4 7 14 6 18 -9 -10 10 11 13 -14 -15 -16 16 -18 -19 -20 -21 -22 -23 -24 -25 -26 -27 -28 -29 -30 -31
leaf_value=-0.015898123645845041 0.0001870159023384444 -0.0080782109929267952 -0.038952609662043898 0.034784103596552395 0.0034618524198343696 -0.02717422009993244 0.012235414609744729 0.0062624328648482599 -0.018992411793241144 -0.0038026334391330161 0.0067259031554915139 -0.014942018954578085 0.018975126612347026 0.0041558761421367375 -0.028004880722908854 -0.0038492137319777633 0.0047209393930837075 -0.0093572655419649833 -0.019129329355629412 0.051372316257143627 0.00226799223253322 -0.012691633491612951 0.035204795703125132 0.0023006271813006541 -0.026183511700004561 -0.027977845543780907 -0.0015088366028075193 0.015670967184359803 0.0088749434801265806 0.01752014076759937
leaf_weight=289.23122794553638 276.84810842666775 2342.531386366114 1553.9926533382386 44.005839910358191 1036.9116059914231 1658.2807522090152 58.275990176014602 9204.2501062192023 462.95331924874336 778.92622826807201 2510.377912003547 170.50672002881765 320.20483145676553 1587.6868387870491 45.024462874047458 28.643795941025019 706.97707256581634 484.42297395225614 116.63065385259688 8.2407721225172264 828.4536935146898 500.15907213371247 84.842609942890704 139.65190467424691 35.599129588343203 28.128030259162188 1799.5686210449785 792.58983261138201 4209.1882492005825 64.966634392738342
leaf_count=14771 7154 79636 186141 407 13305 143487 3669 50234 24395 19815 28259 3218 4324 12305 448 431 7156 6159 8191 337 13579 13850 816 5027 951 197 21139 3321 19527 1522
internal_value=-0.000293794 0.00358379 -0.0290193 0.00550758 -0.00486554 -0.0221918 -0.025419 0.00765363 -0.00989149 0.0020463 0.00144645 0.00299971 0.010293 0.00036819 0.000891733 0.00145541 0.00764333 -0.00175319 -0.00865893 -0.00860361 -0.0028908 -0.00606925 0.0254517 -0.00998912 0.00160448 0.00258064 -0.00268543 0.0101879 0.00915924 -0.00212357
internal_weight=32168.1 28343.8 3824.3 23087.7 5256.03 2270.31 1833.19 14250 2805.48 8837.7 8240.65 6068.14 597.053 3557.76 2450.55 2405.53 820.463 1585.06 174.907 437.124 2172.51 1344.05 113.486 428.883 1100.64 1065.04 1970.08 5045.78 4253.19 843.893
internal_count=693771 332148 361623 198654 133494 175482 155347 73489 104031 125165 113687 64921 11478 36662 29463 29015 8403 20612 11860 20135 48766 35187 1247 19798 14453 13502 24357 23255 19934 21337
is_linear=0
shrinkage=0.05


Tree=46
num_leaves=31
num_cat=0
split_feature=6 2 4 4 4 5 1 4 5 1 2 5 2 5 1 2 1 1 2 6 2 2 1 6 2 1 5 1 1 1
split_gain=1349.28 213.999 85.5483 84.3477 34.1948 32.1425 29.3159 23.0696 22.4352 38.2562 30.3992 19.9528 19.5579 19.1236 18.494 16.9171 18.9365 16.8931 16.0876 15.9107 23.8917 15.7039 16.4246 15.5286 15.3516 18.2315 14.3683 13.9458 13.8003 13.0397
threshold=119.84000000000002 7242.4750000000013 516.50000000000011 34.500000000000007 7.5000000000000009 32.500000000000007 74.500000000000014 6.5000000000000009 25.500000000000004 30.500000000000004 3370.2700000000004 2981.0000000000005 3447.6850000000004 181.50000000000003 23.500000000000004 4407.0950000000003 66.500000000000014 6.5000000000000009 10241.440000000001 14765.125000000002 20116.000000000004 21004.765000000003 171.50000000000003 14765.125000000002 2544.6300000000006 31.500000000000004 12.500000000000002 9.5000000000000018 21.500000000000004 153.50000000000003
decision_type=2 2 2 2 2 2 2 2 2 2 2 2 2 2 2 2 2 2 2 2 2 2 2 2 2 2 2 2 2 2
left_child=2 3 4 8 27 6 19 11 9 10 17 23 -6 21 -14 -11 -17 -2 -16 20 -3 -9 -23 29 -5 -26 28 -1 -19 -7
right_child=1 5 -4 24 12 7 -8 13 -10 15 -12 -13 14 -15 18 16 -18 26 -20 -21 -22 22 -24 -25 25 -27 -28 -29 -30 -31
leaf_value=0.0081401101105623343 0.012423140460873353 0.0044521809246868731 -0.037493483145316857 -0.018577561376295303 -0.026134133887506433 0.0078552129403405193 -0.0014440550158911444 -0.0024228108570973819 0.0045611559543645066 -0.011625076460802396 0.010559385872356948 -0.024412644548054935 0.020718661742652411 -0.017193835897715764 -0.025150857596732107 0.00017919326744473193 -0.016377081075334522 -0.0020344029949410994 0.031687486639822869 -0.0037517834612669065 0.013027714126251181 0.0085415606988660329 -0.013050267515841896 0.010423043549412184 -0.00092318700475150302 -0.016010394167361903 0.0070169112188076185 -0.014547459931617913 -0.012967346680284868 0.0013658868253316298
leaf_weight=109.3607287928462 187.59668417368084 3456.6377104334533 1584.96563310083 801.10218992549926 1620.1163718653843 4462.621133800596 2097.045169104822 645.75746555626392 1474.5361827984452 1108.3446952262893 702.45924599282444 43.854425400495529 41.324230568483472 110.57739588618279 93.785323278047144 919.83594656456262 210.62027452047914 911.04814155213535 12.569153863005338 414.27446661144495 1061.4159891838208 1261.9614694081247 92.918578114360571 6059.9228837937117 386.24670628365129 414.3691126210615 274.79262779280543 171.72229546867311 421.14970782212913 937.64957241341472
leaf_count=4159 4808 39362 195976 42498 139748 25367 21537 5300 16491 29895 11593 178 2474 577 6639 17061 4613 26253 859 2604 8121 6404 488 25039 12351 14641 4419 7025 13116 4917
internal_value=-7.71698e-05 0.00358721 -0.0287592 -0.00346076 -0.0219726 0.0062543 0.00350706 0.00767193 -0.000820685 -0.00249757 0.00175732 0.00855361 -0.0245466 0.0028641 -0.00701371 -0.00724061 -0.00292895 -0.00169601 -0.0179727 0.00561183 0.00647168 0.00398879 0.00704373 0.008684 -0.0136834 -0.0087522 -0.00335764 -0.00572528 -0.00550491 0.00672939
internal_weight=32090.6 28456.7 3633.84 7812.1 2048.88 20644.6 7029.37 13615.3 6210.38 4735.85 2497.05 11504 1767.8 2111.21 147.679 2238.8 1130.46 1794.59 106.354 4932.33 4518.05 2000.64 1354.88 11460.2 1601.72 800.616 1606.99 281.083 1332.2 5400.27
internal_count=694513 337633 356880 197739 160904 139894 71624 68270 128249 111758 60189 55501 149720 12769 9972 51569 21674 48596 7498 50087 47483 12192 6892 55323 69490 26992 43788 11184 39369 30284
is_linear=0
shrinkage=0.05


Tree=47
num_leaves=31
num_cat=0
split_feature=6 2 4 4 2 4 1 5 2 2 1 5 2 4 5 5 5 1 5 1 6 5 3 1 1 3 3 2 1 2
split_gain=1211.07 166.268 88.4543 65.1525 32.3123 26.8763 25.9724 31.2306 21.651 20.0064 17.1122 19.3702 22.4927 16.6512 17.7312 15.7169 15.4565 15.3211 28.4292 15.3055 14.971 23.5194 14.1244 13.9507 13.7476 15.952 13.5916 15.7219 13.4843 13.4194
threshold=131.29000000000005 7242.4750000000013 623.50000000000011 34.500000000000007 16281.775000000003 11.500000000000002 30.500000000000004 25.500000000000004 3370.2700000000004 3154.1800000000007 75.500000000000014 37.500000000000007 11687.245000000001 1.5000000000000002 2981.0000000000005 445.50000000000006 10.500000000000002 221.50000000000003 268.50000000000006 3.5000000000000004 7439.2750000000005 251.50000000000003 248.50000000000003 13.500000000000002 21.500000000000004 173.50000000000003 209.50000000000003 14506.280000000002 294.50000000000006 5304.4100000000008
decision_type=2 2 2 2 2 2 2 2 2 2 2 2 2 2 2 2 2 2 2 2 2 2 2 2 2 2 2 2 2 2
left_child=2 3 5 6 10 19 8 29 16 -7 -3 12 -12 14 17 -15 24 -6 -19 -1 21 26 -21 -18 25 -2 -13 -28 -20 -8
right_child=1 4 -4 -5 13 9 7 -9 -10 -11 11 20 -14 15 -16 -17 23 18 28 22 -22 -23 -24 -25 -26 -27 27 -29 -30 -31
leaf_value=0.018606889619598627 -0.00046707194285784318 0.0045645354446658603 -0.037068932849060647 -0.012245033226097374 0.0080541195906425802 -0.025277992397255335 -0.0099709950118762585 0.0028055916907006005 0.0098293494254687898 -0.0074794219944536115 -0.014160878696752761 0.019407954590205344 0.001614792138344327 0.0055063714424183063 -0.022252715880710761 -0.013640231388619091 0.02278296657396188 0.0030871330423490255 0.028115924720172453 -0.014001183379401289 -0.0082175113335755806 0.039925374411440819 0.052893524631153425 0.0030511960255359379 -0.01115663973149145 0.059635330437724482 -0.0014298324315301608 0.014573422944104462 0.0037435978675145198 -0.0017832612635038749
leaf_weight=43.631674666889012 983.94602611567825 3908.0127941127867 1442.739437289536 1532.7432538159192 6315.3812119551003 1634.1543717188761 1450.6686309725046 1221.0271657295525 799.5731471888721 177.04048737883568 467.46572784148157 121.4413181245327 434.87940910086036 7341.0693537797779 44.354616105556488 106.92370260506868 110.61015903018415 263.16525387763977 345.3038729429245 314.00112670753151 248.06401918828487 45.04583066701889 6.1647459007799617 442.15820645727217 361.62176791578531 9.1650909716263396 765.93324996903539 189.84152057394385 68.637865826487541 764.9761183205992
leaf_count=1729 28253 41311 186309 66435 29091 147466 37379 13847 12234 12168 7029 869 4947 44095 180 462 1384 1119 1444 13901 1288 273 227 7127 11688 226 5955 1294 289 13658
internal_value=-0.000225112 0.00325294 -0.0274596 -0.00302998 0.00558688 -0.0210572 -0.000727768 -0.00361214 0.00293395 -0.0235484 0.00255904 -0.000890522 -0.00657114 0.00687832 0.00862318 0.00522791 3.63112e-05 0.00882534 0.0159736 -0.00859345 0.00285423 0.00531179 -0.0123928 0.00706747 -0.00283878 0.000206335 0.00379305 0.00177262 0.0241121 -0.00714825
internal_weight=31959.7 28342 3617.73 7676.49 20665.5 2174.99 6143.75 3436.67 2707.07 1811.19 6180.68 2272.67 902.345 14484.8 7036.84 7447.99 1907.5 6992.49 677.107 363.798 1370.33 1122.26 320.166 552.768 1354.73 993.111 1077.22 955.775 413.942 2215.64
internal_count=693677 331877 361800 192231 139646 175491 125796 64884 60912 159634 62966 21655 11976 76680 32123 44557 48678 31943 2852 15857 9679 8391 14128 8511 40167 28479 8118 7249 1733 51037
is_linear=0
shrinkage=0.05


Tree=48
num_leaves=31
num_cat=0
split_feature=5 8 4 8 6 6 3 5 3 4 6 5 5 3 5 8 0 3 5 5 4 6 6 0 5 3 5 4 4 3
split_gain=1165.89 132.894 116.46 65.8564 36.4887 24.1902 20.3662 21.0853 18.2338 18.0868 16.916 14.6956 13.3219 12.9248 15.5096 12.1719 12.0802 12.1645 11.8048 12.1917 14.2001 11.5435 16.4775 11.2297 11.1938 13.5733 11.1007 10.6478 10.1464 10.1038
threshold=2.5000000000000004 4.5000000000000009 341.50000000000006 2.5000000000000004 159.00500000000002 21369.865000000002 776.50000000000011 258.50000000000006 17.500000000000004 58.500000000000007 1260.7950000000003 68.500000000000014 102.50000000000001 173.50000000000003 94.500000000000014 1.0000000180025095e-35 22.500000000000004 45.500000000000007 464.50000000000006 2981.0000000000005 1.5000000000000002 32681.165000000005 26830.130000000005 1.5000000000000002 53.500000000000007 485.50000000000006 105.50000000000001 34.500000000000007 38.500000000000007 264.50000000000006
decision_type=2 2 2 2 2 2 2 2 2 2 2 2 2 2 2 2 2 2 2 2 2 2 2 2 2 2 2 2 2 2
left_child=2 3 4 8 -1 -3 7 24 -2 23 28 -8 27 16 -15 -4 -5 -18 21 20 -20 22 -13 -6 25 -7 -23 -12 -10 -26
right_child=1 5 15 13 9 6 11 -9 10 -11 12 18 -14 14 -16 -17 17 -19 19 -21 -22 26 -24 -25 29 -27 -28 -29 -30 -31
leaf_value=-0.022196297265886462 0.01929227265953579 0.0046651559829404199 -0.043353134554822807 -0.0089334453384045439 0.010784514979327876 0.0043306387768644941 -0.010194309548617424 -0.0075347033760735111 -0.002001792410689316 -0.018746033467533472 0.0044005761363201971 0.01767087045427608 -0.01802158084355655 0.00037265036855006252 -0.044300681766106513 -0.032912971582016629 -0.0098556576619473514 0.0042886410090908532 0.012773010741014557 -0.01668642956669953 -0.01280784388117414 0.0047600907739692479 -0.002819021164114545 -0.0071429166229613171 0.002468914614706867 -0.01746877489977898 0.02020598475776797 -0.0066974308746793323 -0.022241596210741357 0.010818771870321479
leaf_weight=1645.8813521880656 148.90851726848632 12887.531335143372 388.8379123788327 2745.7757530938834 119.42180008720607 518.05345793068409 66.989327982068062 256.54009974002838 1418.1826633978635 263.29065062943846 3695.637153737247 210.59903712570667 69.5719895362854 847.89571303036064 17.883644659072161 1327.6365564512089 248.32620986737311 385.14058491494507 392.58682371675968 48.346972793340683 61.250089570879936 134.20422379672527 181.32403281331062 309.66627637296915 460.3694272339344 80.78121092915535 948.08055177330971 227.80299460329115 62.788881259039044 1723.4712601453066
leaf_count=133599 2995 90457 51498 75339 3539 2346 280 1050 36772 15350 36961 853 457 16378 154 170269 9977 11470 1632 197 253 542 730 12999 1904 346 3929 2699 2386 7029
internal_value=-0.000390343 0.00325873 -0.0254325 -0.00140303 -0.0181462 0.00581851 0.00873999 0.00613803 0.00214586 -0.00848223 0.00167256 0.0126002 0.0033649 -0.00610265 -0.000650102 -0.0353257 -0.00749841 -0.00126965 0.0133823 0.00672345 0.00927956 0.0156385 0.008225 -0.00212655 0.00740306 0.0013416 0.018303 0.00375312 -0.00288874 0.00906243
internal_weight=31892.8 27838 4054.73 9867.91 2338.26 17970.1 5082.6 3039.22 5622.89 692.379 5473.98 2043.38 3993.01 4245.02 865.779 1716.47 3379.24 633.467 1976.39 502.184 453.837 1474.21 391.923 429.088 2782.68 598.835 1082.28 3923.44 1480.97 2183.84
internal_count=694390 307136 387254 195588 165487 111548 21091 12675 82270 31888 79275 8416 40117 113318 16532 221767 96786 21447 8136 2082 1885 6054 1583 16538 11625 2692 4471 39660 39158 8933
is_linear=0
shrinkage=0.05


Tree=49
num_leaves=31
num_cat=0
split_feature=4 2 2 4 7 4 8 1 4 1 3 0 0 1 3 8 1 2 2 1 4 2 3 4 4 1 1 0 3 8
split_gain=1038.53 179.177 67.0411 53.0921 47.3707 23.2058 19.8925 18.5545 18.4953 23.8593 27.0784 16.6333 15.3909 14.0257 15.1162 14.803 13.5274 20.2877 13.31 15.9448 12.361 11.3666 11.214 11.4621 11.1734 11.8233 11.0896 11.0026 10.9116 10.3479
threshold=87.500000000000014 9079.6700000000019 1353.325 6.5000000000000009 3.5000000000000004 1023.5000000000001 2.5000000000000004 15.500000000000002 3.5000000000000004 149.50000000000003 865.50000000000011 75.500000000000014 1.0000000180025095e-35 88.500000000000014 282.50000000000006 4.5000000000000009 51.500000000000007 5861.3050000000012 2544.6300000000006 25.500000000000004 17.500000000000004 2655.3200000000002 632.50000000000011 4.5000000000000009 15.500000000000002 58.500000000000007 23.500000000000004 78.500000000000014 206.50000000000003 4.5000000000000009
decision_type=2 2 2 2 2 2 2 2 2 2 2 2 2 2 2 2 2 2 2 2 2 2 2 2 2 2 2 2 2 2
left_child=1 3 5 12 -5 28 16 -4 -3 10 13 18 -1 14 24 -15 17 -6 29 -20 22 -9 23 -11 -10 -26 -23 -28 -2 -8
right_child=2 8 7 4 6 -7 11 21 9 20 -12 -13 -14 15 -16 -17 -18 -19 19 -21 -22 26 -24 -25 25 -27 27 -29 -30 -31
leaf_value=0.0040654669669391331 -0.027277700574947585 0.0067297222120605406 2.4105438577103918e-05 -0.027579897859689086 -0.0017966528764421432 -0.03731290390713253 -0.012951418853439237 -0.02739690997799657 0.0063864915911209883 0.0067977313099724448 0.02410579946871062 0.036015000559041603 -0.0015955066088642472 -0.0068315287211715876 0.011590853286561028 0.0028974546505260465 -0.0088051778654603535 0.013973737682949301 0.0032960153987451886 -0.0076926448327584336 -0.027989340472624108 0.0034171881749000843 0.00076540398714852948 -0.021409889885799973 0.0038601690971974776 -0.0062302400004201047 -0.019692612033062731 0.03487017747014718 0.048126811115320176 0.0055366057495169737
leaf_weight=2077.0543528236449 1051.8191787740216 11628.79303252697 156.80391984153539 252.75986999738961 743.4645802937448 1196.9256498548202 1206.7568353926763 251.95273035438731 2123.9643608778715 48.249991931021214 168.94798217341304 19.784496400505304 2840.0737065970898 496.38283848017454 852.26501404680312 1812.5442681200802 352.77684199996293 278.82782451063395 426.6491320412606 1442.5873245429248 52.841077852062881 76.415080128237605 476.43923808448017 131.25587393529713 871.49647184368223 432.83676839899272 274.8888256396167 7.788699942175298 3.0773681486025444 79.666732819750905
leaf_count=27590 105866 60149 11691 19456 21167 166341 65533 22707 16497 260 935 1071 50155 5385 6384 10766 7976 3846 11196 38288 508 3997 2388 815 9872 4841 16046 302 290 1753
internal_value=-0.000254169 0.00266988 -0.0281413 -0.00285585 -0.00659349 -0.0324945 -0.00541618 -0.0153239 0.00548263 0.00353923 0.00445467 -0.00759046 0.000796438 0.00394367 0.00563724 0.000801775 -0.000391411 0.00252357 -0.00788648 -0.00518367 -0.00517761 -0.0192496 -0.00326047 -0.0138365 0.00415129 0.000507303 -0.0134131 -0.0179548 -0.0269671 -0.0117997
internal_weight=31836.1 28816.4 3019.67 9720.4 4803.27 2251.82 4550.51 767.849 19096 7467.22 6758.44 3175.44 4917.13 6589.49 4280.56 2308.93 1375.07 1022.29 3155.66 1869.24 708.786 611.045 655.945 179.506 3428.3 1304.33 359.093 282.678 1054.9 1286.42
internal_count=694071 366831 327240 248031 170286 272497 150830 54743 118800 58651 54680 117841 77745 53745 37594 16151 32989 25013 116770 49484 3971 43052 3463 1075 31210 14713 20345 16348 106156 67286
is_linear=0
shrinkage=0.05


Tree=50
num_leaves=31
num_cat=0
split_feature=5 6 4 2 4 4 2 3 7 6 6 5 3 0 3 5 2 2 2 4 6 2 4 5 2 2 2 6 2 0
split_gain=964.617 133.434 68.3066 49.1376 37.711 21.3191 20.311 19.7252 15.7509 12.819 11.6319 20.2179 11.3424 10.5247 11.0798 16.9786 10.542 10.3833 10.3802 10.2996 10.2696 11.7706 10.3821 10.2394 10.0282 9.69183 9.32424 8.86775 8.82986 8.81974
threshold=1.5000000000000002 803.35000000000002 623.50000000000011 16281.775000000003 13.500000000000002 1.0000000180025095e-35 6503.3450000000003 1472.5000000000002 2.5000000000000004 9891.1650000000027 47875.92500000001 90.500000000000014 684.50000000000011 1.0000000180025095e-35 118.50000000000001 28.500000000000004 8086.4300000000012 4944.5650000000014 177921.78000000003 64.500000000000014 159.00500000000002 103.58500000000001 31.500000000000004 50.500000000000007 10241.440000000001 176.84000000000003 1658.1350000000002 39.910000000000004 3221.4250000000006 2.5000000000000004
decision_type=2 2 2 2 2 2 2 2 2 2 2 2 2 2 2 2 2 2 2 2 2 2 2 2 2 2 2 2 2 2
left_child=2 4 6 7 23 10 8 9 -1 13 -5 18 19 14 15 -3 17 -17 -12 -6 21 27 28 25 -15 -2 -4 -10 -22 -27
right_child=1 3 26 5 12 -7 -8 -9 20 -11 11 -13 -14 24 -16 16 -18 -19 -20 -21 22 -23 -24 -25 -26 29 -28 -29 -30 -31
leaf_value=-0.024923934905655226 0.019903236591137911 0.0040358719448444691 -0.036645951031721212 0.0071338027237819492 -0.0088087254807849898 0.0044020350642224957 0.0077653975760089179 0.048650932251897899 -0.00047072855892566628 -0.0095099549927462283 0.0066506718588287524 0.015912564314414696 0.051540088340434921 -0.0010072632265732408 0.0017689639983561852 0.020544937820412931 0.034739747903492713 -0.0026498189499793261 -0.018831139919635212 -0.016818838180947163 0.030446112159581568 -0.020096202022471133 -0.011229194736960671 0.028968654223239073 0.0030763414439884101 0.0005525405108009261 -0.01390045525402453 0.078603811977403515 -0.025067553079869648 -0.0064953584360948925
leaf_weight=1149.732970841229 49.274435044266284 719.19699126295745 1245.5859481762163 3677.9574790820479 1404.4290971970186 9733.3798004500568 60.045141166076064 19.878194771707058 11.926380557008086 273.87138130143285 104.0604450404644 922.91403089463711 5.3078475296497336 4624.867184329778 2118.6449371650815 138.62660312280059 72.425383716821671 72.816250629723072 62.201442956924438 567.12699376791716 30.990835125558078 390.78415662236512 95.132650788873434 25.886569462716579 2225.046900972724 1165.175864319317 50.088655484374613 3.031321049667894 7.5134985521435729 714.79019826091826
leaf_count=111698 1463 8550 179177 16856 64367 53922 3514 131 857 1508 437 3874 213 71769 19369 1232 397 494 258 35183 1281 32443 5947 304 20361 27014 6786 198 271 23965
internal_value=-0.00032671 0.00251307 -0.0270761 0.00387161 -0.00604139 0.00574533 -0.0205882 0.00122427 -0.0216041 0.00112277 0.00848503 0.0130264 -0.0109074 0.00141665 0.00382188 0.00814583 0.0184576 0.0126072 -0.00299303 -0.0111276 -0.0144618 -0.0184051 -0.00239432 -0.00111517 0.000319718 -0.00154842 -0.0357894 0.022935 0.0189106 -0.00213123
internal_weight=31742.7 28697.9 3044.83 24765.9 3931.99 14500.5 1749.16 10265.4 1689.11 10245.5 4767.13 1089.18 1976.86 9971.62 3121.71 1003.07 283.868 211.443 166.262 1971.56 539.379 405.742 133.637 1955.13 6849.91 1929.24 1295.67 14.9577 38.5043 1879.97
internal_count=693839 351667 342172 199158 152509 75347 156209 123811 152695 123680 21425 4569 99763 122172 30042 10673 2123 1726 695 99550 40997 33498 7499 52746 92130 52442 185963 1055 1552 50979
is_linear=0
shrinkage=0.05


Tree=51
num_leaves=31
num_cat=0
split_feature=4 6 4 6 4 7 5 5 8 1 1 8 1 5 5 5 1 4 6 5 1 5 1 5 4 5 5 1 6 1
split_gain=939.86 156.741 58.9469 56.2142 30.1044 21.7794 18.147 14.3445 13.0305 17.114 15.9833 15.9395 12.4741 11.7585 11.4792 11.4489 24.0911 10.6278 10.1309 17.6214 16.8137 25.0863 23.5627 18.5659 16.8966 14.8154 13.9697 13.7871 11.131 14.04
threshold=87.500000000000014 553.67500000000007 797.50000000000011 8374.5800000000017 11.500000000000002 3.5000000000000004 17.500000000000004 2981.0000000000005 4.5000000000000009 81.500000000000014 93.500000000000014 2.5000000000000004 43.500000000000007 61.500000000000007 1224.0000000000002 727.50000000000011 213.50000000000003 1.0000000180025095e-35 56324.710000000006 89.500000000000014 155.50000000000003 76.500000000000014 142.50000000000003 132.50000000000003 4.5000000000000009 51.500000000000007 50.500000000000007 75.500000000000014 12547.26 204.50000000000003
decision_type=2 2 2 2 2 2 2 2 2 2 2 2 2 2 2 2 2 2 2 2 2 2 2 2 2 2 2 2 2 2
left_child=1 4 -2 8 17 -6 -5 14 9 11 -10 12 -3 -12 15 18 -17 -1 20 -20 22 26 23 -8 28 -24 -22 -21 29 -23
right_child=2 3 -4 6 5 -7 7 -9 10 -11 13 -13 -14 -15 -16 16 -18 -19 19 27 21 24 25 -25 -26 -27 -28 -29 -30 -31
leaf_value=0.0051400686750776451 -0.021161472059197547 0.0062703306844394506 -0.035732506437630006 -0.0047937308924386876 -0.028132499374755128 -0.010416714797865673 0.0077435355499223847 -0.019313283380367044 0.00496948206250816 -0.0064976043680867032 -0.0027390279407738605 -0.0019611685393790676 0.00033111379256286962 0.0039702321125361494 0.023670031638561257 -0.021502249970357885 0.014873636743041766 -0.0050162993689298035 0.0014486617561475417 -0.0087941132154781155 0.0090859132353502473 -0.010548710371303111 -0.0096173973427021633 -0.00010607210194730637 -0.0095445056741332648 0.019385733536930998 -0.020468470217283416 0.014634711140482058 0.0076878259913689059 0.014229691251069682
leaf_weight=333.79383242875338 1643.9038301655091 1770.5054602883756 1219.5327852633782 342.40622464939952 195.85880518704653 1474.9896357608959 5530.2045491486788 50.203778892755508 4835.3207426927984 827.20152687467635 1517.468691021204 2414.0545503925532 1764.2993428949267 1143.2598254494369 100.55778926610947 101.75034733116627 79.241520926356316 1106.3375249281526 401.85960050672293 64.909367486834526 51.105271980166435 193.46809840202332 46.688640333712101 871.96336910873652 195.19948852807283 547.08800226449966 166.8340605571866 1225.4710006415844 1427.9311863183975 78.872684136033058
leaf_count=7432 148434 26474 178870 2605 16864 81440 25698 205 44320 10264 11902 47801 23149 7242 423 426 332 37754 1752 264 259 883 226 3814 884 2336 762 5119 5818 350
internal_value=-7.60179e-05 0.00263563 -0.0273879 0.0039166 -0.00796195 -0.0125245 0.00652174 0.00687055 0.00182127 0.000232062 0.00325739 0.00116971 0.0033078 0.000144619 0.00699262 0.00683564 -0.00558773 -0.00265839 0.0070448 0.0106008 0.00638202 0.00247067 0.00756255 0.00667473 0.00432141 0.0170806 -0.0135186 0.0134444 0.00592263 -0.00332121
internal_weight=31722.3 28858.8 2863.44 25747.9 3110.98 1670.85 11475.8 11133.3 14272.1 6776.06 7496.05 5948.86 3534.8 2660.73 11083.1 10982.6 180.992 1440.13 10801.6 1692.24 9109.36 2113.41 6995.94 6402.17 1895.47 593.777 217.939 1290.38 1700.27 272.341
internal_count=694102 366798 327304 223308 143490 98304 52156 49551 171152 107688 63464 97424 49623 19144 49346 48923 758 45186 48165 7135 41030 8956 32074 29512 7935 2562 1021 5383 7051 1233
is_linear=0
shrinkage=0.05


Tree=52
num_leaves=31
num_cat=0
split_feature=6 2 8 0 6 2 1 6 3 1 1 6 3 2 1 1 3 8 1 0 2 2 6 2 6 6 6 8 2 7
split_gain=851.98 107.898 56.5117 31.0333 31.0667 23.3125 18.9845 18.7659 21.7243 17.9264 17.0037 18.7781 17.8004 15.955 15.0542 14.905 14.8921 14.774 13.6771 13.3578 13.0209 15.3031 12.9258 12.8828 11.6701 11.4293 11.0527 10.7085 9.96512 9.95635
threshold=79.995000000000019 7242.4750000000013 1.5000000000000002 1.0000000180025095e-35 374.80500000000006 10241.440000000001 18.500000000000004 22815.745000000006 274.50000000000006 30.500000000000004 152.50000000000003 5071.4100000000008 562.50000000000011 138.50500000000002 86.500000000000014 197.50000000000003 113.50000000000001 4.5000000000000009 73.500000000000014 1.0000000180025095e-35 2492.2050000000004 5712.7400000000007 954.42000000000019 23137.850000000002 32681.165000000005 2434.4100000000003 614.04000000000008 1.0000000180025095e-35 5442.0850000000009 3.5000000000000004
decision_type=2 2 2 2 2 2 2 2 2 2 2 2 2 2 2 2 2 2 2 2 2 2 2 2 2 2 2 2 2 2
left_child=2 3 27 6 13 29 -2 10 19 16 12 -12 18 -5 -14 23 17 -6 -3 24 -18 26 -20 -13 -9 -8 -22 -1 -19 -4
right_child=1 7 5 4 9 -7 25 8 -10 -11 11 15 14 -15 -16 -17 20 28 22 -21 21 -23 -24 -25 -26 -27 -28 -29 -30 -31
leaf_value=-0.043222997774422817 0.012050434269922201 0.0049701664894893603 -0.02398325055888802 0.041755757714466421 -0.0020334288508559442 0.038241024529403034 -0.0022278394737397923 0.019124175035788615 0.0084202831016045518 -0.0051995002943627097 -0.014695791203131038 0.0094445788024726997 0.022730034609162786 -0.011038787481902224 0.0072633522470425017 0.0077451760301957802 -0.0070352419320304452 0.0061159652326886844 -0.015002309508324971 -0.0051007870800148323 0.079325502326974051 -0.0078804912735592376 0.0019814958210559405 -0.0052378226498496806 0.00042936336357041796 0.0075028995242325735 0.02636445992106802 -0.03195796822854715 0.031316990475474357 -0.015591677197955275
leaf_weight=321.93560606334358 428.87503317324445 6399.2090929998085 1123.0451542558149 12.527769046369938 1554.7521301284432 14.863486383110283 1195.9060858758166 130.36434222757816 4133.8428615480661 2412.4536280585453 224.02865877281874 178.82661320269108 177.85413903929293 1520.6030165865086 1300.111519488506 506.84272491186857 45.293690958991647 245.07834498398006 112.16829368565232 541.47413722425699 10.234755817800758 27.797724451869726 6030.0538826435804 859.92388509213924 226.2795068025589 401.38210835680366 80.487004091963172 797.50849266769364 45.092613521963358 541.16587015427649
leaf_count=50216 7722 57602 120355 745 41977 1026 24828 572 17183 49642 2136 923 1174 82599 7265 2242 1227 3350 3046 2670 343 408 40531 3988 974 3136 1510 122208 370 42167
internal_value=-0.000223717 0.00233612 -0.0265516 -0.00260657 -0.00442504 -0.0207048 0.00273648 0.00423068 0.00688964 -0.00229605 0.0033825 -0.00123467 0.00396541 -0.0105535 0.00915277 0.000732947 0.00119264 -9.72554e-05 0.00335273 -0.000158615 0.0155459 0.0241491 0.00166656 -0.00269687 0.00733143 0.00022372 0.0339214 -0.0352689 0.0102198 -0.0212765
internal_weight=31600 28801.5 2798.52 7980.48 5954.32 1679.07 2026.16 20821 5031.96 4421.19 15789 1769.62 14019.4 1533.13 1477.97 1545.59 2008.74 1844.92 12541.4 898.118 163.813 118.519 6142.22 1038.75 356.644 1597.29 90.7218 1119.44 290.171 1664.21
internal_count=694135 358163 335972 217857 182171 163548 35686 140306 21399 98827 118907 9289 109618 83344 8439 7153 49185 45697 101179 4216 3488 2261 43577 4911 1546 27964 1853 172424 3720 162522
is_linear=0
shrinkage=0.05


Tree=53
num_leaves=31
num_cat=0
split_feature=6 8 4 8 4 2 2 5 5 4 5 6 2 3 4 4 8 6 3 5 6 2 2 5 2 0 3 3 5 3
split_gain=768.712 95.5118 79.7626 48.6758 24.001 23.4221 19.0269 16.9578 16.7924 14.8938 16.6237 20.8512 13.2538 21.7687 12.6258 11.2803 10.747 10.6218 10.5295 10.3897 13.4092 13.0388 10.2995 9.91155 10.6757 9.77741 11.1541 12.4162 9.30682 10.005
threshold=124.93000000000002 4.5000000000000009 623.50000000000011 2.5000000000000004 10.500000000000002 2716.0150000000003 3447.6850000000004 65.500000000000014 102.50000000000001 3.5000000000000004 189.50000000000003 19919.455000000005 5304.4100000000008 27.500000000000004 56.500000000000007 47.500000000000007 1.0000000180025095e-35 41902.980000000003 68.500000000000014 10.500000000000002 2434.4100000000003 8316.2900000000027 36489.165000000008 17.500000000000004 1626.2000000000003 6.5000000000000009 60.500000000000007 82.500000000000014 86.500000000000014 632.50000000000011
decision_type=2 2 2 2 2 2 2 2 2 2 2 2 2 2 2 2 2 2 2 2 2 2 2 2 2 2 2 2 2 2
left_child=2 3 4 8 -1 14 -6 17 12 -9 11 22 13 15 23 -2 -4 -3 -8 21 -21 -14 -11 -5 -25 26 -22 -28 29 -7
right_child=1 7 16 5 6 28 18 9 -10 10 -12 -13 19 -15 -16 -17 -18 -19 -20 20 25 -23 -24 24 -26 -27 27 -29 -30 -31
leaf_value=-0.0049079108806672281 0.014269309175253875 0.0035240273818907143 -0.042350361251967492 -0.0079777189029683459 -0.021708306306726259 -0.0025090517088242953 0.016843993925136354 0.007281947059272903 -0.022045638004720293 0.0018517236559529517 -0.0098924016076547376 0.010877108382013414 0.017442028196169659 -0.0040499536289218983 -0.017076493107374236 -0.032575719796871093 -0.031075293780478699 -0.0059572145994793158 -0.01197801215508363 -0.003638351257862946 -0.01564535742163237 0.0037160574311590911 -0.01170389900402094 0.044584090392706409 -0.0082233440852438628 0.00929297750025985 0.020961642194525287 0.0021110038807317143 -0.032965125430385135 0.025935370734813112
leaf_weight=316.71266442444175 240.33113921433687 9178.3667399529368 312.05517601780593 1197.0857823221013 1445.588200901635 3037.0481621166691 46.090576535090804 7012.428615834564 70.814098875969648 567.56871043518186 248.34955106303096 621.49936698377132 283.26032363250852 1405.6465574987233 440.05338526330888 11.712320188060401 852.80165594676509 303.46410821378231 91.005399333313107 697.89751488156617 80.997578851878643 443.42508903332055 183.89054369926453 16.992039768025279 18.239473350346088 681.08787931501865 90.353994466364384 1630.0981282964349 22.82821986451745 29.244737010449171
leaf_count=14348 4747 69494 50654 45519 148158 68037 3194 32461 478 3760 1184 2567 5101 34755 27620 856 134999 1336 6955 10868 590 5728 846 372 401 5486 673 12098 208 435
internal_value=-6.99482e-05 0.00248811 -0.0238586 -0.00133162 -0.0175097 -0.00505252 -0.0200221 0.00468027 0.00181282 0.00628355 0.00196164 0.00411715 0.00212424 -0.0016206 -0.00981526 0.0118531 -0.0341632 0.00321939 -0.00218541 0.00371309 0.0024774 0.0090996 -0.00148775 -0.00719885 0.0182723 0.00419823 0.00226384 0.00312418 -0.00246941 -0.00222103
internal_weight=31576.9 28512.7 3064.25 10397.1 1899.4 4761.49 1582.68 18115.6 5635.62 8633.74 1621.31 1372.96 5564.81 1657.69 1672.37 252.043 1164.86 9481.83 137.096 3907.12 3180.44 726.685 751.459 1232.32 35.2315 2482.54 1801.45 1720.45 3089.12 3066.29
internal_count=693928 335620 358308 223972 172655 142592 158307 111648 81380 40818 8357 7173 80902 40358 73912 5603 185653 70830 10149 40544 29715 10829 4606 46292 773 18847 13361 12771 68680 68472
is_linear=0
shrinkage=0.05


Tree=54
num_leaves=31
num_cat=0
split_feature=6 2 4 4 4 6 5 1 3 4 5 2 1 0 2 3 6 5 0 5 3 1 1 2 5 5 2 3 5 4
split_gain=736.164 104.659 64.3655 42.3941 24.0742 16.6435 15.198 26.9615 19.5126 14.9047 13.7931 13.8442 14.5248 12.6941 12.1935 12.72 15.0639 13.792 11.9015 11.7694 14.436 16.3899 15.512 14.365 11.3728 11.1157 12.4354 15.2117 13.775 11.6526
threshold=79.995000000000019 5861.3050000000012 1023.5000000000001 11.500000000000002 1.5000000000000002 21369.865000000002 25.500000000000004 27.500000000000004 221.50000000000003 89.500000000000014 2.5000000000000004 3447.6850000000004 40.500000000000007 76.500000000000014 2492.2050000000004 22.500000000000004 1178.9400000000003 10.500000000000002 561.50000000000011 426.50000000000006 562.50000000000011 90.500000000000014 97.500000000000014 12956.745000000001 53.500000000000007 82.500000000000014 20116.000000000004 111.50000000000001 38.500000000000007 13.500000000000002
decision_type=2 2 2 2 2 2 2 2 2 2 2 2 2 2 2 2 2 2 2 2 2 2 2 2 2 2 2 2 2 2
left_child=2 3 10 6 5 -3 7 8 14 13 11 18 -13 -5 -2 -16 17 -17 -1 20 21 25 -22 -24 -23 26 -6 28 -28 -27
right_child=1 4 -4 9 19 -7 -8 -9 -10 -11 -12 12 -14 -15 15 16 -18 -19 -20 -21 22 24 23 -25 -26 29 27 -29 -30 -31
leaf_value=-0.021978892704870565 -0.00093975062504916102 0.0040911877193622031 -0.035124158012266864 -0.0068717449280467765 0.0018234197267270457 0.0084996847450345431 0.0053274818019706342 -0.0070666878476287748 0.058337762080535607 -0.016834568638940096 -0.0016806530991006247 0.010597597460840231 -0.025475968780142983 0.034561430550268953 0.02901403515943872 0.012278753795819631 -0.0019123160089479807 0.059705835886653451 0.054676125437765212 -0.012938470933901606 0.018590835789359227 -0.0043541962693838714 -0.017978075158574466 0.0055331694914446568 0.001809461271219652 -0.002560147290289817 0.00095696501936660147 0.0079735500144585292 -0.026151060957508035 -0.031175660877866652
leaf_weight=1399.0682844724506 1012.9034579629079 6354.6263586729765 1042.1385584659874 2428.5313729038462 4715.9478082195856 3233.5062926933169 989.51811620593071 1321.5103117162362 13.615311206318436 412.2416129806079 106.04006715770811 69.758748614694923 43.709246502257884 16.678639960475266 64.928855552338064 130.00827123969793 255.57704306766391 15.712942481040953 3.2435784684494129 124.24337120354176 223.35419121105224 1597.6383607257158 65.470843145623803 1808.3844761438668 1404.7742618955672 259.96632547676563 311.04091806802899 2002.3937130123377 53.151007808744907 39.304223001003265
leaf_count=147945 24220 37930 173205 96973 58638 13411 10708 29366 237 28063 5888 5115 3567 914 757 3145 3212 266 476 553 1462 14177 714 9157 7229 1354 2595 12353 251 275
internal_value=-0.00028081 0.00204165 -0.0254195 -0.00345412 0.00369131 0.00557937 3.7935e-06 -0.00187052 0.00273289 -0.008054 -0.019148 -0.0203661 -0.00349895 -0.00656112 0.00214297 0.00881574 0.00542004 0.0181319 -0.021724 0.00225454 0.00240783 0.00164297 0.0061898 0.00469342 -0.00147105 0.0029096 0.00330893 0.00626511 -0.00312046 -0.00650033
internal_weight=31519 28855 2663.96 6661.23 22193.8 9588.13 3803.77 2814.26 1492.75 2857.45 1621.82 1515.78 113.468 2445.21 1479.13 466.227 401.298 145.721 1402.31 12605.7 12481.4 10384.2 2097.21 1873.86 3002.41 7381.8 7082.53 2366.59 364.192 299.271
internal_count=694156 357960 336196 197861 160099 51341 71911 61203 31837 125950 162991 157103 8682 97887 31600 7380 6623 3411 148421 108758 108205 96872 11333 9871 21406 75466 73837 15199 2846 1629
is_linear=0
shrinkage=0.05


Tree=55
num_leaves=31
num_cat=0
split_feature=6 4 4 2 5 1 2 1 5 2 2 1 1 2 1 4 1 2 4 1 8 6 2 1 5 5 5 5 1 5
split_gain=685.072 76.2595 70.0381 32.5746 25.1005 29.9649 28.9552 24.2547 16.535 19.7768 17.9342 23.7115 17.4276 16.6088 15.2431 13.5749 13.2479 22.701 13.3117 12.9197 12.6817 11.842 11.1598 20.1277 13.0968 18.2753 13.5363 13.1548 12.3942 38.873
threshold=119.84000000000002 15.500000000000002 797.50000000000011 7242.4750000000013 42.500000000000007 83.500000000000014 10241.440000000001 51.500000000000007 2.5000000000000004 103.58500000000001 1874.8050000000001 20.500000000000004 91.500000000000014 19241.770000000004 180.50000000000003 58.500000000000007 8.5000000000000018 512.78500000000008 300.50000000000006 22.500000000000004 4.5000000000000009 41902.980000000003 136133.35500000001 290.50000000000006 167.50000000000003 727.50000000000011 157.50000000000003 1224.0000000000002 155.50000000000003 76.500000000000014
decision_type=2 2 2 2 2 2 2 2 2 2 2 2 2 2 2 2 2 2 2 2 2 2 2 2 2 2 2 2 2 2
left_child=2 4 8 15 5 6 7 -2 10 -10 16 -12 -11 -13 -5 19 17 -1 -19 -3 -6 -8 23 28 26 -26 -24 -27 -22 -30
right_child=1 3 -4 14 20 -7 21 -9 9 12 11 13 -14 -15 -16 -17 -18 18 -20 -21 22 -23 24 -25 25 27 -28 -29 29 -31
leaf_value=-0.019401264834811294 0.0026709524432461133 0.00089579558207737622 -0.033556734105184054 0.0013525497671419001 -0.0041869836440004381 -0.0032802191466052111 0.0069727666317442932 -0.0053560126985284064 0.046003892129656748 -0.011224292198821104 0.013844018168293299 -0.01852648731339852 0.072033675028200447 0.071280336792117621 -0.036685464062475526 -0.012676118193209143 -0.025472468772095958 0.024377608866838204 -0.021628969595505153 -0.0077691707090888273 0.0059884108636208567 -0.010708490906881292 0.0066262905871787466 -0.027973164543867359 0.017317788503495211 -0.022609739366371426 -0.018817545489888177 0.0096313590796462522 -0.014950751879562275 0.0042565925622147982
leaf_weight=421.69825026905164 3996.1652177125216 663.9005555966869 1031.5819882019423 2506.5617890590802 348.81190963089466 2225.7152146017179 3694.3277862723917 1228.8364842152223 15.854274612851439 207.25192953273654 86.345268851611763 227.02349993959069 4.5034498227760187 3.3377709691412738 24.618416400626302 749.01453239563853 830.18005818035454 50.708641330711544 20.627297339960933 1218.0409745434299 7740.7587208598852 95.473850771784782 755.65547725558281 44.513320371508598 656.6508683860302 50.672933876514435 54.230862349271774 77.349597260355949 298.26994672417641 2145.9536817073822
leaf_count=45375 73652 26085 177003 30182 2505 19046 26032 19770 541 11724 7034 20000 202 235 263 41529 86989 4972 2705 39426 40718 488 3116 187 2797 217 226 324 1654 9388
internal_value=5.43709e-05 0.00240454 -0.0230961 -0.00309552 0.00361735 0.00191318 0.00319585 0.000781812 -0.0172882 -0.00461161 -0.0190399 -0.00828182 -0.00879621 -0.0166229 0.000953918 -0.00698916 -0.0215984 -0.0149985 0.0108474 -0.00471469 0.00519041 0.00652192 0.00546771 0.00485945 0.00935888 0.0139571 0.00488039 -0.00328156 0.0050084 0.0019024
internal_weight=31474.6 28575.5 2899.11 5162.14 23413.4 11240.5 9014.8 5225 1867.53 227.61 1639.92 316.707 211.755 230.361 2531.18 2630.96 1323.21 493.034 71.3359 1881.94 12172.9 3789.8 11824.1 10229.5 1594.56 784.673 809.886 128.023 10185 2444.22
internal_count=694385 337605 356780 137485 200120 138988 119942 93422 179777 12467 167310 27269 11926 20235 30445 107040 140041 53052 7677 65511 61132 26520 58627 51947 6680 3338 3342 541 51760 11042
is_linear=0
shrinkage=0.05


Tree=56
num_leaves=31
num_cat=0
split_feature=4 8 4 8 1 3 6 3 1 3 4 4 7 1 7 6 0 6 1 3 3 6 3 4 3 1 1 8 1 3
split_gain=621.505 84.8833 53.0284 51.4534 20.5958 21.0459 19.1308 17.8636 15.3666 12.3287 12.3014 11.2315 16.7905 10.4391 10.0591 9.50086 9.47687 9.41427 11.398 11.7226 11.3853 10.7545 10.2617 9.94447 11.5495 9.54755 9.29564 9.20522 9.03297 11.8947
threshold=83.500000000000014 4.5000000000000009 761.50000000000011 2.5000000000000004 88.500000000000014 703.50000000000011 299.04000000000002 19.500000000000004 29.500000000000004 58.500000000000007 1.0000000180025095e-35 4.5000000000000009 3.5000000000000004 3.5000000000000004 3.5000000000000004 2978.5900000000006 561.50000000000011 1234.0700000000004 46.500000000000007 147.50000000000003 119.50000000000001 21369.865000000002 129.50000000000003 1.5000000000000002 116.50000000000001 30.500000000000004 41.500000000000007 1.0000000180025095e-35 9.5000000000000018 44.500000000000007
decision_type=2 2 2 2 2 2 2 2 2 2 2 2 2 2 2 2 2 2 2 2 2 2 2 2 2 2 2 2 2 2
left_child=1 3 14 4 5 7 11 -1 9 -8 -3 13 -13 -5 16 27 -2 20 19 21 -9 22 -19 24 -20 -21 -27 -4 29 -14
right_child=2 10 15 6 -6 -7 8 17 -10 -11 -12 12 28 -15 -16 -17 -18 18 23 25 -22 -23 -24 -25 -26 26 -28 -29 -30 -31
leaf_value=0.017315455797045989 -0.021491423326161465 0.0058681482900953107 -0.040137581307963355 0.022763045176497274 -0.0061435628145995926 0.044929671894487745 -0.002870410594829073 -0.0050229170177222898 -0.0061481069153748579 0.006568852506046146 0.0031233926102127657 -0.025596137978862916 -0.0022710432498516159 -0.0051756128968403403 -0.013015462292835903 0.023161146270299228 0.054225036278221672 0.0065005591427276608 -0.016140702713033896 0.035252427022610888 0.0046854873063421022 -0.022132903705828669 -0.0098811916064761897 -0.0012603939771937858 0.010986654052100824 0.0025210589351633188 0.021508878191948869 -0.029368739532617649 -0.011541881804038975 0.047982160022725005
leaf_weight=195.82901692762971 885.51934918994084 6219.6381235346198 306.51136972382665 35.436490317806602 728.99675878509879 27.544411702081561 947.85842643678188 855.22587709873915 1985.1666867565364 542.08172455336899 11905.884448999539 200.02044093515724 109.30170918814838 311.84098982438445 683.62049062969163 6.3636608552187672 2.3094761506654313 1135.862747553736 42.630259066820145 48.277662679553032 464.36499538458884 35.314285583794117 102.59729993343353 1425.1124166548252 334.42480813339353 141.48246753588319 117.33909185230732 727.0101395030506 797.97027525678277 11.17761927936226
leaf_count=3858 104860 32220 52454 1101 7469 234 25473 23759 40278 12763 79281 18340 7672 10969 45972 80 321 12839 392 470 11927 244 1068 14432 2711 1349 1103 127667 51984 797
internal_value=-0.00013629 0.00198767 -0.0234809 -0.00156728 0.00168937 0.00285059 -0.00529381 0.00259573 -0.0032699 0.000568058 0.00406578 -0.0100813 -0.0125167 -0.00221071 -0.0176453 -0.0322486 -0.021173 0.00197567 0.00337231 0.00646818 -0.0016046 0.00434036 0.00512971 0.000652431 0.00785063 0.0152087 0.0112283 -0.0326338 -0.00961882 0.00309864
internal_weight=31332.7 28721.4 2611.33 10595.9 5655 4926.01 4940.85 4898.46 3475.11 1489.94 18125.5 1465.75 1118.47 347.277 1571.45 1039.89 887.829 4702.63 3383.04 1580.87 1319.59 1273.77 1238.46 1802.17 377.055 307.099 258.822 1033.52 918.45 120.479
internal_count=694087 362733 331354 251232 81855 74386 169377 74152 78514 38236 111501 90863 78793 12070 151153 180201 105181 70294 34608 17073 35686 14151 13907 17535 3103 2922 2452 180121 60453 8469
is_linear=0
shrinkage=0.05


Tree=57
num_leaves=31
num_cat=0
split_feature=5 2 4 4 8 8 7 4 5 3 5 3 2 5 5 2 5 3 8 3 2 2 2 5 4 2 0 2 2 4
split_gain=605.707 79.5343 51.9732 28.6667 22.2997 18.5031 13.7136 13.2571 11.6493 11.6085 11.4606 17.1728 30.0535 11.1615 10.5688 10.2916 12.8628 14.0931 9.76484 9.54735 9.40382 9.17436 10.6064 15.2364 13.5377 8.5772 8.43183 8.12743 7.6959 8.62334
threshold=1.5000000000000002 3676.7850000000003 845.50000000000011 2.5000000000000004 4.5000000000000009 2.5000000000000004 2.5000000000000004 56.500000000000007 20.500000000000004 601.50000000000011 28.500000000000004 39.500000000000007 6341.6350000000011 2981.0000000000005 102.50000000000001 706.83500000000015 29.500000000000004 61.500000000000007 1.0000000180025095e-35 233.50000000000003 6503.3450000000003 55344.990000000013 30326.465000000004 9.5000000000000018 25.500000000000004 103.58500000000001 26.500000000000004 4306.3400000000011 706.83500000000015 168.50000000000003
decision_type=2 2 2 2 2 2 2 2 2 2 2 2 2 2 2 2 2 2 2 2 2 2 2 2 2 2 2 2 2 2
left_child=2 3 6 15 5 14 28 26 9 21 11 12 -6 -12 -3 -2 17 -17 -4 -19 25 22 -7 24 -24 -8 -5 -13 -1 -30
right_child=1 4 18 7 10 8 20 -9 -10 -11 13 27 -14 -15 -16 16 -18 19 -20 -21 -22 -23 23 -25 -26 -27 -28 -29 29 -31
leaf_value=-0.0247122653939892 0.011108113708967077 0.0029107131003532315 -0.040896086887929679 -0.0064527716352436072 0.056299284308543522 -0.0020480806077590036 0.023134793948230932 -0.013983430792199986 -0.01159376802424578 0.033143035337023487 0.0046653830142368213 -0.014013776996950965 -0.00084099959777044679 -0.018813099167470163 -0.017143554383308598 0.0022135327291743427 0.0084848170630316532 -0.0126817245903265 -0.029237241851951951 0.020116426303401786 0.013568284329822636 -0.023515254281003588 0.061920961015196133 -0.004594642177597 0.0063981614964741668 -0.014098369807029075 0.0032814991650423871 0.00087933689936300148 -0.027121147108543294 -0.011726462575052077
leaf_weight=626.8115583951585 235.0428232550621 4440.0608351044357 269.96493296138942 2146.8679769178852 36.187928881496191 2094.2725432273 14.240104807075111 561.44325776863843 320.07600591145456 22.032703450880945 14425.647361241281 92.916310176253319 57.759351972490549 48.874983072280884 64.719571121037006 481.04777420125902 303.73392545059323 354.47757359407842 689.50389018794522 21.900948919355869 34.323682329151779 45.592564050108194 21.864629287272692 46.400601714849472 21.282578393816948 477.34921868890524 246.93006729707122 2625.3273408282548 126.50971422996372 336.21201709518209
leaf_count=74719 4385 51360 50579 77170 303 46539 1057 37024 3356 402 74398 1451 356 200 433 7897 2930 7245 124962 414 1834 528 268 430 354 39857 11304 22824 10040 38880
internal_value=-0.000147599 0.00193623 -0.0233691 -0.00428894 0.00304836 0.000683782 -0.0178554 -0.00707692 -0.00269892 -0.00142522 0.0040161 0.00109441 0.0218838 0.00458352 0.00261512 0.00161385 -0.000323782 -0.00345662 -0.0325959 -0.010677 -0.0111562 -0.00179625 -0.00132172 0.0153396 0.0360307 -0.0129304 -0.00544674 0.000360324 -0.0210628 -0.016034
internal_weight=31289.4 28714.5 2574.92 4351.44 24363 7076.3 1615.45 2955.24 2571.52 2251.45 17286.7 2812.19 93.9473 14474.5 4504.78 1396.2 1161.16 857.426 959.469 376.379 525.913 2229.41 2183.82 89.5478 43.1472 491.589 2393.8 2718.24 1089.53 462.722
internal_count=693499 351571 341928 148369 203202 103670 166387 125498 51877 48521 99532 24934 659 74598 51793 22871 18486 15556 175541 7659 42748 48119 47591 1052 622 40914 88474 24275 123639 48920
is_linear=0
shrinkage=0.05


Tree=58
num_leaves=31
num_cat=0
split_feature=4 6 4 2 5 3 3 2 3 2 4 0 4 6 3 6 2 5 5 5 2 3 6 6 6 0 5 4 3 5
split_gain=521.948 69.7413 59.5822 25.3126 20.3247 13.8352 13.4322 13.3995 13.3866 13.2425 12.536 12.2656 11.4335 12.3754 9.93318 16.3347 14.7397 11.6082 11.4094 9.8122 9.39553 13.4031 9.19044 9.11751 8.52767 8.49598 8.37839 10.5867 9.1107 11.2369
threshold=87.500000000000014 475.04500000000002 623.50000000000011 13423.850000000002 6.5000000000000009 26.500000000000004 60.500000000000007 1381.4100000000003 206.50000000000003 28633.675000000003 5.5000000000000009 153.50000000000003 1.0000000180025095e-35 56324.710000000006 345.50000000000006 4517.6950000000006 3676.7850000000003 242.50000000000003 261.50000000000006 35.500000000000007 1076.5550000000001 36.500000000000007 116.95500000000001 4517.6950000000006 2493.0450000000005 1.0000000180025095e-35 445.50000000000006 3.5000000000000004 562.50000000000011 189.50000000000003
decision_type=2 2 2 2 2 2 2 2 2 2 2 2 2 2 2 2 2 2 2 2 2 2 2 2 2 2 2 2 2 2
left_child=1 4 7 5 9 -3 23 8 11 10 -1 -2 13 -8 16 18 20 -17 -16 -6 -7 -22 -12 -5 -4 -18 28 -28 29 -14
right_child=2 3 24 6 19 14 12 -9 -10 -11 22 -13 26 -15 15 17 25 -19 -20 -21 21 -23 -24 -25 -26 -27 27 -29 -30 -31
leaf_value=-0.0024824811311618625 -0.022425797263001469 0.0086279476270804244 -0.032079144831410319 0.01348430645914174 0.0011114526122185239 0.01168482029009893 0.0046009728335377233 -0.010025129455360653 0.064336609326814495 0.06260989961805466 -0.016433872455071951 -0.0015012425552500567 0.002473460327968914 0.011114304961790531 -0.0016942928885400094 -0.021036655701955544 0.0044156739505379385 0.00025981317121614186 0.034401917055923721 0.036584355218131429 -0.016718006802861642 -0.0026691466942798774 -0.0081519258820586717 -0.013576612180163426 0.019693497681207713 0.00049600502695640314 -0.00083048998845771955 -0.027050072674665394 0.0054756303495432168 -0.0096884964373191457
leaf_weight=600.37693487387151 731.18840004922822 485.55683155171573 1016.8056676392443 36.084980770945549 531.77596527244896 96.941084242425859 4247.4754337146878 592.43153236294165 2.7973610097542396 4.5785921085625878 517.37018759176135 77.76119084097445 7592.716463027522 880.61535651981831 679.66211119294167 205.76826237142086 1965.1859988681972 92.392132073640823 20.618584610521793 18.243458390235901 187.84234710410237 1619.4718787707388 970.25344319827855 174.93529581651092 6.7769544292241326 4653.131553851068 168.07573492825031 47.989684104919434 2846.8925449885428 192.86142348498106
leaf_count=19767 85748 8845 187740 430 15807 1915 19728 43584 288 150 45691 9875 47091 3758 7983 1286 20294 512 164 249 4193 35445 51839 1248 92 64812 699 224 13843 845
internal_value=-0.000266209 0.0016089 -0.0225217 0.00239002 -0.00612972 0.000412983 0.00361194 -0.0157965 -0.0199736 -0.00837615 -0.00859157 -0.0204231 0.00377784 0.00572336 -7.69087e-06 -0.00472096 0.000545458 -0.0144797 -0.000536556 0.00241633 -0.00332884 -0.00414617 -0.0110504 -0.00886597 -0.0316986 0.00166086 0.00285731 -0.00684873 0.0030558 0.00216978
internal_weight=31264.6 28836.8 2427.76 26194.2 2642.6 10006.6 16187.6 1404.18 811.747 2092.58 2088 808.95 15976.6 5128.09 9521.01 998.441 8522.57 298.16 700.281 550.019 1904.26 1807.31 1487.62 211.02 1023.58 6618.32 10848.5 216.065 10632.5 7785.58
internal_count=694145 366818 327327 233315 133503 145449 87866 139495 95911 117447 117297 95623 86188 23486 136604 9945 126659 1798 8147 16056 41553 39638 97530 1678 187832 85106 62702 923 61779 47936
is_linear=0
shrinkage=0.05


Tree=59
num_leaves=31
num_cat=0
split_feature=6 4 4 6 2 4 4 2 2 2 5 3 0 5 0 7 6 3 4 3 2 3 2 3 2 3 5 3 3 2
split_gain=478.815 57.9392 54.5969 28.1945 24.5826 16.0302 14.4608 13.403 13.1051 12.7012 12.0343 16.7015 10.3567 10.4167 9.61397 9.22074 9.09549 9.0757 8.93003 8.50331 9.86997 8.21329 8.07782 7.97897 9.08887 14.0057 12.1968 10.4633 9.59283 13.878
threshold=79.995000000000019 15.500000000000002 1023.5000000000001 10845.810000000003 4724.0350000000008 16.500000000000004 2.5000000000000004 18417.425000000007 293.22000000000008 3154.1800000000007 105.50000000000001 242.50000000000003 18.500000000000004 31.500000000000004 155.50000000000003 3.5000000000000004 119.84000000000002 173.50000000000003 105.50000000000001 98.500000000000014 10241.440000000001 11.500000000000002 377.98500000000007 58.500000000000007 12505.535000000002 227.50000000000003 42.500000000000007 135.50000000000003 116.50000000000001 7443.6900000000014
decision_type=2 2 2 2 2 2 2 2 2 2 2 2 2 2 2 2 2 2 2 2 2 2 2 2 2 2 2 2 2 2
left_child=2 3 5 6 12 -1 8 -5 -2 14 11 18 -3 15 17 -14 -8 -7 -6 -11 -21 -17 -16 -10 26 27 -25 -26 29 -28
right_child=1 4 -4 7 10 9 16 -9 23 19 -12 -13 13 -15 22 21 -18 -19 -20 20 -22 -23 -24 24 25 -27 28 -29 -30 -31
leaf_value=-0.0041206729069915259 0.027739796323081073 -0.010296484940245185 -0.031604779094717046 -0.0055376121654343528 -0.0016022646898315928 -0.02167872979503303 -0.019463744225840626 0.0051660695353671401 0.0069322176369111593 0.0089836112774445854 -0.019994099378630933 0.005914988612256436 -0.021479820939903842 0.034754586880320702 -0.011588230560600668 0.019663668225294334 -0.00021222313760326298 0.01773733843738988 -0.018573034079766702 -0.026994645493890818 0.030439039067292919 -0.0035360617452583698 0.02436804447710858 -0.0022574101533020699 0.0012932450186815296 0.0018840114091189691 0.0060213313550768555 0.013089819525599931 0.0019603348801511731 0.03457183690984339
leaf_weight=243.77821788284928 50.24291986040771 1236.4773011081852 885.25817284267396 300.90658932179213 2159.9442653106526 1027.6383095164783 59.906639358960092 8836.7372934669256 930.8655947484076 67.5779386786744 74.492062132805586 878.38056678697467 66.528497921768576 15.808150999248026 68.914677174761891 38.290599756874144 6868.3778203204274 13.405254743061958 78.434938866179436 42.566222107037902 7.2569400426000348 723.10850247414783 18.067486708052456 2035.8935624975711 276.73633419908583 2355.3931451328099 170.4955633468926 587.19412782974541 1085.6783140636981 55.262229032814503
leaf_count=13745 926 60931 173303 1465 34396 126067 3382 37921 12922 5345 493 10296 5641 370 9386 2182 93554 1462 2900 3876 539 35889 2212 26810 1734 13497 1333 3550 7694 285
internal_value=-0.000194692 0.00158011 -0.0217682 0.00263815 -0.00315858 -0.0158863 0.00126519 0.00481246 0.00277896 -0.018179 -0.000400807 8.0004e-05 -0.00738483 -0.00310361 -0.0198055 -0.00390847 -0.000384254 -0.0211381 -0.00221299 -0.00248085 -0.0177773 -0.00232089 -0.00373974 0.00260434 0.00198891 0.00388482 0.000164261 0.00932283 0.00392141 0.0132523
internal_weight=31259.6 28885.2 2374.46 23613.7 5271.46 1489.21 14476 9137.64 7547.76 1245.43 3191.25 3116.76 2080.21 843.736 1128.03 827.928 6928.28 1041.04 2238.38 117.401 49.8232 761.399 86.9822 7497.52 6566.65 3219.32 3347.33 863.93 1311.44 225.758
internal_count=694106 358171 335935 205073 153098 162632 165687 39386 68751 148887 48085 47592 105013 44082 139127 43712 96936 127529 37296 9760 4415 38071 11598 67825 54903 18781 36122 5284 9312 1618
is_linear=0
shrinkage=0.05


Tree=60
num_leaves=31
num_cat=0
split_feature=7 2 4 4 7 6 0 2 1 4 0 1 1 6 3 2 1 3 1 3 1 3 3 3 3 0 1 2 3 6
split_gain=480.884 79.0127 41.6281 34.4492 25.3479 15.8125 15.9764 14.1265 12.2357 12.8694 11.6522 11.5391 11.7514 18.6487 17.3851 14.2076 13.4204 13.6903 12.8785 19.2466 17.0976 20.2577 12.2567 11.5337 11.3519 10.3997 9.44112 14.6649 12.6199 11.6153
threshold=3.5000000000000004 10241.440000000001 7.5000000000000009 15.500000000000002 1.5000000000000002 299.04000000000002 18.500000000000004 1874.8050000000001 37.500000000000007 197.50000000000003 5.5000000000000009 18.500000000000004 61.500000000000007 29413.335000000003 177.50000000000003 46167.575000000004 92.500000000000014 360.50000000000006 155.50000000000003 562.50000000000011 96.500000000000014 632.50000000000011 110.50000000000001 1348.5000000000002 587.50000000000011 87.500000000000014 43.500000000000007 2655.3200000000002 165.50000000000003 1737.9550000000002
decision_type=2 2 2 2 2 2 2 2 2 2 2 2 2 2 2 2 2 2 2 2 2 2 2 2 2 2 2 2 2 2
left_child=2 3 -1 26 7 -5 -7 -4 9 -9 -6 -3 -13 18 -15 -16 -17 -18 19 22 21 -21 -14 24 -22 -8 27 -2 -29 -28
right_child=1 11 4 5 10 6 25 8 -10 -11 -12 12 13 14 15 16 17 -19 -20 20 23 -23 -24 -25 -26 -27 29 28 -30 -31
leaf_value=-0.00022776793919673045 -0.0017405275295084854 -0.011181934304376303 -0.021950053755973736 -0.011041717566655769 -0.021220971172059712 -0.0066439485273897207 0.0028370944302719011 0.046746865888189958 -0.029396748410565721 -0.0028015342554923491 -0.034139408697291741 0.0061128186618885708 -0.020059443941728788 -0.015691371766721304 -0.010884198552253308 0.015485406774868541 -0.0045569371396498651 0.0071379698524917275 -0.0017328477229634918 -0.00073970687095313461 0.016772316555211764 0.029863289923785914 0.0018400524396109009 0.023584324004390127 0.0026464562465132804 -0.028113783261614955 -0.0056513535437928862 0.0032486096350311544 0.016283207756676282 0.00049583763879609041
leaf_weight=178.23103302996606 1675.3220076793805 131.19189487677068 774.65041435277089 1064.6595122939907 244.8536764443852 1630.7863640943542 819.78927670046687 13.42197556234896 33.648450042121112 86.010431264992803 753.51841068686917 3697.7455772161484 62.459627337753773 87.284488521516323 109.81381179392338 430.43279571831226 275.07618807256222 2639.577337898314 1956.2473317566328 80.422946080565453 159.94060506578535 162.46903274394572 7402.373394084163 80.986070278100669 1179.2510496433824 26.074731425382197 1257.2761390283704 1954.9931933581829 203.45168726239353 1970.8449683710933
leaf_count=6458 43217 1331 119101 85293 39591 46819 24288 1237 3878 9037 128351 27649 483 383 456 1834 1148 10998 9750 471 868 884 47691 397 6158 1255 25788 27847 2643 18654
internal_value=-0.000152394 0.00151227 -0.0233393 -0.00192723 -0.0254978 -0.00595028 -0.00375444 -0.0193696 -0.00424623 0.00467666 -0.0310199 0.00348838 0.00359462 0.00295723 0.0061146 0.00667427 0.00725684 0.00603187 0.0019473 0.00273622 0.0075973 0.0198072 0.00165149 0.00548414 0.00435601 0.00181893 9.13223e-05 0.00176848 0.00449117 -0.00190036
internal_weight=31142.8 29058.5 2084.33 10603.2 1906.1 3541.31 2476.65 907.731 133.081 99.4324 998.372 18455.3 18324.1 14626.3 3542.18 3454.9 3345.09 2914.65 11084.2 9127.9 1663.07 242.892 7464.83 1420.18 1339.19 845.864 7061.89 3833.77 2158.44 3228.12
internal_count=693958 386305 307653 275804 301195 157655 72362 133253 14152 10274 167942 110501 109170 81521 14819 14436 13980 12146 66702 56952 8778 1355 48174 7423 7026 25543 118149 73707 30490 44442
is_linear=0
shrinkage=0.05


Tree=61
num_leaves=31
num_cat=0
split_feature=7 8 8 4 2 1 1 1 4 6 2 2 3 2 8 2 1 1 1 4 6 4 2 6 1 4 1 3 6 2
split_gain=437.529 68.2852 37.9136 37.5639 21.2397 24.9205 19.6763 15.9302 15.345 15.3243 15.2442 16.3207 13.9972 14.1661 13.9717 12.0764 22.6794 18.2553 11.9249 11.91 11.4859 11.3662 11.085 23.0854 12.4006 10.8389 11.6783 10.5616 9.47557 9.43207
threshold=3.5000000000000004 4.5000000000000009 2.5000000000000004 623.50000000000011 2599.5100000000007 30.500000000000004 88.500000000000014 2.5000000000000004 7.5000000000000009 1061.5100000000002 13423.850000000002 21004.765000000003 19.500000000000004 5861.3050000000012 1.0000000180025095e-35 177921.78000000003 294.50000000000006 217.50000000000003 43.500000000000007 54.500000000000007 3902.3450000000007 6.5000000000000009 34240.595000000008 4924.6250000000009 133.50000000000003 44.500000000000007 27.500000000000004 233.50000000000003 41902.980000000003 1440.9300000000003
decision_type=2 2 2 2 2 2 2 2 2 2 2 2 2 2 2 2 2 2 2 2 2 2 2 2 2 2 2 2 2 2
left_child=3 2 6 8 7 9 12 -4 -1 21 -11 20 -2 25 -5 16 -3 27 -15 -9 -12 -6 -8 -24 -25 26 -14 -17 -29 -16
right_child=1 15 4 14 5 -7 22 19 -10 10 11 -13 13 18 29 17 -18 -19 -20 -21 -22 -23 23 24 -26 -27 -28 28 -30 -31
leaf_value=-0.0030766244162599133 0.01550885099003434 0.0028282465976239807 0.032110698880739606 -0.041092158403671079 0.026219302148279718 -0.0056686964100773531 -0.011066902639908078 -0.0069756367378526517 -0.019160480570807811 -0.0046421771500994571 0.061485393897166979 -0.0067673852680594313 0.0036586976583420821 0.007777106169279676 -0.027853151108471086 -0.015725507154861384 -0.029421439775615454 0.019299465600841892 0.0012439985247034244 -0.015449811233258016 0.015978327713859458 0.0065885353908069341 0.039217647198102473 0.0021696704071862798 -0.02641743803547433 -0.027840653541128579 -0.0050038164710072379 0.025398819731557089 0.0044641221497628697 0.0005867522707036488
leaf_weight=176.55340377055109 182.59219423728064 16996.092623971403 21.223372139036655 233.08408393990248 93.682070883922279 2133.2596887648106 491.64128612121567 1332.4004780473188 953.31711333803833 539.53133177012205 19.961664993315935 46.459177726879716 638.49631155002862 1057.1103163654916 640.96457711653784 58.343196921050549 52.705446742475033 271.63366352021694 2054.1760146128945 604.98806875059381 43.478675164282322 331.74394687404856 33.529775668866932 167.66645659506321 46.932906113564968 38.361547283362597 989.60294969938695 56.35788594186306 761.48875345289707 30.452656759414822
leaf_count=6424 3855 106274 993 49865 2147 52255 6109 61175 115812 9220 270 516 14729 9883 129706 254 226 1185 20857 49921 451 14378 350 987 282 2431 24451 244 3206 5738
internal_value=-0.000382514 0.00118722 -0.00194875 -0.0227873 -0.00504995 -0.00254239 0.00086304 -0.00915042 -0.0166571 0.00366137 -0.00117408 0.0156306 0.00199813 0.00147551 -0.0303912 0.00306 0.00272511 0.00802087 0.0034673 -0.00963507 0.0317388 0.0110138 -0.00673288 0.00187436 -0.00426853 -0.00224285 -0.00160629 0.00448832 0.00596517 -0.0265653
internal_weight=31097.8 29063.5 10866.8 2034.37 5166.73 3208.12 5700.11 1958.61 1129.87 1074.86 649.431 109.9 4960.34 4777.75 904.501 18196.6 17048.8 1147.82 3111.29 1937.39 63.4403 425.426 739.77 248.129 214.599 1666.46 1628.1 876.19 817.847 671.417
internal_count=694194 386649 275260 307545 191326 79237 83934 112089 122236 26982 10457 1237 76206 72351 185309 111389 106500 4889 30740 111096 721 16525 7728 1619 1269 41611 39180 3704 3450 135444
is_linear=0
shrinkage=0.05


Tree=62
num_leaves=31
num_cat=0
split_feature=4 5 4 5 1 1 3 3 4 5 3 5 1 3 1 1 5 3 3 1 1 5 1 5 1 5 5 1 1 1
split_gain=406.512 49.1711 39.2557 26.3872 23.9622 17.3128 17.2542 14.2582 13.9139 14.9538 12.4189 11.1479 12.4977 22.1196 11.017 10.789 14.7041 11.4316 11.3825 18.5003 15.8431 12.1967 11.0187 13.842 11.2941 10.4583 12.9339 14.8756 11.8073 10.8398
threshold=87.500000000000014 3.5000000000000004 1023.5000000000001 29.500000000000004 28.500000000000004 152.50000000000003 865.50000000000011 212.50000000000003 6.5000000000000009 181.50000000000003 350.50000000000006 5.5000000000000009 77.500000000000014 242.50000000000003 75.500000000000014 61.500000000000007 77.500000000000014 42.500000000000007 1250.5000000000002 156.50000000000003 172.50000000000003 124.50000000000001 225.50000000000003 201.50000000000003 217.50000000000003 399.50000000000006 353.50000000000006 214.50000000000003 201.50000000000003 243.50000000000003
decision_type=2 2 2 2 2 2 2 2 2 2 2 2 2 2 2 2 2 2 2 2 2 2 2 2 2 2 2 2 2 2
left_child=1 10 -2 4 7 6 11 -3 15 -10 -1 -6 13 -13 -12 16 17 -5 22 -20 -21 -22 24 -24 -17 26 27 -23 -27 -30
right_child=2 3 -4 8 5 -7 -8 -9 9 -11 14 12 -14 -15 -16 18 -18 -19 19 20 21 25 23 -25 -26 28 -28 -29 29 -31
leaf_value=-0.0070813514205722468 -0.015428669855998091 0.0036751955654323364 -0.029141086765630337 -0.0193790057830403 -0.0084023014408195588 -0.028488564427851429 0.032679026009579733 0.031126863710836214 0.00082993350391845171 -0.017319818932409255 0.085060339598189261 -0.00086864737600350563 -0.0046284627415980988 0.0077031174700758209 -0.0062892170557511898 0.0027492599998601638 -0.00023492223338921262 0.010722738651524649 0.021779938434415991 -0.014284831766599462 -0.009880853171292751 0.021149429762645836 -0.00010988209826964145 0.02582897282464356 -0.015666591669714527 -0.016193442791637404 0.037623187907850061 0.0031271397316910382 0.0178756993796363 -0.00015544623872338565
leaf_weight=1699.7052593333647 1392.4909757999703 2781.9310522796586 843.74093455867842 30.510506864637136 494.56706694979221 55.612183565273881 35.894541352987289 46.165221613831818 2517.3536455538124 116.84178747981787 4.9503071652725321 5373.399494917132 1591.976106598042 873.15599452052265 5.7993068238720298 9732.4676792696118 461.65823695063591 1378.3066988177598 198.20670076087117 93.131029099225998 94.849493965506554 199.45013047009706 93.04321363568306 112.95841494947672 82.013015143573284 66.015677906572819 48.696745723485947 267.19637659192085 130.62182578444481 224.27018471062183
leaf_count=98311 151633 56910 175769 246 16612 748 334 702 17669 638 203 77592 18351 9737 257 49681 2603 9160 878 407 433 863 414 480 359 277 209 1134 552 955
internal_value=-9.76289e-05 0.0014969 -0.0206238 0.00201599 0.000164369 -0.00117257 -0.000984292 0.00414499 0.00333056 1.23579e-05 -0.00672031 -0.0011371 -0.000676683 0.000331613 0.0425224 0.00399196 0.0075097 0.0100443 0.00341066 0.00776818 0.00526356 0.00705344 0.00283415 0.014225 0.00259221 0.00878642 0.0135495 0.0108875 0.00291819 0.00654409
internal_weight=31047 28810.7 2236.23 27100.3 11252.7 8424.61 8368.99 2828.1 15847.6 2634.2 1710.45 8333.1 7838.53 6246.56 10.7496 13213.4 1870.48 1408.82 11342.9 1322.44 1124.23 1031.1 10020.5 206.002 9814.48 936.251 515.343 466.647 420.908 354.892
internal_count=694117 366715 327402 267944 180986 123374 122626 57612 86958 18307 98771 122292 105680 87329 460 68651 12009 9406 56642 5708 4830 4423 50934 894 50040 3990 2206 1997 1784 1507
is_linear=0
shrinkage=0.05


Tree=63
num_leaves=31
num_cat=0
split_feature=6 2 4 1 4 8 4 2 1 2 1 2 3 3 1 6 3 3 1 6 2 1 6 4 0 1 3 3 2 1
split_gain=359.458 46.975 44.9755 23.7419 14.89 14.719 14.414 14.3938 14.7407 13.1345 11.8461 16.1773 11.7416 11.03 10.8538 12.7545 14.7411 12.3996 10.9344 20.8631 11.229 20.0029 10.9267 10.6533 17.0359 12.5042 14.6274 10.6473 15.9051 10.2729
threshold=79.995000000000019 3676.7850000000003 1023.5000000000001 9.5000000000000018 24.500000000000004 1.0000000180025095e-35 13.500000000000002 2492.2050000000004 20.500000000000004 126.605 34.500000000000007 10241.440000000001 50.500000000000007 79.500000000000014 91.500000000000014 2262.3050000000003 440.50000000000006 550.50000000000011 155.50000000000003 32681.165000000005 23137.850000000002 167.50000000000003 9114.3500000000022 27.500000000000004 26.500000000000004 40.500000000000007 54.500000000000007 12.500000000000002 477.83500000000009 7.5000000000000009
decision_type=2 2 2 2 2 2 2 2 2 2 2 2 2 2 2 2 2 2 2 2 2 2 2 2 2 2 2 2 2 2
left_child=2 3 4 9 -1 -4 10 -6 12 -2 -3 -12 -9 -11 15 16 -13 -16 -19 20 21 -20 -22 24 -5 26 -25 28 -7 -30
right_child=1 6 5 23 7 27 -8 8 -10 13 11 14 -14 -15 17 -17 -18 18 19 -21 22 -23 -24 25 -26 -27 -28 -29 29 -31
leaf_value=-0.0038173979448688344 0.05334838727552095 0.0069436509580164231 -0.04040938328325084 -0.003488615514675344 -0.019035667195344153 -0.02229198426537839 -0.00051143117768832544 0.003728816417138884 -0.012272268400236319 0.0036671392591550792 -0.00079511203730463415 0.011553584424728877 0.058223153763332286 0.050967012711323451 0.00013122493970862403 0.0041871855396535158 0.05751300062769208 0.0064799536614783175 -0.01370439991767842 0.006482796932071256 -0.013314049294063041 0.017865824700432648 -0.0015350932970180262 -0.012862844416296116 0.059315366264096336 -0.023824129378668863 -0.00024823006284809256 -0.034913987973083219 0.043419886463384419 -0.029535858882191748
leaf_weight=276.62505634129047 12.265154745895414 1553.6565609397367 217.21741238841787 2669.4060890330002 973.98159256810322 368.44911897229031 4062.9024773794226 31.090826047118753 110.38692892715335 559.12075170129538 3268.7147282455117 326.44499794393778 12.703122236300258 10.622811343520878 4520.9679055176675 5525.2166637405753 16.634671891108155 2114.6813903860748 70.132454749196768 1356.1318761110306 230.13406445644796 164.33865013346076 1301.5380531996489 503.62507673865184 8.8468758584931475 126.37178409751505 421.41689490200952 180.79316456057131 14.021263783331962 5.2693401253782204
leaf_count=17591 601 15419 50137 67530 130835 80048 65937 2367 10866 22658 40816 4379 984 411 24421 30588 195 10041 435 5732 1362 955 5471 30836 345 6888 23021 38952 3014 1132
internal_value=-0.000122609 0.00136189 -0.0196391 -0.00344979 -0.0142466 -0.0292194 0.0022085 -0.0167925 -0.00255979 0.00592813 0.00274891 0.0024033 0.0213882 0.00472424 0.00307236 0.00477147 0.0141024 0.00204977 0.00370533 0.00182316 -0.00175803 0.00838684 -0.00331994 -0.00491559 -0.00323705 -0.00917705 -0.007129 -0.0248174 -0.0199546 0.0225891
internal_weight=31013.7 28823.2 2190.54 4311.68 1404.79 785.75 24511.5 1128.16 154.181 582.009 20448.6 18894.9 43.7939 569.744 15626.2 5868.3 343.08 9757.92 5236.96 3122.28 1766.14 234.471 1531.67 3729.67 2678.25 1051.41 925.042 568.533 387.74 19.2906
internal_count=693967 358041 335926 152290 162643 173283 205751 145052 14217 23670 139814 124395 3351 23069 83579 35162 4574 48417 23996 13955 8223 1390 6833 128620 67875 60745 53857 123146 84194 4146
is_linear=0
shrinkage=0.05


Tree=64
num_leaves=31
num_cat=0
split_feature=4 5 4 2 1 1 3 6 3 1 2 0 2 2 1 3 2 0 6 3 6 5 3 1 2 1 5 3 1 5
split_gain=328.353 54.5994 36.5303 24.4841 23.0985 21.555 24.9578 14.9982 14.5496 24.7609 13.8422 13.1008 12.8092 12.6468 12.2729 13.9995 13.6087 11.935 10.8436 15.7467 10.9536 20.4882 16.0483 11.9403 10.7884 14.4518 18.2763 16.8959 12.792 12.2618
threshold=87.500000000000014 12.500000000000002 1023.5000000000001 2544.6300000000006 25.500000000000004 9.5000000000000018 47.500000000000007 2613.1550000000002 298.50000000000006 94.500000000000014 2655.3200000000002 153.50000000000003 857.17000000000007 15673.650000000001 44.500000000000007 95.500000000000014 19241.770000000004 2.5000000000000004 307.38500000000005 49.500000000000007 56324.710000000006 80.500000000000014 274.50000000000006 30.500000000000004 13423.850000000002 155.50000000000003 76.500000000000014 550.50000000000011 104.50000000000001 274.50000000000006
decision_type=2 2 2 2 2 2 2 2 2 2 2 2 2 2 2 2 2 2 2 2 2 2 2 2 2 2 2 2 2 2
left_child=1 3 10 5 7 6 -1 13 14 -10 11 -2 17 -5 15 -6 -16 -8 19 -3 23 -22 -23 -20 28 27 -27 -26 -25 -29
right_child=2 18 -4 4 8 -7 12 -9 9 -11 -12 -13 -14 -15 16 -17 -18 -19 20 -21 21 22 -24 24 25 26 -28 29 -30 -31
leaf_value=-0.00074661839119513607 -0.018514222408855037 -0.005148946010095236 -0.027433404094943038 0.0093692291003105686 -0.004897971194869552 -0.0092361029626356703 0.11726815359334491 -0.002357067534131398 0.020848814725105819 -0.014787570859794203 -0.0050718488511216353 0.0018224295135982503 0.0032134329189351021 0.055924027457491511 -0.0091985582184571802 0.0045869129666047765 0.0051931864708063685 0.029718259968836227 0.0069185073251242018 0.042511397575347165 -0.0048259090217055885 -0.0099198059706974533 0.010032629716050208 0.00083358762238207827 0.0024177675426587135 -0.010144536556949788 0.0011050190637972533 0.008665085701938505 -0.006619153117562818 -0.0043248517853529062
leaf_weight=580.85394982434809 933.06997890304774 29.695109442807734 794.2708041719161 676.46326852682978 828.12584492657334 1875.5374092720449 6.2756166104227367 343.99609143659472 153.98326794896275 69.214897270314395 337.15436742268503 86.146790074650198 11.573056421242653 13.012485636398194 1095.2770043006167 730.17740325070918 191.84076278842986 11.034097183961419 1213.522786475718 38.347955976612866 346.99569035321474 106.94609494507313 1412.0762911587954 5050.1501447055489 8715.9358680211008 430.69370274990797 2178.5965321138501 1891.5994565784931 647.8239525090903 199.74636325240135
leaf_count=28057 119130 535 175261 16645 19477 91492 189 3730 2874 1535 20340 12192 395 229 28110 15713 2157 697 12629 917 1536 435 6008 57720 47895 2616 9367 9275 5929 849
internal_value=-7.67023e-05 0.00132881 -0.0189144 -0.00266936 -0.000295935 -0.00658346 0.00157954 0.00616212 -0.00247352 0.0097646 -0.0138928 -0.0167951 0.0453791 0.0104071 -0.00343968 -0.000453437 -0.00704879 0.0703178 0.002512 0.0221585 0.00244978 0.00611448 0.00861669 0.00211281 0.00180701 0.00258103 -0.000758199 0.00338724 -1.57675e-05 0.00742146
internal_weight=31000.1 28849.5 2150.64 6587.37 4102.09 2485.27 609.737 1033.47 3068.62 223.198 1356.37 1019.22 28.8828 689.476 2845.42 1558.3 1287.12 17.3097 22262.1 68.0431 22194.1 1866.02 1519.02 20328.1 19114.5 13416.6 2609.29 10807.3 5697.97 2091.35
internal_count=693934 367011 326923 211300 90470 120830 29338 20604 69866 4409 151662 131322 1281 16874 65457 35190 30267 886 155711 1452 154259 7979 6443 146280 133651 70002 11983 58019 63649 10124
is_linear=0
shrinkage=0.05


Tree=65
num_leaves=31
num_cat=0
split_feature=6 4 2 4 2 8 5 1 5 4 1 1 2 1 2 1 6 1 5 1 5 6 2 5 2 0 6 1 2 0
split_gain=312.205 42.6751 37.3193 21.9909 15.1128 14.1109 13.4534 20.1035 13.1869 12.8365 23.5627 11.8916 18.7235 20.6629 18.1754 11.2074 14.2147 9.96256 9.76202 9.62459 10.1929 11.9545 11.4983 10.4058 10.1137 9.18069 9.0098 8.87232 23.6571 19.4173
threshold=79.995000000000019 729.50000000000011 4506.3700000000008 2.5000000000000004 10241.440000000001 1.0000000180025095e-35 35.500000000000007 22.500000000000004 4.5000000000000009 5.5000000000000009 149.50000000000003 4.5000000000000009 431.82500000000005 22.500000000000004 2962.1900000000005 32.500000000000007 3056.2250000000008 16.500000000000004 189.50000000000003 42.500000000000007 5.5000000000000009 287.32000000000005 2114.1050000000005 6.5000000000000009 2441.5550000000007 1.0000000180025095e-35 2204.0900000000006 7.5000000000000009 477.83500000000009 15.500000000000002
decision_type=2 2 2 2 2 2 2 2 2 2 2 2 2 2 2 2 2 2 2 2 2 2 2 2 2 2 2 2 2 2
left_child=1 4 3 6 8 -3 7 -2 11 15 18 25 -13 14 -14 16 -4 -18 -11 24 -21 22 -22 -24 -5 -1 -26 28 -7 -30
right_child=2 5 9 19 -6 27 -8 -9 -10 10 -12 12 13 -15 -16 -17 17 -19 -20 20 21 -23 23 -25 26 -27 -28 -29 29 -31
leaf_value=0.031483759533272336 0.0059398481315342602 -0.039252290365316279 0.018977780675357967 -0.0057875481258091652 0.034973877974727591 -0.022165294488329709 0.010703585477836794 -0.0064516753184018158 0.02138921401967174 0.001424781207267701 -0.011142679078300285 -0.026131914677280699 -0.008216865232528351 -0.021797550247450417 0.027099037323862474 0.002764592106278131 -0.010348570884185971 0.0074204291572065916 -0.01629444102838571 -0.023321803802571404 -0.013432839546640575 -0.0093415153840503296 -0.008770471474853667 0.064499663716355113 0.0020153140682763796 -0.0060235443932772116 -0.011848477711084765 -0.033070459330028529 0.084851933396640544 -0.0085622717655362193
leaf_weight=16.11085585039109 668.69244366511703 203.47391197318211 239.56446583382785 1806.2300094235688 14.336542919743804 374.0334663586691 367.06063048169017 637.30680265277624 24.67085998877883 7328.8500692057423 403.3930658204481 334.72796290880069 431.21442328998819 316.6010693339631 37.82983798859641 15051.514970261604 93.013237927109003 467.01870279014111 76.573265895247459 120.99730244791135 13.91167703270912 442.41176263708621 6.3255331590771702 14.005987485870717 954.21414154861122 163.31022364832461 131.55987903103232 175.82595560047776 7.626762940548363 12.408831072505562
leaf_count=876 10581 50241 3041 92058 989 84918 3312 12132 1079 87434 2580 41987 53349 34769 2641 88713 626 2852 433 7118 649 11723 325 641 31778 21013 2083 39647 1624 2662
internal_value=5.38025e-05 -0.0184922 0.00141407 -0.00243683 -0.0130579 -0.0278416 0.00227424 -0.000107637 -0.0136298 0.00225449 0.000594994 -0.0143263 -0.0162374 -0.0119661 -0.00526557 0.00307184 0.00883415 0.00444293 0.00123721 -0.00469548 -0.0104634 -0.00711547 0.0205728 0.04296 -0.0034971 -0.00234568 0.000316785 -0.0236446 -0.0192931 0.0314708
internal_weight=30934.8 2112.17 28822.6 5162.72 1338.8 773.369 1673.06 1306 1324.47 23659.9 7808.82 1299.79 1120.37 785.645 469.044 15851.1 799.596 560.032 7405.42 3489.66 597.652 476.655 34.2432 20.3315 2892 179.421 1085.77 569.895 394.069 20.0356
internal_count=693874 335795 358079 172400 156703 179092 26025 22713 155714 185679 90447 154635 132746 90759 55990 95232 6519 3478 87867 146375 20456 13338 1615 966 125919 21889 33861 128851 89204 4286
is_linear=0
shrinkage=0.05


Tree=66
num_leaves=31
num_cat=0
split_feature=7 2 8 0 0 7 6 1 2 1 1 3 2 1 1 1 1 3 2 6 2 1 3 3 2 3 6 0 6 3
split_gain=289.361 46.8243 30.8877 24.4568 21.3442 18.2014 12.9298 14.897 12.7797 12.0804 9.68451 13.4887 13.5144 9.23274 13.7098 8.89372 12.2809 12.0349 10.8259 10.5939 9.87854 14.0312 18.8301 18.3702 24.0636 13.6148 12.6349 13.3512 10.9267 13.4398
threshold=3.5000000000000004 10241.440000000001 1.0000000180025095e-35 1.0000000180025095e-35 1.0000000180025095e-35 2.5000000000000004 220.04000000000005 7.5000000000000009 114.70500000000001 2.5000000000000004 20.500000000000004 137.50000000000003 2391.4200000000005 7.5000000000000009 10.500000000000002 18.500000000000004 28.500000000000004 60.500000000000007 12505.535000000002 14765.125000000002 25693.415000000005 105.50000000000001 278.50000000000006 298.50000000000006 32232.585000000003 72.500000000000014 8374.5800000000017 2.5000000000000004 16536.615000000002 1348.5000000000002
decision_type=2 2 2 2 2 2 2 2 2 2 2 2 2 2 2 2 2 2 2 2 2 2 2 2 2 2 2 2 2 2
left_child=2 4 -1 9 -2 10 8 -8 -6 -4 11 12 -5 -14 -15 -3 19 18 -18 -17 25 22 -22 24 -24 26 27 -19 29 -23
right_child=1 15 3 5 6 -7 7 -9 -10 -11 -12 -13 13 14 -16 16 17 20 -20 -21 21 28 23 -25 -26 -27 -28 -29 -30 -31
leaf_value=-0.038073915484738236 0.0021156281717041965 -0.01036742621180717 0.029400659597088537 -0.015514530027739235 0.024755050336156437 -0.028320289102180304 0.012186980758934379 -0.0025350507666262317 -0.008955536613253599 -0.005584876971335008 -0.026160229512096064 0.068408277000110415 -0.027368170839324735 0.070636836911398673 0.0047088735276293774 0.016518932687558746 0.014025519444428137 0.051674428625242297 -0.02318853316234127 -0.0038559672579921277 0.0026284376188559408 -0.001949953509766209 0.050932700881114006 0.0076311392805428792 0.013059757714257575 0.00088106303773195945 -0.0032022019955271434 0.0080142403487333137 0.0035377176917018383 0.012872087492125034
leaf_weight=195.91258827154525 2816.6181337139569 130.10745230130851 26.726205277722329 808.0767875360325 27.011388503480703 406.78173970477656 174.55275130923837 6484.3863565186039 1044.1990398061462 172.96108232764527 185.39945020666346 3.055549089331179 10.58085177792236 8.6852272734977287 31.347160007804632 274.03908897005022 24.243457582779229 35.580252095125616 79.237888295203447 82.111570682376623 2193.8043979005888 1994.67982450407 55.249743908643723 1737.1972656920552 165.50001709535718 7178.0506718419492 42.542583998292685 34.410024680197239 4335.2130112573504 163.63156059198081
leaf_count=49856 45274 1310 1974 115311 1947 95255 5360 142660 81254 17319 23696 380 575 529 2294 2590 230 292 625 493 11808 10327 311 8316 819 53815 226 372 18067 786
internal_value=-0.000170889 0.00104963 -0.0193363 -0.0170731 -0.00160963 -0.0193237 -0.00296719 -0.00214559 -0.00806095 -0.000657289 -0.0157815 -0.0134931 -0.0139429 0.0107859 0.0216928 0.00256357 0.00265615 0.00247381 -0.0143695 0.0118261 0.00257258 0.00354357 0.0058133 0.00937548 0.0229109 0.00115421 0.0182577 0.0310283 0.00209104 -0.00081535
internal_weight=30921.9 29072.4 1849.53 1653.61 10546.8 1453.93 7730.15 6658.94 1071.21 199.687 1047.15 861.746 858.69 50.6132 40.0324 18525.6 18395.5 18039.3 103.481 356.151 17935.9 10645.3 4151.75 1957.95 220.75 7290.58 112.533 69.9903 6493.52 2158.31
internal_count=694071 386882 307189 257333 276495 238040 231221 148020 83201 19293 142785 119089 118709 3398 2823 110387 109077 105994 855 3083 105139 50434 21254 9446 1130 54705 890 664 29180 11113
is_linear=0
shrinkage=0.05


Tree=67
num_leaves=31
num_cat=0
split_feature=6 8 8 0 8 2 1 2 2 1 6 2 3 1 4 3 1 3 6 1 2 4 6 6 3 2 6 6 6 3
split_gain=253.872 34.1234 34.0361 22.6977 21.3439 16.8629 12.6296 12.5368 11.892 19.8501 12.32 11.2167 11.1055 11.7113 17.834 11.8454 10.4605 12.2652 17.92 10.0046 28.4068 15.9631 9.99493 18.2585 12.5235 9.96532 12.6338 11.9675 10.4959 9.72008
threshold=79.995000000000019 4.5000000000000009 1.0000000180025095e-35 4.5000000000000009 2.5000000000000004 3676.7850000000003 50.500000000000007 5304.4100000000008 2716.0150000000003 25.500000000000004 935.3950000000001 7652.3150000000014 298.50000000000006 59.500000000000007 46.500000000000007 340.50000000000006 22.500000000000004 118.50000000000001 287.32000000000005 20.500000000000004 1469.7450000000001 273.50000000000006 1697.0500000000002 954.42000000000019 366.50000000000006 27136.745000000006 7167.670000000001 6669.4150000000009 29413.335000000003 321.50000000000006
decision_type=2 2 2 2 2 2 2 2 2 2 2 2 2 2 2 2 2 2 2 2 2 2 2 2 2 2 2 2 2 2
left_child=2 4 -1 19 6 -5 7 -2 16 10 -10 -8 -11 14 15 -14 17 -6 -19 20 -4 -22 23 -13 -25 26 27 -24 -27 -15
right_child=1 -3 3 5 8 -7 11 -9 9 12 -12 22 13 29 -16 -17 -18 18 -20 -21 21 -23 25 24 -26 28 -28 -29 -30 -31
leaf_value=-0.037299337582248591 -0.00022731918201272227 0.0024502836450439585 -0.0055742168652074611 -0.019657698110270252 -0.0049209264246149013 0.0084337773552025288 -0.0082798171821301964 0.0062171452088032502 0.015084093602270933 -0.0051327404982609839 0.0011139621181785618 -0.011693163252518839 -0.024192802496364688 0.025676949513458999 0.072458353296665626 0.027157499614699671 -0.012355913159201209 0.075184598189714957 -0.0051244747049355608 -0.01484257286861655 0.015648021993219203 0.090798820369185684 -0.0030444933132206756 0.023106312275034211 -0.0075105122397875687 0.0059361076872335924 -0.016256395340111012 0.023643276867986521 -0.011078000479942439 -0.0045939870772428943
leaf_weight=188.09531585383229 1432.9777022427879 18279.826475653797 292.85663287108764 1272.3511501043104 1178.0020724935457 54.703089518472552 500.52048844983801 1591.9602805520408 228.50189043581486 2081.4504819661379 501.60059108398855 76.491240859963 15.653766225092111 29.296931266784668 13.02209862321615 29.317332211881876 573.98705558711663 9.8864825931377727 16.148256535641849 202.29013082617894 20.611392050515864 9.6911220150068385 974.74259462580085 158.38236417248845 41.138483628630638 604.97376425936818 178.60772620886564 41.905522584915161 104.66757323592901 171.71036665420979
leaf_count=50105 35830 111507 38964 215655 60575 4691 11394 15661 8569 50418 8421 1840 239 576 284 417 30004 579 537 23350 1686 1459 9543 2441 624 3914 1087 270 553 2769
internal_value=-6.32303e-05 0.00114337 -0.0170976 -0.0150083 -0.00112008 -0.0184888 0.000952409 0.00316613 -0.00355861 -0.00167237 0.00551549 -0.0015454 -0.00391741 0.00581405 0.0252009 0.00901419 -0.00681051 -0.0041508 0.0285603 -0.00618149 -0.000701906 0.0438159 6.31896e-06 0.00886307 0.0167817 -0.00128494 -0.00406901 -0.00190018 0.00340255 2.75189e-05
internal_weight=30875.4 28834.8 2040.6 1852.5 10554.9 1327.05 5706.37 3024.94 4848.58 3070.55 730.102 2681.43 2340.45 259 57.9932 44.9711 1778.02 1204.04 26.0347 525.449 323.159 30.3025 2180.91 276.012 199.521 1904.9 1195.26 1016.65 709.641 201.007
internal_count=693962 358052 335910 285805 246545 220346 83157 51491 163388 71693 16990 31666 54703 4285 940 656 91695 61691 1116 65459 42109 3145 20272 4905 3065 15367 10900 9813 4467 3345
is_linear=0
shrinkage=0.05


Tree=68
num_leaves=31
num_cat=0
split_feature=4 4 8 8 1 2 1 8 1 2 1 1 5 6 5 5 1 1 5 2 6 5 2 1 5 1 6 2 5 2
split_gain=250.774 36.3903 35.4666 19.1038 14.7998 12.4966 18.8051 13.1553 12.3548 15.0186 19.4562 11.3837 11.1456 12.5922 29.2175 15.9703 31.9242 11.5357 15.7275 10.929 10.0622 15.0044 18.5361 9.81255 12.3305 8.9448 8.83152 9.8631 9.56055 17.8149
threshold=87.500000000000014 516.50000000000011 4.5000000000000009 2.5000000000000004 28.500000000000004 1193.8700000000001 13.500000000000002 1.0000000180025095e-35 2.5000000000000004 2599.5100000000007 31.500000000000004 135.50000000000003 2981.0000000000005 56324.710000000006 1224.0000000000002 572.50000000000011 223.50000000000003 195.50000000000003 375.50000000000006 5861.3050000000012 307.38500000000005 12.500000000000002 538.0100000000001 22.500000000000004 14.500000000000002 47.500000000000007 2376.7500000000005 12505.535000000002 10.500000000000002 4506.3700000000008
decision_type=2 2 2 2 2 2 2 2 2 2 2 2 2 2 2 2 2 2 2 2 2 2 2 2 2 2 2 2 2 2
left_child=2 -2 3 4 -1 7 -7 -3 -5 23 26 19 13 20 15 17 -17 -15 -19 -6 21 -4 -23 -10 -25 -21 27 28 -11 -30
right_child=1 5 12 8 11 6 -8 -9 9 10 -12 -13 -14 14 -16 16 -18 18 -20 25 -22 22 -24 24 -26 -27 -28 -29 29 -31
leaf_value=0.0056463272896772202 -0.011390956345926972 -0.03905174181580269 -0.0096921243076114431 0.017913994040441163 -0.0048542016035845971 0.03400470955360993 -0.020018901509806918 -0.023235806028713543 -0.0048905876701106007 0.0038107966424871104 -0.0045929605690171382 -0.016624108672139287 -0.021158101146787258 0.0044616378730131055 0.03957229264921816 -0.033473445068623549 0.014438997477528692 0.008692420099101943 0.033924014570582174 0.0052908044476437282 0.0020350622209142403 0.0049941185260229714 0.079452805030650081 -0.014854506705487075 0.014443984035171801 -0.00041677943989676766 -0.0026792213434971134 0.032930105023109606 0.0033478123156545601 0.059293034066840791
leaf_weight=1227.8954702485353 1174.8268321459182 177.5302556892857 20.182517260313034 64.587501116096973 961.06317897047848 19.858618846628815 59.58279168792069 581.73909214464948 1243.0988956638612 614.20333167072386 1912.1214916207828 105.45562426187098 47.797751672565937 1216.8182449489832 62.621262043714523 71.917915970087051 64.013326227664948 254.1456653624773 80.596583232283592 950.54096701927483 16465.16474897787 16.405773930251598 15.669692484661935 522.19984282040969 36.995850317180157 2456.3548451950774 344.87828888744116 33.122408323921263 37.915068164467812 21.03044324927032
leaf_count=22967 129327 48063 476 3389 24226 3469 10257 136288 69942 18265 44155 1044 197 5097 275 306 284 1117 362 8901 103069 219 255 30589 1017 24650 4186 602 752 337
internal_value=-5.07534e-05 -0.0171018 0.00114053 -0.00117136 0.000788709 -0.0250552 -0.00601075 -0.0270267 -0.00348432 -0.00378172 -0.0015907 -0.000546573 0.00246987 0.002534 0.00656496 0.00529469 -0.0110281 0.00673708 0.0149329 -0.000150982 0.00210616 0.0236063 0.0438975 -0.00737836 -0.0128716 0.00117783 0.00386898 0.00706507 0.00569859 0.0245986
internal_weight=30860.3 2013.54 28846.8 10531.5 5701.31 838.711 79.4414 759.269 4830.15 4765.57 2963.27 4473.41 18315.3 18267.5 1750.11 1687.49 135.931 1551.56 334.742 4367.96 16517.4 52.258 32.0755 1802.29 559.196 3406.9 1051.15 706.271 673.149 58.9455
internal_count=694083 327404 366679 255022 81788 198077 13726 184351 173234 169845 68297 58821 111657 111460 7441 7166 590 6576 1479 57777 104019 950 474 101548 31606 33551 24142 19956 19354 1089
is_linear=0
shrinkage=0.05


Tree=69
num_leaves=31
num_cat=0
split_feature=5 4 4 8 5 3 1 5 1 3 8 3 3 3 1 5 1 5 1 1 1 3 3 0 0 1 5 5 1 5
split_gain=237.741 34.5662 31.833 15.6406 14.6244 12.004 13.0438 11.4017 11.0221 12.1874 10.6514 12.1163 10.6105 12.5726 12.2646 11.6899 14.8139 13.7127 10.8691 10.6253 10.3059 22.5311 13.2484 12.4007 9.76752 9.62269 18.2581 16.4245 13.2318 12.3097
threshold=1.5000000000000002 1023.5000000000001 7.5000000000000009 2.5000000000000004 346.50000000000006 110.50000000000001 39.500000000000007 2981.0000000000005 60.500000000000007 233.50000000000003 1.0000000180025095e-35 6.5000000000000009 550.50000000000011 587.50000000000011 94.500000000000014 76.500000000000014 123.50000000000001 67.500000000000014 101.50000000000001 2.5000000000000004 20.500000000000004 53.500000000000007 151.50000000000003 7.5000000000000009 54.500000000000007 91.500000000000014 54.500000000000007 277.50000000000006 130.50000000000003 29.500000000000004
decision_type=2 2 2 2 2 2 2 2 2 2 2 2 2 2 2 2 2 2 2 2 2 2 2 2 2 2 2 2 2 2
left_child=1 20 7 8 5 6 -5 12 9 -4 -3 -12 19 -14 -15 16 -16 -18 -17 -2 21 23 -23 -1 -7 29 -27 -28 -29 -21
right_child=2 10 3 4 -6 24 -8 -9 -10 -11 11 -13 13 14 15 18 17 -19 -20 25 -22 22 -24 -25 -26 26 27 28 -30 -31
leaf_value=-0.0033709829461518897 0.031186148414896427 -0.036380221783293441 0.0026637145244228009 -0.0039247121727223723 -0.038780624712901446 -0.0011435132331573371 -0.014004933715518956 -0.022612286537207146 -0.0026072348003712991 0.017712089679268548 -0.013902827383447162 -0.029717791364470298 0.012002358319849514 0.013582962892445148 0.0077708960494547973 -0.018962450403105763 -0.0023912699527812806 -0.01970198869126117 0.0042401476676296812 0.00072112440697680465 -0.019064764305486925 0.0070916829345399795 0.076150776490791897 -0.015932727518159589 0.029640703426717603 -0.0046396111000420901 0.0028307384333033968 -0.0035394116705637318 -0.036607028980248861 0.0042134219295652019
leaf_weight=289.09744516992941 28.014925971627235 179.13579282420687 1645.6276302821934 2046.0956219229847 26.432130046188831 3382.2060690401122 379.39832515735179 44.594057820737362 1020.8993583596312 144.66944309510291 248.69279861915857 246.98374580638483 455.69490850716829 272.87736815400422 243.98370953835547 49.242073707282543 452.74354141205549 151.40265912562609 3635.6577511243522 5778.6864209380001 377.79176205070689 104.67996502202004 5.4944590218365184 619.77348874043673 23.966714019887149 1683.5494962316006 2630.4284217730165 87.304321520030499 44.698076821863651 4478.507983636111
leaf_count=28964 530 50651 32254 87611 139 48739 10594 183 12697 1746 61565 61606 2278 1521 1358 218 2642 724 15787 79474 43386 11978 500 83889 669 12072 12678 401 199 26977
internal_value=-0.000179394 -0.0165291 0.00100157 -0.0015295 -0.00300037 -0.00282496 -0.00551171 0.0020967 0.00153551 0.00389814 -0.0258186 -0.0218708 0.00215407 0.00408111 0.00332534 0.00270214 -0.00258577 -0.00678013 0.00391997 0.00146532 -0.0120109 -0.00936352 0.011832 -0.0119532 -0.000909641 0.00140445 -0.000538253 0.00196285 -0.0151159 0.00224646
internal_weight=30778.3 2071.65 28706.7 8669.3 5858.1 5831.67 2425.49 20037.4 2811.2 1790.3 674.812 495.677 19992.8 5261.6 4805.91 4533.03 848.13 604.146 3684.9 14731.2 1396.84 1019.05 110.174 908.871 3406.17 14703.2 4445.98 2762.43 132.002 10257.2
internal_count=694030 342539 351491 194449 147752 147613 98205 157042 46697 34000 173822 123171 156859 24528 22250 20729 4724 3366 16005 132331 168717 125331 12478 112853 49408 131801 25350 13278 600 106451
is_linear=0
shrinkage=0.05


Tree=70
num_leaves=31
num_cat=0
split_feature=4 4 2 2 1 4 5 0 8 2 1 5 2 1 2 1 3 3 1 0 5 1 1 2 5 3 3 2 1 2
split_gain=201.108 34.3234 28.293 25.2962 20.6752 16.0164 15.6103 16.1743 15.0369 14.0414 12.3545 11.0937 10.2512 16.6003 12.053 11.1194 16.8212 11.685 9.71431 9.35683 9.00619 11.0911 17.5553 12.8035 11.7835 20.1497 10.543 16.4854 10.1448 12.6438
threshold=111.50000000000001 2.5000000000000004 2544.6300000000006 488.92000000000002 15.500000000000002 37.500000000000007 11.500000000000002 14.500000000000002 1.0000000180025095e-35 2492.2050000000004 34.500000000000007 426.50000000000006 20116.000000000004 51.500000000000007 4306.3400000000011 137.50000000000003 632.50000000000011 1041.5000000000002 22.500000000000004 1.0000000180025095e-35 2981.0000000000005 227.50000000000003 214.50000000000003 91937.650000000009 271.50000000000006 1101.5000000000002 1472.5000000000002 39261.270000000011 294.50000000000006 55344.990000000013
decision_type=2 2 2 2 2 2 2 2 2 2 2 2 2 2 2 2 2 2 2 2 2 2 2 2 2 2 2 2 2 2
left_child=1 19 5 8 -5 6 18 -8 -2 -6 -11 12 13 -4 -15 17 -17 -14 -3 20 21 22 26 -24 25 -23 -1 -28 29 -26
right_child=3 2 11 4 9 -7 7 -9 -10 10 -12 -13 15 14 -16 16 -18 -19 -20 -21 -22 24 23 -25 28 -27 27 -29 -30 -31
leaf_value=0.0033458944986051436 -0.03763611179818422 -0.0023785897312010862 0.0013577912814065262 -0.00029721165866446853 -0.023766712381995528 -0.012097627047806588 0.0026070354399727975 0.036626486426308343 -0.019730152124564207 0.0055058495599580905 -0.019235108655759711 -0.019380171070615362 0.0028220125827224489 -0.014556102002083274 -0.0025782824083995584 -0.010896921435448037 0.0020175094309811416 0.02345472422429918 -0.011970143007979337 0.0010007220210938791 -0.018823163131556984 0.028607270143814357 -0.024552243919026863 0.003422218665573898 0.0010679195238197812 -0.0084997516067677002 0.037904223754807342 0.0069523500915961399 -0.0015619980598250681 0.026865128599390012
leaf_weight=7809.7836548425257 141.60321553307585 804.83766942098737 3930.6908944165334 311.80131156323478 289.3428031115327 719.41756732482463 251.32047101017088 38.654316651634872 744.90548945451155 103.31902670790441 95.363387361634523 70.369296468794346 4004.646501374431 221.54690749198198 3513.1540231490508 384.13565351162106 725.22177192382514 67.865815185010433 391.82215417502448 5193.5175724672154 42.302497193217278 47.050918366760015 94.45019556209445 70.260623447597027 62.108101844787598 141.96658870205283 53.124591579660773 202.15734063833952 61.91100138425827 202.29055480659008
leaf_count=53328 41918 41739 77800 46038 45152 58520 5450 1107 157518 8241 8600 325 23632 7361 45864 2073 3540 328 19968 41319 175 212 414 305 257 607 243 867 269 889
internal_value=-7.50322e-05 0.00089812 -0.000752763 -0.0168519 -0.0103644 -0.00598321 -0.00301202 0.00736173 -0.0226686 -0.0167689 -0.00644264 0.000141273 0.000251199 -0.000909991 -0.00329623 0.0019686 -0.00246592 0.00317719 -0.00553388 0.00268379 0.00367806 0.00379119 0.0033438 -0.0127213 0.0108953 0.000939875 0.00367497 0.0136381 0.0166213 0.0208588
internal_weight=30790.9 29104.6 15123.7 1686.34 799.827 2206.05 1486.63 289.975 886.509 488.025 198.682 12917.6 12847.3 7665.39 3734.7 5181.87 1109.36 4072.51 1196.66 13980.9 8787.41 8745.1 8229.78 164.711 515.327 189.018 8065.07 255.282 326.31 264.399
internal_count=694059 386592 287707 307467 108031 126784 68264 6557 199436 61993 16841 160923 160598 131025 53225 29573 5613 23960 61707 98885 57566 57391 55157 719 2234 819 54438 1110 1415 1146
is_linear=0
shrinkage=0.05


Tree=71
num_leaves=31
num_cat=0
split_feature=4 2 8 1 8 1 2 1 1 8 1 2 6 3 2 1 4 3 1 2 0 3 6 2 1 3 3 2 1 2
split_gain=189.332 36.2658 27.8493 26.9838 16.7889 18.3438 16.3505 16.7938 16.7713 15.95 13.0434 17.0577 12.3477 12.0842 11.9842 22.9226 9.95755 10.8336 15.1893 9.88783 9.74778 9.57241 9.40032 13.1544 10.7344 13.0171 10.173 9.75655 12.353 9.34232
threshold=87.500000000000014 1409.7150000000004 4.5000000000000009 31.500000000000004 2.5000000000000004 50.500000000000007 1950.1700000000003 30.500000000000004 4.5000000000000009 1.0000000180025095e-35 294.50000000000006 177921.78000000003 307.38500000000005 16.500000000000004 5442.0850000000009 8.5000000000000018 43.500000000000007 298.50000000000006 58.500000000000007 25693.415000000005 17.500000000000004 227.50000000000003 18773.655000000002 25693.415000000005 104.50000000000001 648.50000000000011 137.50000000000003 78811.665000000023 130.50000000000003 420.91000000000003
decision_type=2 2 2 2 2 2 2 2 2 2 2 2 2 2 2 2 2 2 2 2 2 2 2 2 2 2 2 2 2 2
left_child=2 9 4 -3 5 14 8 13 29 -2 12 -12 -4 -8 15 -1 -9 -18 -19 -7 -15 -17 24 -24 25 -14 -25 -26 -29 -6
right_child=1 3 10 -5 6 19 7 16 -10 -11 11 -13 22 20 -16 21 17 18 -20 -21 -22 -23 23 26 27 -27 -28 28 -30 -31
leaf_value=0.019457095060742891 -0.034416718250743834 0.0037187594291133498 0.025858944859302027 -0.018421395412698362 -0.0005148095032539 -0.0042019774726134327 -0.020175661335531746 -0.0060080890975491973 -0.0094866962382730985 -0.017658035508550957 -0.034634262814633415 0.0057916664930063718 0.002189318437287801 0.0015371077166077742 0.0064451384865358997 -0.0025525597619167032 -0.00063284810468219519 0.0677925247579729 0.0078209065891180103 0.0025049396769372947 0.011704385896904191 0.02309327584491663 -0.014725395518504032 -0.0061457206473632623 -0.00012729107042644725 0.015639730245625618 0.0046110446021936534 -0.034914525095184709 -0.0034925499034793336 0.025764569348856844
leaf_weight=137.48717949260026 162.96734950109385 358.47051821066998 53.210445143282413 220.84756865887903 105.04589194711298 1908.0842363676056 50.457066185772419 1578.0793589125387 1313.718956311699 1179.0307138720527 53.010229632258415 48.700844511389732 7865.5581837743521 850.53622631775215 1564.9646015800536 1303.3701693285257 448.60422890540212 11.933134284801779 46.368728353641927 769.94731868617237 324.54499290045351 35.4395981291309 91.729460895061493 227.522735029459 4315.7326044104993 182.1612602211535 5358.4584230482578 43.388959866017103 102.30385679006577 47.82398234307766
leaf_count=2548 48728 33186 962 19207 6750 26600 1223 36260 79498 225927 226 211 60630 21798 14982 32149 14762 251 990 4999 9485 761 388 1032 24240 1020 22254 200 466 1688
internal_value=-4.32181e-05 -0.0152325 0.000969742 -0.00475585 -0.0010841 0.00074344 -0.00327147 -0.0013227 -0.00766262 -0.0197413 0.00214508 -0.0155393 0.00224538 0.00331891 0.0033996 0.000166802 -0.00405157 0.00203905 0.0219371 -0.00227328 0.00436032 -0.00184026 0.00217346 0.0038605 0.00140724 0.00249758 0.00417087 -0.000559801 -0.0131964 0.00793302
internal_weight=30759.5 1921.32 28838.2 579.318 10496.4 5719.29 4777.11 3310.52 1466.59 1342 18341.8 101.711 18240.1 1225.54 3041.26 1476.3 2084.99 506.906 58.3019 2678.03 1175.08 1338.81 18186.9 5677.71 12509.1 8047.72 5585.98 4461.43 145.693 152.87
internal_count=693421 327048 366373 52393 254744 82039 172705 84769 87936 274655 111629 437 111192 32506 50440 35458 52263 16003 1241 31599 31283 32910 110230 23674 86556 61650 23286 24906 666 8438
is_linear=0
shrinkage=0.05


Tree=72
num_leaves=31
num_cat=0
split_feature=6 4 5 3 8 4 0 4 3 3 3 2 3 6 2 4 5 6 6 6 6 3 5 6 2 0 5 5 5 6
split_gain=167.558 35.1764 25.1272 14.3155 11.5388 9.62306 9.56399 9.40876 8.71464 16.2172 14.2947 12.2891 10.8838 10.4059 10.2871 10.1056 10.6189 9.30369 16.9496 19.3516 9.25499 9.19969 20.8073 8.57667 8.48806 12.2668 7.99811 8.77253 12.3491 13.1481
threshold=119.84000000000002 516.50000000000011 21.500000000000004 209.50000000000003 1.0000000180025095e-35 90.500000000000014 76.500000000000014 33.500000000000007 115.50000000000001 135.50000000000003 109.50000000000001 13423.850000000002 153.50000000000003 5240.9400000000014 91937.650000000009 2.5000000000000004 41.500000000000007 2316.3550000000005 2148.8650000000002 1581.8900000000001 5240.9400000000014 345.50000000000006 191.50000000000003 32681.165000000005 284.38000000000005 2.5000000000000004 2981.0000000000005 1224.0000000000002 805.00000000000011 67270.12000000001
decision_type=2 2 2 2 2 2 2 2 2 2 2 2 2 2 2 2 2 2 2 2 2 2 2 2 2 2 2 2 2 2
left_child=1 3 5 -1 -3 6 24 8 10 23 14 13 15 -11 -4 16 -13 18 19 -14 -19 -15 -23 -10 25 -2 27 28 -22 -30
right_child=2 4 7 -5 -6 -7 -8 -9 9 11 -12 12 17 21 -16 -17 -18 20 -20 -21 26 22 -24 -25 -26 -27 -28 -29 29 -31
leaf_value=-0.0098425995904483036 0.036640236841276153 -0.034471521515533204 0.004477443549322644 0.024019043995024997 -0.019143450489376591 -0.0091065953415020266 0.033562187945764703 -0.0082852159956442652 -0.0052099848766870597 0.00057912720713862041 0.019385371284487172 0.035288731864022559 0.043085988170919638 -0.0025325564868738997 -0.024899678736392879 0.0022793065781776876 0.0079464220987786501 -0.0021840461534909537 0.057202529279554021 -0.016970562867056341 0.0027631149877393123 -0.030525900980344925 0.00089592805226123532 -0.031326241727360524 -0.0011877852673609283 -0.0080942871070359967 -0.017682752727876002 0.017536023902649241 0.00081676310997697552 -0.0309914909372212
leaf_weight=1386.6999533846974 33.427977006882429 160.5471849378664 1375.4721024800092 30.08099151076749 580.73484992072918 378.3374443128705 17.979565048590302 226.30670835450292 521.35599000006914 2305.3789960909635 163.73283834010363 69.091209605336189 18.914269395172596 463.27886384725571 28.494538895785809 131.51610135287046 73.969660133123398 1088.6053182259202 19.651918672025204 35.491169836372137 11492.043069839478 105.6135882884264 103.0039971023798 31.599102228879929 9545.8707364983857 25.9368000254035 46.289461061358452 97.056598141789436 77.100284747779369 54.021819978952408
leaf_count=158095 619 50585 11423 2456 145542 24965 880 2821 3959 23283 1231 341 231 2657 135 714 316 7992 202 388 52062 629 556 140 198877 1508 190 422 321 234
internal_value=-0.000302778 -0.0137295 0.000713755 -0.00909081 -0.022547 -0.00130572 -0.000997204 0.00180391 0.00192956 0.00159518 0.00549216 0.00188322 0.00253747 -0.00101803 0.00384664 0.0123536 0.0214559 0.00232712 0.0197668 0.00469575 0.00222359 -0.00648359 -0.0151503 -0.00680994 -0.00106887 0.0174687 0.00263168 0.00271491 0.00258816 -0.0125568
internal_weight=30687.6 2158.06 28529.5 1416.78 741.282 10001.6 9623.22 18528 18301.7 16734 1567.7 16181 13203.8 2977.28 1403.97 274.577 143.061 12929.2 74.0574 54.4054 12855.1 671.896 208.618 552.955 9605.24 59.3648 11766.5 11720.2 11623.2 131.122
internal_count=693774 356678 337096 160551 196127 226849 201884 110247 107426 94637 12789 90538 63413 27125 11558 1371 657 62042 821 619 61221 3842 1185 4099 201004 2127 53229 53039 52617 555
is_linear=0
shrinkage=0.05


Tree=73
num_leaves=31
num_cat=0
split_feature=5 3 2 1 1 2 1 3 1 5 5 2 2 5 5 1 2 4 3 1 2 2 4 0 4 1 2 2 8 1
split_gain=168.22 29.3598 24.0286 26.1972 21.323 19.0239 19.5559 20.3937 17.6351 28.2173 18.353 17.5751 17.2867 16.569 14.7218 20.4264 13.4131 13.3956 12.8513 11.1822 14.9137 11.1055 10.74 10.3754 10.2871 10.0412 10.0403 10.28 10.0324 10.0317
threshold=1.5000000000000002 562.50000000000011 431.82500000000005 8.5000000000000018 93.500000000000014 3676.7850000000003 28.500000000000004 110.50000000000001 89.500000000000014 53.500000000000007 277.50000000000006 5177.7850000000008 6341.6350000000011 34.500000000000007 76.500000000000014 126.50000000000001 15080.935000000001 1.0000000180025095e-35 601.50000000000011 7.5000000000000009 1054.3550000000002 55344.990000000013 940.50000000000011 9.5000000000000018 260.50000000000006 34.500000000000007 91937.650000000009 34240.595000000008 1.0000000180025095e-35 7.5000000000000009
decision_type=2 2 2 2 2 2 2 2 2 2 2 2 2 2 2 2 2 2 2 2 2 2 2 2 2 2 2 2 2 2
left_child=2 5 17 23 26 6 7 19 -7 -10 12 22 -11 -8 15 16 -6 -1 -16 20 -2 -18 25 24 -4 -5 27 -3 -19 -30
right_child=1 4 3 11 14 8 13 -9 9 10 -12 -13 -14 -15 18 -17 21 28 -20 -21 -22 -23 -24 -25 -26 -27 -28 -29 29 -31
leaf_value=0.022949629126837515 0.0005713540752530997 0.018252234088615225 0.010610998257529786 -0.010220146938202352 -0.018243268049042104 0.0017209884485856531 -0.010080043707602234 0.01776087000161963 -0.0055763679080291402 0.028572353680392154 -0.015174975809695039 0.0099034986421580491 0.0017259177912410705 0.0030901439426529358 0.015149457246359502 -0.0066186184724308181 0.015810776840814666 -0.034367740528771305 0.0038437042331743673 -0.0028309485957451323 0.02410701678036984 -0.0019508827063373663 -0.031209209182823952 0.00012143257199384225 0.056152808853025551 -0.027961684814815441 0.037067256092200615 0.00040545330394204065 -0.015171419463860865 -0.027738288721212964
leaf_weight=16.168602257966995 250.80418865941465 234.35764331789687 38.346025864128023 595.09041478857398 45.631604637019336 12953.283111091238 1233.9830193542875 143.56336139142513 2521.1638677413575 59.14054693095386 156.81560486927629 77.7643547069747 3147.4525517374277 295.0075013358146 267.04770677164197 766.02076196717098 261.36525588482618 121.56257081613876 3897.5504387877882 2146.2585910507478 90.049439185298979 131.56716367974877 87.600698173744604 112.64980951906182 17.267042099963874 91.401804551482201 44.518397018313408 122.65358650870621 571.60896383668296 226.2259665329475
leaf_count=633 10055 1752 2337 73580 504 138437 46625 4391 21130 571 720 6109 15141 3475 1189 4702 1484 40417 17072 81488 1979 595 24188 16549 3534 11400 199 558 120565 43103
internal_value=-0.000150679 0.000814364 -0.0143328 -0.00899749 0.00400242 1.4115e-05 -0.00304536 -0.000430285 0.000689942 -0.00157944 0.00141813 -0.0125553 0.00223856 -0.00753824 0.003168 -0.00169798 0.00688771 -0.0201188 0.00457559 -0.00149376 0.00689355 0.00988381 -0.0148312 0.00895047 0.0262095 -0.0126567 0.0150891 0.0121573 -0.0209243 -0.0187952
internal_weight=30723.9 28768.2 1955.69 1020.12 5770.71 22997.5 4159.67 2630.68 18837.9 5884.57 3363.41 851.857 3206.59 1528.99 5369.18 1204.58 438.564 935.566 4164.6 2487.11 340.854 392.932 774.093 168.263 55.6131 686.492 401.53 357.011 919.398 797.835
internal_count=694482 352067 342415 137697 28055 324012 148013 97913 175999 37562 16432 115277 15712 50100 25546 7285 2583 204718 18261 93522 12034 2079 109168 22420 5871 84980 2509 2310 204085 163668
is_linear=0
shrinkage=0.05


Tree=74
num_leaves=31
num_cat=0
split_feature=4 2 2 1 4 4 3 6 1 3 3 1 3 3 3 1 5 2 5 3 6 6 5 6 8 1 6 2 3 3
split_gain=157.059 31.9506 19.1218 18.2892 12.4409 11.9459 11.9272 11.0589 10.6465 14.324 10.0884 9.44141 21.2681 12.6065 13.3222 11.3487 17.7699 11.8823 14.7835 14.1729 10.1549 10.0517 10.8448 10.0231 9.10347 11.3183 8.56113 8.53727 8.18744 9.52347
threshold=75.500000000000014 500.21000000000009 7242.4750000000013 8.5000000000000018 761.50000000000011 2.5000000000000004 94.500000000000014 257.02500000000003 51.500000000000007 290.50000000000006 61.500000000000007 61.500000000000007 169.50000000000003 648.50000000000011 418.50000000000006 89.500000000000014 64.500000000000014 50481.130000000012 27.500000000000004 616.50000000000011 41902.980000000003 1658.6600000000003 24.500000000000004 41902.980000000003 1.0000000180025095e-35 6.5000000000000009 4924.6250000000009 19241.770000000004 137.50000000000003 264.50000000000006
decision_type=2 2 2 2 2 2 2 2 2 2 2 2 2 2 2 2 2 2 2 2 2 2 2 2 2 2 2 2 2 2
left_child=2 6 5 -3 -5 10 24 -7 9 26 -1 13 -13 14 23 17 20 19 -19 21 -17 22 -14 -4 -2 -26 28 -16 -9 -30
right_child=1 3 11 4 -6 7 -8 8 -10 -11 -12 12 15 -15 27 16 -18 18 -20 -21 -22 -23 -24 -25 25 -27 -28 -29 29 -31
leaf_value=0.0053025123225414325 -0.033876178926292147 0.010000961116915884 0.0037486215002153832 -0.0083690216317143847 -0.026385509084165648 -0.0075569438199673683 0.039691977801023952 -0.0012947443003551995 -0.0066905021578655983 0.029036967938231486 -0.00097690745532359648 -0.0063418560689154834 0.0088483989644732152 -0.023755993194555708 0.0059177572049687807 -0.0016218990548942523 0.0021169934978368834 -0.0077888326296625529 0.013090092476696133 0.018565817368933417 -0.015927063136608091 0.0010357441691046683 0.05166470801383663 -0.0077622817839414051 -0.01415453949483945 -0.026989164986659854 -0.021388846344713452 0.034046488992717457 0.0082968237955277496 -0.032595976372933301
leaf_weight=1005.7921401718631 123.97906873957254 123.4830744646024 4851.59313164372 946.19837480876595 105.38599065761082 975.22974872170016 6.3389292750507584 2640.7301798285916 813.37222503777593 39.146527620963752 1749.4926725840196 926.63631681259722 212.41853504162282 40.249284883961082 52.131989557296038 3721.6028696112335 7115.3270197547972 98.638137316331267 554.77241799235344 130.20192851871252 126.38093821704388 2854.3679118528962 14.062682732939718 194.95931234955788 463.63206696207635 281.39421840710565 47.021297000348568 56.24236822873354 351.56947030220181 12.892787664197384
leaf_count=16889 42138 17065 41429 90678 24751 75148 1141 73378 18729 768 23476 7462 4061 240 406 26481 32012 634 2360 739 562 19063 189 953 107696 56458 427 292 8422 290
internal_value=-0.000131255 -0.0134915 0.000827961 -0.00808278 -0.0102212 -0.00131391 -0.0207172 -0.00279958 -0.00160814 -0.000267457 0.00131752 0.00160863 0.000998857 0.00345669 0.0036783 0.0014584 0.000636853 0.00378754 0.00992408 0.00253343 -0.00209976 0.00184427 0.0119359 0.00330103 -0.0212479 -0.0190614 -0.000662072 0.020868 -0.000323758 0.00668025
internal_weight=30635.2 2050.41 28584.8 1175.07 1051.58 7635.25 875.344 4879.96 3904.73 3091.36 2755.28 20949.6 15754.4 5195.18 5154.93 14827.8 10963.3 3864.46 653.411 3211.05 3847.98 3080.85 226.481 5046.55 869.005 745.026 3052.21 108.374 3005.19 364.462
internal_count=694337 339927 354410 132494 115429 217527 207433 177162 102014 83285 40365 136883 93563 43320 43080 86101 59055 27046 2994 24052 27043 23313 4250 42382 206292 164154 82517 698 82090 8712
is_linear=0
shrinkage=0.05


Tree=75
num_leaves=31
num_cat=0
split_feature=7 8 0 7 4 3 2 4 0 2 3 2 2 3 2 4 6 3 3 0 2 6 6 8 6 2 3 2 0 4
split_gain=147.161 26.5594 19.678 22.1963 19.0476 11.6926 13.0327 10.1143 9.66578 13.5996 10.713 9.80806 8.74705 7.84534 7.61781 7.69607 7.24772 7.78141 12.5104 9.12455 9.35333 7.86814 7.82617 7.10259 6.94907 7.54759 6.91948 10.9668 8.75708 6.72567
threshold=3.5000000000000004 1.0000000180025095e-35 3.5000000000000004 1.5000000000000002 16.500000000000004 28.500000000000004 1692.2950000000003 1.0000000180025095e-35 25.500000000000004 1076.5550000000001 53.500000000000007 840.15000000000009 114.70500000000001 537.50000000000011 3676.7850000000003 199.50000000000003 159.00500000000002 515.50000000000011 251.50000000000003 1.5000000000000002 24366.085000000003 2493.0450000000005 171.59500000000003 4.5000000000000009 8.8400000000000016 3676.7850000000003 2.5000000000000004 311.41500000000002 32.500000000000007 82.500000000000014
decision_type=2 2 2 2 2 2 2 2 2 2 2 2 2 2 2 2 2 2 2 2 2 2 2 2 2 2 2 2 2 2
left_child=1 -1 5 14 7 -3 -7 -2 10 12 24 -12 -10 23 -4 -16 -13 18 22 20 -20 -21 29 -11 -6 -26 27 -5 -29 -18
right_child=4 2 3 26 8 6 -8 -9 9 13 11 16 -14 -15 15 -17 17 -19 19 21 -22 -23 -24 -25 25 -27 -28 28 -30 -31
leaf_value=-0.035135640700457924 0.0027987850242825597 0.0037264190763741235 -0.010536177966542359 -0.014858583155127053 0.043355533585816897 -0.025788572097178421 0.0032326347257227981 0.00058505793967590094 0.034498784148637822 0.0039118924932431609 0.022508501145984197 -0.011673037906034269 -0.011021090079663634 0.038945399598005616 0.057661923596420465 0.00069017119752419909 0.050458170030449494 -0.011563144307250656 0.0059381490663448708 -0.0092069870756051313 0.029691620479561465 0.0057257356093095109 -0.0029954734522056065 0.047108759680493308 -0.012418897365353572 -0.0010276910404919406 -0.025740734420772418 0.087238994484165666 -0.016713739798362125 -0.017262212183319355
leaf_weight=144.52839546371251 7522.3398108836263 240.18441615300253 514.96516024903394 67.238754573278129 4.4070647184271357 90.974937204271555 65.561446479521692 16423.354039780796 9.1893226481042785 797.33012486179359 38.338410441763699 192.13262898102403 209.82791364262812 14.861177347600458 5.858362095430496 24.330791471526027 10.363109997473655 186.07335413061082 113.49270343733951 123.24715294409543 64.520222661551088 296.51165163889527 2271.3033125209622 7.6521749570965758 509.57636129134335 203.70005888352171 461.09694520151243 3.073828079737722 2.4637712424155325 4.0375273185782126
leaf_count=49913 47030 28025 95505 16581 566 14316 7362 165664 1028 26983 3594 18729 19000 157 488 2208 715 1721 2027 2999 512 2266 54211 62 34286 4330 93033 259 368 366
internal_value=-0.000127878 -0.0147829 -0.0127448 -0.0162408 0.00069182 -0.00320226 -0.0137463 0.00128066 -0.00209606 0.00219982 -0.00320739 -0.00200058 -0.00881631 0.00515702 -0.00909348 0.0146416 -0.00230228 -0.00170851 -0.00106501 0.00536363 0.0147818 0.00131841 -0.00274949 0.00443826 -0.00873555 -0.00917773 -0.023478 -0.00883649 0.0488258 0.0316816
internal_weight=30622.5 1620.28 1475.75 1079.03 29002.3 396.721 156.536 23945.7 5056.56 1038.86 4017.7 3300.02 219.017 819.843 545.154 30.1892 3261.68 3069.55 2883.48 597.772 178.013 419.759 2285.7 804.982 717.683 713.276 533.873 72.7764 5.5376 14.4006
internal_count=694304 308058 258145 208442 386246 49703 21678 212694 173552 47230 126322 87140 20028 27202 98201 2696 83546 64817 63096 7804 2539 5265 55292 27045 39182 38616 110241 17208 627 1081
is_linear=0
shrinkage=0.05


Tree=76
num_leaves=31
num_cat=0
split_feature=7 4 4 7 2 5 5 3 3 2 6 3 6 2 0 5 3 5 2 3 3 5 3 5 5 5 6 3 6 5
split_gain=128.005 26.8257 19.6247 24.5742 13.4804 11.5125 12.6286 15.7302 14.7068 13.4823 15.5256 10.7805 10.7385 15.1688 10.4468 9.83287 31.2677 9.865 11.8918 10.514 11.2923 11.1192 11.0001 9.87681 11.8213 9.82849 15.3722 18.0915 9.71437 21.5253
threshold=3.5000000000000004 34.500000000000007 8.5000000000000018 1.5000000000000002 1325.0300000000002 2981.0000000000005 52.500000000000007 865.50000000000011 397.50000000000006 10241.440000000001 41902.980000000003 5.5000000000000009 18773.655000000002 25693.415000000005 25.500000000000004 219.50000000000003 899.50000000000011 199.50000000000003 273750.53000000009 147.50000000000003 114.50000000000001 189.50000000000003 1472.5000000000002 167.50000000000003 133.50000000000003 72.500000000000014 41902.980000000003 378.50000000000006 2094.9300000000003 72.500000000000014
decision_type=2 2 2 2 2 2 2 2 2 2 2 2 2 2 2 2 2 2 2 2 2 2 2 2 2 2 2 2 2 2
left_child=2 5 -1 4 -4 6 7 8 9 11 -11 -2 28 -14 -3 17 -17 18 19 20 -15 22 25 24 -20 26 -21 -28 29 -8
right_child=1 14 3 -5 -6 -7 12 -9 -10 10 -12 -13 13 15 -16 16 -18 -19 23 21 -22 -23 -24 -25 -26 -27 27 -29 -30 -31
leaf_value=0.0017642379464670411 0.032270738117835644 -0.0066031476379592863 -0.01286735489600619 -0.022268030297862437 0.0035046427749136941 -0.022839328567648198 0.025128652935753067 0.015687502547758025 -0.0041323542605937458 0.0027623713261861515 -0.011784104264338985 -0.00086304908014435714 -0.016981833199368062 0.0086343089447627891 0.00052772155874579484 -0.0091925565741013786 0.0065111367125763875 0.017565483798213492 -0.0023746539280076234 0.0070069404571813619 -0.022786189199781034 -0.0087401875301504773 -0.0068584083242543255 0.015086290585553117 -0.028993757714086982 0.0097000169487211785 0.0065656306667214396 -0.027401560373392538 0.00064986252498091829 -0.0042702495700324668
leaf_weight=179.76164263673127 22.633766393177211 1614.441367875319 536.86825538449921 715.11684676166624 163.03267144877464 47.656086072325706 125.23200650140643 163.76420392468572 1737.1461834600195 6541.5667058341205 186.77638123929501 7240.1117674168199 80.692404329776764 50.660778626799583 752.40642409631982 483.54181165993214 911.14269041270018 174.16005137562752 156.99282115697861 480.03672444820404 61.293426290154457 108.88772088289261 127.4918302744627 48.664727583527565 55.003349542617798 2139.0400226265192 74.543835312128067 79.236971572041512 5414.8143700435758 120.95585273019969
leaf_count=6910 612 75796 111009 167135 22270 198 1334 1189 12844 46822 938 155827 336 216 39814 2000 3898 730 654 1987 256 451 528 212 234 8753 313 331 28687 1241
internal_value=2.36874e-06 0.000761218 -0.0137799 -0.0157544 -0.00905459 0.00121467 0.0012595 0.000365516 0.000204007 0.000742928 0.00235518 -0.000750935 0.00258791 0.00426826 -0.00433776 0.00462133 0.00106125 0.00601623 0.00541144 0.00626841 -0.00866599 0.00682941 0.00741956 -0.00481972 -0.00948753 0.00808051 0.0026016 -0.0110634 0.00109347 0.0107665
internal_weight=30593.7 28998.9 1594.78 1415.02 699.901 26632 26584.4 15892 15728.2 13991.1 6728.34 7262.75 10692.4 5031.39 2366.85 4950.7 1394.68 3556.01 3381.85 3121.19 111.954 3009.24 2900.35 260.661 211.996 2772.86 633.818 153.781 5661 246.188
internal_count=693525 386201 307324 300414 133279 270591 270393 218232 217043 204199 47760 156439 52161 20899 115610 20563 5898 14665 13935 12835 472 12363 11912 1100 888 11384 2631 644 31262 2575
is_linear=0
shrinkage=0.05


Tree=77
num_leaves=31
num_cat=0
split_feature=7 7 0 2 4 6 3 3 2 0 6 3 6 8 6 2 6 0 0 3 3 2 3 6 2 3 6 3 4 3
split_gain=124.146 29.4382 24.6105 16.7551 10.9904 11.2607 10.5719 10.4995 9.31193 9.17716 9.49656 10.6066 11.7827 14.736 11.8884 9.03569 14.9867 9.92399 8.65259 8.62043 14.7084 8.19523 7.89764 11.6314 7.50757 7.48311 7.41974 7.63132 7.07928 7.77739
threshold=3.5000000000000004 1.5000000000000002 4.5000000000000009 13423.850000000002 105.50000000000001 5071.4100000000008 20.500000000000004 28.500000000000004 1033.4150000000002 22.500000000000004 553.67500000000007 258.50000000000006 116.95500000000001 3.5000000000000004 56.940000000000005 706.83500000000015 17.905000000000005 137.50000000000003 4.5000000000000009 118.50000000000001 44.500000000000007 126.605 60.500000000000007 2899.4400000000005 3521.6800000000007 32.500000000000007 614.04000000000008 2.5000000000000004 38.500000000000007 4.5000000000000009
decision_type=2 2 2 2 2 2 2 2 2 2 2 2 2 2 2 2 2 2 2 2 2 2 2 2 2 2 2 2 2 2
left_child=1 15 7 4 5 6 8 26 21 10 11 -8 14 18 -13 16 17 -1 -14 20 -11 -2 23 -5 -20 -17 27 -3 29 -4
right_child=3 2 28 22 -6 -7 9 -9 -10 19 -12 12 13 -15 -16 25 -18 -19 24 -21 -22 -23 -24 -25 -26 -27 -28 -29 -30 -31
leaf_value=-0.01828852897749891 0.027548345980901907 0.017406163641862673 0.016029887847961423 0.021511331877940895 -0.0095326551012640762 -0.0047048514637794076 -0.004637598298449396 -0.024859703336591724 0.014192445087158702 -0.0024511389141459086 8.9068174964706672e-05 -0.0080028121588015359 0.0052096882644598469 -0.033442343265697283 0.095286274379229791 0.01285257230857384 0.042855108592212338 -0.0024163142306635223 0.086617126195733293 -0.0053088394120555807 0.013930771758692506 -0.0011376099100165334 0.0018472032454524324 -0.011825641892934044 0.01638205608219739 -0.004640956094062009 0.025313299955578478 -0.0096698703725113678 -0.028556561855448626 -0.020117532716921613
leaf_weight=265.33756938623264 25.125214832369238 28.64789827237837 17.485615981277078 28.232400179840624 341.32166215847246 1385.3151391409338 1844.3869680464268 69.710347372340038 238.46317408233881 217.09773016767576 7652.4036692408845 3.8673317399807257 43.640834004618227 16.542924618348479 5.8614913569763303 84.688968267058954 10.705773247871546 156.99774729879573 5.2669856986030927 156.35009028483182 367.02874926291406 301.75141718564555 16108.347720026039 198.19199673272669 10.567734995856879 205.3775269438047 19.280358140356839 174.43453695718199 475.38231997587718 65.207278486341238
leaf_count=52083 1309 3977 1549 485 32148 8643 88868 11047 5461 12006 113226 262 1432 515 315 11881 381 39507 225 4294 14930 12730 87636 1463 402 30342 328 24692 124957 6559
internal_value=-8.42599e-05 -0.0137539 -0.0200537 0.000659506 -0.000709216 -0.000462329 7.82079e-05 -0.00821788 0.00672342 -0.000286949 -0.000701746 -0.00383394 0.0131642 0.00580614 0.0598642 -0.00631237 -0.01087 -0.0124274 0.0174558 0.00506839 0.00785465 0.00122144 0.0017165 -0.00751697 0.0468373 0.000519561 -0.00282561 -0.00571788 -0.0261966 -0.012276
internal_weight=30523 1573.26 850.148 28949.8 12615 12273.7 10888.4 292.073 565.34 10323 9582.54 1930.13 85.7473 76.0185 9.72882 723.108 433.041 422.335 59.4756 740.477 584.126 326.877 16334.8 226.424 15.8347 290.066 222.363 203.082 558.075 82.6929
internal_count=693653 307303 173109 386350 296766 264618 255975 40044 19500 236475 205245 92019 3151 2574 577 134194 91971 91590 2059 31230 26936 14039 89584 1948 627 42223 28997 28669 133065 8108
is_linear=0
shrinkage=0.05


Tree=78
num_leaves=31
num_cat=0
split_feature=7 8 8 0 7 8 3 3 2 3 3 2 6 2 3 2 3 3 6 3 6 6 0 0 3 6 6 2 2 3
split_gain=118.714 22.6032 21.9831 16.2489 16.401 15.3389 9.82492 8.87218 10.0712 9.24034 8.14791 8.58942 7.60003 7.37405 7.35143 7.36793 8.0474 7.06355 10.5921 9.918 9.29256 8.75121 6.86017 6.84087 8.03191 8.27865 7.2836 9.26302 7.04799 8.07699
threshold=3.5000000000000004 1.0000000180025095e-35 4.5000000000000009 1.5000000000000002 1.5000000000000002 2.5000000000000004 19.500000000000004 1.5000000000000002 1950.1700000000003 42.500000000000007 14.500000000000002 132.60500000000005 109791.10500000001 5574.8050000000012 30.500000000000004 136133.35500000001 574.50000000000011 181.50000000000003 874.62000000000012 141.50000000000003 754.6500000000002 13942.755000000003 14.500000000000002 16.500000000000004 50.500000000000007 13942.755000000003 48.405000000000008 126.605 1121.5300000000002 28.500000000000004
decision_type=2 2 2 2 2 2 2 2 2 2 2 2 2 2 2 2 2 2 2 2 2 2 2 2 2 2 2 2 2 2
left_child=1 -1 5 7 -5 6 -2 -3 9 -9 11 -6 13 -8 -4 -16 -17 18 19 20 -15 -20 -19 -7 26 -26 -25 -28 -29 -30
right_child=2 3 14 4 10 23 12 8 -10 -11 -12 -13 -14 17 15 16 -18 22 21 -21 -22 -23 -24 24 25 -27 27 28 29 -31
leaf_value=-0.032996973083970454 0.011814630387665778 0.044465380636408952 0.012080859211512585 -0.0082579555256003367 -0.022859041620613835 -0.0043003900582206482 -0.0025987757939790789 -0.002522164952426533 0.016274782348879153 -0.029668600182142332 -0.027755380076113952 -0.0070794969046357199 -0.03163667428625748 0.017721074485662638 0.0012447133893561993 -0.00054457494759312585 0.007003772215221288 -0.0015340140883320235 0.003748666130391696 -0.0036649518703575548 0.061214691551420314 -0.0091876895287452531 0.0093366558699211465 -0.021731834488901643 0.0045371709421533546 -0.025776607796888625 0.059645101844902439 -0.011169314285811541 0.012394336685307782 -0.004835050287806896
leaf_weight=135.09044828522019 186.00588875263929 8.4632913647219521 165.80728166736662 573.56158687849529 180.57798396307044 3716.9243651870638 1565.62133020279 173.73084235121496 54.676376623567194 36.375111601315439 223.39375140937045 168.32085129362531 16.693135142326355 42.964305767556652 16492.407465977594 505.39215127378702 1167.6325601115823 1803.8204480255954 1723.9262791853398 28.911862964741886 16.890268798917532 139.55418370291591 155.82392968051136 53.791147872805595 673.80266169924289 21.328165873885155 3.906572602223604 177.51671501155943 104.77688795421273 185.51713231578469
leaf_count=50117 3834 1015 1736 105117 47320 129803 40473 19923 4740 5798 43851 30046 91 1096 102587 2122 5056 17737 16789 743 344 879 1467 6710 26938 182 350 14464 4430 7892
internal_value=-0.000109492 -0.0135625 0.000613651 -0.0116686 -0.0142772 -0.00119662 0.000575231 -0.000705218 -0.00247154 -0.0074574 -0.0202601 -0.0153302 0.000190561 0.000299069 0.0016622 0.00156579 0.00472562 0.00145958 0.00358668 0.0202706 0.0315769 0.00277106 -0.000660979 -0.00323437 1.34632e-05 0.00353579 -0.00464154 -0.00260916 -0.00338073 0.00142587
internal_weight=30503.2 1554.19 28949 1419.1 1145.85 10617.8 5680.21 273.246 264.782 210.106 572.293 348.899 5494.21 5477.51 18331.2 18165.4 1673.02 3911.89 1952.25 88.7664 59.8546 1863.48 1959.64 4937.56 1220.64 695.131 525.508 471.717 467.811 290.294
internal_count=693650 307927 385723 257810 226334 274222 83453 31476 30461 25721 121217 77366 79619 79528 111501 109765 7178 39055 19851 2183 1440 17668 19204 190769 60966 27120 33846 27136 26786 12322
is_linear=0
shrinkage=0.05


Tree=79
num_leaves=31
num_cat=0
split_feature=7 8 4 1 2 0 1 3 3 4 0 2 1 4 0 8 2 1 1 3 1 3 2 1 2 2 2 3 1 0
split_gain=99.1318 22.131 18.7814 14.1328 19.4251 17.1407 15.8283 13.2538 11.2554 10.9188 10.8318 10.0277 11.6282 21.9055 12.6803 10.3055 9.52121 13.3068 12.9358 11.9789 13.5224 10.5702 10.2319 8.80869 8.58695 9.0188 8.45224 8.18876 9.56276 8.11325
threshold=3.5000000000000004 1.0000000180025095e-35 34.500000000000007 6.5000000000000009 591.47000000000014 9.5000000000000018 14.500000000000002 21.500000000000004 32.500000000000007 1.5000000000000002 21.500000000000004 9910.5500000000011 138.50000000000003 4.5000000000000009 1.0000000180025095e-35 2.5000000000000004 4115.4500000000016 40.500000000000007 49.500000000000007 54.500000000000007 8.5000000000000018 60.500000000000007 857.17000000000007 75.500000000000014 114.70500000000001 88.430000000000021 2338.6900000000005 466.50000000000006 89.500000000000014 1.0000000180025095e-35
decision_type=2 2 2 2 2 2 2 2 2 2 2 2 2 2 2 2 2 2 2 2 2 2 2 2 2 2 2 2 2 2
left_child=1 -1 9 5 -5 -3 7 -6 -9 -2 11 15 27 -14 -15 23 17 19 -18 20 22 -21 24 29 25 -4 -8 28 -13 -11
right_child=2 3 16 4 6 -7 26 8 -10 10 -12 12 13 14 -16 -17 18 -19 -20 21 -22 -23 -24 -25 -26 -27 -28 -29 -30 -31
leaf_value=-0.032353293119273638 0.0018477007916662107 0.0076744107403945057 -0.0053646368985221585 -0.024812917971102272 -0.010776610736636738 -0.010632304127609342 -0.02126967097612114 0.033929364548848741 -0.001409069730554205 0.010909179650994808 0.0070634777938331679 0.001878502002537647 0.0014668544238210786 -0.020675914601803728 -0.0057518191590803019 -0.0039365613029469461 0.003482294885138472 -0.022053117442023745 -0.0071320085419846677 0.019530708365153169 -0.013428569434915922 -0.0021868098668787685 0.025017741820990782 -0.011137048726450979 -0.01163997480497323 0.083568270903730382 -0.0037475536288234844 0.0048865401585528635 -0.0022926488969087378 0.00040360356771395846
leaf_weight=130.16178138554096 11329.853474594653 182.34516035416164 5.7785419989377242 317.36571717495099 83.9551850350108 416.94895859481767 209.30893015139736 44.122169942595065 43.755456967744976 205.48188943043351 494.45994326472282 4488.6549407597631 1037.4934183899313 196.10385639034212 514.81894579622895 3248.4933790117502 706.0702957843896 131.41970922308974 480.78269343217835 64.010611322475597 489.41637398255989 368.7079901068937 40.671845704084262 144.62332233414054 68.604526955168694 3.2280662960838526 103.53950296365656 1346.0418074689806 1977.9854623591527 1610.2466685632244
leaf_count=49890 74718 23029 654 65496 10752 98185 36101 6341 6144 4332 12076 32429 4890 1218 2858 79543 17021 9224 10911 4691 38429 25210 2251 3080 6741 348 11575 7443 12832 34805
internal_value=-0.000363617 -0.0127524 0.000292537 -0.0108882 -0.0152233 -0.00505518 -0.00886796 0.0033027 0.0166941 0.00067189 -0.000200971 -0.00044509 0.000516539 -0.00316716 -0.009915 -0.00220973 -0.00398162 -0.00717466 -0.000822222 -0.00525659 -0.00977224 0.00110086 0.00532818 0.000652897 -0.00535934 0.0359031 -0.0155312 0.00134152 0.000602336 0.00160319
internal_weight=30484.5 1531.5 28952.9 1401.34 802.047 599.294 484.681 171.833 87.8776 26594.3 15264.4 14769.9 9561.1 1748.42 710.923 5208.85 2358.69 1171.84 1186.85 1040.42 607.699 432.719 118.283 1960.35 77.6111 9.00661 312.848 7812.68 6466.64 1815.73
internal_count=693217 307513 385704 257623 136409 121214 70913 23237 12485 270224 195506 183430 61670 8966 4076 121760 115480 87548 27932 78324 48423 29901 9994 42217 7743 1002 47676 52704 45261 39137
is_linear=0
shrinkage=0.05


Tree=80
num_leaves=31
num_cat=0
split_feature=7 8 2 1 5 1 2 1 1 0 7 2 5 1 2 2 0 5 5 5 8 5 1 1 1 5 2 2 2 2
split_gain=110.322 18.4791 12.3421 19.1664 15.0108 12.0672 11.0071 10.8225 10.7496 16.6704 12.8991 10.4524 9.55387 18.258 13.3112 12.1673 9.39968 9.15559 8.55788 8.34605 7.82492 10.7584 10.2665 7.54677 7.48549 14.0139 8.04408 12.6632 10.3812 7.72377
threshold=3.5000000000000004 1.0000000180025095e-35 3758.8400000000006 19.500000000000004 16.500000000000004 33.500000000000007 1800.075 34.500000000000007 20.500000000000004 10.500000000000002 1.5000000000000002 1692.2950000000003 41.500000000000007 92.500000000000014 11687.245000000001 20116.000000000004 13.500000000000002 6.5000000000000009 47.500000000000007 32.500000000000007 2.5000000000000004 21.500000000000004 31.500000000000004 45.500000000000007 55.500000000000007 54.500000000000007 11687.245000000001 7049.3100000000004 5712.7400000000007 4611.5500000000011
decision_type=2 2 2 2 2 2 2 2 2 2 2 2 2 2 2 2 2 2 2 2 2 2 2 2 2 2 2 2 2 2
left_child=1 -1 3 18 7 -4 11 -5 9 -3 -11 20 13 15 19 -7 -8 -9 -2 -15 -6 22 -22 -18 25 -14 27 28 -27 -26
right_child=2 8 5 4 6 12 16 17 -10 10 -12 -13 24 14 -16 -17 23 -19 -20 -21 21 -23 -24 -25 29 26 -28 -29 -30 -31
leaf_value=-0.031436003165764753 0.0017903420935105848 -0.0020732795945015686 0.0044565383029269096 -0.0041541726000483723 -0.015073687223327019 -0.00072156026496482861 -0.0038885097015799982 -0.018721134179825721 -0.021796372328925798 -0.007937889449873085 -0.021404426270610469 0.040914385208955406 0.006156700589287723 -0.0098593185396467897 -0.0031746427936950464 0.0035212363448398607 0.034954302600273074 -0.0067495760480098298 0.032895262840659412 -0.02984419889090234 0.012624984128227582 0.0048147307758494504 0.074031998337386482 -0.012423589686059741 0.018526689764363929 -0.00034126944977464597 -0.014245711042857906 0.012705658265548201 -0.032763904987500675 0.0018142484779506516
leaf_weight=126.38193692266941 1762.3578765064012 451.5799492103979 2346.9460376440547 1215.4833297769073 31.291689579375088 5653.7146292135585 537.55208476632833 291.06649848562665 214.73467629263178 379.37519520474598 339.19078358472325 24.228065455332398 247.34074488654733 207.67259649769403 1529.9157316198107 2407.8140104245394 26.628969714045525 359.04288618685678 20.403765097260475 69.590482514351606 17.673356615006927 114.49912329483777 10.244951559230683 10.694713711738585 67.573780633509159 64.848103439435363 262.49634288996458 90.245270267128944 37.908154923468828 11622.577212905511
leaf_count=50021 80374 64099 31991 56861 712 81043 7648 19437 35656 74473 83160 378 1459 4282 12146 14949 618 11536 177 803 317 1561 227 290 691 527 1173 520 263 56465
internal_value=-7.49902e-05 -0.0132367 0.000611058 -0.0018207 -0.00452546 0.00104806 0.00133196 -0.00695069 -0.0115329 -0.00961545 -0.0143364 0.011439 0.00068835 -0.000472356 -0.00501171 0.000546236 -0.00217562 -0.0121505 0.0021828 -0.0150532 0.00690902 0.0118809 0.0386016 0.0214373 0.00161256 -0.00339247 -0.00858203 -0.000811908 -0.0126996 0.00191401
internal_weight=30541.1 1511.26 29029.8 4421.17 2638.41 24608.6 772.813 1865.59 1384.88 1170.15 718.566 197.937 22261.7 9868.71 1807.18 8061.53 574.876 650.109 1782.76 277.263 173.709 142.417 27.9183 37.3237 12393 702.839 455.498 193.002 102.756 11690.2
internal_count=693857 307409 386448 180136 99585 206312 11751 87834 257388 221732 157633 3195 174321 113223 17231 95992 8556 30973 80551 5085 2817 2105 544 908 61098 3942 2483 1310 790 57156
is_linear=0
shrinkage=0.05


Tree=81
num_leaves=31
num_cat=0
split_feature=4 4 4 5 2 8 2 5 3 2 2 6 5 6 6 3 5 3 3 5 3 6 6 3 6 6 2 6 3 3
split_gain=81.4605 24.1657 10.8627 10.4755 9.76927 9.41103 9.21885 8.51506 14.8919 10.8289 10.7397 10.1485 9.65053 15.2902 9.26342 8.81529 8.45564 7.98739 7.93575 9.40439 7.8363 16.5481 7.77436 8.01063 11.0441 7.2279 6.86732 6.73766 8.44656 12.2808
threshold=336.50000000000006 34.500000000000007 1.0000000180025095e-35 2981.0000000000005 2492.2050000000004 1.0000000180025095e-35 4506.3700000000008 189.50000000000003 316.50000000000006 9079.6700000000019 78811.665000000023 1658.6600000000003 6.5000000000000009 1061.5100000000002 1955.8800000000003 131.50000000000003 464.50000000000006 209.50000000000003 458.50000000000006 13.500000000000002 121.50000000000001 1234.0700000000004 1106.8950000000002 77.500000000000014 1061.5100000000002 465.93500000000006 10241.440000000001 3692.4500000000003 67.500000000000014 55.500000000000007
decision_type=2 2 2 2 2 2 2 2 2 2 2 2 2 2 2 2 2 2 2 2 2 2 2 2 2 2 2 2 2 2
left_child=1 2 3 -1 17 -2 -7 9 -9 27 -10 12 20 26 18 -15 -12 -3 19 -13 -11 -22 23 -6 -25 -19 -14 -4 29 -29
right_child=5 4 7 -5 22 6 -8 8 10 11 16 14 13 15 -16 -17 -18 25 -20 -21 21 -23 -24 24 -26 -27 -28 28 -30 -31
leaf_value=0.0025223174260016802 -0.027165637748725015 -0.0079510912067713071 -0.00075153204288673481 -0.022385746198433944 0.009346766468880217 -0.013915677836797855 0.034884730916387011 -0.027109348134802466 -0.0072839551907863884 0.0048489024255721838 0.0073329858851401454 -0.019102209090349081 0.0099118034136145977 -0.0094521987240792568 0.0011501587737283998 0.014935103815109006 -0.0096797176301443126 0.049793767712303476 -0.037576409130561657 0.0055469302820936065 0.017773962001316684 0.075717368551876885 -0.004577828974941139 -0.0032187127147241391 0.039193069974503107 -0.028696403159599666 -0.018956134393609613 -0.0046638154280143037 -0.0098673100875877693 0.026063963398497522
leaf_weight=7562.2299400120974 150.50959032680839 1178.4630452971905 5593.5206313319504 40.467481784522533 259.34802251961082 631.91567175951786 7.9781556711532167 64.873523991554976 543.04550932347775 55.063291290774941 315.26297544687986 71.518244445323944 26.092093426734209 43.584675956517458 11369.892488446087 207.36523110046983 93.01472844183445 8.9644183432683331 21.423109717667103 80.249716799706221 65.594289806671441 13.831408582627772 917.47697008028626 425.30118657648563 13.925045462325214 2.5232530068606129 80.095196777954698 123.83173049986362 443.53953493013978 41.889207046478987
leaf_count=49260 52490 130346 148845 167 14899 169559 1334 346 2549 1191 1325 959 594 584 67195 2942 391 832 270 1044 1671 200 14693 23547 376 99 1560 1031 3441 333
internal_value=-0.000100129 0.000322504 0.000783903 0.00238388 -0.00409098 -0.0159216 -0.0132004 0.000151936 -0.00429801 0.000400332 -0.00268882 0.00127496 0.00829591 0.00394905 0.000974545 0.0106583 0.00342882 -0.00752532 -0.0104359 -0.00616596 0.019612 0.0294763 -0.00155598 0.00241452 -0.00170255 0.0308547 -0.0118107 -0.00129649 -0.0062808 0.00332141
internal_weight=30452.8 29662.4 26856.4 7602.7 2806 790.403 639.894 19253.7 1016.2 18237.5 951.323 12034.7 491.626 357.137 11543.1 250.95 408.278 1189.95 173.191 151.768 134.489 79.4257 1616.05 698.574 439.226 11.4877 106.187 6202.78 609.26 165.721
internal_count=694073 470690 285898 49427 184792 223383 170893 236471 4611 231860 4265 78210 8742 5680 69468 3526 1716 131277 2273 2003 3062 1871 53515 38822 23923 931 2154 153650 4805 1364
is_linear=0
shrinkage=0.05


Tree=82
num_leaves=31
num_cat=0
split_feature=4 4 2 3 5 2 0 3 5 4 2 5 3 5 5 2 5 4 5 5 3 2 0 8 8 5 2 0 0 3
split_gain=76.665 27.1028 13.705 11.2484 10.9194 11.1086 10.4193 10.2729 9.82338 9.41595 7.82218 9.10402 9.60979 9.32666 8.49005 9.19755 8.67294 7.59218 12.2098 10.0006 9.39586 9.12156 7.57469 8.52692 13.4928 8.97086 8.18503 7.5502 8.84994 9.26237
threshold=623.50000000000011 34.500000000000007 1353.325 1041.5000000000002 305.50000000000006 27136.745000000006 317.50000000000006 173.50000000000003 399.50000000000006 87.500000000000014 177921.78000000003 271.50000000000006 1348.5000000000002 416.50000000000006 59.500000000000007 39261.270000000011 71.500000000000014 1.0000000180025095e-35 251.50000000000003 189.50000000000003 684.50000000000011 989.58500000000015 21.500000000000004 4.5000000000000009 2.5000000000000004 102.50000000000001 55344.990000000013 1.0000000180025095e-35 616.00000000000011 7.5000000000000009
decision_type=2 2 2 2 2 2 2 2 2 2 2 2 2 2 2 2 2 2 2 2 2 2 2 2 2 2 2 2 2 2
left_child=1 3 6 4 17 -6 7 -3 -7 -9 14 12 -12 -13 15 -5 -16 18 21 22 -20 -1 23 24 25 -19 -26 -2 -29 -30
right_child=27 2 -4 10 5 8 -8 9 -10 -11 11 13 -14 -15 16 -17 -18 19 20 -21 -22 -23 -24 -25 26 -27 -28 28 29 -31
leaf_value=0.011943166091986087 0.0030667910191724684 -0.010276493733920707 -0.0018642820306496461 -0.00067761667970014981 0.0030995051185664412 -0.021376990713618097 0.042505135456829657 -0.01505866050555389 -0.0042845412918849609 0.079643329752134215 0.014672215651555616 0.031283938417982021 -0.0054803211275922881 0.0099902640561355376 -0.018499725486662542 0.030488857992413326 0.0025236219903521854 0.0006938550231678337 0.0074848308854615075 -0.0074639705393648899 0.033626577511282216 0.0015313985430637754 0.0064315321547949687 0.0011310396969966554 -0.0038057338010383589 -0.02662577743444627 -0.026500423655514423 -0.022056888650186891 -0.0076673928463973362 0.08092015218896717
leaf_weight=216.31242456845939 40.169728998793289 900.20547269424424 2062.7045961851254 41.345857841894031 193.62611885368824 149.46192891895771 7.7063783304765812 3.6357295652851453 191.79501257091761 4.1559799332171679 101.01732402294874 75.476116001605988 137.19852708280087 162.59994697570801 48.845842100679874 53.112414436414838 1404.3670235574245 4305.8320558611304 110.34989419579506 409.17592130973935 49.044180139899254 5822.8223376777023 507.57345946365967 10551.932978909463 2312.098836639896 28.260368343442678 38.494251189753413 461.14081987645477 90.959543216507882 1.0538995959796
leaf_count=3987 11087 123888 94463 354 957 621 1429 259 797 518 446 349 609 727 242 296 6053 63968 501 1938 209 38551 13742 72362 78534 204 350 147551 28906 332
internal_value=4.24287e-05 0.000396277 -0.00412786 0.000897266 0.00060556 -0.00644792 -0.0092116 -0.00974299 -0.0118515 0.041404 0.00447996 0.0100708 0.00311653 0.0169453 0.00274861 0.0171156 0.00179252 0.000761004 0.00227155 0.000245029 0.0158454 0.00190816 0.000423618 0.000245975 -0.00115104 0.000503519 -0.0041996 -0.0177244 -0.0192398 -0.00495286
internal_weight=30482.5 29889.2 2978.41 26910.7 24886.8 534.883 915.704 907.997 341.257 7.79171 2023.96 476.292 238.216 238.076 1547.67 94.4583 1453.21 24351.9 6198.53 18153.4 159.394 6039.13 17744.2 17236.6 6684.69 4334.09 2350.59 593.324 553.154 92.0134
internal_count=694230 506354 220557 285797 276721 2375 126094 124665 1418 777 9076 2131 1055 1076 6945 650 6295 274346 43248 231098 710 42538 229160 215418 143056 64172 78884 187876 176789 29238
is_linear=0
shrinkage=0.05


Tree=83
num_leaves=31
num_cat=0
split_feature=4 4 2 0 2 1 2 1 3 4 2 6 2 3 1 6 3 2 1 1 2 0 7 0 2 0 3 0 0 3
split_gain=60.849 16.205 17.4902 23.1725 18.1008 14.2722 15.3031 13.1949 12.6506 9.93835 9.74369 8.58144 12.3148 8.68068 8.64763 15.3416 8.62942 8.45598 11.5209 9.6785 27.5196 19.5409 9.40132 8.8058 9.97833 8.13894 7.94538 7.8371 7.53215 11.3753
threshold=336.50000000000006 34.500000000000007 420.91000000000003 147.50000000000003 770.7650000000001 58.500000000000007 2655.3200000000002 18.500000000000004 157.50000000000003 1.0000000180025095e-35 6864.7800000000007 5592.5850000000009 20116.000000000004 294.50000000000006 20.500000000000004 27.910000000000004 378.50000000000006 4407.0950000000003 74.500000000000014 7.5000000000000009 339.09500000000008 4.5000000000000009 2.5000000000000004 1.5000000000000002 83.615000000000009 68.500000000000014 25.500000000000004 41.500000000000007 57.500000000000007 75.500000000000014
decision_type=2 2 2 2 2 2 2 2 2 2 2 2 2 2 2 2 2 2 2 2 2 2 2 2 2 2 2 2 2 2
left_child=1 9 25 5 -5 6 7 8 -4 -1 -7 13 -13 14 15 -8 -15 19 -19 20 22 -22 26 24 -24 -3 -2 -17 -16 -30
right_child=17 2 3 4 -6 10 11 -9 -10 -11 -12 12 -14 16 28 27 -18 18 -20 -21 21 -23 23 -25 -26 -27 -28 -29 29 -31
leaf_value=0.0020353120215079274 -0.0092272665044527535 -0.022747604386483156 -0.0010237071383618747 0.10560789438615566 0.0093173401809376055 -0.02594069619797575 0.047408857569156165 -0.011852965683861362 0.071048740860042967 -9.4081508087306639e-05 -0.0071022429064290021 -0.022699279503214882 0.006446258937308132 0.060862044701386758 0.00032576659530061806 0.013703789798772587 -0.0037059759808037839 0.034793824168340919 -0.038275756940159639 -0.022378553475604555 0.079200769767871423 0.006727682620852115 -0.018064681057647834 -0.0245514448191731 0.045157686731365783 -0.0023889228605314685 0.028602563451997 -0.0087242284306923573 -0.015268676781267421 0.051400735964610811
leaf_weight=7657.5954781509936 161.56234569009393 160.86278187297285 489.57975871302187 6.6594218825921443 12.184260097332297 89.133268292993307 25.515012339688838 465.45338207902387 4.1648927815258494 19251.432098899037 289.02825578255579 73.730054009705782 68.173189863562584 11.172359827440234 788.63539041997865 133.02066955342889 8.164002647623418 17.070388996275145 5.6738163777627042 280.07768560945988 9.9779172486159933 43.650414550444111 13.581530261086302 212.89416022854857 8.4934579797554743 71.003625844605267 13.227826532442121 53.154858465306461 8.9589027706533688 15.339651046320794
leaf_count=49589 45359 23840 50044 938 1203 5359 1754 45998 296 236143 5459 824 661 295 29593 4396 198 1784 631 77883 2285 11364 3986 74495 2537 11188 3064 1662 366 493
internal_value=-0.000222746 0.000136813 -0.00350044 -0.00229469 0.0502149 -0.0027263 -0.00114272 -0.00583224 -0.000131571 0.000511994 -0.0116556 0.00265387 -0.00880219 0.00422492 0.00356028 0.0125114 0.0358088 -0.0141161 0.0149453 -0.0150429 -0.010532 0.0225745 -0.0149535 -0.0214525 0.00799107 -0.016587 -0.00607318 0.00727571 0.0012044 0.0275279
internal_weight=30449.2 29683 2773.93 2542.07 18.8437 2523.22 2145.06 959.198 493.745 26909 378.162 1185.86 141.903 1043.96 1024.62 211.691 19.3364 766.21 22.7442 743.465 463.388 53.6283 409.759 234.969 22.075 231.866 174.79 186.176 812.934 24.2986
internal_count=693687 470299 184567 149539 2141 147398 136580 96338 50340 285732 10818 40242 1485 38757 38264 7812 493 223388 2415 220973 143090 13649 129441 81018 6523 35028 48423 6058 30452 859
is_linear=0
shrinkage=0.05


Tree=84
num_leaves=31
num_cat=0
split_feature=7 8 2 2 1 3 3 1 8 1 2 0 1 7 2 3 2 2 3 2 1 3 0 3 3 2 2 4 2 0
split_gain=72.2542 18.1568 10.9899 11.6617 13.8354 15.3665 12.572 12.2954 11.4372 11.6197 13.1195 10.5164 15.4334 11.1623 10.2592 10.19 15.169 10.105 10.1004 12.5896 9.82763 10.5031 9.0913 9.02929 8.72952 8.09084 15.7516 10.9717 8.04342 11.0109
threshold=3.5000000000000004 1.0000000180025095e-35 114.70500000000001 3291.5600000000004 22.500000000000004 44.500000000000007 254.50000000000003 30.500000000000004 4.5000000000000009 135.50000000000003 21004.765000000003 1.0000000180025095e-35 2.5000000000000004 1.5000000000000002 177921.78000000003 13.500000000000002 132.60500000000005 3521.6800000000007 153.50000000000003 61411.715000000004 50.500000000000007 157.50000000000003 158.50000000000003 865.50000000000011 149.50000000000003 931.35000000000014 821.3850000000001 46.500000000000007 591.47000000000014 2.5000000000000004
decision_type=2 2 2 2 2 2 2 2 2 2 2 2 2 2 2 2 2 2 2 2 2 2 2 2 2 2 2 2 2 2
left_child=1 -1 -2 4 5 -4 25 18 9 10 20 12 -3 17 23 16 -15 22 19 -5 21 -9 -13 -12 -22 26 -6 -28 29 -7
right_child=2 11 3 7 6 28 -8 8 -10 -11 14 13 -14 15 -16 -17 -18 -19 -20 -21 24 -23 -24 -25 -26 -27 27 -29 -30 -31
leaf_value=-0.030029451771996892 0.028605199615363203 0.033767524720321088 -0.0023224696604824987 0.0038737141273845477 -0.0057396072882587232 0.048205356397063387 0.014479272027824761 -0.0020434575670253115 0.0010000231484064903 -0.016177992889668685 0.0029733870236545485 -0.011797601038791907 -0.0047354798225054482 -0.020576763575125938 -0.020408604308909433 -0.023884915284477545 0.00061166905875766975 0.01644970902489002 0.016739818626428919 -0.028707784930223541 -0.010231582068051382 0.0065185186506851595 0.0035680929046864327 0.029882145172304621 -0.0030761436137603558 -0.0071631271526149884 0.045995901934191813 -0.018174714743905168 0.0051632733053379107 0.0061676205263797752
leaf_weight=114.97637767554261 32.299859430175275 29.100404052529484 1388.775922422763 1909.2110729254782 84.837483400478959 25.053551150718704 74.459767295047641 1542.6381177441217 17138.512031883001 130.72077332017943 1411.3661912158132 402.07994489418343 157.64352891407907 173.13878920511343 44.049427969381213 243.16395154804923 162.94680283381604 43.48452632012777 150.6401773430407 28.138219421729445 565.43879621685483 464.32323258230463 125.33488966664299 29.914938803762197 1725.9181996914558 1650.4074033808429 28.973224717658013 7.3085309169255188 555.74241611338221 38.355548089835793
leaf_count=49921 2045 1939 63437 28764 4519 864 1756 30197 98056 1729 10634 75645 17383 48504 275 50829 29325 4018 1770 216 11451 7497 29861 191 29488 64685 1094 811 24148 3265
internal_value=-0.000225201 -0.0111026 0.000319591 0.00028611 -0.0022743 0.000598412 -0.00539629 0.000678752 0.000345798 -0.0015497 -0.00121359 -0.00943245 0.0015587 -0.0112166 0.00283486 -0.0161009 -0.010361 -0.00622208 0.00435096 0.00337138 -0.00261325 -5.80727e-05 -0.00814641 0.00357253 -0.00484928 -0.00624708 0.0061489 0.0327953 0.00713642 0.0237432
internal_weight=30479 1451.87 29027.1 28994.8 3853.91 2007.93 1845.99 25140.9 23052.9 5914.37 5783.65 1336.89 186.744 1150.15 1485.33 579.25 336.086 570.899 2087.99 1937.35 4298.32 2006.96 527.415 1441.28 2291.36 1771.53 121.119 36.2818 619.152 63.4091
internal_count=694317 307425 386892 384847 164579 91714 72865 220268 189518 91462 89733 257504 19322 238182 11100 128658 77829 109524 30750 28980 78633 37694 105506 10825 40939 71109 6424 1905 28277 4129
is_linear=0
shrinkage=0.05


Tree=85
num_leaves=31
num_cat=0
split_feature=7 8 3 3 6 5 5 5 4 5 2 3 2 4 2 3 2 6 6 6 3 3 3 2 6 3 6 3 3 4
split_gain=53.8447 17.862 7.68811 12.1865 9.42178 12.7579 19.2687 10.8047 8.75925 7.87531 7.49624 10.0865 14.0951 13.8485 15.7755 10.8378 6.8932 7.63533 9.77833 8.25907 8.21525 12.4109 9.02473 15.656 9.54086 10.752 9.33581 6.62009 6.72352 6.48778
threshold=3.5000000000000004 1.0000000180025095e-35 562.50000000000011 587.50000000000011 83079.150000000009 464.50000000000006 1224.0000000000002 360.50000000000006 8.5000000000000018 727.50000000000011 1989.6000000000001 6.5000000000000009 74.615000000000009 940.50000000000011 234.215 114.50000000000001 98.385000000000005 8.8400000000000016 116.95500000000001 98.995000000000019 97.500000000000014 204.50000000000003 44.500000000000007 706.83500000000015 19.915000000000003 65.500000000000014 14.925000000000002 61.500000000000007 83.500000000000014 623.50000000000011
decision_type=2 2 2 2 2 2 2 2 2 2 2 2 2 2 2 2 2 2 2 2 2 2 2 2 2 2 2 2 2 2
left_child=1 -1 16 8 -5 7 9 -6 -4 -7 11 12 -3 -14 -15 29 -2 -18 19 20 22 -22 -19 27 25 26 -25 -24 -29 -13
right_child=2 10 3 4 5 6 -8 -9 -10 -11 -12 15 13 14 -16 -17 17 18 -20 -21 21 -23 23 24 -26 -27 -28 28 -30 -31
leaf_value=-0.028544662240306402 0.025085043023815392 -0.010281421905148047 0.013802094366069257 0.00064936250375043948 0.0085776571737401375 -0.0050506390763393784 0.01591594179393491 0.032008486729729092 -0.0090626865025163171 -0.030308990416294236 0.0018366856906745514 -0.010293767688436317 -0.00074909157209380789 0.010759776997075511 0.073804471691523557 0.029106307034162407 0.032456862915086759 -0.0072922385257410544 0.00012352273261014021 -0.019940246008504303 -0.025812181835570127 0.019578547088989158 0.052262910827361224 -0.0010801131381514058 -0.0053537337096181718 -0.0081845611515887103 0.1039675065169383 -0.0095001159544068209 0.054868092674627146 -0.020535289175308849
leaf_weight=111.57960105570965 25.387141477316618 197.957618633518 319.87475484982133 4681.4055670399684 429.92574319243431 77.126860782504082 77.389232665300369 54.118917569518089 46.745867983205244 50.580613404512405 173.18711844272912 596.91795096825808 88.607273505069315 29.195181336486712 13.730327014578505 13.731996388407422 16.089804858900607 216.94056225707754 22667.417824749602 93.273617419879884 74.5308705244679 17.180119402240962 21.824022331507877 3.0791883640922588 116.29935189336538 7.4820561828091741 4.4808945420663804 12.602774739963936 3.6929654420819125 212.36331954249181
leaf_count=49914 1574 54038 1588 22935 1883 350 337 250 392 220 18622 92810 7607 9426 3901 2519 1979 21849 300105 7203 7309 1327 2265 368 11866 907 531 1233 340 68732
internal_value=-4.88899e-05 -0.0094886 0.000419293 0.00205839 0.00145418 0.00690371 -0.00352373 0.0113183 0.0108534 -0.0153677 -0.00784412 -0.00929952 -0.00189176 0.0106996 0.0333134 -0.0122534 1.52129e-05 -1.43104e-05 -3.95836e-05 -0.00648802 -0.00379153 -0.0170728 -0.000567591 0.0080258 -0.000319731 0.0346617 0.069907 0.0353628 0.00949041 -0.0130252
internal_weight=30454.7 1437.27 29017.4 5737.17 5370.55 689.141 205.097 484.045 366.621 127.707 1325.69 1152.5 329.49 131.533 42.9255 823.013 23280.3 23254.9 23238.8 571.386 478.113 91.711 386.402 169.461 131.341 15.0421 7.56008 38.1198 16.2957 809.281
internal_count=694380 307569 386811 27955 25975 3040 907 2133 1980 570 257655 239033 74972 20934 13327 164061 358856 357282 355303 55198 47995 8636 39359 17510 13672 1806 899 3838 1573 161542
is_linear=0
shrinkage=0.05


Tree=86
num_leaves=31
num_cat=0
split_feature=5 8 1 3 2 2 1 2 2 7 2 3 2 1 3 2 6 6 1 2 2 7 1 5 3 5 5 8 6 2
split_gain=63.1643 14.5682 11.3265 14.0117 16.2854 11.5702 13.9852 28.8813 9.48178 9.23206 12.1542 10.0365 9.21644 8.23036 6.92422 6.8752 6.80542 6.53886 5.79259 5.58339 11.5101 5.5527 5.47649 24.3904 13.0622 13.0271 14.0424 12.3772 11.7374 12.9441
threshold=1.5000000000000002 1.0000000180025095e-35 52.500000000000007 171.50000000000003 1054.3550000000002 2837.4300000000007 9.5000000000000018 538.0100000000001 2441.5550000000007 2.5000000000000004 1658.1350000000002 21.500000000000004 114.70500000000001 4.5000000000000009 23.500000000000004 912.79500000000007 143.03500000000003 640.05000000000007 23.500000000000004 2289.3550000000005 1244.0700000000002 2.5000000000000004 92.500000000000014 57.500000000000007 449.50000000000006 96.500000000000014 30.500000000000004 4.5000000000000009 14765.125000000002 4407.0950000000003
decision_type=2 2 2 2 2 2 2 2 2 2 2 2 2 2 2 2 2 2 2 2 2 2 2 2 2 2 2 2 2 2
left_child=1 8 3 5 -5 6 7 14 21 11 13 15 -2 -11 -3 -9 -8 18 -7 20 -18 -1 24 -24 25 26 28 -25 29 -14
right_child=12 2 -4 4 -6 17 16 9 -10 10 -12 -13 22 -15 -16 -17 19 -19 -20 -21 -22 -23 23 27 -26 -27 -28 -29 -30 -31
leaf_value=-0.014690491381500033 0.024910111959636088 -0.011214439438842653 -0.034415826944278756 0.11505597446068479 0.0063745819843027407 0.017559482479435281 -0.016852368640379763 0.0083038474108070633 0.03381924427406837 0.055586252803006567 0.08186851811246737 0.031451489622025444 -0.0018618164010603172 0.0076381994919424772 0.006068661175131872 -0.027614169821873577 -0.016411591405599755 -0.020203937374552051 -0.0020704272219600017 -0.029376447203922323 0.025083217358596088 -0.038973958211258979 -0.0042100455835160531 -0.014201165875624925 0.0073880309202181667 -0.0054993234682344082 0.0033391371666799795 0.0012831176644588426 -0.0082113795792407348 0.0016287308809404153
leaf_weight=41.761079601477832 36.353942518122494 542.70509505341761 38.423995169810951 2.8365479013882569 12.910797820659353 75.496135422494262 562.72329780063592 28.611884582554922 4.5468797651119521 10.215108809061347 8.1837110933847708 21.818169968901202 4195.0862978624646 36.655560943530872 63.58891619881615 21.869917483069003 30.125524831935763 21.758770945481956 72.232457905309275 12.053193301893769 32.973967222031206 65.367802846711129 3146.2370938269887 129.31637828424573 746.06754557741806 821.10488005913794 4457.5663074925542 7526.0508433282375 413.15653470531106 7231.5707164518535
leaf_count=18628 1752 130366 5066 329 1291 5420 106143 3869 1386 1430 806 3312 155815 5259 11829 2475 2756 725 7505 867 2755 30751 25030 891 4875 4487 29054 34353 2543 92712
internal_value=-0.00013983 -0.00947872 -0.00823371 -0.00754415 0.0367111 -0.00804338 -0.00956526 -0.00483707 -0.0268048 0.0166376 0.0316887 0.00463211 0.000416149 0.0199353 -0.00938777 -0.00771604 -0.0149712 0.00423984 0.00806191 -0.000814026 0.00537683 -0.0299505 0.000383351 -0.000505358 0.000920696 0.000638002 0.000947854 0.00101791 4.71489e-05 0.000347139
internal_weight=30409.4 1706.86 1595.18 1556.76 15.7473 1541.01 1371.52 733.648 111.676 127.354 55.0544 72.3 28702.5 46.8707 606.294 50.4818 637.876 169.487 147.729 75.1527 63.0995 107.129 28666.2 10801.6 17864.6 17118.5 16297.4 7655.37 11839.8 11426.7
internal_count=694480 342968 292203 287137 1620 285517 271867 159346 50765 17151 7495 9656 351512 6689 142195 6344 112521 13650 12925 6378 5511 49379 349760 60274 289486 284611 280124 35244 251070 248527
is_linear=0
shrinkage=0.05


Tree=87
num_leaves=31
num_cat=0
split_feature=4 2 1 0 8 1 2 0 4 1 0 3 2 3 4 0 3 8 3 1 3 4 3 1 7 1 2 1 3 4
split_gain=67.1965 25.9305 15.9397 10.9538 10.7675 10.7457 11.3495 10.9852 11.6808 10.0847 14.0539 9.92127 9.26884 9.18252 10.3444 9.00744 8.83808 8.54324 7.81083 7.59759 11.4814 9.957 7.16288 6.86418 6.80174 9.31202 7.69624 16.5045 8.77464 9.42203
threshold=64.500000000000014 1353.325 41.500000000000007 1.0000000180025095e-35 1.0000000180025095e-35 4.5000000000000009 210.34000000000003 18.500000000000004 228.50000000000003 10.500000000000002 5.5000000000000009 30.500000000000004 4210.3950000000013 13.500000000000002 2583.5000000000005 218.50000000000003 175.50000000000003 3.5000000000000004 18.500000000000004 175.50000000000003 751.50000000000011 4.5000000000000009 25.500000000000004 91.500000000000014 3.5000000000000004 4.5000000000000009 2599.5100000000007 43.500000000000007 78.500000000000014 43.500000000000007
decision_type=2 2 2 2 2 2 2 2 2 2 2 2 2 2 2 2 2 2 2 2 2 2 2 2 2 2 2 2 2 2
left_child=3 4 9 11 -2 6 -6 8 -8 10 18 22 -4 14 -10 -9 -7 24 -3 20 -19 -21 -1 -14 -5 -26 -27 28 29 -28
right_child=1 2 12 17 5 16 7 15 13 -11 -12 -13 23 -15 -16 -17 -18 19 -20 21 -22 -23 -24 -25 25 26 27 -29 -30 -31
leaf_value=0.0061175792967919319 -0.029072471651933319 0.016013098654175714 -0.029814710190237338 -0.011126668760783574 -0.0089272084339669915 -0.016222035252321309 -0.028524651376084859 -0.0079944630492207111 0.10742822892148254 -0.00054326555206720101 0.0085420019232897767 0.0013998929008521542 -0.0032462004873879211 -0.013503454625303953 -0.019433554058255642 0.052733651191258162 0.037255655045448803 0.00048250694296920143 0.10238949571471034 -0.0013066161988127449 0.0069133160805179839 -0.015471011873705677 0.023512793689183242 -0.033570706239129104 0.015627863212581038 -0.0046861082032396322 -0.0023361769121755592 -0.0031940112266789708 0.0049709812395265264 0.012132294410296547
leaf_weight=271.44313859380782 104.90197825664654 5.5057533066719753 63.045179710257798 181.74499150970951 273.06450649467297 722.51555714034475 2.5988056426867834 35.780274560209364 7.8344523240812105 576.49789221934043 54.291466294554994 10543.257439319976 141.35594363161363 2.0955049328040323 1.2630005297251043 5.2858686561230561 5.9845100487582377 8468.8321765554138 5.1821072101593018 621.52019919082522 754.07566233724356 153.15868217125535 74.59360283613205 19.60578273399733 77.573328009340912 1554.2339267288335 1097.5855827117339 3070.2838948536664 1368.0622972175479 123.35833795182407
leaf_count=5275 48551 542 7411 16996 77961 145392 322 6722 1846 47713 4760 79165 6295 445 322 1042 707 63688 412 2746 3567 758 1358 1116 2700 72952 20113 46264 23638 3272
internal_value=-0.000198991 -0.00898961 -0.00242985 0.000429845 -0.0138657 -0.0123036 -0.00474893 0.0156316 0.0510775 0.00158844 0.0199525 0.00167436 -0.0138491 0.0710821 0.0894878 0.00190817 -0.0156819 -0.000345964 0.0674316 0.000609931 0.00100968 -0.00413963 0.00998096 -0.00730652 -0.00162463 -0.00138479 -0.00157202 -0.000715437 0.00222408 -0.000856901
internal_weight=30386.5 2026.81 865.484 28359.7 1161.32 1056.42 327.922 54.8579 13.7918 641.477 64.9793 10889.3 224.007 11.193 9.09745 41.0661 728.5 17470.4 10.6879 9997.59 9222.91 774.679 346.037 160.962 7472.84 7291.1 7213.52 5659.29 2589.01 1220.94
internal_count=694051 351559 68249 342492 283310 234759 88660 10699 2935 53427 5714 85798 14822 2613 2168 7764 146099 256694 954 70759 67255 3504 6633 7411 185935 168939 166239 93287 47023 23385
is_linear=0
shrinkage=0.05


Tree=88
num_leaves=31
num_cat=0
split_feature=4 4 2 5 1 1 2 1 5 3 1 3 6 3 3 3 6 5 4 4 3 1 6 1 5 3 2 3 3 6
split_gain=48.9221 15.267 14.1273 12.6755 10.0324 8.74955 11.1019 11.1549 13.058 12.6586 10.8931 10.1313 10.8943 9.89868 9.41362 9.16006 16.5123 11.4014 9.89333 12.4403 10.9395 9.00526 8.6778 8.63184 8.83165 8.54787 7.88375 7.87204 7.59445 7.58812
threshold=336.50000000000006 6.5000000000000009 358.63000000000005 208.50000000000003 3.5000000000000004 13.500000000000002 4831.3050000000012 34.500000000000007 12.500000000000002 46.500000000000007 103.50000000000001 54.500000000000007 143.03500000000003 76.500000000000014 245.50000000000003 242.50000000000003 47875.92500000001 14.500000000000002 164.50000000000003 197.50000000000003 224.50000000000003 65.500000000000014 3492.9750000000004 23.500000000000004 12.500000000000002 251.50000000000003 10575.630000000001 212.50000000000003 74.500000000000014 2677.5950000000007
decision_type=2 2 2 2 2 2 2 2 2 2 2 2 2 2 2 2 2 2 2 2 2 2 2 2 2 2 2 2 2 2
left_child=1 4 -3 5 -1 11 7 9 -9 -7 15 29 -13 -14 -12 16 18 21 20 -20 -8 25 -19 27 -25 -17 -16 -11 -10 -4
right_child=-2 2 3 -5 -6 6 10 8 28 23 14 12 13 -15 26 17 -18 22 19 -21 -22 -23 -24 24 -26 -27 -28 -29 -30 -31
leaf_value=0.017889589636876434 -0.012759288268622349 -0.012509045173066363 0.0043515995315101582 -0.019772272836823583 0.0011699426516039643 -0.0070845898798745635 0.00051379427354084658 -0.013146063542398619 -0.020845618294273258 0.0062609865624578681 -0.023805609934429657 0.052286224854958277 0.029136861393660281 -0.012454237907566166 -0.021208602443311943 0.056708248161783749 -0.02680592856021561 -0.0057009816095600751 0.065741089865745922 -0.002478636293001222 -0.010682229997074811 0.0050073177522460578 0.0043414820011912275 -0.004600489309016409 0.011391333261615396 0.017755020775283143 -0.0023430298526804188 0.052076831400346114 0.0031206184761106582 -0.014125398779095544
leaf_weight=88.148517921566963 718.4660234390758 264.15691734058782 584.25904262345284 85.593225549906492 19390.786054727621 638.92034232988954 3566.9744422812946 547.47373073128983 36.003449521027505 415.35894755786285 57.135413462296128 19.411207244265825 28.169910513795912 25.581822741311044 56.461662082467228 15.095590389333664 56.143079124391079 271.37843379564583 10.872612711507829 13.607240616343914 230.38440421596169 146.45599336922169 1009.4534974209964 513.89331103442237 101.72865723166615 107.78423340199515 1070.4136170912534 7.6443114634603253 251.85521243326366 59.432831037789583
leaf_count=2121 223246 36843 46089 476 151796 45648 50808 34766 872 25662 664 2246 1140 911 1156 264 329 3776 778 1270 2769 3077 5990 32159 2320 1838 7439 294 6345 914
internal_value=0.000114504 0.000427079 -0.00114077 -0.00083582 0.00124743 -0.000667149 -0.00108533 -0.00391292 -0.00862673 -0.00155821 -9.86985e-06 0.00464413 0.0220196 0.00960591 -0.00435101 0.000938291 -0.000360741 0.0041843 4.15577e-05 0.0304977 -0.00017073 0.0134964 0.00220815 0.00184848 -0.00192958 0.0233719 -0.00332418 0.00733012 -6.94697e-08 0.00260713
internal_weight=30389 29670.6 10191.6 9927.49 19478.9 9841.89 9125.04 2512.88 835.332 1677.55 6612.16 716.855 73.1629 53.7517 1184.01 5428.15 3877.98 1550.17 3821.84 24.4799 3797.36 269.336 1280.83 1038.63 615.622 122.88 1126.88 423.003 287.859 643.692
internal_count=694006 470760 316843 280000 153917 279524 228224 148066 41983 106083 80158 51300 4297 2051 9259 70899 55954 14945 55625 2048 53577 5179 9766 60435 34479 2102 8595 25956 7217 47003
is_linear=0
shrinkage=0.05


Tree=89
num_leaves=31
num_cat=0
split_feature=7 8 2 3 5 5 6 2 5 5 2 3 4 5 5 4 7 3 2 7 2 6 6 2 6 5 2 3 5 5
split_gain=46.9091 12.7141 9.4073 7.75678 10.9548 7.97149 8.82697 12.9886 11.5104 9.58163 9.54014 8.71782 8.34652 7.80366 11.1535 7.54554 11.262 9.99807 13.9839 8.14127 6.30823 15.0895 12.3065 6.47753 12.0944 9.06823 7.60318 7.27041 11.2733 8.87394
threshold=3.5000000000000004 1.0000000180025095e-35 74.615000000000009 751.50000000000011 533.00000000000011 2981.0000000000005 47875.92500000001 109266.49000000001 79.500000000000014 97.500000000000014 136133.35500000001 1348.5000000000002 8.5000000000000018 1224.0000000000002 658.50000000000011 8.5000000000000018 1.5000000000000002 6.5000000000000009 74.615000000000009 2.5000000000000004 91937.650000000009 41902.980000000003 36582.685000000005 61411.715000000004 21369.865000000002 586.50000000000011 28633.675000000003 865.50000000000011 126.50000000000001 297.50000000000006
decision_type=2 2 2 2 2 2 2 2 2 2 2 2 2 2 2 2 2 2 2 2 2 2 2 2 2 2 2 2 2 2
left_child=1 -1 -2 4 -4 6 7 9 -9 11 -10 -5 20 14 -8 -3 -17 18 -18 -20 21 22 23 25 -25 27 -27 28 -11 -29
right_child=2 15 3 5 -6 -7 13 8 10 12 -12 -13 -14 -15 -16 16 17 -19 19 -21 -22 -23 -24 24 -26 26 -28 29 -30 -31
leaf_value=-0.025979214741595116 0.036223309638192536 0.001922582961393947 1.8448329179983602e-05 0.005139739976726683 -0.025059379846120458 -0.017581747895869623 0.0074743342358171766 -0.027341404798591352 -0.013837682206024686 0.0096550700714008088 0.0072502649838740831 0.022638488863541043 -0.018657452367252112 0.023107086005152849 -0.0089930109589427387 -0.0044564061356659806 -0.017257049415686909 -0.019313314910701034 -0.0077162149824103118 0.024779036769405315 0.012120937116305842 -0.026744522105718156 0.021265640483382531 -0.023484348427504631 -0.00044234254003662965 0.00015093462732587617 0.025248067489106959 0.0058782502014988703 -0.016639008777960495 -0.0068213619637208138
leaf_weight=101.62515333772171 16.22170157241635 174.41383441770449 25274.784274878912 671.44327547145076 41.622763685882092 47.078264027833939 839.73672839999199 63.84980920702219 105.634053632617 56.997852310538292 105.09658681601286 77.988830894231796 54.896393649280071 65.437235713005066 115.42138573527336 585.9472133833915 93.736223645042628 354.60516725573689 31.861542153637856 44.034076214767992 112.7150559425354 49.104978963732719 68.536363244056702 76.898921489715576 204.98196706175804 53.116296596825123 67.953205227851868 490.27798496186733 132.19105119258165 189.02550169080496
leaf_count=49993 986 6860 368623 3908 184 197 3699 296 432 267 433 502 307 297 500 115975 30654 87024 3720 13371 458 200 278 318 829 232 277 2221 590 804
internal_value=-0.00012152 -0.00910013 0.000308544 0.000285931 -2.47585e-05 0.00244066 0.00271202 0.00115324 -0.00908724 0.00237935 -0.00335131 0.00701614 0.000140946 0.00664361 0.00546979 -0.00772651 -0.00924315 -0.0145561 -0.00450224 0.0112894 0.000851998 -7.85146e-05 0.000937092 -0.000190384 -0.00684952 0.00171649 0.0144187 -8.32846e-05 -0.00869913 0.00233476
internal_weight=30367.2 1386.22 28981 28964.8 25316.4 3648.38 3601.3 2580.71 274.58 2306.13 210.731 749.432 1556.7 1020.6 955.158 1284.6 1110.18 524.237 169.632 75.8956 1501.8 1389.08 1339.98 1271.44 281.881 989.562 121.07 868.492 189.189 679.303
internal_count=694435 307597 386838 385852 368807 17045 16848 12352 1161 11191 865 4410 6781 4496 4199 257604 250744 134769 47745 17091 6474 6016 5816 5538 1147 4391 509 3882 857 3025
is_linear=0
shrinkage=0.05


Tree=90
num_leaves=31
num_cat=0
split_feature=4 8 0 3 4 1 0 4 4 3 2 1 0 3 2 1 3 4 0 1 2 4 2 1 0 3 1 4 8 8
split_gain=40.5179 17.5574 8.2631 9.36277 7.7986 7.87276 6.43656 7.02424 6.47297 6.29007 25.5366 23.4329 17.3738 8.66056 7.77719 6.21751 12.1082 7.42096 8.97635 6.4781 11.6968 7.8199 16.2246 7.93641 7.1942 7.09964 14.3777 7.78745 7.14494 10.8503
threshold=50.500000000000007 2.5000000000000004 73.500000000000014 110.50000000000001 1.0000000180025095e-35 294.50000000000006 77.500000000000014 133.50000000000003 304.50000000000006 14.500000000000002 234.215 4.5000000000000009 21.500000000000004 1.5000000000000002 31.145000000000003 170.50000000000003 751.50000000000011 5.5000000000000009 6.5000000000000009 89.500000000000014 5861.3050000000012 45.500000000000007 9910.5500000000011 11.500000000000002 6.5000000000000009 258.50000000000006 51.500000000000007 32.500000000000007 2.5000000000000004 4.5000000000000009
decision_type=2 2 2 2 2 2 2 2 2 2 2 2 2 2 2 2 2 2 2 2 2 2 2 2 2 2 2 2 2 2
left_child=4 9 -3 6 5 -1 7 -4 -9 10 13 12 -12 14 -2 16 19 -17 -19 20 -6 23 24 -22 -23 26 28 -28 -25 -30
right_child=1 2 3 -5 15 -7 -8 8 -10 -11 11 -13 -14 -15 -16 17 -18 18 -20 -21 21 22 -24 25 -26 -27 27 -29 29 -31
leaf_value=0.0019817916940918683 -0.0097105518114767725 -0.0053099432401419282 0.0029429740133676049 0.043356679627534422 -0.0015616567785115311 -0.013805969076432027 -0.00049730705199229253 0.092040651696848552 -0.0036388174015900294 -0.022727172519610272 0.10367561303249194 -0.0063066438608386059 0.015715497306550134 -0.023906551794961609 0.037046195195183172 -0.0017852925850088135 0.0056907537764221208 -0.01723555436743102 0.0098236126619259505 -0.0016551041841948247 -0.018852579529486484 0.062173998367674947 -0.0016065475050380685 0.0061177089718450275 0.019048801533465637 0.004145948797345686 -0.0010678431341401408 -0.013619019792837292 -0.0040663367569685827 0.0040966374964487018
leaf_weight=7554.7907207775861 103.10841021989472 1709.6205945338588 10.963617898989471 12.662723497254772 4601.3759657773189 77.824257224798203 205.78980411682278 3.9718590639531604 2.3019144057761878 161.0466187359998 9.0476095683407056 35.611872672219761 13.174961877870372 169.58914589742199 7.7522195286583147 1100.7514268644154 942.2730856584385 162.39774991478771 36.286266868934035 4962.077905558981 46.109104013070464 16.728846817743033 60.791425361298025 1240.5087654385716 25.646592306904495 1959.0881611565128 3219.1734989508986 126.5488149211742 633.24335772078484 1131.7358627133071
leaf_count=49067 36444 164833 858 621 152317 339 30654 574 514 50788 2208 12148 4156 66338 2853 4994 4768 1058 198 32772 545 403 798 11775 508 14446 27768 1993 9971 7308
internal_value=-8.57476e-05 -0.00625531 -0.00410005 0.00464699 0.0004553 0.00181724 0.00208338 0.0297416 0.0645413 -0.014602 -0.010623 0.0191636 0.0571306 -0.0168578 -0.00584241 -5.77976e-05 0.000171598 -0.00340095 -0.012245 -0.000117552 0.000466754 0.00157017 0.0151208 0.00139929 0.0381085 0.00151617 0.00070394 -0.00155043 0.00321288 0.00116662
internal_weight=30342 2444.64 1945.31 235.69 27897.4 7632.61 223.027 17.2374 6.27377 499.331 338.284 57.8344 22.2226 280.45 110.861 20264.7 18965.3 1299.44 198.684 18023 13061 8459.57 103.167 8356.41 42.3754 8310.3 6351.21 3345.72 3005.49 1764.98
internal_count=694017 372989 198054 33221 321028 49406 32600 1946 1088 174935 124147 18512 6364 105635 39297 271622 265372 6250 1256 260604 227832 75515 1709 73806 911 73261 58815 29761 29054 17279
is_linear=0
shrinkage=0.05


Tree=91
num_leaves=31
num_cat=0
split_feature=4 2 1 4 1 0 2 0 2 1 8 8 6 2 1 2 6 6 1 1 2 6 1 1 8 1 6 2 1 6
split_gain=32.8146 11.9699 16.5208 12.081 14.4968 9.36888 14.0697 8.52666 8.30375 18.5706 11.0546 10.7392 9.95707 14.6893 8.33037 10.4537 10.5352 14.179 10.5893 18.5083 23.8538 8.18265 13.1714 7.95937 7.55915 7.72945 7.07811 9.35057 7.0665 13.2557
threshold=87.500000000000014 1353.325 31.500000000000004 142.50000000000003 9.5000000000000018 1.5000000000000002 4944.5650000000014 27.500000000000004 13423.850000000002 51.500000000000007 4.5000000000000009 2.5000000000000004 3393.6150000000002 2599.5100000000007 116.50000000000001 7652.3150000000014 2148.8650000000002 954.42000000000019 71.500000000000014 65.500000000000014 8550.9500000000025 27.910000000000004 23.500000000000004 29.500000000000004 1.0000000180025095e-35 18.500000000000004 1106.8950000000002 12505.535000000002 93.500000000000014 1321.1800000000003
decision_type=2 2 2 2 2 2 2 2 2 2 2 2 2 2 2 2 2 2 2 2 2 2 2 2 2 2 2 2 2 2
left_child=8 24 3 21 7 6 -6 -5 9 10 11 -1 13 23 15 -11 17 -17 19 -19 -21 22 -3 -13 -2 -26 -20 -28 29 -10
right_child=1 2 -4 4 5 -7 -8 -9 28 14 -12 12 -14 -15 -16 16 -18 18 26 20 -22 -23 -24 -25 25 -27 27 -29 -30 -31
leaf_value=0.0023588959634011585 -0.023335110704349224 -0.018970376464522046 -0.01246310912826349 0.075225631300427032 0.013754670893563284 0.002357769048845756 0.10411972714895867 0.020508018479209997 0.017989098772387118 -0.0053351750824448228 0.0042134950624726384 -0.0030105698245471461 -0.012237953447363286 0.0024116200021587707 -0.0097111286113983827 -0.0089896198081579372 -0.0021534830207742984 0.0085429408328937546 0.02840633544869536 0.08937027003342625 0.019348752860144976 -0.0068777001072528425 0.11447313786815805 -0.012833261657354844 -0.0068937207214854164 -0.02030702460852065 -0.0033878953156908282 0.029579739740017343 0.00032529465074745842 0.0021193485039048819
leaf_weight=2509.8295021485537 96.963667719974183 2.789600148331373 198.4473814885132 11.51594791468233 19.820999904768545 137.56629789946601 3.8142247460782519 19.762453085742891 132.28063545562327 1723.6633822354488 1956.7009738944471 1467.4791941624135 218.07125502824783 1475.7415255750529 424.05953683611006 131.24378203367814 1802.4720572642982 159.89667946100235 22.026467487215996 16.196864306926727 41.576152369379997 154.63772745802999 1.6441785618662832 238.44341530976817 801.90994433616288 123.08969724457711 212.75291930511594 21.902003202587366 9568.9194337455556 6669.0065155848861
leaf_count=47154 48536 338 19568 1369 3025 17945 289 2154 2587 34065 19829 87935 2503 42404 4234 3706 14657 2366 430 252 606 9833 235 14987 198303 25676 3017 304 47416 38736
internal_value=7.73758e-05 -0.00695254 -0.000999229 0.00550592 0.013871 0.00756477 0.0353231 0.043964 0.000461642 -0.000513077 0.000958154 -0.000120775 -0.00195168 -0.00123942 -0.00305269 -0.00236493 -0.000236207 0.00545861 0.00947712 0.0175376 0.041313 -0.00466257 0.0507167 -0.00439695 -0.0101483 -0.00871859 0.00255897 -8.68158e-05 0.00120125 0.0024332
internal_weight=30364.2 1571.96 549.999 351.551 192.48 161.202 23.6352 31.2784 28792.3 12422.1 7866.27 5909.56 3399.74 3181.66 4555.79 4131.73 2408.07 605.595 474.351 217.67 57.773 159.072 4.43378 1705.92 1021.96 925 256.681 234.655 16370.2 6801.29
internal_count=694459 327271 54756 35188 24782 21259 3314 3523 367188 278449 214812 194983 147829 145326 63637 59403 25338 10681 6975 3224 858 10406 573 102922 272515 223979 3751 3321 88739 41323
is_linear=0
shrinkage=0.05


Tree=92
num_leaves=31
num_cat=0
split_feature=4 2 1 5 5 6 2 1 2 3 1 3 5 5 1 6 2 1 1 2 4 1 2 3 6 6 5 2 8 1
split_gain=34.0484 12.8118 14.857 8.76557 8.37852 18.0697 22.856 15.1237 32.1823 15.4205 11.3262 13.9529 9.84037 14.7867 15.7628 13.1911 11.4308 9.08793 9.03405 8.54688 15.4865 12.7268 11.6803 8.76653 8.28041 8.05979 10.1706 7.89395 8.2526 8.2844
threshold=336.50000000000006 13423.850000000002 106.50000000000001 41.500000000000007 3.5000000000000004 1178.9400000000003 9337.0800000000017 22.500000000000004 1950.1700000000003 212.50000000000003 31.500000000000004 212.50000000000003 42.500000000000007 94.500000000000014 97.500000000000014 9114.3500000000022 3521.6800000000007 57.500000000000007 50.500000000000007 358.63000000000005 240.50000000000003 8.5000000000000018 176.84000000000003 49.500000000000007 5592.5850000000009 88.02500000000002 6.5000000000000009 15080.935000000001 1.0000000180025095e-35 7.5000000000000009
decision_type=2 2 2 2 2 2 2 2 2 2 2 2 2 2 2 2 2 2 2 2 2 2 2 2 2 2 2 2 2 2
left_child=1 2 4 -4 5 6 7 8 9 19 11 -6 15 -14 -15 16 25 -9 -18 22 21 23 -1 -21 -5 -12 -27 28 -2 -30
right_child=27 -3 3 24 10 -7 -8 17 -10 -11 12 -13 13 14 -16 -17 18 -19 -20 20 -22 -23 -24 -25 -26 26 -28 -29 29 -31
leaf_value=-0.00051468289550812949 -0.023412685786228793 0.0014151252613938145 -0.017720889699179891 -0.00070589917415223111 0.0021778563859351377 -0.022579558658091341 0.033589453081569305 -0.0073324219617997601 0.015980165943243353 0.081769759706110084 0.03396060469044692 0.024477031635647378 0.0059010247074224144 -0.0080163597334612403 0.018613597769692274 -0.044952597533157918 0.0017843932279281256 -0.029031465737976166 -0.002701289659379815 0.0050326627929602403 0.022142950033070968 -0.0070334632222010781 -0.01960292191078665 0.049291099964496723 -0.01642060719794183 -0.018682073476457586 -0.0048580115623789357 0.038233255011051188 -0.0039721825403046798 -0.016398675058296359
leaf_weight=149.12428814778104 115.34812589618377 16470.027224969119 172.07885741768405 347.60197360627353 3358.1022128392942 111.0122281415388 42.054455438628793 594.77918959129602 258.25824318779632 3.2807185426354399 9.7890342827886325 69.675089594908059 1074.5975269582123 426.33386180922389 61.93044900894165 15.718119796365498 1974.4455620190129 50.915533803869039 2596.0297616617754 183.58279684651643 63.580556726548821 555.89690280100331 171.52991843782365 9.9759879251942021 108.54777460545301 167.38766206428409 632.22500929608941 6.23597478121519 350.78597151604481 216.98277271096595
leaf_count=17314 52373 90318 3317 2863 71153 2839 1810 52616 14496 185 679 978 8846 2926 421 93 29948 4367 40212 13296 11051 53069 20849 674 606 8623 17390 379 106827 63912
internal_value=0.000229389 0.000484878 -0.000675115 -0.00816668 -0.000299764 -0.00310578 -0.00204727 -0.00281375 0.00011722 -0.00350772 0.000293463 0.00264513 -0.00086541 0.002626 -0.00457652 -0.00187731 -0.0017348 -0.00912784 -0.000763542 -0.00389806 -0.00116254 -0.00319335 -0.0107839 0.00779451 -0.00450081 -0.00720386 -0.00779128 -0.0107397 -0.011297 -0.00876208
internal_weight=30367.8 29678.5 13208.5 628.229 12580.2 2193.99 2082.98 2040.92 1395.23 1136.97 10386.2 3427.78 6958.46 1562.86 488.264 5395.6 5379.88 645.695 4570.48 1133.69 813.036 749.456 320.654 193.559 456.15 809.402 799.613 689.353 683.117 567.769
internal_count=694430 470939 380621 6786 373835 192566 189727 187917 130934 116438 181269 72131 109138 12193 3347 96945 96852 56983 70160 116253 78090 67039 38163 13970 3469 26692 26013 223491 223112 170739
is_linear=0
shrinkage=0.05


Tree=93
num_leaves=31
num_cat=0
split_feature=4 2 0 4 4 5 2 4 7 2 2 3 2 3 4 7 4 3 2 3 4 0 0 5 4 2 0 2 5 2
split_gain=39.4829 10.7364 10.9984 9.686 7.92451 11.137 9.84494 9.67079 9.46847 8.91722 7.92663 8.44789 10.7872 9.58247 9.71011 7.99437 8.02032 7.44974 6.70014 21.4647 7.83542 7.81089 10.7049 6.45297 7.86687 6.37931 6.26408 6.09894 6.06918 6.04057
threshold=341.50000000000006 13423.850000000002 561.50000000000011 797.50000000000011 1.0000000180025095e-35 533.00000000000011 398.66500000000008 248.50000000000003 3.5000000000000004 176.84000000000003 9079.6700000000019 25.500000000000004 2391.4200000000005 18.500000000000004 15.500000000000002 3.5000000000000004 107.50000000000001 2.5000000000000004 234.215 9.5000000000000018 428.50000000000006 18.500000000000004 10.500000000000002 4.5000000000000009 2.5000000000000004 5861.3050000000012 1.5000000000000002 488.92000000000002 72.500000000000014 876.08000000000015
decision_type=2 2 2 2 2 2 2 2 2 2 2 2 2 2 2 2 2 2 2 2 2 2 2 2 2 2 2 2 2 2
left_child=4 2 18 -4 -1 6 8 10 17 -10 11 12 -8 25 -15 16 -13 -6 20 21 -2 22 27 24 -12 -14 -22 -20 -17 -18
right_child=1 -3 3 -5 5 -7 7 -9 9 -11 23 15 13 14 -16 28 29 -19 19 -21 26 -23 -24 -25 -26 -27 -28 -29 -30 -31
leaf_value=0.0016315850807973366 0.0084738180542372737 0.043032965039471745 0.082516584399565857 0.00055157528276459495 0.011340793634576629 -0.013662777644986258 0.00036539081378242366 0.0153052934465071 0.015686480558454022 -0.006802934853889238 0.042151829979703487 -0.027559653357970337 0.008876028382834451 0.0096205253960228304 0.041993962970378815 -0.0012778805575167 -0.024902455489427228 -0.019123814412828843 -0.0088870778879173665 -0.014950269563842926 -3.9634255544398298e-05 0.00365637934042406 0.10874450820972231 0.00052930893613620526 0.006489686447145167 -0.024823727380567765 -0.024995457723557907 0.051885852230752774 -0.0083382753009127123 0.0019826171547899832
leaf_weight=7644.5567712932825 21.000481595285237 6.8680476127192369 1.7697357740253199 82.821239760494791 21.326857718639076 151.38593611866236 556.97476441133767 100.77548140427098 59.110149544198066 156.15203648293391 15.075842479243873 56.699847734998912 63.776105090044439 50.220227865502238 43.634272474329919 6578.8334253770299 25.60819219565019 173.78636746294796 7.6922311651287618 247.2777831639396 27.932968123699538 22.146337620797567 3.3504690995905539 13348.123355235904 179.72799204755574 15.863204233348368 250.51605859724805 5.8348715230822563 317.25133501552045 84.865769937634468
leaf_count=49530 4424 434 357 29616 2086 655 33831 15551 4135 11478 213 7008 1556 683 1464 203054 4772 28209 2137 72219 9226 6892 978 86518 5454 263 95116 1129 2932 12413
internal_value=-2.80858e-05 -0.0119475 -0.0126371 0.00413266 0.000244999 -0.000236933 -0.000142662 4.53909e-06 -0.00779497 -0.000539877 -6.91559e-05 -0.00133935 0.00377271 0.0145826 0.0252336 -0.00186894 -0.0126086 -0.0157126 -0.0150647 -0.00949098 -0.0202954 0.0241446 0.0477931 0.000661906 0.00964989 0.00171975 -0.0225101 0.0206338 -0.00160501 -0.00458142
internal_weight=30321 677.21 670.342 84.591 29643.7 21999.2 21847.8 21437.4 410.375 215.262 21336.7 7793.73 730.469 173.494 93.8545 7063.26 167.174 195.113 585.751 286.302 299.45 39.0239 16.8776 13542.9 194.804 79.6393 278.449 13.5271 6896.08 110.474
internal_count=694333 222528 222094 29973 471805 422275 421620 375712 45908 15613 360161 267976 37797 3966 2147 230179 24193 30295 192121 83355 108766 11136 4244 92185 5667 1819 104342 3266 205986 17185
is_linear=0
shrinkage=0.05


Tree=94
num_leaves=31
num_cat=0
split_feature=7 7 4 1 2 3 2 3 1 3 2 2 1 3 3 1 5 5 3 3 5 5 1 1 1 1 5 5 5 3
split_gain=33.1895 12.2447 12.8947 7.70655 10.3851 11.7729 10.2326 10.1332 8.09099 14.7938 10.0202 8.89765 8.78595 8.48114 8.23112 10.9297 26.0981 13.4158 15.7935 13.4476 10.915 8.96755 8.77664 8.07464 20.4132 7.9739 29.1263 14.0821 12.8645 12.5806
threshold=3.5000000000000004 1.5000000000000002 8.5000000000000018 9.5000000000000018 8316.2900000000027 44.500000000000007 3676.7850000000003 648.50000000000011 33.500000000000007 153.50000000000003 61411.715000000004 22017.785000000003 227.50000000000003 161.50000000000003 137.50000000000003 109.50000000000001 65.500000000000014 121.50000000000001 751.50000000000011 274.50000000000006 66.500000000000014 148.50000000000003 68.500000000000014 92.500000000000014 80.500000000000014 155.50000000000003 264.50000000000006 89.500000000000014 76.500000000000014 311.50000000000006
decision_type=2 2 2 2 2 2 2 2 2 2 2 2 2 2 2 2 2 2 2 2 2 2 2 2 2 2 2 2 2 2
left_child=1 -1 -3 4 5 -2 7 -5 9 10 -8 12 -10 -11 22 17 -17 18 -16 21 -18 -19 -13 24 -21 26 27 -22 -27 -29
right_child=3 2 -4 6 -6 -7 8 -9 11 13 -12 14 -14 -15 15 16 20 19 -20 23 25 -23 -24 -25 -26 28 -28 29 -30 -31
leaf_value=-0.002803639281665756 0.0048775694229559654 0.00089741764791532682 -0.015836747605628587 -0.0024960640685740077 -0.023074280517825438 0.029043631545858206 0.0024000725042697527 0.045784329088776304 -0.00097935551580980492 0.042813815913969766 -0.023904820481659608 -0.0027131052382952277 0.030282029426727315 0.0118126122224356 0.0035630110615255534 -0.0057832998091922085 0.024778622210432977 -0.0015217074487402808 0.020703388170982003 -0.008348597073587807 0.00017054653788477423 -0.028651079194462331 -0.02372286130681554 -0.0069802909480560747 0.026063881746283091 -0.016075815603949901 -0.012034828874886556 -0.0087552064184345663 0.0005242107847000558 0.010570392999659207
leaf_weight=633.93959671782795 527.05423244275153 144.69309317693114 557.28545118309557 3728.8498790618032 27.827960882335901 53.921308560296893 2071.4306916170754 8.9044702351093274 10379.615412285551 23.356371329165995 34.857718334533274 530.40127384569496 20.526137188076973 201.70219342736527 4085.180024381727 1473.9931841115467 48.961490660905838 49.19980800896883 137.08644014596939 88.40871337801218 677.70604202151299 78.986450649797916 52.948014730587602 177.84046177566051 80.754421174526215 119.65865858644247 253.14923498779535 89.457266673445702 2868.7368741296232 1137.1227941513062
leaf_count=133970 22593 5827 167282 153742 305 2303 29114 146 117848 313 255 3189 147 2121 21185 8292 218 203 637 372 2902 324 281 749 338 569 1060 370 12290 4778
internal_value=-0.000154759 -0.00785441 -0.0123947 0.000200114 0.005757 0.00721241 8.06742e-05 -0.00235662 0.000449944 0.00325162 0.00194248 0.000157431 -0.000911846 0.0153787 0.00108806 0.00138561 8.41349e-05 0.00323245 0.00412905 -0.00471821 0.00175057 -0.0184218 -0.00469461 0.00042056 0.00819169 0.00152192 0.00383688 0.00595722 -0.00015078 0.00914898
internal_weight=30363.6 1335.92 701.979 29027.6 608.804 580.976 28418.8 3737.75 24681.1 2331.35 2106.29 22349.7 10400.1 225.059 11949.6 11366.2 6668.79 4697.46 4222.27 475.19 5194.79 128.186 583.349 347.004 169.163 5145.83 2157.44 1904.29 2988.4 1226.58
internal_count=693723 307079 173109 386644 25201 24896 361443 153888 207555 31803 29369 175752 117995 2434 57757 54287 30479 23808 21822 1986 22187 527 3470 1459 710 21969 9110 8050 12859 5148
is_linear=0
shrinkage=0.05


Tree=95
num_leaves=31
num_cat=0
split_feature=6 8 1 2 0 2 5 3 2 0 1 1 1 5 3 2 5 6 3 1 5 1 1 1 1 3 2 6 1 5
split_gain=31.1146 20.292 13.3405 26.4697 11.7736 10.6897 11.5137 9.81849 8.06922 7.32364 5.98345 16.054 6.97418 17.2637 24.3078 13.1727 8.8973 8.02236 6.25622 13.4454 17.587 17.5041 12.5771 8.98663 13.3623 11.5166 9.02632 11.1451 8.52251 9.8258
threshold=116.95500000000001 1.0000000180025095e-35 8.5000000000000018 512.78500000000008 1.0000000180025095e-35 377.98500000000007 7.5000000000000009 31.500000000000004 22017.785000000003 11.500000000000002 327.50000000000006 294.50000000000006 227.50000000000003 271.50000000000006 1041.5000000000002 68898.005000000019 976.00000000000011 16536.615000000002 1348.5000000000002 156.50000000000003 239.50000000000003 172.50000000000003 133.50000000000003 202.50000000000003 197.50000000000003 899.50000000000011 136133.35500000001 8037.6150000000007 186.50000000000003 146.50000000000003
decision_type=2 2 2 2 2 2 2 2 2 2 2 2 2 2 2 2 2 2 2 2 2 2 2 2 2 2 2 2 2 2
left_child=1 -1 3 4 -3 -4 8 -6 -7 -5 11 12 18 14 -14 -15 -17 -16 23 20 22 -21 -20 24 28 -26 27 -25 -2 -30
right_child=10 2 5 9 7 6 -8 -9 -10 -11 -12 -13 13 15 17 16 -18 -19 19 21 -22 -23 -24 26 25 -27 -28 -29 29 -31
leaf_value=-0.028927988987505555 0.00041208778667783187 0.018866562370034617 -0.020441104991701833 0.044305956878445893 -0.0074824042238392161 -0.0074371329721796475 0.04644969089697825 0.022617910957179441 0.051517907807086954 0.014010717549046104 0.022775450499103195 -0.021926610224993023 0.023300452608950431 -0.0007062630160746485 0.0059432526543532647 0.023946746102127547 -0.00023768640805883756 -0.016559637933342992 0.014087396172407757 -0.019894392194272772 -0.0041861209522888777 0.0047983170030758311 0.04657530463227938 0.011229992149347272 0.0004407197372857199 0.031547991309904176 0.0059042779733353857 -0.01604113337909675 -0.016712613703509415 0.0009478268983863907
leaf_weight=92.496109470608644 26225.926363013685 51.310899464413524 160.84371355548501 31.71576589345932 485.72601903229952 833.25384334195405 8.2110270941629988 26.769276390084997 3.8735123411752275 56.243433713912964 28.073108216747642 77.855962872505188 63.084656907245517 121.65502674132586 50.249350365251303 198.95732772350311 46.858664289116859 170.79477249830961 79.533326929435134 83.727748818695545 69.250880412757397 438.87928192969412 48.385988127440214 42.893445615656674 55.780442461371422 61.909371620044112 94.534242168068886 238.78999173641205 155.13648945186287 157.49768409878016
leaf_count=50649 328497 5826 33192 3901 124209 122879 350 4775 281 9273 129 341 338 506 267 896 206 717 405 372 304 1935 220 323 265 279 417 1004 791 683
internal_value=8.67783e-05 -0.00637985 -0.00508856 0.000484842 -0.00352218 -0.00869259 -0.00641421 -0.00582836 -0.0070422 0.0256765 0.000484236 0.000460667 0.000523571 0.00562874 -0.00361511 0.012757 0.0193719 -0.0114367 0.000403308 0.00499745 0.016052 0.000781494 0.0269039 0.000280622 0.000389182 0.0170581 -0.00737254 -0.0118385 0.000313981 -0.00786623
internal_weight=30260.2 1750.44 1657.95 651.765 563.806 1006.18 845.338 512.495 837.127 87.9592 28509.8 28481.7 28403.8 651.6 284.129 367.471 245.816 221.044 27752.2 719.777 197.17 522.607 127.919 27032.5 26656.3 117.69 376.218 281.683 26538.6 312.634
internal_count=694230 355335 304686 147984 134810 156702 123510 128984 123160 13174 338895 338766 338425 2930 1322 1608 1102 984 335495 3236 929 2307 625 332259 330515 544 1744 1327 329971 1474
is_linear=0
shrinkage=0.05


Tree=96
num_leaves=31
num_cat=0
split_feature=4 1 3 5 4 7 8 7 5 3 1 6 1 3 6 3 1 6 6 6 4 4 3 3 5 1 1 3 3 5
split_gain=31.7442 6.67994 26.7516 9.44404 7.6045 6.76361 6.25673 6.24517 9.60962 7.28674 6.52234 11.8338 11.1139 10.199 8.61447 8.58468 8.34892 11.3294 11.1449 7.89805 6.67203 7.61346 6.55381 6.35354 7.15662 6.18429 6.13381 17.4359 9.33463 10.5415
threshold=101.50000000000001 23.500000000000004 47.500000000000007 1.5000000000000002 150.50000000000003 2.5000000000000004 1.0000000180025095e-35 2.5000000000000004 4.5000000000000009 33.500000000000007 28.500000000000004 4924.6250000000009 23.500000000000004 110.50000000000001 3492.9750000000004 50.500000000000007 26.500000000000004 455.94000000000005 215.62500000000003 3692.4500000000003 18.500000000000004 46.500000000000007 75.500000000000014 106.50000000000001 19.500000000000004 24.500000000000004 19.500000000000004 51.500000000000007 97.500000000000014 49.500000000000007
decision_type=2 2 2 2 2 2 2 2 2 2 2 2 2 2 2 2 2 2 2 2 2 2 2 2 2 2 2 2 2 2
left_child=7 2 5 -4 -5 -2 -7 8 9 -1 11 13 -13 14 26 -12 17 18 -15 -16 -18 -22 25 24 -14 -21 28 -28 29 -9
right_child=1 -3 3 4 -6 6 -8 10 -10 -11 15 12 23 16 19 -17 20 -19 -20 22 21 -23 -24 -25 -26 -27 27 -29 -30 -31
leaf_value=-0.0041902829877959423 -0.0046068228557651098 -0.014179738934989984 0.0061105842868865497 0.017578824908118459 0.065058064462806695 -0.028361991931920818 -0.010769541426831416 0.0037796974365328431 0.048113688917141073 -0.023886220385160545 -0.0099537833604833106 -0.010536312740046112 -0.01180276006163437 0.00031786416166859589 0.033135067319220605 0.00026132440153148943 0.037304561332685962 0.0011005671217867343 0.046515787774617498 0.0064525581776213843 -0.013387235789301601 0.043879138507890186 -0.011316061408944643 0.018910160627305345 0.0099427556169322633 0.031509210336140167 -0.0076434426585218823 0.0041666510201895848 -0.026705811195465341 0.043925385409422743
leaf_weight=233.14914461644366 487.45611215836834 283.55636632477399 113.02569928229786 27.851563403848559 11.761378387454895 57.37556439160835 394.77727183094248 1795.1605675057508 5.8052330110222092 57.216501708840951 205.43115079402924 317.10066631250083 73.798342581838369 22.326063456013799 35.884648671373725 24279.06084290985 47.672532826662064 172.89409474097192 29.531692271120846 102.17347454465926 16.985209006816152 6.3830851260572663 34.352162392809987 53.249983914196491 73.562485173344612 31.11998038738966 535.06048440095037 745.53864881535992 22.877347409725189 14.523723803460596
leaf_count=21131 113077 40257 19440 1873 850 30054 109569 66072 77 5926 5198 2365 571 1428 333 227045 758 2764 1055 946 460 276 303 321 402 249 17795 22489 746 118
internal_value=5.66107e-05 -0.0073582 -0.00556459 0.0137283 0.0341251 -0.0087212 -0.013117 0.00040995 -0.00678893 -0.00820821 0.000484929 0.00232239 -0.00473472 0.00333582 0.00253824 0.000174811 0.0122019 0.00735137 0.0273768 0.0124542 0.026926 0.00448131 0.00768901 0.0044492 -0.000959625 0.0126818 0.00188238 -0.000772072 0.00373613 0.00415002
internal_weight=30286.7 1375.8 1092.25 152.639 39.6129 939.609 452.153 28910.9 296.171 290.366 28614.7 4130.2 517.711 3612.48 3316.69 24484.5 295.793 224.752 51.8578 203.53 71.0408 23.3683 167.646 200.611 147.361 133.293 3113.16 1280.6 1832.56 1809.68
internal_count=693948 315120 274863 22163 2723 252700 139623 378828 27134 27057 351694 119451 3659 115792 109051 232243 6741 5247 2483 1831 1494 736 1498 1294 973 1195 107220 40284 66936 66190
is_linear=0
shrinkage=0.05


Tree=97
num_leaves=31
num_cat=0
split_feature=4 2 1 3 1 1 2 1 4 4 1 3 7 8 2 5 3 8 1 3 3 4 1 1 3 4 2 3 2 3
split_gain=25.9474 7.23724 13.5981 12.409 11.9345 8.60374 8.51816 10.5312 8.36154 8.04369 9.25077 6.93298 6.8205 6.7348 13.3065 9.2961 9.95429 8.55888 8.33373 22.9212 13.4795 11.8402 11.7029 11.1527 9.02378 8.01096 7.7582 7.66431 9.06325 7.4379
threshold=101.50000000000001 1469.7450000000001 31.500000000000004 173.50000000000003 15.500000000000002 43.500000000000007 234.215 3.5000000000000004 254.50000000000003 2580.5000000000005 13.500000000000002 2.5000000000000004 3.5000000000000004 4.5000000000000009 177921.78000000003 102.50000000000001 1472.5000000000002 2.5000000000000004 25.500000000000004 51.500000000000007 110.50000000000001 79.500000000000014 55.500000000000007 39.500000000000007 340.50000000000006 1.0000000180025095e-35 1836.7900000000002 76.500000000000014 1353.325 31.500000000000004
decision_type=2 2 2 2 2 2 2 2 2 2 2 2 2 2 2 2 2 2 2 2 2 2 2 2 2 2 2 2 2 2
left_child=11 3 9 4 6 -5 -2 8 -8 -3 -11 -1 -6 14 15 16 17 -13 19 25 21 -20 24 -23 -22 -19 27 -15 -29 -28
right_child=1 2 -4 5 12 -7 7 -9 -10 10 -12 13 -14 26 -16 -17 -18 18 20 -21 22 23 -24 -25 -26 -27 29 28 -30 -31
leaf_value=0.023197730451913381 -0.011746794657597598 0.0027681079956990498 -0.01373989432710826 0.084263377068921133 -0.027812461881477214 -0.023043054948034221 -0.017283497456810886 -0.0038923502004546856 0.040759934170275264 0.068163953082910109 0.0014607792110824776 0.00067307446936845932 -0.0061897090583573899 0.0032131464815529642 -0.02678524229637775 -0.017891071947248718 0.044023805293985058 0.0062581533564248564 -0.0094758233282655636 0.0078931841795748456 0.002007591266332525 0.023459765753637962 -0.0056035129914790392 -0.022816162783870636 0.02719700755976763 -0.0048162348270283173 0.014751684878043462 0.0048162225170273023 0.034726200441090468 0.00052902365971828022
leaf_weight=30.710693563800305 424.86926484608557 250.70247091958299 141.70220625353977 3.9402050632052115 123.05440859403461 1.689999002846889 7.0719166668131974 317.100696040201 22.183214195654728 8.5127362792845833 10.458705060998907 5615.3339679967612 53.434679606696591 231.51742207817733 47.21016426756978 76.264462860301137 10.486237671226261 185.93746432848275 1065.3718547313474 653.93257658137009 758.38723203958943 50.133457698393613 718.06636895751581 15.59202350117266 35.333622551523149 1254.5518611113075 90.398892402648926 52.127428606152534 48.684254547581077 18016.053169311956
leaf_count=1765 148052 23865 16169 433 34337 341 919 73488 5739 1573 2601 80959 7409 3141 307 592 103 3400 38765 24863 20795 3415 16773 1070 581 73803 701 699 689 106673
internal_value=-0.000125979 -0.00685826 -0.00130669 -0.00924606 -0.00973838 0.0544563 -0.00701928 -0.00118597 0.0265208 0.00527948 0.0350376 0.000191769 -0.0214086 0.000165741 -0.000845836 -0.000723422 -0.000593654 -0.000647342 -0.00221211 0.000143907 -0.0040779 -0.00820103 -0.000986263 0.0121322 0.00319447 -0.00338006 0.00074108 0.0082885 0.019655 0.000601654
internal_weight=30320.8 1364.72 411.376 953.344 947.714 5.6302 771.225 346.356 29.2551 269.674 18.9714 28956.1 176.489 28925.4 10486.6 10439.4 10363.1 10352.6 4737.31 2094.42 2642.88 1131.1 1511.79 65.7255 793.721 1440.49 18438.8 332.329 100.812 18106.5
internal_count=694020 314926 44208 270718 269944 774 228198 80146 6658 28039 4174 379094 41746 377329 265426 265119 264527 264424 183465 102066 81399 43250 38149 4485 21376 77203 111903 4529 1388 107374
is_linear=0
shrinkage=0.05


Tree=98
num_leaves=31
num_cat=0
split_feature=7 0 7 0 1 2 1 0 1 0 2 1 1 4 4 4 3 3 3 3 1 2 2 1 3 1 4 2 2 2
split_gain=24.0584 12.0576 16.6421 10.344 10.1642 10.3767 7.75905 7.201 6.8652 6.75216 6.68551 6.58834 6.23377 6.41548 14.1238 7.55168 6.23101 6.1771 6.02107 5.83527 7.41648 5.66031 5.61637 18.6696 11.3824 6.93426 11.3129 8.51133 7.89921 11.225
threshold=3.5000000000000004 7.5000000000000009 1.5000000000000002 1.0000000180025095e-35 20.500000000000004 4115.4500000000016 2.5000000000000004 23.500000000000004 9.5000000000000018 27.500000000000004 1529.075 19.500000000000004 60.500000000000007 195.50000000000003 105.50000000000001 3.5000000000000004 1.5000000000000002 30.500000000000004 49.500000000000007 82.500000000000014 43.500000000000007 551.68500000000006 177921.78000000003 294.50000000000006 366.50000000000006 112.50000000000001 4.5000000000000009 22017.785000000003 20116.000000000004 13423.850000000002
decision_type=2 2 2 2 2 2 2 2 2 2 2 2 2 2 2 2 2 2 2 2 2 2 2 2 2 2 2 2 2 2
left_child=1 4 7 17 5 16 -5 -3 -7 11 19 18 13 14 15 -12 -1 -2 -9 -6 -21 -18 23 25 -24 27 28 -19 29 -27
right_child=3 2 -4 6 10 8 -8 9 -10 -11 12 -13 -14 -15 -16 -17 21 22 -20 20 -22 -23 24 -25 -26 26 -28 -29 -30 -31
leaf_value=0.030434369229411246 0.0088015762555268724 -0.015029450960524349 -0.018335048364337827 0.027155155498555347 -0.036254212537145725 -0.0033498066087517681 -0.00058330975494279909 0.02100996416009588 0.065909071991463508 -0.0019969172102886237 0.028246491699195048 -0.018929946965084286 -0.037175172391790558 -0.010505154228502615 0.070615884262045125 -0.032582621426892243 -0.0052139761770949554 0.00080096078163356752 0.098195834213309158 0.040043851672370907 -0.034323794666179817 0.0075262428536787889 -0.0120499891809655 -0.030636014448599719 0.0080322736168978986 -0.0030958564128466654 -0.0092650399023053477 0.0047612478094923557 -0.00079741032542087983 0.011833244874583057
leaf_weight=15.814234899706205 273.33922431175597 107.18571101431735 367.89975026529282 23.246683334698901 37.214130357839167 5.1094661087263367 18030.927183624357 11.335141645977275 8.6468036733567697 311.95262369140983 7.4376556752249661 4.394837448373436 9.3974556146422383 34.438398642931134 7.5098828286863855 9.1704539260826987 205.95573521149345 4167.5835856799968 2.0435024081962174 5.2020863394718599 4.314038215088658 148.11592709866818 78.322033334523439 44.665684193372726 589.30466370284557 208.39296336472034 343.09521769569255 2010.2860940154642 2848.0422225780785 313.48523799329996
leaf_count=2697 4524 21961 120760 1066 9437 182 297888 2485 454 77246 320 850 1717 6595 1077 1051 39433 51259 362 1218 1195 18413 337 206 2643 1589 2828 9696 12413 1779
internal_value=-0.000110328 -0.00675072 -0.0105277 0.000189224 -0.000633033 0.00328181 -0.00054459 -0.00390002 0.0430245 -0.000213325 -0.0135608 0.0281272 -0.00332114 0.00316029 0.0219836 -0.00523331 0.00158032 0.00140717 0.0440368 -0.0277035 0.0062241 0.000127875 0.00121493 0.000916011 0.00564739 0.00106466 -0.000642825 0.00209077 0.000239986 0.00588279
internal_weight=30233.8 1303.14 804.812 28930.7 498.326 383.642 18054.2 436.912 13.7563 329.726 114.684 17.7735 67.9538 58.5564 24.118 16.6081 369.886 10876.5 13.3786 46.7303 9.51612 354.072 10603.2 9935.55 667.627 9890.89 3713.02 6177.87 3369.92 521.878
internal_count=693681 307453 223664 386228 83789 61179 298954 102904 636 80943 22610 3697 10760 9043 2448 1371 60543 87274 2847 11850 2413 57846 82750 79770 2980 79564 18609 60955 15781 3368
is_linear=0
shrinkage=0.05


Tree=99
num_leaves=31
num_cat=0
split_feature=4 0 1 1 6 3 1 5 3 1 6 5 6 6 5 5 4 6 1 1 5 6 1 3 6 3 6 5 1 3
split_gain=21.5037 7.2575 7.14043 7.22175 7.44073 12.6217 11.9655 24.087 17.9228 20.3963 16.3953 9.57511 9.21002 13.5196 8.90953 7.03335 11.2746 7.38202 9.88832 17.2378 13.4835 10.8338 7.27764 8.98417 15.5441 12.1503 8.58363 8.11577 6.70573 16.171
threshold=83.500000000000014 68.500000000000014 327.50000000000006 294.50000000000006 56324.710000000006 254.50000000000003 152.50000000000003 76.500000000000014 865.50000000000011 142.50000000000003 21369.865000000002 274.50000000000006 24577.890000000003 5409.0600000000013 76.500000000000014 82.500000000000014 4.5000000000000009 12547.26 214.50000000000003 221.50000000000003 201.50000000000003 26830.130000000005 170.50000000000003 1250.5000000000002 8037.6150000000007 833.50000000000011 9472.2050000000017 102.50000000000001 41.500000000000007 81.500000000000014
decision_type=2 2 2 2 2 2 2 2 2 2 2 2 2 2 2 2 2 2 2 2 2 2 2 2 2 2 2 2 2 2
left_child=1 2 3 4 6 -6 8 10 -1 11 -8 12 13 -10 -15 -9 17 22 -19 -20 21 -21 26 24 25 -24 27 -17 29 -2
right_child=28 -3 -4 -5 5 -7 7 15 9 -11 -12 -13 -14 14 -16 16 -18 18 19 20 -22 -23 23 -25 -26 -27 -28 -29 -30 -31
leaf_value=0.00012735129897320759 -0.0066628854328446398 0.023818931667036039 0.025459800247764914 -0.014930782630397627 -0.0072795091155499567 0.0050094479687873361 -0.009427966406221764 0.012593892939643104 0.019227595819619688 0.026202047048718431 -0.036246966638712748 -0.014057385956108471 0.020181265427102871 0.0066138492144091569 -0.014188814664633185 -0.024748229838140439 -0.012017793544109538 0.0041876725015198681 -0.026145537766006935 -0.00071746175261137727 0.0055961854757574231 -0.030727792920203303 0.033949387204390578 -0.01386412422384134 -0.0064771754871128075 -0.0015858904233746367 -0.027459485348616766 0.0030310336956868517 -0.016605992610283653 0.010565655049816621
leaf_weight=23395.314179627458 1274.4785997876897 30.469601224642247 25.876617066562176 77.247982192784548 240.31309193372726 1522.9606809467077 443.20131986914203 90.207972161471844 81.774752951227129 131.37735442258418 63.962731830775738 62.00046980381012 94.808449536561966 93.969663448631763 109.45667626708746 35.354073047637939 226.79976940155029 1038.4716961532831 75.11459743976593 66.680357113480568 283.60815744102001 52.926032856106758 56.657787188887596 93.705768875777721 138.1051849424839 40.48675362020731 66.179328873753548 87.584760170429945 130.64575622265693 150.66567696805578
leaf_count=336132 301375 1993 120 342 1105 6603 3195 425 676 605 275 275 388 434 483 191 1109 4233 306 270 1161 217 315 434 614 222 292 488 13615 15812
internal_value=-0.000116797 0.000193474 0.000166728 0.000142123 0.000183889 0.00332826 -2.30096e-05 -0.00307926 0.000341774 0.00905977 -0.0129394 0.00386954 0.00685269 0.00231224 -0.00460851 -0.000943803 -0.00149441 -0.000310864 0.00144998 -0.00448634 -0.000342325 -0.014284 -0.00545197 -0.000937727 0.00428464 0.0194062 -0.0132122 -0.00522586 -0.00583823 -0.00482924
internal_weight=30280.4 28724.6 28694.1 28668.3 28591 1763.27 26827.7 2859.05 23968.7 573.387 507.164 442.01 380.01 285.201 203.426 2351.88 2261.67 2034.87 1516.8 478.329 403.215 119.606 518.074 328.955 235.25 97.1445 189.118 122.939 1555.79 1425.14
internal_count=693705 362903 360910 360790 360448 7708 352740 13747 338993 2861 3470 2256 1981 1593 917 10277 9852 8743 6187 1954 1648 487 2556 1585 1151 537 971 679 330802 317187
is_linear=0
shrinkage=0.05


Tree=100
num_leaves=31
num_cat=0
split_feature=4 1 2 0 7 2 1 2 1 1 5 6 4 4 4 1 5 1 5 2 1 6 1 5 2 5 1 1 2 6
split_gain=17.3431 9.15644 25.0969 15.1234 9.01488 8.97 9.91635 8.8656 15.7774 11.1354 8.31367 8.4579 8.20985 12.1291 8.94591 9.15475 7.96442 8.30221 15.1643 15.5247 11.5231 10.2463 9.97447 8.14528 14.8525 15.8845 18.9845 12.0966 11.0997 20.3369
threshold=380.50000000000006 5.5000000000000009 234.215 82.500000000000014 1.5000000000000002 4407.0950000000003 74.500000000000014 3447.6850000000004 19.500000000000004 38.500000000000007 34.500000000000007 507.05000000000007 166.50000000000003 199.50000000000003 290.50000000000006 14.500000000000002 2981.0000000000005 227.50000000000003 271.50000000000006 136133.35500000001 252.50000000000003 109791.10500000001 237.50000000000003 297.50000000000006 50481.130000000012 327.50000000000006 172.50000000000003 107.50000000000001 46167.575000000004 32681.165000000005
decision_type=2 2 2 2 2 2 2 2 2 2 2 2 2 2 2 2 2 2 2 2 2 2 2 2 2 2 2 2 2 2
left_child=7 2 4 -4 -2 -3 -7 8 -1 12 -10 -12 -9 -14 -15 -16 17 23 19 20 -19 22 -20 28 25 -25 27 -27 29 -11
right_child=1 5 3 -5 -6 6 -8 9 10 16 11 -13 13 14 15 -17 -18 18 21 -21 -22 -23 -24 24 -26 26 -28 -29 -30 -31
leaf_value=0.0011172423083506361 0.0017280646451751152 -0.01738546508755745 0.049061915848745502 -0.011847829131629555 -0.016351720358419138 0.036580884164538884 -0.036328320268837061 0.002808101227191169 -0.0058734851917093432 -0.00045660233591224655 0.034049226712484913 0.00065573063761977077 0.053989572976194104 -0.014879859013696359 0.089472166309342016 -0.008484706060215905 -0.02039882233015616 0.011383265790169791 0.025726107557622488 -0.020336274524340898 -0.015549550691197955 0.025262754040189486 0.0028095194223961509 -0.017293238345458924 -0.011485126775046949 0.012789680620762457 0.023362328744316509 -0.0087560406766112042 0.0021229597038761091 -0.030581547181996172
leaf_weight=2242.3521506800316 123.2567707785638 263.36218996357638 31.737097839475609 13.645557148149235 153.47446111310273 14.369318760233002 4.7137424496468148 3467.0743779717013 2076.6842870844994 14617.633240327239 18.228986762464046 304.14526542648673 17.525862303096801 20.325672482140366 2.9993935870006672 3.961644004099071 45.489876821637154 150.35782678145915 56.212213262915611 90.13356143143028 51.812631346285343 100.55326181650162 261.15674462914467 90.683320447802544 426.01756973564625 98.770830903202295 107.79313907027245 182.31277053058147 5163.1571186268702 54.24006649851799
leaf_count=147086 40389 93664 8294 4167 67288 1512 617 48444 107461 137910 248 3458 1058 1518 178 363 188 691 239 399 271 476 1123 422 1816 465 464 808 23113 234
internal_value=-6.25329e-05 -0.00843203 -0.00264099 0.0310207 -0.00834432 -0.0149714 0.0168337 0.000108679 -0.00189777 0.000481188 -0.00471442 0.0027423 0.00309066 0.0238977 0.00220308 0.0442721 5.46273e-05 9.98997e-05 0.00540785 -0.00331659 0.00439617 0.0114966 0.00700418 -8.23656e-05 -0.00471434 0.00132321 0.00573071 -0.00114815 0.000129563 -0.000572123
internal_weight=30254.2 604.559 322.114 45.3827 276.731 282.445 19.0831 29649.6 4641.41 25008.2 2399.06 322.374 3511.89 44.8126 27.2867 6.96104 21496.3 21450.8 710.226 292.304 202.17 417.922 317.369 20740.6 905.578 479.56 388.877 281.084 19835 14671.9
internal_count=694364 215931 120138 12461 107677 95793 2129 478433 258253 220180 111167 3706 51561 3117 2059 541 168619 168431 3199 1361 962 1838 1362 165232 3975 2159 1737 1273 161257 138144
is_linear=0
shrinkage=0.05


Tree=101
num_leaves=31
num_cat=0
split_feature=8 3 2 4 0 0 4 0 3 2 0 0 0 2 3 3 3 3 3 5 5 2 3 2 2 2 5 8 2 5
split_gain=22.18 8.67469 16.0288 8.11543 10.0091 7.22784 12.1668 6.46661 6.84844 5.71695 8.95755 6.4983 5.68127 5.56315 5.61459 6.96908 5.2183 5.97523 9.67961 5.52265 4.81892 5.76628 6.71298 7.13978 10.2296 6.32738 6.14983 4.83554 13.247 9.05143
threshold=1.5000000000000002 6.5000000000000009 225.80500000000004 56.500000000000007 561.50000000000011 68.500000000000014 2580.5000000000005 1.0000000180025095e-35 1.0000000180025095e-35 1874.8050000000001 155.50000000000003 183.50000000000003 1.5000000000000002 1498.9550000000002 64.500000000000014 47.500000000000007 632.50000000000011 391.50000000000006 298.50000000000006 20.500000000000004 32.500000000000007 2441.5550000000007 218.50000000000003 1559.1500000000003 1800.075 950.30000000000007 49.500000000000007 2.5000000000000004 136133.35500000001 27.500000000000004
decision_type=2 2 2 2 2 2 2 2 2 2 2 2 2 2 2 2 2 2 2 2 2 2 2 2 2 2 2 2 2 2
left_child=1 2 7 20 9 6 -4 -1 -9 10 -5 -12 -8 -3 15 -15 17 18 19 -11 27 22 23 25 -25 -22 -26 28 29 -2
right_child=3 13 5 4 -6 -7 12 8 -10 16 11 -13 -14 14 -16 -17 -18 -19 -20 -21 21 -23 -24 24 26 -27 -28 -29 -30 -31
leaf_value=0.018098191073042242 0.0015749380616504778 -0.021391601557167399 -0.0020261502088780602 -0.0078458091835441023 0.07081768389267365 -0.013671669617357366 0.0034209501101573913 0.00047585959114455868 -0.019280516889758126 -0.00037489759073424647 0.033703175553771496 -2.7274788499117865e-06 0.087037288515155325 -0.00055019555142396797 -0.021415989834800586 0.060672435397635775 0.037959489380477905 -0.031141580034562355 0.031066352325338189 -0.01996416352847788 0.0171884107846056 0.00076706706976952573 -0.017382435522159408 0.048094773001223841 -0.0051157706284129384 -0.0084753864803555051 0.023425737669495197 -0.001171709804906151 -0.034491019065656638 -0.0071427996312294255
leaf_weight=18.151096033398062 4557.5773523366079 188.56500670860987 8.9028368173167163 780.67206285241991 2.5471044695004812 6.2252490224782369 2.6639211290748781 70.111466083442792 114.75426416797563 756.36706757149659 20.021645639557391 40.779567142715678 9.6592215582495538 17.699668471585031 16.137434616335668 4.2867665507365009 6.7011992514599106 14.086285666329784 21.780444400152192 35.780955081805587 38.597503611817956 14871.589224617928 20.022362288087606 24.323484664782882 31.915521010756493 56.881147343665361 42.143045576289296 8165.5191714996472 24.426494788378477 316.58105845563114
leaf_count=2783 71953 81664 860 127955 538 2060 490 25442 51869 46236 3479 7909 2494 3739 2830 1071 165 476 752 601 416 77748 223 275 411 679 430 175656 171 2850
internal_value=-9.31606e-05 -0.0109988 -0.00411184 7.47092e-05 -0.00330038 0.0304299 0.0434277 -0.00903374 -0.0118629 -0.00349727 -0.00640046 0.0118164 0.0719634 -0.0179035 -0.000444532 0.0154502 -0.000562273 -0.000964749 -0.000367438 -0.00130779 0.000276207 0.000884946 0.00899823 0.0118726 0.0211851 0.00203907 0.0113147 -0.000426749 0.000815008 0.00100602
internal_weight=30285.5 457.157 230.468 29828.3 1678.74 27.4512 21.226 203.017 184.866 1676.19 841.473 60.8012 12.3231 226.689 38.1239 21.9864 834.716 828.015 813.928 792.148 28149.6 15085.5 213.883 193.861 98.3821 95.4787 74.0586 13064.1 4898.58 4874.16
internal_count=694225 175302 85998 518923 188111 5904 3844 80094 77311 187573 139343 11388 2984 89304 7640 4810 48230 48065 47589 46837 330812 80182 2434 2211 1116 1095 841 250630 74974 74803
is_linear=0
shrinkage=0.05


Tree=102
num_leaves=31
num_cat=0
split_feature=7 7 3 2 1 3 3 1 3 6 6 3 3 1 3 1 1 6 1 2 2 1 2 1 1 3 2 1 3 3
split_gain=16.4285 13.6197 10.2409 9.71216 6.56944 12.0776 7.52582 9.42849 6.3945 6.26074 9.87455 6.00201 5.96645 9.78465 7.93825 5.91641 10.89 5.75888 5.42257 5.18836 5.03419 5.20176 7.05521 4.96454 5.32186 4.95651 5.29327 10.5145 8.02851 5.2716
threshold=3.5000000000000004 1.5000000000000002 6.5000000000000009 74.615000000000009 20.500000000000004 49.500000000000007 105.50000000000001 52.500000000000007 215.50000000000003 89.805000000000021 91.845000000000013 133.50000000000003 69.500000000000014 11.500000000000002 137.50000000000003 327.50000000000006 294.50000000000006 8.8400000000000016 43.500000000000007 1658.1350000000002 632.56500000000017 13.500000000000002 1762.6700000000003 34.500000000000007 23.500000000000004 41.500000000000007 551.68500000000006 6.5000000000000009 24.500000000000004 37.500000000000007
decision_type=2 2 2 2 2 2 2 2 2 2 2 2 2 2 2 2 2 2 2 2 2 2 2 2 2 2 2 2 2 2
left_child=1 4 3 -3 5 25 19 8 11 -4 -11 18 20 14 -14 16 17 -2 -8 -6 -7 -22 -23 24 -21 26 27 28 -1 -30
right_child=15 2 9 -5 6 12 7 -9 -10 10 -12 -13 13 -15 -16 -17 -18 -19 -20 23 21 22 -24 -25 -26 -27 -28 -29 29 -31
leaf_value=0.00074048394911604889 0.026641783600936081 -0.012614206703924692 -0.019206008244916757 0.0073725543309992097 -0.030048095331295679 0.006762859626654693 0.01066009919053194 -0.025615375741327995 0.087765828701814499 0.064917372384817706 -0.0084494921183140143 -0.015341949084061987 0.0052305184085249447 -0.018045827696341804 0.097425913576492884 0.023133306789565437 -0.018361304929293009 0.00025748597058313405 0.085303928708144128 -0.022389306247095526 0.009478088684934112 0.087823917100373669 0.017106843625427848 -0.030003590165400575 0.017668017173847594 -0.020680365859060482 0.0092292591630045231 -0.016925724547930825 0.051357554712345127 -0.023148613947925122
leaf_weight=180.39709086122457 18.696791129885241 114.61807789164595 292.65432302420959 125.05150173255242 42.596072839340195 11.154044977622105 7.845493206870751 10.135132532217538 1.9822446848265816 2.7676254868274546 128.18069927673787 8.0018189627444354 6.0910062598995882 16.50819084700197 2.0516176053788513 26.214436750859022 76.58909004740417 28875.092573164264 2.060179581050761 10.464889550115911 7.1692643725546104 9.225231126998553 6.8591297885868689 12.779635965358464 22.987983345868997 26.570943842525594 127.55394838145003 89.545179976965301 10.788234417792408 1.6947900424711395
leaf_count=51481 2179 43044 96669 22657 10297 2528 1378 1805 236 381 10554 1298 1035 2514 191 122 342 383792 384 1382 1023 1895 682 2178 3626 5147 20418 22029 2417 359
internal_value=3.50228e-06 -0.00554061 -0.0104979 -0.00221108 -0.00017286 0.00236729 -0.010629 0.0105079 0.0295737 -0.015154 -0.00594561 0.014962 0.0231961 0.00386694 0.0430907 0.000248169 0.000225865 0.000276402 0.0379066 -0.0178475 0.036071 0.0484803 0.0628939 -0.00582666 0.00458095 -0.000543458 0.000855683 -0.00296445 0.00362431 0.0394423
internal_weight=30274.3 1277.73 663.272 239.67 614.462 495.609 118.853 30.0249 19.8897 423.603 130.948 17.9075 59.0585 24.6508 8.14262 28996.6 28970.4 28893.8 9.90567 88.8286 34.4077 23.2536 16.0844 46.2325 33.4529 436.55 409.979 282.425 192.88 12.483
internal_count=694043 307608 173305 65701 134303 111719 22584 5101 3296 107604 10935 3060 9868 3740 1226 386435 386313 385971 1762 17483 6128 3600 2577 7186 5008 101851 96704 76286 54257 2776
is_linear=0
shrinkage=0.05


Tree=103
num_leaves=31
num_cat=0
split_feature=8 6 0 5 0 4 1 0 1 0 4 1 4 0 1 5 6 1 1 5 5 4 4 1 5 1 5 6 5 6
split_gain=15.4392 9.12615 9.65694 6.25094 5.96641 8.05177 5.71011 5.13367 5.60028 4.86162 6.69438 8.33796 5.26399 8.3377 5.34827 10.5972 13.5577 7.98881 7.96009 9.54127 8.36251 8.07608 10.2157 7.6184 25.1011 14.4046 11.474 10.4434 8.54896 13.6774
threshold=1.0000000180025095e-35 119.84000000000002 4.5000000000000009 2981.0000000000005 537.50000000000011 817.50000000000011 3.5000000000000004 38.500000000000007 9.5000000000000018 102.50000000000001 162.50000000000003 8.5000000000000018 117.50000000000001 65.500000000000014 28.500000000000004 21.500000000000004 5984.0550000000012 174.50000000000003 61.500000000000007 77.500000000000014 52.500000000000007 25.500000000000004 21.500000000000004 152.50000000000003 76.500000000000014 143.50000000000003 277.50000000000006 32681.165000000005 122.50000000000001 15611.660000000002
decision_type=2 2 2 2 2 2 2 2 2 2 2 2 2 2 2 2 2 2 2 2 2 2 2 2 2 2 2 2 2 2
left_child=7 2 6 9 -4 -6 -2 -1 -9 10 12 -12 14 -14 -3 16 17 -16 19 21 -20 22 -17 25 -25 28 -27 -26 29 -22
right_child=1 3 4 -5 5 -7 -8 8 -10 -11 11 -13 13 -15 15 18 -18 -19 20 -21 23 -23 -24 24 27 26 -28 -29 -30 -31
leaf_value=-0.030930469343723101 0.016502216722353857 0.002186391441409417 -0.0071110140264701999 -0.016956679428117554 0.073065806818626136 0.0034972881231123882 0.00020223643890352573 -0.015545484861157102 0.022244301955897005 -0.020439424199820741 0.074607261745701703 0.0097978785655384714 -0.014822315360118602 0.03300086238889148 -0.00055861409903748918 0.0043653398391071052 -0.0075080360347688779 -0.038455196122762686 -0.0012999539563943495 -0.0035496714420887639 8.5989249796574369e-05 -0.006478654575587473 0.023835858279464325 -0.01420162534790094 -0.0018826022247041545 0.011906232973592119 -0.010279838475016755 0.0038694073598140805 -0.0016489535332883682 0.0059500877027106576
leaf_weight=46.185080331633799 58.480636362219229 3959.8550714277662 1016.9168026830303 49.693663902580738 2.4636533181183031 65.107217121170834 481.78856884513516 50.040339203551412 10.233125664293764 25.83648302895017 4.3893650085665312 26.038490918232128 97.568321507889777 8.1491428930312377 5453.5547149744816 2504.240524308756 829.72194340452552 11.942772662267087 5126.7493050638586 462.22088665701449 2250.2701538112015 164.510786941275 67.362242454662919 310.17929744720459 1789.182319264859 543.04833400994539 63.716840840876102 1408.6372806727886 1591.4897517152131 1779.6956263631582
leaf_count=20372 7769 99655 211723 209 462 21565 64956 29173 3118 1927 373 2098 7421 645 111439 18392 5450 274 35707 2706 13110 1971 616 1655 7978 2477 281 6085 7544 7327
internal_value=0.000139352 0.000207073 -0.00343554 0.000414757 -0.00615258 0.00806133 0.00202096 -0.0186916 -0.00862125 0.000446258 0.000466659 0.0231718 0.000440723 -0.0105916 0.000482656 0.000205508 -0.00156074 -0.000655459 0.000821234 0.00308321 0.000334134 0.0042055 0.00489349 0.00119468 -0.00066872 0.0022441 0.00955034 0.000651989 0.00145237 0.00267733
internal_weight=30259.3 30152.8 1624.76 28528.1 1084.49 67.5709 540.269 106.459 60.2735 28478.4 28452.5 30.4279 28422.1 105.717 28316.4 24356.5 6295.22 5465.5 18061.3 3198.33 14863 2736.11 2571.6 9736.22 3508 6228.22 606.765 3197.82 5621.46 4029.97
internal_count=694478 641815 306475 335340 233750 22027 72725 52663 32291 335131 333204 2471 330733 8066 322667 223012 117163 111713 105849 23685 82164 20979 19008 46457 15718 30739 2758 14063 27981 20437
is_linear=0
shrinkage=0.05


Tree=104
num_leaves=31
num_cat=0
split_feature=7 1 2 2 1 8 1 2 5 6 0 6 7 0 1 5 2 5 6 1 2 6 5 2 8 6 6 1 0 6
split_gain=13.2542 10.5247 12.8392 12.4847 9.48023 9.17083 7.27384 10.2123 11.5566 9.30484 8.88819 8.35169 7.14792 8.18851 7.02969 7.51909 13.1832 7.35843 12.5245 8.46005 8.32139 9.0714 11.366 10.2702 23.0556 8.33617 9.8921 8.95951 9.11681 9.04436
threshold=3.5000000000000004 15.500000000000002 358.63000000000005 770.7650000000001 9.5000000000000018 3.5000000000000004 9.5000000000000018 10241.440000000001 3.5000000000000004 6419.8450000000003 12.500000000000002 128.89500000000001 1.5000000000000002 2.5000000000000004 33.500000000000007 5.5000000000000009 1076.5550000000001 10.500000000000002 2978.5900000000006 20.500000000000004 2069.5650000000005 1061.5100000000002 3.5000000000000004 4506.3700000000008 2.5000000000000004 626.35000000000002 588.29000000000008 20.500000000000004 22.500000000000004 553.67500000000007
decision_type=2 2 2 2 2 2 2 2 2 2 2 2 2 2 2 2 2 2 2 2 2 2 2 2 2 2 2 2 2 2
left_child=1 2 4 -3 12 -5 9 14 10 -2 11 -9 -1 -14 17 -16 -17 18 20 -20 -8 25 -23 -24 -25 26 27 -22 29 -29
right_child=6 3 -4 5 -6 -7 7 8 -10 -11 -12 -13 13 -15 15 16 -18 -19 19 -21 21 22 23 24 -26 -27 -28 28 -30 -31
leaf_value=0.0020012258103912265 0.0070110581238536493 -0.031103018905107194 0.0046868866710692665 -0.025031218548192805 -0.026478696525872883 -0.0015653392774683094 -0.0032660021800754307 0.053930246678600594 0.00077936170457674418 -0.022495534943433721 0.043764678612859771 0.0026837898553393165 0.0041214177975216473 -0.014483959528761839 -0.0078672068465325453 0.028545422088550505 -0.001900212022433237 0.0033334948688495446 -0.0031645539393652723 -0.02683208815814915 0.014275683972387238 -0.024613104436853606 -0.0073815835603178725 0.023731510745669718 -0.0059157327978543797 0.012007380709987275 -0.024246723505548268 -0.0077825883892600149 0.018143329595289043 0.024758710862029191
leaf_weight=217.1703346343711 585.94587069796398 71.179842910263687 384.81402042170521 52.960983067750931 54.85157496726606 172.99786540912464 1221.9023227798752 7.0703030687291166 18520.766189255752 26.071619469672441 23.045149627141654 66.465023316442966 78.149712427170016 231.81887086830102 543.32396000204608 33.817062414251268 4990.7113881555852 1427.3541620499454 76.192593554034829 74.052427567541599 134.2599082516972 50.384546564891934 251.31221962347627 111.80265850014985 153.30656805075705 323.24664723314345 32.365783598273993 236.99134706403129 49.363556961761788 21.501764230430126
leaf_count=61101 24766 21028 64944 12992 17526 28795 76079 436 107349 235 704 1764 12064 89445 32342 810 78647 18811 916 824 6429 1365 5022 1473 2557 8895 1021 12153 3015 664
internal_value=8.1979e-05 -0.00492587 -0.00238447 -0.0131236 -0.00706011 -0.00723671 0.000300859 0.000184233 0.000870328 0.00568491 0.0179448 0.00890854 -0.00494706 -0.0097968 -0.00112819 -0.00229 -0.00168402 0.000425648 -0.00109231 -0.015029 -0.000271742 0.00241039 -0.00242127 -0.000169531 0.00667127 0.00584087 0.0016071 0.00360043 -0.00111726 -0.00490646
internal_weight=30225.2 1263.94 966.805 297.139 581.99 225.959 28961.3 28349.2 18617.3 612.017 96.5805 73.5353 527.139 309.969 9731.89 5567.85 5024.53 4164.04 2736.68 150.245 2586.44 1364.54 566.806 516.421 265.109 797.729 474.482 442.117 307.857 258.493
internal_count=694172 307895 245080 62815 180136 41787 386277 361276 110253 25001 2904 2200 162610 101509 251023 111799 79457 139224 120413 1740 118673 42594 10417 9052 4030 32177 23282 22261 15832 12817
is_linear=0
shrinkage=0.05


Tree=105
num_leaves=31
num_cat=0
split_feature=2 8 1 5 2 8 3 1 3 3 1 1 1 3 2 2 1 1 3 3 2 1 0 3 8 2 0 1 7 2
split_gain=12.6177 12.6833 12.9948 9.59679 12.9389 9.33683 9.11135 11.3216 9.40369 7.00177 8.38227 6.63828 6.24547 13.2417 10.466 8.68538 9.68697 7.71874 9.39378 11.1257 7.8785 8.49936 8.39505 8.1138 7.52474 9.03371 7.16352 10.1169 7.00188 7.26204
threshold=7443.6900000000014 1.0000000180025095e-35 50.500000000000007 3.5000000000000004 2114.1050000000005 4.5000000000000009 173.50000000000003 12.500000000000002 183.50000000000003 360.50000000000006 99.500000000000014 125.50000000000001 9.5000000000000018 22.500000000000004 2655.3200000000002 1054.3550000000002 7.5000000000000009 22.500000000000004 55.500000000000007 61.500000000000007 234.215 18.500000000000004 31.500000000000004 11.500000000000002 1.5000000000000002 2289.3550000000005 7.5000000000000009 1.5000000000000002 3.5000000000000004 931.35000000000014
decision_type=2 2 2 2 2 2 2 2 2 2 2 2 2 2 2 2 2 2 2 2 2 2 2 2 2 2 2 2 2 2
left_child=1 -1 5 -4 -5 6 12 -8 -9 11 -11 -6 13 15 17 26 24 18 20 -20 23 22 -22 -14 25 -17 27 -3 -19 -30
right_child=-2 2 3 4 9 -7 7 8 -10 10 -12 -13 14 -15 -16 16 -18 28 19 -21 21 -23 -24 -25 -26 -27 -28 -29 29 -31
leaf_value=-0.019622011257190194 0.000630860940134773 0.028069678741137718 -0.022257943276267081 0.017650383710272242 -0.0067814757058069046 0.0033013364958693124 0.057791086458059832 0.027246607268111074 0.0013024395202696991 0.012185946743648462 -0.0092786569039062915 0.02816589596237018 0.044230316883227393 0.011906373769961532 -0.00011894289921347475 0.088728139720136878 -0.0067785254156998657 -0.022139685433343971 0.022762810629462935 -0.00010868528606305461 0.00075962400971082186 -0.012207264597002235 -0.012060761452591537 -0.030286317977215312 0.013357471990883399 -0.016108592402380762 -0.0072082461083914405 -0.00063320693065814623 0.0075357421230846464 -0.0086974708793947555
leaf_weight=94.5044926982373 20983.146092314855 32.34991245274432 77.195481547387317 61.953588206321001 1440.2312520197593 1340.6326960660517 8.8771377485245448 39.864311300218105 212.16271717264317 113.87670733872801 73.03986466769129 11.787130332551895 2.23352654906921 240.38991648866795 2198.4722026281524 5.1126636695116749 63.147944860160351 85.109744450892322 67.526746232877485 225.95285951416008 708.37927930965088 237.14934062457178 153.71693236997817 42.555916254408658 107.07286363979802 2.1303163385018706 481.28817714797333 288.1591086438857 74.746771719306707 710.17935525719076
leaf_count=52076 140205 3609 8393 1711 27847 15461 316 1286 6090 1624 975 176 597 22903 63141 674 2561 20620 5132 15495 58274 19717 21380 10413 3552 188 119413 25787 5488 38833
internal_value=-4.60518e-05 -0.00158977 -0.00139835 -0.00523023 -0.00443219 -0.000467296 -0.00131206 0.00779066 0.00558836 -0.00528743 0.00378896 -0.00645943 -0.00172943 0.00144286 -0.00258833 -0.00114476 0.00880339 -0.00493886 -0.00268294 0.00527227 -0.00472934 -0.00386635 -0.00154895 -0.0248386 0.0173794 0.0610799 -0.00336304 0.00241996 -0.00865148 -0.00713639
internal_weight=30182.9 9199.8 9105.29 1778.08 1700.89 7327.21 5986.58 260.904 252.027 1638.93 186.917 1452.02 5725.67 1219.65 4506.02 979.261 177.464 2307.55 1437.51 293.48 1144.03 1099.25 862.096 44.7894 114.316 7.24298 801.797 320.509 870.036 784.926
internal_count=693937 553732 501656 40726 32333 460930 445469 7692 7376 30622 2599 28023 437777 178687 259090 155784 6975 195949 131008 20627 110381 99371 79654 11010 4414 862 148809 29396 64941 44321
is_linear=0
shrinkage=0.05


Tree=106
num_leaves=31
num_cat=0
split_feature=2 1 2 3 3 3 3 4 3 8 0 1 2 3 3 2 8 2 4 1 4 4 4 3 7 1 3 2 4 0
split_gain=11.8995 12.8639 14.8749 11.4967 12.1924 11.5866 11.4308 9.42601 9.26341 8.31203 8.20195 8.05314 12.4132 16.0006 11.3516 10.7078 9.76232 9.27717 11.6099 11.4459 8.16698 7.79801 7.74021 7.43948 7.09773 6.93541 6.87473 6.83738 6.62039 13.4292
threshold=1950.1700000000003 8.5000000000000018 1054.3550000000002 189.50000000000003 303.50000000000006 254.50000000000003 49.500000000000007 703.50000000000011 230.50000000000003 1.0000000180025095e-35 2.5000000000000004 30.500000000000004 3846.1350000000007 666.50000000000011 78.500000000000014 61411.715000000004 4.5000000000000009 2030.5500000000002 8.5000000000000018 18.500000000000004 57.500000000000007 5.5000000000000009 48.500000000000007 79.500000000000014 2.5000000000000004 99.500000000000014 12.500000000000002 13947.795000000002 142.50000000000003 1.5000000000000002
decision_type=2 2 2 2 2 2 2 2 2 2 2 2 2 2 2 2 2 2 2 2 2 2 2 2 2 2 2 2 2 2
left_child=1 2 6 7 5 8 9 -3 10 24 -5 14 13 20 15 21 17 18 -16 -19 22 -2 25 -21 -1 -13 -9 -25 -23 -30
right_child=11 3 -4 4 -6 -7 -8 26 -10 -11 -12 12 -14 -15 16 -17 -18 19 -20 23 -22 28 -24 27 -26 -27 -28 -29 29 -31
leaf_value=0.002334546611287 0.0051184449138982832 -0.0044824688232221179 0.019617009720499217 0.00024908119562696266 -0.020798065038742763 0.075241058421263829 0.03086630249007194 0.019882346632866574 -0.030105088772072172 0.00034170636928403737 0.058360999976026652 -0.0040427372801660469 0.00060609108532903324 0.06405986079331219 -0.011268757782169465 -0.034889510533607851 -0.0014568119034307418 -0.0069891650452713425 0.085307078152882368 0.046676403953008254 -0.018315376837200747 -0.0021274687979347131 0.021311822144278774 0.0088023046305144344 -0.032506796106362659 -0.036421974519689211 -0.024981150235590444 0.023314305904601779 0.052409519709473495 0.003187799734178431
leaf_weight=23.754586049122736 848.91786289028823 2130.7078517817426 106.38631400093436 12.022579968092037 13.37582318682689 9.3462705964921025 27.167426861240529 8.0041415734449384 7.0413314159959546 852.5770424164366 10.303224284783935 981.77699459111318 22712.972667794442 6.3993813206907353 4.1610988704487664 18.515002663247287 222.77727441303432 88.265268989023753 6.81114589527715 13.411081673344595 106.24736593663692 1176.6121775456704 27.729286470916122 500.92040931410156 34.978805274236947 14.862233282998202 83.537341334857047 96.484517748933285 14.49136384425219 88.720217705238611
leaf_count=13646 9735 154606 5422 452 531 349 2687 3838 295 153634 565 27644 182439 131 109 168 1628 2064 457 350 11918 31774 1629 12227 23621 294 40211 884 1582 9147
internal_value=0.000313344 -0.0025105 0.00207915 -0.00461902 0.0181783 0.0320051 5.35556e-05 -0.00516925 0.0143249 -0.000930596 0.0296607 0.000661551 0.000350708 -0.00474291 0.0030667 0.00106347 0.00766575 0.010524 0.0525911 0.00971558 -0.00524477 0.00140863 -0.00385604 0.0121444 -0.0188025 -0.00459756 -0.0207172 0.0112161 -0.00105627 0.0109636
internal_weight=30249.3 3319.2 1044.86 2274.34 52.0892 38.7134 938.478 2222.25 29.3671 911.31 22.3258 26930.1 23850 1137.02 3080.09 2147.26 932.831 710.054 10.9722 699.081 1130.62 2128.74 1024.37 610.816 58.7334 996.639 91.5415 597.405 1279.82 103.212
internal_count=694037 399857 199010 200847 2192 1661 193588 198655 1312 190901 1017 294180 224055 41616 70125 52406 17719 16091 566 15525 41485 52238 29567 13461 37267 27938 44049 13111 42503 10729
is_linear=0
shrinkage=0.05


Tree=107
num_leaves=31
num_cat=0
split_feature=5 3 1 3 1 2 1 3 6 2 2 3 0 6 3 0 2 7 1 2 6 7 3 1 5 3 1 5 2 6
split_gain=10.1269 9.11342 16.4853 19.781 10.162 18.3689 11.4421 11.2226 9.12189 7.19636 8.48468 6.60231 5.91915 9.07831 8.08132 5.76869 6.63238 5.58734 5.62677 5.33371 10.218 8.62914 7.78025 5.2888 22.9616 12.3052 12.2905 10.9143 10.1291 12.3229
threshold=2.5000000000000004 215.50000000000003 58.500000000000007 239.50000000000003 20.500000000000004 912.79500000000007 8.5000000000000018 21.500000000000004 1178.9400000000003 320.53500000000003 367.72000000000008 11.500000000000002 1.0000000180025095e-35 343.34000000000009 27.500000000000004 11.500000000000002 302.16500000000008 2.5000000000000004 16.500000000000004 132.60500000000005 79.995000000000019 1.5000000000000002 3.5000000000000004 92.500000000000014 63.500000000000007 449.50000000000006 88.500000000000014 94.500000000000014 11687.245000000001 19919.455000000005
decision_type=2 2 2 2 2 2 2 2 2 2 2 2 2 2 2 2 2 2 2 2 2 2 2 2 2 2 2 2 2 2
left_child=1 4 3 -3 5 6 7 11 12 -2 -11 19 13 17 -15 16 -8 -7 -19 20 21 -1 -23 25 28 27 -27 -12 -25 -30
right_child=9 2 -4 -5 -6 8 15 -9 -10 10 23 -13 -14 14 -16 -17 -18 18 -20 -21 -22 22 -24 24 -26 26 -28 -29 29 -31
leaf_value=0.0038392612624356878 0.012349947903704691 0.12095125191907144 -0.011013687076223133 0.013584833618691609 -0.009457499069726108 0.014937345951347561 -0.024288294407077166 0.01412705587066366 -0.015114162232886745 -0.025172345446717183 0.00090123885940424542 -0.013520300581814927 0.0062962163592775516 0.02575588310972661 -0.037277961181935423 -0.018307944568609395 -0.0009050418257205928 0.075685214024145589 0.015044369139368097 0.0054417534155512728 0.053732302668033374 -0.003288308808860749 -0.024386299520471819 -0.011132929709327612 0.0011050317672134404 0.0043050679897194515 0.021637312877349456 -0.0048604400367120021 -0.0015759032541746315 -0.010565522349797275
leaf_weight=114.62049030605704 122.65436525852419 4.9885599004337591 19.277378685306758 12.677327777142635 549.60135953442659 17.760360095300712 36.398249642807059 97.013197590364143 43.449910780414939 30.629504931624979 15529.06109716068 138.82550589041784 406.12426783132832 8.2034034859389084 8.2101821871474367 191.85724700824358 145.03610307234339 11.033763110172005 7.1151183689944437 184.11184538947418 5.1639006497571236 89.330094346078113 84.917078000959009 413.70151560776867 7172.4221843313426 635.98647644650191 120.28748850431293 865.88633771426976 2737.987188600935 441.09445354342461
leaf_count=36694 4374 386 1950 899 70689 1636 9795 16950 1238 1165 232417 30956 43009 199 248 45419 23698 1005 622 35736 408 33069 32047 6585 32783 4132 673 4731 18625 1923
internal_value=0.000108198 -0.00317642 0.0208077 0.0531206 -0.00360975 -0.00157801 -0.00522782 -0.001508 0.00631805 0.000363001 0.000309513 -0.00400419 0.00840614 0.0239484 -0.00639838 -0.0122967 -0.00580972 0.0374252 0.0557646 -0.00119644 -0.00536172 -0.0067803 -0.0137302 0.000339272 -0.000529338 0.000884466 0.00711161 0.000596385 -0.0037909 -0.00282906
internal_weight=30245.4 2175.72 36.9433 17.6659 2138.77 1589.17 1087.27 713.982 501.897 28069.7 27947.1 616.969 458.447 52.3228 16.4136 373.292 181.434 35.9092 18.1489 478.143 294.032 288.868 174.247 27916.4 10765.2 17151.2 756.274 16394.9 3592.78 3179.08
internal_count=694061 386653 3235 1285 383418 312729 264772 185860 47957 307408 303034 168910 46719 3710 447 78912 33493 3263 1627 137954 102218 101810 65116 301869 59916 241953 4805 237148 27133 20548
is_linear=0
shrinkage=0.05


Tree=108
num_leaves=31
num_cat=0
split_feature=4 5 1 5 1 1 5 5 6 6 6 6 5 3 1 1 3 6 3 5 3 3 3 5 5 6 5 5 5 1
split_gain=14.4279 7.0489 7.59937 6.64447 8.61146 6.50258 13.1713 12.3571 15.8347 10.9014 11.4578 9.69379 9.35394 9.19842 8.68449 8.24944 9.93486 11.6575 10.273 7.97019 10.5404 9.32156 7.85173 11.1758 7.60628 17.2742 6.84803 6.69339 11.374 7.88186
threshold=623.50000000000011 2981.0000000000005 327.50000000000006 1224.0000000000002 286.50000000000006 221.50000000000003 271.50000000000006 319.50000000000006 32681.165000000005 16536.615000000002 10349.92 109791.10500000001 630.50000000000011 1348.5000000000002 237.50000000000003 174.50000000000003 751.50000000000011 41902.980000000003 833.50000000000011 126.50000000000001 1171.5000000000002 1041.5000000000002 1171.5000000000002 185.50000000000003 58.500000000000007 8374.5800000000017 230.50000000000003 368.50000000000006 550.50000000000011 162.50000000000003
decision_type=2 2 2 2 2 2 2 2 2 2 2 2 2 2 2 2 2 2 2 2 2 2 2 2 2 2 2 2 2 2
left_child=1 2 3 4 5 7 9 13 12 10 -7 14 -9 15 -8 16 -1 19 -19 20 21 24 -11 -24 25 -18 -25 -10 29 -29
right_child=-2 -3 -4 -5 -6 6 11 8 27 22 -12 -13 -14 -15 -16 -17 17 18 -20 -21 -22 -23 23 26 -26 -27 -28 28 -30 -31
leaf_value=4.6945114665962948e-05 -0.0088297898357279896 -0.018465965892650822 0.031954215316086006 0.013618086914852074 -0.016146873712656936 -0.0039026680563485489 0.019322018963924437 -0.0031254419795552569 -0.029551220963759135 0.0049962994538279865 0.028169456817555102 0.028042854338352904 0.017515877399909018 0.0073982145667533866 0.00096952964183881312 -0.0042505906109958974 0.0092181487408439771 0.030652593592843454 0.0078619375452860882 -0.0056347562148797766 -0.014983021761224659 0.021118333367064788 -0.029056846583739106 0.0087103170194965714 0.0085148302379201655 -0.0192679008941621 -0.016320752243708925 -0.012932139325633505 -0.021617532265910067 0.010804227942285978
leaf_weight=25430.422729094978 453.31953434157185 48.82651125639677 16.794343387708068 89.297878541052341 79.250385745428503 57.808343424927443 97.779931508004665 322.24281026795506 59.578417852520943 85.021715715527534 50.981385797262192 70.727029532194138 64.070500560104847 435.00642982358113 182.74824520200491 1052.3729191566817 119.20369152771309 67.791065976023674 177.2524298876524 242.18891233950853 59.928249763324857 93.007417586632073 67.221326909959316 56.027502924203873 369.51005268841982 92.968234166502953 49.751989528536797 66.956273689866066 127.7003345489502 68.978794544935226
leaf_count=485582 188063 205 83 397 365 387 417 1475 251 356 215 341 277 2016 783 5091 973 286 755 1113 331 481 279 237 1737 422 210 280 537 299
internal_value=3.48649e-06 0.000138436 0.000170207 0.000150108 0.000108625 0.000153284 0.00484653 3.61399e-05 -0.00647132 -0.00178062 0.0113643 0.0117381 0.000370527 0.00020067 0.00745791 8.71318e-05 0.000258714 0.00465899 0.0143641 0.00219999 0.00479123 0.00658674 -0.00736767 -0.0134316 0.00419883 -0.00332707 -0.00314711 -0.0146009 -0.0110252 -0.000905361
internal_weight=30254.7 29801.4 29752.6 29735.8 29646.5 29567.2 718.067 28849.2 709.527 366.812 108.79 351.255 386.313 28139.7 280.528 27704.6 26652.3 1221.85 245.043 976.807 734.618 674.689 258.023 173.001 581.682 212.172 105.779 323.214 263.635 135.935
internal_count=694244 506181 505976 505893 505496 505131 3225 501906 3119 1684 602 1541 1752 498787 1200 496771 491680 6098 1041 5057 3944 3613 1082 726 3132 1395 447 1367 1116 579
is_linear=0
shrinkage=0.05


Tree=109
num_leaves=31
num_cat=0
split_feature=4 1 3 6 1 5 3 4 0 6 5 0 6 1 5 5 1 6 1 5 6 3 6 6 3 1 3 3 5 3
split_gain=9.97286 9.96895 7.85641 6.92805 12.106 7.63002 8.11569 7.47249 6.00877 5.93661 11.4413 7.59247 5.92859 6.05872 10.5491 9.9739 6.64786 8.9394 8.43021 10.7821 9.36623 13.009 8.40469 18.9529 12.8057 6.95887 10.1605 22.5583 9.42352 7.38744
threshold=34.500000000000007 28.500000000000004 63.500000000000007 7722.3900000000003 23.500000000000004 35.500000000000007 53.500000000000007 7.5000000000000009 21.500000000000004 9891.1650000000027 27.500000000000004 1.0000000180025095e-35 913.61500000000012 61.500000000000007 37.500000000000007 6.5000000000000009 67.500000000000014 8374.5800000000017 96.500000000000014 85.500000000000014 56324.710000000006 303.50000000000006 5778.7350000000015 11387.460000000001 177.50000000000003 92.500000000000014 230.50000000000003 200.50000000000003 66.500000000000014 153.50000000000003
decision_type=2 2 2 2 2 2 2 2 2 2 2 2 2 2 2 2 2 2 2 2 2 2 2 2 2 2 2 2 2 2
left_child=1 3 9 -1 5 6 -5 -6 12 10 -3 -12 -4 -14 15 -15 17 -16 19 22 -21 -22 -18 25 -25 26 27 29 -28 -24
right_child=-2 2 8 4 7 -7 -8 -9 -10 -11 11 -13 13 14 16 -17 18 -19 -20 20 21 -23 23 24 -26 -27 28 -29 -30 -31
leaf_value=0.0032849865451271168 -0.0027445799414455192 -0.0076197002660860534 -0.0035575439052971838 -0.016429852134066347 0.017099368383861367 -0.034926535561903539 0.0099452282750589847 -0.009905796704477228 0.0077377705724995223 -0.022761399810138073 0.033675321078593702 0.00060250959497858397 0.0015144509349059049 0.023566610549939956 -0.014193804234032338 -0.0028620491393624554 0.010074536927005766 0.00048567275093210646 -0.0002203956238833496 -0.0041536643617054092 -0.0077899994062546113 0.024793859212304627 0.0076331542660937465 -0.0096093651096166612 0.0095094365026008373 0.0081358080010301304 -0.0087308867234279584 0.029753871742115912 -0.033421360454103786 -0.019026997909370399
leaf_weight=3268.0892900014296 3278.9783847626531 419.5208135927096 1201.3647812132258 88.521147994324565 71.492124862968922 31.650432698428631 41.426182553172112 37.705770745873451 242.50904585700482 47.112217120826244 27.084198709577322 43.208245331421494 5305.109104947187 34.036755744367838 180.39761783182621 4045.0720168836415 565.18631557002664 240.11320164054632 8830.5489704255015 692.32188754156232 52.598278552293777 68.915906772017479 38.440916143357754 97.063244953751564 776.45647312700748 87.473024114966393 233.46095997095108 50.723046243190765 45.014969319105148 72.823835529386997
leaf_count=85801 408418 9891 39708 643 365 145 275 247 3568 259 209 425 48276 532 1363 35576 4589 1054 42199 3629 213 288 202 412 3253 441 1185 257 229 365
internal_value=-0.000141909 0.000175107 -0.000199071 0.00264761 -0.0050122 -0.013635 -0.00799839 0.0077641 -5.83905e-05 -0.0061661 -0.00448382 0.0139248 -0.000142661 4.92192e-05 -0.000433398 -0.00263008 0.000311668 -0.00584915 0.00053576 0.00293567 -0.00190114 0.0107919 0.00493714 0.0028539 0.00736791 -0.00461455 -0.00717201 0.00276687 -0.0129319 -0.00984403
internal_weight=30214.4 26935.4 23396.6 3538.88 270.796 161.598 129.947 109.198 22859.6 536.925 489.813 70.2924 22617.1 21415.8 16110.6 4079.11 12031.5 420.511 11611 2780.48 813.836 121.514 1966.64 1401.46 873.52 527.937 440.464 161.988 278.476 111.265
internal_count=694017 285599 198123 87476 1675 1063 918 612 187339 10784 10525 634 183771 144063 95787 36108 59679 2417 57262 15063 4130 501 10933 6344 3665 2679 2238 824 1414 567
is_linear=0
shrinkage=0.05


Tree=110
num_leaves=31
num_cat=0
split_feature=8 0 1 1 2 1 2 3 3 3 1 2 2 6 4 1 2 2 1 6 1 2 8 1 1 2 2 2 6 1
split_gain=7.87735 7.07431 6.62397 10.7989 13.3895 9.20301 8.8207 8.14017 7.23038 8.16694 6.16289 10.7503 12.0687 6.3364 5.9617 6.9349 6.90223 12.3646 15.6679 10.563 8.16599 9.3019 6.57192 6.08734 6.01853 5.74887 11.1213 15.526 13.8027 13.4847
threshold=1.0000000180025095e-35 1.0000000180025095e-35 227.50000000000003 243.50000000000003 177921.78000000003 106.50000000000001 46167.575000000004 221.50000000000003 1847.5000000000002 1250.5000000000002 102.50000000000001 22017.785000000003 30326.465000000004 6669.4150000000009 5.5000000000000009 138.50000000000003 273750.53000000009 177921.78000000003 217.50000000000003 182341.33500000005 197.50000000000003 50481.130000000012 2.5000000000000004 205.50000000000003 204.50000000000003 36489.165000000008 21004.765000000003 13947.795000000002 3393.6150000000002 132.50000000000003
decision_type=2 2 2 2 2 2 2 2 2 2 2 2 2 2 2 2 2 2 2 2 2 2 2 2 2 2 2 2 2 2
left_child=-1 2 5 8 6 10 -5 -7 9 -4 -2 13 -13 -12 16 22 17 18 20 -18 25 23 -16 -22 -23 26 27 -9 29 -29
right_child=1 -3 3 4 -6 7 -8 14 -10 -11 11 12 -14 -15 15 -17 19 -19 -20 -21 21 24 -24 -25 -26 -27 -28 28 -30 -31
leaf_value=-0.014017326418316331 0.0015411545113671651 -0.00063983486758640608 0.019369688551701441 0.013800940264593704 0.014659969936974871 -0.021413752559330004 -0.010356313015230358 -0.0073538527808405295 0.030236187911933589 -0.004332043044099689 -0.012298700619383532 0.039172565566042275 0.0084380741664235002 0.015224967798153022 -0.018630867332144117 -0.015503863768347101 -0.022864088443706559 0.012218117127530412 -0.018715189291771274 0.00079688540556423844 0.0064506489039791656 0.012337744610667934 0.0043618939744212359 0.030774486252711772 -0.0067385028192847723 0.001370481101442181 -0.0071554072136333904 0.0052460880024040955 0.0045077474398252789 0.057129670194187278
leaf_weight=99.373364008730277 6130.8819766544038 19041.968527090736 82.860639755614102 44.90115120424889 117.90644549578428 47.11274270596914 195.49593541957438 269.97741807252169 57.025101087987423 62.498033065348864 65.026600511744618 43.94864683970809 110.07890852447599 28.470455855131149 37.965574163245037 144.29260014160536 82.268100365996361 197.56201216578484 113.16804706305265 106.84979639947414 48.449593812227249 67.231948494911194 137.79068626323715 56.222593851387501 100.68604573607445 1565.3785727061331 753.86601209267974 24.480780269950628 328.25747475028038 24.631096575409174
leaf_count=52761 81193 535330 379 253 552 406 830 2082 252 280 642 228 497 135 465 1198 365 873 496 478 237 281 1140 258 422 6633 3570 228 1668 222
internal_value=-0.000102821 -5.59353e-05 0.000950636 0.00623576 0.000998533 0.000666866 -0.0057676 -0.00117906 0.0154073 0.00925847 0.0018552 0.00955909 0.0175973 -0.00377424 -0.000933767 -0.00746142 -0.00037133 0.000126922 -0.000592502 -0.00962742 5.18126e-05 0.00830117 -0.000758573 0.0198478 0.000954672 -0.000711275 -0.00303557 0.00176944 0.00830079 0.0324845
internal_weight=30186.6 30087.3 11045.3 560.687 358.304 10484.6 240.397 4106.19 202.384 145.359 6378.41 247.525 154.028 93.4971 4059.08 320.049 3739.03 3549.91 3352.35 189.118 3239.18 272.59 175.756 104.672 167.918 2966.59 1401.21 647.347 377.369 49.1119
internal_count=694354 641593 106263 2546 1635 103717 1083 21022 911 659 82695 1502 725 777 20616 2803 17813 16970 16097 843 15601 1198 1605 495 703 14403 7770 4200 2118 450
is_linear=0
shrinkage=0.05


Tree=111
num_leaves=31
num_cat=0
split_feature=2 1 2 3 2 2 1 3 5 3 3 1 3 1 2 5 5 5 2 8 2 3 3 1 3 2 5 1 4 2
split_gain=14.8148 7.54049 12.5154 8.82721 7.89566 7.40676 15.7534 12.9383 7.91511 7.67387 13.5733 8.71006 13.0124 11.8772 11.5077 9.30327 8.71195 8.6938 8.52031 12.432 8.58718 7.69045 7.45771 7.34118 17.5926 11.7114 9.3265 7.63184 7.61288 7.2908
threshold=367.72000000000008 4.5000000000000009 1591.4150000000002 17.500000000000004 1054.3550000000002 3676.7850000000003 61.500000000000007 135.50000000000003 33.500000000000007 254.50000000000003 264.50000000000006 42.500000000000007 76.500000000000014 19.500000000000004 2599.5100000000007 5.5000000000000009 37.500000000000007 50.500000000000007 2962.1900000000005 3.5000000000000004 2069.5650000000005 121.50000000000001 82.500000000000014 5.5000000000000009 49.500000000000007 196.71000000000001 10.500000000000002 17.500000000000004 4.5000000000000009 1271.1550000000004
decision_type=2 2 2 2 2 2 2 2 2 2 2 2 2 2 2 2 2 2 2 2 2 2 2 2 2 2 2 2 2 2
left_child=23 2 3 4 -2 9 -7 -8 -9 11 -11 12 13 17 15 -13 -15 -3 19 -14 -21 -16 -20 -1 -25 26 -26 28 -27 -6
right_child=1 5 -4 -5 29 6 7 8 -10 10 -12 14 18 16 21 -17 -18 -19 22 20 -22 -23 -24 24 25 27 -28 -29 -30 -31
leaf_value=-0.002628923603920245 0.0060532047633758456 -0.00048147582465655884 -0.013602956100031878 0.052593480488335592 0.07716168464013809 0.0022862106738966111 -0.0092754806568494871 -0.0022161815111174489 0.00041580939487713653 0.060558213021183853 0.0049610378082176141 -0.017254233915811091 -0.0041311731347459619 -0.0057459693845982596 -0.023397110662983427 0.0058836348259622626 -0.026128185103645743 0.043793344352484422 0.034478865127217311 0.017140888448940819 -0.001370834793316387 -0.007420431247020666 0.0085203103100697421 -0.01571241966814518 0.096279625815440584 0.070112201547079422 -0.014210832114926329 -0.03423375172132908 -0.0017006292217699897 0.007913933969539641
leaf_weight=482.26178025151603 70.180710507091135 1700.5022395097185 34.333381801145151 16.155378318275325 6.4845109451562148 8106.8723069132539 398.80651482671965 3694.0029686944326 12573.496055357158 10.340000387863254 104.07229765842203 54.993205977487378 422.59154589055106 1132.0526609938825 130.74582828790881 180.75037416955456 53.205313643440604 9.1602811925113183 30.620431915740483 154.57495931559242 103.96604404039681 180.78323840652592 201.16808337194379 309.80610220076051 5.4977422964293536 3.6676206784322885 1.9401009324938057 6.907368440879508 10.317842467222361 7.8161724692909047
leaf_count=132576 6200 127585 1100 1321 356 103853 4821 43449 63264 305 2677 7116 19044 69860 4858 4637 567 70 973 11262 4738 5945 6246 66842 1133 86 29 1203 1685 343
internal_value=1.01895e-05 0.000195464 0.0118997 0.0206957 0.0135207 0.000140633 0.000478661 -0.000400741 -0.000182059 -0.00173233 0.0109397 -0.0020701 -0.00122035 -0.00286153 -0.00795659 0.000386393 -0.00670338 -0.00019336 0.00397879 0.0011484 0.00974346 -0.0142322 0.0122152 -0.00660864 -0.0122358 0.0243112 0.0705551 0.00312275 0.0235477 0.0449284
internal_weight=30198.1 29377.7 134.97 100.637 84.4814 29242.7 24773.2 16666.3 16267.5 4469.53 114.412 4355.11 3807.84 2894.92 547.273 235.744 1185.26 1709.66 912.921 681.133 258.541 311.529 231.789 820.399 338.137 28.3307 7.43784 20.8928 13.9855 14.3007
internal_count=694144 490590 9320 8220 6899 481270 215387 111534 106713 265883 2982 262901 240345 198082 22556 11753 70427 127655 42263 35044 16000 10803 7219 203554 70978 4136 1162 2974 1771 699
is_linear=0
shrinkage=0.05


Tree=112
num_leaves=31
num_cat=0
split_feature=8 0 3 5 6 6 6 5 5 5 6 2 5 3 6 3 5 3 5 3 3 2 3 2 5 5 8 2 3 6
split_gain=17.8427 6.11687 10.817 13.9718 10.0847 9.94887 7.66877 10.0588 7.65111 7.34944 7.14845 7.06542 11.0899 6.66996 5.83693 5.70514 5.4737 5.43061 7.93339 9.30528 5.90069 10.9348 5.77248 5.50367 8.79093 9.1051 6.66431 5.29424 5.43924 11.0496
threshold=1.0000000180025095e-35 1.0000000180025095e-35 326.50000000000006 78.500000000000014 41902.980000000003 5071.4100000000008 182341.33500000005 254.50000000000003 522.50000000000011 227.50000000000003 67270.12000000001 6341.6350000000011 38.500000000000007 475.50000000000006 32681.165000000005 391.50000000000006 76.500000000000014 30.500000000000004 26.500000000000004 321.50000000000006 1.5000000000000002 28.775000000000002 15.500000000000002 722.24500000000012 11.500000000000002 4.5000000000000009 3.5000000000000004 68898.005000000019 189.50000000000003 2204.0900000000006
decision_type=2 2 2 2 2 2 2 2 2 2 2 2 2 2 2 2 2 2 2 2 2 2 2 2 2 2 2 2 2 2
left_child=-1 2 6 4 11 13 7 9 -3 10 17 12 -4 15 16 -5 -13 20 19 27 21 -2 -22 24 25 26 -24 28 -19 -30
right_child=1 8 3 5 -6 -7 -8 -9 -10 -11 -12 14 -14 -15 -16 -17 -18 18 -20 -21 22 -23 23 -25 -26 -27 -28 -29 29 -31
leaf_value=-0.021067819999564308 -0.018569137379587371 -0.00038807744149850346 -0.0046721998026934258 -0.012616973520732164 -0.018821931790907711 0.0018905355004844504 -0.022901146394119005 0.034155616212838066 -0.012498792812075788 -0.025746419694522273 0.016685312268369355 -0.0036584569714628321 0.039444700184603547 -0.018665871516580067 0.013179940074245689 0.017981217622308348 -0.021816572646703378 -0.0014618387358537339 0.0038552267676184599 0.03838123267477174 -0.00026332103504709973 0.09495239492602392 -0.0034224159451728153 0.0072126724839452804 -0.0035964526219871779 0.065255920239555606 0.041968829402910295 -0.020145904795080598 0.012396995913563531 -0.0018228654447836408
leaf_weight=98.152713809511624 2.6785410242155185 18918.974189749337 32.646106383996084 28.751151546835899 105.76054592430592 3363.7127307876945 27.446863554418087 23.29805301874876 129.32234834879637 20.876068219542503 87.469521343708038 1714.656955646351 22.77412161976099 99.031179942190647 48.341511465609074 28.246819496154785 40.638358622789383 1759.7692000848474 2652.1157732829452 13.583254907513036 159.16850551660173 3.12262719636783 16.83651831781026 173.26361833373085 19.5388900693506 15.286866237409411 13.083318993914874 31.40895081544295 234.87442856328562 321.73699833825231
leaf_count=52661 379 534521 823 208 442 14468 116 114 564 97 366 10903 203 660 201 205 191 38334 15519 154 7471 215 1933 3809 180 282 1581 210 4963 2381
internal_value=1.36031e-06 7.14401e-05 0.00100661 -0.000569923 -0.00394544 0.00131556 0.00255707 0.00269122 -0.000471603 0.00254622 0.00266284 -0.00307981 0.0141994 -0.010947 -0.00362589 0.00264226 -0.0041032 0.00243032 0.00197952 -0.000128617 0.00800135 0.051214 0.00711675 0.0120132 0.0242588 0.0359405 0.0178122 -0.000383896 -9.87845e-05 0.00420042
internal_weight=30206.6 30108.4 11060.1 5484.56 1964.82 3519.74 5575.56 5548.11 19048.3 5524.81 5503.94 1859.06 55.4202 156.029 1803.64 56.998 1755.3 5416.47 5013.49 2361.37 402.979 5.80117 397.178 238.009 64.7456 45.2067 29.9198 2347.79 2316.38 556.611
internal_count=694154 641493 106408 28304 12763 15541 78104 77988 535085 77874 77777 12321 1026 1073 11295 413 11094 77411 61561 46042 15850 594 15256 7785 3976 3796 3514 45888 45678 7344
is_linear=0
shrinkage=0.05


Tree=113
num_leaves=31
num_cat=0
split_feature=8 2 0 2 2 6 5 6 1 0 5 1 1 5 2 6 2 2 5 2 1 6 5 1 6 1 1 6 1 5
split_gain=8.70169 6.8227 10.404 5.907 3.93558 15.322 12.7216 9.50258 9.752 9.87289 8.50983 9.22926 8.98374 7.97263 14.8698 10.3155 15.551 12.9878 9.22282 14.1029 9.1124 8.02888 9.49681 8.86691 12.1343 14.3494 6.98069 12.8387 10.6144 9.98933
threshold=1.0000000180025095e-35 249.79500000000004 214.50000000000003 358.63000000000005 16281.775000000003 9472.2050000000017 4.5000000000000009 4517.6950000000006 75.500000000000014 4.5000000000000009 254.50000000000003 75.500000000000014 72.500000000000014 52.500000000000007 13947.795000000002 5984.0550000000012 11687.245000000001 15080.935000000001 137.50000000000003 10575.630000000001 120.50000000000001 935.3950000000001 13.500000000000002 88.500000000000014 1906.4300000000001 127.50000000000001 154.50000000000003 32681.165000000005 143.50000000000003 132.50000000000003
decision_type=2 2 2 2 2 2 2 2 2 2 2 2 2 2 2 2 2 2 2 2 2 2 2 2 2 2 2 2 2 2
left_child=1 -1 3 -3 5 10 7 8 9 -6 11 12 -2 15 18 16 -13 21 -15 20 -20 -18 -23 -24 -25 -26 28 -28 29 -8
right_child=4 2 -4 -5 6 -7 26 -9 -10 -11 -12 13 -14 14 -16 -17 17 -19 19 -21 -22 22 23 24 25 -27 27 -29 -30 -31
leaf_value=-0.027675475471669292 -0.00024219886230910826 0.036573265552918108 0.092417198098205519 -0.013367786451146316 0.055549992040330745 -0.011214405695267644 0.0010077831490735933 -0.014702485512773186 -0.014508293887921389 0.011862973129634333 0.012206105280854824 -0.0088288677887590518 0.0087916412243384656 -0.00022962069039434314 0.011363954236659226 -0.02415584562039827 0.034896366616676659 -0.011395987118763176 -0.012597636618804656 -0.030764553744561274 0.016367586045900277 -0.019784264202746683 0.016342831206239031 -0.025732062515000244 8.7612837754764554e-05 0.036442671558762289 -0.0042556673282796069 0.0019183631686726385 0.006446300956391246 -0.0040011395311667251
leaf_weight=49.354452861938626 11949.350988597376 4.9253926505334666 0.80812691047321905 40.49161161959637 29.088434168370441 339.21387405693531 9364.2625469770283 14.497132714837788 10.0217557111755 24.471461755689234 128.65353136509657 897.44854622043204 279.68884384492412 638.56677222065628 226.26142133399844 69.313599839806557 20.437092489330098 144.65951511077583 72.512314155697823 67.192296341061592 40.746081855148077 35.892927672713995 142.24802996590734 34.893395971506834 192.53217037394643 29.598348625004292 2006.8827774133533 1448.0638153925538 799.32482357136905 1111.7592434436083
leaf_count=35587 526955 3234 462 13342 678 1828 51120 216 387 714 773 16606 3934 4967 1334 417 625 1402 513 393 291 526 1259 489 1719 286 9479 6274 3743 4701
internal_value=-0.000223967 -0.015131 -0.00114495 -0.00663759 -0.000175658 -0.000737748 0.000405464 0.0202804 0.0284619 0.036735 -0.000498885 -0.000610649 -3.41832e-05 -0.00330718 7.5592e-05 -0.00556087 -0.00466924 0.00155847 -0.00306301 -0.0129772 -0.00207385 0.00570351 0.00417912 0.00642121 0.000846364 0.0052138 0.000297377 -0.00166835 0.000899896 0.000475553
internal_weight=30213.2 95.5796 46.2251 45.417 30117.6 15309.2 14808.4 78.0788 63.5817 53.5599 14970 14841.3 12229 2612.3 1045.28 1567.02 1497.71 600.261 819.017 180.451 113.258 455.602 435.165 399.272 257.024 222.131 14730.3 3454.95 11275.3 10476
internal_count=694254 52625 17038 16576 641629 564317 77312 1995 1779 1392 562489 561716 530889 30827 7498 23329 22912 6306 6164 1197 804 4904 4279 3753 2494 2005 75317 15753 59564 55821
is_linear=0
shrinkage=0.05


Tree=114
num_leaves=31
num_cat=0
split_feature=4 2 4 7 4 8 0 6 4 4 6 4 2 2 4 0 6 6 6 6 6 2 0 0 4 4 5 5 2 6
split_gain=8.25651 11.7991 9.35947 9.10246 8.33511 7.15991 6.67266 11.4801 6.62277 6.06912 5.80431 7.25769 15.2987 9.80268 5.8379 5.68914 5.17954 5.34752 5.1593 7.0788 4.98701 4.87705 4.5781 7.49738 4.94011 4.54541 4.4989 4.54299 4.2241 4.05993
threshold=34.500000000000007 4210.3950000000013 164.50000000000003 1.5000000000000002 197.50000000000003 1.0000000180025095e-35 57.500000000000007 4390.2250000000013 237.50000000000003 105.50000000000001 232.24500000000003 71.500000000000014 7049.3100000000004 4611.5500000000011 39.500000000000007 10.500000000000002 382.89500000000004 427.31500000000005 1351.7300000000002 723.65500000000009 787.13000000000011 5861.3050000000012 53.500000000000007 42.500000000000007 2582.5000000000005 40.500000000000007 18.500000000000004 13.500000000000002 5861.3050000000012 5778.7350000000015
decision_type=2 2 2 2 2 2 2 2 2 2 2 2 2 2 2 2 2 2 2 2 2 2 2 2 2 2 2 2 2 2
left_child=-1 3 6 -2 15 -5 9 -8 -6 10 11 13 -13 -3 20 -4 28 21 19 -11 -12 -18 23 -7 -24 -15 27 -22 -16 -19
right_child=1 2 4 5 8 22 7 -9 -10 18 14 12 -14 25 16 -17 17 29 -20 -21 26 -23 24 -25 -26 -27 -28 -29 -30 -31
leaf_value=0.00033059291603352214 0.00098863165653147113 0.056849250095115635 0.069609345508083717 -0.024200244461469098 -0.023678083404885805 -0.0058626225624752761 0.035224214157102834 -0.02218319754978652 0.017858985195723768 -0.016126644976037025 -0.027294155484122274 0.00094284322478114602 0.094962008210964566 0.025897012943037669 -0.035455366882123605 0.013812152698225439 -0.0047657081303055029 0.0042026280017061863 -0.033580523040270767 0.027884501473776292 -0.0048487198497711688 0.057889121180532056 -0.0091750605605715029 0.0078478443966234282 -0.029769153511166692 -0.022372054394971089 -0.014794407339133793 0.014853394163770109 -0.00057382810470089636 -0.005222958047906439
leaf_weight=26946.575959553709 532.76579105632845 4.5198822547681656 9.6217840109020489 53.885371994576417 11.003944637253879 1108.2043956328416 29.849662224762142 10.430065875872968 35.543065027217381 31.23001758614555 24.934984180144966 9.6545322593301517 5.9007832016795865 4.5316131552681354 14.232798429206012 9.5615272405557317 4.5220681149512512 574.43993424531072 21.805350149050355 10.633850197307764 99.631341280415654 6.2632381981238723 220.07820135401562 107.82615712180268 32.415004515904002 19.116591461934149 66.760082338005304 39.094494553282857 18.796071035787463 140.67681533843279
leaf_count=286002 129669 338 710 34430 983 145297 798 144 3708 2337 909 817 416 280 794 526 223 11916 531 400 1689 256 39222 12542 14423 1242 696 508 884 1359
internal_value=4.30944e-05 -0.00233357 0.00159815 -0.00463386 0.0196551 -0.00660016 0.000521611 0.0200129 0.00746848 -0.000229365 0.000706212 0.0181229 0.0433637 0.00223342 -9.85097e-05 0.0457282 0.00202011 0.00291885 -0.0149689 -0.00418568 -0.00703388 0.0349831 -0.00592231 -0.00463602 -0.0120321 -0.0118243 -0.00433598 0.000835744 -0.0167711 0.00233904
internal_weight=30204.5 3257.93 1202.75 2055.17 65.7303 1522.41 1137.02 40.2797 46.547 1096.74 1033.08 43.7234 15.5553 28.1681 989.352 19.1833 758.931 725.902 63.6692 41.8639 230.421 10.7853 1468.52 1216.03 252.493 23.6482 205.486 138.726 33.0289 715.117
internal_count=694049 408047 32464 375583 5927 245914 26537 942 4691 25595 22327 3093 1233 1860 19234 1236 15432 13754 3268 2737 3802 479 211484 157839 53645 1522 2893 2197 1678 13275
is_linear=0
shrinkage=0.05


Tree=115
num_leaves=31
num_cat=0
split_feature=0 7 7 2 0 1 2 1 0 5 0 2 0 5 5 6 6 1 2 8 0 2 2 5 0 2 2 1 2 5
split_gain=6.84016 7.45092 11.124 9.24525 10.895 7.42981 10.4456 7.02382 10.1691 6.52921 6.29122 9.80572 7.74687 14.4402 5.98718 15.8052 11.959 8.57821 11.3346 12.2921 8.34991 7.68363 9.59687 7.30482 7.24873 6.54185 6.51433 5.8783 9.35997 6.76146
threshold=1.0000000180025095e-35 3.5000000000000004 1.5000000000000002 176.84000000000003 39.500000000000007 18.500000000000004 3521.6800000000007 6.5000000000000009 26.500000000000004 658.50000000000011 25.500000000000004 329.84000000000009 31.500000000000004 2.5000000000000004 12.500000000000002 307.38500000000005 4517.6950000000006 44.500000000000007 5177.7850000000008 2.5000000000000004 2.5000000000000004 3597.7800000000002 3291.5600000000004 6.5000000000000009 6.5000000000000009 234.215 754.29500000000007 294.50000000000006 177921.78000000003 658.50000000000011
decision_type=2 2 2 2 2 2 2 2 2 2 2 2 2 2 2 2 2 2 2 2 2 2 2 2 2 2 2 2 2 2
left_child=27 2 5 4 -3 -2 -7 8 -4 10 14 -12 13 -13 16 26 17 18 20 -20 21 22 25 -18 -19 -5 -16 29 -29 -1
right_child=1 3 7 9 -6 6 -8 -9 -10 -11 11 12 -14 -15 15 -17 23 24 19 -21 -22 -23 -24 -25 -26 -27 -28 28 -30 -31
leaf_value=0.0010393022904427853 0.0035633793625265888 0.0068873802301675545 0.0056542596589313895 0.044147331082106403 0.056261933156377987 -0.018924547248646856 0.016381511550038235 -0.016069579921139259 -0.013482427467190451 -0.01423012104456237 -0.025521192426077512 0.03611695338679987 0.0012515417195914571 0.0063491608110512803 0.010156756897045753 2.2830483716725319e-05 -0.026825918543802063 -0.0026063640848791492 0.012211541516140588 -9.6536867223877249e-05 -0.0037962258849671814 -0.0083564233267849584 0.03159597552936344 -0.0075665779500047577 -0.011987158525199687 0.0029566900164346775 0.052416088429741325 -0.027524687341449739 0.0044007934149419619 0.0096001144459646349
leaf_weight=10732.437280729297 421.54904286260717 46.635819725925103 132.02460776397493 7.8499115755548692 12.998525521717964 87.408740716753528 25.672912028850988 237.09012046339922 142.45076733187307 81.395483240485191 26.081085539772175 45.751956207910553 644.8139106919989 287.63035327009857 19.325803904794157 12458.116074239835 59.95576830022037 724.64153696177527 343.55325765185989 491.14963730284944 1580.6898845663527 120.64828083803877 31.161409345921129 255.17519369721413 286.60848555888515 488.64030853449367 17.574151744600385 43.672423491254449 45.210047049913555 233.75585353374481
leaf_count=107504 103137 2676 30104 259 1551 20013 3102 68601 60886 353 3268 3984 30994 7017 416 95240 794 21009 4437 10422 81151 2927 878 2094 9838 18765 487 203 205 1007
internal_value=0.000129271 -0.000444207 -0.00454232 -0.00020594 0.019126 0.000504202 -0.0107636 -0.00979781 -0.00430323 -0.000272213 -0.000207122 0.00363361 0.00446143 0.0106254 -0.000435961 0.000122195 -0.00202391 -0.00129539 2.35729e-05 0.00498639 -0.00183769 0.00293462 0.00553814 -0.0113769 -0.00528348 0.00378246 0.0319435 0.00111876 -0.0115463 0.0012235
internal_weight=30131.7 19076.6 1046.2 18030.4 59.6343 534.631 113.082 511.565 274.475 17970.8 17889.4 1004.28 978.196 333.382 16885.1 12495 4390.07 4074.94 3063.69 834.703 2228.99 648.3 527.652 315.131 1011.25 496.49 36.9 11055.1 88.8825 10966.2
internal_count=693322 584403 285843 298560 4227 126252 23115 159591 90990 294333 293980 45263 41995 11001 248717 96143 152574 149686 118839 14859 103980 22829 19902 2888 30847 19024 903 108919 408 108511
is_linear=0
shrinkage=0.05


Tree=116
num_leaves=31
num_cat=0
split_feature=2 4 0 0 3 4 2 4 3 4 3 4 3 4 0 5 3 5 2 5 5 4 0 2 2 5 0 2 0 3
split_gain=7.2437 7.40132 8.44898 6.31711 10.6615 7.2306 7.27788 7.06754 6.88128 12.7817 6.47367 6.20485 5.98502 5.37558 4.89896 11.6893 12.957 9.24465 7.29864 6.00036 5.82282 5.60767 4.72242 4.66694 4.6586 4.60294 4.22926 4.83344 4.00339 7.62789
threshold=358.63000000000005 24.500000000000004 274.50000000000006 75.500000000000014 43.500000000000007 87.500000000000014 1626.2000000000003 142.50000000000003 6.5000000000000009 2580.5000000000005 8.5000000000000018 341.50000000000006 115.50000000000001 1023.5000000000001 1.0000000180025095e-35 189.50000000000003 360.50000000000006 187.50000000000003 20116.000000000004 2981.0000000000005 1224.0000000000002 9.5000000000000018 21.500000000000004 273750.53000000009 409.91000000000003 6.5000000000000009 126.50000000000001 5861.3050000000012 55.500000000000007 95.500000000000014
decision_type=2 2 2 2 2 2 2 2 2 2 2 2 2 2 2 2 2 2 2 2 2 2 2 2 2 2 2 2 2 2
left_child=1 -1 12 8 5 6 -5 -7 9 -2 -10 25 -3 -4 19 17 18 28 -17 20 -12 23 -11 -18 -9 26 27 -6 -16 -30
right_child=3 2 13 4 11 7 -8 24 10 22 14 -13 -14 -15 15 16 21 -19 -20 -21 -22 -23 -24 -25 -26 -27 -28 -29 29 -31
leaf_value=0.0027065602852104327 0.006621824539699366 -0.011305958004693301 0.031826176964728912 0.06385824800814216 0.066057731804015724 -0.025051604462532198 -0.015054552368675256 0.042326902998873921 -0.017792086458704583 0.087346663067175215 0.00083604537336634413 -0.023243691639556762 0.04601582485965354 0.00022024716799637882 -0.0001712008436088832 -0.010098111742559751 -0.0043896045425782793 0.036471694830373207 -0.039017876644563756 -0.017606990884977591 0.01414232061286208 -0.020320195587845574 0.0047725620941175672 0.0081388112565815973 0.00042172084468519369 0.0075650851207199879 0.0081497925886672793 0.0020751049053001638 -0.015968534411979887 0.016934017166152723
leaf_weight=233.77995224064216 59.097442173399031 454.17360227147583 13.843589338473974 6.2976798401214165 18.132313267095022 25.176569940522313 3.519036368932575 5.5679241599282241 49.055331569397822 5.6302016086410713 10825.379694733652 3.5118728816742069 2.6713906353106713 89.361340171424672 17210.175716980244 47.914818288758397 621.2930269613862 15.172626592218874 41.239399179816246 41.800760321319103 80.855870395898819 47.565880987793207 2.5525762217584997 82.535829126834869 53.981302481843159 11.223236167803405 6.5167364291846743 3.6139854080975047 88.850243789493106 20.115367927821353
leaf_count=10582 2532 150242 2802 496 1777 2316 135 1519 3332 950 97708 835 411 36961 355377 308 2767 70 179 174 365 275 646 357 9784 284 626 117 9461 752
internal_value=-4.28559e-05 -0.00474977 -0.00786079 8.46506e-05 0.0106978 0.00113843 0.0378099 -0.00388444 3.39983e-05 0.0157733 -3.38058e-06 0.0307318 -0.0107717 0.00498421 2.78029e-05 -0.000475495 -0.00622674 -0.000195928 -0.0240379 0.000863262 0.000937269 -0.00405521 0.0675847 -0.00290154 0.00558797 0.0364214 0.046623 0.0564949 -0.000232258 -0.00969889
internal_weight=30170.6 793.83 560.05 29376.8 137.541 94.5425 9.81672 84.7258 29239.2 67.2802 29172 42.9981 456.845 103.205 29122.9 18174.9 840.549 17334.3 89.1542 10948 10906.2 751.395 8.18278 703.829 59.5492 39.4863 28.263 21.7463 17319.1 108.966
internal_count=694140 200998 190416 493142 17889 14250 631 13619 475253 4128 471125 3639 150653 39763 467793 369546 3886 365660 487 98247 98073 3399 1596 3124 11303 2804 2520 1894 365590 10213
is_linear=0
shrinkage=0.05


Tree=117
num_leaves=31
num_cat=0
split_feature=4 5 1 2 6 5 1 6 5 5 1 2 2 1 1 0 2 2 1 2 0 6 1 1 5 1 6 6 0 1
split_gain=8.99431 7.72208 15.1649 25.1558 16.9314 15.6295 11.6004 8.08818 6.49371 7.7137 10.9472 11.8773 5.58066 10.487 8.52285 11.5186 8.23947 6.80572 10.2521 9.15092 10.0003 5.46171 9.601 5.39022 7.03393 16.034 13.274 10.9611 7.62703 7.46608
threshold=516.50000000000011 522.50000000000011 207.50000000000003 55344.990000000013 41902.980000000003 911.50000000000011 247.50000000000003 22815.745000000006 368.50000000000006 314.50000000000006 221.50000000000003 22017.785000000003 1145.2600000000002 22.500000000000004 1.5000000000000002 2.5000000000000004 14.120000000000003 65.910000000000011 4.5000000000000009 234.215 76.500000000000014 17616.980000000003 126.50000000000001 214.50000000000003 242.50000000000003 198.50000000000003 13942.755000000003 83079.150000000009 1.0000000180025095e-35 102.50000000000001
decision_type=2 2 2 2 2 2 2 2 2 2 2 2 2 2 2 2 2 2 2 2 2 2 2 2 2 2 2 2 2 2
left_child=1 8 3 7 -4 -5 -6 -3 9 23 11 -11 14 -14 15 16 -2 -16 19 -19 -21 22 -10 24 -1 26 28 29 -26 -28
right_child=12 2 4 5 6 -7 -8 -9 21 10 -12 -13 13 -15 17 -17 -18 18 -20 20 -22 -23 -24 -25 25 -27 27 -29 -30 -31
leaf_value=0.00010954777005277717 -0.0086372838740332771 -0.011041976412144194 -0.013662961826141011 -0.04356477267626005 0.029988519548044764 -0.010111830884947132 0.0027045920237119582 0.011744990109107064 0.015477058726236739 0.0066682837943850383 0.0086728744470732696 -0.021956944980699708 0.025831170928007071 -0.015946009377523045 -0.028272134630300195 -0.0024164459410658582 0.089176228007442099 -0.007533271932143603 -0.016250192768393311 0.05055763065311162 -0.016341654454212748 0.0096534018005254713 -0.014338138112213104 -0.0048230749422063556 0.024803569649282223 0.033688576088809402 0.0075399190943415025 0.012934961505010407 0.0006299109250357274 -0.015076713641397741
leaf_weight=27493.059878910892 2.8242929786210871 74.131563022732735 96.819652959704399 76.809137046337128 58.303689628839493 65.468431547284126 111.34245330095291 77.725016869604588 41.2740563377738 47.551263157278299 66.365911841392517 140.41854481399059 32.003617206588387 25.111905291909352 62.109961382928304 128.98318196332548 4.1014522630721331 37.918401999981143 157.41691761976108 16.358232287457216 6.8793437174754208 311.03185653686523 69.962828584015369 540.01325697824359 84.381849899888039 46.118663787841797 46.96736803650856 72.807329386472702 52.607845615595579 146.83356229960918
leaf_count=486252 964 343 406 324 262 285 497 318 215 254 293 591 7750 6745 30749 54213 1240 16988 72565 4191 2482 1337 323 2492 435 200 200 317 314 608
internal_value=-9.26946e-05 1.64802e-05 -0.00578566 -0.0135743 0.00284876 -0.0285251 0.0123216 0.000622181 0.000128418 3.77559e-05 -0.00859703 -0.0147216 -0.0069135 0.007545 -0.00892237 0.00134815 0.0562906 -0.0138698 -0.00955796 0.00763711 0.031027 0.00626906 -0.00319735 0.000115458 0.000211237 0.00639991 0.00313092 -0.00337697 0.0156629 -0.00957458
internal_weight=30193.7 29720 560.6 294.134 266.466 142.278 169.646 151.857 29159.4 28737.1 254.336 187.97 473.707 57.1155 416.592 135.909 6.92575 280.683 218.573 61.156 23.2376 422.269 111.237 28482.8 27942.8 449.717 403.598 266.608 136.99 193.801
internal_count=694153 496266 2435 1270 1165 609 759 661 493831 491956 1138 845 197887 14495 183392 56417 2204 126975 96226 23661 6673 1875 538 490818 488326 2074 1874 1125 749 808
is_linear=0
shrinkage=0.05


Tree=118
num_leaves=31
num_cat=0
split_feature=8 6 1 3 1 5 2 2 5 6 3 2 6 2 1 6 3 1 8 8 2 5 1 5 2 6 2 5 3 1
split_gain=9.65953 5.9482 3.48269 13.8981 12.8707 11.6623 12.9888 11.2964 11.4654 11.1272 9.96832 11.6558 10.5705 9.08438 8.78918 8.64951 8.2322 8.79566 9.77629 8.22008 8.41994 8.01669 10.5304 16.2637 14.3628 16.0949 10.0371 9.59534 13.8625 10.9885
threshold=1.0000000180025095e-35 2978.5900000000006 91.500000000000014 185.50000000000003 56.500000000000007 57.500000000000007 11687.245000000001 109266.49000000001 19.500000000000004 1817.5700000000004 942.50000000000011 50481.130000000012 12547.26 7871.4500000000016 118.50000000000001 131.29000000000005 587.50000000000011 136.50000000000003 3.5000000000000004 3.5000000000000004 8550.9500000000025 70.500000000000014 74.500000000000014 305.50000000000006 8086.4300000000012 3492.9750000000004 12505.535000000002 37.500000000000007 224.50000000000003 69.500000000000014
decision_type=2 2 2 2 2 2 2 2 2 2 2 2 2 2 2 2 2 2 2 2 2 2 2 2 2 2 2 2 2 2
left_child=1 -1 3 4 -2 6 9 8 19 13 12 -12 -8 15 -15 -4 17 18 -14 -6 -21 27 24 26 25 -23 -24 29 -29 -5
right_child=2 -3 5 21 7 -7 10 -9 -10 -11 11 -13 16 14 -16 -17 -18 -19 -20 20 -22 22 23 -25 -26 -27 -28 28 -30 -31
leaf_value=-0.019509413435389332 0.00022686794746100099 0.025988108707257169 0.035221742628061402 0.0042687852658800859 -0.0051558176091324589 0.0003895581778947022 -0.00079703357288260469 -0.029369145096069044 -0.00090440371034236503 -0.01959604111769378 -0.0034928810974913984 0.028682862514430904 0.016279536722393323 0.018000217718877054 -0.016374666753204262 -0.017193365255952307 -0.018528651246848136 -0.023524156751953827 -0.0054865170105096069 -0.028656569722684003 -0.0081983489545604162 -0.010597272598551383 -0.011263595358764547 0.030502393380403878 -0.011386082134895165 0.026156405698856428 0.0044868218279701657 0.015060615252225585 0.0039085055254382368 -0.0013424160226405359
leaf_weight=85.998439804185182 10773.14393828006 6.1104329125955692 6.7231008750386527 1953.5474790908629 499.8187517223414 7697.6316521465778 2054.4647095908877 40.97089106310159 1443.4976742453873 207.02192084863782 55.537647100631148 54.275079856161028 56.632052503526211 65.497136842692271 23.903361554723233 93.422346884384751 143.58778409659863 55.945510439574718 429.90468861907721 87.310603612102568 120.53641674458049 55.763851782307029 133.11751460656524 47.461900174617767 387.97949509322643 59.958207152783871 400.38764012604952 359.17156857438385 1230.5310524720699 1574.0492061189143
leaf_count=52680 494249 82 829 25383 11512 35536 15433 197 10876 2300 451 295 330 1400 524 2383 638 264 1856 3717 1439 548 985 215 1787 394 1757 2158 6973 17117
internal_value=-9.05827e-06 -0.016003 4.09251e-05 0.000447241 -0.000483989 -0.00067061 -0.0031827 -0.00397448 -0.00346399 -0.0116381 -0.00199896 0.0126386 -0.00259427 -0.00283266 0.00865208 -0.0130538 -0.00795822 -0.00510259 -0.00289671 -0.00866777 -0.0169835 0.00239351 -0.00150886 0.00307434 -0.00678636 0.00856649 0.000529468 0.00322093 0.00644393 0.00176567
internal_weight=30203.9 92.1089 30111.8 19167.2 12965.3 10944.5 3246.92 2192.13 2151.16 396.568 2850.35 109.813 2740.53 189.546 89.4005 100.145 686.07 542.482 486.537 707.666 207.847 6201.97 1084.67 580.967 503.702 115.722 533.505 5117.3 1589.7 3527.6
internal_count=694308 52762 641546 579307 521990 62239 26703 27741 27544 7436 19267 746 18521 5136 1924 3212 3088 2450 2186 16668 5156 57317 5686 2957 2729 942 2742 51631 9131 42500
is_linear=0
shrinkage=0.05


Tree=119
num_leaves=31
num_cat=0
split_feature=8 5 5 3 2 5 6 2 2 4 6 3 2 3 5 5 4 2 2 5 3 5 3 5 2 3 2 2 6 5
split_gain=7.54277 12.8524 6.99954 6.47331 8.08589 6.02069 7.35122 7.97357 16.0361 7.68717 7.46918 6.09673 11.6841 11.5752 11.5096 10.8443 13.4675 6.72879 6.37584 9.17592 15.7869 12.548 7.0873 6.54213 7.82727 6.71592 6.60674 9.635 8.4847 6.09994
threshold=4.5000000000000009 73.500000000000014 2981.0000000000005 57.500000000000007 24366.085000000003 27.500000000000004 11949.950000000003 4407.0950000000003 2114.1050000000005 4.5000000000000009 408.54500000000007 224.50000000000003 78811.665000000023 195.50000000000003 132.50000000000003 35.500000000000007 6.5000000000000009 55344.990000000013 6864.7800000000007 77.500000000000014 153.50000000000003 65.500000000000014 69.500000000000014 38.500000000000007 1836.7900000000002 78.500000000000014 5861.3050000000012 3291.5600000000004 1061.5100000000002 89.500000000000014
decision_type=2 2 2 2 2 2 2 2 2 2 2 2 2 2 2 2 2 2 2 2 2 2 2 2 2 2 2 2 2 2
left_child=1 -1 3 4 -2 6 7 8 9 10 -5 12 13 14 18 16 -15 -13 19 21 -21 23 -20 26 25 -25 27 28 -7 -19
right_child=2 -3 -4 5 -6 11 -8 -9 -10 -11 -12 17 -14 15 -16 -17 -18 29 22 20 -22 -23 -24 24 -26 -27 -28 -29 -30 -31
leaf_value=-0.00074624675213533752 0.007277350339225868 -0.014719717568682709 -0.018058141159809988 0.025264321706125359 -0.018754965608251919 0.014772349380646475 -0.0099895960397039796 0.00027238231746713873 -0.014662972947911282 0.033836449199088452 -0.013900127745591215 -0.00049010053215474707 -0.0096816733884591555 -0.012860631781603236 -0.016299015638624369 0.012650135566862548 0.02048364899073804 -0.00058854329761521889 0.020395520918736556 -0.022782571202071632 0.014304433419430749 0.021500754376130617 0.0035733309244628969 -0.0072795408826633462 -0.010524555025688737 0.032146225097842068 -0.013654594622276049 0.020119658891084195 -0.024595571742584133 0.0033441966136184931
leaf_weight=11595.031720842235 554.51395177468657 164.93463463708758 47.723672442138195 17.02600091136992 29.632861837744713 23.514463761821389 236.95478843897581 2157.5214291848242 234.24320261180401 24.097468324005604 31.803144346922636 7469.6700468081981 173.47004625946283 99.315751671791077 81.380748905241489 529.81301629170775 41.222380869090557 1507.452203027904 63.285995975136757 103.45399545505643 37.864254742860794 66.195818781852722 1605.7221302725375 19.928249157965183 212.97378845140338 20.123963005840778 33.431684140115976 90.84501838311553 27.782328359782696 2845.470501318574
leaf_count=580936 5691 1295 199 275 158 367 1201 19465 4128 555 493 40711 726 688 449 2990 311 6382 302 824 328 550 8509 194 1991 220 327 1069 354 12022
internal_value=4.41364e-05 -0.000944696 0.000676627 0.000727346 0.00589728 0.000556603 -0.00161597 -0.000803488 -0.00831314 0.0119298 0.000212693 0.000946693 0.00287104 0.00358924 0.00195482 0.00938479 -0.00292997 0.000420501 0.00261283 -0.00164288 -0.0127847 0.00157798 0.00423485 -0.0015846 -0.00670884 0.0131164 0.00579253 0.0104925 -0.00667216 0.00198261
internal_weight=30146.4 11760 18386.4 18338.7 584.147 17754.6 2701.65 2464.69 307.17 72.9266 48.8291 15052.9 3230.32 3056.85 2386.5 670.351 140.538 11822.6 2305.12 636.114 141.318 494.795 1669.01 428.599 253.026 40.0522 175.573 142.142 51.2968 4352.92
internal_count=693710 582231 111479 111280 5849 105431 26117 24916 5451 1323 768 79314 20199 19473 15484 3989 999 59115 15035 6224 1152 5072 8811 4522 2405 414 2117 1790 721 18404
is_linear=0
shrinkage=0.05


Tree=120
num_leaves=31
num_cat=0
split_feature=4 1 3 1 6 3 1 1 2 4 0 3 6 1 0 2 0 3 0 6 2 4 0 5 2 5 3 3 3 6
split_gain=6.46746 15.9341 12.5095 11.9157 10.4659 9.732 12.4755 11.8591 8.92437 10.7335 8.80777 9.09175 8.32188 7.87617 7.44329 7.22902 7.09887 6.7802 6.92514 6.69983 8.81325 10.9768 6.32793 6.2803 6.27092 6.0955 5.9768 5.82997 7.72889 5.71587
threshold=15.500000000000002 158.50000000000003 242.50000000000003 61.500000000000007 36582.685000000005 45.500000000000007 15.500000000000002 24.500000000000004 465.78000000000003 192.50000000000003 3.5000000000000004 515.50000000000011 1351.7300000000002 57.500000000000007 20.500000000000004 4611.5500000000011 25.500000000000004 2.5000000000000004 51.500000000000007 1581.8900000000001 7652.3150000000014 21.500000000000004 5.5000000000000009 12.500000000000002 109266.49000000001 3.5000000000000004 212.50000000000003 215.50000000000003 187.50000000000003 22815.745000000006
decision_type=2 2 2 2 2 2 2 2 2 2 2 2 2 2 2 2 2 2 2 2 2 2 2 2 2 2 2 2 2 2
left_child=-1 2 3 4 5 6 8 26 17 -10 11 25 -12 -14 15 -9 24 18 -2 20 23 -22 27 -5 -15 -4 -7 28 -23 -17
right_child=1 -3 10 19 -6 7 -8 14 9 -11 12 -13 13 16 -16 29 -18 -19 -20 -21 21 22 -24 -25 -26 -27 -28 -29 -30 -31
leaf_value=0.00044886468409985564 0.025666832980340771 -0.030147808540148681 -0.017980707643856803 -0.018944788207956975 -0.031183123042285699 0.005875456969555496 -0.010717971652452281 -0.007052214097159947 -0.00094212156756871195 0.014128332847879843 -0.014765331023950092 -0.0061763717564495627 0.0160907467776116 -0.0046355225946639262 0.0041283836740434905 -0.00073525163643079709 0.019468356869970112 -0.008381671126432606 -0.0016823363819422677 -0.013176226191016681 0.044918766054044934 0.003752282108961474 -0.020688201350472123 0.0072663061591454678 0.019539824181936092 0.014811294492283309 0.050028182847321558 -0.022211867580365571 0.053043740989181368 0.027074483268750438
leaf_weight=23951.348927512299 27.671938448562287 45.712529905256815 13.208507077768443 71.361562626902014 27.108075372874737 682.75830917747226 498.88492587476503 612.2704933375353 473.07070699334145 155.38232152443379 78.912863994948566 71.565995077369735 85.970064461231232 328.80427638022229 515.52496362675447 1056.4617801726563 38.212211284786463 482.76810732763261 104.28316949214786 351.97880469635129 16.499780473299325 23.154821974574588 20.323906430974603 31.909609994851053 27.220304284244776 310.09306923439726 5.7941754523199043 8.1588201700942573 10.389746769797055 16.805327262729406
leaf_count=217847 10293 786 1191 5652 208 47923 48860 49021 31490 34315 3023 878 815 2844 17684 20526 332 146537 42385 3701 389 816 619 999 143 4176 190 263 339 110
internal_value=7.64591e-05 -0.00136367 -0.00113986 -0.00210688 -0.00129418 -0.00110586 -0.00405541 0.000673907 -0.00136881 0.00281698 0.00411705 0.00981353 7.33772e-05 0.00256296 -0.00111868 -0.00272649 -0.000453328 -0.00564335 0.00435057 -0.00916881 -0.00135113 0.0111153 0.00100111 -0.0108617 -0.00268834 0.0133693 0.00639082 0.0120343 0.0211449 -0.000250255
internal_weight=30143.6 6192.26 6146.55 5192.56 4658.78 4631.68 1742.06 2889.62 1243.18 628.453 953.987 394.868 559.12 480.207 2201.06 1685.54 394.237 614.723 131.955 533.777 181.798 78.5271 62.0273 103.271 356.025 323.302 688.552 41.7034 33.5446 1073.27
internal_count=694355 476508 475722 462320 449542 449334 313880 135454 265020 65805 13402 6245 7157 4134 87341 69657 3319 199215 52678 12778 9077 2426 2037 6651 2987 5367 48113 1418 1155 20636
is_linear=0
shrinkage=0.05


Tree=121
num_leaves=31
num_cat=0
split_feature=2 1 5 2 3 1 2 3 3 6 5 4 1 3 4 3 5 2 4 3 2 1 2 4 7 5 6 2 1 4
split_gain=5.86383 8.6273 10.1454 9.91559 9.58047 9.28197 8.72251 8.61464 8.44689 11.9618 9.66479 8.26849 8.22296 7.57254 7.48144 7.53755 7.20108 7.09041 6.58141 6.60032 6.56617 21.3529 6.55117 6.40074 5.34222 5.33295 15.7489 16.3873 9.62953 8.72051
threshold=1353.325 4.5000000000000009 4.5000000000000009 320.53500000000003 84.500000000000014 45.500000000000007 132.60500000000005 44.500000000000007 26.500000000000004 5071.4100000000008 5.5000000000000009 156.50000000000003 10.500000000000002 18.500000000000004 600.50000000000011 2.5000000000000004 15.500000000000002 591.47000000000014 2580.5000000000005 21.500000000000004 1626.2000000000003 12.500000000000002 2030.5500000000002 418.50000000000006 2.5000000000000004 65.500000000000014 41902.980000000003 136133.35500000001 58.500000000000007 3.5000000000000004
decision_type=2 2 2 2 2 2 2 2 2 2 2 2 2 2 2 2 2 2 2 2 2 2 2 2 2 2 2 2 2 2
left_child=1 6 4 7 -3 17 14 16 9 10 11 13 24 -2 23 -16 -4 -6 19 -8 21 -15 -22 -1 -13 26 -10 28 -28 -27
right_child=8 2 3 -5 5 -7 18 -9 25 -11 -12 12 -14 20 15 -17 -18 -19 -20 -21 22 -23 -24 -25 -26 29 27 -29 -30 -31
leaf_value=0.0029899717138223095 -0.010605052724647615 -0.0075548622173376816 0.020588734498347069 -0.00065207800543637525 0.046152281883645556 -0.035158221986233106 0.0037672958048096173 0.06437880554116239 -7.83427132665401e-05 -0.01429865458308314 0.017791859314091597 0.017863917650833044 -0.0054897873328704373 0.087403799986654165 0.00012418053594313494 -0.020156429655642988 -0.028250683700487209 0.0077936991020092885 0.032307920124216176 0.03244630235568105 -0.022452094447473481 -0.013993722654063219 0.0097150713374628168 0.035332068751678818 0.065625033465183016 0.0019729673116412319 -0.0064218236291429115 0.0010935616888414768 -0.02830273681366868 -0.0019462305766955311
leaf_weight=86.553382647689432 104.36344489315525 1172.6647439737571 38.008726664120331 638.29459399497136 14.002800130750982 7.8940410838695234 155.33595207729377 7.7436930742114773 17937.956591047463 57.927911346778274 195.33618429582566 16.261424380471002 15.781740018748676 7.7240152829326716 117.39465745852794 73.113750978838652 7.4704717993736258 53.519169983803295 30.125740567687899 21.173540998599492 18.697653057519346 10.139777626143767 65.446253603324294 16.705117509700358 9.62323795550037 7160.3098549358547 85.47937111929059 174.06497722864151 125.4160867780447 1768.4170916639268
leaf_count=9205 3479 199504 1118 17336 1756 1692 13658 185 280412 559 2604 1688 2473 383 49332 36784 110 5883 10650 1930 1012 662 2145 3744 1349 33048 464 817 563 9439
internal_value=0.000106522 -0.00224245 -0.0037521 0.00110444 -0.0064404 0.0106362 0.00360071 0.0214308 0.000313187 0.00673165 0.00953119 0.00293541 0.0227035 -0.00123537 -0.00193915 -0.0077877 0.0117142 0.0168474 0.0114197 0.00753252 0.00837029 0.0342349 0.00221187 0.00879418 0.0390536 0.000194632 -0.00029364 -0.0102736 -0.0195777 0.00119647
internal_weight=30192.9 2440 1939.6 691.517 1248.08 75.416 500.402 53.2229 27752.9 501.302 443.374 248.038 41.6664 206.371 293.767 190.508 45.4792 67.522 206.635 176.509 102.008 17.8638 84.1439 103.259 25.8847 27251.6 18322.9 384.96 210.895 8928.73
internal_count=693984 352887 227584 18749 208835 9331 125303 1413 341097 16354 15795 13191 5510 7681 99065 86116 1228 7639 26238 15588 4202 1045 3157 12949 3037 324743 282256 1844 1027 42487
is_linear=0
shrinkage=0.05


Tree=122
num_leaves=31
num_cat=0
split_feature=8 0 1 7 1 0 3 3 1 1 6 3 5 3 6 5 3 3 6 1 5 1 5 5 3 3 5 1 1 3
split_gain=6.77617 4.53743 5.81022 4.16692 4.05394 9.12687 6.78311 4.81154 12.3934 11.7856 14.3349 8.47255 6.04209 11.3278 6.8429 6.02622 12.3575 7.84627 8.98766 9.30582 8.16054 7.01228 6.69683 6.27898 6.14411 6.02831 6.16358 7.72387 7.07767 5.84935
threshold=1.0000000180025095e-35 38.500000000000007 8.5000000000000018 1.5000000000000002 2.5000000000000004 55.500000000000007 11.500000000000002 171.50000000000003 28.500000000000004 57.500000000000007 22815.745000000006 432.50000000000006 4.5000000000000009 185.50000000000003 6199.9850000000015 54.500000000000007 143.50000000000003 133.50000000000003 2376.7500000000005 75.500000000000014 43.500000000000007 78.500000000000014 49.500000000000007 22.500000000000004 145.50000000000003 167.50000000000003 30.500000000000004 62.500000000000007 79.500000000000014 212.50000000000003
decision_type=2 2 2 2 2 2 2 2 2 2 2 2 2 2 2 2 2 2 2 2 2 2 2 2 2 2 2 2 2 2
left_child=1 -1 3 -3 5 6 -2 9 11 -6 15 12 13 -9 29 17 -17 18 19 23 -20 -18 24 -11 -19 26 27 -26 -29 -14
right_child=4 2 -4 -5 7 -7 -8 8 -10 10 -12 -13 14 -15 -16 16 21 22 20 -21 -22 -23 -24 -25 25 -27 -28 28 -30 -31
leaf_value=-0.025994608147891143 0.011716381981736725 0.0055859679689960196 0.026069093075951563 -0.02568741325239628 -7.7480488379447042e-05 -0.0025322645282142694 0.049356190797750749 0.094535248834432484 0.00046539383324242209 -0.0026621953551077718 -0.020256354242627769 -0.022361849423184685 -0.0096295138886182078 0.01913947126243724 0.033186563935095885 0.017028935606682304 -0.014361552790767366 0.0065649039835529227 -0.018250851105136922 -0.031418277067176703 0.007135347671349085 0.0084990759459966977 -0.023264615424405621 0.019321092547877866 -0.021275914986043615 0.0080247087441869484 0.0032612318371652068 0.00031436263899447137 -0.02037971919353283 0.017584775937894828
leaf_weight=38.566858594655059 111.85351232124958 17.763510953751393 10.903456784551961 22.535809196764603 10323.959388365154 138.58108181855641 11.823804309009573 5.2049834176432368 17628.215427534189 155.05991260684095 132.3763570189476 12.025171005399896 35.549756566993892 21.19951772945933 28.175902422517538 102.34602103196084 86.008230909705162 216.91561488388106 254.69327948987484 21.463084324612282 35.033557765185833 52.52550607547164 31.838893670588732 38.975010450929403 94.484303401317447 95.277444625040516 135.50291290134192 181.33987270656507 51.487596111837775 39.917016942054033
leaf_count=20385 16192 11256 3798 17096 429507 44923 1271 275 125078 5292 591 186 523 906 162 678 562 3222 1937 664 215 315 212 627 1554 1265 967 3013 973 555
internal_value=7.56489e-05 -0.0134903 -0.00344872 -0.0122901 0.000117081 0.00628269 0.016043 6.23648e-05 0.000584813 -0.000710677 -0.00458481 0.0151901 0.0189485 0.0396117 0.013034 -0.00322461 0.00402003 -0.00455873 -0.00943218 -0.00167179 -0.0151533 -0.00569627 -0.00149133 0.00190557 -0.000539257 -0.00331404 -0.00567278 -0.00936869 -0.00439653 0.00484744
internal_weight=30131.6 89.7696 51.2028 40.2993 30041.8 262.258 123.677 29779.6 17770.3 12009.3 1685.33 142.072 130.047 26.4045 103.643 1552.95 240.88 1312.07 505.225 215.498 289.727 138.534 806.847 194.035 775.008 558.092 462.815 327.312 232.827 75.4668
internal_count=694200 52535 32150 28352 641665 62386 17463 579279 127685 451594 22087 2607 2421 1181 1240 21496 1555 19941 8735 6583 2152 877 11206 5919 10994 7772 6507 5540 3986 1078
is_linear=0
shrinkage=0.05


Tree=123
num_leaves=31
num_cat=0
split_feature=4 3 2 0 0 2 5 2 2 4 0 4 0 3 2 4 2 2 2 0 2 4 2 0 3 2 3 0 5 0
split_gain=6.2589 6.78818 8.56575 8.10932 6.54717 7.86826 5.83766 5.31031 5.27703 5.1745 4.43747 4.40018 7.0759 6.82257 6.95145 7.12292 7.31023 6.04446 5.36682 8.74722 9.13683 9.11237 8.72423 7.55249 6.61389 6.32832 5.23709 5.10682 5.00607 4.74233
threshold=516.50000000000011 2.5000000000000004 1193.8700000000001 577.50000000000011 25.500000000000004 52.810000000000009 1.5000000000000002 61.025000000000013 52.810000000000009 817.50000000000011 145.50000000000003 34.500000000000007 23.500000000000004 16.500000000000004 358.63000000000005 43.500000000000007 804.30500000000006 388.41000000000003 4115.4500000000016 25.500000000000004 4407.0950000000003 101.50000000000001 3846.1350000000007 6.5000000000000009 34.500000000000007 11309.090000000002 36.500000000000007 4.5000000000000009 24.500000000000004 8.5000000000000018
decision_type=2 2 2 2 2 2 2 2 2 2 2 2 2 2 2 2 2 2 2 2 2 2 2 2 2 2 2 2 2 2
left_child=7 4 3 -3 5 -2 -4 8 -1 -5 11 12 -9 -13 -15 16 -16 -14 22 23 -21 26 27 -20 -25 -26 -22 -17 -28 -24
right_child=1 2 6 9 -6 -7 -8 10 -10 -11 -12 13 17 14 15 18 -18 -19 19 20 21 -23 29 24 25 -27 28 -29 -30 -31
leaf_value=0.0076017767063327555 0.0039761306663708513 -0.01380084499176623 0.018614166912694918 0.088449606396013375 -0.00098918466073054053 0.064464878398763706 -0.015790748847471982 0.00025298640327823158 0.045587407529151788 -0.0046857972793654563 0.015132458274051476 -0.010548024042878516 -0.024146787568329456 -0.015392523967044512 0.021729085450161612 0.0055064399978077654 -0.0063696292856980337 0.0081340303500374873 0.0056136645968220544 0.052173879057325102 -0.012842207882519142 -0.014058811843452946 -0.041140405459717366 0.03007474533063216 -0.014048334424017931 0.0032461288185014711 0.02140139925774763 -0.0026403470430217532 -0.0045345614800647582 -0.0071192875503492542
leaf_weight=52.644338148180395 13.711919351480903 282.90203324268805 39.40905811463017 1.2475385549478226 103.82116601394955 7.1580949091585344 15.800245585967785 26476.614365771413 9.3960119823459518 2.4077105538453907 47.570272153010592 202.54596791928634 13.165445249527691 79.653188235359266 22.184868428157642 262.50098194763996 578.20388868520968 385.04843446006998 352.31424599746242 11.98250018712133 14.144003033637999 31.193062121514231 18.218237358145416 10.206382863689212 143.54107016138732 82.089828215539455 124.76724425517023 703.36470739147626 21.070462642237544 22.854028827510774
leaf_count=6781 5401 131528 12619 211 43946 2098 1066 273514 1155 1268 7092 27799 1411 15885 2015 30387 16880 9298 11674 472 291 1391 1149 360 5448 1382 2458 77949 233 1095
internal_value=0.000125691 -0.00560864 -0.00923761 -0.0127022 0.00432683 0.028546 0.00856007 0.00021623 0.0145987 0.0471403 0.000185104 0.000160024 0.00035275 -0.00177084 -0.00104557 -0.000556711 -0.00526266 0.00695145 0.00101859 0.00409473 0.0129848 0.0100137 -0.00140215 0.000990359 -0.00590546 -0.00778296 0.014823 -0.000419427 0.0176436 -0.0234195
internal_weight=30131.7 466.458 341.767 286.557 124.691 20.87 55.2093 29665.3 62.0404 3.65525 29603.2 29555.7 26874.8 2680.83 2478.29 2398.64 600.389 398.214 1798.25 791.309 203.157 191.175 1006.94 588.152 235.837 225.631 159.982 965.866 145.838 41.0723
internal_count=694256 198137 146692 133007 51445 7499 13685 496119 7936 1479 488183 481091 284223 196868 169069 153184 18895 10709 134289 23709 4845 4373 110580 18864 7190 6830 2982 108336 2691 2244
is_linear=0
shrinkage=0.05


Tree=124
num_leaves=31
num_cat=0
split_feature=8 5 1 3 1 3 6 3 6 2 6 3 6 6 5 2 1 3 3 3 2 6 1 1 3 1 3 6 6 3
split_gain=5.62237 4.60099 11.5259 13.3505 19.9743 10.6718 10.3571 9.15484 7.97536 8.41767 19.5464 12.9324 12.5049 10.3033 7.62861 7.05829 11.7641 11.4061 9.55012 7.01581 6.25573 6.22672 8.48242 6.11204 6.08995 9.12111 8.45739 8.04195 12.1524 11.093
threshold=1.0000000180025095e-35 19.500000000000004 52.500000000000007 233.50000000000003 50.500000000000007 261.50000000000006 2376.7500000000005 616.50000000000011 13942.755000000003 10575.630000000001 3692.4500000000003 79.500000000000014 874.62000000000012 695.0200000000001 13.500000000000002 3447.6850000000004 34.500000000000007 25.500000000000004 215.50000000000003 345.50000000000006 11309.090000000002 4517.6950000000006 39.500000000000007 29.500000000000004 440.50000000000006 64.500000000000014 185.50000000000003 2899.4400000000005 954.42000000000019 331.50000000000006
decision_type=2 2 2 2 2 2 2 2 2 2 2 2 2 2 2 2 2 2 2 2 2 2 2 2 2 2 2 2 2 2
left_child=-1 2 3 8 5 21 -6 24 9 10 15 14 13 -11 -12 16 18 -17 -2 23 -14 22 -5 -7 26 -26 -4 28 -28 -30
right_child=1 -3 7 4 6 19 -8 -9 -10 12 11 -13 20 -15 -16 17 -18 -19 -20 -21 -22 -23 -24 -25 25 -27 27 -29 29 -31
leaf_value=-0.012244270291745334 -0.00028722207540567087 0.00072434394334688413 -0.007002934102476422 0.0094398598838053415 0.078867548914612867 0.013853101600074004 0.015323850278445626 0.016692549271790216 -0.012607929342532418 0.013555417030128351 -0.011229597270461938 -0.024004507948516066 0.014227708781395263 0.060690523355618975 0.0080467078954801468 0.019394647163301082 -0.0086907793020167285 0.0016186545312354653 0.056604324651930993 0.012000306670594619 0.0015330476908651022 -0.007470039862479164 0.048853608054568155 -0.015980450703499415 0.0211308926513522 -0.021957340701878991 -0.0065160686196781255 -0.0064086030062256959 0.0097245352564321944 -0.0089474550112404166
leaf_weight=88.094486698857509 3725.8896943532163 19375.095580205321 988.55421307613142 27.900325486902148 13.553162964060904 20.565068392315879 12.940679676830767 52.163993423106149 122.40317469835281 49.886811476899311 141.35837685503066 134.47895210050046 106.370699968189 13.873713426291941 78.196032494306564 92.127062612213194 452.99276185780764 2204.9004114039708 5.3911932047922155 62.97524838661775 935.94934644363821 12.971654456108807 27.165231200866401 73.214981106109917 12.640698552131651 86.237624192843214 270.45299209072255 418.36905113980174 446.28424701979384 95.052590038627386
leaf_count=52661 372583 118233 23641 620 315 435 104 866 987 1854 1518 1189 1069 295 581 2177 27736 52108 194 1035 8287 87 576 1233 152 1459 10327 3263 6774 1394
internal_value=0.000227636 0.000264998 -0.000567923 0.000308972 0.0116121 0.00655045 0.0510843 -0.00364248 -4.60499e-05 0.000150695 -0.000504507 -0.0119108 0.0041933 0.0253455 -0.00435353 0.000122032 -0.00110041 0.00234785 -0.000174741 -0.000690687 0.00285333 0.0227771 0.0299144 -0.00928558 -0.00411417 -0.0161392 -0.00356422 -0.000793987 0.00210823 0.00642508
internal_weight=30148.1 30060 10684.9 8315.1 251.286 224.793 26.4938 2369.76 8063.82 7941.42 6835.33 354.033 1106.08 63.7605 219.554 6481.3 4184.27 2297.03 3731.28 156.755 1042.32 68.0372 55.0656 93.78 2317.59 98.8783 2218.71 1230.16 811.79 541.337
internal_count=693753 641092 522859 474983 4405 3986 419 47876 470578 469591 458086 3288 11505 2149 2099 454798 400513 54285 372777 2703 9356 1283 1196 1668 47010 1611 45399 21758 18495 8168
is_linear=0
shrinkage=0.05


Tree=125
num_leaves=31
num_cat=0
split_feature=5 1 5 5 1 8 5 1 1 6 6 1 3 3 5 0 5 5 3 6 6 3 1 5 4 0 8 5 5 3
split_gain=4.01779 4.69449 4.07625 7.04723 11.4996 3.64185 12.9478 6.05654 5.27717 5.45027 6.28932 4.9736 15.9446 9.23361 9.13008 7.02193 10.3085 6.99588 6.67943 11.0802 14.2533 10.1233 9.56214 9.00512 7.90092 6.40166 6.2538 10.1759 15.9371 7.8795
threshold=2981.0000000000005 320.50000000000006 1224.0000000000002 805.00000000000011 212.50000000000003 4.5000000000000009 102.50000000000001 135.50000000000003 139.50000000000003 5240.9400000000014 2376.7500000000005 28.500000000000004 54.500000000000007 76.500000000000014 37.500000000000007 1.0000000180025095e-35 12.500000000000002 30.500000000000004 60.500000000000007 1061.5100000000002 738.23500000000013 114.50000000000001 16.500000000000004 19.500000000000004 26.500000000000004 54.500000000000007 2.5000000000000004 36.500000000000007 41.500000000000007 173.50000000000003
decision_type=2 2 2 2 2 2 2 2 2 2 2 2 2 2 2 2 2 2 2 2 2 2 2 2 2 2 2 2 2 2
left_child=1 2 3 5 -5 6 7 11 -9 10 -10 12 15 -13 17 16 -1 18 19 20 22 -20 -14 -23 -22 26 -15 29 -29 -28
right_child=-2 -3 -4 4 -6 -7 -8 8 9 -11 -12 13 14 25 -16 -17 -18 -19 21 -21 24 23 -24 -25 -26 -27 27 28 -30 -31
leaf_value=0.0065356804071789081 -0.014122252287349367 0.020677549805453388 0.010825046843074615 -0.024004720793025621 0.00623521607842999 0.00052147647202382117 -0.020352233050004678 -0.035164770556723617 -0.010139602215551602 -0.02166598595067655 0.022081150987241435 -0.0061183506545896757 0.035279025926016158 0.00053109419540593326 -0.022666555678017689 -0.0021344594253995004 -0.013700797555739922 0.039896459969490816 0.0012770799216817452 -0.0016991443759223587 0.027099055037128075 0.014132328739508249 0.0053519003085522286 -0.021790176427808963 0.091669279401134895 0.023657102952084206 -0.0060823988620872134 0.0496657175752728 0.0010971848883268021 0.00048548788772757038
leaf_weight=495.40173321356997 47.898267224431038 25.630774786695838 85.656975746154785 74.53736700117588 52.200861260294914 18139.977209264413 80.457297179847956 18.188637749059126 36.74922518839594 35.720574177801609 22.895244888961315 841.01262010267237 36.194879895308986 3911.5275111803785 26.932153532281518 2687.6503871990135 70.148120672442019 12.880252512171863 917.27982056431938 81.560317032039165 13.736638510599734 276.01849210832734 91.727346383675467 16.863707166165113 8.1349606560543162 25.237693510949612 1221.502847761265 20.87344666570425 64.932708455249667 728.14529529958963
leaf_count=24562 203 121 386 317 226 110482 629 245 1241 249 233 34002 3145 52732 277 339820 697 147 39458 1170 312 8035 6936 169 269 856 48056 235 671 18019
internal_value=5.40049e-05 7.7485e-05 5.85672e-05 2.71158e-05 -0.0116461 7.7402e-05 -0.000608625 -0.000468937 -0.0118591 -0.00678313 0.00254384 -0.000354899 0.000889666 -0.00121976 0.00518598 -0.00106862 0.00398621 0.00573216 0.00537204 0.0131244 0.0211116 0.00387077 0.0142323 0.0119302 0.0567835 -0.000528115 -0.000638671 -0.00288492 0.0137742 -0.00363147
internal_weight=30167.7 30119.8 30094.1 30008.5 126.738 29881.7 11741.8 11661.3 113.554 95.365 59.6445 11547.8 4734.53 6813.23 1481.33 3253.2 565.55 1454.4 1441.52 231.354 149.794 1210.16 127.922 292.882 21.8716 5972.22 5946.98 2035.45 85.8062 1949.65
internal_count=693900 693697 693576 693190 543 692647 582165 581536 1968 1723 1474 579568 424997 154571 59918 365079 25259 59641 59494 11832 10662 47662 10081 8204 581 120569 119713 66981 906 66075
is_linear=0
shrinkage=0.05


Tree=126
num_leaves=31
num_cat=0
split_feature=8 0 2 1 5 2 2 6 2 2 0 2 8 1 2 6 0 6 1 7 2 1 6 2 0 0 5 6 6 6
split_gain=4.48618 5.72698 5.59813 5.14855 8.16635 8.00173 7.89531 13.2217 6.70877 6.49231 7.73732 7.81619 6.37461 6.32461 7.02421 6.16017 7.01883 5.75792 4.83234 10.4387 4.82138 5.1612 8.11267 4.65048 4.60533 4.48728 4.44976 5.24208 4.46166 4.97088
threshold=1.0000000180025095e-35 39.500000000000007 15080.935000000001 9.5000000000000018 1.5000000000000002 6503.3450000000003 388.41000000000003 1442.9450000000004 276.09500000000008 1658.1350000000002 36.500000000000007 5861.3050000000012 2.5000000000000004 23.500000000000004 770.7650000000001 27.910000000000004 1.0000000180025095e-35 838.46500000000015 8.5000000000000018 2.5000000000000004 377.98500000000007 7.5000000000000009 209.00500000000002 103.58500000000001 109.50000000000001 1.0000000180025095e-35 17.500000000000004 257.02500000000003 227.02000000000001 185.87500000000003
decision_type=2 2 2 2 2 2 2 2 2 2 2 2 2 2 2 2 2 2 2 2 2 2 2 2 2 2 2 2 2 2
left_child=1 2 -1 6 5 13 8 9 25 26 11 17 20 14 -5 16 -6 18 19 -11 21 -10 -23 -3 -16 -2 27 28 29 -8
right_child=3 23 -4 4 15 -7 7 -9 12 10 -12 -13 -14 -15 24 -17 -18 -19 -20 -21 -22 22 -24 -25 -26 -27 -28 -29 -30 -31
leaf_value=-0.032075451188741382 0.01349267674353432 -0.01362920341545501 0.022428533261522408 -0.010902243106949471 -0.020786734928932796 0.012869178150382432 0.013231978366482584 -0.0073304957781076003 -0.013835463262385975 0.0095565159740883393 -0.0025543554600647219 -0.019211158953854664 -0.019302585360507749 -0.014223314518552478 0.0024978032436666414 -0.00011842413061795622 0.042426915461805062 0.01547346984686843 0.014784757213973721 0.080472052403612396 0.054317460822085752 0.065279742358883869 -0.02874995783011319 0.015935023927823339 -0.033773155016448141 -0.00041571949821690176 0.034416636416189653 0.001750140686523595 0.038916214868867323 -0.014096752396649998
leaf_weight=33.715314194269013 64.54825643193908 26.820557752042077 3.9864054284989825 197.36787936917972 4.5871913831215378 53.535918693291023 163.42140465416014 130.02926121745259 19.005315709509894 7.9131373623386052 21.792635514400899 5.6275977967306963 79.88616980635561 204.08375127741601 274.22856562538072 28037.138890426606 14.653886878164483 22.364432446658611 9.342066955752669 17.279521737713367 2.7134736876469097 4.0236772957723579 2.2442153273150325 22.702739978092723 7.0408083759248248 450.23625246097799 13.375436566770075 229.99100589146838 13.482598182279615 16.865264696534723
leaf_count=20428 5430 21195 186 50323 301 3703 25042 1749 3522 541 1570 200 9873 37221 39089 328417 1573 419 521 791 379 1189 44 10724 978 119196 136 7325 680 1058
internal_value=-0.00013014 -0.0113251 -0.0254729 -9.69117e-05 -0.000234637 -0.00542551 0.00301085 0.00685 -0.00101511 0.0104005 0.0229795 0.0316823 -0.0122324 -0.0068935 -0.00372199 -9.80407e-05 0.0268182 0.0371973 0.0496483 0.0605383 0.00789046 -0.000711878 0.032802 1.62549e-05 0.00135782 0.00137371 0.00788054 0.00688522 0.0129001 0.0105488
internal_weight=30154 87.225 37.7017 30066.8 28792.6 736.257 1274.14 651.484 622.657 521.455 84.3194 62.5268 107.873 682.721 478.637 28056.4 19.2411 56.8992 34.5347 25.1927 27.9867 25.2732 6.26789 49.5233 281.269 514.785 437.136 423.76 193.769 180.287
internal_count=693803 52533 20614 641270 461605 131314 179665 40032 139633 38283 4042 2472 15007 127611 90390 330291 1874 2272 1853 1332 5134 4755 1233 31919 40067 124626 34241 34105 26780 26100
is_linear=0
shrinkage=0.05


Tree=127
num_leaves=31
num_cat=0
split_feature=2 1 4 4 1 0 0 6 3 2 2 3 1 1 6 2 2 2 1 1 6 6 6 6 2 1 6 2 6 3
split_gain=6.58507 7.69547 9.73286 6.87295 7.41112 7.81525 6.67521 6.8901 5.95289 5.12675 4.82747 4.585 10.5718 7.77529 7.7643 13.5556 11.8939 16.7653 9.91471 19.0672 8.42479 8.01313 7.80431 6.75146 9.39821 10.9009 9.48613 15.1893 7.99442 7.6416
threshold=465.78000000000003 2.5000000000000004 2582.5000000000005 2582.5000000000005 7.5000000000000009 17.500000000000004 124.50000000000001 366.85500000000008 27.500000000000004 420.91000000000003 176.84000000000003 562.50000000000011 107.50000000000001 153.50000000000003 5071.4100000000008 32232.585000000003 28633.675000000003 32232.585000000003 213.50000000000003 192.50000000000003 3135.7150000000006 12547.26 8037.6150000000007 83079.150000000009 109266.49000000001 252.50000000000003 47875.92500000001 136133.35500000001 32681.165000000005 2254.0000000000005
decision_type=2 2 2 2 2 2 2 2 2 2 2 2 2 2 2 2 2 2 2 2 2 2 2 2 2 2 2 2 2 2
left_child=1 -1 6 11 5 -5 7 -3 9 -8 -10 12 -2 -13 15 20 18 -18 19 21 -15 22 -16 24 28 26 27 -26 29 -19
right_child=3 2 -4 4 -6 -7 8 -9 10 -11 -12 13 -14 14 16 -17 17 23 -20 -21 -22 -23 -24 -25 25 -27 -28 -29 -30 -31
leaf_value=0.0032112203860231968 0.00014250062676453171 -0.0073272664537454334 -0.026861448594146149 0.089082163568547812 0.0058840549454695105 0.0054133632747807312 -0.0012825783595112369 0.025884687231905359 0.083667816235226733 0.061238968898653157 0.0066532954642728598 0.0033661759511044867 -0.0028675280082368759 -0.0024253655446199178 0.012075838683604158 0.017030211467987836 -0.020303459693395937 -0.00016168861634556519 -0.010982928103190749 0.041134242378472741 -0.0286312320644624 0.02546548913766802 -0.0084332461633744773 0.0050941564348467774 -0.024362553601633904 -0.021985340808876982 0.0025423013602452558 0.0017243735786818617 0.0072775933341196544 -0.01636514548345001
leaf_weight=259.78964510245714 19997.060496190796 598.86956306354841 53.946901812625583 4.8173656717408431 26.377512994280551 5.192911924328655 36.837281561922282 14.112952177878467 2.8566714924527323 1.5915031967451785 4.1549307339591905 2510.0770314773545 3413.2459042781265 51.037414261838421 92.547656461596489 32.579734050435945 104.46957506611943 1100.8243373855948 49.521003797650337 47.480612434446812 76.383945487439632 43.778361335396767 89.134527191519737 509.21161279082298 109.45146061480045 95.005908593535423 275.92677004635334 111.25364077836275 358.29671251773834 75.9158985465765
leaf_count=82185 404461 102318 29820 888 10835 1583 11096 270 619 320 834 13088 21014 714 496 322 483 4753 225 226 545 185 415 2325 460 413 1207 471 1480 318
internal_value=-9.33528e-05 -0.00413729 -0.00681866 4.16509e-05 0.0211843 0.0538075 -0.00510011 -0.00648092 0.0130148 0.00420809 0.0496358 1.38006e-05 -0.000296572 0.00128087 -0.000344341 -0.011012 0.000219761 -0.000851428 0.0092721 0.0130002 -0.0183344 0.00676579 0.00203167 -6.56659e-05 -0.00130476 -0.00664729 -0.0036367 -0.0113152 0.000760342 -0.00123303
internal_weight=30151.7 972.159 712.37 29179.6 36.3878 10.0103 658.423 612.983 45.4404 38.4288 7.0116 29143.2 23410.3 5732.9 3222.82 160.001 3062.82 2740.36 322.462 272.941 127.421 225.461 181.682 2635.89 2126.67 591.638 496.632 220.705 1535.04 1176.74
internal_count=694369 227462 145277 466907 13306 2471 115457 102588 12869 11416 1453 453601 425475 28126 15038 1581 13457 11910 1547 1322 1259 1096 911 11427 9102 2551 2138 931 6551 5071
is_linear=0
shrinkage=0.05


Tree=128
num_leaves=31
num_cat=0
split_feature=2 3 6 0 6 6 2 3 6 5 3 6 3 5 5 5 6 6 3 3 2 7 4 4 3 0 3 4 4 0
split_gain=4.30869 5.9719 12.0818 7.8355 10.564 5.95017 11.1166 7.84711 9.13659 7.44797 8.97969 5.58811 4.67408 4.43421 9.72394 11.8101 6.18755 6.17854 4.82931 16.2042 8.41071 5.88266 5.65126 7.08438 8.36783 5.03001 4.76004 4.95249 4.83917 4.32631
threshold=3447.6850000000004 254.50000000000003 358.02500000000003 1.5000000000000002 232.24500000000003 601.04500000000019 19241.770000000004 57.500000000000007 576.95000000000016 5.5000000000000009 68.500000000000014 257.02500000000003 12.500000000000002 106.50000000000001 85.500000000000014 65.500000000000014 2262.3050000000003 1737.9550000000002 60.500000000000007 54.500000000000007 604.87500000000011 3.5000000000000004 689.50000000000011 370.50000000000006 90.500000000000014 34.500000000000007 71.500000000000014 487.50000000000006 423.50000000000006 16.500000000000004
decision_type=2 2 2 2 2 2 2 2 2 2 2 2 2 2 2 2 2 2 2 2 2 2 2 2 2 2 2 2 2 2
left_child=1 13 3 4 -3 6 7 8 12 10 -8 -5 -2 14 15 16 18 -17 19 -1 -21 -22 23 -20 26 -23 27 28 -25 -14
right_child=5 2 -4 11 -6 -7 9 -9 -10 -11 -12 -13 29 -15 -16 17 -18 -19 22 20 21 25 -24 24 -26 -27 -28 -29 -30 -31
leaf_value=-0.0013547054902941775 -0.029142911400620777 0.10304303234548501 0.0011494387346734382 -0.010138028396243727 0.00064518938793904634 0.00019278499185649276 -0.008449859132546535 0.0011103426115461228 0.070992894322984737 -0.012572625968347524 0.064408538943013321 0.052865736922727329 0.0065144338923885745 0.017095496085740746 -0.028962081241725435 0.0069357809467854737 -0.015019189239976702 0.040703370969144524 -0.003786352042412006 0.042346432983632137 -0.017191059739144175 0.0092538710973616607 -0.035610843031492589 -0.0082765005564439248 0.062347613591790467 0.039171775909296068 -0.030218636385477966 -0.018384312962883353 0.08725909537619285 0.027240209710247959
leaf_weight=2940.6811043637572 4.9186746844789004 6.0832393155433255 78.835249105468392 9.062046468141487 3.6956954747438431 24256.451570725068 4.9633293955121252 600.38660507556051 4.9309040619991711 5.5948112476617089 16.080401527113281 3.2923856074921778 76.394835117389448 29.832590302452445 30.333732258528471 34.044956713914871 83.880935477092862 21.694252429530025 1592.8092961979564 19.275871533260215 17.606515784515068 184.72703936544713 11.773555167310404 1.5864634758327176 6.8857688405551007 13.544905531220136 5.5241097006946802 2.7277595582418144 1.6401143667753784 36.966701239929534
leaf_count=364244 351 456 1324 674 100 185541 196 29883 144 129 721 126 3830 301 308 348 999 186 77196 2195 3729 7697 5521 375 1598 919 1404 748 396 2152
internal_value=5.84805e-05 -0.00126581 0.0106552 0.0416119 0.0710248 0.000328618 0.00470814 0.00348875 0.0148755 0.0352744 0.0479824 0.0116785 0.0113945 -0.00151077 -0.00162932 -0.00144977 -0.00171494 0.0210331 -0.00147622 -0.000341646 0.0122316 0.00917857 -0.00369324 -0.00341615 0.0259117 0.0116685 -0.00195388 0.0252734 0.0550934 0.0136281
internal_weight=30106.2 5099.54 100.969 22.1334 9.77893 25006.7 750.236 723.598 123.211 26.6385 21.0437 12.3544 118.28 4998.57 4968.74 4938.4 4882.66 55.7392 4798.78 3175.84 235.154 215.878 1622.95 1611.17 18.3642 198.272 11.4784 5.95434 3.22658 113.362
internal_count=693791 470844 2680 1356 556 222947 37406 36360 6477 1046 917 800 6333 468164 467863 467555 467021 534 466022 378784 14540 12345 87238 81717 4521 8616 2923 1519 771 5982
is_linear=0
shrinkage=0.05


Tree=129
num_leaves=31
num_cat=0
split_feature=3 0 6 3 3 0 4 3 3 7 0 4 6 5 0 5 3 6 3 4 6 4 4 3 6 3 5 5 3 4
split_gain=4.65898 10.9529 7.42298 7.30863 6.6148 6.0118 8.81585 5.90833 6.97926 12.2706 5.88607 5.68063 5.49264 7.29727 5.32759 6.3529 5.05876 4.54088 3.95449 4.99333 7.21854 6.52412 9.44733 4.8203 7.94596 5.83474 4.47003 4.29456 3.90649 3.89305
threshold=50.500000000000007 23.500000000000004 2094.9300000000003 230.50000000000003 189.50000000000003 1.0000000180025095e-35 109.50000000000001 20.500000000000004 34.500000000000007 2.5000000000000004 76.500000000000014 190.50000000000003 13219.300000000001 15.500000000000002 47.500000000000007 31.500000000000004 9.5000000000000018 6419.8450000000003 30.500000000000004 1.0000000180025095e-35 708.94500000000005 31.500000000000004 48.500000000000007 25.500000000000004 681.3900000000001 26.500000000000004 14.500000000000002 18.500000000000004 39.500000000000007 375.50000000000006
decision_type=2 2 2 2 2 2 2 2 2 2 2 2 2 2 2 2 2 2 2 2 2 2 2 2 2 2 2 2 2 2
left_child=5 -2 10 4 12 6 18 16 9 -9 14 -10 13 -4 15 29 -8 -5 23 20 -20 26 -23 27 25 -25 -21 -1 -22 -3
right_child=1 2 3 17 -6 -7 7 8 11 -11 -12 -13 -14 -15 -16 -17 -18 -19 19 21 28 22 -24 24 -26 -27 -28 -29 -30 -31
leaf_value=-0.00018766260984117653 1.8987460079370658e-05 0.0088493846638879464 -0.0067470884924845168 0.00051446399138646202 -0.027713479842987193 -0.0027117929831398154 0.023201646008079134 0.092651163325504562 0.042801170960615781 0.0010439609377311174 0.029535661787935669 -0.01836538628148808 -0.023381469278678686 0.012710874634573724 -0.0038206641860994437 0.051285289167538044 -0.016749438785271312 0.024949440188432537 0.012997640566826811 -0.025966865705551102 -0.015340490780569708 0.04347728637373742 -0.017184157582308061 -0.0049386417573594674 2.9286169086695492e-05 0.040967931463722657 0.0035754784699431339 0.027432169922480133 0.0013078670134893029 0.041060051805893637
leaf_weight=277.84509391221218 25675.1575285375 323.12948117335327 109.54978316091001 35.461203185841441 24.335633337497711 2950.9168092760956 15.023233163286934 8.1429316909052449 4.4318333903793228 5.7872914551990098 34.656886485754512 7.415373855503276 22.643832225352526 82.870126020163298 71.643300636322238 7.6685893321409813 12.920219445484689 39.207154542207718 76.869536449201405 58.125003029126674 59.646644704043865 9.5670449435710925 12.692366689676417 8.3724279678426665 43.102404581382871 29.320805016206577 15.702239589765666 12.823500536382197 81.579680822789669 7.8567546638660124
leaf_count=5660 294957 16267 1357 355 231 341679 4175 1559 496 1646 3410 1976 178 813 5246 176 3568 253 1601 1748 517 480 936 241 420 889 166 89 706 2260
internal_value=-3.81635e-05 0.000194207 0.00610564 0.000213385 -0.00405935 -0.00170188 0.00232528 0.0214519 0.0378097 0.0595022 0.0102451 0.00739304 -0.00115207 0.00167749 0.00848028 0.0110897 0.00484452 0.013661 0.000768667 -0.00334869 0.000857532 -0.0127187 0.0103229 0.00425039 0.014895 0.0310361 -0.019755 0.00120998 -0.00583956 0.00985601
internal_weight=30124.5 26434.2 759.023 314.068 239.399 3690.28 739.368 53.7209 25.7774 13.9302 444.955 11.8472 215.064 192.42 410.298 338.655 27.9435 74.6684 685.647 314.183 218.096 96.0867 22.2594 371.464 80.7956 37.6932 73.8272 290.669 141.226 330.986
internal_count=694055 325503 30546 3187 2579 368552 26873 13420 5677 3205 27359 2472 2348 2170 23949 18703 7743 608 13453 6154 2824 3330 1416 7299 1550 1130 1914 5749 1223 18527
is_linear=0
shrinkage=0.05


Tree=130
num_leaves=31
num_cat=0
split_feature=7 0 7 3 0 4 3 2 0 2 4 2 3 5 3 3 4 2 2 4 4 3 2 3 4 4 4 3 3 2
split_gain=3.66302 6.90048 10.1367 6.44472 8.13177 6.94182 6.4002 6.15515 6.44554 5.59967 7.57939 5.23706 9.50347 7.43732 6.74762 10.3095 7.75211 7.61472 7.064 7.16787 6.67021 4.90639 4.70357 5.54727 4.65 11.8857 10.3098 5.99086 8.2865 4.8267
threshold=3.5000000000000004 4.5000000000000009 1.5000000000000002 89.500000000000014 68.500000000000014 551.50000000000011 14.500000000000002 1121.5300000000002 23.500000000000004 132.60500000000005 105.50000000000001 2245.8300000000004 85.500000000000014 1.5000000000000002 27.500000000000004 22.500000000000004 2580.5000000000005 150.71000000000001 302.16500000000008 1.5000000000000002 2580.5000000000005 6.5000000000000009 52.810000000000009 11.500000000000002 162.50000000000003 199.50000000000003 273.50000000000006 54.500000000000007 71.500000000000014 4306.3400000000011
decision_type=2 2 2 2 2 2 2 2 2 2 2 2 2 2 2 2 2 2 2 2 2 2 2 2 2 2 2 2 2 2
left_child=1 11 3 4 -3 7 9 8 -5 -4 -11 14 24 -14 15 16 -1 -16 -17 -20 -21 -2 -18 -24 29 -26 -27 -28 -29 -13
right_child=21 2 6 5 -6 -7 -8 -9 -10 10 -12 12 13 -15 17 18 22 -19 19 20 -22 -23 23 -25 25 26 27 28 -30 -31
leaf_value=-0.0039027149817092797 0.015165161266166209 -0.0082365176931510752 -0.014185769770516055 -0.0095101604710669529 0.0056348861958645325 0.078184979836010499 -0.020710516735316067 -0.004318042872810293 0.075541747103560208 -0.01351407059835903 0.011776813558549003 0.02648457975173181 -0.023741431121337031 0.052424992966031925 0.049611171040439023 -0.017456109181650113 -0.0063393114733674774 -0.014084248387621427 -0.0055142463488133883 0.076179674595949154 -0.012042233938895808 0.00010454822883593782 0.044018639696083856 -0.00064674435411410294 0.10650172077013893 -0.02016340495642667 0.013999346521953933 0.12169234760557185 -0.0069271199914399638 -0.014822009396590667
leaf_weight=163.70862531405874 52.179149204632267 229.88688459689729 118.99195353098912 2.9159002751112046 192.21178572846111 2.6764725073007858 123.2207176220254 19.711624733870849 3.9592542562168092 49.260585449170321 68.206819038139656 16.331733426311988 18.59359835146461 1.8680146866245184 3.0063172462978391 4.0921427322318804 11.703703522100112 91.290792320214678 4.4965313142165568 11.829296435811555 1.9458981716306869 28883.463861682336 19.754872614576019 10.131646750553044 3.7317925444804159 7.8717906386591521 7.3065303156618011 2.3619725921889771 1.4689808726543558 9.8680205983109754
leaf_count=15001 1758 52273 59404 568 53500 865 41979 3012 573 6028 25859 817 3113 107 931 1220 4665 20336 146 2014 943 384798 6235 4853 323 760 1051 442 307 308
internal_value=2.03048e-05 -0.00268147 -0.0053084 -0.00030942 -0.00192309 0.0216004 -0.0115452 0.0108326 0.0454551 -0.00663547 0.00112226 0.00276179 0.0150125 -0.0127391 4.46108e-05 0.00470261 0.00104288 -0.0110654 0.0354552 0.0478583 0.0637706 0.000132753 0.0197958 0.0297861 0.0266598 0.0423778 0.0208491 0.0484928 0.0869135 0.0109788
internal_weight=30138 1202.4 811.042 451.362 422.099 29.2633 359.68 26.5868 6.87515 236.459 117.467 391.362 69.4024 20.4616 321.96 227.663 205.299 94.2971 22.3639 18.2717 13.7752 28935.6 41.5902 29.8865 48.9408 22.7411 19.0093 11.1375 3.83095 26.1998
internal_count=694189 307633 244061 110791 105773 5018 133270 4153 1141 91291 31887 63572 7228 3220 56344 35077 30754 21267 4323 3103 2957 386556 15753 11088 4008 2883 2560 1800 749 1125
is_linear=0
shrinkage=0.05


Tree=131
num_leaves=31
num_cat=0
split_feature=1 5 5 1 1 6 2 5 6 4 6 1 5 5 6 5 1 6 5 1 5 2 5 5 5 5 4 1 5 1
split_gain=4.7617 12.5161 11.0022 10.9518 12.9987 10.7581 11.046 10.3944 8.11189 7.53596 10.0185 7.46143 11.4709 11.5643 17.6527 7.18578 7.12123 6.24701 7.99658 7.97328 11.3987 8.73532 19.1938 6.91562 13.3923 17.6183 9.03425 6.70804 6.48391 6.18486
threshold=155.50000000000003 76.500000000000014 50.500000000000007 202.50000000000003 184.50000000000003 12547.26 46167.575000000004 82.500000000000014 5984.0550000000012 4.5000000000000009 41902.980000000003 143.50000000000003 277.50000000000006 106.50000000000001 8037.6150000000007 57.500000000000007 167.50000000000003 83079.150000000009 1224.0000000000002 233.50000000000003 426.50000000000006 273750.53000000009 173.50000000000003 426.50000000000006 522.50000000000011 586.50000000000011 3.5000000000000004 252.50000000000003 727.50000000000011 247.50000000000003
decision_type=2 2 2 2 2 2 2 2 2 2 2 2 2 2 2 2 2 2 2 2 2 2 2 2 2 2 2 2 2 2
left_child=11 2 3 4 8 6 15 -3 -2 17 -11 -1 13 -13 -15 -4 -7 18 23 20 21 -19 -23 26 -25 -26 27 -9 -21 -27
right_child=1 7 5 -5 -6 16 -8 9 -10 10 -12 12 -14 14 -16 -17 -18 19 -20 28 -22 22 -24 24 25 29 -28 -29 -30 -31
leaf_value=2.4961222031666524e-05 -0.012115759293942027 0.016448600678634937 -0.032113220216175721 -0.026924539314766779 0.039548573924597707 -0.010719163433997786 0.017827513817970864 -0.0020674390778561182 0.013062165292851181 -0.015769883079706819 0.0041037991957834329 0.0014471801074079067 -0.012985275294623422 -0.013378268775440683 0.017843834671386338 -0.0060279044186527476 -0.035760238554819669 0.015720603699302154 -0.021522193220306244 0.022248235410821868 -0.016283339954324662 -0.028471761777090189 0.010767829136960838 0.020770289907252534 -0.025331822631435925 0.014750904239028445 0.012918730991405895 -0.014394424352582784 0.0015642783775754029 -0.0068445952826725028
leaf_weight=25665.38178431266 66.99955710710492 84.811224192380905 35.224890060722828 28.282582752523012 22.257501872605644 48.269662067294121 34.032954476773739 1673.7127528078854 57.645504325628281 181.49684276431799 95.840346589684486 512.9663227716228 83.251880407333374 51.74287211894989 300.15256457030773 95.303919464349747 76.029356345534325 112.64247311651707 46.352894738316536 93.694157689809799 76.296465948224068 46.100918754935265 86.604078084230423 100.34120307117701 53.989781126379967 97.516608238220215 93.296083599328995 116.26884939521551 63.255643099546432 48.270945802330971
leaf_count=671616 918 396 245 434 293 213 176 7249 310 917 397 2927 366 304 1263 601 339 508 199 462 340 204 403 424 227 409 415 490 284 205
internal_value=-4.30066e-05 -0.00176674 -0.00940175 0.000491703 0.00606079 -0.0153639 -0.00684174 -0.000607486 -0.00044915 -0.00110267 -0.00892186 0.000186038 0.00453715 0.00624993 0.0132033 -0.0134458 -0.0263596 -0.000295982 -0.0014093 0.00487518 0.000345678 0.00560671 -0.0030841 -0.000962998 0.00606123 -0.00145927 -0.00208762 -0.00288331 0.0140365 0.00760467
internal_weight=30148 3534.54 464.046 175.185 146.903 288.861 164.562 3070.49 124.645 2985.68 277.337 26613.5 948.114 864.862 351.895 130.529 124.299 2708.34 2229.75 478.594 321.644 245.347 132.705 2183.4 300.119 199.777 1883.28 1789.98 156.95 145.788
internal_count=693534 17058 3529 1955 1521 1574 1022 13529 1228 13133 1314 676476 4860 4494 1567 846 552 11819 9618 2201 1455 1115 607 9419 1265 841 8154 7739 746 614
is_linear=0
shrinkage=0.05


Tree=132
num_leaves=31
num_cat=0
split_feature=1 1 4 5 3 1 1 3 0 6 1 3 5 1 0 6 5 0 6 0 5 1 4 4 3 6 6 6 6 3
split_gain=7.38497 6.75921 5.2458 8.78523 6.33771 10.4012 9.75852 7.78185 9.40886 12.9379 7.53523 7.24828 6.89107 8.49224 8.29978 12.1134 11.3594 6.4317 6.3099 8.2008 6.24443 5.83112 5.24087 5.21279 5.14596 4.98601 4.98179 10.5947 4.80914 4.64854
threshold=327.50000000000006 294.50000000000006 15.500000000000002 105.50000000000001 233.50000000000003 57.500000000000007 50.500000000000007 45.500000000000007 18.500000000000004 9891.1650000000027 10.500000000000002 239.50000000000003 82.500000000000014 160.50000000000003 2.5000000000000004 6199.9850000000015 3.5000000000000004 6.5000000000000009 2824.0100000000007 4.5000000000000009 29.500000000000004 16.500000000000004 105.50000000000001 324.50000000000006 215.50000000000003 6915.7850000000008 1442.9450000000004 299.04000000000002 343.34000000000009 527.50000000000011
decision_type=2 2 2 2 2 2 2 2 2 2 2 2 2 2 2 2 2 2 2 2 2 2 2 2 2 2 2 2 2 2
left_child=1 2 -1 4 6 11 7 21 10 -10 -9 -6 13 14 15 16 -7 20 19 -13 24 26 -8 -23 -12 -20 27 -4 -29 -18
right_child=-2 -3 3 -5 5 12 22 8 9 -11 17 18 -14 -15 -16 -17 29 -19 25 -21 -22 23 -24 -25 -26 -27 -28 28 -30 -31
leaf_value=0.0003622535179721594 0.025972574613704658 -0.014560871378238173 -0.0030560434431871064 -0.01825658360052072 0.046313102760931833 -0.034000211463974001 -0.0057242313498760949 0.030514208288879692 0.0066758683453329781 -0.018607488206418013 0.0014504687859924689 0.020820746280993174 0.022137000660224768 -0.029083357823114199 -0.0040389612529761762 -0.0075760617745336606 0.01942825423979469 -0.0053336865979645943 0.030297986023305967 -0.011089090714023702 -0.021155727494066533 -0.006787900733958129 -0.026198694507715337 -0.028002674527980127 0.033032856894196445 0.0061049348343932665 -0.011924055039023572 0.02966444771810009 0.0062734854683027495 -0.0043878087518846101
leaf_weight=23870.518826459534 25.368611630052328 77.620801081880927 949.29439858283149 73.233607405796647 13.378002349752931 9.9614572315476817 877.74534250353463 16.425600314163603 835.32965778908692 51.946487272158265 844.35867037292337 29.296216317918152 32.123090155422688 23.699255298357457 463.14394560595974 98.713553838431835 165.96125302975997 671.36381757090567 46.372153025120497 54.458469276782125 28.315316559746861 399.33450912404805 30.620526167505886 29.567783519742079 11.105149431619791 40.277662135660648 106.12199092656374 22.866986286826432 209.88460394344293 22.584685680922121
leaf_count=217636 117 355 258289 539 304 1031 18993 1798 41355 393 46779 954 205 617 5830 580 2845 32096 388 1636 335 28566 4921 12996 285 241 2213 1617 9977 328
internal_value=1.16142e-05 -1.19857e-05 2.65896e-05 -0.00127436 -0.00106402 0.00257124 -0.00177973 -0.000756772 0.00104679 0.00515711 -0.00127741 0.0132489 0.000140409 -0.000814822 0.000140246 0.00663596 0.0137084 -0.00165196 0.010146 0.000297797 0.0011506 -0.00333769 -0.00647045 -0.00837359 0.00193655 0.0194437 -0.00165058 -0.000709666 0.00880471 0.0165594
internal_weight=30131 30105.6 30028 6157.48 6084.25 999.97 5084.28 4175.91 2458.84 887.276 1571.57 183.783 816.187 784.064 760.365 297.221 198.507 1555.14 170.405 83.7547 883.779 1717.07 908.366 428.902 855.464 86.6498 1288.17 1182.05 232.752 188.546
internal_count=694219 694102 693747 476111 475572 14959 460613 436699 123041 41748 81293 3523 11436 11231 10614 4784 4204 79495 3219 2590 47399 313658 23914 41562 47064 629 272096 269883 11594 3173
is_linear=0
shrinkage=0.05


Tree=133
num_leaves=31
num_cat=0
split_feature=2 2 1 2 1 6 0 1 3 2 2 6 2 0 6 2 1 8 3 1 6 2 6 3 1 1 2 3 2 6
split_gain=6.10028 8.82601 5.5169 5.79873 6.82994 7.28568 9.9635 6.6918 6.26106 7.10284 7.04856 6.17663 10.4551 6.53431 9.35898 11.0489 12.749 5.68042 5.67247 14.1497 9.22603 12.5662 7.8481 6.25891 6.96052 6.07933 6.05572 8.28148 8.02846 15.9138
threshold=25.455000000000002 2.5050000000000003 2.5000000000000004 770.7650000000001 30.500000000000004 27.910000000000004 3.5000000000000004 21.500000000000004 143.50000000000003 14506.280000000002 61411.715000000004 3135.7150000000006 8086.4300000000012 21.500000000000004 553.67500000000007 1169.1900000000003 23.500000000000004 1.0000000180025095e-35 562.50000000000011 153.50000000000003 32681.165000000005 78811.665000000023 21369.865000000002 751.50000000000011 178.50000000000003 215.50000000000003 273750.53000000009 803.50000000000011 91937.650000000009 36582.685000000005
decision_type=2 2 2 2 2 2 2 2 2 2 2 2 2 2 2 2 2 2 2 2 2 2 2 2 2 2 2 2 2 2
left_child=1 -1 -2 17 5 6 -5 -8 10 11 -7 12 13 14 15 -10 -17 -4 -6 26 21 22 -21 -23 -25 -24 28 -28 29 -20
right_child=2 -3 3 4 18 8 7 -9 9 -11 -12 -13 -14 -15 -16 16 -18 -19 19 20 -22 23 25 24 -26 -27 27 -29 -30 -31
leaf_value=-0.00075182765525894481 0.0094111435219667704 -0.024902804404011492 -0.025061817671362625 0.026668996050769479 -0.00080326338250238699 0.0009256694113301061 0.0091822353072377426 -0.012802147202046563 -0.019275588752149995 0.024813467605178739 -0.024590362532842327 -0.0089143012074418843 0.046494555956729189 -0.018769561193445323 0.00086572010764899079 0.083544885753975506 0.013699177135067292 -0.0030100224413683622 0.0042023908685307606 -0.0034445914310571161 0.0019645291218927459 -0.026750500608108144 0.009638841541085668 0.0061018091079118111 -0.013841165242179647 -0.0058567910610466088 -0.022308851332385634 0.0066783868886284119 0.010663744131345071 -0.013630464568234022
leaf_weight=100.17785769182956 148.52965314482572 58.910017817164771 27.988848281034734 64.122313263593242 18354.967707590549 3962.3363666877849 145.66497306776 43.327744595997501 7.2416615397669366 52.208157494664192 25.25318007171154 60.097814049571753 15.252672584727405 22.047962842509151 85.890066634863615 10.572327764471995 15.61956260842271 1193.9248484442942 1847.961516128853 1255.2705090850359 1343.9917380958796 62.461190238595009 227.33762692660093 56.687694475054741 176.30079812556505 85.88275471329689 49.111865648068488 46.192491512978449 411.71324243210256 132.24310240149498
leaf_count=39552 28067 23461 22596 11126 215538 114539 26469 9120 259 353 209 421 209 750 1306 389 645 170581 10249 6626 5868 277 922 247 753 349 215 206 1768 550
internal_value=-0.000189103 -0.00989305 -0.000136866 -0.000185114 -4.06849e-05 0.00174449 0.00995244 0.0040609 0.00125196 0.00860737 0.000751832 0.00451214 0.00971139 0.00514961 0.00980581 0.0314275 0.0458191 -0.00355526 -0.00037554 0.00100277 -0.00119157 -0.00346694 -0.00167778 -0.0128901 -0.00897827 0.00537985 0.00383164 -0.00841071 0.00432605 0.00299892
internal_weight=30089.3 159.088 29930.2 29781.7 28559.8 4509.63 253.115 188.993 4256.52 268.93 3987.59 216.722 156.624 141.372 119.324 33.4336 26.1919 1221.91 24050.1 5695.15 3207.93 1863.94 1568.49 295.45 232.988 313.22 2487.22 95.3044 2391.92 1980.2
internal_count=693620 63013 630607 602540 409363 165795 46715 35589 119080 4332 114748 3979 3558 3349 2599 1293 1034 193177 243568 28030 15042 9174 7897 1277 1000 1271 12988 421 12567 10799
is_linear=0
shrinkage=0.05


Tree=134
num_leaves=31
num_cat=0
split_feature=4 1 2 2 1 0 2 3 3 0 4 4 0 0 4 2 1 1 1 2 2 2 3 1 2 4 1 3 3 2
split_gain=6.25988 7.74138 8.46776 6.855 5.75726 9.14977 7.02134 4.93944 6.54613 3.73568 3.73085 4.39432 3.62547 5.69767 4.53119 4.75291 4.06327 5.8519 4.24922 3.90981 5.90238 6.04123 5.93016 4.00354 5.0351 3.94054 3.87816 3.8584 3.70986 9.59958
threshold=623.50000000000011 15.500000000000002 477.83500000000009 38.375000000000007 4.5000000000000009 63.500000000000007 1989.6000000000001 15.500000000000002 1.5000000000000002 2.5000000000000004 501.50000000000006 237.50000000000003 23.500000000000004 29.500000000000004 418.50000000000006 512.78500000000008 37.500000000000007 45.500000000000007 63.500000000000007 6179.2600000000011 3221.4250000000006 4115.4500000000016 45.500000000000007 8.5000000000000018 894.42000000000019 32.500000000000007 6.5000000000000009 37.500000000000007 36.500000000000007 398.66500000000008
decision_type=2 2 2 2 2 2 2 2 2 2 2 2 2 2 2 2 2 2 2 2 2 2 2 2 2 2 2 2 2 2
left_child=3 2 -2 7 5 9 -6 8 -1 -4 11 -10 -5 14 15 -14 19 -18 -19 20 23 25 -23 24 -17 -22 -26 -16 -15 -30
right_child=1 -3 4 12 6 -7 -8 -9 10 -11 -12 -13 13 28 27 16 17 18 -20 -21 21 22 -24 -25 26 -27 -28 -29 29 -31
leaf_value=-0.015252334001407639 -0.007051913042709447 -0.023886318383148919 0.0082458556403140915 -0.00024190982551515862 -0.0055804768508068503 -0.017807025474860648 0.040606553663978529 -0.018358803855738761 0.040033314619689592 0.077809560148836068 0.072328673731815091 -0.0021083084211932618 -0.01422233000242604 -0.0034060651790325451 0.0021437434805595219 -0.0043061663729477041 -0.014574940146457339 0.017018447540804598 -0.0040905549388938808 0.0023784762338228704 0.066591279167848266 -0.01702386212967269 0.027092939387574861 0.0058652448880708048 0.011356170379471883 0.018057085686758623 0.079227485469330033 0.081204321994617898 0.037418444360927117 0.0016191775763288955
leaf_weight=6.4387164902873328 301.00998444663128 52.263715083652642 3.1188556439010409 28226.373043494299 38.380123416660354 4.1785966663155696 8.3571768511319515 5.7891945566516361 14.959976610494783 6.9753957694629207 4.5310573738533995 9.435918575152753 24.223952251719311 404.77021561423317 2.7829962710384271 5.5535969668999305 41.026572316186503 51.352517464896664 41.945358464494348 82.846268502064049 11.882443481124939 9.2461822815239412 23.665617965627462 111.18703858018853 4.3926082919351739 8.8200491950847191 4.1455030906945467 1.8074133626651017 17.36645887279883 575.48607647535391
leaf_count=612 145329 23012 330 400813 15232 1135 1278 972 1377 1198 1020 1962 3628 50461 714 468 1028 955 489 1078 290 220 583 8049 189 392 224 413 2914 27242
internal_value=-0.000174123 -0.00626297 -0.00360148 -8.87452e-05 0.0131056 0.0387491 0.00400574 0.0198246 0.0267231 0.0612341 0.0364483 0.0248089 -0.000117722 0.0023434 0.00717755 0.00649914 0.00783159 0.00074166 0.00764147 0.0114369 0.0155593 0.0291963 0.0144336 0.00935609 0.0327474 0.0493262 0.0530919 0.0484692 0.000274333 0.00279013
internal_weight=30104.3 414.284 362.02 29690 61.0101 14.2728 46.7373 41.1549 35.3657 10.0943 28.927 24.3959 29648.9 1422.5 424.878 420.288 396.064 134.324 93.2979 261.739 178.893 53.6143 32.9118 125.279 14.0917 20.7025 8.53811 4.59041 997.623 592.853
internal_count=693607 187514 164502 506093 19173 2663 16510 5943 4971 1528 4359 3339 500150 99337 18720 17593 13965 2472 1444 11493 10415 1485 803 8930 881 682 413 1127 80617 30156
is_linear=0
shrinkage=0.05


Tree=135
num_leaves=31
num_cat=0
split_feature=3 5 2 5 2 5 4 5 3 8 2 5 5 3 0 3 2 2 2 2 3 5 8 3 3 5 3 2 5 3
split_gain=3.91957 12.179 9.97086 8.70317 7.32636 6.9509 10.5624 6.85559 10.1013 4.48724 4.17515 12.5692 11.3064 9.72773 8.23762 13.4196 8.18793 6.93676 5.78115 9.32252 5.77795 5.7588 9.66568 5.68818 9.54586 5.58705 12.9224 13.8546 8.11663 5.96677
threshold=865.50000000000011 533.00000000000011 273750.53000000009 51.500000000000007 39261.270000000011 73.500000000000014 5.5000000000000009 169.50000000000003 537.50000000000011 4.5000000000000009 55344.990000000013 89.500000000000014 230.50000000000003 587.50000000000011 1.0000000180025095e-35 311.50000000000006 78811.665000000023 91937.650000000009 61411.715000000004 68898.005000000019 587.50000000000011 55.500000000000007 2.5000000000000004 326.50000000000006 183.50000000000003 135.50000000000003 200.50000000000003 28633.675000000003 251.50000000000003 648.50000000000011
decision_type=2 2 2 2 2 2 2 2 2 2 2 2 2 2 2 2 2 2 2 2 2 2 2 2 2 2 2 2 2 2
left_child=1 2 10 4 9 6 -5 8 -4 -2 25 13 14 16 18 -16 21 -14 -13 -20 -19 22 23 24 -12 -1 -27 28 -28 -29
right_child=3 -3 7 5 -6 -7 -8 -9 -10 -11 11 12 17 -15 15 -17 -18 20 19 -21 -22 -23 -24 -25 -26 26 27 29 -30 -31
leaf_value=-1.5489548983409493e-05 -0.012797401963980102 -0.019664698591092548 -0.0050740767108520962 -0.015624174106601522 0.022957412623236664 0.0017855007602515568 0.012412081179647656 0.0045531458787201155 -0.028377231060807303 0.010557766365503068 0.002506716268456419 -0.0027189308233765115 -0.018932033467628753 -0.008110319659201606 -0.016403546724386698 0.0063432400230152694 -0.0026536800661883277 -0.010385273768879384 0.030854976526242941 0.010711619271996577 0.013350292255570637 0.010327756898699941 -0.0022862727170413137 -0.0026463423846798525 0.039204679821657124 -0.022112109647730485 -0.0016987831469075 -0.0050205960522771648 0.0088848953965771048 -0.017450528398714034
leaf_weight=22460.583739471855 29.98048783862032 77.531246371567249 117.2616966990754 129.5224839001894 84.70831437560264 2523.546632476151 43.448677409440279 61.55519612133503 76.295333388727158 55.769201193004847 32.702457797713578 61.769435703754425 64.77074958384037 365.03697211295366 74.920392006635666 412.05490620434284 782.72282550111413 47.710432589054108 65.084221944212914 444.42324012517929 51.004701733589172 277.83227036893368 387.8014285126701 31.592953369952738 37.444733796757646 83.839762326329947 551.11381625197828 286.16803967952728 267.49939447268844 145.71479982882738
leaf_count=658187 482 334 548 625 492 11122 246 262 328 418 221 250 264 1628 309 1691 3806 197 264 1852 220 1152 1968 196 230 477 3019 1193 1342 612
internal_value=5.798e-05 -0.000126993 -6.98337e-05 0.00181591 0.012706 0.00111859 -0.00852036 -0.00986951 -0.0144559 0.00228658 2.372e-05 0.00173773 0.00569596 -0.000790677 0.00758602 0.0027909 0.000941277 -0.00648233 0.0116495 0.0133953 0.00190013 0.00460551 0.00132912 0.0148882 0.0226399 -0.000202365 -0.00334326 -0.0020516 0.00177289 -0.00927549
internal_weight=30131.4 27264.4 27186.9 2866.98 170.458 2696.52 172.971 255.112 193.557 85.7497 26931.8 3136.87 1221.74 1915.13 1058.25 486.975 1550.1 163.486 571.277 509.507 98.7151 767.374 489.542 101.74 70.1472 23794.9 1334.34 1250.5 818.613 431.883
internal_count=693935 680550 680216 13385 1392 11993 871 1138 876 900 679078 14248 5047 9201 4366 2000 7573 681 2366 2116 417 3767 2615 647 451 664830 6643 6166 4361 1805
is_linear=0
shrinkage=0.05


Tree=136
num_leaves=31
num_cat=0
split_feature=2 1 3 6 2 3 0 1 0 6 2 1 2 6 1 3 3 6 0 2 6 2 1 2 6 3 0 3 1 2
split_gain=8.06876 8.32823 10.8276 9.49139 9.76278 9.91821 10.4203 8.29221 7.65449 9.2006 7.2621 6.97336 6.1944 11.4078 9.02335 17.7081 6.91585 6.10332 6.04504 5.99738 5.87973 5.68836 12.5572 8.38124 10.8246 10.3434 10.2934 7.64497 10.1132 6.73585
threshold=13423.850000000002 89.500000000000014 137.50000000000003 1658.6600000000003 34240.595000000008 204.50000000000003 2.5000000000000004 118.50000000000001 1.5000000000000002 4924.6250000000009 19241.770000000004 74.500000000000014 8818.9050000000007 2899.4400000000005 129.50000000000003 355.50000000000006 391.50000000000006 18773.655000000002 1.0000000180025095e-35 34240.595000000008 11949.950000000003 857.17000000000007 19.500000000000004 5177.7850000000008 2613.1550000000002 129.50000000000003 55.500000000000007 86.500000000000014 9.5000000000000018 804.30500000000006
decision_type=2 2 2 2 2 2 2 2 2 2 2 2 2 2 2 2 2 2 2 2 2 2 2 2 2 2 2 2 2 2
left_child=7 2 11 4 5 -4 10 8 20 21 -7 17 14 -14 16 -16 -9 19 -15 -2 -1 27 -23 24 -24 -26 -25 28 29 -10
right_child=1 -3 3 -5 -6 6 -8 12 9 -11 -12 -13 13 18 15 -17 -18 -19 -20 -21 -22 22 23 26 25 -27 -28 -29 -30 -31
leaf_value=0.00075715050196416191 -0.00033803249950791343 -6.951080857274968e-05 0.0035512202959578584 0.0030566680894581278 -0.020528710067581491 0.029788199533907524 0.011618675122253952 -0.03469198737379639 -0.0006203585037759758 -0.0073737770150668555 0.078462245478258641 -0.021587031592025831 -0.029489129717213344 -0.014265191732673106 0.055561429370027171 -0.0016720255665370453 0.0040395422734402558 -0.006741443824282327 0.0034935584004906596 0.011012493794489701 0.03450460430261356 0.0042377295868889957 -0.0030128889538858787 8.8032059863025439e-05 -0.029230718721272253 0.003573482569644678 0.038530393382599989 0.016577499482732457 -0.010877329707753215 -0.034397235334528299
leaf_weight=5391.7703219513642 1102.1132235378027 10048.102022793959 49.388058514101431 4607.7350377775729 14.349164372542871 24.174606033484451 34.090747070382349 21.627353499992751 712.99537436594255 633.35124048776925 13.386352943256496 39.299356436356902 69.227394825895317 99.688177973031998 15.95104366407031 54.244173918967135 21.772465241141617 334.1403003372252 89.416672993451357 128.10389688238502 10.938904941081999 1145.3092949099955 2160.2764919676119 2625.4190988325281 74.786674929782748 34.390946254134178 15.529539607698096 40.738386258948594 446.18656896188622 13.074546875781378
leaf_count=115602 8626 50529 937 25675 245 381 646 428 186436 4667 191 263 1142 627 326 808 266 1828 661 1067 51 63305 105653 42851 940 394 410 3795 74100 1323
internal_value=7.8182e-05 0.000826188 0.00224382 0.00344429 0.0163997 0.02104 0.0326709 -0.000818477 -0.000611999 -0.00160349 0.0502248 -0.00130667 -0.00816194 -0.0124136 0.00155451 0.0125125 -0.0159395 -0.000770277 -0.00591943 0.000859866 0.000838222 -0.00109881 -0.000472205 -0.00157204 -0.00379897 -0.019019 0.00034307 -0.00422113 -0.00497093 -0.00132141
internal_weight=30071.6 16394.9 6346.78 4743.12 135.389 121.04 71.6517 13676.7 13304.8 7902.06 37.561 1603.66 371.927 258.332 113.595 70.1952 43.3998 1564.36 189.105 1230.22 5402.71 7268.71 6055.71 4910.4 2269.45 109.178 2640.95 1212.99 1172.26 726.07
internal_count=694173 90388 39859 28075 2400 2155 1218 603785 599527 483874 572 11784 4258 2430 1828 1134 694 11521 1288 9693 115653 479207 213553 150248 106987 1334 43261 265654 261859 187759
is_linear=0
shrinkage=0.05


Tree=137
num_leaves=31
num_cat=0
split_feature=8 1 5 5 5 6 5 1 1 3 3 3 5 3 5 6 5 6 5 8 1 3 3 6 5 0 5 1 1 6
split_gain=8.76812 5.03198 5.30003 5.23608 7.90883 18.1944 9.60536 8.22993 3.74748 9.43804 9.73028 9.26991 10.6837 8.52054 9.8107 8.18333 7.65263 7.36858 7.36827 8.27745 7.83627 7.69926 7.59379 7.18775 7.74049 7.16966 9.38125 6.77882 6.64067 6.38704
threshold=1.0000000180025095e-35 327.50000000000006 2981.0000000000005 1224.0000000000002 727.50000000000011 67270.12000000001 689.50000000000011 173.50000000000003 51.500000000000007 135.50000000000003 145.50000000000003 202.50000000000003 3.5000000000000004 258.50000000000006 118.50000000000001 16536.615000000002 57.500000000000007 5778.7350000000015 132.50000000000003 4.5000000000000009 25.500000000000004 52.500000000000007 94.500000000000014 2677.5950000000007 30.500000000000004 4.5000000000000009 34.500000000000007 74.500000000000014 53.500000000000007 738.23500000000013
decision_type=2 2 2 2 2 2 2 2 2 2 2 2 2 2 2 2 2 2 2 2 2 2 2 2 2 2 2 2 2 2
left_child=-1 2 3 4 6 7 8 -6 11 27 15 18 29 14 16 17 -14 28 19 20 21 23 -22 24 -2 -15 -27 -10 -11 -13
right_child=1 -3 -4 -5 5 -7 -8 -9 9 10 -12 12 13 25 -16 -17 -18 -19 -20 -21 22 -23 -24 -25 -26 26 -28 -29 -30 -31
leaf_value=-0.016101365982857441 0.00034972231234198383 0.021149369233027307 -0.018681251839522454 0.012017301016743866 -0.013398736843549142 -0.031826078008655355 0.029452600605548093 0.013366907587655494 -0.0038190715028957878 -0.020588754921931879 -0.00038651138090662783 0.043001392640082015 0.0092724180529840401 -0.0057177628073908126 0.034978551449387212 -0.01440294527109807 -0.019657491893034781 0.022912466457398334 -0.018662905553370246 0.0028470930332198355 -0.0045047922445783295 0.0046112302926869615 8.0100925576479063e-05 -0.0080717625614638421 0.050698245422936043 0.014908470885379436 -0.018427839197973615 -0.0183923457383297 0.0085963124589033373 -0.010177593696012118
leaf_weight=83.621573532233015 2671.2259173841449 25.891926620155573 36.318912230432034 87.268776521086693 49.783704966306686 62.474094405770302 25.568034827709198 62.512374192476273 1035.0929463349748 19.744448332698084 17207.625001493492 26.641900256276131 323.09771862719208 246.89431784488261 33.479779254645109 34.170457072556019 22.733128402382135 87.409733697772026 49.226514827460051 2496.0036795902997 1763.3973261333304 1099.0801489328733 1848.8319676684914 267.5610777689144 5.6557495594024649 108.19274923112243 24.304775010794401 84.717799002304673 193.4128264314495 6.1964495815336695
leaf_count=52639 302316 121 153 393 214 271 109 264 16452 400 122093 1592 3853 2099 175 156 133 466 269 21669 66609 47414 44683 3022 90 1367 173 1228 3331 116
internal_value=-0.00012371 -7.81103e-05 -9.78537e-05 -7.40665e-05 -0.000110213 -0.0106549 -4.7408e-05 0.0014742 -7.48272e-05 -0.00050619 -0.000221834 0.000657463 0.0058629 0.00460657 0.00988507 0.00819563 0.00726862 0.010843 0.000252479 0.000347859 -0.000467497 0.00104425 -0.00215938 -0.000289438 0.00049387 -0.000694964 0.00861031 -0.00495242 0.00572669 0.0329585
internal_weight=30088.1 30004.5 29978.6 29942.3 29855 174.77 29680.3 112.296 29654.7 18662.2 17542.4 10992.5 791.541 758.702 379.311 334.737 345.831 300.567 10201 10151.8 7655.75 4043.52 3612.23 2944.44 2676.88 379.392 132.498 1119.81 213.157 32.8383
internal_count=693870 641231 641110 640957 640564 749 639815 478 639706 144126 126446 495580 9508 7800 4161 4353 3986 4197 486072 485803 464134 352842 111292 305428 302406 3639 1540 17680 3731 1708
is_linear=0
shrinkage=0.05


Tree=138
num_leaves=31
num_cat=0
split_feature=5 1 1 1 4 1 2 3 3 3 1 5 1 2 1 1 3 2 5 2 2 2 1 3 1 1 5 1 4 5
split_gain=3.8327 15.8315 13.5766 10.8681 8.15506 7.08507 7.88576 7.52917 6.14311 8.65094 15.1496 11.6568 7.79894 11.502 5.9402 8.35413 6.22506 5.88078 4.39571 17.5678 17.1822 10.1325 5.5931 10.6463 15.2108 16.8995 8.50147 9.67427 11.1131 15.2243
threshold=309.50000000000006 172.50000000000003 94.500000000000014 74.500000000000014 1.5000000000000002 164.50000000000003 55344.990000000013 1250.5000000000002 865.50000000000011 1250.5000000000002 201.50000000000003 438.50000000000006 270.50000000000006 177921.78000000003 252.50000000000003 250.50000000000003 1614.5000000000002 91937.650000000009 271.50000000000006 14506.280000000002 136133.35500000001 55344.990000000013 190.50000000000003 865.50000000000011 155.50000000000003 143.50000000000003 183.50000000000003 139.50000000000003 3.5000000000000004 128.50000000000003
decision_type=2 2 2 2 2 2 2 2 2 2 2 2 2 2 2 2 2 2 2 2 2 2 2 2 2 2 2 2 2 2
left_child=14 2 3 -2 8 6 -4 -8 -3 11 -11 -10 17 -14 15 18 -16 -12 22 -20 21 -21 23 -1 25 26 27 28 29 -25
right_child=1 4 5 -5 -6 -7 7 -9 9 10 12 -13 13 -15 16 -17 -18 -19 19 20 -22 -23 -24 24 -26 -27 -28 -29 -30 -31
leaf_value=-2.7691152515225146e-05 -0.010571274140470899 -0.011103619474900375 -0.0053504751113427132 0.020498719980597383 -0.010279866301855871 -0.031263863893579345 -0.028875192880100181 -0.0040658702814386763 0.0018785317662237189 -0.01858360147603861 0.0038484685993655475 0.033216794421149387 -0.01520618217206722 0.011814294647521281 -0.023319703539555509 0.03507688849354218 0.00026126726709820795 0.020050299175781987 0.034721743414187496 0.0012833091940752713 0.02602098719921983 -0.025729010165022784 -0.003787301089390085 0.0050070758048200679 -0.0014062598584427598 0.023514705083232737 0.025347996723582806 -0.018897435837991458 0.016905625948449552 -0.026852291687901004
leaf_weight=26394.148742540507 50.339678458869457 57.094643175601959 237.34980900213122 59.266534328460693 111.93265460431576 47.457135066390038 88.814038895070553 47.221482254564762 58.670978628098965 68.882711201906204 106.73788112401962 58.570039242506027 78.935908704996109 74.760796174407005 53.415015758480877 15.090164877823552 56.456844352185726 118.61037826538086 43.739550456404686 102.69362816214561 47.498209804296494 50.309945166110992 916.5588313289918 199.06652607396245 528.78531530220062 168.98163038538769 44.6985769495368 43.759208019822836 133.82204120617826 44.096461601555347
leaf_count=676538 243 242 1078 270 488 204 371 204 252 295 441 252 338 350 290 72 266 558 252 441 214 210 4387 967 2506 792 204 201 852 201
internal_value=-3.3774e-05 -0.0027257 -0.00929041 0.00629524 0.00202959 -0.0133602 -0.0109302 -0.0204469 0.00426966 0.00585638 0.00265741 0.0178287 0.00659475 -0.00208002 8.44359e-05 0.000129199 -0.0114147 0.0124775 0.000108394 0.00676012 0.000377594 -0.00781613 5.08662e-05 0.000178789 0.004856 0.0100635 0.0051003 0.00283951 0.00544907 -0.000942395
internal_weight=30107.8 1264.64 530.449 109.606 734.196 420.842 373.385 136.036 622.263 565.169 447.928 117.241 379.045 153.697 28843.1 28733.2 109.872 225.348 28718.2 244.241 200.502 153.004 28473.9 27557.4 1163.21 634.424 465.443 420.744 376.985 243.163
internal_count=693979 5586 2370 513 3216 1857 1653 575 2728 2486 1982 504 1687 688 688393 687837 556 999 687765 1117 865 651 686648 682261 5723 3217 2425 2221 2020 1168
is_linear=0
shrinkage=0.05


Tree=139
num_leaves=31
num_cat=0
split_feature=5 0 5 5 2 3 2 6 1 2 6 2 6 2 6 3 3 2 5 3 3 1 5 2 6 5 3 6 3 2
split_gain=4.46004 4.41784 9.4039 5.74407 10.0788 7.91466 7.40994 6.23044 5.65959 7.09038 14.0249 6.34152 5.87923 5.7084 11.7468 5.21125 15.3237 6.24735 5.10298 5.74201 15.9093 4.75232 5.27032 6.55628 6.91974 13.6517 8.29056 17.4886 10.3209 8.51225
threshold=2981.0000000000005 1.0000000180025095e-35 658.50000000000011 7.5000000000000009 1950.1700000000003 29.500000000000004 409.91000000000003 838.46500000000015 12.500000000000002 2069.5650000000005 220.04000000000005 5304.4100000000008 1658.6600000000003 5861.3050000000012 485.49500000000006 175.50000000000003 233.50000000000003 28633.675000000003 6.5000000000000009 30.500000000000004 24.500000000000004 8.5000000000000018 25.500000000000004 4944.5650000000014 7439.2750000000005 248.50000000000003 236.50000000000003 32681.165000000005 204.50000000000003 16281.775000000003
decision_type=2 2 2 2 2 2 2 2 2 2 2 2 2 2 2 2 2 2 2 2 2 2 2 2 2 2 2 2 2 2
left_child=1 3 -3 4 6 7 18 -6 -7 10 -10 12 -11 14 -13 -15 -17 -18 19 20 -1 -5 -23 -24 25 -25 27 28 -26 -28
right_child=-2 2 -4 21 5 8 -8 -9 9 11 -12 13 -14 15 -16 16 17 -19 -20 -21 -22 22 23 24 26 -27 29 -29 -30 -31
leaf_value=0.005025571564072906 -0.014722474894665598 -0.00026923260570740491 -0.01769531822180993 0.015381106479667873 0.049368144156573923 -0.026061934320152469 -0.0058790587910788989 0.013226107648829781 0.097520922972993987 0.0027987989249254469 -0.0030838283424159383 -0.015724971045476491 -0.030119060131815242 0.0040073210532023335 0.060185148129580403 0.045852438150771127 -0.0094603580545529909 0.03650773145484381 0.054959666662324297 -0.024201770710266107 0.083552634757228239 -0.0017631233535755461 0.0072231949991687352 -0.0024343403023217467 0.0059967929646007603 0.022928255836377868 -0.010555577415656062 -0.0086928252299980271 0.019949196063919931 0.0012231701357457887
leaf_weight=78.592852974426933 48.694725938141346 18968.199657077261 75.737173855304718 51.967035938985646 18.619823170593008 10.571354000130667 265.11162143299589 33.475245697423816 4.4140647660242376 190.92231865448412 7.2757455743849277 6.4783507934771505 12.590620926581321 135.19866923138034 13.88112322706729 31.149316368391737 33.551155982655473 7.331416734494268 3.9940906576812258 10.970548391225746 5.061544587952084 2043.1532437824644 410.02127267606556 1974.5281153582036 529.24670139700174 52.530003949999809 156.69580394029617 160.1287944689393 176.26102001965046 4591.3396298438311
leaf_count=8452 207 584712 329 404 681 223 16397 362 445 8804 249 373 195 2937 277 744 1081 150 56 1578 689 23315 3707 13216 2324 292 750 667 759 19636
internal_value=9.56285e-05 0.000120611 -0.000340387 0.000917547 0.00481379 0.00936731 -0.00153065 0.0274916 0.00717309 0.00808017 0.0436018 0.00692006 0.000488996 0.0126164 0.0367847 0.00991308 0.02059 0.000101258 0.0100434 0.00704917 0.0116169 0.000582876 0.000503658 0.00107923 0.000747721 -0.00175513 0.00165179 0.0061461 0.00952914 0.000830164
internal_weight=30107.7 30059 19043.9 11015.1 869.19 505.459 363.731 52.0951 453.364 442.793 11.6898 431.103 203.513 227.59 20.3595 207.231 72.0319 40.8826 98.619 94.6249 83.6544 10145.9 10093.9 8050.75 7640.73 2027.06 5613.67 865.637 705.508 4748.04
internal_count=694011 693804 585041 108763 43693 16521 27172 1043 15478 15255 694 14561 8999 5562 650 4912 1975 1231 10775 10719 9141 65070 64666 41351 37644 13508 24136 3750 3083 20386
is_linear=0
shrinkage=0.05


Tree=140
num_leaves=31
num_cat=0
split_feature=2 1 1 3 1 3 5 5 4 3 1 3 1 3 5 5 4 1 3 5 2 3 1 1 1 2 3 2 2 2
split_gain=5.74562 10.5272 7.44363 13.3401 8.65711 12.1261 10.2603 7.5442 6.90178 6.85634 19.8183 6.82887 6.74829 6.0852 6.02279 16.9923 6.58901 6.08849 5.69918 5.60933 26.2491 10.4647 8.82434 8.38655 6.3212 6.3883 5.86144 7.47263 6.16397 7.54336
threshold=22017.785000000003 227.50000000000003 75.500000000000014 127.50000000000001 79.500000000000014 215.50000000000003 22.500000000000004 125.50000000000001 1.0000000180025095e-35 197.50000000000003 93.500000000000014 1472.5000000000002 23.500000000000004 466.50000000000006 416.50000000000006 242.50000000000003 1.0000000180025095e-35 197.50000000000003 206.50000000000003 5.5000000000000009 18417.425000000007 21.500000000000004 56.500000000000007 12.500000000000002 2.5000000000000004 189.75000000000003 111.50000000000001 591.47000000000014 7443.6900000000014 8550.9500000000025
decision_type=2 2 2 2 2 2 2 2 2 2 2 2 2 2 2 2 2 2 2 2 2 2 2 2 2 2 2 2 2 2
left_child=1 2 19 -4 8 6 -6 9 -5 -8 18 14 -2 -10 15 17 -17 -7 -11 20 22 23 24 -21 25 -1 -26 -28 -29 -30
right_child=12 -3 3 4 5 11 7 -9 13 10 -12 -13 -14 -15 -16 16 -18 -19 -20 21 -22 -23 -24 -25 26 -27 27 28 29 -31
leaf_value=0.0017459365807206259 -0.013949589433810181 0.031997140241453552 -0.03526886240226413 -0.020835910131342842 -0.0061027068811365971 -0.0031709171826460945 0.0069096385653769745 -0.014685928563089987 -0.0071592868997307994 0.051693797277733315 -0.0043604607221045559 0.018653498720443581 0.00088526397243811556 0.021267416541306691 -0.018418263340176849 0.020908323855736394 0.00031317930609839882 -0.028839827254399982 0.021371980616184599 0.0050755930414623602 0.047852512044374518 0.00025545208676299385 -0.015995239170191338 0.025094312391543833 -0.0029752452765762567 0.020466763117210313 0.044149441486578372 -0.0011438808360091422 0.038971174628901366 0.0051844221754001989
leaf_weight=226.82873736904003 75.155708830803633 22.710104322526604 28.806886008824222 93.016619402915239 134.05524307896849 3027.9789412177633 232.7136174608022 27.128826677799225 327.15925401024288 36.218795955181122 44.078777834773064 35.470335683785379 12062.226397236926 18.053805569186807 58.801814381033182 100.49860596656799 62.625309526920319 21.313646930793766 34.056036369875073 219.64796292199753 24.527475855313241 9580.9453709293157 108.33364531380357 67.319551219698042 3032.532454507309 55.171224356163293 9.024751190969253 289.9641704793903 20.509184590773657 65.099616014165804
leaf_count=78211 739 182 599 682 3451 28218 1921 157 4165 285 344 206 58989 156 292 490 361 219 287 3169 488 132977 7449 1181 341886 5493 794 18539 668 1673
internal_value=-4.95816e-05 -0.000616348 -0.000661091 -0.00248019 -0.00224164 -0.00147467 0.00570118 0.00993987 -0.0088813 0.0119379 0.0218759 -0.00258041 0.000791122 -0.0055587 -0.00282191 -0.00252514 0.0131012 -0.00336912 0.0379975 -9.22429e-05 -0.00171529 0.000538252 -0.00205956 0.00991295 -0.00164301 0.00552687 -0.0022376 0.00356403 0.0023601 0.0139836
internal_weight=30142 18004.6 17981.9 4281.98 4253.17 3814.94 508.251 374.196 438.23 347.067 114.354 3306.69 12137.4 345.213 3271.22 3212.42 163.124 3049.29 70.2748 13699.9 3831.99 9867.91 3807.46 286.968 3699.13 282 3417.13 384.598 375.573 85.6088
internal_count=694271 634543 634361 41833 41234 36231 6445 2994 5003 2837 916 29786 59728 4321 29580 29288 851 28437 572 592528 455201 137327 454713 4350 447264 83704 363560 21674 20880 2341
is_linear=0
shrinkage=0.05


Tree=141
num_leaves=31
num_cat=0
split_feature=8 0 0 7 0 2 4 4 5 2 0 6 5 2 0 5 2 2 6 5 6 6 8 6 4 6 5 5 5 6
split_gain=4.30365 5.00145 4.9912 4.46686 4.41531 4.47419 5.48271 5.88368 4.15732 3.96193 3.37136 3.32243 10.3625 6.59032 10.4197 11.9551 9.18114 6.14512 5.94905 12.8099 5.00983 12.3871 9.7558 6.13724 6.03926 5.74712 4.93089 4.92586 8.12805 4.6321
threshold=1.0000000180025095e-35 73.500000000000014 51.500000000000007 2.5000000000000004 77.500000000000014 132.60500000000005 133.50000000000003 304.50000000000006 2981.0000000000005 15080.935000000001 76.500000000000014 2316.3550000000005 5.5000000000000009 15673.650000000001 3.5000000000000004 31.500000000000004 15080.935000000001 18417.425000000007 2434.4100000000003 13.500000000000002 1658.6600000000003 1544.9500000000003 3.5000000000000004 838.46500000000015 14.500000000000002 2045.6450000000002 13.500000000000002 147.50000000000003 131.50000000000003 4924.6250000000009
decision_type=2 2 2 2 2 2 2 2 2 2 2 2 2 2 2 2 2 2 2 2 2 2 2 2 2 2 2 2 2 2
left_child=3 2 8 -1 5 -3 10 -8 11 -5 -7 13 17 16 15 20 27 -13 19 -14 21 22 -15 -24 25 26 -22 28 -2 -19
right_child=1 4 -4 9 -6 6 7 -9 -10 -11 -12 12 18 14 -16 -17 -18 29 -20 -21 24 -23 23 -25 -26 -27 -28 -29 -30 -31
leaf_value=0.0039315355286924742 0.00055348981786535411 -0.025534848158446158 -0.0084564978845494011 -0.024206054590523766 0.0043615008375997993 -0.0075116105210649544 0.094033090514161796 0.0028753784930517041 -0.014670171068337654 0.019929321257751948 0.041983512808161705 -0.018726813341671741 0.010610754603424468 0.0017581924382474891 -0.0049477548529373461 0.050968478927568367 -0.023336979632129769 0.024181118939231177 -0.00024322664231507779 -0.015064726562811562 0.00059709527140360246 0.053594021363457839 0.059959609246407967 0.013466849656484798 0.023370777835321745 0.0093186802557944613 -0.03167516916433831 -0.022915505546118407 0.044598630143700989 -0.010113580177292187
leaf_weight=29.470871102588717 8356.602786751464 2.0698827703017768 178.29034896322992 47.669235926354304 326.17579553986434 8.2625149437226373 3.8885569479316464 2.716444582445547 46.955828867852688 4.1631826990051186 3.368712644558399 117.98103390075266 65.146602461114526 95.271722472971305 121.56078052986413 17.027782890945673 38.433478831779212 14.997067391872404 20209.028137974441 176.29075188189745 22.041778080165386 16.836457040160894 11.334572634194048 18.566338630393147 21.996428649872541 36.928041197359562 23.382032699882984 20.31336061283946 8.4879554361104947 21.586387140676379
leaf_count=19617 406593 719 23286 32890 79408 591 544 868 201 151 217 2040 857 1632 2162 162 631 191 116083 2134 241 193 403 259 327 378 262 201 87 295
internal_value=-0.000124067 -9.25318e-05 -0.000162538 -0.011473 0.00586259 0.0274215 0.0353618 0.0659245 -0.000111774 -0.0200524 0.0108801 -8.75376e-05 -0.000434982 0.000725099 0.00710554 0.0126639 0.000431913 -0.0132495 -0.000336844 -0.0081065 0.00962722 0.0156729 0.00980967 0.0337451 0.00125952 -0.00506055 -0.0166504 0.000546394 0.000608832 0.00446993
internal_weight=30066.8 29985.5 29639.1 81.3033 346.482 20.3061 18.2362 6.605 29460.8 51.8324 11.6312 29413.8 20605 8808.78 384.946 263.385 8423.84 154.564 20450.5 241.437 246.357 142.009 125.173 29.9009 104.348 82.3519 45.4238 8385.4 8365.09 36.5835
internal_count=693623 640965 558618 52658 82347 2939 2220 1412 535332 33041 808 535131 121600 413531 6019 3857 407512 2526 119074 2991 3695 2487 2294 662 1208 881 503 406881 406680 486
is_linear=0
shrinkage=0.05


Tree=142
num_leaves=31
num_cat=0
split_feature=0 5 1 2 2 0 1 2 4 1 6 5 5 4 4 1 5 2 2 6 6 6 0 2 1 0 0 6 4 6
split_gain=4.09861 8.08479 6.42251 4.77064 5.67993 13.4628 6.51424 6.35686 5.82736 5.48872 8.27424 6.85123 6.78534 6.16264 8.68679 5.7566 5.70211 5.9774 5.64455 6.78326 6.94667 5.79849 5.31382 5.29431 5.28798 5.24313 4.87991 4.84456 5.98436 4.62237
threshold=1.0000000180025095e-35 689.50000000000011 8.5000000000000018 857.17000000000007 931.35000000000014 6.5000000000000009 7.5000000000000009 1033.4150000000002 68.500000000000014 29.500000000000004 4642.4650000000011 12.500000000000002 43.500000000000007 600.50000000000011 677.50000000000011 20.500000000000004 15.500000000000002 10952.565000000001 8818.9050000000007 2493.0450000000005 1999.4650000000001 3216.8850000000007 1.5000000000000002 8550.9500000000025 17.500000000000004 23.500000000000004 8.5000000000000018 9.9200000000000017 336.50000000000006 5984.0550000000012
decision_type=2 2 2 2 2 2 2 2 2 2 2 2 2 2 2 2 2 2 2 2 2 2 2 2 2 2 2 2 2 2
left_child=2 3 -1 -2 5 8 -7 27 22 10 12 29 13 18 26 -12 17 -17 23 20 -20 -21 -5 -9 -24 -8 -15 28 -6 -11
right_child=1 -3 -4 4 7 6 25 9 -10 11 15 -13 -14 14 -16 16 -18 -19 19 21 -22 -23 24 -25 -26 -27 -28 -29 -30 -31
leaf_value=0.0092538342335004211 -0.0035999847161991201 -0.016813898895710024 0.00023581432317154743 0.0097431981883967095 0.034792649586618318 0.031958399440944203 -0.027324786955858354 0.002013632336756927 -0.0099980079997563261 -0.0028460407678814275 -0.01210963427506828 -0.00042919038195287501 -0.018791090175695316 -0.0018387102073903448 0.012894245367089014 -0.026246690073858703 0.0056837151121053239 -0.0013015377650757536 0.0084191516324177065 0.036123393974176819 -0.022071421228729751 0.010379305016054318 0.071156052581443904 -0.025725800936088269 0.022180358337647189 0.0057199530281640508 0.11477863845135977 -0.015638331187818554 -0.018870312511235634 -0.012807588801318645
leaf_weight=199.09059466747567 1355.4598626462976 76.597667500376701 10868.23321441171 13.058191024931146 9.7597073842771369 7.6751592674991107 25.59871006407775 2308.2846157709137 6.6963613984407848 2270.7317451983108 168.42403891682625 11934.314385388978 34.929755881428719 1.1081261972431087 31.951649342139717 32.698137935250998 158.86473043262959 78.734212582930923 79.725314408540726 33.686144419014454 22.223117189481854 63.042651195079088 13.050793862435969 15.338687365874646 12.839369429973884 20.210097311646678 1.6385503746569154 108.07999101339374 7.5915564528550012 120.99497594311833
leaf_count=9379 278196 335 99615 368 1798 795 2783 95363 1442 82746 1588 90042 373 242 9269 306 948 654 1789 356 272 573 536 253 574 2656 354 6903 2670 1085
internal_value=-0.000365256 -0.000810509 0.000399683 -0.000744008 -0.000523436 0.0112924 -0.00572932 -0.000591719 0.0306407 -0.000509968 0.00142256 -0.000918933 0.0024979 0.00280318 0.0231535 -0.00491298 -0.000372683 -0.00895503 0.0025051 0.0105524 0.00147592 0.0198949 0.0377747 0.00180855 0.0502004 -0.0131166 0.0867792 -0.0117186 0.0117902 -0.00336027
internal_weight=30080.6 19013.3 11067.3 18936.7 17581.3 99.1287 53.484 17482.1 45.6447 17356.7 3030.65 14326 2591.93 2557 34.6983 438.721 270.297 111.432 2522.3 198.677 101.948 96.7288 38.9484 2323.62 25.8902 45.8088 2.74668 125.431 17.3513 2391.73
internal_count=694263 585269 108994 584934 306738 9154 6234 297584 2920 286213 112340 173873 108844 108471 9865 3496 1908 960 98606 2990 2061 929 1478 95616 1110 5439 596 11371 4468 83831
is_linear=0
shrinkage=0.05


Tree=143
num_leaves=31
num_cat=0
split_feature=1 1 2 1 3 5 3 5 5 5 6 3 1 2 4 6 4 3 2 3 5 5 6 6 2 3 3 3 6 4
split_gain=5.38118 6.87959 4.76072 8.34747 9.49388 7.66804 12.691 9.24057 12.7525 13.8599 10.2169 6.7896 9.726 11.3286 10.8622 9.89011 8.15792 7.43146 6.94115 8.30439 7.50923 14.7741 7.66419 13.9281 7.23081 8.1477 7.47394 6.72365 6.56659 8.66568
threshold=327.50000000000006 294.50000000000006 3676.7850000000003 9.5000000000000018 22.500000000000004 110.50000000000001 215.50000000000003 87.500000000000014 64.500000000000014 71.500000000000014 2094.9300000000003 258.50000000000006 42.500000000000007 2599.5100000000007 7.5000000000000009 893.70500000000015 341.50000000000006 125.50000000000001 2599.5100000000007 53.500000000000007 46.500000000000007 33.500000000000007 49.905000000000008 35.645000000000003 3597.7800000000002 57.500000000000007 66.500000000000014 11.500000000000002 1039.1450000000002 5.5000000000000009
decision_type=2 2 2 2 2 2 2 2 2 2 2 2 2 2 2 2 2 2 2 2 2 2 2 2 2 2 2 2 2 2
left_child=1 2 3 4 -1 7 -7 8 10 -10 11 12 16 14 15 -14 18 -15 -5 28 21 22 23 -21 25 -24 -27 -18 29 -20
right_child=-2 -3 -4 5 -6 6 -8 -9 9 -11 -12 -13 13 17 -16 -17 27 -19 19 20 -22 -23 24 -25 -26 26 -28 -29 -30 -31
leaf_value=3.0907822823910875e-05 0.021873691893857034 -0.015038564550683933 0.00026289948442631875 -0.002540563383987391 0.010982981392861951 0.040788772983133034 -0.0080192960569339701 -0.027417997115593104 0.043385166856178242 0.00085333871770431116 -0.016611250548634642 0.011873482432890695 0.00098478479735568608 -0.025398156754668805 -0.012769237831099426 0.035024117168554907 0.051874971975585604 -0.0081995916649005504 0.022686777932932497 0.010264500469231129 -0.03876642278560747 0.058763039301786585 0.02919785481062654 0.10856329268148256 -0.019081230362917926 -0.010349547376245018 0.0073419751836362353 -0.015201225158729875 -0.014176517190002303 -0.0052485369555650202
leaf_weight=993.82898592599668 25.968558505177498 74.548366117873229 24679.295592440176 2398.4982572905719 245.07052697456675 24.631053673103452 25.547493709251285 35.518384167924523 29.057890998199582 50.1928317733109 129.0914792669937 79.491012448444963 78.154248365666717 121.08587228087708 94.888726843579207 27.4172353874892 1.9243856435059559 134.11023830191698 36.45089665800333 14.473720540292563 7.0001248475164166 11.654570525512097 33.60557293985039 3.0348638128489247 28.180269631091505 70.803728292696178 333.12723379582167 136.74087890307419 101.55181261524558 98.066756615880877
leaf_count=193048 123 344 215017 149494 25133 242 243 364 268 487 1598 2536 2109 5067 9528 362 1032 5190 812 1729 75 145 1058 323 847 2305 11112 56462 1961 5176
internal_value=-4.78972e-05 -6.82639e-05 -3.00921e-05 -0.00138296 0.00221158 -0.00246854 0.0165841 -0.00271242 -0.00248053 0.017132 -0.00288358 -0.00241001 -0.00272055 -0.00954898 -0.000631965 0.0103117 -0.00176528 -0.016494 -0.00123615 0.0029989 0.0066284 0.00742397 0.00594865 0.0366862 0.00464114 0.00624889 0.00420517 -0.013546 -0.00470821 0.0025427
internal_weight=30123 30097 30022.5 5343.2 1238.9 4104.3 50.1785 4054.12 4018.6 79.2507 3939.35 3810.26 3730.77 455.656 200.46 105.571 3275.11 255.196 3136.45 737.95 501.88 494.88 483.225 17.5086 465.717 437.537 403.931 138.665 236.069 134.518
internal_count=694190 694067 693723 478706 218181 260525 485 260040 259676 755 258921 257323 254787 22256 11999 2471 232531 10257 175037 25543 17594 17519 17374 2052 15322 14475 13417 57494 7949 5988
is_linear=0
shrinkage=0.05


Tree=144
num_leaves=31
num_cat=0
split_feature=1 5 5 4 6 1 2 5 4 2 6 1 1 6 5 5 1 1 5 6 1 5 2 2 5 5 5 5 2 5
split_gain=4.3181 9.03128 9.86615 11.4245 8.20564 14.3526 12.831 7.67592 7.44356 6.71567 15.8269 10.5195 6.22168 9.38239 4.93915 7.07036 6.84535 6.3729 4.74327 4.69439 4.55784 6.69094 7.9326 8.71286 9.19473 6.42583 5.26032 4.5266 10.4725 4.46323
threshold=152.50000000000003 76.500000000000014 82.500000000000014 4.5000000000000009 12547.26 167.50000000000003 55344.990000000013 1224.0000000000002 1.5000000000000002 23137.850000000002 11387.460000000001 199.50000000000003 178.50000000000003 6915.7850000000008 28.500000000000004 43.500000000000007 187.50000000000003 166.50000000000003 117.50000000000001 4013.4850000000006 145.50000000000003 51.500000000000007 24366.085000000003 50481.130000000012 96.500000000000014 31.500000000000004 89.500000000000014 115.50000000000001 109266.49000000001 533.00000000000011
decision_type=2 2 2 2 2 2 2 2 2 2 2 2 2 2 2 2 2 2 2 2 2 2 2 2 2 2 2 2 2 2
left_child=7 4 8 9 6 -6 14 20 -3 12 11 18 -4 -14 -2 19 17 -17 -11 -16 -1 25 -23 24 -24 -22 -25 -28 -29 -12
right_child=1 2 3 -5 5 -7 -8 -9 -10 10 29 -13 13 -15 15 16 -18 -19 -20 -21 21 22 23 26 -26 -27 27 28 -30 -31
leaf_value=-1.1485297395903101e-05 -0.023519818188238173 0.0016359183976963718 0.00081485646857848469 -0.010595230225748143 -0.0012464361964728411 -0.030770344279532152 0.019752618709880335 0.027596464103886539 0.028642053214637916 -0.013310605682776222 0.0011054643788056427 -0.00012599116269671322 0.0021082732203519497 0.031445421427366047 -0.0038193332966246101 -0.0049764888189344735 0.0094747240572386499 -0.024529171544965742 -0.032685947699895149 0.024087888208455588 0.012237737571272472 -0.0050897251116835069 0.0044874777389361338 0.015684979966242879 0.030379171779271009 -0.016388422161416855 -0.013045925898009555 -0.010278395590257058 0.020501829830110525 -0.004957252178430533
leaf_weight=25773.721802452696 38.987245811033063 53.836585588753223 151.17830409109592 292.11903206631541 77.389638587832451 86.370284467935562 49.020784350344911 23.379558034241199 46.947488129138947 73.450636297464371 2002.7830365300179 86.542352244257927 56.132008150219917 51.545315966010094 28.640995014458895 99.345648590475321 39.047210333868861 71.477641694247723 60.648610152304173 28.730219788849354 26.352539994521067 105.47642507776618 58.362670503556728 66.797839976847172 83.970661897212267 63.114211350679398 49.805781602859497 54.422315388917923 52.35317987203598 355.73882515728474
leaf_count=672595 1020 243 808 1388 350 395 313 105 226 348 8481 397 328 229 306 624 250 469 281 190 347 599 267 279 357 384 206 223 227 1538
internal_value=-0.000113708 -0.00170076 -0.000715201 -0.00121498 -0.00780972 -0.0170013 -0.00350119 0.000112194 0.0145285 -0.000242686 -0.00101519 -0.0137583 0.00740307 0.0164693 -0.00732765 -0.00480825 -0.00905166 -0.0133471 -0.022425 0.0104966 8.56999e-05 0.00453753 0.00691735 0.0103892 0.0199718 -0.00787333 0.00416031 -0.000891944 0.00491295 0.000187592
internal_weight=30107.7 3749.93 3230.92 3130.14 519.01 163.76 355.25 26357.8 100.784 2838.02 2579.16 220.642 258.856 107.677 306.229 267.242 209.871 170.823 134.099 57.3712 26334.4 560.656 471.189 365.712 142.333 89.4668 223.379 156.581 106.775 2358.52
internal_count=693773 18184 14267 13798 3917 745 3172 675589 469 12410 11045 1026 1365 557 2859 1839 1343 1093 629 496 675484 2889 2158 1559 624 731 935 656 450 10019
is_linear=0
shrinkage=0.05


Tree=145
num_leaves=31
num_cat=0
split_feature=5 3 2 4 3 3 5 5 2 5 4 5 2 5 2 2 2 8 5 2 5 3 2 2 5 2 3 2 5 2
split_gain=6.05907 10.3224 12.6323 5.02247 4.52847 5.07173 11.7382 13.5607 11.4441 10.26 9.5661 9.12747 12.2072 11.6516 14.5086 12.3764 12.333 8.12349 7.65698 7.55075 11.6099 8.16602 7.17318 9.23073 13.9886 7.16686 6.8993 9.00552 7.47859 6.09368
threshold=533.00000000000011 991.50000000000011 42534.970000000008 1.5000000000000002 776.50000000000011 899.50000000000011 52.500000000000007 197.50000000000003 109266.49000000001 64.500000000000014 3.5000000000000004 53.500000000000007 46167.575000000004 155.50000000000003 61411.715000000004 34240.595000000008 27136.745000000006 2.5000000000000004 46.500000000000007 32232.585000000003 297.50000000000006 3146.0000000000005 136133.35500000001 50481.130000000012 91.500000000000014 109266.49000000001 991.50000000000011 177921.78000000003 128.50000000000003 91937.650000000009
decision_type=2 2 2 2 2 2 2 2 2 2 2 2 2 2 2 2 2 2 2 2 2 2 2 2 2 2 2 2 2 2
left_child=4 2 -2 -3 -1 11 17 8 9 -8 26 12 -6 16 15 -15 -13 -7 -19 20 -9 -21 23 24 -18 -16 -10 28 -28 -11
right_child=1 3 -4 -5 5 6 7 19 10 29 -12 13 -14 14 25 -17 22 18 -20 21 -22 -23 -24 -25 -26 -27 27 -29 -30 -31
leaf_value=-0.00020529227086637207 -0.0025609287410116657 0.00036281422928965919 -0.036786058285781291 -0.015447219897973095 0.0033139377166505322 -0.0083042968523995772 -0.020171576716266161 0.008590106294711455 -0.030823830356034115 -0.00036576704119865248 0.0033146368464006823 -0.0057456420991171524 -0.033031924685043339 0.0008453849490368475 0.023673532681272935 -0.033776030585300258 0.041829607302554361 0.01217550928955724 0.041308524172961131 0.0078957607692957295 -0.019524442397777689 -0.013383479520186026 0.030859029151805203 0.0053954905297044706 0.0061978044124044295 -0.00039679255567894923 -0.005937709177794865 -0.0013796512082462806 -0.030299192827014449 0.013817881734780683
leaf_weight=26603.030440561066 56.118291638791561 361.53624088317156 50.471446216106415 56.323474504053593 71.609370166435838 31.968826802680269 58.333693344146013 69.27295283973217 54.621908247470856 656.42419723793864 92.741719223558903 75.836785204708576 31.885966085828841 54.573129061609507 51.469931021332741 46.820715710520744 53.231002666056156 95.325804661260918 28.868863251060247 674.10020373016596 74.1293820515275 46.519965440034866 67.634667038917542 173.26055002957582 56.585283927619457 73.189928621053696 55.054839089512825 120.89765809476376 75.529836297035217 83.587324008345604
leaf_count=677960 253 1578 210 252 569 389 320 334 235 2999 388 443 168 264 212 193 255 711 152 2944 330 211 290 726 249 326 230 542 322 344
internal_value=-9.3042e-05 -0.00541 -0.019146 -0.00183166 1.59763e-06 0.00185149 0.000643855 -0.000363072 -0.00380583 -0.000343877 -0.0106991 0.00538203 -0.00829782 0.00757023 -0.00160119 -0.0154859 0.0124155 0.0137709 0.0194948 0.00440499 -0.00601188 0.00648883 0.0163529 0.0126949 0.0239088 0.00975832 -0.0149389 -0.0112727 -0.0202728 0.00126926
internal_weight=30101 524.449 106.59 417.86 29576.5 2973.47 2217.38 2061.21 1197.19 798.345 398.846 756.097 103.495 652.602 226.054 101.394 426.548 156.163 124.195 864.023 143.402 720.62 350.712 283.077 109.816 124.66 306.104 251.482 130.585 740.012
internal_count=694399 2293 463 1830 692106 14146 10451 9199 5380 3663 1717 3695 737 2958 995 457 1963 1252 863 3819 664 3155 1520 1230 504 538 1329 1094 552 3343
is_linear=0
shrinkage=0.05


Tree=146
num_leaves=31
num_cat=0
split_feature=2 6 5 6 3 3 2 3 6 5 5 3 0 2 5 5 6 6 5 2 0 3 0 5 2 3 4 2 5 6
split_gain=4.28549 8.99815 10.3526 10.0621 7.3281 7.03733 8.26281 14.1313 12.8172 13.1773 8.9472 7.47734 7.27805 6.79836 6.65312 6.58489 6.55316 12.427 10.9022 6.42586 6.26128 6.20611 6.1103 5.67413 5.41041 5.16133 5.14095 14.3181 15.9913 12.0044
threshold=3676.7850000000003 2316.3550000000005 4.5000000000000009 2434.4100000000003 113.50000000000001 36.500000000000007 10241.440000000001 135.50000000000003 1061.5100000000002 5.5000000000000009 3.5000000000000004 67.500000000000014 1.0000000180025095e-35 7652.3150000000014 10.500000000000002 2.5000000000000004 1658.6600000000003 1955.8800000000003 5.5000000000000009 10575.630000000001 10.500000000000002 55.500000000000007 5.5000000000000009 7.5000000000000009 18417.425000000007 648.50000000000011 4.5000000000000009 21004.765000000003 19.500000000000004 2148.8650000000002
decision_type=2 2 2 2 2 2 2 2 2 2 2 2 2 2 2 2 2 2 2 2 2 2 2 2 2 2 2 2 2 2
left_child=25 5 24 4 -4 12 -7 10 9 15 11 -8 -2 -6 -14 -9 18 -18 -10 -11 26 -12 23 -20 -3 -1 -19 28 29 -28
right_child=1 2 3 -5 13 6 7 8 16 19 21 -13 14 -15 -16 -17 17 20 22 -21 -22 -23 -24 -25 -26 -27 27 -29 -30 -31
leaf_value=-0.0014696044057614681 0.034362856540599715 -0.024926156388835299 0.004100125478859057 -7.1779413578468664e-05 -0.030710128500562692 0.00059435513261628674 -0.012500916838990872 -0.010357865971957987 0.054850021852275804 0.022386613939165006 0.018550946920652105 0.028317414691955901 0.0031199656142560789 -0.0088780792095474372 0.043675541574119174 0.024533036380498509 -0.0034187030499898403 0.010031543657957427 -0.0070559970554914522 -0.017795631680290646 -0.011978810140149551 -0.012000874054504741 -0.00096616667058668304 0.02247342518483729 0.003886505435982983 0.03037952884524088 0.038333789127216883 -0.01034117008472055 0.062870634657591615 -0.013488768597540154
leaf_weight=5320.7062909957021 29.588145660236478 61.945671581663191 60.674537083134055 20259.996853033081 52.111517580226064 3042.4125245501054 15.59205068158917 17.598713737330399 17.774219371378422 9.3809791691601259 16.510999869555235 30.946195821510628 105.75376020104159 112.34795471280813 9.2327539678662998 45.459852171130478 138.11256456188858 94.159141920506954 17.10156823694706 94.617385929916054 17.048886515200138 180.29950933344662 44.362407151609659 165.36120657622814 21.206466000527143 10.754893998382611 22.866544267162681 19.506154406815767 31.25264330022037 18.857083648443222
leaf_count=478119 501 1324 793 116653 700 73642 513 1132 278 210 230 1082 3512 1358 128 1255 1812 948 239 1983 237 2667 676 2172 322 220 310 246 412 248
internal_value=-0.000108424 0.00016857 -0.00026145 -0.000189113 -0.0106545 0.00228174 0.00189019 0.00583615 0.00921362 -0.00297682 -0.00461108 0.0146902 0.0130462 -0.0160818 0.00706735 0.0147764 0.0126848 0.00813706 0.0189223 -0.0138171 0.0159295 -0.00927696 0.0156521 0.0196592 -0.0176593 -0.00139399 0.0185788 0.0268845 0.0368451 0.0153668
internal_weight=30083.5 24752.1 20568.3 20485.1 225.134 4183.8 4039.22 996.808 753.459 167.057 243.349 46.5382 144.575 164.459 114.987 63.0586 586.402 341.803 244.599 103.998 203.69 196.811 226.825 182.463 83.1521 5331.46 186.642 92.4824 72.9763 41.7236
internal_count=693922 215583 121150 119504 2851 94433 90292 16650 12158 4580 4492 1595 4141 2058 3640 2387 7578 4213 3365 2193 2401 2897 3087 2411 1646 478339 2164 1216 970 558
is_linear=0
shrinkage=0.05


Tree=147
num_leaves=31
num_cat=0
split_feature=1 6 6 1 5 3 1 5 5 3 3 3 5 5 6 4 3 5 3 1 3 6 5 1 6 5 6 5 6 6
split_gain=4.97142 4.50112 4.2934 5.68082 17.5519 13.396 9.13113 21.5827 15.3798 10.786 9.00918 8.4721 12.6359 13.0002 8.35424 8.2525 8.12295 11.8239 8.06406 7.22597 8.02997 6.83558 15.0317 7.79959 6.7419 6.5778 6.17198 8.4458 5.87306 5.80917
threshold=2.5000000000000004 59.895000000000003 116.95500000000001 83.500000000000014 52.500000000000007 865.50000000000011 152.50000000000003 76.500000000000014 277.50000000000006 833.50000000000011 724.50000000000011 242.50000000000003 98.500000000000014 375.50000000000006 12547.26 4.5000000000000009 616.50000000000011 258.50000000000006 601.50000000000011 142.50000000000003 865.50000000000011 47875.92500000001 236.50000000000003 63.500000000000007 314.04500000000002 152.50000000000003 41902.980000000003 55.500000000000007 17616.980000000003 41902.980000000003
decision_type=2 2 2 2 2 2 2 2 2 2 2 2 2 2 2 2 2 2 2 2 2 2 2 2 2 2 2 2 2 2
left_child=1 -1 -2 11 5 14 8 9 10 -8 -6 26 -13 21 24 28 -17 29 -16 -12 -21 22 23 -14 -5 -25 -4 -28 -9 -18
right_child=2 -3 3 4 6 -7 7 15 -10 -11 19 12 13 -15 18 16 17 -19 -20 20 -22 -23 -24 25 -26 -27 27 -29 -30 -31
leaf_value=0.0030503717733048226 -0.0028785098119657572 0.017940106063660807 0.00025505026383185685 -0.02909045407595888 0.0016225957211705639 0.01145010024578158 -0.0077765929547751163 -0.0028661479885623126 -0.0075812961178088447 -0.028220907262842328 0.0045971701225927721 0.0043664303851742832 -0.038060320249441164 0.018187101485525256 -0.0071452996141622219 -0.025635618699370512 -0.0047739041666177073 -0.02540943192847487 -0.02330918544232681 0.0030830850247630039 0.023589753333943527 0.00783328542819944 0.0039571175538874997 -0.003454992840544722 -0.0028960283360255053 -0.027497400456992893 -0.016236031885793506 0.0012798499736207225 0.0020110618049246974 0.012608442537382039
leaf_weight=225.65560365148121 1346.9512921102578 63.935182252898812 13054.901410824968 22.807991465553641 3967.9350035004318 138.415148393251 204.80515861883759 890.38119006901979 402.72056368365884 93.846054747700691 551.23393542692065 2468.7166096710134 49.651025791652501 46.504205495119095 576.69669455289841 52.068907625973225 145.67944252118468 51.29277815669775 87.922198854386806 78.667989492416382 122.13046708703041 45.326801747083664 85.495140071958303 64.896135302260518 2832.4447704055347 49.602649942040443 133.02356657572091 139.80961418151855 2000.2724407911301 69.270372316241264
leaf_count=81134 272924 2680 240867 1146 19480 1022 1119 4144 1816 511 2513 21484 283 213 2634 261 743 237 398 351 541 188 434 375 26036 276 754 584 8529 282
internal_value=-5.8725e-05 0.0064382 -0.000122345 8.44503e-06 -0.000801486 -0.00370286 0.000428945 -0.00153599 0.00177445 -0.0143459 0.00257558 0.000625208 0.00311906 -0.00587178 -0.00430489 -0.00033561 -0.00795047 -0.00432645 -0.00934713 0.00758618 0.0156654 -0.00976176 -0.0129933 -0.021763 -0.00312549 -0.0141638 9.89828e-05 -0.00731626 0.000507837 0.000892376
internal_weight=30063.1 289.591 29773.5 28426.5 12288.6 3658.29 8630.3 3507.62 5122.69 298.651 4719.97 16137.9 2810.19 341.476 3519.87 3208.97 318.312 266.243 664.619 752.032 200.798 294.972 249.645 164.15 2855.25 114.499 13327.7 272.833 2890.65 214.95
internal_count=693959 83814 610145 337221 71763 31236 40527 15826 24701 1630 22885 265458 23253 1769 30214 14196 1523 1262 3032 3405 892 1556 1368 934 27182 651 242205 1338 12673 1025
is_linear=0
shrinkage=0.05


Tree=148
num_leaves=31
num_cat=0
split_feature=1 3 0 1 3 4 5 5 3 5 1 5 4 8 0 3 1 5 4 0 0 4 3 0 1 5 3 4 1 0
split_gain=3.70304 4.06084 7.85241 3.63716 7.27181 6.95851 4.86212 4.30959 4.81947 4.55643 5.19668 4.09778 4.7128 4.06919 6.4491 6.27542 3.97266 5.26081 7.07885 3.93915 3.90187 4.31251 4.24724 4.3291 5.50246 4.7331 4.22344 5.96299 6.83115 6.03063
threshold=2.5000000000000004 43.500000000000007 76.500000000000014 20.500000000000004 32.500000000000007 37.500000000000007 33.500000000000007 18.500000000000004 35.500000000000007 5.5000000000000009 24.500000000000004 7.5000000000000009 2.5000000000000004 2.5000000000000004 27.500000000000004 5.5000000000000009 6.5000000000000009 12.500000000000002 8.5000000000000018 2.5000000000000004 155.50000000000003 182.50000000000003 23.500000000000004 1.0000000180025095e-35 14.500000000000002 16.500000000000004 26.500000000000004 262.50000000000006 12.500000000000002 52.500000000000007
decision_type=2 2 2 2 2 2 2 2 2 2 2 2 2 2 2 2 2 2 2 2 2 2 2 2 2 2 2 2 2 2
left_child=-1 3 -3 6 -5 7 13 8 9 10 19 -10 -13 14 16 -15 -2 -18 -19 -6 22 -22 -17 24 25 -24 -25 29 -29 -28
right_child=1 2 -4 4 5 -7 -8 -9 11 -11 -12 12 -14 15 -16 20 17 18 -20 -21 21 -23 23 26 -26 -27 27 28 -30 -31
leaf_value=0.0054802525389471739 0.012369858754949059 -1.8590382028986912e-05 0.019392059159975366 -0.016716137196311785 -0.018259185937902267 -0.015312902363745304 -0.029886441817844025 0.012957758414731527 0.0024175095402852874 0.021213158612068128 -0.039235722158377805 0.0028160035861764018 -0.021033384941312943 -0.019442726500630069 -0.0092170976353957209 -0.004670976009884714 0.0045109897360054987 -0.021837993893032571 0.014467412124013543 0.038359439871119054 0.048161037876226893 0.0051722374904865018 0.0094959033767779925 0.0066856758216914877 -0.00088205067384964156 0.037958283116877628 -0.0032489142460735646 0.029882000958530264 -0.0068988204225939945 -0.022640018044766314
leaf_weight=290.83774927939521 123.09114919754211 26923.224275579036 50.204039426578674 116.21525430871407 4.0083319325931352 78.710761494061444 12.646800145506857 60.283639993518591 77.802395677659661 34.254882395267487 6.3269204294774672 30.483955681324005 59.908328927122056 49.592518371762708 98.974237235321198 798.68118374666665 359.16657460958231 43.001812079921365 17.512716358527541 4.7202931023202837 5.6037440774962297 27.742715762928128 55.84369010059163 128.74458409310319 86.552955095889047 18.880781855434179 433.34209368866868 25.459361010813154 22.222104986547492 42.327934419037774
leaf_count=83694 19229 347358 4421 6948 156 9921 96 590 3314 657 323 407 1109 4709 43972 69403 33591 455 290 284 632 5037 2257 10860 2527 136 26542 5989 5331 4412
internal_value=-0.000114915 -0.000169895 1.89726e-05 -0.00197381 -0.00596623 -0.00238817 -0.00116611 0.00135731 -0.00194664 0.0115074 -0.0104736 -0.00597988 -0.0131035 -0.000985247 0.00240069 -0.00226853 0.00454525 0.00220254 -0.0112046 0.0138023 -0.00172792 0.0147127 -0.00208581 0.000457884 0.00774001 0.0174896 -0.0013613 -0.00335878 0.0131525 -0.00506202
internal_weight=30086.4 29795.5 26973.4 2822.1 472.715 356.5 2349.39 277.789 217.505 49.3104 15.0555 168.195 90.3923 2336.74 641.746 1694.99 542.772 419.681 60.5145 8.72863 1645.4 33.3465 1612.05 813.374 161.277 74.7245 652.096 523.351 47.6815 475.67
internal_count=694650 610956 351779 259177 23709 16761 235468 6840 6250 1420 763 4830 1516 235372 97537 137835 53565 34336 745 440 133126 5669 127457 58054 4920 2393 53134 42274 11320 30954
is_linear=0
shrinkage=0.05


Tree=149
num_leaves=31
num_cat=0
split_feature=4 0 4 3 8 7 6 3 5 7 3 5 3 5 6 6 3 6 6 6 3 6 6 4 5 4 5 5 6 5
split_gain=3.60608 3.87699 3.84178 4.38277 3.47856 3.98444 5.64543 3.47408 3.31858 3.12987 2.86607 8.53815 6.7902 7.3805 7.33423 7.82661 7.75793 14.3755 8.52627 6.62291 5.02056 6.30076 6.93246 5.67104 5.00512 4.37975 5.55984 3.99342 7.04238 6.33455
threshold=2581.5000000000005 350.50000000000006 845.50000000000011 2.5000000000000004 1.0000000180025095e-35 1.5000000000000002 2493.0450000000005 29.500000000000004 2981.0000000000005 2.5000000000000004 776.50000000000011 533.00000000000011 803.50000000000011 60.500000000000007 18773.655000000002 16536.615000000002 1348.5000000000002 10845.810000000003 3393.6150000000002 13219.300000000001 991.50000000000011 13219.300000000001 6669.4150000000009 1.0000000180025095e-35 107.50000000000001 5.5000000000000009 40.500000000000007 109.50000000000001 67270.12000000001 127.50000000000001
decision_type=2 2 2 2 2 2 2 2 2 2 2 2 2 2 2 2 2 2 2 2 2 2 2 2 2 2 2 2 2 2
left_child=1 4 3 -3 5 7 -7 -1 10 -2 11 -6 13 -12 15 16 18 24 25 -15 23 22 -22 -20 -18 26 -14 28 -16 -29
right_child=9 2 -4 -5 8 6 -8 -9 -10 -11 12 -13 14 19 27 -17 17 -19 20 -21 21 -23 -24 -25 -26 -27 -28 29 -30 -31
leaf_value=0.038431480861330136 0.0042999204963332666 -0.012985097961186291 0.0063593237721976991 0.05860363901173709 6.4623460870073178e-05 -0.037498516410401521 0.02388535919306975 -0.024378353986890054 -0.012888739563916011 -0.0094603751306123769 -0.0078621711299644795 -0.020635169273364992 0.037547566118097064 0.0006266402804543424 0.0011898724920728471 -0.012679561957906624 0.0082816272049673987 0.019490224594082901 0.0070330439586902271 0.022891677958767166 -0.016999046254800625 -0.021097267269356481 0.00070596068694051537 -0.0054752885060554892 -0.01102373390110457 -0.0044180403668558736 0.0054607254770204063 0.014392828871078123 -0.017671056901512914 0.0029697988417207431
leaf_weight=3.6509833399322842 53.118858604924753 2.0368831965606642 32.521388810535427 6.2704731819685549 26291.444099355605 17.678028595226355 3.1762722749263039 1.8971970799611879 46.491281799972057 169.68298976693768 41.059055677615106 47.910905204713345 23.340989677235484 49.441448599100113 293.43532561510801 149.94184121489525 51.419068979332224 119.85334646701813 141.87321244925261 101.6819911301136 80.781675279140472 82.070290602743626 166.02199121192098 242.86249811947346 88.968756422400475 25.815772417234257 30.634123578667641 130.01553621888161 57.482827052474022 1538.4622220396996
leaf_count=2607 23549 372 13271 1171 539799 12512 44 1325 199 82887 260 210 235 257 1219 623 393 510 654 424 485 344 776 1266 435 415 239 546 241 6668
internal_value=0.000138337 0.000185809 0.0152186 0.0419371 0.000164213 -0.0173256 -0.0268772 0.0161851 0.00018087 -0.00617067 0.000202156 2.54069e-05 0.00156452 0.0106454 0.00101677 -0.00207061 -0.000539704 0.00691932 -0.00299757 0.0157108 -0.00473872 -0.00925502 -0.00517915 -0.000850261 -0.00393586 0.0123095 0.0201822 0.00285711 -0.00198231 0.0038761
internal_weight=30091 29868.2 40.8287 8.30736 29827.4 26.4025 20.8543 5.54818 29801 222.802 29754.5 26339.4 3415.16 192.182 3222.98 1203.58 1053.64 260.241 793.401 151.123 713.61 328.874 246.804 384.736 140.388 79.7909 53.9751 2019.4 350.918 1668.48
internal_count=693936 587500 14814 1543 572686 16488 12556 3932 556198 106436 555999 540009 15990 941 15049 6375 5752 1338 4414 681 3525 1605 1261 1920 828 889 474 8674 1460 7214
is_linear=0
shrinkage=0.05


Tree=150
num_leaves=31
num_cat=0
split_feature=1 2 1 3 1 5 5 5 5 2 1 5 5 1 5 3 5 2 2 3 1 1 5 5 1 1 1 1 2 5
split_gain=4.8148 9.1481 12.1053 9.55668 8.73664 19.7235 12.5732 19.0332 8.83682 6.95939 5.96888 5.69808 9.32731 13.8853 12.1735 4.41627 12.147 19.0794 10.559 10.3359 8.98622 5.82815 11.3003 10.9453 10.8163 7.81301 11.7092 7.79096 7.67271 7.36359
threshold=221.50000000000003 273750.53000000009 217.50000000000003 1171.5000000000002 252.50000000000003 689.50000000000011 268.50000000000006 727.50000000000011 477.50000000000006 136133.35500000001 302.50000000000006 70.500000000000014 169.50000000000003 122.50000000000001 233.50000000000003 562.50000000000011 14.500000000000002 17649.240000000002 7242.4750000000013 587.50000000000011 185.50000000000003 96.500000000000014 73.500000000000014 79.500000000000014 75.500000000000014 123.50000000000001 129.50000000000003 90.500000000000014 78811.665000000023 445.50000000000006
decision_type=2 2 2 2 2 2 2 2 2 2 2 2 2 2 2 2 2 2 2 2 2 2 2 2 2 2 2 2 2 2
left_child=1 2 15 11 5 8 -6 9 -2 -8 -9 -3 13 -13 -14 20 17 18 -17 -18 -1 22 27 25 -24 28 -27 -21 -23 -25
right_child=4 3 -4 -5 6 -7 7 10 -10 -11 -12 12 14 -15 -16 16 19 -19 -20 21 -22 23 24 29 -26 26 -28 -29 -30 -31
leaf_value=-0.00010683553513680331 0.0071285426924466433 0.00041109313558951842 -0.020241679950015343 0.0056892981392025208 -0.018176343862817825 0.038691541287581233 0.0045033267480800417 -0.023441109251192929 -0.015674887317205399 0.02494790026843571 2.8476741676120222e-05 -0.0027219551759013537 0.014868861704923915 -0.034475609190805431 -0.018336612549750587 0.032827131868647594 0.0095365502148269145 0.057499772485663951 -0.028546655519541927 0.0087386189023203453 -0.019358574392414667 0.0057373500427502343 -0.024512668206354199 0.0026114928733894293 0.0048833153241683216 -0.026470966560242726 -0.0051184488219937407 0.032085572012306864 -0.015296253786282283 -0.005590059180783126
leaf_weight=24052.532116567541 409.00331802270375 79.071754728793167 71.238556904601865 108.00929366052151 89.754666493623517 45.480579540133476 95.284072518348694 59.428938120603561 45.492114394903183 73.466611817479134 48.455228552222252 54.39245742559433 47.748023420572281 93.548316299915314 60.121619842946529 9.7401447395095619 347.03682761080563 22.557508101454005 15.439034638926385 180.87746503576636 58.767849803029094 258.4579040762037 43.856008473783731 2362.0542577914894 96.989510275423527 69.480835530906916 651.67321069538593 43.439680989831686 50.048763759434223 307.61200737208128
leaf_count=663865 1905 404 333 489 456 206 399 259 200 358 212 226 212 393 260 421 1795 330 310 1069 384 1519 213 10496 455 377 3750 248 217 1330
internal_value=5.90045e-05 -5.05282e-05 5.99811e-05 -0.00716531 0.00372777 0.00801337 -0.00213213 0.00316655 0.00478739 0.013592 -0.0130913 -0.0113205 -0.0149218 -0.022993 -0.00363525 0.000112015 0.00155714 0.02613 -0.00413665 0.00127952 -0.000155361 0.000570169 0.00657855 -2.61558e-05 -0.00448496 -0.00440045 -0.00724321 0.0135034 0.00224854 0.00166299
internal_weight=29951.1 29084.7 28641.8 442.891 866.366 499.976 366.39 276.635 454.495 168.751 107.884 334.882 255.81 147.941 107.87 28570.6 4459.26 47.7367 25.1792 4411.53 24111.3 4064.49 365.163 3699.33 140.846 1029.66 721.154 224.317 308.507 2669.67
internal_count=693091 689096 687112 1984 3995 2311 1684 1228 2105 757 471 1495 1091 619 472 686779 22530 1061 731 21469 664249 19674 1985 17689 668 5863 4127 1317 1736 11826
is_linear=0
shrinkage=0.05


Tree=151
num_leaves=31
num_cat=0
split_feature=7 1 3 1 1 3 0 1 0 3 3 6 6 3 3 3 7 1 3 1 3 0 1 1 1 3 1 0 6 0
split_gain=4.46341 7.44432 6.82203 7.63949 6.51341 8.61288 7.48683 5.75951 7.3863 7.75786 7.00597 5.61275 5.30771 8.67317 14.3414 4.99278 4.83793 5.16884 4.68428 4.64018 4.43536 4.81732 4.36554 6.35756 4.2292 8.9238 5.43232 4.17327 8.54762 3.84329
threshold=3.5000000000000004 3.5000000000000004 6.5000000000000009 4.5000000000000009 60.500000000000007 173.50000000000003 4.5000000000000009 20.500000000000004 7.5000000000000009 22.500000000000004 27.500000000000004 1379.1500000000003 8.8400000000000016 38.500000000000007 53.500000000000007 24.500000000000004 1.5000000000000002 14.500000000000002 233.50000000000003 55.500000000000007 47.500000000000007 15.500000000000002 16.500000000000004 7.5000000000000009 13.500000000000002 72.500000000000014 18.500000000000004 122.50000000000001 427.31500000000005 6.5000000000000009
decision_type=2 2 2 2 2 2 2 2 2 2 2 2 2 2 2 2 2 2 2 2 2 2 2 2 2 2 2 2 2 2
left_child=4 11 3 -3 5 7 18 8 9 22 15 -2 13 -4 -15 -11 20 -18 -7 -9 21 -10 23 29 -22 26 -26 -14 -29 -1
right_child=1 2 12 -5 -6 6 -8 19 16 10 -12 -13 27 14 -16 -17 17 -19 -20 -21 24 -23 -24 -25 25 -27 -28 28 -30 -31
leaf_value=0.0014690414064407575 0.02224548094763229 -0.0025795225326703561 -0.013407261598552878 0.049833352895656123 -0.038532505380486942 0.10433902436459566 -0.00050033166836750231 -0.013567840803167511 -0.020857066697813141 0.0091864816383134644 0.0068549455059362524 -0.015387225991916284 6.9686632149753791e-05 0.12143303633711729 0.00744263579629927 0.051049087515507574 -0.007623286193345841 -0.03183267508027058 0.0031686553475905135 0.03863062859986395 -0.0026796715530438024 -0.00095461567010407208 0.039020139654664436 -0.014119190752901498 0.064458184298398141 -0.016101855678991684 -0.0011620548090861868 0.048127358375318341 -0.02286658969581017 0.034207587258474108
leaf_weight=175.05919983080821 58.727714031818323 12.930290628457444 7.3716180673800435 12.581443988019599 10.741734780080149 2.5166314932284859 5.9943462230730802 144.80744588724338 32.007817076228093 13.017445016186686 81.274437814892735 10.366189820691941 28761.37690797809 2.6583229419775289 7.4725594567134976 17.135232955566607 260.9263368647662 22.450275728013366 1.7048485176637767 2.4987014398793681 20.030384125886485 289.1486951073166 4.7094968465971752 72.81423099670792 10.634351317072289 6.760747857450041 4.1099863711860953 10.171001917566171 5.0314761633053413 7.4630431699333704
leaf_count=23837 2533 432 868 431 2714 308 627 34860 7649 2364 14107 144 379917 347 851 3055 106821 7921 203 604 3560 77487 972 14564 1979 1075 737 1171 214 1889
internal_value=4.22541e-05 0.000165752 0.00012588 0.0250122 -0.00296162 -0.00257154 0.0392115 -0.00300456 -0.00165544 0.00394925 0.014861 0.0163254 0.000102095 0.0261775 0.0524426 0.0346719 -0.00488024 -0.00975091 0.0776343 -0.0121768 -0.00104211 -0.00305499 -0.000804041 -0.00183612 0.013947 0.0283438 0.0482125 8.44168e-05 0.0247041 0.00316393
internal_weight=30074.5 28888.7 28819.6 25.5117 1185.81 1175.06 10.2158 1164.85 1017.54 371.473 111.427 69.0939 28794.1 17.5025 10.1309 30.1527 646.069 283.377 4.22148 147.306 362.692 321.157 260.046 255.336 41.5355 21.5051 14.7443 28776.6 15.2025 182.522
internal_count=694241 386908 384231 863 307333 304619 1138 303481 268017 60788 19526 2677 383368 2066 1198 5419 207229 114742 511 35464 92487 85136 41262 40290 7351 3791 2716 381302 1385 25726
is_linear=0
shrinkage=0.05


Tree=152
num_leaves=31
num_cat=0
split_feature=7 1 0 4 2 8 1 2 0 2 4 2 5 4 4 4 1 1 2 4 4 1 2 0 4 2 2 0 5 2
split_gain=3.3974 7.9823 8.63485 8.03872 8.45809 7.05023 6.24836 5.6568 6.55619 5.23239 4.94324 4.84252 5.78672 4.71797 4.40423 8.15226 6.97931 6.13398 6.6852 4.39891 7.90998 6.68463 4.20117 4.11472 4.10489 6.71129 13.2096 18.2 4.99343 4.1066
threshold=3.5000000000000004 15.500000000000002 3.5000000000000004 3.5000000000000004 311.41500000000002 3.5000000000000004 1.5000000000000002 14.120000000000003 1.0000000180025095e-35 770.7650000000001 34.500000000000007 126.605 2.5000000000000004 264.50000000000006 152.50000000000003 105.50000000000001 5.5000000000000009 22.500000000000004 15080.935000000001 365.50000000000006 501.50000000000006 10.500000000000002 2962.1900000000005 13.500000000000002 97.500000000000014 1381.4100000000003 1910.9350000000002 27.500000000000004 11.500000000000002 3447.6850000000004
decision_type=2 2 2 2 2 2 2 2 2 2 2 2 2 2 2 2 2 2 2 2 2 2 2 2 2 2 2 2 2 2
left_child=1 2 3 -1 6 -3 7 -5 -9 -7 -8 12 23 -6 15 24 -16 -18 -19 -15 -21 22 -22 -2 -13 -26 27 -27 29 -28
right_child=11 5 -4 4 13 9 10 8 -10 -11 -12 14 -14 19 16 -17 17 18 -20 20 21 -23 -24 -25 25 26 28 -29 -30 -31
leaf_value=-0.0015473956386988712 -0.029584052872704786 -0.023998339007802429 -0.0034880703544974919 -0.011841105220688691 0.012946566835865224 -0.021957475368661786 0.032319881693541164 0.10070965842725151 0.0016181700913197282 -0.0015429721956931421 -0.012480817710678382 -6.0713367383796697e-05 0.031235907162608406 0.070708601430498993 -0.033704961839239385 -0.010024608626009981 0.022086291943505698 -0.0097342160372526701 0.038292936518289744 -0.022325335300197591 0.062805127132193023 -0.00095667775098275142 -0.016974347795834368 0.013767584592251301 -0.013713554473960197 0.12193644296805667 -0.0075641931346659948 -0.026342558812228519 -0.030528542020727464 0.026391223785161733
leaf_weight=124.120510911569 7.3921937742270556 67.998553916695528 667.12679416727042 3.2272799713537079 32.58607810176909 36.942740318831056 5.2517101508565238 2.3089771309169009 2.833257272024639 163.6624114534352 40.460834717669059 28432.021561877104 24.706141054397449 7.9085511984303585 6.8570190431782967 203.54900678433478 66.563279286841862 39.5333772234153 6.7793004901614031 5.1623563081957426 14.357059929578101 7.1511126847472033 1.0079812670592208 11.239293770631773 17.078911847900599 4.3839729600585988 11.928953229915349 2.1648923931643367 4.8719607032835475 26.194846145343035
leaf_count=3508 485 23844 211390 1106 3732 10154 589 537 907 28765 14687 346716 756 1124 725 19052 7459 4739 218 933 3444 2790 101 1261 2182 474 995 189 113 1192
internal_value=-0.00014456 -0.00276949 -0.000533946 0.0074288 0.0164202 -0.0103123 0.0015033 0.0366343 0.0618541 -0.00548208 -0.00619484 -3.6878e-05 0.0162912 0.0278737 -6.25581e-05 -0.000102802 0.00942779 0.0125892 -0.00140977 0.0401258 0.0272113 0.0394635 0.0562192 -0.00463302 -3.12377e-05 0.0121828 0.0212955 0.0782238 0.00953299 0.0159191
internal_weight=30047.4 1182.11 913.503 246.376 122.255 268.604 54.0821 8.36951 5.14223 200.605 45.7125 28865.3 43.3376 68.1731 28821.9 28702.2 119.733 112.876 46.3127 35.5871 27.6785 22.5162 15.365 18.6315 28498.6 66.6235 49.5446 6.54887 42.9958 38.1238
internal_count=694167 307611 244848 33458 29950 62763 17826 2550 1444 38919 15276 386556 2502 12124 384054 370913 13141 12416 4957 8392 7268 6335 3545 1746 351861 5145 2963 663 2300 2187
is_linear=0
shrinkage=0.05


Tree=153
num_leaves=31
num_cat=0
split_feature=1 2 1 2 8 0 2 6 2 1 8 2 4 1 2 0 1 6 2 6 2 2 4 4 2 6 1 0 2 2
split_gain=5.71763 8.2162 6.86463 6.66581 5.98371 5.33965 9.86652 5.30936 5.2769 12.2128 19.4259 6.11372 4.77039 5.80019 5.71723 5.0617 4.76249 10.5381 6.7118 5.0416 15.1248 6.10145 9.45034 6.28993 4.69329 9.67565 10.3783 10.9571 10.759 15.7341
threshold=92.500000000000014 13423.850000000002 116.50000000000001 377.98500000000007 4.5000000000000009 9.5000000000000018 25693.415000000005 4642.4650000000011 15080.935000000001 128.50000000000003 4.5000000000000009 14506.280000000002 2582.5000000000005 7.5000000000000009 618.59500000000014 72.500000000000014 97.500000000000014 738.23500000000013 4944.5650000000014 5071.4100000000008 11309.090000000002 11687.245000000001 13.500000000000002 8.5000000000000018 24366.085000000003 8037.6150000000007 73.500000000000014 5.5000000000000009 10575.630000000001 11687.245000000001
decision_type=2 2 2 2 2 2 2 2 2 2 2 2 2 2 2 2 2 2 2 2 2 2 2 2 2 2 2 2 2 2
left_child=3 2 16 -1 -4 8 -7 -6 9 10 -3 -11 24 15 -15 -14 18 -18 -2 21 -21 22 23 -19 25 -5 27 28 -27 -30
right_child=1 5 4 12 7 6 -8 -9 -10 11 -12 -13 13 14 -16 -17 17 19 -20 20 -22 -23 -24 -25 -26 26 -28 -29 29 -31
leaf_value=-0.0036777012962525332 0.020767645888977761 0.035430238744020896 -0.027169591083050556 0.00098558386553623269 -0.0032352815613235935 -0.025796012912431939 -0.0014694227279852491 -0.015930680741547323 -0.00020469384876959176 0.031921037467724754 -0.0070942639407995112 0.004402107117139618 0.055888205906891225 -0.032161865506693414 0.016522308701487309 -0.010295021839063903 -0.029310397974147775 -0.0041413120594014285 -0.0115182604542922 0.03364368218637126 -0.0055352140126069781 0.012393195580467505 0.02152006653371823 -0.031166880504052696 0.0025942606651165575 -0.019946175174399661 -0.011272356838878382 -0.010241158714882953 0.031443274677949634 0.0013776831906939439
leaf_weight=792.03207899472909 15.979907903645652 29.978697954444215 43.035215583571699 13518.985045921989 235.38427919521928 55.051999416551553 155.70890715997666 125.83675292134285 9189.2068286397262 54.863069377955981 165.6573819257319 32.407540398417041 10.710246312955858 6.3775059988838647 19.624020602845121 3.0208714068285181 25.014734092867002 221.10484650172293 165.13892847346142 44.298904377967119 51.617738030850887 76.014694016426802 31.466658402234316 21.983955955132842 3557.0121059714584 51.982784941792488 318.47915798425674 248.10022855363786 44.201801816001534 752.80250362306833
leaf_count=206052 400 402 1575 383956 2306 489 851 740 44980 409 1152 245 2438 4028 8224 1105 1241 2288 2009 255 296 753 609 329 19024 278 1517 1650 223 3735
internal_value=0.000294612 -0.000630236 -0.00481189 0.000808646 -0.00991522 -0.000172913 -0.00800643 -0.00772128 3.04171e-06 0.00670465 -0.000285337 0.0220296 0.00100077 0.0178878 0.00313706 0.0418701 -0.00163007 0.00102359 -0.008474 0.0028462 0.0128771 4.42584e-05 -0.00343963 -0.00681978 0.000962554 0.00057363 -0.00335646 -0.00104218 0.00166379 0.00311965
internal_weight=30063.1 10739.8 1056.88 19323.3 404.256 9682.87 210.761 361.221 9472.11 282.907 195.636 87.2706 18531.3 39.7326 26.0015 13.7311 652.62 471.502 181.119 446.487 95.9166 350.57 274.555 243.089 18491.6 14934.6 1415.57 1097.09 848.987 797.004
internal_count=693559 61329 12801 632230 4621 48528 1340 3046 47188 2208 1554 654 426178 15795 12252 3543 8180 5771 2409 4530 551 3979 3226 2617 410383 391359 7403 5886 4236 3958
is_linear=0
shrinkage=0.05


Tree=154
num_leaves=31
num_cat=0
split_feature=7 7 3 2 0 2 3 3 2 2 8 2 0 2 3 2 0 2 3 2 3 4 4 3 3 0 2 2 4 4
split_gain=3.49081 5.07104 6.91081 4.60695 4.36131 5.36978 5.1775 4.98873 4.90952 4.36224 4.62728 4.07793 4.05351 3.81837 3.29696 3.27927 4.17266 4.0591 3.18641 4.23358 3.84437 3.4862 7.94118 11.844 6.89102 3.55689 3.52848 6.83151 5.19141 3.27574
threshold=1.5000000000000002 3.5000000000000004 51.500000000000007 157.15500000000003 11.500000000000002 821.3850000000001 6.5000000000000009 1.5000000000000002 49.110000000000007 132.60500000000005 1.0000000180025095e-35 738.03000000000009 94.500000000000014 876.08000000000015 29.500000000000004 150.71000000000001 110.50000000000001 293.22000000000008 22.500000000000004 8316.2900000000027 23.500000000000004 105.50000000000001 131.50000000000003 25.500000000000004 35.500000000000007 23.500000000000004 10241.440000000001 7049.3100000000004 166.50000000000003 97.500000000000014
decision_type=2 2 2 2 2 2 2 2 2 2 2 2 2 2 2 2 2 2 2 2 2 2 2 2 2 2 2 2 2 2
left_child=-1 2 4 -4 5 7 9 8 -2 10 -6 12 -11 -7 -9 -8 -17 -18 19 -3 -20 29 -23 25 -25 -24 27 -26 -28 -22
right_child=1 18 3 -5 6 13 15 14 -10 11 -12 -13 -14 -15 -16 16 17 -19 20 -21 21 22 23 24 26 -27 28 -29 -30 -31
leaf_value=0.0037902236910313581 -0.0021993542141388604 0.0039886726569066675 0.040932743944483166 -0.030044618944044518 -0.034361831941819819 0.046320277715655132 -0.027660634821190723 -0.0039438192162372888 0.0457274335998058 0.032087379941997916 -0.00127099767020939 -0.017094074995192672 -0.0081934716140821331 0.0078434322753265905 -0.027939800279107516 -0.012751293099545608 0.050867523216030122 -0.0083329173865357067 -0.012627039620360121 -0.014335952128609428 -2.7910371032187486e-05 -0.014746012119029428 0.0036461849005384643 -0.025403002479960125 0.0045068531453060076 0.092888558582797251 -0.004205244922325501 -0.037385645609560439 0.047516494076703539 0.011462884604246101
leaf_weight=588.36957210418768 11.417967394401787 724.65211193135474 0.74746784340822969 32.364813157590106 10.756517982576041 5.1859858728130339 33.649893594672903 185.55679535312811 7.7648316851118571 21.675048217701264 62.479889897513203 6.9686309243552378 7.5361058957641935 80.855649489036296 13.635245281504465 100.65528963436373 3.4486410540994239 5.1735097977798432 58.967348940786906 31.015082793310285 27757.843019286403 126.51048200693913 1.7065112780546758 21.741731991292909 97.812739880522713 2.5313071138225496 8.5043391436338442 8.7831794165540469 8.4413459232309815 60.16130488156341
leaf_count=134379 2523 28370 340 9099 11429 809 19687 38677 729 5705 28350 823 2836 9442 4846 34556 1821 1934 2351 385 324234 11297 210 2592 11426 292 306 485 303 4420
internal_value=-1.66503e-05 -9.2833e-05 -0.00467429 -0.0262021 -0.00330476 0.000728432 -0.00813769 -0.00344652 0.0196862 7.12184e-05 -0.00691542 0.0138352 0.0218363 0.0111621 -0.00584782 -0.0143362 -0.00980976 0.020465 9.67077e-07 0.00320071 -8.514e-05 -5.79184e-05 -0.005629 0.00217777 -0.000709131 0.0696431 0.00397213 0.000430083 0.0238557 -2.23723e-06
internal_weight=30086.9 29498.5 589.872 33.1123 556.76 304.416 252.344 218.375 19.1828 109.416 73.2364 36.1798 29.2112 86.0416 199.192 142.927 109.277 8.62215 28908.7 755.667 28153 28094 276.032 149.521 145.283 4.23782 123.542 106.596 16.9457 27818
internal_count=694656 560277 173606 9439 164167 57026 107141 46775 3252 49143 39779 9364 8541 10251 43523 57998 38311 3755 386671 28755 357916 355565 26911 15614 15112 502 12520 11911 609 328654
is_linear=0
shrinkage=0.05


Tree=155
num_leaves=31
num_cat=0
split_feature=1 2 2 1 0 2 2 2 6 5 6 2 8 0 6 2 2 1 4 5 0 0 4 1 2 1 6 5 5 6
split_gain=4.5472 5.6233 6.77415 7.48281 6.18076 4.65364 10.0039 4.92162 7.69447 8.06166 5.44804 6.85906 5.1707 4.58964 10.0208 4.4915 4.88498 5.92314 4.24931 4.01062 3.91792 9.92242 4.95661 6.93666 3.80775 9.04225 22.93 15.9331 9.65701 9.4268
threshold=8.5000000000000018 857.17000000000007 931.35000000000014 39.500000000000007 3.5000000000000004 4944.5650000000014 4611.5500000000011 431.82500000000005 250.03500000000003 8.5000000000000018 1906.4300000000001 1989.6000000000001 2.5000000000000004 147.50000000000003 33.215000000000011 500.21000000000009 691.19500000000016 4.5000000000000009 1.0000000180025095e-35 1.5000000000000002 76.500000000000014 80.500000000000014 192.50000000000003 23.500000000000004 20116.000000000004 83.500000000000014 41902.980000000003 35.500000000000007 74.500000000000014 4013.4850000000006
decision_type=2 2 2 2 2 2 2 2 2 2 2 2 2 2 2 2 2 2 2 2 2 2 2 2 2 2 2 2 2 2
left_child=5 13 3 4 -3 6 7 -1 -9 10 11 15 -11 -2 -15 -10 -17 19 -7 -18 24 -22 23 -23 -4 26 28 -27 -26 -29
right_child=1 2 20 -5 -6 18 -8 8 9 12 -12 -13 -14 14 -16 16 17 -19 -20 -21 21 22 -24 -25 25 27 -28 29 -30 -31
leaf_value=0.00056266313115893964 -0.0046911964919773503 0.022314526574779218 -0.0006360651036978396 0.063359340201435924 -0.0023979972751808115 0.01152861237767331 0.067229409664443199 0.016101204079450489 0.020982127378222179 0.032514706906480173 -0.02303201843467553 0.022351064483834573 0.0018399018971385823 -0.0093017774040635975 0.10907927683876982 -0.020006420843538229 -0.011598594746793638 -0.0072571540848050502 -0.021038510014957549 0.024048749517850646 0.056573426813224352 -0.020299113239103446 0.028605859403948025 0.02404524629286231 0.0049765525729118911 -0.0062645969464869659 -0.0082433806087398084 -0.018011345836082208 -0.0045539748477474475 0.00057897425272525934
leaf_weight=653.54912015388254 768.85379878699314 44.503127664327621 15096.245124571607 4.8476747605018309 54.736371760896873 12.428523674607275 4.1692872941493979 159.64001777756494 16.366560380905867 30.473485972732306 24.162434445694089 30.409599151927978 24.250161143019795 4.1156886242097235 0.82618912297766645 39.408157481113449 9.1342478292062861 91.062084628967568 33.805118770105764 29.89448570786044 8.6239462017547321 25.428482820512727 11.8579355252441 11.081337616080416 2901.9109869519016 994.94768478663173 424.15632356330752 66.761935509741306 291.02544577419758 8233.7218395024538
leaf_count=171940 104736 2375 307837 295 6182 80 97 22068 613 293 402 791 296 1090 101 1472 372 2991 804 653 542 1673 1715 453 17246 7265 1971 545 1231 36269
internal_value=-1.47656e-05 -0.000137817 -2.2163e-05 0.0125888 0.00890603 0.00305379 0.00370711 0.00334749 0.0073293 0.00250852 -0.00147968 0.00111714 0.0194657 -0.00433727 0.0362138 -0.00255792 -0.00504909 -0.000283782 -0.0121688 0.0155472 -6.98267e-05 0.0128022 0.00306125 -0.00629008 -9.69306e-05 0.000533381 0.00265372 -0.000292091 0.00410557 0.000425147
internal_weight=30102.4 28943.6 28169.8 104.087 99.2395 1158.75 1112.52 1108.35 454.801 295.161 240.438 216.275 54.7236 773.796 4.94188 185.866 169.499 130.091 46.2336 39.0287 28065.8 56.9917 48.3678 36.5098 28008.8 12912.5 3617.09 9295.43 3192.94 8300.48
internal_count=694398 491526 385599 8852 8557 202872 201988 201891 29951 7883 7294 6892 589 105927 1191 6101 5488 4016 884 1025 376747 4383 3841 2126 372364 64527 20448 44079 18477 36814
is_linear=0
shrinkage=0.05


Tree=156
num_leaves=31
num_cat=0
split_feature=8 2 2 3 1 1 3 2 6 5 2 5 3 6 3 2 3 3 2 1 2 8 3 3 3 6 2 1 2 8
split_gain=2.84078 4.33379 9.19755 4.53433 2.72049 4.46402 2.63281 5.29693 4.08461 5.53879 3.89195 3.76157 5.08074 4.29994 5.85557 4.19791 4.05864 10.7413 4.18971 3.52072 6.51671 5.29847 5.91456 4.64304 6.87859 6.655 5.14927 4.10864 9.0517 3.51073
threshold=1.0000000180025095e-35 249.79500000000004 367.72000000000008 25.500000000000004 327.50000000000006 294.50000000000006 2.5000000000000004 31.145000000000003 19.830000000000002 1.5000000000000002 358.63000000000005 2.5000000000000004 26.500000000000004 209.00500000000002 16.500000000000004 302.16500000000008 14.500000000000002 23.500000000000004 126.605 6.5000000000000009 5442.0850000000009 2.5000000000000004 5.5000000000000009 8.5000000000000018 6.5000000000000009 518.90500000000009 465.78000000000003 3.5000000000000004 1381.4100000000003 2.5000000000000004
decision_type=2 2 2 2 2 2 2 2 2 2 2 2 2 2 2 2 2 2 2 2 2 2 2 2 2 2 2 2 2 2
left_child=1 -1 3 -3 5 6 7 -2 -9 -10 11 16 13 14 -13 29 -8 -18 -19 20 21 23 -23 24 26 -25 -12 28 -24 -16
right_child=4 2 -4 -5 -6 -7 10 8 9 -11 19 12 -14 -15 15 -17 17 18 -20 -21 -22 22 27 25 -26 -27 -28 -29 -30 -31
leaf_value=-0.0208695864099194 -0.00028332573257676814 0.07520775190428422 -0.0074870171918465919 -0.016353282066238227 0.015294767869443735 -0.012383040356690087 -0.0024817638751172015 0.035039490837136068 -0.0089983288238892623 0.036159783579458669 0.056821724746788052 0.005286696010672551 -0.013270259763528032 -0.0087805190472367931 0.0079995297142096914 -0.0057546431433419271 -0.025498822415279045 0.018125241186594313 -0.0064222030057018769 -8.3819686551393297e-05 -0.022617091343726685 -0.017990381648325931 0.036629748932652514 0.053866762958515939 -0.023227967112579809 0.012716468403714352 0.0055377645666718862 0.0024827567552992268 -0.018427649130973511 0.058906664785972875
leaf_weight=39.114154793031048 96.101401115651242 3.5883684537257059 35.726809596992098 0.97021246486110602 26.702779021114111 71.858485518023372 256.76792654534802 21.45407236518804 19.076589507516474 8.0897866911254841 4.9255274797324118 63.281855906359851 35.745893696323037 27.639972939155996 5.4564655087888303 4.621744090691208 80.63998449977953 20.625033208169043 73.050501091172919 28836.826773465611 17.592221554834396 27.180579038569704 24.350219324463978 14.922032676287925 12.527817212743683 27.627977473661304 18.479074333328754 142.09765461436473 8.9910833230242115 11.542066818103192
leaf_count=35581 32379 2741 13310 884 124 326 72576 6471 1192 240 664 2231 1381 605 159 282 22654 4663 17150 459772 357 1442 1492 2050 970 271 1309 9765 260 603
internal_value=-0.000116526 -0.00944453 0.00211077 0.0566763 -9.11752e-05 -0.000105922 -7.55496e-05 0.0066058 0.0196958 0.00600659 -0.000108532 -0.00415929 0.00268307 0.00789344 0.0133988 0.0346846 -0.00651451 -0.0123593 -0.000751554 -2.77015e-05 0.00535464 0.00725261 0.00291004 0.018113 0.00446787 0.028918 0.0199542 0.00631441 0.0215799 0.045128
internal_weight=30037.6 79.3995 40.2854 4.55858 29958.2 29931.5 29859.6 144.722 48.6204 27.1664 29714.9 579.371 148.288 112.542 84.9021 21.6203 431.083 174.316 93.6755 29135.5 298.694 281.102 202.62 78.4824 35.9324 42.55 23.4046 175.439 33.3413 16.9985
internal_count=693904 52516 16935 3625 641388 641264 640938 40282 7903 1432 600656 122304 5261 3880 3275 1044 117043 44467 21813 478352 18580 18223 12959 5264 2943 2321 1973 11517 1752 762
is_linear=0
shrinkage=0.05


Tree=157
num_leaves=31
num_cat=0
split_feature=8 5 5 3 1 2 6 1 1 3 2 3 1 4 3 6 3 3 6 1 3 1 2 4 6 6 5 1 3 6
split_gain=4.46402 10.1059 7.48779 11.1639 7.58435 11.0668 10.3332 17.4595 9.89062 7.84158 10.9343 9.23423 17.7045 8.08239 9.75194 10.6382 7.301 6.70934 6.6461 6.30769 11.1645 6.63808 7.15494 9.89826 6.66969 6.40212 10.2142 6.08833 5.88848 6.34138
threshold=4.5000000000000009 60.500000000000007 52.500000000000007 321.50000000000006 83.500000000000014 39261.270000000011 4924.6250000000009 121.50000000000001 115.50000000000001 163.50000000000003 2200.9150000000004 197.50000000000003 46.500000000000007 1.0000000180025095e-35 316.50000000000006 3216.8850000000007 703.50000000000011 264.50000000000006 204.29000000000005 28.500000000000004 55.500000000000007 11.500000000000002 1950.1700000000003 270.50000000000006 4642.4650000000011 268.36500000000007 4.5000000000000009 22.500000000000004 167.50000000000003 7439.2750000000005
decision_type=2 2 2 2 2 2 2 2 2 2 2 2 2 2 2 2 2 2 2 2 2 2 2 2 2 2 2 2 2 2
left_child=1 2 4 -4 9 16 8 -8 -7 19 11 -11 17 14 15 -12 28 -13 -15 20 -1 25 27 24 -24 26 -22 -23 -6 -30
right_child=-2 -3 3 -5 5 6 7 -9 -10 10 13 12 -14 18 -16 -17 -18 -19 -20 -21 21 22 23 -25 -26 -27 -28 -29 29 -31
leaf_value=-0.0012781065893672844 0.0005595261826579727 -0.01052284726112318 -0.00087532639833445456 0.035047684739124771 -0.028052988323906805 0.0010555398147618774 0.0091345594129110391 -0.030933893301643218 0.052314872917668689 -0.001435580194260187 0.015445519220214549 0.035984574461027097 0.093510331262260521 -0.017913977342719874 0.028483624776602247 -0.0061392141833955709 -0.029267787263617364 -0.0075999410527209117 0.0010811808130729668 -0.0025123717131450844 0.022433451115007032 0.0023183227085940218 0.0067587946832436165 0.048891392578694709 -0.0052567999045619544 0.0034293737613943897 0.10916915449169813 -0.011502700586750214 -0.0039121435769873848 -0.020435941924080128
leaf_weight=3250.304572920315 18381.209302976727 253.63510595913976 52.146762317046523 34.84007815271616 28.661980724544264 17.33484902838245 116.22320635616779 33.306598976254463 18.80696998978965 26.057528652891051 115.90135973598808 17.927171938470565 8.3630743541289103 45.185533743002452 53.537504272535443 109.06725008040667 35.730812110123225 14.804464540444313 1913.6583354072645 3555.8142004617257 35.565456368378364 207.93391834734939 761.43454610835761 11.032763454946688 134.5487521905452 37.563467104453593 2.05592022743076 126.66201681864914 586.55996022094041 62.697295933961868
leaf_count=367281 111673 1972 448 245 876 213 732 234 257 1618 1552 765 517 3998 441 652 596 553 27558 105648 3946 16444 20287 1501 1087 935 77 10613 10774 393
internal_value=7.40132e-05 -0.000690847 -0.000470556 0.0139769 -0.000583957 -0.00498431 0.00584355 -8.08664e-05 0.0290737 -0.000203562 0.00236944 0.0219535 0.0361625 0.00176256 0.00970065 0.00501912 -0.00780988 0.0169689 0.000625186 -0.000933936 0.000295551 0.00417592 0.0032856 0.00558767 0.00494674 0.0184127 0.0324447 -0.00295092 -0.00659614 -0.00556567
internal_weight=30048.6 11667.4 11413.7 86.9868 11326.7 899.322 185.672 149.53 36.1418 10427.4 2304.5 67.1522 41.0947 2237.35 278.506 224.969 713.65 32.7316 1958.84 8122.92 4567.1 1316.8 1241.61 907.016 895.983 75.1848 37.6214 334.596 677.919 649.257
internal_count=693886 582213 580241 693 579548 14075 1436 966 470 565473 37654 3453 1835 34201 2645 2204 12639 1318 31556 527819 422171 54890 49932 22875 21374 4958 4023 27057 12043 11167
is_linear=0
shrinkage=0.05


Tree=158
num_leaves=31
num_cat=0
split_feature=1 3 3 2 2 1 1 3 1 2 3 3 2 3 6 2 6 2 6 1 8 2 3 1 1 2 1 6 3 8
split_gain=5.42992 9.76495 9.30077 7.29917 7.53639 7.06339 8.49757 6.60743 8.62386 9.70261 6.92084 6.66726 8.08364 10.2198 11.8218 16.8052 10.9725 8.47685 9.20349 10.6378 8.20647 7.81483 13.2573 14.565 8.27752 6.99869 6.80845 8.51007 6.56468 6.78454
threshold=68.500000000000014 204.50000000000003 109.50000000000001 7242.4750000000013 5712.7400000000007 73.500000000000014 75.500000000000014 177.50000000000003 100.50000000000001 109266.49000000001 153.50000000000003 215.50000000000003 8818.9050000000007 278.50000000000006 2899.4400000000005 10241.440000000001 4264.2000000000016 46167.575000000004 2316.3550000000005 75.500000000000014 4.5000000000000009 12085.960000000001 258.50000000000006 93.500000000000014 75.500000000000014 46167.575000000004 102.50000000000001 12547.26 145.50000000000003 2.5000000000000004
decision_type=2 2 2 2 2 2 2 2 2 2 2 2 2 2 2 2 2 2 2 2 2 2 2 2 2 2 2 2 2 2
left_child=1 -1 -2 4 -4 -6 -7 8 9 10 28 26 -13 16 15 -15 21 18 19 -17 25 22 24 -24 -14 -18 -9 -28 29 -5
right_child=2 -3 3 7 5 6 -8 11 -10 -11 -12 12 13 14 -16 17 20 -19 -20 -21 -22 -23 23 -25 -26 -27 27 -29 -30 -31
leaf_value=0.00022111157265001518 -0.027628033986650487 0.0038418525354354882 -0.0007204157086468147 0.012990256061142886 -0.026425429275128545 0.020581652034952463 -0.010288605528744391 0.005774339081227424 0.021361343041018787 -0.035918867985277304 -0.010059194833164312 0.0075746787631599671 0.0071139338577474705 -0.026378228275453788 0.00037417857943113791 0.03450423817420236 -0.023684061447535494 0.029824666847932269 -0.013746544823471572 -0.001800507704784465 -0.0050387078240563005 0.0087220586392889859 -0.0051223915988033988 0.053150980298367338 -0.022607114177364183 -0.00011537494542612614 0.0023089385830412854 -0.030854639816305669 0.012662778122093783 -0.0091570239939000111
leaf_weight=12623.846830031951 29.736350225750357 2182.4304036931135 378.09320374764502 42.710433991043828 59.465174158569425 22.708626146428287 238.7226759660407 750.57541810977273 27.254928874783218 24.789758526720107 321.79142647795379 312.99713091261219 31.278306643478572 91.785189660382457 10617.258211031556 19.808742703404278 113.69357373937964 16.714161187643185 168.04767746850848 267.96217354875989 1032.7298261672258 233.96982151875272 26.785263799130917 15.541761732078156 82.716939351521432 43.30893773958087 55.318017556681298 27.540804326534271 79.457593541126698 152.01774923573248
leaf_count=570979 624 22392 9263 489 1051 421 3917 5735 246 121 2573 3870 375 1414 51664 268 785 244 1753 4329 4973 2548 343 217 1111 271 513 116 666 1187
internal_value=7.28787e-05 0.000755252 -0.000588145 -0.000531822 -0.00551538 -0.0111255 -0.00747123 -0.000291783 -0.00521902 -0.00645089 -0.00510913 -6.14894e-05 -0.000338147 -0.000533378 -1.19707e-06 -0.00704001 -0.00429477 -0.0031884 -0.00452394 0.000919433 -0.00667853 0.00296868 -0.00564389 0.0177073 -0.0144701 -0.0172659 0.00426904 -0.00918145 0.000731157 -0.0042167
internal_weight=30091.1 14806.3 15284.8 15255 698.99 320.896 261.431 14556.1 648.022 620.767 595.977 13908 13074.6 12761.6 11181.6 564.318 1580.02 472.533 455.819 287.771 1189.73 390.292 156.322 42.327 113.995 157.003 833.434 82.8588 274.186 194.728
internal_count=694458 593371 101087 100463 14652 5389 4338 85811 5282 5036 4915 80529 74165 70295 59672 8008 10623 6594 6350 4597 6029 4594 2046 560 1486 1056 6364 629 2342 1676
is_linear=0
shrinkage=0.05


Tree=159
num_leaves=31
num_cat=0
split_feature=4 5 2 2 3 3 2 3 8 6 2 6 3 5 5 3 2 3 3 6 5 5 2 5 3 3 5 8 6 3
split_gain=3.63957 8.2968 3.58535 10.4078 10.4402 5.79326 3.56581 3.90516 7.28415 10.1834 7.82196 10.6507 8.06824 4.58006 4.4187 3.4876 7.38107 8.34149 8.46002 6.97726 5.9927 5.06584 4.39241 7.30057 9.38736 7.46466 5.10217 4.9656 7.45297 4.47761
threshold=15.500000000000002 167.50000000000003 950.30000000000007 857.17000000000007 26.500000000000004 73.500000000000014 1169.1900000000003 21.500000000000004 2.5000000000000004 1206.0400000000002 1762.6700000000003 838.46500000000015 16.500000000000004 5.5000000000000009 6.5000000000000009 242.50000000000003 177921.78000000003 515.50000000000011 537.50000000000011 36582.685000000005 25.500000000000004 80.500000000000014 4944.5650000000014 17.500000000000004 331.50000000000006 432.50000000000006 39.500000000000007 2.5000000000000004 723.65500000000009 294.50000000000006
decision_type=2 2 2 2 2 2 2 2 2 2 2 2 2 2 2 2 2 2 2 2 2 2 2 2 2 2 2 2 2 2
left_child=2 15 3 -1 -5 -6 -4 8 9 13 -10 -12 -13 -8 -11 19 17 22 -19 -2 -20 -22 27 24 -24 -25 -27 28 29 -17
right_child=1 -3 6 4 5 -7 7 -9 10 14 11 12 -14 -15 -16 16 -18 18 20 -21 21 -23 23 25 -26 26 -28 -29 -30 -31
leaf_value=0.0017853799988239777 -0.0010842848372421749 -0.026142367566987696 -0.0067465533756425238 -0.0048420756676717412 0.042494015802460927 0.0058565374522584956 0.016676234175393018 0.00038656848131714847 -0.018580364976209403 -0.01096560529846104 0.042048420201031812 -0.016898124496975385 0.016962634462816664 0.058962256371684479 0.01587866224429724 0.076214010379923092 0.029301776383751123 -0.037119056530672011 0.010158907228246705 -0.021729813711794339 -0.015974709750058078 0.0076621309248987223 0.018660718828264485 -0.0018651454609991886 -0.0020492510359503818 0.0026467182449516975 0.028056300313802619 -0.019819890129474063 -0.01879354792038275 -0.00054966219493077001
leaf_weight=628.1428570097778 5066.0397926891455 30.291741963475943 171.44516471284442 26.788653065916151 39.367051515262574 15.5606337711215 13.69641085714102 22843.490633449052 39.54104431765154 22.968709912151098 15.994164956733583 36.008360454812646 30.761085018515587 15.131855411455033 38.32000383362174 3.117174403392708 22.178766033495776 20.14003214717377 49.615121946902946 39.264116071164608 89.966698627918959 28.734139189124107 160.04335929261288 387.13069119490683 82.060685513657518 41.647520519793034 36.397087164223194 36.082701260223985 7.0681186746805906 2.9760010821628384
leaf_count=20996 460650 228 4890 664 1203 383 248 186804 821 230 452 392 293 205 309 193 131 235 1151 293 670 181 3238 3304 1805 398 254 1969 179 216
internal_value=0.00022522 -0.000864577 0.000503111 0.00399847 0.0205611 0.0326853 0.000395953 0.000449646 0.00716599 0.0177852 -0.000818773 0.00790517 -0.00125864 0.0412573 0.00578983 -0.000729916 0.00202033 0.00131949 -0.00803921 -0.00125151 -0.00416461 -0.0102207 0.00366587 0.00467884 0.0116818 0.000999662 0.0149017 -0.0104979 0.0143024 0.0478508
internal_weight=30040 6102.75 23937.2 709.859 81.7163 54.9277 23227.4 23055.9 212.422 90.117 122.305 82.7636 66.7694 28.8283 61.2887 6072.46 967.158 944.979 188.456 5105.3 168.316 118.701 756.523 707.279 242.104 465.175 78.0446 49.244 13.1613 6.09318
internal_count=692985 475095 217890 23246 2250 1586 194644 189754 2950 992 1958 1137 685 453 539 474867 13924 13793 2237 460943 2002 851 11556 8999 5043 3956 652 2557 588 409
is_linear=0
shrinkage=0.05


Tree=160
num_leaves=31
num_cat=0
split_feature=1 1 1 1 4 5 3 1 0 6 6 3 3 4 6 4 4 3 4 3 0 3 6 3 0 0 1 3 4 6
split_gain=3.44696 7.25359 3.70693 4.80473 3.09278 7.95861 5.08203 6.62765 4.18121 7.18824 4.45721 6.61129 7.86455 9.25968 4.06941 5.35173 6.61328 6.25367 3.60907 4.34605 3.46432 4.83644 5.0122 7.09419 4.71098 7.5739 4.93066 6.19045 7.76551 7.55828
threshold=327.50000000000006 294.50000000000006 277.50000000000006 272.50000000000006 64.500000000000014 22.500000000000004 648.50000000000011 90.500000000000014 1.0000000180025095e-35 336.62500000000006 79.995000000000019 34.500000000000007 92.500000000000014 109.50000000000001 27.910000000000004 208.50000000000003 600.50000000000011 108.50000000000001 78.500000000000014 141.50000000000003 68.500000000000014 23.500000000000004 16.570000000000004 43.500000000000007 44.500000000000007 42.500000000000007 5.5000000000000009 44.500000000000007 109.50000000000001 382.89500000000004
decision_type=2 2 2 2 2 2 2 2 2 2 2 2 2 2 2 2 2 2 2 2 2 2 2 2 2 2 2 2 2 2
left_child=1 2 3 4 -1 6 7 8 9 10 14 -12 -13 -14 15 17 -17 -6 -11 -20 24 -22 -23 -24 25 -10 -26 29 -29 -28
right_child=-2 -3 -4 -5 5 -7 -8 -9 20 18 11 12 13 -15 -16 16 -18 -19 19 -21 21 22 23 -25 26 -27 27 28 -30 -31
leaf_value=0.00036113666828651973 0.018322274412786912 -0.015299654935403166 0.010906110157898665 -0.020954854781833395 0.056426259514128031 -0.026850517990260832 0.046157453444762263 -0.03300546055057027 -0.0026659005660212821 0.0083020125975758179 0.075422693235014063 -0.013642364637278914 0.076106143816787125 -0.019274156645053615 -0.018569013049177765 -0.012504542699765843 0.021011429476212685 -0.024179496939998459 -0.032454043354069609 0.011030451194280592 -0.0015468031206337031 0.022356161141697056 -0.016768801961514871 0.014343280209595922 0.0074923837360074286 0.029445881365230589 -0.033558110909823198 -0.01916246249554171 0.017836494064769139 0.0072604846988961235
leaf_weight=28114.528524796711 24.276297984644771 73.248015999328345 79.295572008821182 24.779458366334438 9.2373383885715139 29.141601752489805 3.614416471507865 14.53288061468629 1010.1579608205939 15.309925532899795 4.7568507455289391 10.218059516279029 5.5021774710621667 2.8306468082591891 10.593623864871914 25.739341653417796 29.594017739582341 1.8423869942780573 19.063774465350438 6.7566928183659902 280.21108687057858 48.888059221790172 28.780012925271876 43.311274047824554 26.589980637480039 16.710488134121988 54.789392298203893 30.036441046511754 23.483715421636589 13.382248622830955
leaf_count=341837 116 337 385 119 1486 555 300 1481 181952 474 519 1044 457 308 1646 4523 10556 286 893 235 96327 10349 2814 2407 9630 3270 14602 1538 3392 689
internal_value=0.00022062 0.000204781 0.000243675 0.000214675 0.000233633 -0.00179539 -0.00134437 -0.0014966 -0.00119195 0.0069837 0.0141239 0.0324324 0.0151415 0.0462463 0.00790174 0.0125435 0.0055285 0.041375 -0.0102783 -0.0211001 -0.00193347 0.00207075 0.0103386 0.00180545 -0.00330168 -0.00208711 -0.011573 -0.0157926 -0.00287025 -0.0255668
internal_weight=30081.2 30056.9 29983.7 29904.4 29879.6 1765.07 1735.93 1732.32 1717.79 141.445 100.314 23.3077 18.5509 8.33282 77.0067 66.4131 55.3334 11.0797 41.1304 25.8205 1576.34 401.19 120.979 72.0913 1175.15 1026.87 148.282 121.692 53.5202 68.1716
internal_count=694527 694411 694074 693689 693570 351733 351178 350878 349397 22427 20825 2328 1809 765 18497 16851 15079 1772 1602 1128 326970 111897 15570 5221 215073 185222 29851 20221 4930 15291
is_linear=0
shrinkage=0.05


Tree=161
num_leaves=31
num_cat=0
split_feature=8 1 2 4 4 2 2 2 0 5 1 3 0 0 3 2 3 3 4 4 5 4 0 0 2 3 5 0 2 3
split_gain=4.11729 4.68864 7.64616 6.89721 11.1103 6.51104 6.30382 11.7605 6.31688 8.528 6.23654 8.56936 6.22223 7.67508 7.39084 6.80873 7.7081 5.88667 8.46924 6.64387 5.37231 5.06898 5.05212 7.65436 8.04555 5.23538 9.80056 5.70286 8.40014 8.37919
threshold=1.0000000180025095e-35 8.5000000000000018 3291.5600000000004 703.50000000000011 600.50000000000011 1169.1900000000003 3521.6800000000007 1054.3550000000002 3.5000000000000004 6.5000000000000009 19.500000000000004 34.500000000000007 35.500000000000007 22.500000000000004 16.500000000000004 1169.1900000000003 20.500000000000004 53.500000000000007 423.50000000000006 73.500000000000014 3.5000000000000004 6.5000000000000009 32.500000000000007 25.500000000000004 591.47000000000014 38.500000000000007 3.5000000000000004 85.500000000000014 1559.1500000000003 39.500000000000007
decision_type=2 2 2 2 2 2 2 2 2 2 2 2 2 2 2 2 2 2 2 2 2 2 2 2 2 2 2 2 2 2
left_child=-1 6 3 4 10 -6 7 17 -9 12 22 -12 13 21 -15 -14 20 -2 19 -19 -17 -10 23 -3 -25 26 -24 29 -29 -27
right_child=1 2 -4 -5 5 -7 -8 8 9 -11 11 -13 15 14 -16 16 -18 18 -20 -21 -22 -23 25 24 -26 27 -28 28 -30 -31
leaf_value=-0.011311747263619432 0.00097511215422567432 0.00059365025964577855 0.00021956315053174707 -0.018549588011361647 0.012262556430541346 0.08974684679872702 -0.01115994132498847 0.0056089745225207802 0.058250115093180878 -0.012258965604463318 -0.016044838196784324 -0.0029723784740981313 0.058386721812114566 0.099525300731272234 0.022542556066317585 -0.030013648180614274 0.032810857733549567 0.028659150290035879 0.08112461685990599 -0.022056342152431782 0.03081821538539747 0.014323261599338683 -0.020477137465366755 -0.014219074132254879 0.023919826498158176 0.059862784468795151 0.010076298954387814 0.05311685862699117 -0.02021790522034252 -0.0071747248842674903
leaf_weight=78.280321419413667 834.32043834007345 1204.8152785736602 25100.595606025192 61.397164214868098 7.6180386776104552 3.0041127114091069 69.555515953805298 84.60820004157722 7.4981838651001445 12.609242683276532 131.64635513396934 2065.1421824931167 4.4282088377512983 7.6193630774505419 6.8326224181801081 14.909130725543951 9.957426439272238 15.224399883300071 3.3298313838895401 8.5228827502578479 2.8834614316001526 28.4076390392147 99.849650536431 15.968513409839941 65.328637567581609 2.9874559293966731 33.977607801556587 9.5915225085336697 4.5850490331649771 70.14821003540419
leaf_count=52664 153850 68554 225554 34102 2654 736 1359 1541 174 228 8299 102575 456 438 396 1367 716 518 618 839 95 1608 16230 2665 4915 346 1918 1293 350 6668
internal_value=-3.61773e-06 2.66539e-05 -9.60628e-05 -0.00219313 -0.00191295 0.0449246 0.00321154 0.0041912 0.01575 0.0244669 -0.00207144 -0.00376965 0.0302349 0.0409736 0.0702942 0.012015 0.0011875 0.00174824 0.0238648 0.010158 -0.0180373 0.0260859 0.000405393 0.0016081 0.016267 -0.00654111 -0.0126857 0.0029502 0.0298314 -0.0029158
internal_weight=30065.6 29987.4 28876.7 3776.06 3714.66 10.6222 1110.71 1041.15 179.753 95.1453 3704.04 2196.79 82.536 50.3578 14.452 32.1782 27.75 861.398 27.0771 23.7473 17.7926 35.9058 1507.25 1286.11 81.2972 221.139 133.827 87.3122 14.1766 73.1357
internal_count=693726 641062 476859 251305 217203 3390 164203 162844 7019 5478 213813 110874 5250 2616 834 2634 2178 155825 1975 1357 1462 1782 102939 76134 7580 26805 18148 8657 1643 7014
is_linear=0
shrinkage=0.05


Tree=162
num_leaves=31
num_cat=0
split_feature=1 1 2 5 6 3 1 0 4 6 4 4 5 6 5 2 6 5 5 2 3 1 0 3 1 6 1 1 2 4
split_gain=4.4086 6.97499 3.80981 10.492 9.11272 8.75171 8.29351 9.08076 7.55206 9.23144 8.65556 7.24973 6.6948 6.93725 13.5761 8.69151 7.36803 14.7264 8.32203 9.31407 7.8506 7.42618 9.74243 6.95966 6.4915 6.33038 6.13807 7.87234 8.24889 10.8544
threshold=327.50000000000006 294.50000000000006 13423.850000000002 6.5000000000000009 4924.6250000000009 61.500000000000007 41.500000000000007 12.500000000000002 166.50000000000003 3592.0200000000004 3.5000000000000004 33.500000000000007 127.50000000000001 4924.6250000000009 14.500000000000002 2599.5100000000007 975.04000000000008 16.500000000000004 3.5000000000000004 2962.1900000000005 26.500000000000004 24.500000000000004 54.500000000000007 92.500000000000014 33.500000000000007 11949.950000000003 18.500000000000004 38.500000000000007 1836.7900000000002 1.5000000000000002
decision_type=2 2 2 2 2 2 2 2 2 2 2 2 2 2 2 2 2 2 2 2 2 2 2 2 2 2 2 2 2 2
left_child=1 2 6 4 8 24 12 -8 9 10 -4 -9 13 15 -15 26 17 21 19 -18 -20 22 -17 -21 -5 -6 -1 -28 29 -29
right_child=-2 -3 3 5 25 -7 7 11 -10 -11 -12 -13 -14 14 -16 16 18 -19 20 23 -22 -23 -24 -25 -26 -27 27 28 -30 -31
leaf_value=0.00071001866013992198 0.019757404751127257 -0.015113269150431553 0.03084437051261717 -0.0055837849887528405 -0.025684940724668995 0.00049894972188330286 -0.001476344665458239 -0.0045782879645535068 0.055772892582775735 0.047759771475829778 0.0032953572037808122 -0.019060190315836556 0.022331171605172589 -0.017978384351780157 -0.00013780311481145498 0.013448774481706817 0.032680051596419922 0.05008394715827115 0.013577235048992801 -0.025023582220983207 0.0010231551095732762 0.0019721566789106457 -0.016798435391722478 0.011861465865781837 -0.028782968787312169 0.010568707867225659 -0.0043818582105015248 0.070719192793737534 -0.0028712128252249424 0.010047695101894526
leaf_weight=2363.3480561707984 26.182280670851469 74.427055857260711 34.554655738174915 151.76695388555527 23.923855507746339 15902.637168739922 5623.0543113065069 268.11148727242835 9.2518211019923893 15.462877826765178 132.36627491889521 126.85913629963761 32.929341048002243 146.08226376213133 381.08757014200091 333.78851143759675 8.0607665106654149 16.907642045989633 130.39631921425462 69.191642939578742 2105.1420346805826 584.03943427605554 27.229633802548051 14.33108288887888 36.114678040146828 20.905209014192224 1312.4277564147487 9.199890951626001 41.495354775921442 24.03969856153708
leaf_count=326680 123 342 374 1083 326 83862 92808 5309 745 185 2905 5569 208 1451 2258 13664 252 334 1485 1846 28182 25888 1644 345 229 280 90803 167 2030 2130
internal_value=-9.04265e-06 -2.75978e-05 1.09043e-05 0.000525939 0.010937 0.000371599 -0.000606583 -0.00199289 0.0156576 0.0130397 0.00929601 -0.00930227 0.000491436 0.000390517 -0.00513081 0.000805329 0.00268063 0.00635673 0.00115689 -0.0134529 0.0017669 0.0054703 0.0110874 -0.0185654 -0.0102993 -0.00904938 -0.000839809 -0.00347752 0.012104 0.0299006
internal_weight=30045.3 30019.1 29944.7 16327 236.465 16090.5 13617.7 6018.02 191.636 182.384 166.921 394.971 7599.7 7566.77 527.17 7039.6 3289.09 961.965 2327.12 91.5835 2235.54 945.058 361.018 83.5227 187.882 44.8291 3750.51 1387.16 74.7349 33.2396
internal_count=693507 693384 693042 89989 4815 85174 603053 103686 4209 3464 3279 10878 499367 499159 3709 495450 73640 41530 32110 2443 29667 41196 15308 2191 1312 606 421810 95130 4327 2297
is_linear=0
shrinkage=0.05


Tree=163
num_leaves=31
num_cat=0
split_feature=4 0 3 3 3 3 3 6 4 6 0 0 6 7 0 7 7 6 0 0 4 0 3 0 0 4 4 0 6 0
split_gain=4.6028 7.03853 10.2482 14.0207 9.5075 11.13 6.89218 5.52772 4.65927 5.71869 4.73973 4.23119 5.35033 6.3599 4.08478 4.04209 3.87469 3.67408 3.57302 7.92018 5.33449 5.36217 4.32924 4.22223 3.78067 3.56448 5.40995 5.80247 3.46897 5.09931
threshold=162.50000000000003 3.5000000000000004 215.50000000000003 242.50000000000003 72.500000000000014 48.500000000000007 28.500000000000004 88.02500000000002 117.50000000000001 19.830000000000002 25.500000000000004 124.50000000000001 427.31500000000005 3.5000000000000004 1.5000000000000002 2.5000000000000004 3.5000000000000004 6915.7850000000008 88.500000000000014 91.500000000000014 231.50000000000003 202.50000000000003 8.5000000000000018 103.50000000000001 220.50000000000003 2580.5000000000005 172.50000000000003 37.500000000000007 1817.5700000000004 30.500000000000004
decision_type=2 2 2 2 2 2 2 2 2 2 2 2 2 2 2 2 2 2 2 2 2 2 2 2 2 2 2 2 2 2
left_child=8 2 4 -4 5 6 -2 15 10 14 -1 -11 13 -13 -10 18 -16 25 -3 -20 22 -22 -21 -24 -23 26 27 -9 29 -12
right_child=1 7 3 -5 -6 -7 -8 17 9 11 28 12 -14 -15 16 -17 -18 -19 19 20 21 24 23 -25 -26 -27 -28 -29 -30 -31
leaf_value=-0.00048380580390112868 0.015148918417802021 -0.00099755110360313058 0.14663381380561696 0.012706900665324553 -0.015326031342624219 0.043941628493038468 -0.011610668651222216 0.046241676540991566 0.066415854132415658 -0.012744803584508769 0.012710162154957468 -0.025213405982271331 -0.025157936938733229 0.0562316249736605 -0.030619805877542712 -0.0058084443828452315 0.023444026795435089 -0.029547615955979323 0.07023545160190138 -0.0070269666174723718 -0.010833530554828247 0.043361769128236166 -0.014662535032802348 0.048319368491115587 0.0062062643487112712 0.042029794198187621 -0.012439997356349946 -0.0046183749890700799 -0.00098327805600250816 0.0025363940351054628
leaf_weight=27983.928230071906 85.104798375454266 290.11660255299648 1.3009105554665428 5.8696640410344116 30.781969514326192 24.506055843376089 31.569294099113904 11.913477702997627 1.8604469639249135 163.82927443296649 166.69760546647012 2.0137114382814598 3.8018169179558745 6.4357853545807302 3.1284455091226828 215.66620999458246 7.4960648464038968 2.2550157494842997 2.9831433444051063 6.1015186223667142 48.72071303386474 5.4800727029796681 2.218725418206307 14.717682324117048 98.186217113863677 11.896438553463666 13.637720896571407 8.8349794158712012 341.83142213243991 461.74621612904593
leaf_count=346304 25037 67178 188 991 6424 5383 8264 1046 339 18342 8746 422 188 665 878 113109 1223 33 710 1110 11874 1244 374 2274 32345 1498 1369 747 4090 31987
internal_value=-0.000306372 0.00318779 0.0120139 0.0636846 0.0091519 0.0146284 0.00783475 0.00100321 -0.000415913 -0.0082086 -0.0003646 -0.0105922 0.0159422 0.0357107 0.0222292 -0.000174968 0.00519577 0.0169606 0.00243184 0.00795775 0.00611892 0.00256917 0.0275183 0.0393913 0.00895396 0.0203567 0.0109605 0.0260828 0.00306738 0.00526679
internal_weight=30054.6 911.861 179.133 7.17057 171.962 141.18 116.674 732.729 29142.8 188.566 28954.2 176.081 12.2513 8.4495 12.485 684.191 10.6245 48.5376 468.525 178.408 175.425 152.387 23.0379 16.9364 103.666 46.2826 34.3862 20.7485 970.275 628.444
internal_count=694382 281198 46287 1179 45108 38684 33301 234911 413184 22057 391127 19617 1275 1087 2440 230218 2101 4693 117109 49931 49221 45463 3758 2648 33589 4660 3162 1793 44823 40733
is_linear=0
shrinkage=0.05


Tree=164
num_leaves=31
num_cat=0
split_feature=6 5 6 3 4 3 0 5 5 5 3 3 5 5 5 5 5 3 4 6 3 5 6 3 3 5 3 4 3 0
split_gain=2.14428 11.5989 9.76117 9.26244 10.5935 21.6415 8.52766 6.99173 6.52131 9.48906 6.28338 5.47829 5.19058 9.08332 7.33281 5.69586 8.78264 5.10699 4.86791 6.77368 9.70402 5.62775 5.51132 9.53424 6.83163 7.30018 6.66165 6.49065 6.16304 5.56899
threshold=2316.3550000000005 4.5000000000000009 2434.4100000000003 418.50000000000006 5.5000000000000009 440.50000000000006 16.500000000000004 147.50000000000003 13.500000000000002 7.5000000000000009 366.50000000000006 865.50000000000011 56.500000000000007 72.500000000000014 65.500000000000014 103.50000000000001 87.500000000000014 360.50000000000006 43.500000000000007 5984.0550000000012 239.50000000000003 18.500000000000004 4924.6250000000009 87.500000000000014 121.50000000000001 15.500000000000002 274.50000000000006 24.500000000000004 215.50000000000003 14.500000000000002
decision_type=2 2 2 2 2 2 2 2 2 2 2 2 2 2 2 2 2 2 2 2 2 2 2 2 2 2 2 2 2 2
left_child=3 -2 8 7 5 -5 -6 10 9 -3 12 -7 -1 14 -14 16 -15 -10 21 20 -20 22 23 -4 27 29 28 -25 -27 -26
right_child=1 2 18 4 6 11 -8 -9 17 -11 -12 -13 13 15 -16 -17 -18 -19 19 -21 -22 -23 -24 24 25 26 -28 -29 -30 -31
leaf_value=0.00035021136429400941 -0.018023577459739169 -0.026004547495426578 0.0054110469466035569 0.059847828174139465 -0.006138635227342152 0.0051456206243688492 0.034795420859430264 -0.032052186530080767 -0.010982518363137461 0.013751918991159864 -0.010995856163740634 0.028591514662629755 0.0085344929807443654 0.0038841360016060654 0.036775930691143717 0.015541437531199451 -0.031438509689875063 -0.033078330186856381 0.0063481524969554301 -0.0043039142661834067 0.035433971140510397 0.00011002435470568852 -0.005538818160379563 -0.014399641507350009 0.0044774659538254595 -0.0081441200549652332 -0.021856861412776485 0.0077991373496816693 0.01292918928986612 -0.014612341266251262
leaf_weight=8705.9486325090402 89.871301070787013 18.914572451263666 452.61241666972637 23.2791728079319 117.80240464030067 128.52323573827744 12.239986920962108 14.64659942127764 139.4948120303452 51.258129389956594 117.73854834923986 29.321423884481192 65.002086371183395 44.811853596940637 35.076798988506198 29.924240157008171 26.58235252276063 31.535595398396254 155.42413128353655 97.383102390915155 33.554791009053588 17762.112052228302 909.55998591706157 196.54499756917357 421.49715929850936 139.95605431869626 61.402754552662373 38.146351136267185 43.989150356501341 40.043116137385368
leaf_count=561391 1864 263 4235 302 2932 1557 279 150 1766 672 2242 279 670 462 335 311 292 364 2012 1001 368 95030 6379 1763 3879 1229 533 421 391 413
internal_value=-1.30075e-05 -0.000297071 -0.000217968 0.000615242 0.00906904 0.0168195 -0.00181712 0.000322304 -0.0101756 0.00261217 0.000381933 0.00980421 0.000534761 0.00843053 0.0189595 -0.00213529 -0.00976593 -0.0153919 -9.89672e-05 0.00635126 0.0118296 -0.000191643 -0.0025156 -0.000538167 -0.00340333 -0.000938715 -0.00787267 -0.0107561 -0.00301973 0.00276534
internal_weight=30034.2 20683.3 20593.4 9350.9 311.166 181.124 130.042 9039.73 241.203 70.1727 9025.08 157.845 8907.35 201.397 100.079 101.318 71.3942 171.03 20352.2 286.362 188.979 20065.9 2303.75 1394.19 941.58 706.888 245.348 234.691 183.945 461.54
internal_count=693785 122583 120719 571202 5349 2138 3211 565853 3065 935 565703 1836 563461 2070 1005 1065 754 2130 117654 3381 2380 114273 19243 12864 8629 6445 2153 2184 1620 4292
is_linear=0
shrinkage=0.05


Tree=165
num_leaves=31
num_cat=0
split_feature=1 2 2 1 1 5 3 1 5 1 2 0 0 2 5 3 2 0 2 5 1 1 5 3 8 3 5 3 0 5
split_gain=2.91878 20.008 2.7501 9.01014 8.12319 9.72164 9.6321 7.26232 7.32572 7.12664 6.89865 7.68439 20.6764 6.8298 6.61458 6.71173 10.0598 5.55997 7.25915 5.50163 5.40659 5.29186 5.69443 5.16589 5.15156 5.03416 5.52204 5.1293 5.47491 5.90452
threshold=294.50000000000006 177921.78000000003 5177.7850000000008 12.500000000000002 19.500000000000004 12.500000000000002 34.500000000000007 28.500000000000004 50.500000000000007 34.500000000000007 1054.3550000000002 24.500000000000004 31.500000000000004 4944.5650000000014 5.5000000000000009 145.50000000000003 4115.4500000000016 8.5000000000000018 4407.0950000000003 2.5000000000000004 38.500000000000007 37.500000000000007 9.5000000000000018 41.500000000000007 2.5000000000000004 110.50000000000001 6.5000000000000009 90.500000000000014 9.5000000000000018 12.500000000000002
decision_type=2 2 2 2 2 2 2 2 2 2 2 2 2 2 2 2 2 2 2 2 2 2 2 2 2 2 2 2 2 2
left_child=2 -2 4 -4 10 9 -7 8 -5 23 25 -12 -13 -8 15 16 -11 18 20 -20 -18 -16 24 -6 -23 27 -27 28 -1 -30
right_child=1 -3 3 7 5 6 13 -9 -10 14 11 12 -14 -15 21 -17 17 -19 19 -21 -22 22 -24 -25 -26 26 -28 -29 29 -31
leaf_value=0.0020629096106583996 -0.029844601993334347 0.014541963918490584 -0.013093955179466158 0.0054730515701553132 -0.0085052064817767014 -0.025044461112186767 0.0021747661290211807 0.00039794219048972879 -0.012810137565115821 -0.013787134384564506 0.0021288910536499824 0.033989444994854255 0.0030556853809794071 -0.0099386377243093609 -0.014970224376740206 -0.025253656176140189 -0.0025539293785563277 -0.015685413062926902 -0.028027650028357266 0.01972194240709696 0.071328216183309576 0.011130215589025516 -0.0090215675586659289 -0.00068640710068979612 -0.0034716502781956464 0.0337865190285754 -0.014509523383414831 -0.028323757602150557 -0.0042391219392917748 0.032106640430901688
leaf_weight=819.69959519815166 50.046352684497833 47.83055323921144 118.76549332519062 1057.8394635213772 255.91882497875486 33.480393652804196 1569.3926256592385 21788.378771039657 55.911285102367401 206.36224534927169 1013.4753832446295 72.78243073890917 196.24152935919119 123.69503413140774 90.148216791916639 85.80332493619062 3.1775215541711059 12.222330257762222 6.8729726171586689 17.034749834332615 7.4128823200007901 108.66803872096352 156.39592974865809 1170.0269172774861 131.44653876684606 18.533310048864227 6.9917189944535485 15.121160288690588 794.51385055261198 9.3549032621085626
leaf_count=77524 236 217 1974 12997 21746 517 25490 161170 272 22772 36532 4068 14998 1729 3009 7543 163 827 661 765 504 3801 4911 69973 5664 1190 135 1138 211202 315
internal_value=0.000236446 -0.0082969 0.00026489 0.00052768 -0.000608637 -0.00208208 0.000740258 0.000599456 0.0045339 -0.00424514 0.00138057 0.00413345 0.0116136 0.00127909 -0.00793702 -0.0132838 -0.00905944 0.0115313 0.0215051 0.00489096 0.0522764 -0.00417465 -0.00165742 -0.00209962 0.00317403 -0.000743309 0.0204644 -0.00109819 -0.000810092 -0.00373752
internal_weight=30043.5 97.8769 29945.7 23020.9 6924.77 3978.06 1726.57 22902.1 1113.75 2251.49 2946.71 1282.5 269.024 1693.09 825.545 338.886 253.083 46.7205 34.4981 23.9077 10.5904 486.659 396.511 1425.95 240.115 1664.21 25.525 1638.69 1623.57 803.869
internal_count=694043 453 693590 176413 517177 170075 27736 174439 13269 142339 347102 55598 19066 27219 50620 33235 25692 2920 2093 1426 667 17385 14376 91719 9465 291504 1325 290179 289041 211517
is_linear=0
shrinkage=0.05


Tree=166
num_leaves=31
num_cat=0
split_feature=1 1 3 6 3 0 3 4 6 1 3 6 3 1 1 3 6 3 3 6 6 3 3 6 6 3 6 1 3 6
split_gain=2.43707 6.51262 9.50343 13.9835 5.41756 6.84334 5.10118 6.97237 6.96322 11.6264 10.0964 8.83368 9.58797 9.43294 21.6529 9.88358 7.91027 9.61019 9.68299 6.99326 12.7713 7.50453 6.89735 8.89095 7.74404 7.04033 6.0028 5.5535 5.45276 5.37263
threshold=104.50000000000001 102.50000000000001 504.50000000000006 7722.3900000000003 321.50000000000006 1.5000000000000002 550.50000000000011 18.500000000000004 36582.685000000005 128.50000000000003 335.50000000000006 16536.615000000002 411.50000000000006 135.50000000000003 141.50000000000003 311.50000000000006 24577.890000000003 311.50000000000006 404.50000000000006 9114.3500000000022 7722.3900000000003 466.50000000000006 466.50000000000006 4791.7700000000013 2899.4400000000005 494.50000000000006 21369.865000000002 111.50000000000001 899.50000000000011 803.35000000000002
decision_type=2 2 2 2 2 2 2 2 2 2 2 2 2 2 2 2 2 2 2 2 2 2 2 2 2 2 2 2 2 2
left_child=1 -1 3 4 5 -3 8 -8 11 10 -10 12 13 29 -15 -16 17 -13 -19 20 22 -22 -14 24 25 -24 -20 -12 -9 -2
right_child=6 2 -4 -5 -6 -7 7 28 9 -11 27 16 19 14 15 -17 -18 18 26 -21 21 -23 23 -25 -26 -27 -28 -29 -30 -31
leaf_value=0.00015926770766792894 -0.023811234095654971 0.013679983186518261 0.024831026635099555 0.013653106409846051 -0.021707214995232097 -0.02080924213934995 0.00051558232686958652 -0.0046648577220987789 -0.015613638575658784 -0.015582373365942549 -0.0063882727333354084 -0.0080408639218395739 -0.012362121851677657 0.030016804583656905 0.024152602259224078 -0.0090102256259317181 -0.0029596040220961056 0.022631491568487386 0.010702958046258097 -0.011513444737271897 -0.0024614277931349479 0.023568222194192412 -0.026943152248266461 -0.0095065460942104704 0.016125276896460809 0.0071709103982542073 -0.0060782156362886586 0.012694380492753468 -0.03153630110458714 -0.0012443307849927851
leaf_weight=20930.263770625868 25.023382544051856 35.463394270627759 60.928929992951453 134.8293731957674 51.45086676068604 21.346203053253703 5128.2052264288068 56.646520057343878 71.070954099297523 237.15970934927464 54.873307317495346 77.745177455246449 249.84731876821024 79.268531521665864 26.013560861290898 111.76492908172077 282.50219139456749 120.45968820154667 162.33411909639835 398.74723852425814 48.407151132822037 61.637609459459782 23.339597209938802 157.29532504081726 93.787058241665363 35.976756273303181 77.29629772156477 115.84433732926846 26.988512873300351 1118.199885844253
leaf_count=643853 1210 365 334 603 455 256 24107 700 296 982 228 327 2166 585 280 850 1171 505 691 1821 245 309 385 913 748 569 321 480 334 7788
internal_value=-2.52597e-05 0.000265159 0.00750656 0.0029971 -0.010281 0.000453698 -0.000722732 0.000279501 -0.00216163 -0.00776578 -3.39015e-05 -0.00130505 -0.00274673 3.93571e-05 0.00954578 -0.00249285 0.0035511 0.00774632 0.0111804 -0.00628526 -0.00315008 0.0122786 -0.00621351 -0.00121689 0.00731249 -0.00669317 0.00528444 0.00655775 -0.0138701 -0.00177901
internal_weight=30074.7 21234.3 304.019 243.09 108.26 56.8096 8840.43 5211.84 3628.59 478.948 241.789 3149.65 2429.31 1360.27 217.047 137.778 720.337 437.835 360.09 1069.04 670.291 110.045 560.246 310.399 153.103 59.3164 239.63 170.718 83.635 1143.22
internal_count=693877 645866 2013 1679 1076 621 48011 25141 22870 1986 1004 20884 17869 10713 1715 1130 3015 1844 1517 7156 5335 554 4781 2615 1702 954 1012 708 1034 8998
is_linear=0
shrinkage=0.05


Tree=167
num_leaves=31
num_cat=0
split_feature=1 5 4 3 3 2 2 6 2 2 6 5 2 5 5 4 2 3 3 3 6 6 5 6 6 2 4 6 3 2
split_gain=5.44856 9.04285 8.16575 7.62722 7.51313 7.30857 7.41376 9.02704 6.55363 7.30892 14.6673 9.10916 12.0631 7.61397 7.00332 6.44512 6.62634 6.02018 5.6409 5.71498 5.90789 5.4569 7.42474 5.61428 5.24506 7.52106 8.11642 9.76184 5.8703 8.35103
threshold=19.500000000000004 85.500000000000014 117.50000000000001 32.500000000000007 35.500000000000007 5177.7850000000008 989.58500000000015 124.93000000000002 61411.715000000004 1800.075 1106.8950000000002 3.5000000000000004 10241.440000000001 28.500000000000004 28.500000000000004 2.5000000000000004 2716.0150000000003 51.500000000000007 110.50000000000001 115.50000000000001 293.05000000000007 4138.0550000000012 19.500000000000004 1817.5700000000004 59.905000000000008 1529.075 139.50000000000003 29.815000000000001 91.500000000000014 454.88500000000005
decision_type=2 2 2 2 2 2 2 2 2 2 2 2 2 2 2 2 2 2 2 2 2 2 2 2 2 2 2 2 2 2
left_child=1 8 3 -2 5 6 7 -5 9 13 -11 12 -12 18 15 -13 -17 21 -1 -20 -21 23 -23 -6 25 26 27 -4 -28 -30
right_child=2 -3 24 4 17 -7 -8 -9 -10 10 11 14 -14 -15 -16 16 -18 -19 19 20 -22 22 -24 -25 -26 -27 28 -29 29 -31
leaf_value=-0.00050059361826163516 -0.01193133592574299 -0.0373298573312736 0.081111796343150272 -0.021933202624628514 -0.0043965608287833266 0.037212568516695015 -0.0041403278761669073 0.064278857998793112 -0.038008289647191107 0.012462312288879326 -0.024168653315733334 0.011082822645726079 0.031070897174962211 0.023368978372124417 -0.013427665264637909 -0.014969643580561076 0.0031590648242346775 -0.00024218512852126154 0.060125192662334959 0.025325427987408972 -0.012479044597437079 -0.0075861928699431551 0.016345317288454508 -0.016455477863638827 -0.018072886800285327 0.0055143079609642123 -0.028734076392935966 -0.027416114075840686 0.084267278966919421 -0.010329001985298269
leaf_weight=2111.4684140641475 140.13628993765451 12.807221375405787 2.5711324790026984 3.2697493280284089 419.70939081744291 23.159940116107464 47.565927125979215 7.4598277290351689 8.2942116544581932 430.03672481689136 61.527218859177083 220.71919216215611 9.9296885766088945 33.041467418894172 59.318185273557901 57.449390112422407 329.39085695706308 25520.656801363686 4.7292427212232715 22.112140389624983 16.44851607689634 63.796069409698248 62.119356784969568 124.36671945080161 100.73843016719911 93.761595566989854 49.331931917113252 2.399763768306002 0.97781019960530002 9.2863168863696028
leaf_count=320663 5307 71 553 410 18180 257 1769 287 101 20565 1732 1687 203 329 410 1277 4422 262312 271 1403 374 523 357 1515 8978 18005 18638 484 421 2547
internal_value=-0.000227417 0.00166406 -0.000467034 -0.000380028 -0.000317509 0.0146609 0.00476429 0.0386882 0.00183459 0.00195563 0.00514488 0.000860753 -0.0158556 0.000249302 0.00269398 0.00430689 0.000403634 -0.000365209 -0.000126561 0.0173334 0.0093793 -0.00503665 0.00429119 -0.0072032 -0.00926656 -0.00350788 -0.0163816 0.0358847 -0.0217647 0.0109552
internal_weight=30048.6 3377.27 26671.3 26412.2 26272.1 81.4554 58.2955 10.7296 3364.47 3356.17 1168.37 738.335 71.4569 2187.8 666.878 607.559 386.84 26190.6 2154.76 43.2899 38.5607 669.992 125.915 544.076 259.067 158.329 64.567 4.9709 59.5961 10.2641
internal_count=694051 353508 340543 290917 285610 2723 2466 697 353437 353336 30296 9731 1935 323040 7796 7386 5699 282887 322711 2048 1777 20575 880 19695 49626 40648 22643 1037 21606 2968
is_linear=0
shrinkage=0.05


Tree=168
num_leaves=31
num_cat=0
split_feature=3 1 1 1 5 5 2 1 5 5 5 1 6 5 5 1 2 1 3 1 1 1 2 1 3 1 5 6 3 2
split_gain=2.59811 8.58815 14.1287 11.6867 7.99291 13.4709 9.79304 15.1401 7.55639 6.18122 5.98172 5.34015 5.26927 5.56996 5.77832 10.3973 4.17155 7.57846 7.11823 5.21467 9.69738 9.63016 10.7338 9.94857 11.529 10.1938 8.61557 11.2814 8.34591 7.79377
threshold=1472.5000000000002 151.50000000000003 171.50000000000003 133.50000000000003 911.50000000000011 208.50000000000003 136133.35500000001 215.50000000000003 145.50000000000003 464.50000000000006 499.50000000000006 194.50000000000003 182341.33500000005 314.50000000000006 169.50000000000003 122.50000000000001 273750.53000000009 150.50000000000003 527.50000000000011 227.50000000000003 232.50000000000003 202.50000000000003 28633.675000000003 197.50000000000003 899.50000000000011 190.50000000000003 201.50000000000003 15611.660000000002 833.50000000000011 91937.650000000009
decision_type=2 2 2 2 2 2 2 2 2 2 2 2 2 2 2 2 2 2 2 2 2 2 2 2 2 2 2 2 2 2
left_child=12 3 -3 8 5 11 7 -7 -2 -8 -9 -4 16 14 15 -14 19 18 -18 21 -21 23 -23 25 -25 -1 27 -22 -27 -24
right_child=1 2 4 -5 -6 6 9 10 -10 -11 -12 -13 13 -15 -16 -17 17 -19 -20 20 26 22 29 24 -26 28 -28 -29 -30 -31
leaf_value=4.4165366657736346e-05 0.017401410071771112 -0.019314937537161923 0.0081282845997104735 0.032582102458623273 -0.0074714652348342875 0.021761153277208543 0.025091187130846532 -0.01116093539736198 -0.011394737295252763 0.0054440002892184574 0.0074181617893416488 -0.010441147954073103 0.0017310440924063243 -0.021487203392571826 0.0063299532737569469 -0.027705878221285059 -0.003717087192246258 0.0025660571539148597 -0.030791794642859801 0.027786859061192777 0.0099024388926970096 0.01498507737095192 -0.01685869264701052 -0.0023089660645471415 0.028923349638596742 -0.0005098750213747478 0.010717597392960149 -0.026030262188973131 -0.021550527183543708 -0.0012514997875192743
leaf_weight=27641.797785500297 42.380160123342648 78.867471680045128 50.478860676288605 50.548420369625092 156.03856768459082 77.987516172230244 122.58382874727249 114.88309964537621 44.882188014686108 60.960498303174973 67.106014668941498 148.37813321384601 72.34115319699049 52.128081746399403 86.813198134303093 48.984250076115131 49.924023079220206 96.18293035775423 46.439563433290459 44.344745126087219 38.715826016152278 43.414140691398643 209.67016844265163 54.519887839211151 61.806797183118761 89.566084592486732 125.80460742115974 45.797413051128387 97.705138025805354 129.13057698309422
leaf_count=683346 246 353 231 221 689 331 583 481 202 292 285 712 322 232 385 206 250 427 209 215 276 331 939 272 282 471 540 189 450 562
internal_value=-4.42894e-05 0.00243966 0.000604084 0.0139489 0.00261503 0.0050807 0.00991524 0.00362145 0.00266705 0.0186948 -0.00430398 -0.00569339 -0.000131293 -0.0071864 -0.00343436 -0.0104105 -6.69847e-05 -0.00736381 -0.0171257 -1.73173e-05 0.00707754 -8.15945e-05 -0.00794362 2.64968e-05 0.0144938 -3.50144e-05 0.00249044 -0.00972098 -0.0115992 -0.0109524
internal_weight=30050.2 1015.09 877.284 137.811 798.417 642.378 443.521 259.977 87.2623 183.544 181.989 198.857 29035.1 260.267 208.139 121.325 28774.8 192.547 96.3636 28582.3 254.663 28327.6 382.215 27945.4 116.327 27829.1 210.318 84.5132 187.271 338.801
internal_count=694530 4626 3957 669 3604 2915 1972 1097 448 875 766 943 689904 1145 913 528 688759 886 459 687873 1220 686653 1832 684821 554 684267 1005 465 921 1501
is_linear=0
shrinkage=0.05


Tree=169
num_leaves=31
num_cat=0
split_feature=2 6 5 6 5 5 3 5 5 3 2 6 6 0 4 0 3 2 3 3 2 4 6 6 2 3 3 5 5 2
split_gain=3.48292 6.4671 6.98647 6.48113 5.87426 8.47973 5.77227 5.16952 4.91416 9.83938 6.36354 19.378 9.91116 6.31814 7.27924 5.94607 9.15728 8.29261 5.063 12.988 13.3363 6.57819 5.97643 7.65676 17.8206 5.43365 5.5752 11.6911 10.1992 9.93672
threshold=3676.7850000000003 2316.3550000000005 4.5000000000000009 2434.4100000000003 13.500000000000002 7.5000000000000009 37.500000000000007 55.500000000000007 23.500000000000004 115.50000000000001 13423.850000000002 2094.9300000000003 1697.0500000000002 27.500000000000004 115.50000000000001 8.5000000000000018 35.500000000000007 6179.2600000000011 360.50000000000006 307.50000000000006 19241.770000000004 38.500000000000007 1106.8950000000002 1039.1450000000002 9337.0800000000017 286.50000000000006 258.50000000000006 5.5000000000000009 8.5000000000000018 7443.6900000000014
decision_type=2 2 2 2 2 2 2 2 2 2 2 2 2 2 2 2 2 2 2 2 2 2 2 2 2 2 2 2 2 2
left_child=-1 8 6 4 5 -4 -3 -6 13 -10 -11 12 -12 15 -15 18 17 -17 19 22 21 -21 23 25 -25 26 -2 -28 -29 -30
right_child=1 2 3 -5 7 -7 -8 -9 9 10 11 -13 -14 14 -16 16 -18 -19 -20 20 -22 -23 -24 24 -26 -27 27 28 29 -31
leaf_value=-0.0010429713730910276 0.0031112992293539023 0.004195886108394469 -0.025944806683569827 0.00015316812222374403 -0.017148829354794014 0.014413221362314169 -0.02374563687857173 0.010224976731589085 0.023901832944436853 0.0021445774835562232 0.021224838752840279 0.05282538818373167 -0.025201341152345614 0.014148126843070414 -0.011651568096857273 0.041046189384525193 -0.0049620751468382445 -0.011797115325916074 -0.0056647687242525934 0.0070549924585287249 0.06247788837907068 0.046456305544537342 -0.00040785138616814275 0.0057342747875218985 0.059143960086481068 -0.02038051277590432 -0.023454444960882198 0.075725288090913598 -0.02072509127624729 0.048219663802406242
leaf_weight=5318.5965196466423 877.74979960825294 26.907497171312571 15.567784085869787 20280.878004414961 134.54643600061536 48.53208764642477 53.532491149380803 18.397669494152069 67.633584843948483 526.7019265377894 20.7838054895401 23.523380111902952 21.222456082701683 167.38540656585246 31.029202998965047 18.953239648835737 580.87154379696585 10.360798436449839 202.96218870993471 88.622683049179614 13.384524564724414 10.228008941980077 1388.7608243301511 63.934964552521706 18.893327694386244 21.627768930862658 8.7712942553334852 9.3644989589229244 9.2844801675528306 7.9529579132795325
leaf_count=478749 30729 618 219 116826 1754 623 1056 193 902 7187 245 227 242 4412 1988 651 16668 330 4118 1634 195 413 21012 1406 316 642 438 266 261 175
internal_value=0.000117711 0.000367012 2.37217e-06 6.07896e-05 -0.00849377 0.00412312 -0.014524 -0.0137666 0.00215701 0.00611128 0.00400596 0.0184605 -0.00231 0.00141483 0.0100374 0.00089561 -0.00355778 0.0228086 0.00189597 0.00250927 0.0189837 0.0119723 0.00172575 0.00463272 0.0190244 0.00331958 0.00392424 0.0228506 0.038691 0.0127905
internal_weight=30087 24768.4 20578.4 20497.9 217.044 64.0999 80.44 152.944 4190 659.865 592.232 65.5296 42.0063 3530.14 198.415 3331.72 610.186 29.314 2721.54 2518.58 112.235 98.8507 2406.34 1017.58 82.8283 934.751 913.123 35.3732 26.6019 17.2374
internal_count=694495 215746 121289 119615 2789 842 1674 1947 94457 8803 7901 714 487 85654 6400 79254 17649 981 61605 57487 2242 2047 55245 34233 1722 32511 31869 1140 702 436
is_linear=0
shrinkage=0.05


Tree=170
num_leaves=31
num_cat=0
split_feature=2 1 1 1 6 1 1 6 8 1 4 1 4 6 1 1 4 1 2 2 1 1 1 4 4 2 6 1 4 2
split_gain=3.4339 7.75461 6.88221 9.04803 7.26391 16.2363 12.0321 13.0759 7.54653 7.50564 8.36405 7.07773 18.2797 5.97997 6.60837 14.2391 7.19079 6.64691 6.64321 9.01705 9.54347 21.8132 7.41705 6.12706 5.96187 6.7759 6.79205 7.00129 6.38106 6.42514
threshold=7242.4750000000013 92.500000000000014 145.50000000000003 65.500000000000014 695.0200000000001 95.500000000000014 91.500000000000014 446.34000000000009 4.5000000000000009 71.500000000000014 7.5000000000000009 67.500000000000014 11.500000000000002 2262.3050000000003 65.500000000000014 71.500000000000014 19.500000000000004 68.500000000000014 11687.245000000001 14506.280000000002 87.500000000000014 81.500000000000014 88.500000000000014 23.500000000000004 5.5000000000000009 4115.4500000000016 2204.0900000000006 89.500000000000014 13.500000000000002 4210.3950000000013
decision_type=2 2 2 2 2 2 2 2 2 2 2 2 2 2 2 2 2 2 2 2 2 2 2 2 2 2 2 2 2 2
left_child=2 13 3 -1 5 6 7 11 -6 -9 -11 12 -5 14 -2 16 -16 -18 22 20 21 -20 23 -17 25 26 27 -10 29 -26
right_child=1 -3 -4 4 8 -7 -8 9 24 10 -12 -13 -14 -15 15 18 17 -19 19 -21 -22 -23 -24 -25 28 -27 -28 -29 -30 -31
leaf_value=-0.00055392276603018502 0.0016713815045397999 -0.00078810648314301681 0.029137306741011271 0.084705779480414925 -0.017857084523860586 -0.034299957744614799 0.069478300887326594 -0.0013308129417446309 0.0072032633095327524 0.011816532287669655 0.061706439639755965 -0.015472795571382534 -0.030742482817732938 0.00065069199611532316 0.02920023824793317 -0.010285935504926704 -0.017496597714601433 0.023041616154671415 0.011198297222040252 0.0010458535918414658 -0.011027028425071873 0.079935854780968263 0.020410221259208824 0.012883519662607154 -0.018165473422967548 -0.011303597821117485 0.029632657887166687 -0.028180521535609227 -0.016120539274082146 0.019094038875195261
leaf_weight=8041.2948205439607 977.83237020683009 10489.466665452637 16.911797947192099 4.5875904918648285 156.7805549656041 21.354033424111549 6.2806874300003974 17.82590863481164 45.576511587947607 17.477789526805282 16.587122501805425 53.920636758906767 5.5644427324878052 9197.8926869127899 100.00513424817473 149.85952638508752 18.025809536455199 18.47245791379828 34.693169373786077 89.735971630434506 13.267332679009995 15.92542997386772 29.124275791051332 33.335560409352183 12.407317735254763 318.43707942590117 18.644310966134071 17.831406075507402 23.766949698328972 63.063551090657711
leaf_count=532973 18547 57150 422 145 3618 1339 327 575 527 410 651 3889 574 58533 1448 2393 465 451 555 1324 219 245 564 1000 226 3261 158 191 451 992
internal_value=-0.000168523 0.000177393 -0.000994969 -0.00105918 -0.00612314 0.00401938 0.0111575 0.00687441 -0.00834709 0.025064 0.0381841 -0.00816966 0.0267821 0.0011258 0.00407308 0.008722 0.0223815 0.0031517 0.00353278 0.0113826 0.0254293 0.0350406 -0.00220007 -0.00597624 -0.00530421 -0.00801636 0.00470651 -0.0033047 0.00558322 0.0126578
internal_weight=30025.9 21167.6 8858.31 8841.4 800.106 143.598 122.244 115.963 656.508 51.8908 34.0649 64.0727 10.152 10678.2 1480.28 502.445 136.503 36.4983 365.941 153.622 63.8859 50.6186 212.319 183.195 499.727 400.489 82.0522 63.4079 99.2378 75.4709
internal_count=693623 142894 550729 550307 17334 7910 6571 6244 9424 1636 1061 4608 719 85744 27211 8664 2364 916 6300 2343 1019 800 3957 3393 5806 4137 876 718 1669 1218
is_linear=0
shrinkage=0.05


Tree=171
num_leaves=31
num_cat=0
split_feature=1 2 2 6 8 3 0 0 0 2 8 3 2 6 3 0 0 2 2 2 1 1 2 0 6 0 6 6 1 2
split_gain=3.87686 7.72164 5.63247 6.85778 7.66612 6.87929 5.58893 4.37988 6.34858 6.51916 5.40377 5.40185 4.5716 7.53624 5.97427 6.5347 5.83246 4.49134 8.49754 6.45216 5.74762 7.56858 6.52841 6.06587 6.58071 5.44047 4.83406 6.73587 4.37842 5.2255
threshold=9.5000000000000018 804.30500000000006 358.63000000000005 2262.3050000000003 4.5000000000000009 31.500000000000004 171.50000000000003 86.500000000000014 75.500000000000014 500.21000000000009 2.5000000000000004 15.500000000000002 1169.1900000000003 654.24000000000012 13.500000000000002 1.5000000000000002 9.5000000000000018 1658.1350000000002 3291.5600000000004 804.30500000000006 4.5000000000000009 6.5000000000000009 647.15500000000009 16.500000000000004 320.40500000000003 53.500000000000007 39.910000000000004 287.32000000000005 5.5000000000000009 398.66500000000008
decision_type=2 2 2 2 2 2 2 2 2 2 2 2 2 2 2 2 2 2 2 2 2 2 2 2 2 2 2 2 2 2
left_child=2 -2 -1 4 6 -5 7 8 10 -10 12 -12 13 28 -14 -16 -17 19 -19 20 -13 -22 23 24 -23 -21 -24 -28 29 -4
right_child=1 -3 3 5 -6 -7 -8 -9 9 -11 11 17 14 -15 15 16 -18 18 -20 25 21 22 26 -25 -26 -27 27 -29 -30 -31
leaf_value=-0.00073301904245351001 -0.0055501452942896615 9.1082461725538967e-05 0.070954352948678662 0.0013064707815620656 0.03595992307228537 -0.030224286692246263 0.033641853359879514 -0.010447491802951986 -0.018271343138813987 0.057995972546015531 -0.0035672292664569363 0.046210708016299333 0.04131542385694334 -0.019211273162907716 0.032557818437791014 -0.035588748769392997 0.018691257134840412 0.03425921351854247 -0.0091215019366886613 -0.012318355948109316 -0.018379600283187317 0.029794761978268688 0.078432444343367685 -0.016541809898203204 -0.032842315072763487 0.036645567168376192 -0.014957459414117759 0.050808719518766934 0.0041186793403835296 0.016924414197409976
leaf_weight=623.23246645997278 617.99542966968147 28074.420863422565 4.1173418274847817 61.089153259061277 21.030956633388996 22.048187036067247 16.441139959555585 37.93993262265576 2.6897650086320928 9.0410965584451315 181.41515761311166 9.1983060818165523 26.525433743954636 19.87806581472978 12.946682083536873 9.1113226709421742 7.2223109459737307 34.320958435535431 15.348521405830978 59.90211920440197 19.286127877654508 22.728132253279913 4.21471800352447 17.159415747504681 3.3287185211665919 4.3087988102342925 6.3639506285544467 5.8254175712354481 46.312270356342196 25.333541917498223
leaf_count=171450 86661 387473 601 787 205 233 2665 5854 513 1000 11258 561 1044 269 182 226 435 1352 459 3421 1670 2073 659 2385 108 405 478 248 6221 2712
internal_value=9.15425e-05 -3.08002e-05 0.0027302 0.00578462 0.00758806 -0.00756912 0.00647919 0.00560305 0.0067512 0.0403945 0.00586556 0.00267636 0.0137992 0.00691648 0.0249475 0.00842606 -0.0121668 0.00826409 0.0210198 0.00388599 0.0125522 0.00758321 0.0163057 0.00541464 0.0200223 -0.008025 0.0412915 0.0192042 0.0140894 0.0285097
internal_weight=30020.8 28692.4 1328.36 705.128 621.99 83.1373 600.959 584.518 546.578 11.7309 534.847 383.4 151.447 95.6412 55.8057 29.2803 16.3336 201.985 49.6695 152.316 88.1048 78.9065 59.6204 43.2163 26.0569 64.2109 16.4041 12.1894 75.7632 29.4509
internal_count=693608 474134 219474 48024 47004 1020 46799 44134 38280 1513 36767 25077 11690 9803 1887 843 661 13819 1811 12008 8182 7621 5951 4566 2181 3826 1385 726 9534 3313
is_linear=0
shrinkage=0.05


Tree=172
num_leaves=31
num_cat=0
split_feature=7 0 7 0 3 2 3 1 3 3 2 1 4 3 2 0 0 1 2 1 2 2 2 1 2 2 1 2 3 2
split_gain=3.50916 5.25335 3.47636 9.3416 5.15716 6.0966 6.12502 6.8017 6.0845 6.12041 4.77658 4.65972 4.47235 4.22283 4.61457 5.62734 3.99383 4.99637 3.90378 5.28719 3.85561 5.87762 3.87619 3.76487 7.87686 7.63634 3.70284 3.52688 4.84966 4.50875
threshold=1.5000000000000002 187.50000000000003 2.5000000000000004 7.5000000000000009 46.500000000000007 1271.1550000000004 23.500000000000004 15.500000000000002 27.500000000000004 20.500000000000004 1836.7900000000002 11.500000000000002 2.5000000000000004 20.500000000000004 28.775000000000002 110.50000000000001 163.50000000000003 3.5000000000000004 377.98500000000007 15.500000000000002 203.21500000000003 144.70500000000001 57.410000000000004 39.500000000000007 2716.0150000000003 2069.5650000000005 22.500000000000004 258.79000000000002 37.500000000000007 114.70500000000001
decision_type=2 2 2 2 2 2 2 2 2 2 2 2 2 2 2 2 2 2 2 2 2 2 2 2 2 2 2 2 2 2
left_child=-1 2 3 4 5 8 10 -8 9 20 12 -11 -7 14 15 -4 17 -16 -13 -20 21 22 -2 -6 25 -25 -9 28 -15 -30
right_child=1 -3 13 -5 23 6 7 26 -10 11 -12 18 -14 27 16 -17 -18 -19 19 -21 -22 -23 -24 24 -26 -27 -28 -29 29 -31
leaf_value=0.0039299046098357554 0.020665731288340958 -0.019508609094623021 -0.022049293425440184 -0.01579299678665241 -0.036317564008865065 -0.006850096711305583 0.09105906910869653 -0.0076443401466438857 -0.030448833338904149 -0.0063361002547026287 -0.013813198338023795 -0.0094673308559160441 0.055766528656645976 -0.023941478820423204 0.013853316549670187 0.021560566297928123 -0.031177914829812772 0.0030265141675936639 0.0992470589959452 0.014398341499024926 -0.0088337173353006029 0.041634512448395541 -0.01503243189918997 -0.012063272986959391 -0.033202128749828946 0.10574094147887754 0.043818602701957775 3.5621123703239455e-05 0.041871867630683068 -0.0074781911549233488
leaf_weight=588.70479968335712 10.542868321121206 32.335353534435853 31.430763192183804 122.3568882670952 12.030104594712613 4.3472931943833846 3.6251773175317785 6.0896345555083808 12.89196910895407 4.722413159441202 13.24258216563612 1.6783925366471502 4.5725197675637901 32.792641951120459 124.67309602763271 7.770962403563316 5.8510945444577365 684.4814502557856 3.0109447044087574 4.1718899132101797 59.924276722129434 9.2987079163431172 17.322981500125024 1.940065048343967 3.8171832582447678 0.88696887431433413 4.8828388046240434 28222.668241650448 4.4418161464855102 14.877681871643288
leaf_count=134467 628 19558 14112 23406 1791 66 204 497 2089 420 435 266 353 7229 22656 4914 2313 68058 345 548 4393 724 1235 488 529 166 584 378716 602 1888
internal_value=0.000114189 3.76846e-05 6.04844e-05 -0.00526437 0.0020276 0.00500192 0.0223033 0.0453064 -0.000418464 0.00355809 0.00465592 0.0326476 0.0295836 0.000115931 0.00357536 -0.0127776 0.00439129 0.00472473 0.0507642 0.063835 -0.00108861 0.011213 -0.00104681 -0.0215214 0.00747296 0.0533953 0.0184819 1.11725e-05 -0.0127415 0.00673169
internal_weight=30051.4 29462.7 29430.3 301.356 178.999 160.324 36.76 14.5977 123.564 110.672 22.1624 13.5836 8.91981 29129 854.207 39.2017 815.006 809.155 8.86123 7.18283 97.0888 37.1646 27.8658 18.6743 6.64422 2.82703 10.9725 28274.8 52.1121 19.3195
internal_count=693680 559213 539655 39167 15761 12787 2139 1285 10648 8559 854 1579 419 500488 112053 19026 93027 90714 1159 893 6980 2587 1863 2974 1183 654 1081 388435 9719 2490
is_linear=0
shrinkage=0.05


Tree=173
num_leaves=31
num_cat=0
split_feature=1 5 3 2 5 1 3 3 5 1 2 3 5 1 3 5 5 1 2 3 2 2 3 5 4 2 0 1 3 5
split_gain=4.14329 8.34879 6.61429 6.72932 6.04411 5.47082 8.63365 23.0306 6.73363 5.5379 7.60606 6.68262 7.21043 5.45686 8.49352 6.58367 8.50574 6.73112 5.71903 4.80043 5.41505 10.7406 4.76265 4.54159 5.63694 5.30545 6.40602 6.29955 4.48513 7.67374
threshold=61.500000000000007 33.500000000000007 899.50000000000011 6681.2600000000011 132.50000000000003 42.500000000000007 326.50000000000006 384.50000000000006 104.50000000000001 45.500000000000007 4210.3950000000013 81.500000000000014 60.500000000000007 92.500000000000014 648.50000000000011 3.5000000000000004 8.5000000000000018 88.500000000000014 30326.465000000004 110.50000000000001 7049.3100000000004 4944.5650000000014 57.500000000000007 5.5000000000000009 487.50000000000006 2441.5550000000007 1.0000000180025095e-35 57.500000000000007 147.50000000000003 4.5000000000000009
decision_type=2 2 2 2 2 2 2 2 2 2 2 2 2 2 2 2 2 2 2 2 2 2 2 2 2 2 2 2 2 2
left_child=2 13 3 5 28 -1 8 -8 9 22 23 -12 -13 14 15 -2 17 18 -17 20 21 -18 -7 24 -11 27 -27 -25 -5 -30
right_child=1 -3 -4 4 -6 6 7 -9 -10 10 11 12 -14 -15 -16 16 19 -19 -20 -21 -22 -23 -24 25 -26 26 -28 -29 29 -31
leaf_value=0.00050285772824383503 -0.019189869149501472 0.00027524788518087961 -0.023787797390269184 0.0013090545273190376 -0.0079441117542358719 0.024969159654832859 0.061247011286154951 -0.014991227861230513 0.014663655408654852 -0.021716162727008225 0.021617214536599691 -0.0020499826589557091 0.021197636565385529 -0.0052529137476487221 0.021079564083609614 0.0079572152278889283 -0.026168798531028704 -0.02765256769113756 0.038034813390842311 -0.0016049692775768603 -0.023877420527474859 0.043986480861567173 -0.012244692714476774 -0.00065598679339340642 0.04242582783653439 -0.020702187967665295 -0.0034898409534787826 0.035152012411547064 0.02254170100415652 0.0037326718350448396
leaf_weight=6298.3978750196984 49.656549109786283 12750.336417505518 25.225533813820221 3413.7112977741053 141.89189732819796 7.0877218039822756 16.196961147827096 20.393995109945536 45.306385008618236 70.390365125611424 35.714542803820223 431.84934946580324 34.131743930280209 1146.9183699486894 40.268571494729258 179.78695783554576 9.6375002609565872 10.241025129798798 15.611367968842385 2485.7027572714724 46.795928990468383 8.3449998758733255 250.68397680390626 73.014364602742717 1.7847490165731859 77.552250332199037 172.01639408338815 12.749837738461791 53.766525223269127 2103.4184865737334
leaf_count=486302 4728 65098 183 33865 654 333 313 354 370 6918 805 9934 285 14430 348 5454 268 319 179 26066 455 165 8264 1992 1069 1396 4729 328 1630 16386
internal_value=0.000173512 -0.00034964 0.00083279 0.000883207 0.00217754 -9.68332e-05 -0.0031172 0.0201808 -0.0038525 -0.00459523 -0.00274865 0.00137346 -0.000263848 -0.00234417 -0.00116912 -0.00150323 -0.00117088 0.00856228 0.0107213 -0.00196174 -0.0151938 0.00753163 -0.0110371 -0.00780543 -0.0190289 -0.00529126 -0.00896056 0.00534703 0.0024381 0.00422192
internal_weight=30028.6 16743.3 13285.3 13260.1 5712.79 7547.27 1248.87 36.591 1212.28 1166.98 909.204 501.696 465.981 3992.96 2846.05 2805.78 2756.12 205.639 195.398 2550.48 64.7784 17.9825 257.772 407.508 72.1751 335.333 249.569 85.7642 5570.9 2157.19
internal_count=693620 117510 576110 575927 52535 523392 37090 667 36423 36053 27456 11024 10219 52412 37982 37634 32906 5952 5633 26954 888 433 8597 16432 7987 8445 6125 2320 51881 18016
is_linear=0
shrinkage=0.05


Tree=174
num_leaves=31
num_cat=0
split_feature=5 6 0 2 5 2 6 6 5 6 6 4 3 3 5 5 3 0 2 2 6 4 6 2 5 5 3 3 6 5
split_gain=2.76891 6.37769 6.30781 5.43314 7.68029 6.92999 4.15399 5.21111 4.13302 4.96457 3.90784 7.62469 6.74967 10.2212 6.04344 10.7714 5.12822 4.82045 6.66482 6.50087 12.2969 5.64522 5.52776 3.84189 7.11096 21.4158 9.06744 9.88426 11.363 12.9032
threshold=32.500000000000007 14765.125000000002 8.5000000000000018 3758.8400000000006 39.500000000000007 28633.675000000003 4013.4850000000006 2262.3050000000003 41.500000000000007 6915.7850000000008 1906.4300000000001 10.500000000000002 76.500000000000014 87.500000000000014 73.500000000000014 103.50000000000001 65.500000000000014 1.5000000000000002 3846.1350000000007 3521.6800000000007 1351.7300000000002 4.5000000000000009 787.13000000000011 6864.7800000000007 77.500000000000014 66.500000000000014 157.50000000000003 335.50000000000006 3492.9750000000004 122.50000000000001
decision_type=2 2 2 2 2 2 2 2 2 2 2 2 2 2 2 2 2 2 2 2 2 2 2 2 2 2 2 2 2 2
left_child=1 -1 10 4 -4 6 7 -5 9 -8 11 12 16 -14 17 -16 -2 19 21 22 -21 -19 -15 24 25 -12 -26 28 29 -28
right_child=2 -3 3 5 -6 -7 8 -9 -10 -11 23 -13 13 14 15 -17 -18 18 -20 20 -22 -23 -24 -25 26 -27 27 -29 -30 -31
leaf_value=1.6412655198204829e-06 0.0025580930386661831 -0.0054731768242198683 0.046573672233360404 -0.020741271367385006 -0.0022222855565355859 0.00034253462312980201 -0.015294006488897364 0.0057686763531152692 -0.017436838686641865 0.0093926598831966454 -0.0037811975620876855 -0.020534897592102294 0.038557235477368924 0.025218966118101878 -0.017711899961500587 0.017387098361529345 -0.024941378531742484 0.030209933955011627 -0.013141087946220972 -0.0017137012666015785 0.036513462397994911 -0.0080750092488686264 -0.0041121158219061581 0.0010200838369698467 -0.022497724987803124 0.028229595496765403 0.010131631264492654 -0.019677532256250289 0.019549467815056249 -0.034079686177755419
leaf_weight=14438.169779566757 50.463006220757961 550.28973700292408 10.646124824881552 22.685096263885498 21.785806558094919 332.48667264729738 40.240316234529018 72.468602977693081 171.2956933490932 37.468777667731047 313.71262127347291 24.591616647318006 26.777224451303482 20.872283931821585 53.04340335726738 34.321334835141897 23.29000461101532 22.810407295823097 39.224173791706562 30.420240476727486 64.967465471476316 14.5992708299309 52.521208666265011 13263.033579852432 84.208654377609491 60.61783386208117 35.156920727342367 57.373630337417126 63.939786199480295 28.007780060172081
leaf_count=610208 489 3286 238 409 455 1609 313 873 1171 209 2899 561 262 233 527 328 243 301 537 343 633 238 488 64543 642 481 332 461 434 254
internal_value=0.000281143 -0.000200066 0.000759616 -0.0038375 0.0155704 -0.00481088 -0.00976273 -0.000848295 -0.0131354 -0.0034539 0.000987056 0.005522 0.00708835 0.00990769 0.00738582 -0.00384269 -0.00655502 0.0113818 0.000937904 0.0160572 0.0245375 0.0156175 0.00467703 0.000836955 -0.00293175 0.001525 -0.00910622 -0.00281767 0.00497963 -0.00991634
internal_weight=30061.5 14988.5 15073 709.077 32.4319 676.645 344.158 95.1537 249.005 77.7091 14364 457.902 433.31 359.557 332.78 87.3647 73.753 245.415 76.6339 168.781 95.3877 37.4097 73.3935 13906.1 643.017 374.33 268.687 184.478 127.104 63.1647
internal_count=694000 613494 80506 5277 693 4584 2975 1282 1693 522 75229 5183 4622 3890 3628 855 732 2773 1076 1697 976 539 721 70046 5503 3380 2123 1481 1020 586
is_linear=0
shrinkage=0.05


Tree=175
num_leaves=31
num_cat=0
split_feature=4 1 4 3 2 5 5 3 3 1 2 1 1 1 3 4 1 2 3 1 4 1 3 4 2 2 1 1 4 5
split_gain=2.36958 6.51935 5.83314 5.76526 5.32102 9.19456 8.66948 5.09308 9.17828 9.8935 8.81862 5.97256 9.85484 5.72763 5.39388 8.0052 5.78737 7.5456 7.51095 5.51547 5.73443 6.04658 7.49544 5.40822 5.22438 5.17512 6.10881 5.00196 7.96767 4.82571
threshold=16.500000000000004 180.50000000000003 21.500000000000004 1847.5000000000002 109266.49000000001 45.500000000000007 38.500000000000007 515.50000000000011 242.50000000000003 55.500000000000007 11687.245000000001 114.50000000000001 125.50000000000001 74.500000000000014 45.500000000000007 24.500000000000004 15.500000000000002 3521.6800000000007 26.500000000000004 18.500000000000004 30.500000000000004 54.500000000000007 175.50000000000003 34.500000000000007 1529.075 358.63000000000005 1.5000000000000002 25.500000000000004 39.500000000000007 8.5000000000000018
decision_type=2 2 2 2 2 2 2 2 2 2 2 2 2 2 2 2 2 2 2 2 2 2 2 2 2 2 2 2 2 2
left_child=-1 2 4 7 5 6 -2 8 9 14 -10 13 -13 -12 16 -16 25 29 -19 -17 -21 23 -23 -22 -25 26 -4 28 -26 -18
right_child=1 -3 3 -5 -6 -7 -8 -9 10 -11 11 12 -14 -15 15 19 17 18 -20 20 21 22 -24 24 27 -27 -28 -29 -30 -31
leaf_value=0.00011851639604595276 -0.0045166570143977298 -0.028693304931822445 0.0043536407829880058 0.056902170659296453 0.01712068165513788 -0.018904739135868227 0.018879002194500658 -0.01067247378649422 -0.003100413039657854 -0.0073684036220232731 0.016652623586415085 0.052702848168656981 0.0034659969415793794 0.002548472432637186 0.010916226182474186 0.0072534801689276215 -0.0093343839686897394 0.035998122303339986 -0.0014536596560122753 -0.0059103502603747296 0.0086268163197446134 0.047468460273311947 -0.017694074850022907 -0.0094811476784067289 -0.017954342589058283 0.0025925853171611482 -0.0078535937390183819 -0.0010739354297785229 0.011066230161543627 -0.030463841135478953
leaf_weight=24207.471444156254 765.76510637253523 19.182893590128515 144.76536425563972 2.4151371254120013 25.697305420413613 105.43652868457139 39.794871529564261 112.66647866333369 163.27228368102806 497.97042883554241 122.42231119750068 19.213906602351926 20.087664978462271 172.87291705503594 211.06079784641042 276.22218486614292 257.22448643815005 13.173541634110732 112.61357737402432 361.80023381835781 185.65168742113747 12.50830948376097 5.096870500710792 140.73222566099139 25.186100000748411 655.48624914913671 340.30074300320121 806.20113966066856 188.05829108413309 28.923824961064383
leaf_count=222746 18869 435 58610 37 134 751 323 1426 5294 14920 1129 226 345 1762 5042 23431 41635 374 3148 8698 4993 593 145 24363 766 80580 122085 40048 10087 1132
internal_value=-9.94697e-05 -0.00100405 -0.000902829 -0.000207887 -0.00451217 -0.00515856 -0.00331701 -0.00025952 -8.71656e-06 -0.000759983 0.00640126 0.0110286 0.0289236 0.00846841 0.000117514 0.0017022 -0.00214018 -0.00720438 0.00297064 0.000720626 -0.000332518 0.0011541 0.0287227 0.000751383 -0.000521522 -0.000301726 -0.00420749 0.000731477 0.00750366 -0.0116668
internal_weight=30039.3 5831.8 5812.62 4875.93 936.694 910.997 805.56 4873.51 4760.85 4262.98 497.869 334.597 39.3016 295.295 3765.01 2212.52 1552.49 411.935 125.787 2001.46 1725.23 1363.43 17.6052 1345.83 1160.18 1140.55 485.066 1019.45 213.244 286.148
internal_count=694127 471381 470946 450869 20077 19943 19192 450832 449406 440650 8756 3462 571 2891 425730 118166 307564 46289 3522 113124 89693 80995 738 80257 75264 261275 180695 50901 10853 42767
is_linear=0
shrinkage=0.05


Tree=176
num_leaves=31
num_cat=0
split_feature=1 5 3 5 3 1 0 6 2 2 2 6 1 6 1 2 2 3 3 6 6 0 3 3 0 5 2 5 5 2
split_gain=4.16573 8.40484 7.65449 7.96002 13.5768 12.0688 10.3304 8.89539 8.59791 8.57354 8.51351 9.31646 7.02138 6.97774 9.97334 11.0903 7.63144 6.7789 12.1833 7.4186 12.1469 6.36523 8.61737 6.30095 6.19726 6.83885 6.78398 6.55537 7.20874 8.66615
threshold=61.500000000000007 33.500000000000007 776.50000000000011 14.500000000000002 340.50000000000006 43.500000000000007 1.5000000000000002 5240.9400000000014 12505.535000000002 5177.7850000000008 22017.785000000003 4791.7700000000013 23.500000000000004 6419.8450000000003 82.500000000000014 23137.850000000002 109266.49000000001 151.50000000000003 251.50000000000003 771.02500000000009 307.38500000000005 1.0000000180025095e-35 504.50000000000006 141.50000000000003 4.5000000000000009 35.500000000000007 2777.1150000000002 26.500000000000004 52.500000000000007 3291.5600000000004
decision_type=2 2 2 2 2 2 2 2 2 2 2 2 2 2 2 2 2 2 2 2 2 2 2 2 2 2 2 2 2 2
left_child=2 13 3 4 5 7 -6 9 -9 12 11 -7 23 -2 -15 -16 21 -11 19 20 -19 -17 -23 -1 27 26 -26 -5 29 -29
right_child=1 -3 -4 24 6 10 -8 8 -10 17 -12 -13 -14 14 15 16 -18 18 -20 -21 -22 22 -24 -25 25 -27 -28 28 -30 -31
leaf_value=0.00082410157225278838 -0.0012042782622302935 0.00019819384525089807 -0.022294257180116947 -0.001096656179524848 0.04651594255857372 -0.005430172029360583 0.0066309561394577738 -0.019289005600712256 -0.0020359233003226199 0.0028716325339393643 0.0072428779551409238 -0.026973884550297551 -0.0030743167513792059 -0.0015582710875980243 -0.035374087088071819 -0.019791882104994152 0.0098307303541726194 -0.011387621684214734 -0.017454643504533428 0.013260546020840489 0.06355433605180115 -0.01082720327234726 0.013579995645153792 0.017845222411978726 0.01824805023176362 -0.0013840823414649828 0.0053969246113547992 -0.0046438402411517919 -0.00056151692238182421 0.0069176772499461919
leaf_weight=3175.774402584997 2967.8550447123707 12777.404419188388 33.917521274997853 1747.9077528920025 24.212541767861694 1007.081485213188 44.799527931027114 103.94138017855585 228.55632122792304 1255.0224363638554 124.07176545681432 51.010793894529343 1445.5156562158954 565.06804171018302 42.21306224167347 136.86132864654064 46.623576890677214 6.8059308886295211 26.721612218068913 141.48440746590495 16.977351867593825 183.87228102236986 43.092232413589954 53.326664006337523 111.20535780768842 344.86158747784793 1167.0392458271235 187.14640991203487 862.55831538513303 1151.5776258055121
leaf_count=376228 46692 65214 258 17062 386 33321 870 1047 2000 21863 1201 428 85167 3074 257 735 271 339 360 1720 424 1053 244 1891 2858 2933 11751 2177 4957 7217
internal_value=9.71812e-05 -0.000427189 0.000757478 0.000819712 -0.000221434 -0.000423693 0.0215404 0.000427498 -0.00751245 0.000861071 -0.00506372 -0.00651773 -0.000180472 -0.0024312 -0.00599971 -0.0115128 -0.00889914 0.00422141 0.0129243 0.0179861 0.0428888 -0.01134 -0.00611503 0.00111607 0.00225896 0.00485809 0.00654171 0.00118881 0.00300291 0.00529692
internal_weight=30074.5 16763 13311.5 13277.6 7705.3 7636.29 69.0121 6454.13 332.498 6121.63 1182.16 1058.09 4674.62 3985.59 1017.73 452.662 410.449 1447.01 191.989 165.268 23.7833 363.826 226.965 3229.1 5572.3 1623.11 1278.24 3949.19 2201.28 1338.72
internal_count=693998 117540 576458 576200 527245 525989 1256 491039 3047 487992 34950 33749 463286 52326 5634 2560 2303 24706 2843 2483 763 2032 1297 378119 48955 17542 14609 31413 14351 9394
is_linear=0
shrinkage=0.05


Tree=177
num_leaves=31
num_cat=0
split_feature=1 5 1 5 2 2 2 2 5 5 2 1 1 2 2 2 5 0 5 1 2 5 8 4 4 5 2 1 8 1
split_gain=2.79809 13.1385 9.16174 13.7713 14.2032 22.7201 16.6949 9.84984 9.23871 8.20431 10.5525 7.63844 10.798 11.0917 10.7954 8.15987 8.74938 8.51869 7.15365 6.42828 11.803 8.89622 7.44648 7.54888 12.9057 7.23304 6.7678 7.08377 6.4258 6.31349
threshold=105.50000000000001 79.500000000000014 101.50000000000001 211.50000000000003 22017.785000000003 30326.465000000004 25693.415000000005 18417.425000000007 76.500000000000014 52.500000000000007 2716.0150000000003 71.500000000000014 97.500000000000014 9612.7750000000033 91937.650000000009 19241.770000000004 62.500000000000007 1.0000000180025095e-35 48.500000000000007 83.500000000000014 109266.49000000001 48.500000000000007 3.5000000000000004 19.500000000000004 24.500000000000004 19.500000000000004 20116.000000000004 17.500000000000004 4.5000000000000009 26.500000000000004
decision_type=2 2 2 2 2 2 2 2 2 2 2 2 2 2 2 2 2 2 2 2 2 2 2 2 2 2 2 2 2 2
left_child=2 -2 8 4 7 6 -6 -4 9 19 -11 14 13 -13 -12 16 17 -15 -7 26 21 22 23 -21 25 -25 -1 -28 -10 -29
right_child=1 -3 3 -5 5 18 -8 -9 28 10 11 12 -14 15 -16 -17 -18 -19 -20 20 -22 -23 -24 24 -26 -27 27 29 -30 -31
leaf_value=-0.00014836664460278777 -0.0034188243764673369 0.00060183349122180409 0.00025588278832369969 0.035418015867237071 0.011438193069227111 0.013634976694450979 0.055145047273131034 -0.024599017346632834 -0.016582082293763723 0.021857793087985279 -0.0030339283182645974 0.023780553837407667 -0.007542485791932025 -0.012148466209175647 0.02380499349172337 0.0090004171634015754 -0.016479557417639696 0.01824832546664391 -0.0037977902414380719 -0.012150703696004699 0.018641447508551179 -0.015677086206552279 -0.00030543819862176302 0.053066183602131639 -0.0066886260654454898 0.0048227015935777152 -0.019119691494895133 0.015711525153456817 -0.0027165809031760545 0.0024296490924168813
leaf_weight=12883.195345123648 3228.9575577704236 5473.4769859779626 174.00869154074462 36.022759299725294 47.792890377342701 93.30563772469759 40.447971485555172 49.689430382102728 85.858589114621282 74.767491543665528 593.28932300023735 96.649802369996905 127.00936462543905 36.246724613010883 37.989417493343353 488.94635778665543 73.243922237306833 56.554944291710854 152.21215659379959 314.36231647362001 59.387212086468935 139.66343630477786 1069.3044253954431 14.380608089966701 97.513809512776788 15.618569353595374 35.094081348506734 90.755622436758131 1756.6735783852637 2603.6843066324946
leaf_count=591637 22545 24584 1864 173 266 514 213 315 760 705 3473 872 654 198 164 2109 423 353 639 4019 298 770 8469 297 1983 168 434 762 9178 15550
internal_value=-0.000134895 -0.000890437 0.000173216 0.00628801 0.00428575 0.0107939 0.0322508 -0.00543412 -2.26316e-06 0.000327213 0.00376844 0.00284498 0.00585422 0.00813194 -0.00134872 0.00575749 -0.00378526 0.00637004 0.00288393 1.20127e-05 -0.00289631 -0.00369273 -0.00256587 -0.00800993 0.00222846 0.0298203 0.000330923 0.00259159 -0.00337997 0.00288834
internal_weight=30046.1 8702.43 21343.7 593.48 557.457 333.759 88.2409 223.698 20750.2 18907.7 1584.7 1509.93 878.651 751.642 631.279 654.992 166.046 92.8017 245.518 17323 1710.23 1650.84 1511.18 441.875 127.513 29.9992 15612.7 2729.53 1842.53 2694.44
internal_count=694389 47129 647260 3984 3811 1632 479 2179 643276 633338 8951 8246 4609 3955 3637 3083 974 551 1153 624387 16004 15706 14936 6467 2448 465 608383 16746 9938 16312
is_linear=0
shrinkage=0.05


Tree=178
num_leaves=31
num_cat=0
split_feature=1 6 5 6 1 5 1 5 5 5 2 6 1 2 3 1 5 2 5 5 3 1 3 6 2 1 1 6 1 5
split_gain=2.58804 17.6129 10.3908 7.94359 7.66535 8.71186 10.1205 5.51758 5.40761 7.88862 8.21405 5.37867 4.76115 19.0722 6.24827 11.3106 5.13365 30.1418 15.0953 9.4052 6.65879 8.32967 8.01288 14.6758 6.50663 5.73512 8.68989 7.03161 4.70457 15.2965
threshold=243.50000000000003 109791.10500000001 727.50000000000011 21369.865000000002 227.50000000000003 409.50000000000006 232.50000000000003 165.50000000000003 268.50000000000006 399.50000000000006 91937.650000000009 13219.300000000001 214.50000000000003 136133.35500000001 1101.5000000000002 221.50000000000003 522.50000000000011 55344.990000000013 630.50000000000011 911.50000000000011 1348.5000000000002 202.50000000000003 1847.5000000000002 16536.615000000002 30326.465000000004 176.50000000000003 162.50000000000003 13942.755000000003 174.50000000000003 390.50000000000006
decision_type=2 2 2 2 2 2 2 2 2 2 2 2 2 2 2 2 2 2 2 2 2 2 2 2 2 2 2 2 2 2
left_child=4 3 -3 11 12 6 -6 -8 -5 -10 -11 -2 16 14 -14 -16 20 18 -18 -19 28 22 25 -24 -20 26 27 -22 -1 -30
right_child=1 2 -4 8 5 -7 7 -9 9 10 -12 -13 13 -15 15 -17 17 19 24 -21 21 -23 23 -25 -26 -27 -28 -29 29 -31
leaf_value=-3.384445272489209e-05 -0.010121475624386535 0.029528982491754216 -0.0030455201840546772 -0.024064333500159782 0.018529497333715655 0.023493224730101795 0.0085362924646287097 -0.012235793043096969 0.0079743841357141493 -0.031455367410962866 -0.0055502310371237139 0.011604363359569235 -0.024942955142063229 0.014974362042807388 -0.020632492446742309 0.010040108384614334 -0.010542513535147166 -0.034784640962042833 0.0070672623927184987 -0.0091515856629569275 -0.0073436822252126877 0.020618245689967941 0.015702168951744342 -0.019076739907194638 0.033388476927845898 0.016749746233788318 -0.016914201089550097 0.017633313552825148 -0.0046994419381484057 0.025185575667838675
leaf_weight=27193.261033789313 47.647343802382238 52.840300142765045 43.605297043919563 80.860425114631653 67.291433643549681 67.655208274722099 47.843351996038109 88.005780309438705 51.076916664838791 46.136206611990929 87.068743079900742 64.97475254535675 83.473073350382037 72.552694916725159 65.356772043742239 52.608886848320253 61.123683445155621 75.941704697906971 46.382630698382854 69.708518788218498 42.426688404055312 77.107318059541285 44.341304341331124 86.522863507270813 48.541737675666809 105.25133637990803 43.186599716544151 76.889664985239506 1008.7767838996369 42.740754134953022
leaf_count=680645 325 268 193 339 321 305 244 383 230 192 383 271 406 325 295 238 273 320 208 305 244 354 244 372 202 482 197 328 4987 186
internal_value=-0.00017364 -0.00383032 0.0150386 -0.00870151 -0.000114737 0.00822794 0.00296441 -0.00490257 -0.0133982 -0.00850989 -0.0148552 0.00239653 -0.000192408 -0.00672858 -0.0146158 -0.00701417 -0.000130242 -0.00659687 0.00863005 -0.0228067 -6.18581e-05 0.00579193 0.00283536 -0.00723347 0.0209384 0.00777362 0.00182693 0.00877731 -0.000160856 -0.00343921
internal_weight=30041.2 474.21 96.4456 377.764 29567 270.796 203.141 135.849 265.142 184.282 133.205 112.622 29296.2 273.991 201.439 117.966 29022.2 301.698 156.048 145.65 28720.5 475.726 398.618 130.864 94.9244 267.754 162.503 119.316 28244.8 1051.52
internal_count=694065 2201 461 1740 691864 1253 948 627 1144 805 575 596 690611 1264 939 533 689347 1308 683 625 688039 2221 1867 616 410 1251 769 572 685818 5173
is_linear=0
shrinkage=0.05


Tree=179
num_leaves=31
num_cat=0
split_feature=0 6 7 6 2 3 3 0 2 2 2 6 2 6 6 5 4 3 3 6 6 0 0 3 0 2 0 3 3 3
split_gain=3.15515 7.00407 8.18027 7.81359 6.88043 6.53669 6.10477 5.51741 10.3854 4.4525 4.2483 4.14535 10.8184 10.344 6.72503 8.90706 5.64124 4.51215 5.19769 4.39207 7.16744 3.79774 4.91551 4.04315 4.96991 4.45017 5.57992 4.28379 4.19546 4.16329
threshold=23.500000000000004 84.905000000000015 1.5000000000000002 95.865000000000009 3221.4250000000006 95.500000000000014 50.500000000000007 27.500000000000004 1353.325 388.41000000000003 249.79500000000004 1775.6400000000001 18417.425000000007 13942.755000000003 1544.9500000000003 9.5000000000000018 30.500000000000004 282.50000000000006 118.50000000000001 1955.8800000000003 2094.9300000000003 88.500000000000014 91.500000000000014 23.500000000000004 229.50000000000003 169.95500000000001 218.50000000000003 27.500000000000004 5.5000000000000009 8.5000000000000018
decision_type=2 2 2 2 2 2 2 2 2 2 2 2 2 2 2 2 2 2 2 2 2 2 2 2 2 2 2 2 2 2
left_child=-1 2 7 10 -4 6 -6 8 -2 -5 -3 14 19 17 16 -16 -11 18 -14 -13 -21 -9 -23 24 -24 26 27 -25 -26 -30
right_child=1 3 4 9 5 -7 -8 21 -10 11 -12 12 13 -15 15 -17 -18 -19 -20 20 -22 22 23 25 28 -27 -28 -29 29 -31
leaf_value=-0.00010565779885701066 0.053065358909630669 0.080966521941948311 -0.010780365486545009 -0.014532985435815269 0.00016932122758917114 -0.02796553414100993 0.081348808674712267 -0.0054370504404855115 -0.02302155896795792 0.016001932540173486 0.019209287310025941 -0.024146047128675584 0.011617808800064307 -0.0061939631120724635 0.0035364076237203823 0.05149262192218397 0.0033817496344597099 0.004204516977919996 0.042346995216457073 0.026031555639913329 -0.0048831449046118757 0.053428887915572647 -0.011709669545154337 -0.0041286780638351362 0.0028478996167384165 0.0079246366888230512 -0.007345244036882974 0.091604963719311705 0.061098271384291303 0.0066880459339298719
leaf_weight=28370.614361375163 11.557972481125036 2.5707369287265456 243.93636932817753 29.959162905695848 3.9217305353376997 2.4608410582295619 3.6853608122328296 121.73831595678348 5.3143180971965185 106.24433021992445 12.361723670735953 24.170327736064792 25.420798471197486 46.470119656994939 20.230033601634204 17.148855170235038 496.97388235706603 24.225599206984043 34.266841609030962 18.212075833696872 259.87056734319776 3.3070713885826981 49.877550335717387 1.2636683277087275 79.124382654088549 24.568509035510942 2.6654741395032033 3.6408553303335793 4.7389659240143365 8.5404724030522612
leaf_count=473108 2931 359 95804 3566 414 231 275 28233 759 3735 1547 499 246 353 455 319 27985 176 278 337 3341 706 11769 309 28077 4059 497 745 1079 1908
internal_value=1.93743e-05 0.00211788 -0.00238555 0.00441518 -0.00903318 0.0280703 0.0482456 0.0029754 0.0292 0.00389036 0.0381489 0.00443072 0.000643975 0.0125726 0.00697819 0.0270358 0.00565007 0.0228676 0.0300605 -0.00455052 -0.00268706 0.00131395 0.00594726 0.00445149 0.000733286 0.0199052 0.0490059 0.0728878 0.0075555 0.031561
internal_weight=30059.1 1688.47 570.342 1118.13 254.004 10.0679 7.60709 316.338 16.8723 1103.19 14.9325 1073.23 432.636 130.383 640.597 37.3789 603.218 83.9132 59.6876 302.253 278.083 299.465 177.727 174.42 142.281 32.1385 7.57 4.90452 92.4038 13.2794
internal_count=694100 220992 177796 43196 96724 920 689 81072 3690 41290 1906 37724 5230 1053 32494 774 31720 700 524 4177 3678 77382 49149 48443 42833 5610 1551 1054 31064 2987
is_linear=0
shrinkage=0.05


Tree=180
num_leaves=31
num_cat=0
split_feature=1 2 8 2 6 1 2 1 4 1 6 4 0 6 6 6 6 8 6 4 2 2 4 4 6 0 6 6 1 2
split_gain=3.08162 5.13901 3.35605 8.23973 7.2974 8.76677 7.01797 11.0748 5.28856 6.99108 5.87614 9.88877 8.23444 5.67325 5.28191 5.21388 5.048 4.6608 9.25892 10.0436 10.295 6.6183 7.17561 5.95775 6.32733 5.85541 5.80237 5.67454 5.41913 5.38176
threshold=9.5000000000000018 19241.770000000004 4.5000000000000009 177921.78000000003 307.38500000000005 30.500000000000004 30326.465000000004 85.500000000000014 8.5000000000000018 131.50000000000003 4013.4850000000006 1.5000000000000002 5.5000000000000009 32681.165000000005 29413.335000000003 7439.2750000000005 5984.0550000000012 2.5000000000000004 3216.8850000000007 82.500000000000014 19241.770000000004 169.95500000000001 2581.5000000000005 10.500000000000002 13219.300000000001 42.500000000000007 112.74500000000002 3056.2250000000008 31.500000000000004 241.88500000000002
decision_type=2 2 2 2 2 2 2 2 2 2 2 2 2 2 2 2 2 2 2 2 2 2 2 2 2 2 2 2 2 2
left_child=1 -1 3 6 5 -4 7 17 9 10 11 -8 13 -12 15 16 -10 21 27 20 25 22 -2 24 -23 -20 -25 29 -22 -19
right_child=2 -3 4 -5 -6 -7 8 -9 14 -11 12 -13 -14 -15 -16 -17 -18 18 19 -21 28 23 -24 26 -26 -27 -28 -29 -30 -31
leaf_value=0.002635900855569087 0.072873004197090849 -0.031853064580944022 0.0015025637831419217 -0.021033503335307339 0.00025239600013582831 0.042736120261411888 0.046406583594138795 -0.0074822388861685261 -0.00039401549718438275 -0.014182322926926547 0.0011539369326537495 0.004513060680351416 0.028874917226598809 0.020589268141901422 -0.012054527813585852 0.0061330956949941914 -0.021624380027362545 -0.021368561106537898 -0.01171746279779274 -0.036585965714461599 0.02575691151522097 -0.00081592666216314205 -0.0084776944955661845 -0.012515898242773963 -0.020283910384191431 0.014991218036714441 0.0031726188206758531 0.017871367438191618 0.00067000769595387062 -0.00097851858756532436
leaf_weight=1322.8012192299939 4.4826813992112857 8.8991423372644913 31.0034283939749 48.166670546750538 18288.520680438727 20.252209270372987 24.817028444260359 638.15273747645551 128.33904637000524 32.420518370345235 256.88837994635105 30.687449555844069 35.612611994147301 42.033284865319729 75.323556939139962 286.2974561303854 33.839742248877883 30.644956014933996 368.19874555617571 27.061734983697534 25.743830479681492 2531.5981765957549 4.0141850048094057 59.10420346603496 40.4428571164608 20.054859595373273 1704.9786888238741 37.609127828851342 96.56619093939662 3811.2461831463734
leaf_count=219567 2122 131 503 351 110310 370 184 11580 1657 236 1468 308 217 233 525 1911 266 6529 3913 468 245 35995 3189 34020 239 235 31627 467 806 224389
internal_value=8.48663e-06 0.00235801 -0.00010056 -0.000818243 0.000306242 0.0187879 -0.000720083 -0.00113344 0.00337982 0.00752783 0.00939556 0.0242069 0.00680886 0.00400554 1.84274e-05 0.00209065 -0.00503334 -0.000669429 -0.00181276 -0.00794955 -0.00629488 0.000493281 0.0401478 0.000397103 -0.00113756 -0.0102681 0.00263341 -0.00095866 0.00627975 -0.00115219
internal_weight=30065.8 1331.7 28734.1 10394.3 18339.8 51.2556 10346.2 9399.9 946.259 422.459 390.039 55.5045 334.534 298.922 523.8 448.476 162.179 8761.75 4417.13 537.625 510.564 4344.62 8.49687 4336.12 2572.04 388.254 1764.08 3879.5 122.31 3841.89
internal_count=694061 219698 474363 363180 111183 873 362829 355824 7005 2646 2410 492 1918 1701 4359 3834 1923 344244 237052 5667 5199 107192 5311 101881 36234 4148 65647 231385 1051 230918
is_linear=0
shrinkage=0.05


Tree=181
num_leaves=31
num_cat=0
split_feature=1 4 3 5 2 3 6 6 5 4 2 2 2 2 6 6 4 1 3 5 5 5 4 8 3 4 1 6 3 4
split_gain=4.55086 10.6306 6.9332 8.57535 14.1471 7.57606 10.187 6.90979 11.2412 8.0597 16.6016 7.25122 6.08025 6.06198 8.68005 18.5046 5.84628 5.86389 5.79725 5.47689 5.32764 5.71835 9.22315 8.74235 7.09631 7.40702 12.4279 5.04541 5.0399 4.94648
threshold=51.500000000000007 90.500000000000014 202.50000000000003 47.500000000000007 6503.3450000000003 183.50000000000003 18773.655000000002 136.49000000000004 1.5000000000000002 7.5000000000000009 3221.4250000000006 2245.8300000000004 5712.7400000000007 7242.4750000000013 954.42000000000019 1697.0500000000002 63.500000000000007 71.500000000000014 171.50000000000003 118.50000000000001 5.5000000000000009 29.500000000000004 3.5000000000000004 2.5000000000000004 366.50000000000006 23.500000000000004 67.500000000000014 1260.7950000000003 181.50000000000003 1.5000000000000002
decision_type=2 2 2 2 2 2 2 2 2 2 2 2 2 2 2 2 2 2 2 2 2 2 2 2 2 2 2 2 2 2
left_child=2 7 5 29 -5 -1 -7 8 -2 10 -10 -11 -3 -9 16 20 18 -18 -15 -6 -16 23 -23 24 25 -22 -27 -26 -20 -4
right_child=1 12 3 4 19 6 -8 13 9 11 -12 -13 -14 14 15 -17 17 -19 28 -21 21 22 -24 -25 27 26 -28 -29 -30 -31
leaf_value=0.00069694218622840985 -0.029239578699398652 -0.041789601037545025 -1.6556817231116186e-05 0.021475735311837801 -0.0245301907876526 -0.0049089806260008946 -0.040093065991223732 -0.0034493838055753008 0.11831816909370317 -0.034623255851816782 0.0014716560362853901 0.028093547917106498 -0.0076438756004462627 -0.025732601015163271 0.031719377961343352 -0.00031288894221736754 0.050232094607363081 -0.014787416363382294 0.024958698481605396 -0.0028719415986594929 0.013149278672421933 0.044915334992370347 -0.00065249955992601545 -0.00037223793467522619 -0.027772770114628389 0.0014408645388936882 0.068242301692985313 0.0087212826659843461 -0.0093172778801664108 0.01027464548139064
leaf_weight=10025.917017923377 7.4557012873701742 21.35284124314785 152.94549896195531 35.598109071142972 57.107652999460697 214.82781836926006 20.865354146808386 1515.5020592093933 4.7678070561960357 4.3563708639703718 5.6114152986556292 15.790668384172021 32.100033364724368 54.614318681880832 23.739364992827177 16634.401740154251 5.8941698586568219 4.9077528147026896 9.6964882304891926 58.857180580496788 141.20162320137024 23.620026003569365 19.500051591545343 226.68668287992477 13.812161132693289 11.787211984395983 15.325872395187615 21.948794148862362 139.24349867226556 491.47171385842375
leaf_count=534376 972 4602 1289 294 293 3358 97 29943 189 499 242 1363 2347 1483 402 93196 232 209 257 274 2064 233 276 3462 246 201 272 326 3567 7378
internal_value=3.11013e-05 -0.000439176 0.000837116 0.00532648 -0.00532194 0.000487911 -0.00833489 -0.000374998 0.0203892 0.0335631 0.0655902 0.0126303 -0.0222993 -0.000418968 -0.000153842 -2.81542e-05 -0.0101061 0.022996 -0.0120694 -0.0137728 0.00945305 0.00820899 0.0251928 0.00640031 0.0138538 0.0181148 0.0412949 -0.00609845 -0.00678466 0.00783965
internal_weight=30010.9 18953.3 11057.6 795.98 151.563 10261.6 235.693 18899.9 37.982 30.5263 10.3792 20.147 53.4529 18861.9 17346.4 17132 214.356 10.8019 203.554 115.965 497.622 473.882 43.1201 430.762 204.076 168.315 27.1131 35.761 148.94 644.417
internal_count=693942 146583 547359 9528 861 537831 3455 139634 3265 2293 431 1862 6949 136369 106426 100678 5748 441 5307 567 7482 7080 509 6571 3109 2537 473 572 3824 8667
is_linear=0
shrinkage=0.05


Tree=182
num_leaves=31
num_cat=0
split_feature=5 3 2 5 3 5 5 2 2 3 2 2 3 3 4 4 2 5 3 3 3 2 4 3 5 3 5 5 5 8
split_gain=2.56078 12.8576 13.0129 5.66708 9.8057 6.74213 11.3037 11.1266 9.84512 12.3232 9.22875 5.98891 5.72772 5.16557 4.9509 3.19992 2.72528 7.26559 6.27054 5.30165 2.64129 3.25633 5.18731 8.74304 16.514 5.82477 4.81663 3.14295 2.10523 2.0755
threshold=522.50000000000011 991.50000000000011 42534.970000000008 375.50000000000006 2254.0000000000005 309.50000000000006 271.50000000000006 136133.35500000001 21004.765000000003 1472.5000000000002 22017.785000000003 55344.990000000013 1101.5000000000002 942.50000000000011 1.5000000000000002 1.0000000180025095e-35 177921.78000000003 1301.0000000000002 2254.0000000000005 1614.5000000000002 3146.0000000000005 273750.53000000009 4.5000000000000009 466.50000000000006 169.50000000000003 587.50000000000011 208.50000000000003 125.50000000000001 426.50000000000006 1.0000000180025095e-35
decision_type=2 2 2 2 2 2 2 2 2 2 2 2 2 2 2 2 2 2 2 2 2 2 2 2 2 2 2 2 2 2
left_child=3 2 -2 5 12 6 20 10 -7 11 -8 -10 15 -12 16 -5 17 18 19 -3 21 29 23 -23 27 -24 -26 -25 -14 -1
right_child=1 14 -4 4 -6 8 7 -9 9 -11 13 -13 28 -15 -16 -17 -18 -19 -20 -21 -22 22 25 24 26 -27 -28 -29 -30 -31
leaf_value=-0.0080830365222123429 -0.0020122591789354066 0.005536512767514286 -0.034645345635126036 -0.00054909206310429625 -0.012015195611898545 0.0097948336373963676 0.018714442621033028 0.029025929632318089 -0.028154142111680998 0.0064170591061023345 -0.011090985169227333 -0.0095965500274493298 0.0089028905635743383 0.0083913775333835892 -0.012359784647655908 0.012251048010768999 0.0092588885490326525 -0.01486362666119017 0.017600282134275037 -0.014497720754195432 0.01604369928709588 0.0063067451039825646 -0.0064589176703363912 -0.017766793853231998 0.014784086902389562 0.019146516405900836 -0.0077345066916569881 -0.035012542531598849 0.023050095199726867 -1.455152377913877e-05
leaf_weight=77.931099610810634 63.985945358872414 95.780821904540062 56.922941133379936 128.90127354115248 61.69415345788002 64.213605750352144 73.41051222383976 58.824305579066277 85.736683458089828 65.559365704655647 80.090336635708809 92.481397554278374 45.433667473495007 56.246541783213615 61.151391394436359 76.438976708799601 111.20752938091755 61.054799474775791 61.540677234530449 47.878506615757942 23.359137523686513 79.583385534584522 44.01028401311487 81.61754447221756 44.438925459980965 41.353760734666139 46.774718746542931 45.670663759112358 75.856912314891815 28039.604086369101
leaf_count=52637 287 402 235 562 278 338 377 274 363 296 335 392 206 237 275 354 514 270 261 205 125 342 227 348 206 187 219 200 337 632797
internal_value=-5.16277e-05 -0.00339647 -0.0176894 1.20628e-05 0.00599677 -6.82043e-05 1.07595e-05 0.0101823 -0.00740267 -0.0119755 0.00467336 -0.0187376 0.0094513 -0.00304831 0.000605949 0.00428804 0.00276056 -2.41951e-06 0.00452014 -0.00124784 -8.57185e-05 -0.000100063 -0.00466457 -0.0077673 -0.0129041 0.00609973 0.00331828 -0.0244004 0.0179811 -3.74876e-05
internal_weight=30048.8 559.523 120.909 29489.2 388.325 29100.9 28792.9 268.572 307.991 243.777 209.747 178.218 326.631 136.337 438.614 205.34 377.462 266.255 205.2 143.659 28524.3 28501 383.449 298.085 218.502 85.364 91.2136 127.288 121.291 28117.5
internal_count=694086 2449 522 691637 1737 689900 688511 1223 1389 1051 949 755 1459 572 1927 916 1652 1138 868 607 687288 687163 1729 1315 973 414 425 548 543 685434
is_linear=0
shrinkage=0.05


Tree=183
num_leaves=31
num_cat=0
split_feature=5 6 2 2 3 6 5 2 5 2 6 5 3 3 5 5 2 3 5 3 3 6 6 6 2 5 8 2 2 2
split_gain=1.93553 4.51014 4.69339 10.4582 4.90142 6.80709 9.09766 11.0996 4.22307 2.45067 22.1789 5.93341 5.53781 8.10357 8.55716 6.64161 6.19308 4.93854 11.3503 8.97703 8.87597 13.1145 23.1721 9.29571 13.1742 8.37188 7.7608 7.61596 13.0543 7.75677
threshold=522.50000000000011 182341.33500000005 46167.575000000004 27136.745000000006 1101.5000000000002 41902.980000000003 805.00000000000011 109266.49000000001 511.50000000000006 46167.575000000004 32681.165000000005 464.50000000000006 1472.5000000000002 991.50000000000011 288.50000000000006 107.50000000000001 36489.165000000008 632.50000000000011 52.500000000000007 776.50000000000011 397.50000000000006 10845.810000000003 8374.5800000000017 6199.9850000000015 68898.005000000019 245.50000000000003 2.5000000000000004 109266.49000000001 78811.665000000023 273750.53000000009
decision_type=2 2 2 2 2 2 2 2 2 2 2 2 2 2 2 2 2 2 2 2 2 2 2 2 2 2 2 2 2 2
left_child=8 2 3 -2 -4 -6 -7 -8 9 10 11 12 13 -1 15 -15 -17 18 20 27 21 22 23 24 26 -20 -11 28 -19 -29
right_child=1 -3 4 -5 5 6 7 -9 -10 17 -12 -13 -14 14 -16 16 -18 19 25 -21 -22 -23 -24 -25 -26 -27 -28 29 -30 -31
leaf_value=4.7946147421155285e-05 -0.012098315110488226 0.0078073147948258814 -0.022169000436339494 0.013029603468379914 -0.018479874367646785 0.01571535399521071 0.0093861500628565249 -0.019689719974883918 0.021896901023005972 0.044846161802935935 -0.025488273428504255 0.019200722798908079 0.0099499599391709662 -0.012813541576777008 -0.026813241730762296 -0.0038839999722883288 0.0172976250200804 -0.0042167172985510129 0.0054551108017876519 0.0010970656411367688 -0.0082001190398969439 -0.0019330288332332999 0.034691982765653787 -0.016947682850620743 -0.017444277778370196 -0.0078408496876818772 0.0076384775587403798 0.0060828532290935836 -0.024386916706982797 -0.015542901627258611
leaf_weight=22929.098011898983 71.231154140084982 83.500262312591076 50.935588106513023 93.363101683557034 70.054621413350105 58.219064570963383 54.491858795285225 77.13211689889431 20.367649987339973 22.592875393340364 83.483687810599804 38.276769801974297 136.82605364115443 128.49295528506627 48.093133315443993 117.1015466414392 46.631700307130814 280.96641984139569 1932.4739486798644 1961.8440033346415 342.85471449245233 748.74359701946378 72.105556845664978 49.525908250361681 28.101709583308548 124.3870762810111 34.981679357588291 185.66173872351646 110.91541096568108 51.237017704523169
leaf_count=660801 336 380 210 390 292 263 238 345 89 199 387 172 729 915 207 587 198 1234 8012 8567 1758 3795 401 315 327 513 361 798 476 223
internal_value=0.000124046 -0.00278552 -0.00467087 0.00214035 -0.00826822 -0.00539541 -0.000424744 -0.00769209 0.000179367 0.000162875 -6.63549e-05 2.63366e-05 -6.65758e-06 -6.60534e-05 -0.0077022 -0.00439612 0.00228453 0.00106958 0.00233507 -0.000570203 -0.00132305 0.00115515 0.0122208 -9.45141e-05 0.00981197 0.00464421 0.0232546 -0.00575919 -0.0100204 0.00131462
internal_weight=30053.7 558.928 475.428 164.594 310.833 259.898 189.843 131.624 29494.8 29474.4 23528 23444.5 23406.2 23269.4 340.319 292.226 163.733 5946.39 3355.77 2590.62 1298.91 956.051 207.308 135.202 85.6763 2056.86 57.5746 628.781 391.882 236.899
internal_count=693518 2454 2074 726 1348 1138 846 583 691064 690975 663996 663609 663437 662708 1907 1700 785 26979 15681 11298 7156 5398 1603 1202 887 8525 560 2731 1710 1021
is_linear=0
shrinkage=0.05


Tree=184
num_leaves=31
num_cat=0
split_feature=3 3 6 2 6 0 4 6 0 6 2 4 4 6 6 4 0 3 4 2 4 4 4 2 4 6 4 0 2 3
split_gain=1.71465 12.7285 8.58785 7.50598 6.98147 6.5657 6.53447 5.95651 5.6528 6.09242 8.52627 5.50748 5.2975 6.23916 6.07054 5.23357 5.37348 5.21921 9.19078 6.17771 5.5632 8.27029 5.3143 4.87237 4.54858 7.9569 7.34948 11.1261 8.07718 7.15042
threshold=77.500000000000014 72.500000000000014 8374.5800000000017 7871.4500000000016 6915.7850000000008 37.500000000000007 30.500000000000004 3393.6150000000002 2.5000000000000004 2677.5950000000007 6018.7100000000009 24.500000000000004 61.500000000000007 614.04000000000008 1544.9500000000003 50.500000000000007 60.500000000000007 79.500000000000014 37.500000000000007 8818.9050000000007 24.500000000000004 9.5000000000000018 4.5000000000000009 5177.7850000000008 40.500000000000007 2613.1550000000002 4.5000000000000009 1.0000000180025095e-35 8550.9500000000025 62.500000000000007
decision_type=2 2 2 2 2 2 2 2 2 2 2 2 2 2 2 2 2 2 2 2 2 2 2 2 2 2 2 2 2 2
left_child=1 2 3 4 8 24 7 -3 -1 -10 -11 -4 13 -8 -15 -7 -17 18 20 -20 21 22 -2 -14 26 -26 29 -28 -29 -5
right_child=17 6 11 5 -6 15 12 -9 9 10 -12 -13 23 14 -16 16 -18 -19 19 -21 -22 -23 -24 -25 25 -27 27 28 -30 -31
leaf_value=0.0019492470578636257 0.01082463645188737 -0.018076700091615074 -0.0058527816388425878 -0.0077384611566979405 -0.04255883128758902 0.056059906147264651 0.036504203631399015 -0.0030785053675494341 -0.00099422566565920425 -0.019363595956161245 0.0016940801515433071 -0.026448976807048632 -0.021151644677092841 -0.023325998627876265 0.017913496683664258 -0.015604786385930221 0.035537682997764615 0.00013801600859451009 -0.027911726145525485 0.02454086461135864 0.042550414803628568 -0.01152377511003627 0.039743833564682911 0.017437251094985163 0.0070532795642437489 -0.028591313014273541 0.042918045448941164 0.029918940428198239 0.0041217561437789157 0.012769427097840434
leaf_weight=1813.0343256930937 62.66755522787571 196.21243607928045 237.23555518686771 127.03100732341409 7.7609112281352273 9.3142606625333446 16.322514730505645 100.82059900835156 2629.0529151454102 107.80950347799808 84.96731248870492 36.032220683991909 28.563964854867663 13.788764731958507 18.522899067029357 8.6392020075581986 8.2156898116227222 24058.469173951773 21.716810324171096 5.6611913577653459 14.25464413478039 29.220864124130458 20.523606762290001 9.4682136606425029 36.002768599078991 24.90750178694725 24.309023686684668 34.437793901190162 187.10780412517488 61.393261566758156
leaf_count=74786 758 4563 1412 942 59 125 1128 627 346654 1486 896 427 3960 401 251 198 247 245692 1933 95 442 712 374 334 1286 347 255 415 2009 445
internal_value=1.18962e-05 -0.000758463 -0.000135795 0.000322781 -0.00031699 0.0059993 -0.00953558 -0.0130406 -0.000227931 -0.00162717 -0.0101602 -0.00874097 0.00250031 0.0131966 -1.8997e-05 0.0295109 0.0104492 0.000197146 0.0093119 -0.0161333 0.014977 0.0107978 0.0187247 -0.0111536 0.00464307 -0.00796812 0.00644029 0.0120989 0.00836356 -0.000992551
internal_weight=30033.5 5820.95 5437.25 5163.98 4642.62 521.358 383.699 297.033 4634.86 2821.83 192.777 273.268 86.6664 48.6342 32.3117 26.1692 16.8549 24212.5 154.045 27.378 126.667 112.412 83.1912 38.0322 495.189 60.9103 434.279 245.855 221.546 188.424
internal_count=693259 443253 431989 430150 423881 6269 11264 5190 423822 349036 2382 1839 6074 1780 652 570 445 250006 4314 2028 2286 1844 1132 4294 5699 1633 4066 2679 2424 1387
is_linear=0
shrinkage=0.05


Tree=185
num_leaves=31
num_cat=0
split_feature=1 1 1 1 3 5 6 1 1 1 3 5 5 6 1 6 6 5 5 3 6 1 6 6 1 5 1 5 5 5
split_gain=3.17545 6.44734 3.5138 3.16579 3.60443 3.94361 2.33786 2.29856 9.5657 6.74938 11.8644 13.2963 10.3413 6.21458 10.6701 6.11166 4.87879 16.1096 4.73145 4.53344 6.37793 7.7312 5.55831 13.4788 6.36569 5.04719 4.99143 9.90316 9.93038 7.53289
threshold=327.50000000000006 294.50000000000006 277.50000000000006 272.50000000000006 3146.0000000000005 1224.0000000000002 67270.12000000001 227.50000000000003 232.50000000000003 214.50000000000003 1101.5000000000002 159.50000000000003 805.00000000000011 41902.980000000003 221.50000000000003 109791.10500000001 13942.755000000003 201.50000000000003 264.50000000000006 1348.5000000000002 67270.12000000001 201.50000000000003 29413.335000000003 16536.615000000002 131.50000000000003 758.50000000000011 167.50000000000003 76.500000000000014 43.500000000000007 28.500000000000004
decision_type=2 2 2 2 2 2 2 2 2 2 2 2 2 2 2 2 2 2 2 2 2 2 2 2 2 2 2 2 2 2
left_child=1 2 3 4 5 7 -6 9 -9 12 11 -11 19 14 -12 16 -10 -18 -19 25 21 22 23 24 -21 26 -1 28 29 -28
right_child=-2 -3 -4 -5 6 -7 -8 8 15 10 13 -13 -14 -15 -16 -17 17 18 -20 20 -22 -23 -24 -25 -26 -27 27 -29 -30 -31
leaf_value=0.0003437254283568434 0.016943213986184022 -0.014348322444052659 0.010691796216979681 -0.017145072638803476 -0.0023553234827781702 0.013970243505475322 -0.017369331193053315 0.0188705857063475 0.0099309579740358405 0.0019347606367433403 -0.02053484631208911 -0.034125981805981448 -0.018812920926092186 0.015322919052755771 0.011672858480411219 0.017323674627991049 -0.021466919649346734 0.01512712038497523 -0.0015121530838216983 -0.0047471898385530445 -0.0054458827837404007 0.023582714727356475 0.0145974837999969 -0.014560843851820618 0.018823672353122378 0.030096628557146721 -0.016364444942928807 -0.0008568396074144759 -0.018107625264926402 0.019843062883214073
leaf_weight=26947.581937076349 26.326684324070811 74.019586464506574 78.06844534620177 24.274016888812184 60.13618372916244 50.293309882283211 44.590456753969193 83.004102488514036 70.283942812820897 40.835031172086019 54.518635407090187 65.441108472645283 69.031654044985771 49.731098532676697 45.40900852897903 45.494476929306984 93.641155511140823 58.616665244102478 143.69243554770947 42.582570446189493 109.74462689459324 65.099590264959261 96.793367899954319 87.879130080342293 81.431490012211725 12.116347715258597 21.704557713412214 1185.9015929996967 171.98836664296687 34.785981278866529
leaf_count=679158 124 341 380 116 281 228 202 387 397 235 249 282 293 223 209 233 385 246 624 253 504 292 411 362 416 51 531 5244 972 268
internal_value=0.000210288 0.00019448 0.000231396 0.00020333 0.000218594 0.000251507 -0.00895368 0.000227319 0.00359998 0.000169899 -0.00788242 -0.0204904 0.000241684 0.00122293 -0.00595719 0.000445106 -0.00173429 -0.00455269 0.00340977 0.000288566 0.0050792 0.00818193 0.00480312 0.000234365 0.0107833 0.000206575 0.000191685 -0.00270148 -0.0121854 0.00584769
internal_weight=30035 30008.7 29934.7 29856.6 29832.3 29727.6 104.727 29677.3 494.733 29182.6 255.935 106.276 28926.6 149.659 99.9276 411.729 366.234 295.95 202.309 28857.6 483.531 373.786 308.687 211.893 124.014 28374.1 28362 1414.38 228.479 56.4905
internal_count=693897 693773 693432 693052 692936 692453 483 692225 2272 689953 1198 517 688755 681 458 1885 1652 1255 870 688462 2238 1734 1442 1031 669 686224 686173 7015 1771 799
is_linear=0
shrinkage=0.05


Tree=186
num_leaves=31
num_cat=0
split_feature=2 0 0 1 0 4 0 2 3 3 2 1 2 3 4 6 3 6 3 2 2 4 6 1 6 6 0 2 6 2
split_gain=2.69078 7.72522 9.64074 6.20854 3.52082 5.4418 4.06776 4.28813 2.70282 5.13906 7.17398 2.64169 5.96755 12.5521 6.70982 6.66673 4.89125 9.9888 9.92928 8.73922 8.78684 6.66853 13.2159 7.3319 6.50171 6.40238 6.49007 7.17867 6.07126 5.19201
threshold=28.775000000000002 110.50000000000001 116.50000000000001 1.5000000000000002 55.500000000000007 21.500000000000004 264.50000000000006 52.810000000000009 12.500000000000002 7.5000000000000009 2.5050000000000003 42.500000000000007 9079.6700000000019 59.500000000000007 61.500000000000007 1737.9550000000002 76.500000000000014 3216.8850000000007 73.500000000000014 10575.630000000001 7871.4500000000016 76.500000000000014 119.84000000000002 15.500000000000002 2677.5950000000007 4138.0550000000012 1.0000000180025095e-35 6681.2600000000011 88.02500000000002 2962.1900000000005
decision_type=2 2 2 2 2 2 2 2 2 2 2 2 2 2 2 2 2 2 2 2 2 2 2 2 2 2 2 2 2 2
left_child=1 -1 -3 4 5 -2 -6 -8 9 -4 -11 16 13 15 -15 -13 18 21 -5 20 25 22 29 -24 -23 26 -19 -28 -20 -18
right_child=3 2 8 11 6 -7 7 -9 -10 10 -12 12 -14 14 -16 -17 17 19 28 -21 -22 24 23 -25 -26 -27 27 -29 -30 -31
leaf_value=-0.023831322656431366 0.0081415619716422305 0.091431424222182159 -0.0028689460593166608 -7.2819501557444159e-05 -0.018231497938633219 0.04533767247383505 -0.022406611786964899 0.052031995745426211 -0.030666711066256448 0.079357911519658458 -0.011749795806402123 0.052289462026101796 -0.00020446311337101995 -0.0022861024288446333 -0.014318561150477064 -0.010748942816615778 -0.024688929270233098 0.023656744222667864 0.021187000666561942 0.0014101381014457568 -0.01457043496628614 0.011131809632475368 -0.01232395206693339 0.0046047000659843115 0.064752125544179182 -0.0093381237343354486 -0.011310176938824745 0.020810747917153465 -0.014218647780279446 0.0065990387972454786
leaf_weight=44.822990538203157 25.502228122670203 0.82749916356988151 104.83229775039945 5150.4552406625589 12.07271483744262 15.240604310878551 1.6135429674759496 3.3821517025935464 5.6838143487111656 2.6339961134362957 3.2141638734610751 13.808913943939844 17672.413891857432 3319.9815483598504 118.15788693417562 4.8939629532396784 55.460296048084274 39.440212987363338 11.267291199706959 840.13057897239923 210.81376933865249 189.04438237950671 64.481099000666291 1765.9396102433093 3.9471901766955844 101.02783584780991 51.788269577547908 23.711569672450423 172.40805858606473 16.292529811151326
leaf_count=16741 678 443 44388 354418 4286 3919 687 1061 1737 934 1339 714 105890 61178 13857 59 5006 271 1870 5163 1561 20110 1561 39248 65 735 516 219 3855 1146
internal_value=-0.00027716 -0.00666395 0.000191857 -0.00024209 0.015851 0.0235258 -0.00301493 0.0284571 -0.00199093 -1.52705e-07 0.0390511 -0.000274344 -0.000576213 -0.00247549 -0.0027077 0.0363494 0.000459074 0.00195212 -0.000482363 -0.00155117 -0.00735995 0.00406995 0.00316337 0.00399555 0.0128814 -0.000252441 0.00775665 -0.000945523 -0.0118419 -0.0175982
internal_weight=30045.3 162.015 117.192 29883.3 57.8112 40.7428 17.0684 4.99569 116.364 110.68 5.84816 29825.5 21129.3 3456.84 3438.14 18.7029 8696.21 3362.08 5334.13 1266.91 426.782 2095.17 1902.17 1830.42 192.992 215.968 114.94 75.4998 183.675 71.7528
internal_count=693655 65582 48841 628073 10631 4597 6034 1748 48398 46661 2273 617442 181698 75808 75035 773 435744 75601 360143 8465 3302 67136 46961 40809 20175 1741 1006 735 5725 6152
is_linear=0
shrinkage=0.05


end of trees

feature_importances:
Column_2=973
Column_1=906
Column_3=847
Column_5=821
Column_6=770
Column_4=648
Column_0=348
Column_8=211
Column_7=86

parameters:
[boosting: gbdt]
[objective: binary]
[metric: auc,binary_logloss]
[tree_learner: serial]
[device_type: cpu]
[data_sample_strategy: bagging]
[data: ]
[valid: ]
[num_iterations: 2000]
[learning_rate: 0.05]
[num_leaves: 31]
[num_threads: -1]
[seed: 20260825]
[deterministic: 0]
[force_col_wise: 0]
[force_row_wise: 0]
[histogram_pool_size: -1]
[max_depth: -1]
[min_data_in_leaf: 200]
[min_sum_hessian_in_leaf: 0.001]
[bagging_fraction: 0.8]
[pos_bagging_fraction: 1]
[neg_bagging_fraction: 1]
[bagging_freq: 1]
[bagging_seed: 20260825]
[bagging_by_query: 0]
[feature_fraction: 0.8]
[feature_fraction_bynode: 1]
[feature_fraction_seed: 20260825]
[extra_trees: 0]
[extra_seed: 27901]
[early_stopping_round: 0]
[early_stopping_min_delta: 0]
[first_metric_only: 0]
[max_delta_step: 0]
[lambda_l1: 0]
[lambda_l2: 2]
[linear_lambda: 0]
[min_gain_to_split: 0]
[drop_rate: 0.1]
[max_drop: 50]
[skip_drop: 0.5]
[xgboost_dart_mode: 0]
[uniform_drop: 0]
[drop_seed: 29628]
[top_rate: 0.2]
[other_rate: 0.1]
[min_data_per_group: 100]
[max_cat_threshold: 32]
[cat_l2: 10]
[cat_smooth: 10]
[max_cat_to_onehot: 4]
[top_k: 20]
[monotone_constraints: ]
[monotone_constraints_method: basic]
[monotone_penalty: 0]
[feature_contri: ]
[forcedsplits_filename: ]
[refit_decay_rate: 0.9]
[cegb_tradeoff: 1]
[cegb_penalty_split: 0]
[cegb_penalty_feature_lazy: ]
[cegb_penalty_feature_coupled: ]
[path_smooth: 0]
[interaction_constraints: ]
[verbosity: -1]
[saved_feature_importance_type: 0]
[use_quantized_grad: 0]
[num_grad_quant_bins: 4]
[quant_train_renew_leaf: 0]
[stochastic_rounding: 1]
[linear_tree: 0]
[max_bin: 255]
[max_bin_by_feature: ]
[min_data_in_bin: 3]
[bin_construct_sample_cnt: 200000]
[data_random_seed: 4775]
[is_enable_sparse: 1]
[enable_bundle: 1]
[use_missing: 1]
[zero_as_missing: 0]
[feature_pre_filter: 1]
[pre_partition: 0]
[two_round: 0]
[header: 0]
[label_column: ]
[weight_column: ]
[group_column: ]
[ignore_column: ]
[categorical_feature: ]
[forcedbins_filename: ]
[precise_float_parser: 0]
[parser_config_file: ]
[objective_seed: 9445]
[num_class: 1]
[is_unbalance: 0]
[scale_pos_weight: 1]
[sigmoid: 1]
[boost_from_average: 1]
[reg_sqrt: 0]
[alpha: 0.9]
[fair_c: 1]
[poisson_max_delta_step: 0.7]
[tweedie_variance_power: 1.5]
[lambdarank_truncation_level: 30]
[lambdarank_norm: 1]
[label_gain: ]
[lambdarank_position_bias_regularization: 0]
[eval_at: ]
[multi_error_top_k: 1]
[auc_mu_weights: ]
[num_machines: 1]
[local_listen_port: 12400]
[time_out: 120]
[machine_list_filename: ]
[machines: ]
[gpu_platform_id: -1]
[gpu_device_id: -1]
[gpu_device_id_list: ]
[gpu_use_dp: 0]
[num_gpu: 1]

end of parameters

pandas_categorical:null
