tree
version=v4
num_class=1
num_tree_per_iteration=1
label_index=0
max_feature_idx=142
objective=binary sigmoid:1
feature_names=Column_0 Column_1 Column_2 Column_3 Column_4 Column_5 Column_6 Column_7 Column_8 Column_9 Column_10 Column_11 Column_12 Column_13 Column_14 Column_15 Column_16 Column_17 Column_18 Column_19 Column_20 Column_21 Column_22 Column_23 Column_24 Column_25 Column_26 Column_27 Column_28 Column_29 Column_30 Column_31 Column_32 Column_33 Column_34 Column_35 Column_36 Column_37 Column_38 Column_39 Column_40 Column_41 Column_42 Column_43 Column_44 Column_45 Column_46 Column_47 Column_48 Column_49 Column_50 Column_51 Column_52 Column_53 Column_54 Column_55 Column_56 Column_57 Column_58 Column_59 Column_60 Column_61 Column_62 Column_63 Column_64 Column_65 Column_66 Column_67 Column_68 Column_69 Column_70 Column_71 Column_72 Column_73 Column_74 Column_75 Column_76 Column_77 Column_78 Column_79 Column_80 Column_81 Column_82 Column_83 Column_84 Column_85 Column_86 Column_87 Column_88 Column_89 Column_90 Column_91 Column_92 Column_93 Column_94 Column_95 Column_96 Column_97 Column_98 Column_99 Column_100 Column_101 Column_102 Column_103 Column_104 Column_105 Column_106 Column_107 Column_108 Column_109 Column_110 Column_111 Column_112 Column_113 Column_114 Column_115 Column_116 Column_117 Column_118 Column_119 Column_120 Column_121 Column_122 Column_123 Column_124 Column_125 Column_126 Column_127 Column_128 Column_129 Column_130 Column_131 Column_132 Column_133 Column_134 Column_135 Column_136 Column_137 Column_138 Column_139 Column_140 Column_141 Column_142
feature_infos=[0:344] [0:175] [0:90] [0:60] [0:30] [0:7] [0:1463963.8999999999] [0:1099513.8999999999] [0:746655.25] [0:349560.53000000003] [0:277548.34000000003] [0:172070] [0:56639] [0:24623] [0:13015] [0:6698] [0:2757] [0:490] [0:17722] [0:25296.5] [0:13777.875] [0:2584] [0:2584] [0:2584] [0:2584] [0:2584] [0:2584] [0:2584] [0:2584] [0:2584] [0:76611] [0:37067] [0:16502] [0:8210] [0:10983] [0:6796] [0:3277] [0:1055] [0:21011] [0:13265] [0:10277] [0:3145] [0:19893] [0:12539] [0:8618] [0:2722] [0:1133150.8] [0:645802.06000000006] [0:329430.56] [0:172898.04999999999] [0:193235] [0:137297] [0:53637] [0:31002] [0:332836] [0:146372] [0:62822] [0:32716] [0:37332] [0:14626] [0:6253] [0:4467] [0:506] [0:258] [0:112] [0:88] [0:37128] [0:14500] [0:6209] [0:4457] [0:2757] [0:1444] [0:490] [0:365] [0:30] [0:14] [0:7] [0:3] [0:30] [0:14] [0:7] [0:3] [0:30] [0:14] [0:7] [0:3] [0:30] [0:14] [0:7] [0:3] [0:30] [0:14] [0:7] [0:3] [0:30] [0:14] [0:7] [0:3] [0:30] [0:14] [0:7] [0:3] [0:30] [0:14] [0:7] [0:3] [0:30] [0:14] [0:7] [0:3] [0:30] [0:14] [0:7] [0:3] [0:3.6000000000000001] [0:2] [0:1] [0:1.1285547] [0:1] [0:4] [0:3] [0:3] [0:3] [0:3] [0:3] [0:5] [0:5] [0:92] [0:93] [0:96] [0:97] [0:99] [0:100] [0:101] [0:101] [0:3] [0:3] [0:3] [0:3] [0:9] [0:9] [0:9] [0:9]
tree_sizes=1784 1954 1814 2059 1838 1946 1719 1834 1960 1632 1846 1845 1927 2055 1965 1857 1753 1966 1956 2398 1963 2168 1958 2141 1993 2174 2042 2192 2155 2388 2293 2189 2171 2285 2372 2629 2158 2385 2393 1882 2571 2285 2271 2144 2376 2510 2590 2299 2458 2456 2397 2567 2497 2682 2609 2834 2697 2604 2610 2491 2923 2455 2274 2819 2591 2818 2630 2517 3149 2683 2386 2482 2298 2900

Tree=0
num_leaves=16
num_cat=0
split_feature=6 59 55 8 10 6 6 37 47 58 58 60 85 7 47
split_gain=2560.77 297.094 202.3 62.7719 54.3349 36.7965 16.6023 12.2865 9.16189 8.42715 7.33267 2.63938 2.48447 1.30716 0.13435
threshold=8031.1000000000013 61.500000000000007 512.50000000000011 6740.0750000000016 820.37500000000011 2431.9150000000004 2796.3400000000006 22.500000000000004 1064.5688000000002 81.500000000000014 24.500000000000004 8.5000000000000018 2.5000000000000004 431.28500000000003 1492.1019000000003
decision_type=2 2 2 2 2 2 2 2 2 2 2 2 2 2 2
left_child=2 9 5 -3 6 10 7 13 -7 -2 11 -1 -12 -4 -14
right_child=1 3 4 -5 -6 8 -8 -9 -10 -11 12 -13 14 -15 -16
leaf_value=-2.8134044776985565 -2.7526371259061833 -2.6755460020719153 -2.801410032383838 -2.5705024507664755 -2.7228483585917469 -2.7971194574475171 -2.7595873615299076 -2.7686736149812559 -2.7743350778547891 -2.7071839416898711 -2.8052376967762105 -2.7959435863526183 -2.7943559448459423 -2.7876902351199639 -2.7868711718916188
leaf_weight=514.41774472594261 21.048099517822266 30.475894093513489 17.59489569067955 33.874285161495209 17.540082931518555 25.268681973218918 28.009319931268692 17.814146727323532 28.173758208751678 16.498640507459641 51.469180852174759 20.445159167051315 17.156393617391586 18.307461559772491 16.608266025781631
leaf_count=9385 384 556 321 618 320 461 511 325 514 301 939 373 313 334 303
internal_value=-2.78453 -2.64687 -2.80346 -2.60863 -2.76431 -2.80936 -2.77639 -2.78623 -2.78506 -2.72564 -2.8114 -2.81288 -2.80086 -2.7961 -2.79192
internal_weight=874.702 101.897 772.805 64.3502 99.2659 673.539 81.7258 53.7165 53.4424 37.5467 620.097 534.863 85.2338 35.9024 33.7647
internal_count=15958 1859 14099 1174 1811 12288 1491 980 975 685 11313 9758 1555 655 616
is_linear=0
shrinkage=1


Tree=1
num_leaves=17
num_cat=0
split_feature=9 9 8 56 32 58 39 63 117 40 9 54 116 102 30 33
split_gain=2401.24 227.038 206.503 56.6147 28.8622 17.3951 16.7587 9.98425 8.19661 6.36854 5.74193 3.60933 1.72076 0.823879 0.494012 0.30168
threshold=1547.3600000000004 4056.3350000000005 374.24000000000007 153.50000000000003 951.50000000000011 28.500000000000004 113.50000000000001 1.5000000000000002 0.0021715552000000004 33.500000000000007 783.60000000000014 482.50000000000006 0.0014757880000000002 4.5000000000000009 1951.5000000000002 390.50000000000006
decision_type=2 2 2 2 2 2 2 2 2 2 2 2 2 2 2 2
left_child=2 4 5 7 -2 15 9 11 -7 -5 -8 14 -10 -3 -4 -1
right_child=1 13 3 6 -6 8 10 -9 12 -11 -12 -13 -14 -15 -16 -17
leaf_value=-0.029352936131804622 0.032192461586849852 0.098085348234877398 -0.023213125353318136 0.020796638607358638 0.089782418782442988 0.0042858581998569461 0.021138939411447392 0.010149179330403 -0.0080508854309429001 -0.00093622744505465348 0.055678824880549059 -0.00075239669889760332 -0.021234853537854353 0.19013090657932205 -0.0087917550441836308 -0.014749827789403317
leaf_weight=506.93829994276166 22.042625684291124 20.769527211785316 18.712428819388151 26.214928064495325 30.675674516707659 16.431090544909239 20.35012861341238 17.001048199832439 27.544271871447563 17.107563808560371 17.53334329277277 16.999995488673449 45.385437197983265 37.7511644102633 18.182232279330492 21.023126285523176
leaf_count=9482 384 337 347 472 522 302 364 309 506 306 305 310 835 588 335 391
internal_value=-2.23646e-05 0.127105 -0.0191231 0.0118169 0.0708374 -0.0268041 0.0282344 -0.00741165 -0.013142 0.0126953 0.0421026 -0.0135972 -0.017284 0.167991 -0.0183616 -0.0289434
internal_weight=880.663 111.239 769.424 152.102 52.7183 617.322 81.206 70.8957 89.3608 43.3225 37.8835 53.8947 72.9297 58.5207 36.8947 527.961
internal_count=16095 1831 14264 2748 906 11516 1447 1301 1643 778 669 992 1341 925 682 9873
is_linear=0
shrinkage=0.03


Tree=2
num_leaves=16
num_cat=0
split_feature=9 54 7 7 6 46 99 15 7 0 9 37 7 116 60
split_gain=1971.12 208.531 163.295 50.7443 41.2933 30.6787 20.357 16.9133 10.034 9.25394 8.41802 6.08915 1.97478 1.63507 0.506498
threshold=1621.9700000000003 900.50000000000011 8486.095000000003 575.15000000000009 2954.9300000000007 23933.922000000002 10.500000000000002 21.500000000000004 1358.8900000000001 22.500000000000004 69.810000000000016 8.5000000000000018 530.1500000000002 0.0018470511000000002 22.500000000000004
decision_type=2 2 2 2 2 2 2 2 2 2 2 2 2 2 2
left_child=1 4 5 13 10 -2 8 -4 -5 -6 12 -12 -1 -3 -10
right_child=2 3 7 6 9 -7 -8 -9 14 -11 11 -13 -14 -15 -16
leaf_value=-0.029346657203538941 0.025534795850932428 -0.017240035669297823 0.081981691937411741 0 -0.010125505401925744 0.081894004727925004 0.050944656231517477 0.15937682890729962 0.013258218688204145 0.015177463175233424 -0.021402719638498807 -0.0035721768699766765 -0.01127443240141246 -0.0024283194978612119 0.032086183136340263
leaf_weight=466.20978668704629 24.594577416777611 17.211484830826521 24.08521892875433 21.318408537656069 19.599871624261141 21.263055991381407 25.680678833276033 47.027167577296495 18.116316046565771 22.293888449668884 86.943061158061028 26.650118824094534 16.652649387717247 16.233317468315363 18.331031281501055
leaf_count=8940 405 317 354 384 360 338 438 645 319 402 1647 494 316 301 315
internal_value=-0.000206909 -0.0181842 0.111731 0.017999 -0.0249216 0.0574442 0.0300567 0.140468 0.017213 0.00320226 -0.0269321 -0.017673 -0.0288761 -0.0116918 0.0258179
internal_weight=872.211 755.241 116.97 116.891 638.349 45.8576 83.4464 71.1124 57.7658 41.8938 596.456 113.593 482.862 33.4448 36.4473
internal_count=15975 14233 1742 2074 12159 743 1456 999 1018 762 11397 2141 9256 618 634
is_linear=0
shrinkage=0.03


Tree=3
num_leaves=18
num_cat=0
split_feature=7 54 58 7 7 8 49 49 68 59 28 58 7 28 10 85 30
split_gain=1875.36 175.335 169.307 49.193 40.8683 27.3787 13.4948 8.52749 8.19848 6.9037 6.57804 3.80655 2.37103 1.37082 1.14254 0.458373 0.256986
threshold=3913.2600000000007 1023.5000000000001 383.50000000000006 1056.1450000000002 8486.095000000003 266.59500000000008 669.93632500000012 421.78558000000004 2.5000000000000004 53.500000000000007 16.500000000000004 23.500000000000004 1649.3600000000004 51.500000000000007 483.65000000000003 2.5000000000000004 3165.5000000000005
decision_type=2 2 2 2 2 2 2 2 2 2 2 2 2 2 2 2 2
left_child=1 5 4 9 8 10 -5 12 -2 -3 -1 16 13 -7 -8 -13 -12
right_child=2 3 -4 6 -6 7 14 -9 -10 -11 11 15 -14 -15 -16 -17 -18
leaf_value=-0.0047351510251345246 0.015154293437269631 -0.017932380659340077 0.14316549189832556 0.0097641288486564511 0.086900339199790594 -0.022561427035236153 0.023755682246296539 0.0024941617915162527 0.049083644587625423 0.0037655836681916672 -0.029727433046516399 -0.019849805749871368 -0.0035606264709169369 -0.007729182950767177 0.053457600412929303 -0.0078655497021092279 -0.013323112033077183
leaf_weight=14.762889780104159 18.397928595542908 20.494756672531366 50.703485202044249 20.746077515184879 47.931188896298409 33.399027828127146 19.118459511548281 31.509485997259617 23.728882033377886 22.62183478474617 447.66205572336912 32.295160572975874 18.115690089762211 19.710836842656136 19.129334267228842 19.83326181769371 15.845582682639359
leaf_count=285 304 380 633 357 653 633 325 574 370 410 8815 621 329 377 307 375 308
internal_value=0.000310239 -0.0190423 0.0986835 0.0167217 0.0672688 -0.0249195 0.0335069 -0.00987216 0.037764 -0.00702812 -0.0276867 -0.0282632 -0.0153444 -0.0184535 0.0434206 -0.0166402 -0.0293468
internal_weight=876.006 735.244 140.761 102.11 90.058 633.134 58.9939 102.735 42.1268 43.1166 530.399 515.636 71.2256 53.1099 38.2478 52.1284 463.508
internal_count=16056 14096 1960 1779 1327 12317 989 1913 674 790 10404 10119 1339 1010 632 996 9123
is_linear=0
shrinkage=0.03


Tree=4
num_leaves=16
num_cat=0
split_feature=6 9 55 14 6 52 0 10 7 37 45 117 29 8 61
split_gain=1648.07 162.348 157.744 41.4274 20.7693 17.0217 16.7965 9.82354 6.18959 6.05238 5.09125 3.17885 2.19828 1.9761 0.684279
threshold=6612.9950000000017 3410.7000000000003 344.50000000000006 16.500000000000004 2954.9300000000007 1.0000000180025095e-35 51.500000000000007 518.95000000000016 1297.2400000000002 22.500000000000004 17.500000000000004 0.0043883722000000016 78.500000000000014 352.07000000000011 7.5000000000000009
decision_type=2 2 2 2 2 2 2 2 2 2 2 2 2 2 2
left_child=2 5 4 7 8 -2 -3 9 12 11 -7 -4 14 -13 -1
right_child=1 6 3 -5 -6 10 -8 -9 -10 -11 -12 13 -14 -15 -16
leaf_value=-0.023676310676738747 0.017338878126956791 0.066635672075130048 0 0.040545199295624501 -0.00069857779070466562 0.029948792181240341 0.12722255294880888 0.017386197773025903 -0.0052789309333344551 0.0088491464934530046 0.066856884725572843 -0.018657649494567448 -0.030242592324287578 -0.0030144054124571105 -0.0094612519766379081
leaf_weight=151.38299516588449 20.981277234852314 27.227092377841473 23.303227487951517 25.891408074647188 28.516049593687057 20.9945286847651 59.638271600008011 19.756589375436306 15.142601083964108 19.148292873054743 31.514781024307013 22.00523480027914 373.18487759307027 16.618562877178192 16.249260570853949
leaf_count=2998 341 340 429 418 521 331 661 323 286 339 451 421 7542 297 311
internal_value=-7.28883e-05 0.0852777 -0.0197991 0.0101393 -0.0263465 0.0471427 0.113056 0.000643367 -0.0276174 -0.00403524 0.0562477 -0.00860678 -0.0281613 -0.0133877 -0.0226992
internal_weight=871.555 160.356 711.199 126.723 584.476 73.4906 86.8654 100.832 555.96 81.0753 52.5093 61.927 540.817 38.6238 167.632
internal_count=16009 2124 13885 2227 11658 1123 1001 1809 11137 1486 782 1147 10851 718 3309
is_linear=0
shrinkage=0.03


Tree=5
num_leaves=17
num_cat=0
split_feature=7 9 58 59 33 7 71 56 8 2 9 6 59 32 35 58
split_gain=1399.91 139.982 123.774 31.0274 25.3902 12.8666 11.2541 10.7128 9.30612 8.4722 7.09535 4.67405 4.41922 2.12622 1.80236 0.918742
threshold=3027.7550000000006 4056.3350000000005 38.500000000000007 146.50000000000003 248.50000000000003 653.46000000000015 5.5000000000000009 1186.5000000000002 441.42500000000007 5.5000000000000009 69.940000000000012 9195.2100000000009 40.500000000000007 774.50000000000011 17.500000000000004 25.500000000000004
decision_type=2 2 2 2 2 2 2 2 2 2 2 2 2 2 2 2
left_child=2 4 8 5 -2 10 11 -3 13 -7 -4 -6 -11 15 -10 -1
right_child=1 7 3 -5 6 9 -8 -9 14 12 -12 -13 -14 -15 -16 -17
leaf_value=-0.029046561692242342 0.010728379499452647 0.06320513168565485 -0.022205707214743561 0.036138534406141114 0.016988279785330494 0.016499313417354552 0.072051304491262111 0.11480262812124344 -0.014998109808961654 -0.01200317992685823 -0.0011320966599649893 0.044668584580153686 0.0052579468036834743 -0.014605774270104462 -0.00097005948741592663 -0.014037648004837706
leaf_weight=448.84806596487761 21.447032023221254 31.681366816163063 25.82588767260313 17.780019659548998 20.533713318407536 33.314103357493877 23.323613837361336 54.33277478069067 19.714802995324135 18.830927923321724 31.026713106781244 28.771004021167755 24.609173845499754 31.500179067254066 17.17302056401968 21.813034113496542
leaf_count=9292 338 359 501 287 326 597 306 536 382 335 590 404 409 626 319 431
internal_value=-0.000523011 0.0727852 -0.0200517 0.00373902 0.04352 -0.0016125 0.0516954 0.100479 -0.0267336 0.00613782 -0.0119687 0.0360425 -0.00238157 -0.0278456 -0.00972083 -0.0285374
internal_weight=870.525 180.09 690.436 151.387 94.0754 133.607 72.6283 86.0141 539.049 76.7542 56.8526 49.3047 43.4401 502.161 36.8878 470.661
internal_count=16038 2269 13769 2719 1374 2432 1036 895 11050 1341 1091 730 744 10349 701 9723
is_linear=0
shrinkage=0.03


Tree=6
num_leaves=15
num_cat=0
split_feature=6 58 58 10 71 8 6 27 54 59 48 59 58 6
split_gain=1343.58 147.58 117.374 37.095 31.7429 17.1284 15.4478 14.7035 12.2978 5.6306 4.35893 3.63728 2.36755 2.26609
threshold=6426.3400000000011 42.500000000000007 111.50000000000001 852.70000000000016 6.5000000000000009 115.64000000000001 2499.4950000000003 982.50000000000011 723.50000000000011 13.500000000000002 650.92955000000018 60.500000000000007 27.500000000000004 1635.0650000000003
decision_type=2 2 2 2 2 2 2 2 2 2 2 2 2 2
left_child=1 5 8 -4 6 12 10 -8 -2 13 -3 -12 -1 -7
right_child=2 4 3 -5 -6 9 7 -9 -10 -11 11 -13 -14 -15
leaf_value=-0.029259633538349789 0.0065597763164214973 -0.015030700378616828 0.042714694324629314 0.095324465054762303 0.037966832113914079 -0.02143704597543394 0 0.030914530913337891 0.039136224365879421 -0.0013126437150921201 0.0053557118815153893 -0.0091504342291545901 -0.010394946991933262 -0.0075673887631272328
leaf_weight=408.87802403047681 20.426055859774351 28.747510395944118 28.784511268138885 105.97029272094369 20.558003898710012 56.181614264845848 29.446461375802755 19.692383915185928 28.431303292512894 27.308197069913149 30.365904975682497 22.429324347525835 15.833555050194262 26.978668604046106
leaf_count=8695 325 558 386 1067 313 1156 493 328 399 523 571 399 316 516
internal_value=0.000810997 -0.0185369 0.0717952 0.0861243 0.00736462 -0.0258848 0.00121821 0.013837 0.0276687 -0.0140814 -0.00657281 -0.00080596 -0.0287204 -0.017792
internal_weight=870.032 686.42 183.612 134.755 151.24 535.18 130.682 49.1388 48.8574 110.468 81.5427 52.7952 424.712 83.1603
internal_count=16045 13868 2177 1453 2662 11206 2349 821 724 2195 1528 970 9011 1672
is_linear=0
shrinkage=0.03


Tree=7
num_leaves=16
num_cat=0
split_feature=8 58 9 7 60 60 58 8 49 58 2 9 21 10 40
split_gain=1170.72 116.986 106.856 31.5676 26.9968 18.4214 16.6134 13.5901 7.44243 5.50635 4.9001 3.72147 2.60141 1.64116 0.351256
threshold=1697.0600000000002 38.500000000000007 4056.3350000000005 586.55000000000007 15.500000000000002 89.500000000000014 108.50000000000001 125.19500000000001 609.70922500000017 59.500000000000007 15.500000000000002 69.940000000000012 1866.5000000000002 129.76500000000001 2.5000000000000004
decision_type=2 2 2 2 2 2 2 2 2 2 2 2 2 2 2
left_child=1 7 4 11 -2 -4 9 -1 14 -5 -6 -3 -8 -13 -9
right_child=2 3 5 6 10 -7 12 8 -10 -11 -12 13 -14 -15 -16
leaf_value=-0.028967385353352963 0.0087422672044688895 -0.021867648614249412 0.057798163722372994 0.01115022050511495 0.028649230015964425 0.10183001194108744 0.032067112254492401 -0.0095632038504704486 0.0019503061043451935 -0.0070079506092446328 0.05727434771042153 0.0010341019149492365 0.011720367347578458 -0.010736317621512153 -0.02077597941807283
leaf_weight=414.62679932266474 27.092111442238092 24.887357138097286 47.649151861667633 21.365981124341488 32.639526437968016 52.55456804484129 25.746160231530666 23.266128025949001 17.060894321650267 29.638643778860569 34.822026494890451 15.850163485854866 21.54469059035182 16.078108880668879 57.72726309671998
leaf_count=9021 421 495 469 388 442 439 409 484 327 515 414 303 342 302 1161
internal_value=-0.000665696 -0.0196138 0.063094 0.0030603 0.0368613 0.0847765 0.013198 -0.0264661 -0.0148515 0.0006471 0.0465643 -0.0138849 0.0250915 -0.00513807 -0.0184728
internal_weight=862.55 667.792 194.757 155.111 94.5537 100.204 98.2955 512.681 98.0543 51.0046 67.4616 56.8156 47.2909 31.9283 80.9934
internal_count=15932 13747 2185 2754 1277 908 1654 10993 1972 903 856 1100 751 605 1645
is_linear=0
shrinkage=0.03


Tree=8
num_leaves=17
num_cat=0
split_feature=6 54 67 71 27 6 115 115 11 13 8 27 61 58 20 118
split_gain=1192.14 125.798 88.7462 34.309 30.5952 18.5682 17.4848 10.0409 9.98005 7.00919 5.12031 4.8802 3.21755 0.998305 0.406206 0.354488
threshold=6426.3400000000011 425.50000000000006 13.500000000000002 7.5000000000000009 1155.5000000000002 2499.4950000000003 0.038071750000000008 0.07138478500000002 59.945000000000007 11.500000000000002 441.42500000000007 942.50000000000011 8.5000000000000018 7.5000000000000009 114.58381500000002 0.0019191811000000001
decision_type=2 2 2 2 2 2 2 2 2 2 2 2 2 2 2 2
left_child=1 10 4 5 7 9 -4 -2 11 12 13 -7 15 -1 -12 -3
right_child=2 3 6 -5 -6 8 -8 -9 -10 -11 14 -13 -14 -15 -16 -17
leaf_value=-0.029397757396954143 0.031583043246328289 -0.020814809968503069 0.04809865281806007 0.036439256164575322 0.062194609879665769 0.0052339049417425513 0.091478021850228658 0.0055302909509022486 -0.004773897923804552 0.0044004861780997584 -0.015077016080255301 0.028794292124850226 -0.0041618369085460738 -0.021490489012682679 -0.004165451138556717 -0.0079015326776246068
leaf_weight=338.13484061509371 37.204235263168812 35.81117245927453 33.541869603097439 18.449563968926668 28.306686334311962 19.02360400557518 79.349096443504095 25.425180569291115 21.069354809820652 20.469331115484238 16.239790447056297 18.093225158751011 29.484553288668394 113.7011429220438 15.4502572491765 16.145433649420738
leaf_count=7578 470 717 304 262 341 324 737 340 330 369 317 304 548 2456 302 317
internal_value=0.000656287 -0.0189125 0.0632226 0.00249377 0.0375531 -0.00231235 0.0813031 0.0224192 0.010544 -0.00994289 -0.0267923 0.0191299 -0.0137675 -0.0276978 -0.0114586 -0.0181113
internal_weight=865.899 662.072 203.827 178.546 90.9361 160.097 112.891 62.6294 58.1862 101.91 483.526 37.1168 81.4412 451.836 31.69 51.9566
internal_count=16016 13824 2192 3171 1151 2909 1041 810 958 1951 10653 628 1582 10034 619 1034
is_linear=0
shrinkage=0.03


Tree=9
num_leaves=14
num_cat=0
split_feature=9 13 13 55 133 102 54 58 7 12 49 7 8
split_gain=1036.18 106.333 91.8047 22.7719 22.9722 22.2905 19.8221 14.5303 6.01609 5.12567 3.12006 1.9391 1.63252
threshold=798.45000000000016 49.500000000000007 9.5000000000000018 448.50000000000006 48.500000000000007 6.5000000000000009 443.50000000000006 24.500000000000004 2154.9450000000002 36.500000000000007 1093.2507000000003 637.48000000000013 129.94000000000003
decision_type=2 2 2 2 2 2 2 2 2 2 2 2 2
left_child=2 3 7 -2 -5 -3 -4 12 9 -8 11 -9 -1
right_child=1 5 6 4 -6 -7 8 10 -10 -11 -12 -13 -14
leaf_value=-0.029335067170903197 0.0070837465150426155 0.048740617325438593 -0.01334756024718696 0.04695904873816318 0.010285393236859565 0.085829430019776207 0.014391102825527953 -0.019352528194986729 0.02689881478607023 -0.0044315139287178238 -0.0025156854238929109 -0.0045933108819449613 -0.017857572130522716
leaf_weight=377.25557184591889 35.281999122351408 59.739067144691944 27.340277854353189 60.459581959992647 26.027353808283806 64.711037702858448 25.990023735910654 57.980340708047152 21.290275394916534 17.628445226699114 22.449217680841684 16.815496284514666 49.231576044112444
leaf_count=8671 557 582 544 734 314 533 468 1191 327 295 423 313 1055
internal_value=-0.000134609 0.0512584 -0.0209488 0.0292532 0.0372517 0.070712 0.00623364 -0.0257787 0.0150608 0.00680199 -0.0138695 -0.0167181 -0.0282672
internal_weight=862.2 246.219 615.981 121.769 86.4869 124.45 92.249 523.732 64.9087 43.6185 97.2451 74.7958 426.487
internal_count=16007 2720 13287 1605 1048 1115 1634 11653 1090 763 1927 1504 9726
is_linear=0
shrinkage=0.03


Tree=10
num_leaves=16
num_cat=0
split_feature=8 54 7 7 56 60 62 69 10 9 6 29 10 38 102
split_gain=958.804 105.003 84.4748 28.1671 14.6385 12.5646 12.0602 10.5845 8.45115 6.05382 4.42743 3.65836 2.49504 1.66753 1.36671
threshold=1615.4700000000003 462.50000000000006 8486.095000000003 575.15000000000009 812.50000000000011 9.5000000000000018 26.500000000000004 1.5000000000000002 187.86000000000004 66.850000000000009 1504.8500000000001 15.500000000000002 580.74000000000012 238.50000000000003 1.0000000180025095e-35
decision_type=2 2 2 2 2 2 2 2 2 2 2 2 2 2 2
left_child=1 5 4 11 12 10 -4 8 -5 -7 -1 -3 -2 -9 -12
right_child=2 3 6 7 -6 9 -8 13 -10 -11 14 -13 -14 -15 -16
leaf_value=-0.028407686739938442 0.0049503249401371572 -0.0041274595494343461 0.053356249687439773 0.013211383180760547 0.041845400344257114 -0.017470215929321312 0.085734699762322661 0.0099937102507346304 -0.0074705584934390435 0.0051479418729794904 -0.017740936586084128 -0.020278770390977599 0.02033285427537523 0.028391330401588293 -0.0032194789205012859
leaf_weight=402.79906744509935 22.240896940231323 28.46292308345437 85.865937773138285 29.417623702436686 38.025176398456097 15.834560871124266 47.595055371522903 19.112520635128021 31.350097987800837 16.809788089245558 20.454460371285677 31.408309087157249 32.783961575478315 22.088538963347673 14.801023945212362
leaf_count=9439 336 556 749 517 418 348 350 314 520 335 427 647 430 328 299
internal_value=4.75637e-05 -0.0189242 0.052356 0.00180874 0.0278788 -0.0260284 0.0676905 0.0112949 0.00255671 -0.00628803 -0.027378 -0.0137416 0.0152954 0.0221868 -0.0131742
internal_weight=859.05 632.539 226.511 161.84 93.05 470.699 133.461 101.969 60.7677 32.6443 438.055 59.8712 55.0249 41.2011 35.2555
internal_count=16013 13730 2283 2882 1184 10848 1099 1679 1037 683 10165 1203 766 642 726
is_linear=0
shrinkage=0.03


Tree=11
num_leaves=16
num_cat=0
split_feature=8 9 58 10 62 48 6 61 10 6 6 11 115 124 15
split_gain=935.776 104.055 76.776 20.5409 20.2521 16.8235 10.6654 8.58611 8.33709 9.57183 7.56238 6.9473 5.379 3.27022 0.407986
threshold=1079.0500000000002 3410.7000000000003 24.500000000000004 712.8850000000001 28.500000000000004 650.92955000000018 441.08000000000004 5.5000000000000009 447.85000000000008 7543.8300000000008 1635.0650000000003 139.15000000000003 0.089483925000000006 1.5000000000000002 2.5000000000000004
decision_type=2 2 2 2 2 2 2 2 2 2 2 2 2 2 2
left_child=2 3 10 8 -3 13 -7 -8 9 -2 14 -5 -9 -4 -1
right_child=1 4 5 11 -6 6 7 12 -10 -11 -12 -13 -14 -15 -16
leaf_value=-0.028632914744729798 0.0062105474865564864 0.050774875841402931 -0.018867836712516493 0.019149677782602799 0.086340290780741985 -0.011689056630026532 -0.0034088058038169041 0.02292064842085027 -0.0011759134386136935 0.033873180094937276 -0.0088810408060835087 0.047646127298119317 0.0018728818634192171 -0.0027540259455855211 -0.013095289635245214
leaf_weight=377.12350846454501 28.520470783114433 85.766696844249964 41.4463493488729 24.925052888691425 45.630346342921257 21.702880188822746 25.379919249564409 34.160564281046391 21.567032463848591 20.151676587760448 27.677194759249687 38.306403465569019 18.757614940404892 20.696588292717934 17.434722550213337
leaf_count=9101 468 709 853 321 313 439 468 565 292 259 575 433 325 416 391
internal_value=0.000801201 0.0470803 -0.0203706 0.0266868 0.065948 -0.00260686 0.00487034 0.0100665 0.0136752 0.0200318 -0.0270467 0.0388595 0.0165247 -0.0143293 -0.0281563
internal_weight=849.247 264.868 584.379 133.471 131.397 162.144 100.001 78.2981 70.2392 48.6721 422.235 63.2315 52.9182 62.1429 394.558
internal_count=15928 2795 13133 1773 1022 3066 1797 1358 1019 727 10067 754 890 1269 9492
is_linear=0
shrinkage=0.03


Tree=12
num_leaves=17
num_cat=0
split_feature=7 54 58 6 7 46 19 115 33 7 49 115 32 116 56 81
split_gain=875.284 84.7529 79.5463 34.1225 18.6308 10.4068 9.49106 8.99502 7.13497 6.05617 4.32763 2.45239 1.87616 1.85793 1.3113 0.316338
threshold=2536.4200000000005 425.50000000000006 81.500000000000014 19683.845000000005 586.55000000000007 20612.126500000002 151.05833500000003 0.067223022000000007 481.50000000000006 412.05000000000007 1093.2507000000003 0.077618755000000025 666.50000000000011 0.0016467707500000003 105.50000000000001 2.5000000000000004
decision_type=2 2 2 2 2 2 2 2 2 2 2 2 2 2 2 2
left_child=1 9 7 8 10 6 11 -2 -4 14 15 -6 -11 -5 -1 -3
right_child=2 4 3 13 5 -7 -8 -9 -10 12 -12 -13 -14 -15 -16 -17
leaf_value=-0.02870059482658071 0.018803414880091077 -0.021069836866824797 0.021222934494528316 0.04485585556730836 -0.013020042139383483 0.021526065066630306 0.014774007204329304 -0.0054252955864522775 0.044009861888645127 -0.018073132601737953 0 0 -0.0035108419436169682 0.072952771935950497 -0.012138505754781745 -0.008565735416707335
leaf_weight=357.79677076265216 25.829148449003696 25.796246446669102 40.552540127187967 43.700472004711628 23.157427255064249 27.203581057488918 22.454569924622774 20.426169205456972 57.989599041640759 45.769640374928713 18.102899972349405 21.21449251845479 16.092870522290468 73.845937840640545 17.924671433866024 19.418966215103865
leaf_count=8850 359 555 464 320 397 405 384 306 584 1007 349 364 332 533 416 400
internal_value=0.000330191 -0.019773 0.0454927 0.0530125 -0.000739838 0.00750164 0.000482707 0.00832594 0.036255 -0.0264975 -0.0128516 -0.00720942 -0.0150551 0.0648859 -0.0281197 -0.0173859
internal_weight=857.276 594.932 262.344 216.089 157.348 94.0301 66.8265 46.2553 98.5421 437.584 63.3181 44.3719 61.8625 117.546 375.721 45.2152
internal_count=16025 13459 2566 1901 2854 1550 1145 665 1048 10605 1304 761 1339 853 9266 955
is_linear=0
shrinkage=0.03


Tree=13
num_leaves=18
num_cat=0
split_feature=8 11 54 7 7 103 21 18 66 118 61 123 71 98 13 28 28
split_gain=812.442 77.6309 64.1863 32.2364 17.8258 11.6722 7.13358 7.0519 6.06348 5.31283 5.02806 4.1389 1.36625 0.78142 0.612628 0.991659 0.277392
threshold=919.48000000000013 549.69500000000005 425.50000000000006 3027.7550000000006 553.75000000000011 1.0000000180025095e-35 2142.5000000000005 257.01250000000005 12.500000000000002 0.0025564555500000004 7.5000000000000009 1.5000000000000002 10.500000000000002 8.5000000000000018 5.5000000000000009 37.500000000000007 44.500000000000007
decision_type=2 2 2 2 2 2 2 2 2 2 2 2 2 2 2 2 2
left_child=2 3 10 9 11 -5 8 -7 -6 -2 14 13 -3 -4 15 -1 -16
right_child=1 12 4 5 6 7 -8 -9 -10 -11 -12 -13 -14 -15 16 -17 -18
leaf_value=-0.011566033025845768 0.015532705708961316 0.041886833316473249 -0.0072933560303201691 0.015707685370921952 -0.0072261142672410666 0.029046220221945071 0.022455899246422734 0.051942227112022572 0.012257616466558992 -0.0016657206031156855 -0.0060391378717079549 0 0.0695554929806671 -0.021363130813747883 -0.021759932027110879 -0.028359303300823389 -0.0092949766249828033
leaf_weight=15.794292386621235 26.883716195821762 40.856626480817795 16.982075925916433 34.641786772757769 26.327525317668915 67.038528963923454 18.020777378231287 43.404414929449558 21.251529354602098 28.230947140604258 15.90934171900153 16.060645088553429 62.156670607626438 26.462155312299728 18.79191854223609 350.31161871179938 23.058940790593624
leaf_count=379 412 345 372 402 466 675 304 392 348 452 352 324 421 544 408 8874 522
internal_value=0.000922389 0.0399761 -0.0207872 0.0277742 -0.00168177 0.0350426 0.00867363 0.0400343 0.00152922 0.00706794 -0.0263059 -0.0131178 0.0611675 -0.0174934 -0.0269772 -0.0278408 -0.0169371
internal_weight=852.184 303.213 548.971 200.199 125.105 145.085 65.5998 110.443 47.5791 55.1147 423.866 59.5049 103.013 43.4442 407.957 366.106 41.8509
internal_count=15992 3099 12893 2333 2358 1469 1118 1067 814 864 10535 1240 766 916 10183 9253 930
is_linear=0
shrinkage=0.03


Tree=14
num_leaves=17
num_cat=0
split_feature=8 2 58 6 6 103 132 97 8 43 94 59 68 8 42 117
split_gain=738.816 86.4495 59.3343 22.9816 20.7024 20.3288 11.2574 11.2293 10.2152 5.6149 5.01376 4.73317 2.85558 1.55517 0.635722 0.515957
threshold=919.48000000000013 15.500000000000002 35.500000000000007 8254.6450000000023 2954.9300000000007 2.5000000000000004 48.500000000000007 2.5000000000000004 125.19500000000001 114.50000000000001 14.500000000000002 11.500000000000002 13.500000000000002 4046.8050000000007 10.500000000000002 0.0048342287500000008
decision_type=2 2 2 2 2 2 2 2 2 2 2 2 2 2 2 2
left_child=2 3 8 6 9 12 7 -2 -1 10 -4 14 -3 -5 -10 -12
right_child=1 5 4 13 -6 -7 -8 -9 11 -11 15 -13 -14 -15 -16 -17
leaf_value=-0.027969112467183047 -0.00025761869399487235 0.020737506772356491 -0.00041669472667371985 0.018939828060735225 0.019853709252591261 0.061781136992437084 -0.0092313131771723789 0.026275582826216344 -0.0076636041571783754 0.0049231135102183465 -0.0070579043152883174 -4.3653839786666825e-06 0.042211351768061067 0.037781045992631108 -0.020845379378789466 -0.020354291607648452
leaf_weight=348.22911610081792 24.898773480206728 33.172307383269072 25.555238891392946 31.237692087888718 26.024674843996763 98.952823340892792 23.277170427143574 25.450836304575205 17.427405886352062 18.430975116789341 15.407372817397116 19.459819853305817 34.388504654169083 35.555561669170856 36.643699064850807 31.373174909502268
leaf_count=9043 399 329 535 368 412 689 350 344 417 322 301 408 274 309 833 618
internal_value=0.000600991 0.0374166 -0.0205047 0.0189103 -0.00136141 0.0519292 0.00637665 0.0140455 -0.0256926 -0.00831982 -0.0119882 -0.013626 0.0340299 0.0311111 -0.017859 -0.0173691
internal_weight=845.485 306.934 538.551 140.42 116.791 166.514 73.6268 50.3496 421.76 90.7668 72.3358 73.5309 67.5608 66.7933 54.0711 46.7805
internal_count=15951 3062 12889 1770 2188 1292 1093 743 10701 1776 1454 1658 603 677 1250 919
is_linear=0
shrinkage=0.03


Tree=15
num_leaves=16
num_cat=0
split_feature=7 58 58 115 6 52 116 12 18 117 18 7 79 27 118
split_gain=650.479 84.1282 44.12 25.4953 20.7187 15.5356 9.881 9.86821 8.56025 7.5704 6.87389 6.76472 3.03865 2.38987 1.0489
threshold=2590.1350000000007 27.500000000000004 357.50000000000006 0.090123822000000006 7543.8300000000008 1.5000000000000002 0.0015436402500000003 12.500000000000002 90.940000000000012 0.0082148040000000009 69.900332500000019 412.05000000000007 7.5000000000000009 876.50000000000011 0.017859454500000004
decision_type=2 2 2 2 2 2 2 2 2 2 2 2 2 2 2
left_child=1 11 3 4 -2 8 -4 -7 -3 -10 -9 14 -13 -6 -1
right_child=2 5 6 -5 13 7 -8 10 9 -11 -12 12 -14 -15 -16
leaf_value=-0.02837634131467278 0.0074891105274151422 -0.018719246929158651 0.033623312669005229 0.0026379818604171149 0.022912213892139786 -0.0056878787625826493 0.062572987053113358 0.024854609500164347 0.0089750320244909344 -0.012892706488873494 0.0031854562968919066 -0.019113073416883515 -0.0031400900363092467 0.043066479486943837 -0.010397866875471808
leaf_weight=329.62097591906786 29.289643093943596 40.93147299811244 44.089764676988125 35.546251397579908 32.674804743379354 26.972591150552034 61.638062983751297 26.460489194840193 27.894609391689301 20.067894045263529 28.716864787042141 30.864898771047592 22.216730307787657 70.49502432718873 13.272236987948416
leaf_count=8799 407 853 302 419 310 526 406 427 516 385 450 714 489 641 342
internal_value=-0.000346392 -0.0186734 0.0372168 0.0261452 0.032019 -0.000938856 0.0526995 0.00811803 -0.00945498 -0.000244755 0.0150279 -0.0261893 -0.0135318 0.0381762 -0.027883
internal_weight=840.752 567.019 273.734 168.006 132.459 171.044 105.728 82.1499 88.894 47.9625 55.1774 395.975 53.0816 103.17 342.893
internal_count=15986 13501 2485 1777 1358 3157 708 1403 1754 901 877 10344 1203 951 9141
is_linear=0
shrinkage=0.03


Tree=16
num_leaves=15
num_cat=0
split_feature=8 58 6 13 32 15 2 20 20 116 56 9 52 33
split_gain=671.955 83.6689 47.822 16.2013 15.3451 12.1891 9.99201 5.58568 5.51146 5.77578 4.80921 4.87626 4.12016 1.70699
threshold=1491.3900000000003 24.500000000000004 8031.1000000000013 9.5000000000000018 951.50000000000011 27.500000000000004 5.5000000000000009 66.747977500000005 83.893335000000022 0.0031446619000000003 67.500000000000014 77.840000000000018 1.5000000000000002 390.50000000000006
decision_type=2 2 2 2 2 2 2 2 2 2 2 2 2 2
left_child=1 10 4 8 -2 -4 -5 -8 12 -10 13 -12 -3 -1
right_child=2 3 5 6 -6 -7 7 -9 9 -11 11 -13 -14 -15
leaf_value=-0.027985372128260053 -0.0027009614343139221 -0.020267104026423084 0.034390420354691795 0.021716675617408695 0.025811605850437552 0.054264331723750912 0.0076827413269653028 -0.0091110803630818325 0.010589116506468059 -0.010373747979495914 -0.019402043168279343 0.001491905850891435 -0.0027033013908252376 -0.0083981912818329209
leaf_weight=327.93598772212863 27.921608455479145 39.743769846856594 110.56306522339582 25.001722149550915 32.483611017465591 105.01058407872915 36.924057189375162 25.868165519088507 17.478744711726904 19.887861900031567 22.064394924789667 12.942137364298103 21.731171168386936 11.619573432952164
leaf_count=8894 390 889 957 420 374 656 583 402 328 376 569 284 452 282
internal_value=0.000629802 -0.0181776 0.0385705 -0.00160123 0.0132037 0.0451501 0.00746155 0.000381303 -0.00976718 -0.000121567 -0.0262678 -0.0120814 -0.0149543 -0.0274902
internal_weight=837.176 561.198 275.979 186.635 60.4052 215.574 87.7939 62.7922 98.8415 37.3666 374.562 35.0065 61.4749 339.556
internal_count=15856 13479 2377 3450 764 1613 1405 985 2045 704 10029 853 1341 9176
is_linear=0
shrinkage=0.03


Tree=17
num_leaves=17
num_cat=0
split_feature=7 59 9 103 73 57 63 4 94 19 117 8 51 67 14 59
split_gain=646.139 72.0552 39.5144 18.9189 16.721 14.8355 8.55544 9.70051 7.57573 4.96806 4.86061 1.77996 1.71614 0.767092 0.629826 0.205161
threshold=2536.4200000000005 14.500000000000002 3410.7000000000003 4.5000000000000009 1.5000000000000002 61.500000000000007 2.5000000000000004 1.5000000000000002 10.500000000000002 126.52625000000002 0.0040263052000000009 493.90000000000003 5.5000000000000009 22.500000000000004 4.5000000000000009 3.5000000000000004
decision_type=2 2 2 2 2 2 2 2 2 2 2 2 2 2 2 2
left_child=1 8 5 13 6 -2 10 -8 14 15 -3 -12 -7 -4 -1 -10
right_child=2 4 3 -5 -6 12 7 -9 9 -11 11 -13 -14 -15 -16 -17
leaf_value=-0.028104861524102655 0.0036932880010468196 0.00039203092234466069 0.023554102438389523 0.059578409709781337 0.019337567197885291 0.01638991552623062 -0.0095057077576814492 0.014479877746173491 -0.0072357337916399336 0.00073084010450954865 -0.019478425220930334 -0.0062349530392297476 0.031938561747885216 0.039610930258681933 -0.0098873837657312436 -0.020336659716137878
leaf_weight=315.56297474727035 34.519219361245632 20.909863974899054 46.752419590950012 66.582720503211021 23.362151220440865 34.202883772552013 23.040083810687065 27.714064046740532 13.355811629444359 14.252905257046221 39.051835171878338 24.966808628290892 61.670015390962362 53.75331573933363 11.331859864294527 34.885653246194124
leaf_count=8804 489 412 369 378 363 397 456 457 345 298 843 418 598 337 260 827
internal_value=0.000445394 -0.0188096 0.0357176 0.045564 -0.00161014 0.0217726 -0.00588267 0.00344647 -0.0256872 -0.0137773 -0.0115063 -0.0153567 0.0276276 0.0337541 -0.027677 -0.0180115
internal_weight=845.915 548.434 297.481 167.088 159.045 130.392 135.683 50.7541 389.389 62.4944 84.9285 64.0186 95.8729 100.506 326.895 48.2415
internal_count=16051 13483 2568 1084 2949 1484 2586 913 10534 1470 1673 1261 995 706 9064 1172
is_linear=0
shrinkage=0.03


Tree=18
num_leaves=17
num_cat=0
split_feature=8 7 58 68 116 6 62 133 43 8 63 39 18 59 86 58
split_gain=567.738 60.9393 55.975 29.5819 17.0058 14.4716 8.97554 8.79361 7.3912 7.11194 5.10786 4.03079 2.78793 2.18742 1.26848 0.141828
threshold=919.48000000000013 10882.265000000001 25.500000000000004 26.500000000000004 0.00068422863000000003 2796.3400000000006 21.500000000000004 48.500000000000007 123.50000000000001 115.64000000000001 2.5000000000000004 128.50000000000003 108.37900000000002 9.5000000000000018 14.500000000000002 45.500000000000007
decision_type=2 2 2 2 2 2 2 2 2 2 2 2 2 2 2 2
left_child=2 3 9 4 -2 8 -3 10 12 -1 -6 -12 14 -11 -4 -16
right_child=1 6 5 -5 7 -7 -8 -9 -10 13 11 -13 -14 -15 15 -17
leaf_value=-0.028221503395485775 -0.0058216979227933199 0.032700315987696515 -0.00648733665641612 0.04449056953748845 0.0086538618828040821 0.012463807867888416 0.054511050521146145 0.0018503865273378714 0.0066477727752807907 -0.016873568265140946 0.034510380224084564 0.013790523201118583 -0.0029046495151574918 -0.0010203071940804956 -0.0081956403692030038 -0.021933492358117385
leaf_weight=302.05426827818155 34.664887987077236 80.222955286502838 22.306962136179209 27.100093148648739 31.065053842961788 32.460114181041718 69.356227979063988 30.048114750534296 18.132614962756634 46.367803256958723 31.171740006655455 29.75033687800169 27.116502065211535 12.480731148272751 13.994397971779106 28.170154798775911
leaf_count=8711 461 543 506 234 420 509 382 381 310 1170 365 275 558 284 315 570
internal_value=6.97266e-05 0.0301932 -0.0199634 0.0177262 0.0117722 -0.0037231 0.0443466 0.0169203 -0.00897715 -0.0261822 0.0213392 0.0264331 -0.0124099 -0.0140895 -0.015695 -0.0190441
internal_weight=836.463 333.379 503.084 183.8 156.7 142.181 149.579 122.035 109.721 360.903 91.9871 60.9221 91.588 58.8485 64.4715 42.1646
internal_count=15994 3061 12933 2136 1902 2768 925 1441 2259 10165 1060 640 1949 1454 1391 885
is_linear=0
shrinkage=0.03


Tree=19
num_leaves=21
num_cat=0
split_feature=8 6 100 62 63 106 27 29 7 50 48 118 61 114 18 28 89 7 8 10
split_gain=543.275 66.8598 32.7874 23.1899 15.164 12.3525 15.0323 11.5987 8.43192 8.42365 7.98388 5.76986 5.76037 5.26891 7.53965 2.21842 2.04952 1.86595 0.639468 0.124613
threshold=570.75000000000011 6426.3400000000011 2.5000000000000004 4.5000000000000009 5.5000000000000009 17.500000000000004 1217.5000000000002 1.5000000000000002 403.80000000000001 22.500000000000004 404.36137500000007 0.0027952495000000003 8.5000000000000018 0.038016701000000007 84.00285700000002 88.500000000000014 2.5000000000000004 9739.3050000000021 174.85000000000005 86.580000000000013
decision_type=2 2 2 2 2 2 2 2 2 2 2 2 2 2 2 2 2 2 2 2
left_child=2 4 8 17 10 6 9 -4 16 -5 -2 15 18 -12 -15 -10 19 -3 -9 -1
right_child=1 3 7 5 -6 -7 -8 12 11 -11 13 -13 -14 14 -16 -17 -18 -19 -20 -21
leaf_value=-0.028735371890002564 -0.012881114277492325 0.0094670237745780091 0.015967415234153345 0.0093059523036362179 0.025350308551435625 0.051634037785261336 0.046408302753777469 -0.020595582915437536 0.0043797725869231452 0.030124986772315589 0.015524765375416336 -0.023610856224531948 0.00064770845112587438 0.010613570185878832 -0.011736042758051863 -0.0094506467732756016 -0.0078627686787911544 0.022794995015678492 -0.0072293131264392352 -0.011782831848204074
leaf_weight=295.22885080426931 23.301809139549732 36.138325147330761 14.930321242660282 40.333246432244778 24.822278827428818 70.527151472866535 42.250192977488041 22.107500411570072 15.683476112782957 46.052592888474464 25.091797299683094 16.910406555980444 26.234008062630892 21.930143520236015 22.297521106898785 15.170035406947134 11.291951999068258 33.797957859933376 18.009719360619783 12.993803936988114
leaf_count=8672 464 406 273 364 326 399 306 548 351 326 410 387 504 301 329 379 296 249 362 325
internal_value=0.000249372 0.0261538 -0.0220827 0.0342987 0.00673023 0.0396614 0.0312987 -0.00430188 -0.0258668 0.0216098 0.000543625 -0.0117003 -0.00987241 0.0058212 -0.000396929 -0.00237162 -0.0277254 0.0171994 -0.0163937 -0.0282681
internal_weight=835.103 386.543 448.56 269.099 117.444 199.163 128.636 81.2815 367.279 86.3858 92.6213 47.7639 66.3512 69.3195 44.2277 30.8535 319.515 69.9363 40.1172 308.223
internal_count=15977 3880 12097 2050 1830 1395 996 1687 10410 690 1504 1117 1414 1040 630 730 9293 655 910 8997
is_linear=0
shrinkage=0.03


Tree=20
num_leaves=17
num_cat=0
split_feature=8 6 89 69 98 8 40 61 29 54 18 115 80 42 116 7
split_gain=532.938 72.59 29.5888 19.5866 18.1971 10.5674 7.3599 6.51205 6.42885 6.1986 5.77982 4.93447 4.22595 2.01594 1.97589 0.865014
threshold=595.11000000000013 6873.5950000000012 2.5000000000000004 4.5000000000000009 22.500000000000004 87.950000000000017 68.500000000000014 7.5000000000000009 7.5000000000000009 1273.5000000000002 98.793750000000003 0.063992690000000005 4.5000000000000009 10.500000000000002 0.0029391675500000003 448.74000000000007
decision_type=2 2 2 2 2 2 2 2 2 2 2 2 2 2 2 2
left_child=2 3 5 9 6 15 11 13 -4 12 -10 -3 -2 -7 -6 -1
right_child=1 4 8 -5 14 7 -8 -9 10 -11 -12 -13 -14 -15 -16 -17
leaf_value=-0.028123930829511139 0.0017630223468136634 0.039277025896381747 0.0086231441055143847 0.025404884348925603 0.033728788091108144 -0.0056821360675973105 0.011882890406453687 0.003100990104182444 -0.016931564427013296 0.0074526688764491224 0.0044745370192093717 0.018537336250615953 -0.014336619711884586 -0.020229879361141834 0.051444363394943314 -0.0093206096210045209
leaf_weight=276.74432696402073 21.659474398940802 36.367284268140793 24.489926170557737 30.233217716217041 83.557570122182369 19.331937994807959 44.043657012283802 13.756699852645395 25.453589789569378 39.044554550200701 13.878580603748558 42.801990460604429 28.648069556802511 58.595201510936022 61.034878276288509 10.976195644587277
leaf_count=8352 429 339 460 358 511 526 347 271 600 537 283 411 498 1393 368 279
internal_value=0.000849138 0.0263913 -0.0214872 0.00644496 0.0349617 -0.0246336 0.0243633 -0.0141349 -0.00213388 -0.00081767 -0.00938718 0.0300098 -0.0076011 -0.017362 0.0427766 -0.0276293
internal_weight=830.617 387.391 443.226 119.585 267.805 379.404 123.213 91.6838 63.8221 89.3521 39.3322 79.1693 50.3075 77.9271 144.592 287.721
internal_count=15962 3798 12164 1822 1976 10821 1097 2190 1343 1464 883 750 927 1919 879 8631
is_linear=0
shrinkage=0.03


Tree=21
num_leaves=19
num_cat=0
split_feature=6 0 59 7 16 54 0 53 12 40 46 7 29 61 34 60 56 29
split_gain=482.007 51.9765 44.5083 23.9093 16.9071 13.3051 9.5659 8.89379 6.78743 5.14801 4.84351 3.8537 3.91937 2.63145 3.19484 1.69791 1.43003 0.740788
threshold=2796.3400000000006 45.500000000000007 12.500000000000002 10882.265000000001 2.5000000000000004 769.00000000000011 35.500000000000007 4.5000000000000009 29.500000000000004 63.500000000000007 3006.2727000000009 412.05000000000007 30.500000000000004 7.5000000000000009 63.500000000000007 5.5000000000000009 105.50000000000001 25.500000000000004
decision_type=2 2 2 2 2 2 2 2 2 2 2 2 2 2 2 2 2 2
left_child=2 5 11 7 13 10 8 -3 -7 -6 -2 16 -13 15 -15 -4 17 -1
right_child=1 3 4 -5 9 6 -8 -9 -10 -11 -12 12 -14 14 -16 -17 -18 -19
leaf_value=-0.01489553835785588 0.0067395661660530747 0.0082642805964188715 -0.0047870466686809211 0.043922532728705312 -0.0001579231290744437 0.0095830164882811306 0.0026528136685916143 0.030708170858705103 0.029140955031317969 0.018379107272696454 -0.011439422987980686 -0.021506623645965322 -0.0024224904567576424 0.0038233456743644017 -0.012105752203792923 -0.021400402073869854 -0.0076468329681503768 -0.028749195812356031
leaf_weight=25.815795212984085 23.480040248483419 40.786845356225967 13.884281866252421 128.37666116654873 24.095460847020149 35.516476314514875 33.276299573481083 32.532452512532473 52.958669882267714 21.497531913220882 19.211746845394373 21.400533951818943 20.694961801171303 15.996382780373095 19.086690783500671 29.9913917966187 9.9105378463864309 253.96599718555808
leaf_count=735 424 414 344 722 441 439 311 263 537 324 309 502 537 352 372 691 275 7941
internal_value=0.000286022 0.025753 -0.0201723 0.0358942 -0.00450117 0.0125337 0.0174261 0.019739 0.0223829 0.00923855 -0.00146829 -0.0258564 -0.0136963 -0.0126912 -0.00489761 -0.0174776 -0.0273102 -0.0278075
internal_weight=822.479 366.139 456.34 201.696 124.552 164.443 121.751 73.3193 88.4751 45.593 42.6918 331.788 42.0955 78.9587 35.0831 43.8757 289.692 279.782
internal_count=15933 3419 12514 1399 2524 2020 1287 677 976 765 733 9990 1039 1759 724 1035 8951 8676
is_linear=0
shrinkage=0.03


Tree=22
num_leaves=17
num_cat=0
split_feature=8 60 15 19 12 12 19 19 38 116 2 46 32 56 19 66
split_gain=477.862 47.8008 47.4253 20.6859 18.9801 10.147 9.95722 8.67489 8.47678 6.90507 5.00981 4.253 3.16415 1.6599 0.564012 0.0464534
threshold=919.48000000000013 9.5000000000000018 24.500000000000004 123.61000000000001 29.500000000000004 6.5000000000000009 159.85000000000005 106.41289000000002 343.50000000000006 0.0015126898500000001 3.5000000000000004 8568.1405000000032 965.50000000000011 99.500000000000014 24.785833500000003 14.500000000000002
decision_type=2 2 2 2 2 2 2 2 2 2 2 2 2 2 2 2
left_child=1 5 3 -2 11 13 -7 10 15 -4 14 -5 -12 -1 -3 -6
right_child=2 7 9 4 8 6 -8 -9 -10 -11 12 -13 -14 -15 -16 -17
leaf_value=-0.028132235111552429 -0.0012264707976239009 -0.0047205361103799613 0.026939812211572114 -0.0040655730836991815 0.041250448031504905 -0.018603329692454731 0.005626574559046812 0.010335894210779292 0.013956903126995164 0.046094085638758685 0.0076186605342732517 0.01204251110602746 -0.0076815611540525953 -0.007302382981653241 -0.017782672884209528 0.022945473016421289
leaf_weight=271.95693801157176 46.636664174497128 12.719158869236706 67.266496405005455 23.31833653897047 33.869059752672911 67.387131681665778 15.746619395911692 31.704572305083275 42.540657192468643 84.100704085081816 20.619397968053818 25.186284560710192 18.063530668616295 9.690219793468712 22.841032195836306 34.37773934751749
leaf_count=8593 597 318 432 351 336 1715 337 566 307 486 367 289 292 268 512 274
internal_value=0.000119336 -0.0196329 0.0260956 0.0159793 0.020992 -0.0247271 -0.0137848 -0.00163443 0.0276405 0.0388116 -0.00726511 0.00436202 6.91706e-05 -0.0276078 -0.0146383 0.0344303
internal_weight=828.025 470.729 357.296 205.929 159.292 364.781 83.1338 105.948 110.787 151.367 74.2431 48.5046 38.6829 281.647 35.5602 68.2468
internal_count=16040 12968 3072 2154 1557 10913 2052 2055 917 918 1489 640 659 8861 830 610
is_linear=0
shrinkage=0.03


Tree=23
num_leaves=19
num_cat=0
split_feature=8 13 60 56 131 60 97 18 123 7 19 114 32 116 7 7 32 33
split_gain=415.443 54.6126 29.4115 19.827 12.6702 12.3647 9.48956 8.96365 7.58296 6.63531 3.66394 3.20787 2.9726 2.43296 1.46089 1.38288 1.24691 0.478538
threshold=570.75000000000011 46.500000000000007 9.5000000000000018 155.50000000000003 52.500000000000007 41.500000000000007 2.5000000000000004 229.41040000000001 1.5000000000000002 2654.6200000000003 84.406470000000027 0.047273181500000004 674.50000000000011 0.0018052996000000002 1512.5800000000002 886.55500000000018 903.50000000000011 242.50000000000003
decision_type=2 2 2 2 2 2 2 2 2 2 2 2 2 2 2 2 2 2
left_child=2 3 6 9 7 -3 12 11 10 14 17 -5 15 -7 -2 -1 -14 -4
right_child=1 5 8 4 -6 13 -8 -9 -10 -11 -12 -13 16 -15 -16 -17 -18 -19
leaf_value=-0.027839980756677572 -0.017386357991887189 0.016283786361609546 -0.0054869803135864969 0.018265984347510231 0.001262398395206564 0.027027038834956236 0 0.030815839751691981 0.0083367000698948771 0.0059914785047165608 0 0.0033670657497693237 -0.0024907873177693147 0.042995910851614243 -0.0030443125745093945 -0.0089730939748715096 -0.017319704016306097 -0.018659728138442692
leaf_weight=285.64125319570303 17.733608484268188 50.054916329681873 13.203438863158224 27.0728476382792 42.330419100821018 66.769158810377121 13.745537746697662 46.696626145392656 23.996923055499792 28.609830301254988 18.411091830581427 31.681882068514824 13.501047194004061 78.664812043309212 16.639442089945078 11.986413195729254 13.704537507146595 22.261277344077826
leaf_count=9179 380 407 318 348 456 397 347 412 468 355 359 377 377 439 303 276 356 481
internal_value=-0.000497608 0.0209381 -0.0214443 0.00988307 0.0157557 0.0322385 -0.025234 0.0211172 -0.00425787 -0.00382095 -0.010354 0.0113615 -0.0262524 0.0369062 -0.0120928 -0.0272905 -0.0119557 -0.0154102
internal_weight=822.705 406.254 416.452 210.765 147.782 195.489 338.579 105.451 77.8727 62.9829 53.8758 58.7547 324.833 145.434 34.3731 297.628 27.2056 35.4647
internal_count=16035 3874 12161 2631 1593 1243 10535 1137 1626 1038 1158 725 10188 836 683 9455 733 799
is_linear=0
shrinkage=0.03


Tree=24
num_leaves=18
num_cat=0
split_feature=8 7 89 54 62 131 12 62 27 61 61 27 33 29 33 142 33
split_gain=400.326 55.0289 27.7462 17.4226 11.3523 12.5493 9.10862 7.65988 5.94679 4.93092 4.61016 4.60771 6.11547 3.9586 3.54616 3.47982 2.43235
threshold=570.75000000000011 8486.095000000003 2.5000000000000004 570.50000000000011 26.500000000000004 52.500000000000007 3.5000000000000004 10.500000000000002 708.50000000000011 25.500000000000004 7.5000000000000009 1083.5000000000002 315.50000000000006 10.500000000000002 390.50000000000006 1.5000000000000002 239.50000000000003
decision_type=2 2 2 2 2 2 2 2 2 2 2 2 2 2 2 2 2
left_child=2 3 6 16 5 -3 -1 11 -4 -9 14 12 -5 -10 15 -8 -2
right_child=1 4 8 7 -6 -7 10 9 13 -11 -12 -13 -14 -15 -16 -17 -18
leaf_value=-0.027875043260193872 0 0.032192433508342298 -0.012039284783863943 0 0.042724452058990121 0.010417194980211542 -0.022147077591830235 0.011029908527115649 0.015014508275947481 0.030014946871817882 0 -0.0011350200718766698 0.017476818011313157 -0.0026556839118969068 -0.0010574532695437635 -0.0016407067270323766 -0.013579967015779496
leaf_weight=234.04101599752903 20.367804680019617 71.574166152626276 25.331330278888345 25.756077602505684 73.434894934296608 47.955328017473221 73.603050192818046 37.186745405197144 15.335958305746315 33.203808952122927 13.921510161831973 31.214758366346359 50.333211932331324 20.683710804209113 12.530528806149958 10.93270364589989 19.108001239597797
leaf_count=7779 395 457 564 356 363 292 2080 417 283 285 288 364 595 466 305 307 339
internal_value=0 0.0207842 -0.0209735 0.00997172 0.0323181 0.0243457 -0.024241 0.0139426 -0.00192975 0.021581 -0.0155772 0.00806058 0.0118553 0.00541512 -0.0177875 -0.0199023 -0.00712331
internal_weight=816.515 410.135 406.38 217.17 192.964 119.529 345.029 177.695 61.351 70.3906 110.988 107.304 76.0893 36.0197 97.0663 84.5358 39.4758
internal_count=15935 3863 12072 2751 1112 749 10759 2017 1313 702 2980 1315 951 749 2692 2387 734
is_linear=0
shrinkage=0.03


Tree=25
num_leaves=19
num_cat=0
split_feature=7 13 59 118 10 27 10 65 19 19 6 117 48 98 116 32 116 54
split_gain=374.121 44.4065 35.6945 14.5134 13.3854 12.0384 8.16402 7.70835 7.57797 8.53521 6.21259 4.67592 5.16852 3.23051 2.75107 1.76051 1.09913 0.238012
threshold=1297.2400000000002 49.500000000000007 11.500000000000002 0.0069331489000000008 352.80500000000001 982.50000000000011 3067.0850000000005 1.5000000000000002 149.44833500000001 280.61166500000007 1635.0650000000003 0.0043883722000000016 857.0672800000001 7.5000000000000009 0.0017288575500000001 741.50000000000011 0.0015436402500000003 2014.5000000000002
decision_type=2 2 2 2 2 2 2 2 2 2 2 2 2 2 2 2 2 2
left_child=2 3 10 5 11 8 14 17 -2 -10 15 12 -4 -13 -3 -1 -15 -7
right_child=1 6 4 -5 -6 7 -8 -9 9 -11 -12 13 -14 16 -16 -17 -18 -19
leaf_value=-0.027002756794929805 -0.0062346355433117511 0.013780037218895673 -0.01122851348327151 -0.0079170860489913477 0.015743402731537785 0.016156398484733228 0.038928990641124976 0.033445017945679278 0.022224803771076676 0.00072745982158645118 -0.0031249917539147775 -0.0025110980933665886 0.010321289364453664 -0.0077970039645708956 0.027845266687388313 -0.0096209097489873049 -0.022087331859663471 0.0074008238578149492
leaf_weight=266.01290894113481 28.885734137147665 45.343285217881203 13.947025135159494 28.508632309734821 17.411547843366861 29.18885762989521 85.916405938565731 30.394904006272554 27.782854575663805 37.513108115643263 13.859200168401001 21.770813379436731 16.241472160443664 19.844067838042974 60.348887421190739 15.482750311493872 28.812890222296119 30.414079200476408
leaf_count=9014 410 350 342 412 281 403 423 248 343 407 356 554 326 414 412 448 612 277
internal_value=0.000135345 0.0205447 -0.0197966 0.0106171 -0.00539263 0.0136986 0.030938 0.0213504 0.00552777 0.011018 -0.025317 -0.00976438 0 -0.0137585 0.0228416 -0.0262837 -0.0178084 0.0128394
internal_weight=817.679 404.297 413.383 212.688 118.028 184.18 191.609 89.9978 94.1817 65.296 295.355 100.616 30.1885 70.4278 105.692 281.496 48.657 59.6029
internal_count=16032 3685 12347 2500 2529 2088 1185 928 1160 750 9818 2248 668 1580 762 9462 1026 680
is_linear=0
shrinkage=0.03


Tree=26
num_leaves=18
num_cat=0
split_feature=8 60 15 116 55 115 7 19 134 30 19 47 15 8 4 7 90
split_gain=386.398 47.368 33.1865 15.5249 12.5635 11.9453 9.07658 8.76698 7.53729 7.45261 7.2688 3.36928 3.09438 1.38752 1.25208 0.453679 0.112958
threshold=919.48000000000013 11.500000000000002 27.500000000000004 0.00040229424500000003 1551.5000000000002 0.091729550000000007 421.10000000000008 195.94000000000003 55.500000000000007 3699.5000000000005 62.150335000000005 2962.0658000000003 2.5000000000000004 352.07000000000011 1.5000000000000002 698.44500000000005 4.5000000000000009
decision_type=2 2 2 2 2 2 2 2 2 2 2 2 2 2 2 2 2
left_child=1 6 3 -2 7 10 12 9 -4 -5 -3 13 16 15 -7 -8 -1
right_child=2 5 8 4 -6 14 11 -9 -10 -11 -12 -13 -14 -15 -16 -17 -18
leaf_value=-0.02761703381154236 -0.0026877690978558944 -0.0028811755451434496 0.03966339135426139 0.012555895317916588 0.02696177797469938 -0.017363221344167235 -0.00043451968063085882 0.018308785155593355 0.020847432446895343 -0.0075888580290872773 0.016737087336910025 0 -0.0069099107245976397 -0.020372900051758205 -0.0031817148584490583 -0.010005227359512099 -0.0097772763470219265
leaf_weight=255.05495760962367 36.545638669282198 26.855830583721399 90.717547576874495 25.285288359969854 80.254181429743767 19.86481043882668 11.292775498703124 57.33732546120882 55.990110889077187 30.974392879754305 32.341415658593178 14.854319168254731 13.14781792834401 26.689564939588308 14.594567641615866 12.867642335593699 10.060606641694902
leaf_count=8879 439 520 520 340 569 447 317 570 313 369 556 319 360 614 260 319 320
internal_value=0.000215306 -0.0188467 0.0223329 0.0145946 0.0179138 0 -0.0239309 0.0105279 0.033505 0.00150596 0.00807206 -0.0120434 -0.0264228 -0.0154245 -0.0129013 -0.00688774 -0.0271891
internal_weight=814.729 437.624 377.104 230.397 193.851 93.6566 343.968 113.597 146.708 56.2597 59.1972 65.7043 278.263 50.85 34.4594 24.1604 265.116
internal_count=16031 12911 3120 2287 1848 1783 11128 1279 833 709 1076 1569 9559 1250 707 636 9199
is_linear=0
shrinkage=0.03


Tree=27
num_leaves=19
num_cat=0
split_feature=8 14 7 116 11 104 118 49 54 116 28 9 27 116 118 92 28 28
split_gain=371.325 44.4638 25.7865 14.8448 13.4333 8.96174 8.31947 6.77717 6.02864 5.96152 5.8102 5.56855 5.30966 4.61847 2.34334 0.812163 0.839223 0.294507
threshold=570.75000000000011 20.500000000000004 403.80000000000001 5.1986912000000008e-05 187.24000000000004 2.5000000000000004 0.0024218941000000004 1686.4074000000003 108.50000000000001 0.0062281052000000012 41.500000000000007 75.15000000000002 991.50000000000011 0.0027384761000000001 0.0045777070000000012 1.5000000000000002 336.50000000000006 70.500000000000014
decision_type=2 2 2 2 2 2 2 2 2 2 2 2 2 2 2 2 2 2
left_child=2 3 8 -2 12 -6 13 10 17 -8 -4 -12 -3 -5 15 16 -10 -1
right_child=1 4 7 6 5 -7 9 -9 14 -11 11 -13 -14 -15 -16 -17 -18 -19
leaf_value=-0.011350096575139804 -0.0090903572414937437 0.0059234558723277207 -0.018862692946231358 0.025691452077786815 0.024711365514946994 0.043165212014064522 -0.006873517271541822 0.010165338483887518 -0.023272841891163569 0.010566215565090829 -0.01135194918025198 0.0085360371671588352 0.023221788965591832 0.0096451117632713138 -0.0034776982183298455 -0.006887892063307215 -0.009273235229832982 -0.028646240046832583
leaf_weight=12.831985101103781 31.929234888404608 37.532050896435976 27.320563539862633 38.562431920319796 98.965523567050695 66.31353498250246 25.845308490097523 15.483144517987965 47.101709339767694 35.410263150930405 20.090283552184701 20.28779473528266 37.718653794378042 48.580797154456377 16.301594354212284 15.441295418888329 19.380206987261772 192.83900187537074
leaf_count=427 520 328 583 404 602 334 348 275 1364 483 519 471 278 562 451 365 627 7073
internal_value=0.000471036 0.0198812 -0.0205792 0.008176 0.0282505 0.0332536 0.012164 -0.00516434 -0.0245981 0.00301813 -0.00933469 -0.00118925 0.0156876 0.0179175 -0.0164545 -0.0185156 -0.0203357 -0.0279333
internal_weight=807.935 420.858 387.078 180.328 240.53 165.279 148.399 83.1818 303.896 61.2556 67.6986 40.3781 75.2507 87.1432 98.2248 81.9232 66.4819 205.671
internal_count=16014 3859 12155 2317 1542 936 1797 1848 10307 831 1573 990 606 966 2807 2356 1991 7500
is_linear=0
shrinkage=0.03


Tree=28
num_leaves=19
num_cat=0
split_feature=7 63 59 1 27 127 17 59 127 115 124 7 57 117 41 1 49 31
split_gain=335.285 37.8028 32.4607 22.36 14.0702 10.8859 9.97255 9.85305 9.0177 8.33208 6.63082 6.37214 5.35401 4.58242 3.67619 2.3494 1.55302 1.11688
threshold=1056.1450000000002 10.500000000000002 11.500000000000002 16.500000000000004 1029.5000000000002 71.500000000000014 1.5000000000000002 38.500000000000007 43.500000000000007 0.069541715000000018 1.5000000000000002 412.05000000000007 278.50000000000006 0.0021715552000000004 7.5000000000000009 5.5000000000000009 120.51514000000002 1524.5000000000002
decision_type=2 2 2 2 2 2 2 2 2 2 2 2 2 2 2 2 2 2
left_child=2 3 11 8 -3 7 12 -5 9 -2 -9 17 13 -4 -11 -13 -15 -1
right_child=1 4 6 5 -6 -7 -8 10 -10 14 -12 15 -14 16 -16 -17 -18 -19
leaf_value=-0.027367620451129157 0.016002440776194449 0.018419930179904287 0.0019229298468033645 0.0072991503197055267 0.042895087323581146 0.0040390112681061964 0.012130533789619157 0.033672603419616295 -0.010738806632209613 0.006738185093926612 0.015976364574563116 0 0.0056346700356437584 -0.005806004411012324 -0.008863266028452171 -0.016820687969104926 -0.019808545158805053 -0.0081474074482467546
leaf_weight=232.18786050565541 42.031491700559855 52.817541304975748 12.776493567973374 37.999781467020512 64.579905301332474 40.707341216504574 19.351538810878992 65.092418927699327 29.787607755511999 19.513463843613863 55.228774841874838 16.753948781639341 13.266155429184435 19.396290464326739 24.750943716615438 11.049466136842964 38.031881475821137 10.302354358136652
leaf_count=8579 584 351 320 442 365 280 346 465 423 346 408 475 256 513 337 299 882 326
internal_value=0.000908497 0.018802 -0.019768 0.0129531 0.0332085 0.0189479 -0.00492978 0.0224484 0.00219292 0.00716466 0.026631 -0.0251661 -0.00951655 -0.0127633 -0.00169523 -0.00860065 -0.0161633 -0.0267927
internal_weight=805.625 432.509 373.116 315.112 117.397 199.028 102.822 158.321 116.084 86.2959 120.321 270.294 83.4708 70.2047 44.2644 27.8034 57.4282 242.49
internal_count=15997 4001 11996 3285 716 1595 2317 1315 1690 1267 873 9679 1971 1715 683 774 1395 8905
is_linear=0
shrinkage=0.03


Tree=29
num_leaves=21
num_cat=0
split_feature=8 7 61 73 60 129 118 19 117 114 117 89 33 68 12 19 29 57 59 29
split_gain=306.063 45.6166 20.9888 16.6116 11.1561 12.4957 8.81055 7.96622 7.70338 6.25986 6.54253 6.06395 5.40098 5.68573 2.54078 2.30253 1.95546 1.30805 1.26297 0.945008
threshold=380.75000000000006 4894.4400000000014 7.5000000000000009 1.5000000000000002 122.50000000000001 50.500000000000007 0.007071899500000001 195.94000000000003 0.008623168500000002 0.040762047500000002 0.0032460946500000002 2.5000000000000004 487.50000000000006 2.5000000000000004 5.5000000000000009 136.71538500000003 49.500000000000007 33.500000000000007 20.500000000000004 93.500000000000014
decision_type=2 2 2 2 2 2 2 2 2 2 2 2 2 2 2 2 2 2 2 2
left_child=2 3 11 6 5 7 9 -3 -4 10 -2 14 13 -11 18 -12 -16 -13 -1 -18
right_child=1 4 8 -5 -6 -7 -8 -9 -10 12 15 17 -14 -15 16 -17 19 -19 -20 -21
leaf_value=-0.028044275720219662 -0.0032881461442156898 0.011395830241153954 0.011130789402243929 0.021044364758639921 0.032447525142321347 0.0049452701910041984 -0.014241543928066371 0.029334022281120229 -0.012567585166272108 0.0012223511325222022 0.0051841253094487144 0.00011907522283934052 0.007076386816724187 -0.018999259812892407 -0.020677191374921387 0.021832243473708948 0 -0.011954933002555224 -0.0066696856375207591 -0.010848869587343405
leaf_weight=216.24966918863356 20.728816103190184 49.322015803307295 19.383517727255821 35.969703283160925 90.928927831351757 54.594623353332281 28.109019283205271 74.508023984730244 19.866083588451147 20.810260841622949 19.766607286408544 10.995412876829507 23.191017992794514 20.666428931057453 33.996997199952602 22.577703803777695 11.398433573544027 11.562637638300655 8.084473265334962 10.883668316528199
leaf_count=8188 361 334 418 401 445 373 510 504 439 341 346 314 277 271 949 354 351 287 221 365
internal_value=-0.000394144 0.0154741 -0.0217239 0.00403888 0.0233411 0.0178604 -0.000324842 0.0230252 -0.000589809 0.00304558 0.00948798 -0.0243574 -0.00325263 -0.00949065 -0.0255945 0.0157458 -0.0161243 -0.0065716 -0.0275016 -0.00611141
internal_weight=803.594 461.173 342.421 191.82 269.354 178.425 155.85 123.83 39.2496 127.741 63.0731 303.171 64.6677 41.4767 280.613 42.3443 56.2791 22.5581 224.334 22.2821
internal_count=16049 4517 11532 2861 1656 1211 2460 838 857 1950 1061 10675 889 612 10074 700 1665 601 8409 716
is_linear=0
shrinkage=0.03


Tree=30
num_leaves=20
num_cat=0
split_feature=54 10 6 67 6 27 40 117 57 116 73 117 11 31 20 58 19 36 6
split_gain=297.338 58.4639 21.6334 15.7073 15.2982 11.4265 10.1348 10.125 5.65921 5.56556 5.5329 5.94094 5.1915 4.69746 2.99329 1.97784 1.49959 0.312494 0.143335
threshold=425.50000000000006 820.37500000000011 2954.9300000000007 14.500000000000002 8031.1000000000013 1128.5000000000002 25.500000000000004 0.0047364109500000013 97.500000000000014 0.0036245021000000004 1.0000000180025095e-35 0.0021715552000000004 678.65000000000009 2294.5000000000005 17.868182000000004 98.500000000000014 35.145784500000012 19.500000000000004 1301.5000000000002
decision_type=2 2 2 2 2 2 2 2 2 2 2 2 2 2 2 2 2 2 2
left_child=4 2 10 7 8 6 -4 -3 14 12 11 -2 -5 -8 17 -13 -16 18 -1
right_child=1 3 5 9 -6 -7 13 -9 -10 -11 -12 15 -14 -15 16 -17 -18 -19 -20
leaf_value=-0.028117798672128897 0.0041790569681575615 0.02180581840772389 0.018373340919902663 0.01333034827076981 0.010670769273438312 0.023968760493708125 -0.010628910168038474 0.0010102937227512931 -0.0013020828777225945 0.038445060674378896 0.0040170050931310998 -0.018182756365893237 0.02885637024496393 0.0049918034995729181 -0.0028581780972382486 -0.004161290887092192 -0.018521548127517901 -0.0092089827622212905 -0.0083976047077820495
leaf_weight=191.32384042441845 15.771777398884295 40.277517192065716 26.496037870645523 52.809378251433372 8.7407074682414514 39.63941765204072 27.684862859547138 43.360344611108303 11.693425698205827 58.170499231666327 27.990812098607421 41.838393617421389 70.923321917653084 31.078279100358486 10.630936611443756 19.619046859443188 72.20183127745986 9.7011653780937177 7.7832082342356435
leaf_count=7491 353 270 353 336 120 404 326 358 305 311 466 987 371 321 357 362 2045 332 230
internal_value=9.25363e-05 0.0145065 0.00323906 0.0239751 -0.0226212 0.0115192 0.00455775 0.0118592 -0.0237866 0.0289994 -0.00653028 -0.0105472 0.0231215 -0.00238867 -0.0246004 -0.0145822 -0.0169592 -0.027094 -0.027645
internal_weight=807.735 495.66 230.119 265.541 312.075 124.899 85.2592 83.6379 303.334 181.903 105.22 77.2292 123.733 58.7631 291.641 61.4574 82.8328 208.808 199.107
internal_count=16098 5218 3572 1646 10880 1404 1000 628 10760 1018 2168 1702 707 647 10455 1349 2402 8053 7721
is_linear=0
shrinkage=0.03


Tree=31
num_leaves=19
num_cat=0
split_feature=13 58 20 59 27 52 68 30 19 116 68 142 26 29 30 20 134 33
split_gain=303.726 32.3588 28.7991 14.7512 12.0898 15.783 10.8087 10.4346 9.89286 7.00065 4.33556 3.52781 3.70154 4.5749 2.08244 1.22799 1.655 0.629098
threshold=11.500000000000002 81.500000000000014 16.655256500000004 300.50000000000006 1217.5000000000002 30.500000000000004 5.5000000000000009 4245.5000000000009 172.09078000000002 0.0029776682500000005 3.5000000000000004 1.5000000000000002 1.5000000000000002 40.500000000000007 2846.5000000000005 158.38041500000003 47.500000000000007 454.50000000000006
decision_type=2 2 2 2 2 2 2 2 2 2 2 2 2 2 2 2 2 2
left_child=2 8 17 4 5 7 11 -3 10 -9 14 12 13 15 -2 16 -4 -1
right_child=1 3 6 -5 -6 -7 -8 9 -10 -11 -12 -13 -14 -15 -16 -17 -18 -19
leaf_value=-0.026686144003267104 -0.002962167129761363 0.016221084653506194 -0.0030350613327083894 0.033056845280980372 0.029015838010657092 0.025091777267171406 0.0084583640221025415 -0.0089567376544620655 0.013333666198833865 0.0078371696601462048 0.0039170317759120712 0.00074677993301695367 -0.022557924564787495 0.0049139961108288222 -0.019073368464948587 -0.0040244677560483553 -0.017996471763343673 -0.007471325610233566
leaf_weight=216.12781990133226 17.674177546054125 51.516716450452805 13.794891534373162 82.117499370127916 60.282594565302134 59.799221184104681 22.826365536078811 39.771887220442295 28.668967861682177 39.384503394365311 17.039036307483912 14.270463516935704 32.324946146458387 12.94512991979718 17.441557327285409 22.400154672563076 36.817493861541152 8.4909541662782413
leaf_count=8362 367 487 367 427 408 433 399 324 308 316 252 375 990 339 303 389 918 230
internal_value=-0.000115333 0.0175513 -0.0193657 0.0216312 0.0172578 0.0128127 -0.00887842 0.00636531 0.000291966 -0.000453455 -0.00715379 -0.0121719 -0.0138192 -0.00930872 -0.0127182 -0.012176 -0.0148278 -0.0262036
internal_weight=793.694 413.696 379.998 332.872 250.755 190.472 155.379 130.673 80.8237 79.1564 52.1548 132.553 118.283 85.9577 35.1157 73.0125 50.6124 224.619
internal_count=15994 3625 12369 2395 1968 1560 3777 1127 1230 640 922 3378 3003 2013 670 1674 1285 8592
is_linear=0
shrinkage=0.03


Tree=32
num_leaves=19
num_cat=0
split_feature=6 59 69 27 7 128 28 7 38 43 49 28 33 117 10 98 60 6
split_gain=292.326 31.9716 26.3347 18.9665 12.341 9.01174 8.07434 7.53547 6.99387 4.76053 5.711 3.9904 3.36443 3.06807 5.81424 6.40391 0.918739 0.421666
threshold=2499.4950000000003 13.500000000000002 12.500000000000002 982.50000000000011 2789.8300000000004 49.500000000000007 4.5000000000000009 10882.265000000001 287.50000000000006 108.50000000000001 538.58380000000011 23.500000000000004 420.50000000000006 0.0027347333000000006 53.050000000000004 12.500000000000002 7.5000000000000009 1043.1800000000003
decision_type=2 2 2 2 2 2 2 2 2 2 2 2 2 2 2 2 2 2
left_child=1 12 3 4 11 7 -3 9 -6 10 -5 -2 16 -8 -15 -16 17 -1
right_child=2 6 -4 5 8 -7 13 -9 -10 -11 -12 -13 -14 14 15 -17 -18 -19
leaf_value=-0.027333960526402884 -0.016557092442312051 0.012320818498766367 0.030661606899295604 0.007166417607151818 0.016468766772170036 0.0050528732393509143 0.0012957451063549767 0.031996115767137692 0.001508593983383742 0.0036048831877929783 0.029422409722648438 0.00050064105597843935 -0.0051033072695715028 -0.020832369845486857 0.0078627219100471605 -0.01296143921997746 -0.0079359884313351912 -0.013442982304739374
leaf_weight=217.27693654224277 21.00378105416894 14.940477227792142 94.669013489037752 25.537716375663877 57.433094333857298 38.519353341311216 18.521838694810867 53.201779380440712 57.61596580222249 28.465482957661152 25.551902763545513 19.853207629173994 11.909211065620182 28.565251925960183 19.90671868994832 23.026901062577963 10.142110239714382 21.582797402516007
leaf_count=8754 306 221 518 350 560 327 424 280 396 235 263 394 342 751 438 410 317 632
internal_value=-7.43616e-05 -0.0195756 0.0168351 0.012388 0.00447189 0.0191774 -0.00509741 0.0228346 0.00947661 0.0150008 0.0201955 -0.00879047 -0.0251382 -0.00864232 -0.0113293 -0.00318011 -0.025918 -0.0264417
internal_weight=787.724 365.872 421.851 327.182 155.906 171.276 104.961 132.757 115.049 79.5551 51.0896 40.857 260.911 90.0207 71.4989 42.9336 249.002 238.86
internal_count=15918 12289 3629 3111 1656 1455 2244 1128 956 848 613 700 10045 2023 1599 848 9703 9386
is_linear=0
shrinkage=0.03


Tree=33
num_leaves=20
num_cat=0
split_feature=6 58 59 7 116 127 115 0 17 57 20 32 126 132 68 116 32 59 6
split_gain=250.613 31.8669 31.5408 14.9159 12.0672 7.19825 7.14475 8.89764 7.07297 5.91227 5.40314 4.75822 3.64153 2.82852 4.53837 5.26592 2.41606 0.945582 0.570268
threshold=2499.4950000000003 724.50000000000011 13.500000000000002 17904.170000000002 0.0018052996000000002 49.500000000000007 0.070019455000000022 29.500000000000004 2.5000000000000004 95.500000000000014 170.06022000000004 674.50000000000011 3.5000000000000004 49.500000000000007 2.5000000000000004 0.0038181823000000008 870.50000000000011 8.5000000000000018 952.65500000000009
decision_type=2 2 2 2 2 2 2 2 2 2 2 2 2 2 2 2 2 2 2
left_child=2 3 11 4 5 9 10 -8 12 -2 -6 17 13 14 15 -4 -13 18 -1
right_child=1 -3 8 -5 6 -7 7 -9 -10 -11 -12 16 -14 -15 -16 -17 -18 -19 -20
leaf_value=-0.02723522303152718 -0.0051951589997075503 0.034280465544509947 0.019032003498068151 0.022700927939436667 0.0091807139068489172 -0.010735045740864977 -0.0051420298099519963 0.012960415267794739 0.010604989580382102 0.010930285453438725 0.026703920336854151 0.001812689560728752 -0.016826735164378083 -0.011775970348713296 -0.0091398588203870472 -0.0036566473858232721 -0.014685955891848224 -0.010765855139599045 -0.012314974871397912
leaf_weight=196.06733124144375 27.418915392830968 63.672610983252525 13.254090776667001 79.862927287817001 41.973644124343991 33.003233462572098 34.471437778323889 59.251096054911613 17.79670063778758 49.782750532031059 40.639243751764297 10.226020302623512 24.977891596034169 18.935860946774483 18.648346705362201 14.120820399373768 12.667425740510224 16.723088970407844 18.443151343613863
leaf_count=8196 430 306 312 417 431 349 473 514 254 446 334 330 583 439 391 328 377 545 562
internal_value=-0.000183175 0.0151991 -0.018464 0.0114259 0.00789654 0 0.0126548 0.00622713 -0.00441916 0.00505306 0.019004 -0.0241601 -0.00795208 -0.00336649 0.000614451 0.00810794 -0.00777469 -0.02552 -0.0263305
internal_weight=791.937 430.076 361.861 366.403 286.54 110.205 176.335 93.7225 107.734 77.2017 82.6129 254.127 89.937 64.9591 46.0233 27.3749 22.8934 231.234 214.51
internal_count=16017 3700 12317 3394 2977 1225 1752 987 2307 876 765 10010 2053 1470 1031 640 707 9303 8758
is_linear=0
shrinkage=0.03


Tree=34
num_leaves=21
num_cat=0
split_feature=7 9 55 54 18 27 98 69 50 62 30 29 117 90 51 6 60 117 53 66
split_gain=259.111 31.8929 25.9284 14.8326 6.57942 6.38691 6.09183 6.0327 7.58582 3.92164 3.00973 2.7298 2.70864 2.95971 2.28952 2.28409 2.45081 2.24462 1.01656 0.132489
threshold=1056.1450000000002 4674.2000000000007 129.50000000000003 432.50000000000006 94.698180000000022 960.50000000000011 8.5000000000000018 1.5000000000000002 8.5000000000000018 7.5000000000000009 4436.5000000000009 8.5000000000000018 0.012713211000000002 9.5000000000000018 1.0000000180025095e-35 1504.8500000000001 8.5000000000000018 0.0031541915500000006 2.5000000000000004 1.5000000000000002
decision_type=2 2 2 2 2 2 2 2 2 2 2 2 2 2 2 2 2 2 2 2
left_child=2 3 15 14 9 -3 -6 8 11 17 -10 -5 13 -9 -2 16 19 -4 -19 -1
right_child=1 5 4 7 6 -7 -8 12 10 -11 -12 -13 -14 -15 -16 -17 -18 18 -20 -21
leaf_value=-0.027115344213318095 0 0.01674302485210839 -0.00052328273373225011 0.0047928329463475328 0.016712952902176281 0.032167662473483967 -0.005312467214093659 0.0038149083859847143 0.0053479825194236883 0.0025181073165750226 -0.0069662174268719148 0.020325229775645423 0.021670441281527567 0.016475533155305273 -0.013948018496870185 -0.0055924665368535399 -0.0031180347012152439 -0.020082213652301225 -0.0050627653509043693 -0.016478682265603659
leaf_weight=174.03217214159667 16.562088821083307 67.561747789382935 11.32811622880399 25.444404385983944 14.165926959365605 92.964788697659969 22.044038973748684 39.077832072973251 29.535663720220327 12.293071234598754 31.363034285604954 26.91153783723712 59.640965458005667 39.14384201169014 18.024630751460791 11.075299821794031 7.5274335239082566 31.78070011921227 12.688604915514587 40.108668688684702
leaf_count=7484 342 349 326 303 359 440 459 369 352 248 295 355 523 279 344 325 230 873 253 1498
internal_value=0.000914099 0.0158542 -0.0187647 0.00948632 -0.00577803 0.0264683 0.00392256 0.0120341 0.00626536 -0.0110574 -0.000813623 0.014114 0.0162831 0.01094 -0.00781675 -0.0242775 -0.0250009 -0.0142561 -0.0170447 -0.025613
internal_weight=783.275 446.231 337.044 285.704 104.3 160.527 36.21 251.117 113.255 68.0905 60.8987 52.3559 137.863 78.2217 34.5867 232.744 221.668 55.7974 44.4693 214.141
internal_count=16006 3951 12055 3162 2518 789 818 2476 1305 1700 647 658 1171 648 686 9537 9212 1452 1126 8982
is_linear=0
shrinkage=0.03


Tree=35
num_leaves=23
num_cat=0
split_feature=54 9 33 13 6 116 12 132 116 116 63 117 10 16 32 118 20 42 57 49 117 49
split_gain=233.733 44.8863 13.6592 14.3797 13.4725 8.32818 8.14982 5.78063 5.23823 4.67248 3.94459 3.70326 3.49031 3.46302 2.99668 3.36651 4.46741 2.20092 1.80071 1.15052 0.674085 0.61494
threshold=406.50000000000006 770.21000000000015 248.50000000000003 49.500000000000007 543.86500000000012 0.0060747477500000006 6.5000000000000009 59.500000000000007 0.0032905565000000002 0.0029391675500000003 4.5000000000000009 0.010756820500000002 17.250000000000004 5.5000000000000009 290.50000000000006 0.0033998396500000004 20.783333000000002 38.500000000000007 57.500000000000007 553.33960000000013 0.034509825000000008 1.5330430000000002
decision_type=2 2 2 2 2 2 2 2 2 2 2 2 2 2 2 2 2 2 2 2 2 2
left_child=4 6 -3 5 12 13 19 8 11 -5 -10 -8 18 -4 21 16 -16 -17 -1 -2 -14 -6
right_child=1 2 3 9 14 -7 7 -9 10 -11 -12 -13 20 -15 15 17 -18 -19 -20 -21 -22 -23
leaf_value=-0.027577022367719452 -0.018740615944474348 0.0032003439889203285 0.011828131443241727 0.019428608302336683 -0.0055802124842868426 0.022650525757568048 0.019147674925740078 -0.0086561056164154715 -0.0099088734980559753 0.032561730388659865 0.007195070579069953 0.0010906950003598975 -0.013171899482358142 0.00033310562264527371 -0.0091794474186365944 -0.017672348078409516 0.011834928539617991 -0.00019485462716651219 -0.0048327658019105824 -0.0032962446355226009 -0.00070944268944164019 -0.021529015048150132
leaf_weight=173.09165067225695 18.346622671931986 53.719774004071951 45.489281047135592 105.90974435955286 11.03395536914468 41.482271399348974 25.24488458968699 27.836699225008488 20.577378487214446 78.224240943789482 17.625022210180759 19.219567131251097 11.29054816439748 50.086768340319395 10.996894784271719 13.989713396877052 15.599573843181131 12.740224717184899 7.2474620360881081 11.745133688673375 9.5521192792803031 15.4969618730247
leaf_count=7676 518 485 422 565 349 362 429 483 389 389 278 338 389 393 352 352 389 263 255 267 344 434
internal_value=0.000537462 0.0125243 0.0178885 0.0202124 -0.021232 0.0119556 -0.00180008 0.00199685 0.00604426 0.0258005 -0.00175116 0.0125451 -0.0254161 0.00626932 -0.00963794 -0.00440791 0.0025937 -0.0111582 -0.0268989 -0.0144685 -0.00928315 -0.0173085
internal_weight=796.546 515.507 374.912 321.192 281.039 137.058 140.595 110.504 82.6669 184.134 38.2024 44.4645 201.182 95.576 79.8573 53.3264 26.5965 26.7299 180.339 30.0918 20.8427 26.5309
internal_count=16121 5318 2616 2131 10803 1177 2702 1917 1434 954 667 767 8664 815 2139 1356 741 615 7931 785 733 783
is_linear=0
shrinkage=0.03


Tree=36
num_leaves=19
num_cat=0
split_feature=13 58 9 33 115 90 18 115 40 45 59 78 55 122 20 115 58 58
split_gain=233.959 30.6542 26.2312 14.6002 8.44481 8.49487 8.47266 7.15959 5.98135 5.17935 5.11619 4.9476 3.55779 2.40026 2.70141 2.62882 0.662805 1.81235
threshold=9.5000000000000018 86.500000000000014 75.15000000000002 315.50000000000006 0.038573772500000013 11.500000000000002 226.59000000000003 0.065200110000000019 27.500000000000004 7.5000000000000009 41.500000000000007 23.500000000000004 181.50000000000003 1.5000000000000002 175.67000000000002 0.102965605 7.5000000000000009 10.500000000000002
decision_type=2 2 2 2 2 2 2 2 2 2 2 2 2 2 2 2 2 2
left_child=2 7 10 -3 -5 6 -6 8 -2 13 16 -11 -9 14 15 -4 -1 -18
right_child=1 3 9 4 5 -7 -8 12 -10 11 -12 -13 -14 -15 -16 -17 17 -19
leaf_value=-0.02763567590374533 0.016121325328014503 0.0044951906053399358 -0.023445122347386917 0.01092215568844772 0.0075428418590083269 0.030835853236053843 0.025317805584650188 -0.015104662683786836 -0.0025822392102901231 0.01220368507507082 -0.00064727186532969976 -0.0070103943704975785 0 0.00032302774496959739 -0.0017043325377648229 -0.0030220240967255142 -0.0039586719169248065 -0.020483369987953175
leaf_weight=157.92613815329969 26.031328240409493 65.134629335254431 20.937261877581477 76.819470293819904 59.0159732401371 102.83771919459105 50.922479525208473 24.658497059717774 25.900910986587405 19.257307313382626 9.3439364396035653 18.516154391691089 27.496717596426606 11.746342951431869 16.755919635295868 11.749075870960949 12.475780302658675 51.043794797733426
leaf_count=7197 392 580 617 459 550 584 307 487 329 368 218 316 411 302 377 360 511 1724
internal_value=8.66445e-05 0.0138998 -0.0190088 0.0180493 0.0209189 0.0241255 0.0166498 -0.000283239 0.00712202 -0.00552333 -0.0244879 0.00271596 -0.00789727 -0.0106572 -0.0133315 -0.017877 -0.0253912 -0.0179824
internal_weight=788.569 458.818 329.752 354.73 289.596 212.776 109.938 104.087 51.9322 98.9621 230.79 37.7735 52.1552 61.1886 49.4423 32.6863 221.446 63.5196
internal_count=16089 4099 11990 2480 1900 1441 857 1619 721 2340 9650 684 898 1656 1354 977 9432 2235
is_linear=0
shrinkage=0.03


Tree=37
num_leaves=21
num_cat=0
split_feature=54 13 19 7 67 0 27 84 18 60 114 63 117 19 44 129 118 49 58 66
split_gain=218.682 34.6483 16.5066 12.4628 9.93601 5.99137 5.76517 4.6743 6.58858 4.46942 4.46259 4.25719 4.14761 4.04568 2.80567 2.27875 1.92479 1.69816 0.858039 0.418763
threshold=388.50000000000006 46.500000000000007 151.05833500000003 412.05000000000007 14.500000000000002 15.500000000000002 982.50000000000011 5.5000000000000009 70.842580000000012 9.5000000000000018 0.039029583000000007 1.0000000180025095e-35 0.012713211000000002 89.922500000000014 30.500000000000004 52.500000000000007 0.024727150500000003 50.192051500000005 17.500000000000004 8.5000000000000018
decision_type=2 2 2 2 2 2 2 2 2 2 2 2 2 2 2 2 2 2 2 2
left_child=3 2 7 9 -3 10 -7 13 12 16 -4 17 -9 19 -10 -6 18 -5 -1 -2
right_child=1 4 5 11 15 6 -8 8 14 -11 -12 -13 -14 -15 -16 -17 -18 -19 -20 -21
leaf_value=-0.027071479243456365 -0.0060692329923302908 0.0084755432996878356 0.010726891220583099 -0.0040786432145986633 0.028234926006615698 0.0059322016545546429 0.021849568410032709 0 0.0035941373298299787 -0.003538010138160773 -0.0061148410274229478 0.0032690400129263704 0.019966359272308699 0.0013666192300560026 -0.0089084791327398421 0.016253951531390105 -0.0035280775008917683 -0.018143225005489996 -0.0097653853192035209 -0.019181652668942811
leaf_weight=174.60083258152008 14.889483634382488 54.303739778697491 23.414232734590769 21.114141494035721 109.03088161349297 41.674343798309565 59.817294873297215 18.318926621228456 20.827731657773256 12.070951445028184 22.626992076635361 17.915740149095654 17.342497296631336 18.174378743395209 36.421664625406265 56.952080130577087 6.6986355260014525 21.162540316581726 12.972452934831379 15.903942694887517
leaf_count=8094 412 359 382 588 576 351 455 360 366 365 310 398 308 340 455 296 270 503 483 340
internal_value=0.000755475 0.012261 0.00521875 -0.021012 0.0211253 0.012089 0.0160399 -0.00199152 0.00186398 -0.02453 0.00236792 -0.00776579 0.0112804 -0.00907977 -0.00419563 0.0248073 -0.0256375 -0.0126105 -0.0262371 -0.014994
internal_weight=776.233 509.698 289.411 266.535 220.287 147.533 101.492 141.879 92.9108 206.343 46.0412 60.1924 35.6614 48.9678 57.2494 165.983 194.272 42.2767 187.573 30.7934
internal_count=16011 5310 4079 10701 1231 1498 806 2581 1489 9212 692 1489 668 1092 821 872 8847 1091 8577 752
is_linear=0
shrinkage=0.03


Tree=38
num_leaves=21
num_cat=0
split_feature=7 0 54 54 131 9 117 86 41 142 116 117 118 66 52 28 38 59 59 118
split_gain=220.028 26.6773 16.8938 11.0091 10.9982 15.1319 11.1143 8.47191 5.31659 5.8129 4.38439 4.21077 6.19562 3.76656 2.90526 2.86171 1.77416 1.72365 0.40694 0.139701
threshold=1056.1450000000002 45.500000000000007 108.50000000000001 1125.5000000000002 59.500000000000007 4674.2000000000007 0.011950361000000001 27.500000000000004 9.5000000000000018 2.5000000000000004 0.0018875461500000002 0.0047364109500000013 0.0071994280000000008 6.5000000000000009 3.5000000000000004 75.500000000000014 93.500000000000014 22.500000000000004 5.5000000000000009 0.011782058000000002
decision_type=2 2 2 2 2 2 2 2 2 2 2 2 2 2 2 2 2 2 2 2
left_child=2 3 15 11 5 6 -3 10 9 16 -5 -2 -13 17 -15 19 -4 -10 -17 -1
right_child=1 4 8 7 -6 -7 -8 -9 13 -11 -12 12 -14 14 -16 18 -18 -19 -20 -21
leaf_value=-0.0014219937179111965 -0.013976069311606817 0.0022394403463460656 -0.021334551778952361 0.0047822021304144476 0.0087799687559601703 0.033117107159221636 0.023945006677162334 0 -0.0022319940505558912 0.0030374265537190474 0.020023417149862898 0.0081633888268097723 -0.010703509419254312 -0.017694654578416659 -0.0010305553562785562 -0.028131634889989141 -0.0047077467473845679 0.010710121625274011 -0.0076998161187086522 -0.011205162587159267
leaf_weight=7.8885928355157402 20.91953020170331 44.768610894680023 58.954554598778486 33.018181122839451 73.821693476289511 82.306963518261909 40.907967798411846 50.936000168323517 14.401697013527157 9.6564322859048826 56.539454694837332 34.036987230181694 21.053636865690351 16.196440191939473 21.895231453701854 144.85406426712871 12.739472413435577 11.835721725597976 7.5309261213988057 8.1818400956690294
leaf_count=307 359 314 1981 331 418 370 314 416 439 316 520 554 361 382 393 6969 351 252 328 302
internal_value=-0.000360022 0.0128261 -0.0195446 0.00491343 0.0196071 0.0238871 0.0135175 0.00979966 -0.011277 -0.0162528 0.0151129 -0.0039803 0.000412856 -0.00404985 -0.00969516 -0.0260768 -0.0190752 0.00390583 -0.0274939 -0.00859176
internal_weight=772.444 458.309 314.135 216.504 241.805 167.984 85.6766 140.494 145.68 81.3505 89.5576 76.0102 55.0906 64.3291 38.0917 168.455 71.694 26.2374 152.385 16.0704
internal_count=15977 3957 12020 2541 1416 998 628 1267 4114 2648 851 1274 915 1466 775 7906 2332 691 7297 609
is_linear=0
shrinkage=0.03


Tree=39
num_leaves=17
num_cat=0
split_feature=6 58 54 115 0 35 73 124 62 33 60 0 117 94 31 54
split_gain=210.727 27.4546 20.1892 13.6446 11.0256 8.46509 8.16387 6.04484 5.4185 4.72949 3.42405 3.26535 2.80181 3.23555 3.86701 1.4477
threshold=2613.1500000000001 24.500000000000004 570.50000000000011 0.0248896545 45.500000000000007 33.500000000000007 1.0000000180025095e-35 1.5000000000000002 10.500000000000002 390.50000000000006 8.5000000000000018 22.500000000000004 0.0019360232500000001 23.500000000000004 658.50000000000011 6667.5000000000009
decision_type=2 2 2 2 2 2 2 2 2 2 2 2 2 2 2 2
left_child=1 9 11 -4 5 -5 12 15 -7 10 -1 -2 -3 14 -14 -6
right_child=2 6 3 4 7 8 -8 -9 -10 -11 -12 -13 13 -15 -16 -17
leaf_value=-0.025513959814448338 -0.012790831496193122 0.0013027114217774578 0 0.023975005552344771 0.019906170212035466 0 0.0064009549195814712 0.015133972747864146 0.012603989774743871 -0.0020639943570600482 -0.003375024685997938 0.0024370775428458643 0 0 -0.018976241274572609 0.033590441099024759
leaf_weight=195.56156637705863 19.779116114601493 13.052093477919696 43.051849201321602 30.858523428440094 58.994688469916582 57.598405376076698 33.486770704388618 93.471354532986879 56.368031688034534 11.225564638152717 9.8238131608813983 20.556173345074058 11.387128215283154 14.899586346000431 44.987418834120035 55.053791999816895
leaf_count=9140 395 309 288 362 382 598 545 535 445 362 315 325 326 279 1127 251
internal_value=0.000406247 -0.0173433 0.0141052 0.0161622 0.0180846 0.0109197 -0.00522001 0.0226397 0.00639963 -0.0236028 -0.0246317 -0.00528646 -0.0101027 -0.0123365 -0.0153812 0.0277712
internal_weight=770.156 334.424 435.732 395.397 352.345 144.825 117.813 207.52 113.966 216.611 205.385 40.3353 84.3262 71.2741 56.3745 114.048
internal_count=15984 12403 3581 2861 2573 1405 2586 1168 1043 9817 9455 720 2041 1732 1453 633
is_linear=0
shrinkage=0.03


Tree=40
num_leaves=23
num_cat=0
split_feature=13 11 54 19 59 115 18 9 57 1 28 0 116 48 47 50 48 123 7 59 28 29
split_gain=195.652 32.8339 22.3295 20.3358 10.696 8.1115 6.33567 5.15338 4.7605 6.26383 3.90755 3.88598 3.6121 5.0184 3.84545 3.49957 2.53951 2.52386 1.24211 1.06516 0.559707 0.320802
threshold=9.5000000000000018 779.19000000000017 108.50000000000001 148.14917000000003 40.500000000000007 0.072512203000000011 84.90561000000001 263.15000000000003 1005.5000000000001 24.500000000000004 75.500000000000014 35.500000000000007 0.0027790650500000005 1089.6521500000001 635.69730000000015 31.500000000000004 683.64975000000015 1.5000000000000002 29.920000000000005 6.5000000000000009 44.500000000000007 374.50000000000006
decision_type=2 2 2 2 2 2 2 2 2 2 2 2 2 2 2 2 2 2 2 2 2 2
left_child=2 3 10 4 7 15 17 -2 9 -6 20 -9 13 14 -8 -5 -14 18 21 -12 -1 -4
right_child=1 -3 6 5 8 -7 12 11 -10 -11 19 -13 16 -15 -16 -17 -18 -19 -20 -21 -22 -23
leaf_value=-0.010917532303593522 0.0034866781987312654 0.026088882600686873 -0.00067529210717615713 0.02516748100489833 0 0.0049844489107190417 -0.00020424733299145975 -0.021463678872231457 -0.0031340466580008328 0.015404842569695196 -0.027817252271177057 -0.002199839167623088 -0.015188672983059552 -0.0074527720814760359 0.020832021577383335 0.010595500564763057 -0.00042953578949692317 -0.001752795393454186 -0.022880563250287714 -0.0053731172065403848 0 -0.01076353758137054
leaf_weight=7.9887836370617133 17.074576320126653 118.51605203747749 8.5559170581400412 62.695298202335835 39.762229859828949 52.69554004073143 12.120764791965486 23.325031423941255 34.201100245118141 54.09343096986413 140.0937574096024 18.872339561581612 20.370469275861979 17.710234463214874 11.4486878067255 39.771215505897999 22.147208048030734 13.048497054725884 30.492126610130072 6.3744967188686124 7.9573389664292336 10.900374777615069
leaf_count=304 414 573 327 511 527 440 376 462 246 388 7046 229 537 321 272 250 405 396 997 274 296 437
internal_value=0.000355972 0.0127084 -0.017922 0.00772626 0.000905371 0.0155822 -0.00883505 -0.00907873 0.00580682 0.00921034 -0.0255362 -0.0143117 -0.00289531 0.0030231 0.0113465 0.0204072 -0.00867055 -0.0157215 -0.0186061 -0.0271491 -0.00706135 -0.00798561
internal_weight=770.215 461.007 309.209 342.491 187.329 155.162 146.794 59.2719 128.057 93.8557 162.414 42.1974 83.7974 41.2797 23.5695 102.467 42.5177 62.9969 49.9484 146.468 15.9461 19.4563
internal_count=16028 4040 11988 3467 2266 1201 4068 1105 1161 915 7920 691 1911 969 648 761 942 2157 1761 7320 600 764
is_linear=0
shrinkage=0.03


Tree=41
num_leaves=20
num_cat=0
split_feature=54 10 13 7 7 129 122 114 37 10 58 11 52 7 8 118 46 42 57
split_gain=182.791 27.7146 11.0435 9.21652 8.63155 7.9895 6.54467 6.45253 6.09981 5.79838 5.13842 5.07809 4.61433 4.28542 3.47432 3.41959 3.54723 1.18545 0.177689
threshold=388.50000000000006 852.70000000000016 4.5000000000000009 3192.6700000000005 23439.605000000003 44.500000000000007 1.5000000000000002 0.052675328000000007 5.5000000000000009 69.750000000000014 58.500000000000007 27.250000000000004 20.500000000000004 1056.1450000000002 570.75000000000011 0.0087599785000000013 1773.0697500000003 99.500000000000014 57.500000000000007
decision_type=2 2 2 2 2 2 2 2 2 2 2 2 2 2 2 2 2 2 2
left_child=2 3 9 5 6 17 12 -5 14 18 -10 13 -3 -12 -7 16 -4 -2 -1
right_child=1 4 15 7 -6 8 -8 -9 10 -11 11 -13 -14 -15 -16 -17 -18 -19 -20
leaf_value=-0.025775922316748433 -0.0041330017594043726 0.0025827098358917047 0.0065523500245573962 0.017797489689830914 0.024820236294510998 -0.015256208495827418 0.019982152655120353 0.0010035097379251913 0.016298077583117042 -0.0015554205345931302 -0.0014889814476792428 -0.0063528879102101032 0.014575322223090412 0.016903777446344786 0.0023904096713941764 -0.015896127172282573 -0.010443603859588077 -0.018717942479182861 -0.0083087929869700809
leaf_weight=171.31210899539292 15.4757476542145 76.527283050119877 20.076118668541312 45.480827551335096 89.3496965020895 18.782827127724889 68.334570031613111 39.221982937306166 25.47901644743979 11.960900384932755 17.654079545289278 34.597244363278151 48.855414938181639 19.114698588848114 13.12668971903622 19.337225494906306 14.541858810931442 16.55487460270524 9.1343691125512105
leaf_count=8541 361 516 566 407 399 515 411 322 549 397 380 478 276 259 228 487 369 269 330
internal_value=0.000547385 0.0104994 -0.0205284 0.00295146 0.0168283 -0.00122752 0.0125349 0.0106776 0.00212767 -0.023902 0.00593147 0.00120919 0.00775043 0.00859249 -0.00825006 -0.00723681 -0.000625472 -0.0135858 -0.0252205
internal_weight=774.918 528.555 246.363 245.488 283.067 160.785 193.717 84.7028 128.755 192.407 96.845 71.366 125.383 36.7688 31.9095 53.9552 34.618 32.0306 180.446
internal_count=16060 5370 10690 3768 1602 3039 1203 729 2409 9268 1666 1117 792 639 743 1422 935 630 8871
is_linear=0
shrinkage=0.03


Tree=42
num_leaves=20
num_cat=0
split_feature=7 6 45 62 132 115 85 116 79 120 66 60 38 96 20 20 10 61 133
split_gain=181.343 38.3297 15.9245 13.1684 7.71739 8.04189 6.88385 6.56895 5.73104 5.99526 6.41029 4.09082 10.8702 3.39512 3.56951 2.13115 1.95864 0.742045 0.248645
threshold=403.80000000000001 6426.3400000000011 55.500000000000007 8.5000000000000018 57.500000000000007 0.063992690000000005 2.5000000000000004 0.0010460945000000002 12.500000000000002 1.0000000180025095e-35 7.5000000000000009 135.50000000000003 351.50000000000006 4.5000000000000009 16.655256500000004 122.43177050000001 69.750000000000014 6.5000000000000009 47.500000000000007
decision_type=2 2 2 2 2 2 2 2 2 2 2 2 2 2 2 2 2 2 2
left_child=6 2 7 4 5 -3 16 15 9 -9 -11 12 -5 14 -8 18 17 -1 -2
right_child=1 3 -4 11 -6 -7 13 8 -10 10 -12 -13 -14 -15 -16 -17 -18 -19 -20
leaf_value=-0.026909313420213011 -0.0064241147450456977 0.019829138476937319 0.016875231982868878 0.022904436772400592 -0.0028720016430347707 0.0015161607118461572 -0.0090961550919234496 -0.0067823978329046271 -0.0092571290821573792 0 0.020740556191026004 0.025951177181808002 0.0050544463622799974 -0.016644932363141705 0.011608832307201254 -0.0024855161055920083 -0.0084627172583838124 -0.005722948886746391 -0.018977443323601659
leaf_weight=161.25661000236869 13.569992791861294 47.315239153802395 30.887281510978937 70.173151098191738 42.876263525336981 41.50232370942831 12.471393471583726 23.273871967568994 37.985417673364282 26.589911824092269 21.40078592300415 79.660347416996956 62.35957209020853 20.970043955370784 8.1115527283400279 19.162647195160389 14.488704491406677 6.4648362770676604 27.092606943100691
leaf_count=8231 311 353 338 442 326 342 542 444 541 594 351 358 325 551 247 380 475 211 616
internal_value=-0.00022266 0.00911242 -0.00126036 0.0151186 0.00709886 0.0119687 -0.0226801 -0.00504915 -0.00039864 0.00442377 0.0102686 0.0197488 0.0151038 -0.00942973 0 -0.0126245 -0.0252892 -0.0263688 -0.0162788
internal_weight=767.613 543.849 199.963 343.887 131.694 88.8176 223.763 169.075 109.25 71.2646 47.9907 212.193 132.533 41.553 20.5829 59.8252 182.21 167.721 40.6626
internal_count=15978 5721 3575 2146 1021 695 10257 3237 1930 1389 945 1125 767 1340 789 1307 8917 8442 927
is_linear=0
shrinkage=0.03


Tree=43
num_leaves=19
num_cat=0
split_feature=8 11 18 61 1 59 43 44 89 103 31 27 27 10 12 19 142 27
split_gain=163.178 20.363 16.0457 15.5134 15.3858 8.1726 8.15805 11.1293 6.12297 4.78403 4.59451 4.11618 3.6123 3.59688 2.78154 2.13433 1.02525 0.192713
threshold=374.24000000000007 779.19000000000017 216.28208000000004 7.5000000000000009 11.500000000000002 22.500000000000004 66.500000000000014 145.50000000000003 2.5000000000000004 1.5000000000000002 1639.5000000000002 982.50000000000011 745.50000000000011 187.86000000000004 3.5000000000000004 238.63906500000004 1.0000000180025095e-35 1066.5000000000002
decision_type=2 2 2 2 2 2 2 2 2 2 2 2 2 2 2 2 2 2
left_child=3 2 5 8 -4 13 10 11 14 -5 -7 -8 -10 -2 -1 -3 -16 -6
right_child=1 15 4 9 17 6 7 -9 12 -11 -12 -13 -14 -15 16 -17 -18 -19
leaf_value=-0.026690424350314573 0 0.024795067391825187 -0.0011045150290641002 -0.008868743692518959 0.013980812785476159 0.021043094893574983 -0.013110459210739995 0.0097975467540925149 -0.014207366013982774 0.010455988456088552 0.0025502990598294806 0 0.0063881196833904469 -0.016433179596575309 -0.017057533124032152 0.013328109670981809 -0.0024686440935310114 0.023906366024807429
leaf_weight=145.24158027023077 23.219061946496367 60.931494355201721 42.239001059904695 23.838667394593358 49.153564289212227 26.755773440003395 41.278929114341736 55.075761694461107 10.403259767219426 14.011336168274282 25.414511330425739 41.856596849858761 9.9042362831532937 24.656755045056343 54.705856056883931 62.573584105819464 9.3931701276451331 48.180985249578953
leaf_count=7681 536 296 576 578 326 354 429 396 327 284 302 336 284 438 2032 309 358 283
internal_value=-0.00062392 0.00943401 0.00577637 -0.0193564 0.0136699 0.000904698 0.00377401 -5.88965e-05 -0.0222359 -0.000979707 0.0133077 -0.00694419 -0.00429239 -0.00949956 -0.0237658 0.0198467 -0.0154701 0.0199686
internal_weight=768.834 501.336 377.831 267.498 139.574 238.257 190.382 138.211 229.648 37.85 52.1703 83.1355 20.3075 47.8758 209.341 123.505 64.099 97.3345
internal_count=16125 4581 3976 11544 1185 2791 1817 1161 10682 862 656 765 611 974 10071 605 2390 609
is_linear=0
shrinkage=0.03


Tree=44
num_leaves=21
num_cat=0
split_feature=14 13 19 129 115 58 50 38 118 49 13 31 35 30 117 63 36 43 57 30
split_gain=161.01 25.4236 16.5107 11.925 9.80759 8.98406 8.39561 8.13084 7.45171 5.95287 5.71314 5.47016 4.31113 3.57464 3.27541 3.07881 1.43077 1.13492 1.04545 1.30563
threshold=2.5000000000000004 49.500000000000007 136.71538500000003 58.500000000000007 0.091729550000000007 23.500000000000004 45.500000000000007 122.50000000000001 0.0071994280000000008 2398.2987500000004 4.5000000000000009 879.50000000000011 83.500000000000014 1632.5000000000002 0.0030745598000000004 2.5000000000000004 19.500000000000004 29.500000000000004 85.500000000000014 3121.5000000000005
decision_type=2 2 2 2 2 2 2 2 2 2 2 2 2 2 2 2 2 2 2 2
left_child=5 2 8 6 7 10 -3 -4 9 11 18 -2 -9 -7 -15 16 -13 -10 19 -1
right_child=1 3 4 -5 -6 13 -8 12 17 -11 -12 15 -14 14 -16 -17 -18 -19 -20 -21
leaf_value=-0.026343225724401613 0.0083139112456168569 0.011008491714139219 0.023256161842168947 0.0053354527579261178 -0.0031039342143933733 0.0025722891884070349 0.027224103355346613 -2.30066984591403e-05 -0.021420907483326933 0.009430754456785621 -0.000530818537139296 -0.0047408797713189305 0.012673516979002398 0 -0.019026505365523496 -6.7185513834448367e-05 -0.020013803192306983 -0.0055565944207497412 -0.0040480029703257158 -0.00361896313982734
leaf_weight=154.51328575797379 16.664455566555262 61.200486600399017 46.203405087813735 65.045216869562864 38.109975351020694 16.051803575828671 93.456043615937233 39.351109521463513 15.343860326334836 34.787726102396846 10.39471731521189 17.121830221265554 48.727308508008718 12.46463445574045 20.972756367176771 24.338778849691153 16.984281327575445 15.024989744648336 5.7708832509815684 5.6308370511978856
leaf_count=8343 453 349 560 345 443 483 484 348 442 451 351 418 329 293 557 377 314 266 207 231
internal_value=0.000222655 0.00924186 0.00358351 0.0169686 0.00970664 -0.0207162 0.0214469 0.013431 -0.00391384 0 -0.0239223 -0.004765 0.00714337 -0.00787199 -0.0129585 -0.00909194 -0.0143166 -0.0158912 -0.0252416 -0.0257688
internal_weight=758.158 532.359 312.658 219.702 172.392 225.799 154.657 134.282 140.266 109.897 176.31 75.1093 88.0784 49.4892 33.4374 58.4449 34.1061 30.3689 165.915 160.144
internal_count=16044 5579 4401 1178 1680 10465 833 1237 2721 2013 9132 1562 677 1333 850 1109 732 708 8781 8574
is_linear=0
shrinkage=0.03


Tree=45
num_leaves=22
num_cat=0
split_feature=54 6 49 9 115 69 27 11 62 2 24 62 30 57 13 122 56 33 56 118 7
split_gain=147.568 23.0951 11.1215 8.78829 7.68205 8.82713 8.28986 9.42962 7.03012 5.67349 5.58002 5.11763 4.79696 4.08597 3.44394 2.4209 3.32431 2.19827 1.41465 1.6391 0.412776
threshold=388.50000000000006 27395.050000000003 339.13356000000005 287.44500000000005 0.039131064000000007 10.500000000000002 1089.5000000000002 169.69500000000002 25.500000000000004 2.5000000000000004 1558.5000000000002 12.500000000000002 3699.5000000000005 1005.5000000000001 6.5000000000000009 1.5000000000000002 13.500000000000002 189.50000000000003 130.50000000000003 0.011527473000000002 219.77000000000004
decision_type=2 2 2 2 2 2 2 2 2 2 2 2 2 2 2 2 2 2 2 2 2
left_child=3 2 9 14 13 6 7 11 -3 20 -11 12 -6 -4 15 18 -17 -5 19 -1 -2
right_child=1 8 4 17 5 -7 -8 -9 -10 10 -12 -13 -14 -15 -16 16 -18 -19 -20 -21 -22
leaf_value=-0.026525344246118243 -0.004856438018524826 0.011153914641273962 0.005221611691821078 -0.010944469961362054 -0.0074787888632937257 0.021062762166841935 0.015391802232120513 0.011908545051678404 0.02578532660179533 0.0098028621736943201 -0.0062307089250186543 -0.015471986753062253 0.0096207125895638873 -0.0086664366810776626 -0.006595646586395284 -0.016708172671796133 0.0040937250679622316 0.0030463012786676553 -0.0044836609890686182 -0.0060821223546675459 -0.019218273272525583
leaf_weight=146.73960712738335 10.699710082262756 85.250499777495861 33.959635492414236 13.469934184104206 26.11796304397285 47.063097238540649 54.698897801339626 42.422330986708403 65.366795927286148 27.871114175766706 43.016472904011607 22.471728552132845 22.927177524194121 31.684173872694373 19.016806807368994 11.392710737884046 7.5739773567765942 16.260685324668884 7.0720086004585019 9.149955051019786 13.801833409816025
leaf_count=7962 370 435 400 330 466 350 491 369 277 454 593 232 318 229 567 594 314 340 243 413 322
internal_value=-0.000281991 0.00844962 0.00431476 -0.0200629 0.00730455 0.00999591 0.00630344 0.00135063 0.0182247 -0.00427864 0.000106135 -0.00508499 0.000387725 -0.00140832 -0.0222921 -0.0236323 -0.00865442 -0.00352361 -0.0249767 -0.025645 -0.015341
internal_weight=758.027 527.351 376.734 230.676 281.345 215.701 168.638 113.939 150.617 95.3891 70.8876 71.5169 49.0451 65.6438 200.945 181.928 18.9667 29.7306 162.962 155.89 24.5015
internal_count=16069 5306 4594 10763 2855 2226 1876 1385 712 1739 1047 1016 784 629 10093 9526 908 670 8618 8375 692
is_linear=0
shrinkage=0.03


Tree=46
num_leaves=23
num_cat=0
split_feature=58 15 18 19 8 50 115 115 10 120 7 62 32 103 58 19 9 19 35 115 61 118
split_gain=147.982 20.7221 15.7241 14.6766 14.2149 7.76485 7.29782 4.15419 3.98626 10.0016 4.94666 3.74702 3.63964 3.54999 5.10598 3.42767 3.66626 3.57655 1.99006 1.44862 1.1933 1.16258
threshold=27.500000000000004 24.500000000000004 241.09007500000004 512.82915000000014 125.19500000000001 315.50000000000006 0.039131064000000007 0.07089034750000002 144.85000000000005 1.0000000180025095e-35 553.75000000000011 9.5000000000000018 717.50000000000011 2.5000000000000004 73.500000000000014 128.00857000000005 154.35000000000002 280.61166500000007 73.500000000000014 0.073704750000000013 5.5000000000000009 0.011527473000000002
decision_type=2 2 2 2 2 2 2 2 2 2 2 2 2 2 2 2 2 2 2 2 2 2
left_child=4 2 5 11 12 8 -3 -8 9 -2 19 -4 20 14 -10 16 -6 -17 -16 -11 21 -1
right_child=1 6 3 -5 15 -7 7 -9 13 10 -12 -13 -14 -15 18 17 -18 -19 -20 -21 -22 -23
leaf_value=-0.02745682346865061 0.017790143427007955 0.006803991183461023 0.0096281636071223163 -0.0021877125699442963 0 0.01529170171077157 0.026996056129872513 0.013313037780477169 0.0006418159230362142 -0.00086969923125844993 0.0047334033446154687 0.025277567135451002 -0.0034255456119844088 0.00050244737961725608 -0.019676883077011854 0.0075740556298459745 -0.020154245302122509 -0.010252125523446553 -0.0055679061232795793 -0.016584864116922039 -0.0042200354013179784 -0.004855470079703327
leaf_weight=136.21743543259799 22.554253602400422 59.249160762876272 37.45716930180788 38.464099239557981 11.416582174599172 20.1660399697721 60.919607948511839 66.279384881258011 28.56878617964685 10.505405806005003 24.82335320673883 46.581925965845585 9.9272300563752633 51.695221371948719 27.651837885379791 19.35357618145645 18.62793137319386 12.333178374916313 25.144928235560656 17.037909977138042 5.8535028062760821 6.1733740270137778
leaf_count=7795 471 305 422 263 415 231 302 347 515 285 423 297 397 506 358 543 558 226 263 513 221 299
internal_value=0.000201482 0.00870715 0.00424426 0.0126865 -0.0202381 -0.000399267 0.0166921 0.0207529 -0.00231438 0.00297018 -0.00414552 0.0194033 -0.024965 -0.00539834 -0.0091331 -0.00693888 -0.0134056 0 -0.0142799 -0.0121064 -0.0261506 -0.0267767
internal_weight=757.002 537.099 350.651 122.503 219.903 228.148 186.448 127.199 207.982 74.9209 52.3667 84.0391 158.172 133.061 81.3656 61.7313 30.0445 31.6868 52.7968 27.5433 148.244 142.391
internal_count=15955 5501 4547 982 10454 3565 954 649 3334 1692 1221 719 8712 1642 1136 1742 973 769 621 798 8315 8094
is_linear=0
shrinkage=0.03


Tree=47
num_leaves=20
num_cat=0
split_feature=7 6 89 56 53 62 33 115 11 54 38 118 20 32 26 9 60 60 8
split_gain=145.454 25.9942 14.6773 11.0233 8.7163 9.07935 10.0642 6.16753 5.42643 14.5927 4.79125 4.45303 4.43919 2.83229 4.39895 2.79078 1.01876 1.64065 0.0942051
threshold=575.15000000000009 6873.5950000000012 2.5000000000000004 2096.5000000000005 63.500000000000007 24.500000000000004 842.50000000000011 0.082460515000000012 29.920000000000005 1023.5000000000001 290.50000000000006 0.0010376404000000002 78.711875000000006 545.50000000000011 1.5000000000000002 69.810000000000016 10.500000000000002 1.0000000180025095e-35 115.64000000000001
decision_type=2 2 2 2 2 2 2 2 2 2 2 2 2 2 2 2 2 2 2
left_child=2 3 15 8 5 6 7 10 9 13 -3 -4 -10 14 -2 18 17 -17 -1
right_child=1 4 11 -5 -6 -7 -8 -9 12 -11 -12 -13 -14 -15 -16 16 -18 -19 -20
leaf_value=-0.025367578346467603 0.0080272675730856981 0.020448430599074408 -0.0099789404608956345 0.01784791265907637 0.024170997639874989 0.019054204482787648 -0.0048410489750429142 0.00054885661212684348 -0.000127240247103963 0.014341125493208902 0.006236172474108178 0.0090740210513906624 -0.015640555342586283 -0.014187684538007086 -0.012296606224757554 -0.0019205931282974607 -0.0013051656725277143 -0.019710500560817613 -0.0069605875525972621
leaf_weight=148.21481520682573 16.813945677131418 55.214512560516596 18.587449107319117 21.519665881991386 60.997764300554991 86.46980506926775 44.798469930887222 42.13966054096818 31.17483739182353 40.823781330138445 48.708301417529583 15.511999621987341 36.386629480868578 27.172930324450135 11.953046673908828 10.209587514400484 10.685710867866872 15.491581775248049 7.1140541043132535
leaf_count=8401 414 440 556 186 291 404 256 330 429 573 301 368 506 588 346 434 263 567 292
internal_value=0.000210664 0.00889669 -0.0196427 -5.89245e-05 0.0137889 0.0110647 0.00697445 0.0107379 -0.00295034 0.00149706 0.0145169 -0.000876008 -0.009191 -0.00803772 -0.000543684 -0.0227973 -0.0116845 -0.0145959 -0.0248615
internal_weight=749.989 524.173 225.815 185.845 338.329 277.331 190.861 146.062 164.325 96.7637 103.923 34.0994 67.5615 55.9399 28.767 191.716 36.3869 25.7012 155.329
internal_count=15945 5064 10881 3042 2022 1731 1327 1071 2856 1921 741 924 935 1348 760 9957 1264 1001 8693
is_linear=0
shrinkage=0.03


Tree=48
num_leaves=22
num_cat=0
split_feature=54 6 62 8 42 68 85 6 6 115 49 50 9 36 32 86 56 32 13 94 84
split_gain=133.514 18.8024 13.1208 12.3084 9.24641 13.1697 7.88288 7.19725 7.31155 6.80563 6.14267 5.63931 5.60431 6.05985 4.72138 3.581 3.32159 2.09709 1.37457 1.34561 0.677188
threshold=364.50000000000006 2499.4950000000003 45.500000000000007 115.64000000000001 246.50000000000003 31.500000000000004 2.5000000000000004 1254.2250000000001 641.75000000000011 0.087734055000000019 669.93632500000012 42.500000000000007 1699.9450000000004 23.500000000000004 682.50000000000011 6.5000000000000009 125.50000000000001 682.50000000000011 8.5000000000000018 12.500000000000002 5.5000000000000009
decision_type=2 2 2 2 2 2 2 2 2 2 2 2 2 2 2 2 2 2 2 2 2
left_child=3 6 4 14 9 11 18 8 -8 12 15 -6 13 -3 16 -5 20 -17 19 -2 -1
right_child=1 2 -4 10 5 -7 7 -9 -10 -11 -12 -13 -14 -15 -16 17 -18 -19 -20 -21 -22
leaf_value=-0.02725760340230747 -0.004479487476773107 0.016684173401738066 0.023735441860406822 0 0.0053229404050076255 0.014680128616915113 -0.00071604202465705327 -0.0073303748636333555 0.02409630784713265 0.0035371275828492239 0.0096206192170002133 -0.0067001576336199126 0.022471040850199828 -0.0013311703397664463 -0.0018304349974593861 -0.020569696965617914 0 -0.002316743366831903 -0.001708984816289022 -0.021532738931050358 -0.0062738362872849108
leaf_weight=128.67992905527353 12.632596537470819 30.510776780545712 58.489888906478882 14.965076670050619 54.92419183626771 60.458443656563759 19.184109337627888 26.972932912409306 15.730793578550218 54.71957379207015 10.784177122637628 78.357682298868895 72.640947382897139 27.922956312075257 10.148532897233961 24.805901190266013 5.2079277932643881 11.16922667250037 11.748927494511006 15.643621496856211 6.8300198335200539
leaf_count=7722 394 406 264 527 401 294 484 428 296 528 253 487 466 299 421 753 199 288 241 441 357
internal_value=0.000148405 0.00809934 0.0107848 -0.0196985 0.00846725 0.00362987 -0.00326693 0.00325687 0.0117054 0.0132056 -0.0072635 -0.00162376 0.0168534 0.00841259 -0.0242936 -0.0116465 -0.0256923 -0.016243 -0.0129288 -0.0161827 -0.0265676
internal_weight=752.528 539.937 438.024 212.591 379.535 193.74 101.913 61.8878 34.9149 185.794 61.7244 133.282 131.075 58.4337 150.866 50.9402 140.718 35.9751 40.0251 28.2762 135.51
internal_count=15949 5429 3145 10520 2881 1182 2284 1208 780 1699 1821 888 1171 705 8699 1568 8278 1041 1076 835 8079
is_linear=0
shrinkage=0.03


Tree=49
num_leaves=22
num_cat=0
split_feature=12 54 58 127 116 33 116 49 44 33 118 115 15 7 16 94 33 85 59 117 59
split_gain=143.664 28.4069 12.0987 8.45675 8.43215 8.19754 8.28002 7.59163 7.34749 6.05458 6.01346 5.76365 6.40707 3.95942 3.08027 2.74114 2.35581 1.5152 0.95198 0.373304 0.00240186
threshold=6.5000000000000009 397.50000000000006 724.50000000000011 43.500000000000007 0.0036245021000000004 974.50000000000011 0.012124553000000001 504.78223500000007 13.500000000000002 521.50000000000011 0.0020916856000000005 0.048119645500000009 20.500000000000004 1297.2400000000002 5.5000000000000009 10.500000000000002 295.50000000000006 2.5000000000000004 27.500000000000004 0.025428039000000003 4.5000000000000009
decision_type=2 2 2 2 2 2 2 2 2 2 2 2 2 2 2 2 2 2 2 2 2
left_child=10 13 3 5 9 6 7 8 -3 -5 17 -9 14 16 -13 19 -2 -1 20 -12 -19
right_child=1 2 -4 4 -6 -7 -8 11 -10 -11 15 12 -14 -15 -16 -17 -18 18 -20 -21 -22
leaf_value=-0.025810983136643151 -0.019326278656705463 0.015939893892283234 0.02235221698823104 -0.011771711602101253 0.013481438028174442 0 -0.00049584741009651057 0.028227202280570608 -0.002223831493436627 0.0035194813049380753 -0.016514671416051886 0.01200401248920957 0.022880406793939156 0 0 0.0044582841691935245 -0.00093831147707279094 -0.0042705001871946296 -0.0012808256894820357 -0.0032460381414145421 -0.018737652458362567
leaf_weight=130.77538857702166 27.824561426416039 31.529723381623626 69.556919641792774 37.244256854057312 32.701402816921473 49.407636150717735 31.884441368281841 47.053130615502596 39.441580174490809 46.050848728045821 8.783995566889649 42.894555393606424 42.004975203424692 24.346373530104756 29.409407220780849 9.0396343115717155 10.599689312279223 7.077391259372237 9.5150846038013679 9.8409355077892524 8.8894891105592233
leaf_count=7695 1088 494 324 419 316 345 327 365 504 335 331 511 231 462 244 277 333 387 206 428 326
internal_value=0.000895877 0.00845901 0.0108674 0.00873774 0.0015757 0.0112733 0.0133347 0.0152664 0.00616614 -0.00342731 -0.0217452 0.0188732 0.0138755 -0.00986115 0.00730855 -0.00652755 -0.0152913 -0.0240604 -0.0118242 -0.0123096 -0.0155881
internal_weight=745.871 561.95 499.179 429.622 115.997 313.625 264.218 232.333 70.9713 83.2951 183.922 161.362 114.309 62.7706 72.304 27.6646 38.4243 156.257 25.482 18.6249 15.9669
internal_count=15948 6298 4415 4091 1070 3021 2676 2349 998 754 9650 1351 986 1883 755 1036 1421 8614 919 759 713
is_linear=0
shrinkage=0.03


Tree=50
num_leaves=21
num_cat=0
split_feature=14 10 118 38 115 115 54 6 34 16 42 34 3 42 19 33 28 0 85 55
split_gain=130.486 17.7102 16.1455 10.339 9.51369 6.87771 4.38519 4.05766 6.72729 9.07821 6.27634 7.35014 3.44612 6.5682 3.21576 3.12285 0.893433 0.91842 0.759864 0.480649
threshold=2.5000000000000004 712.8850000000001 0.0081716120000000017 110.50000000000001 0.085145782500000003 0.029601644500000003 769.00000000000011 2954.9300000000007 119.50000000000001 1.5000000000000002 189.50000000000003 54.500000000000007 16.500000000000004 243.50000000000003 92.682410000000019 420.50000000000006 20.500000000000004 10.500000000000002 2.5000000000000004 68.500000000000014
decision_type=2 2 2 2 2 2 2 2 2 2 2 2 2 2 2 2 2 2 2 2
left_child=3 2 7 15 5 -3 -5 10 9 -9 11 14 13 -7 -2 16 -1 19 -4 -18
right_child=1 4 18 6 -6 12 -8 8 -10 -11 -12 -13 -14 -15 -16 -17 17 -19 -20 -21
leaf_value=-0.0034484409295773809 -0.0034003692538773526 0.0054548532791016749 -0.021234078583084941 -0.011360311337158752 0.0028155372300489741 0.020349561795881391 0.010079641363104647 0.0013076872168621837 0.0010139185606006147 0.025279381868922268 0.011482768493468867 -0.014588906691559617 0.024049614798159487 0.0042980605060987699 0.015035984964709863 -0.0032251413069583263 -0.026542912149579823 -0.0052086379448478565 -0.0062349559135714879 -0.01474446152190364
leaf_weight=5.5161040723323813 13.049474028870465 56.525525860488415 17.539701966568828 12.873467970639469 74.444188382476568 51.926881648600101 11.327395681291817 27.052058244124055 63.597515121102333 30.393436808139086 22.273014457896352 31.425829727202654 75.660689100623131 48.875795975327492 10.95842090807855 10.704327823594211 120.09330711513758 7.363348768092691 14.321360390633346 33.342105294577777
leaf_count=203 416 303 486 523 478 366 245 365 575 340 361 685 339 280 268 319 7516 248 253 1329
internal_value=0.000243376 0.00797651 0.00155954 -0.0200536 0.01264 0.0155909 -0.000803876 0.00489092 0.00822093 0.0152395 -0.000298254 -0.00583842 0.0185153 0.0132794 0.00563901 -0.0225085 -0.0235317 -0.0240054 -0.0166592 -0.02462
internal_weight=739.264 538.044 230.611 201.22 307.433 232.989 24.2009 198.75 121.043 57.4455 77.7067 55.4337 176.463 100.803 24.0079 177.019 166.315 160.799 31.8611 153.435
internal_count=15898 5515 3749 10383 1766 1288 768 3010 1280 705 1730 1369 985 646 684 9615 9296 9093 739 8845
is_linear=0
shrinkage=0.03


Tree=51
num_leaves=23
num_cat=0
split_feature=54 9 0 0 133 24 27 10 10 115 29 54 118 35 13 11 8 117 49 6 118 6
split_gain=122.383 21.8412 11.4629 9.06297 7.93883 10.6206 10.1751 8.8661 5.75749 5.54769 5.49112 5.31051 5.06719 4.57034 4.19753 4.09189 3.92121 2.75939 2.10571 1.74158 0.839218 0.808713
threshold=364.50000000000006 4674.2000000000007 29.500000000000004 5.5000000000000009 48.500000000000007 1998.5000000000002 864.50000000000011 729.57000000000005 178.27500000000001 0.069541715000000018 1.5000000000000002 83.500000000000014 0.0018890201500000004 90.500000000000014 3.5000000000000004 9.8500000000000032 138.85000000000005 0.03396406200000001 1014.12782 191.39500000000001 0.020017422000000003 69.845000000000013
decision_type=2 2 2 2 2 2 2 2 2 2 2 2 2 2 2 2 2 2 2 2 2 2
left_child=2 3 11 14 5 6 7 8 -5 -8 -3 16 -6 15 -2 -7 20 18 19 21 -1 -13
right_child=1 10 -4 4 12 13 9 -9 -10 -11 -12 17 -14 -15 -16 -17 -18 -19 -20 -21 -22 -23
leaf_value=-0.027252777437523339 -0.015972869840751098 0.021175144764938175 0.0099253393326612857 0.0071288530135043453 -0.0081502461008251224 0.0026943158822572378 0.028322611294611558 0.016321662641795492 -0.011864241984831363 0.0097436991995259199 0.009034348289705443 -0.0090111669852653703 0.0047180162169605314 0.0080608616325145901 0.003241662297282242 -0.012440660287630812 -0.0061686714934458091 0 0 -0.020428893771223495 -0.0036299734101397515 0.001397219281116516
leaf_weight=102.90794221870601 23.881136898882687 102.9976375028491 8.3555622752755863 20.813446396961808 49.535262938588858 25.63880137167871 38.063963776454329 28.486473754048347 26.767883645370603 38.888146815821528 74.627297893166542 11.12433351762593 49.752405595034361 31.844054028391838 11.843473071232436 28.469423964619637 15.159771196544169 13.414058475755153 7.7045789472758761 36.185309980995953 4.5620081294327965 5.8646006016060701
leaf_count=6843 714 448 148 395 581 355 357 211 342 421 358 614 552 246 240 275 573 458 257 1286 234 298
internal_value=0.000618331 0.00799939 -0.0188628 0.00373706 0.00531085 0.00823518 0.0128527 0.00436269 -0.00338298 0.020284 0.0165434 -0.0203741 -0.00164116 -7.51636e-05 -0.0096186 -0.00539402 -0.024523 -0.0122222 -0.0147477 -0.0166996 -0.0265893 -0.00523531
internal_weight=756.888 551.609 205.278 373.984 338.26 238.972 153.02 76.0678 47.5813 76.9521 177.625 196.923 99.2877 85.9523 35.7246 54.1082 122.63 74.2929 60.8788 53.1742 107.47 16.9889
internal_count=16206 5495 10711 4689 3735 2602 1726 948 737 778 806 10563 1133 876 954 630 7650 2913 2455 2198 7077 912
is_linear=0
shrinkage=0.03


Tree=52
num_leaves=22
num_cat=0
split_feature=7 63 52 55 27 68 0 50 118 106 118 79 28 21 48 46 28 118 42 79 7
split_gain=107.358 21.2666 12.4206 9.54358 7.21607 7.38553 6.67362 12.9565 7.50713 5.79089 5.54292 5.91646 4.09723 4.5597 3.59462 7.57104 2.59546 2.53135 1.68111 1.37078 1.14858
threshold=403.80000000000001 5.5000000000000009 218.50000000000003 68.500000000000014 1217.5000000000002 9.5000000000000018 29.500000000000004 11.500000000000002 0.0030745598000000004 7.5000000000000009 0.0071994280000000008 11.500000000000002 69.500000000000014 1513.5000000000002 700.18142000000012 6540.3960000000015 16.500000000000004 0.0045777070000000012 14.500000000000002 10.500000000000002 834.49500000000012
decision_type=2 2 2 2 2 2 2 2 2 2 2 2 2 2 2 2 2 2 2 2 2
left_child=3 2 6 17 5 9 10 -8 -9 -3 11 12 13 -2 18 -16 -13 19 -5 -1 -14
right_child=1 4 -4 14 -6 -7 7 8 -10 -11 -12 16 20 -15 15 -17 -18 -19 -20 -21 -22
leaf_value=-0.026802362862538176 0.017433938016560086 0.0098272825083987429 0.016688616874568848 -0.00025010357376936031 0.022119287846869739 0.01559475696294502 0.015804191670595359 -0.010062791490686762 0.0056509798538222095 -0.0054778277983256046 -0.016853730423215196 -0.00027376856433220144 0 3.6786588952896106e-05 0.012424325077326367 -0.01299457695899205 -0.014155081808058396 -0.0057439837276975726 -0.018663929602964511 -0.0037176228688781347 -0.011614977982855598
leaf_weight=106.19327450823039 19.616074008867145 40.46901448071003 37.698290849104524 7.4439797047525671 63.219290092587471 79.563479900360107 48.577533800154924 50.465386878699064 48.332213345915079 37.868583753705025 24.067396463826299 21.74794926866889 10.188118058256807 34.159615851938725 14.752900053746997 17.451807773672044 31.829994224011898 11.388125646859406 23.622952077537775 5.7195558641105881 11.099592080339788
leaf_count=7170 375 392 237 383 320 415 489 358 363 246 559 259 360 577 454 483 508 560 931 329 266
internal_value=-0.000195258 0.00637762 0.00153636 -0.019616 0.0135093 0.00939685 -0.000560303 0.00387197 -0.00232912 0.002364 -0.00492003 -0.0020281 0.00321766 0.00758129 -0.00876886 -0.00084224 -0.00928087 -0.0245067 -0.015314 -0.0259603 -0.00658022
internal_weight=745.475 558.903 337.782 186.573 221.12 157.901 300.084 147.375 98.7976 78.3376 152.709 128.641 75.0634 53.7757 63.2716 32.2047 53.5779 123.301 31.0669 111.913 21.2877
internal_count=16034 5724 4351 10310 1373 1053 4114 1210 721 638 2904 2345 1578 952 2251 937 767 8059 1314 7499 626
is_linear=0
shrinkage=0.03


Tree=53
num_leaves=24
num_cat=0
split_feature=12 53 62 131 54 33 53 69 50 50 49 31 121 12 33 28 22 49 28 66 62 57 55
split_gain=102.507 23.5466 19.8021 12.0778 12.7431 8.10841 7.03519 6.25786 5.42841 9.63515 7.17875 6.12099 3.94714 3.76067 3.76059 3.1735 2.3977 1.99347 1.68535 1.37874 1.35306 1.16634 0.441392
threshold=5.5000000000000009 306.50000000000006 26.500000000000004 47.500000000000007 350.50000000000006 974.50000000000011 8.5000000000000018 3.5000000000000004 13.500000000000002 29.500000000000004 267.93145000000004 1435.5000000000002 1.5000000000000002 88.500000000000014 363.50000000000006 119.50000000000001 4.5000000000000009 109.36407200000001 67.500000000000014 9.5000000000000018 1.0000000180025095e-35 118.50000000000001 283.50000000000006
decision_type=2 2 2 2 2 2 2 2 2 2 2 2 2 2 2 2 2 2 2 2 2 2 2
left_child=7 2 3 4 14 8 12 15 10 -10 11 -6 17 -11 16 18 -2 -5 20 -12 -1 22 -17
right_child=1 -3 -4 6 5 -7 -8 -9 9 13 19 -13 -14 -15 -16 21 -18 -19 -20 -21 -22 -23 -24
leaf_value=-0.0025550348807808518 -0.018488045507152242 0.030533610370423864 0.015626881406345487 -0.0030344321892155088 0.013675569187892379 -0.0052679029179933156 0.0030769698416859502 0.003716849928088975 -0.0078955115504228419 0.0022577704882106894 0.025700321227626603 -0.0067019940405913013 0.00022975805317612379 0.016194859835893721 0.0043438803520667443 -0.025459130345686438 0 -0.01674587026319508 0 0.012563453765198816 -0.02017755238232731 -0.0029950595368238297 -0.0039929976195481488
leaf_weight=10.503544300794607 22.488657577894628 29.041840802878141 111.66470090299845 18.193664046004415 20.638765651732683 33.948299940675497 50.373964071273804 6.6774277733638874 34.369502486661077 36.743025202304125 30.655202087014914 22.033580966293812 21.344800992868841 38.902011748403311 9.7701792493462545 111.90826143790036 10.070046551525591 49.460351869463921 10.698579939082263 43.983351925387979 10.388354347087441 5.3179935757070771 4.6267086882144204
leaf_count=453 741 160 574 493 370 256 370 167 337 409 402 339 317 221 244 7480 388 665 504 431 330 164 159
internal_value=0.000297701 0.00617444 0.00461075 0.00165691 0.00501675 0.00753139 -0.00547838 -0.020572 0.00957961 0.00429851 0.0140314 0.00323974 -0.0103864 0.0101709 -0.00934374 -0.0218075 -0.013882 -0.0137276 -0.00996264 0.0194221 -0.0141014 -0.0242464 -0.0249296
internal_weight=743.803 583.682 554.64 442.975 303.603 261.274 139.373 160.121 227.325 110.015 117.311 42.6723 88.9988 75.645 42.3289 153.443 32.5587 67.654 31.5905 74.6386 20.8919 121.853 116.535
internal_count=15974 6717 6557 5983 4138 2765 1845 9257 2509 967 1542 709 1475 630 1373 9090 1129 1158 1287 833 783 7803 7639
is_linear=0
shrinkage=0.03


Tree=54
num_leaves=23
num_cat=0
split_feature=54 8 6 129 106 122 41 49 94 13 32 63 86 115 94 54 57 32 6 28 19 34
split_gain=94.7948 13.6071 13.4817 8.07311 11.5978 7.41314 11.8875 6.77146 8.78686 7.11572 6.16388 5.95713 4.36065 3.94665 3.68324 3.53943 2.26661 1.87562 1.68963 1.64596 1.14742 0.648798
threshold=406.50000000000006 115.64000000000001 33946.080000000009 58.500000000000007 18.500000000000004 2.5000000000000004 25.500000000000004 339.13356000000005 19.500000000000004 15.500000000000002 848.50000000000011 3.5000000000000004 10.500000000000002 0.069059800000000018 6.5000000000000009 1047.5000000000002 67.500000000000014 390.50000000000006 543.86500000000012 50.500000000000007 133.29250000000002 51.500000000000007
decision_type=2 2 2 2 2 2 2 2 2 2 2 2 2 2 2 2 2 2 2 2 2 2
left_child=1 12 3 4 5 6 7 9 -9 15 -5 -8 16 17 -15 19 -1 -3 21 -2 -16 -14
right_child=2 13 -4 10 -6 -7 11 8 -10 -11 -12 -13 18 14 20 -17 -18 -19 -20 -21 -22 -23
leaf_value=-0.026082105036471855 -0.020284589728752949 -0.0034301652908479965 0.014847903191533143 -0.014386483034215572 0.019476583483139843 0.015080731042978199 0.0013465831387212226 0.024131063301988154 0.0033451643314982979 0.01011757950735331 0.0014320563047853715 -0.012224456772567305 -0.015711074352936852 0.0018285017671797548 -0.019433245165842869 0.0023635668306588573 -0.00026636697160491201 0.010951273352213979 0.0030170176851486586 -0.002438867079747093 -0.003770724116271865 -0.00070087712644324187
leaf_weight=108.56813481729478 12.766638202592732 10.850712580606343 127.31240704655647 28.911894492805004 43.728650078177452 37.340487523004413 49.800042321905494 30.384477786719799 46.104006361216307 29.711384996771812 57.764277949929237 57.042190888896585 8.3102014446631092 12.911143819801508 19.63465823605657 14.748170798644422 4.4629990411922327 10.999011183157561 6.1987539120018473 11.323648266494272 11.861535327509044 6.6155918026342979
leaf_count=7521 288 385 580 455 247 394 578 443 468 318 498 441 472 441 592 274 187 286 252 340 274 319
internal_value=-1.96693e-05 -0.0174371 0.00643552 0.00370314 0.00583058 0.00342047 0.00137359 0.00691482 0.0127603 0 -0.00417765 -0.00598736 -0.0228384 -0.00545521 -0.0103135 -0.00806424 -0.0252443 0.0039419 -0.00702297 -0.0142728 -0.0152704 -0.0116562
internal_weight=747.351 200.413 546.938 419.626 332.95 289.221 251.881 145.038 76.4885 68.5498 86.6762 106.842 134.156 66.2571 44.4073 38.8385 113.031 21.8497 21.1245 24.0903 31.4962 14.9258
internal_count=16053 10729 5324 4744 3791 3544 3150 2131 911 1220 953 1019 8751 1978 1307 902 7708 671 1043 628 866 791
is_linear=0
shrinkage=0.03


Tree=55
num_leaves=25
num_cat=0
split_feature=54 19 93 28 1 42 49 30 61 32 12 68 66 95 49 29 56 7 35 62 28 114 12 20
split_gain=99.7134 14.2403 16.2622 12.0358 7.46134 8.10825 8.54387 6.61122 8.64687 6.12632 4.68208 4.53893 3.86053 3.83121 2.59203 2.73871 1.79372 1.59038 1.50455 1.49361 1.30512 1.06861 0.565204 0.517285
threshold=364.50000000000006 148.14917000000003 2.5000000000000004 125.50000000000001 40.500000000000007 243.50000000000003 359.33513000000005 4176.5000000000009 5.5000000000000009 518.50000000000011 34.500000000000007 17.500000000000004 14.500000000000002 6.5000000000000009 948.87205000000006 49.500000000000007 130.50000000000003 459.19500000000011 12.500000000000002 13.500000000000002 86.500000000000014 0.033238125000000007 5.5000000000000009 55.007500000000007
decision_type=2 2 2 2 2 2 2 2 2 2 2 2 2 2 2 2 2 2 2 2 2 2 2 2
left_child=3 2 7 10 5 6 -3 8 13 -10 14 19 -8 -2 15 17 22 18 -1 21 -17 -9 -5 -15
right_child=1 4 -4 16 -6 -7 12 11 9 -11 -12 -13 -14 23 -16 20 -18 -19 -20 -21 -22 -23 -24 -25
leaf_value=-0.012257681805854121 0.0041873223590196199 0.0017162912385591828 0.014991192986905686 -0.025517811091139483 0.019698149536048426 2.8263200202875674e-05 0.02405661560201524 -0.00033243211233138699 -0.0022967570753710041 0.015995347305865184 0.0072704446347773653 0.0021233877903969996 0.0084309878855305213 -0.0042572981548245547 0.0025617266767052806 0.0062628694148881671 -0.00080390696149746786 -0.022288477253024356 0.0014005082301427321 -0.017479734404939429 -0.0075560912528873734 -0.010167612203655934 -0.0069233022929985986 -0.016429125417454487
leaf_weight=10.675788450054826 14.9608794208616 46.334331167861819 61.548595655709505 101.97003841865808 78.987433597445488 72.71318081766367 46.148440983146429 20.715544272214174 21.665138483047485 41.843774633482099 11.533802798017858 27.178814571350813 36.101635631173849 14.361050024628641 8.0549849355593306 6.8287511961534602 4.6206193417310706 20.635946568101645 8.6287702191621047 24.646106887608767 7.4709135508164763 24.01176667585969 8.3850746313109976 14.875660723075269
leaf_count=542 440 566 397 7278 342 450 436 354 338 556 216 167 247 356 258 291 179 598 357 211 390 307 427 261
internal_value=0.000658991 0.00718314 0.00207488 -0.0178323 0.0118537 0.00830008 0.0126893 -0.00201067 0.00295153 0.00982411 -0.0073697 -0.00756662 0.0182462 -0.0066138 -0.010642 -0.0129067 -0.0238385 -0.0165652 -0.00650337 -0.0114521 -0.000266815 -0.00640552 -0.0245963 -0.0123834
internal_weight=734.897 546.092 265.807 188.805 280.285 201.298 128.584 204.259 107.707 63.5089 73.829 96.5522 82.2501 44.1976 62.2952 54.2402 114.976 39.9405 19.3046 69.3734 14.2997 44.7273 110.355 29.2367
internal_count=15964 5428 3387 10536 2041 1699 1249 2990 1951 894 2652 1039 683 1057 2436 2178 7884 1497 899 872 681 661 7705 617
is_linear=0
shrinkage=0.03


Tree=56
num_leaves=24
num_cat=0
split_feature=58 56 54 131 131 122 18 19 21 29 31 118 28 6 46 82 122 28 28 99 55 59 18
split_gain=97.6777 16.6436 11.4205 10.6278 8.14034 9.22781 6.95331 6.54197 5.01494 4.58401 6.46051 4.62027 3.93161 3.83995 2.75653 4.82587 2.6984 2.31735 2.53193 1.95499 2.80961 1.13097 0.0260589
threshold=27.500000000000004 618.50000000000011 93.500000000000014 81.500000000000014 45.500000000000007 1.5000000000000002 241.09007500000004 205.59524500000003 2247.5000000000005 3.5000000000000004 1850.5000000000002 0.0024218941000000004 19.500000000000004 736.45000000000016 1190.8276000000003 14.500000000000002 1.5000000000000002 82.500000000000014 50.500000000000007 2.5000000000000004 86.500000000000014 5.5000000000000009 173.49286000000004
decision_type=2 2 2 2 2 2 2 2 2 2 2 2 2 2 2 2 2 2 2 2 2 2 2
left_child=2 7 17 4 -3 6 -6 8 9 10 -2 13 -9 -11 15 19 22 18 -1 20 -4 -19 -16
right_child=1 3 14 -5 5 -7 -8 12 -10 11 -12 -13 -14 -15 16 -17 -18 21 -20 -21 -22 -23 -24
leaf_value=-0.016002208191305128 0.011008525818369969 0.0030977418059084418 -0.0097007647474990719 0.00016979888988720023 0.0039998505768480972 0.026048345534350252 0.018975089262323455 0.014150442819461338 0.0077821788858333648 -0.012320397332822322 -0.0081114242064334041 -0.01621891677784177 0.00019262785976491574 0.003953964973688196 -0.018413289598909286 0.013011837576307183 0 -0.026860968666780106 0.0026573212558816737 -0.017175302240937624 0.010455246565356667 -0.0023661067919705367 -0.0053411140955666571
leaf_weight=10.379973516799511 27.425967732444406 53.495755709707737 8.7178888423368353 64.297896102070808 68.250372271984816 66.730324000120163 51.668463323265314 36.966050289571285 28.692178510129452 15.346035158261655 25.843811396509409 38.936113074421883 36.209273068234324 30.24289277009666 22.863431049510837 9.7098162611946446 9.9591093733906728 92.173010781407356 7.220262235030531 7.2791313594207159 6.3229205170646301 4.14384508319199 9.2926503019407374
leaf_count=431 387 367 460 398 527 393 270 261 430 524 261 687 414 514 910 365 283 6808 323 300 263 250 201
internal_value=0.000205294 0.0066773 -0.0181299 0.0112774 0.0141261 0.0170454 0.0110734 0.000661448 -0.00256547 -0.00502219 0.001575 -0.00920322 0.00788965 -0.00190401 -0.00789394 -0.000518128 -0.0125348 -0.024054 -0.00878931 -0.00825726 0 -0.026124 -0.0162664
internal_weight=732.167 544.105 188.062 304.443 240.145 186.649 119.919 239.662 166.487 137.795 53.2698 84.525 73.1753 45.5889 74.1449 32.0298 42.1152 113.917 17.6002 22.3199 15.0408 96.3169 32.1561
internal_count=16027 5433 10594 1955 1557 1190 797 3478 2803 2373 648 1725 675 1038 2782 1388 1394 7812 754 1023 723 7058 1111
is_linear=0
shrinkage=0.03


Tree=57
num_leaves=23
num_cat=0
split_feature=12 53 20 57 64 18 19 20 117 116 9 12 57 29 60 118 14 84 31 67 44 43
split_gain=84.418 20.0334 12.5943 10.1141 9.17859 9.54106 9.88871 9.7183 12.7426 10.0764 6.53316 5.18466 4.97732 5.51043 5.43345 4.09584 3.34755 3.01007 2.95821 2.09272 1.07583 0.927313
threshold=5.5000000000000009 306.50000000000006 20.783333000000002 430.50000000000006 10.500000000000002 216.28208000000004 572.60080000000005 59.824500000000008 0.0074828057500000008 8.5535885000000015e-05 1749.7500000000002 42.500000000000007 52.500000000000007 10.500000000000002 47.500000000000007 0.010377501000000003 2.5000000000000004 5.5000000000000009 1686.5000000000002 1.0000000180025095e-35 12.500000000000002 23.500000000000004
decision_type=2 2 2 2 2 2 2 2 2 2 2 2 2 2 2 2 2 2 2 2 2 2
left_child=3 2 19 15 5 7 10 9 18 -4 -7 -11 13 -10 -14 16 17 21 -9 -2 -19 -1
right_child=1 -3 4 -5 -6 6 -8 8 12 11 -12 -13 14 -15 -16 -17 -18 20 -20 -21 -22 -23
leaf_value=-0.02594666252191544 -0.00041377992932387124 0.027317376202027361 -0.0071486536768948367 0.012280167716058948 0.015835630088938332 0.0025994219772568793 -0.0025417126477181497 -0.0029126727949324405 -0.014218929691686439 0.024019733873789938 0.017817847797823052 0.0058016429187675751 0.013863727789928729 0.0063921283995641027 -0.00068199119788990407 0 -9.5615844316589109e-05 0.00061177946136217244 -0.016812631164282187 -0.015683425960553707 -0.011766006753430487 -0.0044753782708529819
leaf_weight=104.95333412103355 14.254505184479056 31.408755602315068 23.195995318703353 5.0130533128976813 63.028410222381353 41.046409381553531 43.881829392164946 25.659333384595811 22.39329694584012 24.99050345364958 87.66012479737401 40.490132801234722 40.755543615669012 15.263512239791451 42.077755868434906 9.2492997320368868 7.2247060639783731 7.087134717963635 48.975620983168483 25.175900203175843 8.4672972019761783 5.9534451980143777
leaf_count=7514 595 169 486 95 320 518 264 477 372 584 488 330 471 383 271 442 226 371 472 562 284 247
internal_value=0.000504139 0.00562831 0.0041513 -0.019357 0.00543827 0.00381382 0.00927118 0.000340042 -0.00334548 0.00835553 0.0133554 0.0141781 0.00260785 -0.00574296 0.0066858 -0.0209455 -0.0222385 -0.0233377 -0.0127051 -0.0111687 -0.00661958 -0.0251663
internal_weight=738.206 590.258 558.849 147.948 519.418 456.39 172.588 283.802 195.125 88.6766 128.707 65.4806 120.49 37.6568 82.8333 142.935 133.686 126.461 74.635 39.4304 15.5544 110.907
internal_count=15941 6762 6593 9179 5436 5116 1270 3846 2446 1400 1006 914 1497 755 742 9084 8642 8416 949 1157 655 7761
is_linear=0
shrinkage=0.03


Tree=58
num_leaves=23
num_cat=0
split_feature=9 53 6 132 134 7 118 33 5 134 115 0 0 46 20 0 20 32 32 56 118 18
split_gain=86.1589 17.6662 13.833 9.35903 9.15267 7.78028 7.13893 6.6004 6.42027 6.74273 6.13191 9.71839 5.65985 4.93025 5.8314 3.7094 3.13808 3.04335 1.09887 1.08967 0.605069 0.34466
threshold=66.850000000000009 306.50000000000006 7272.1350000000011 79.500000000000014 60.500000000000007 519.2850000000002 0.0064131942500000013 905.50000000000011 2.5000000000000004 48.500000000000007 0.079276088000000008 14.500000000000002 18.500000000000004 6909.1202500000009 72.445000000000007 71.500000000000014 52.311559500000008 682.50000000000011 938.50000000000011 107.50000000000001 0.012605988000000002 100.95796500000002
decision_type=2 2 2 2 2 2 2 2 2 2 2 2 2 2 2 2 2 2 2 2 2 2
left_child=5 2 4 6 8 17 7 15 9 13 11 -11 19 14 -2 -4 -6 20 -19 -12 -1 -18
right_child=1 -3 3 -5 16 -7 -8 -9 -10 10 12 -13 -14 -15 -16 -17 21 18 -20 -21 -22 -23
leaf_value=-0.024151975206819127 0.014289960324483009 0.026122278302519307 0.011114696630318418 -0.0019271668742236628 -0.00018166927872286334 -0.00043374171815585663 0.00032987360642744808 0.0033128815444805988 0.01686772073946969 0.023201446445602618 -0.0020520637333496451 -0.0010292624508560612 0.0087858822848854243 -0.016529987424995084 -0.0086580712776310187 0.022914979419123904 -0.021089509335422467 0.00083369603139069515 -0.011395408895569406 -0.016419832526350302 -0.0028709539676923042 -0.0087260995966911697
leaf_weight=116.26985725667328 11.226362268440424 29.937549846246839 88.072546970099211 64.476081091910601 18.57591899111867 18.768972695805132 52.169071108102798 53.139971449971199 17.383003730326891 24.157828798517585 12.192150336690249 27.352015113458037 15.147742778062819 25.955939372070134 20.810207083821297 55.674692925065756 15.700048792175947 7.9138568025082376 8.2615628233179432 13.692719185724853 4.3108191788196555 24.043027237989008
leaf_count=8275 332 163 590 359 324 496 315 267 161 518 393 355 229 410 554 271 347 329 295 247 247 477
internal_value=-8.66112e-05 0.00532107 0.00391066 0.00795024 -0.00167362 -0.0195378 0.010554 0.0131135 0.0018637 -0.000259001 0.00459298 0.0111167 -0.00358865 -0.00798974 0 0.0164025 -0.0114384 -0.0219461 -0.00591982 -0.0115659 -0.0236552 -0.0157563
internal_weight=725.232 569.707 539.769 313.532 226.237 155.525 249.056 196.887 167.918 150.535 92.5425 51.5098 41.0326 57.9925 32.0366 143.747 58.319 136.756 16.1754 25.8849 120.581 39.7431
internal_count=15954 6312 6149 1802 4347 9642 1443 1128 3199 3038 1742 873 869 1296 886 861 1148 9146 624 640 8522 824
is_linear=0
shrinkage=0.03


Tree=59
num_leaves=22
num_cat=0
split_feature=55 13 12 102 129 115 107 29 28 10 12 92 86 0 6 54 31 117 52 94 98
split_gain=82.3103 14.7768 9.74862 9.16966 8.44568 7.85516 7.28656 7.13531 6.93341 6.10548 5.63628 6.06498 4.35735 3.49249 4.2003 2.4527 3.46625 2.11002 1.39557 2.28213 0.369457
threshold=129.50000000000003 9.5000000000000018 3.5000000000000004 12.500000000000002 54.500000000000007 0.070019455000000022 5.5000000000000009 1.5000000000000002 14.500000000000002 248.69500000000002 43.500000000000007 2.5000000000000004 13.500000000000002 6.5000000000000009 7543.8300000000008 189.50000000000003 360.50000000000006 0.0012809019500000002 1.5000000000000002 11.500000000000002 4.5000000000000009
decision_type=2 2 2 2 2 2 2 2 2 2 2 2 2 2 2 2 2 2 2 2 2
left_child=2 9 12 4 5 10 8 -6 -7 17 -3 -12 20 15 -15 16 -4 -2 19 -19 -1
right_child=1 3 13 -5 7 6 -8 -9 -10 -11 11 -13 -14 14 -16 -17 -18 18 -20 -21 -22
leaf_value=-0.025987883743078453 0.00097857675520404393 0.021896937219396534 0.0082307483938923228 0.016772564378506636 0.0062606835933533018 -0.011144087058466838 0.010904468629551061 -0.008923586580342157 0.0058876903883368029 0.0067723687942434618 0.00057519552236602492 0.015123667445453499 0 -0.016628059512088122 0.0022083367740704878 0.012004434409897333 -0.013243634685642009 -0.0013571361419116509 -0.0036929466062346574 -0.019951933073573094 -0.0046325730211313979
leaf_weight=87.071507220156491 11.389221957884727 44.851510219275951 6.274391630664474 85.863275434821844 49.154450371861458 39.927663994953036 52.144169148057699 51.738061601296067 35.705857589840889 24.525751208886504 52.004291739314795 51.924265563488007 5.4605364641174665 39.778197196312249 10.824806075543163 6.6260616192594162 11.502090491354464 10.823825401253997 22.736520480364561 23.058847595006227 4.9460937408730379
leaf_count=6853 332 485 364 411 305 367 344 482 434 392 360 291 306 1341 125 253 598 400 572 641 302
internal_value=0.000197243 0.00585081 -0.017589 0.00803766 0.00581811 0.00849701 0.00272721 -0.0014379 -0.00305102 -0.00479561 0.013105 0.00834209 -0.0238193 -0.00832211 -0.0124926 0.0004698 -0.00486251 -0.0093509 -0.011583 -0.015336 -0.0252925
internal_weight=728.331 555.848 172.484 463.314 377.45 276.558 127.778 100.893 75.6335 92.5342 148.78 103.929 97.4781 75.0055 50.603 24.4025 17.7765 68.0084 56.6192 33.8827 92.0176
internal_count=15958 5816 10142 3479 3068 2281 1145 787 801 2337 1136 651 7461 2681 1466 1215 962 1945 1613 1041 7155
is_linear=0
shrinkage=0.03


Tree=60
num_leaves=26
num_cat=0
split_feature=58 58 66 6 116 115 34 12 42 24 7 12 66 129 36 29 20 57 6 29 8 50 19 19 8
split_gain=88.9918 12.705 12.095 8.00268 7.6444 6.84199 7.4741 7.21461 8.48037 8.08849 7.18726 10.0034 4.47367 3.97024 2.83778 3.12665 4.73397 2.5314 2.28622 1.90646 1.28882 0.928682 0.741679 0.717253 0.136548
threshold=40.500000000000007 742.50000000000011 1.5000000000000002 8254.6450000000023 0.00012555362500000001 0.065200110000000019 354.50000000000006 29.500000000000004 66.500000000000014 1810.5000000000002 9334.0200000000023 51.500000000000007 10.500000000000002 50.500000000000007 23.500000000000004 11.500000000000002 43.216667000000008 112.50000000000001 543.86500000000012 51.500000000000007 159.84500000000003 1.5000000000000002 138.32375000000005 27.744167000000001 710.99000000000012
decision_type=2 2 2 2 2 2 2 2 2 2 2 2 2 2 2 2 2 2 2 2 2 2 2 2 2
left_child=2 4 17 14 13 6 10 8 -7 -9 11 12 -6 -2 15 -4 21 18 20 -20 -1 23 -21 -17 -10
right_child=1 -3 3 -5 5 7 -8 9 24 -11 -12 -13 -14 -15 -16 16 -18 -19 19 22 -22 -23 -24 -25 -26
leaf_value=-0.026291928846695845 0.001766240059877717 0.018206361975768956 -0.020831888239541008 0.013155782791535928 0.0032108799719675158 0.0066572787032741117 0.00049057906777649914 -0.00088905321824208803 -0.0070182522105975299 0.013302544920139724 0.021374799935505895 -0.0057759133381979832 0.021710193103829257 -0.013059453269434178 0.0015698479568764434 0.0021634843631880437 0.0052646148267532274 0 -0.016981847370649946 0.0037705058121519364 -0.0014391688901629846 -0.018675593954649513 -0.0066091151710175296 -0.0085490524928035078 -0.018265937539413041
leaf_weight=86.810018050484359 30.342631507664919 72.240283001214266 22.878280252218246 10.900313373655079 24.490479197353125 23.529067929834127 56.363456670194864 71.33516282774508 17.825504876673222 63.58723296970129 60.364639729261398 30.498176075518131 28.743817932903767 24.744142789393663 12.035573942586778 5.6380495261400956 16.138109593652189 4.7985354661941519 16.974433912895623 6.8456112854182702 3.8417092068120828 11.485697965137659 6.8533505527302623 5.3018466234207153 18.411615703254938
leaf_count=6965 437 329 732 116 355 510 322 555 390 448 290 243 344 269 338 377 533 133 470 348 196 578 259 262 220
internal_value=0.000181884 0.00683701 -0.0160423 -0.00644997 0.00479992 0.00627545 0.0101212 0.00208632 -0.0061437 0.00592842 0.0136448 0.00701255 0.0144636 -0.00517616 -0.0102025 -0.0126789 -0.00566187 -0.0218546 -0.0226671 -0.0114047 -0.0255258 -0.0135981 -0.000998783 -0.00314028 -0.0146186
internal_weight=732.978 522.476 210.502 84.3779 450.236 395.149 200.461 194.689 59.7662 134.922 144.097 83.7325 53.2343 55.0868 73.4776 61.442 38.5637 126.124 121.325 30.6734 90.6517 22.4256 13.699 10.9399 36.2371
internal_count=16019 4712 11307 2936 4383 3677 1554 2123 1120 1003 1232 942 699 706 2820 2482 1750 8371 8238 1077 7161 1217 607 639 610
is_linear=0
shrinkage=0.03


Tree=61
num_leaves=22
num_cat=0
split_feature=12 0 9 5 53 61 52 20 9 123 55 41 30 1 2 2 19 115 14 61 29
split_gain=76.6732 25.6276 10.4313 9.83549 7.88532 7.52124 6.71456 5.20755 5.83237 6.26372 5.90442 5.68621 4.3483 3.53015 3.06457 2.94108 2.87855 2.48931 1.96681 1.00669 0.962554
threshold=5.5000000000000009 44.500000000000007 4911.7650000000003 2.5000000000000004 9.5000000000000018 27.500000000000004 41.500000000000007 43.216667000000008 209.15000000000003 1.5000000000000002 787.50000000000011 4.5000000000000009 4970.5000000000009 14.500000000000002 6.5000000000000009 2.5000000000000004 28.925000000000001 0.10090381700000002 2.5000000000000004 11.500000000000002 12.500000000000002
decision_type=2 2 2 2 2 2 2 2 2 2 2 2 2 2 2 2 2 2 2 2 2
left_child=5 3 4 6 12 18 7 16 15 10 11 -10 -3 -11 -13 -9 -2 -18 19 20 -1
right_child=1 2 -4 -5 -6 -7 -8 8 9 13 -12 14 -14 -15 -16 -17 17 -19 -20 -21 -22
leaf_value=-0.0063022541417600041 0.0010815957301144354 0.0053020087512995551 0.016484765007444696 0.012302280125548995 0.01354449189128752 0.0086018918394035991 -0.018248051496018436 0 0.0067461886105679922 -0.014509938300168577 0.0097792180126546214 -0.00025526193864964782 -0.0075656414831129131 -0.00016734754772887507 -0.016357607948755296 0.020131881926179856 -0.01770843612528886 0 -0.0043663527820596128 -0.0026938797402537361 -0.024534606986563935
leaf_weight=9.2359157018363458 12.364355077035723 41.029941355809569 135.90046378970146 34.021396990865469 46.629726611077785 4.4601182024925938 21.378535035997629 12.082319566048684 25.883267683908343 37.41794821806252 48.19872834533453 20.971721554175019 42.847693767398596 27.871684420853853 22.137448213994503 12.796421427279709 29.145779771730304 9.8128107842057926 10.255503009073434 5.1968262717127791 109.33622389100492
leaf_count=404 461 335 577 259 278 88 246 370 480 570 418 376 283 270 269 303 851 354 323 151 8281
internal_value=-0.000807695 0.00399301 0.0107553 -0.00177445 0.00429018 -0.0204734 -0.00372288 -0.00214231 0 -0.00190915 0.0021528 -0.00327316 -0.0011583 -0.00904803 -0.0096766 0.0123617 -0.0102323 -0.0138788 -0.0218234 -0.0229277 -0.0235483
internal_weight=718.975 580.49 266.408 314.082 130.507 138.485 280.061 258.682 207.36 182.481 117.191 68.9924 83.8776 65.2896 43.1092 24.8787 51.3229 38.9586 134.024 123.769 118.572
internal_count=15947 6700 1473 5227 896 9247 4968 4722 3056 2383 1543 1125 618 840 645 673 1666 1205 9159 8836 8685
is_linear=0
shrinkage=0.03


Tree=62
num_leaves=20
num_cat=0
split_feature=9 6 115 127 37 20 132 24 107 9 7 62 51 65 38 33 34 29 87
split_gain=78.1995 15.0461 9.55781 12.5495 9.54303 6.89824 6.4377 8.13385 7.39513 6.79915 5.58322 4.99682 4.93374 3.93222 3.94694 1.94326 1.85263 0.723865 0.521002
threshold=66.850000000000009 7543.8300000000008 0.097577580000000011 72.500000000000014 21.500000000000004 59.824500000000008 49.500000000000007 1576.5000000000002 2.5000000000000004 281.90000000000003 519.2850000000002 8.5000000000000018 1.5000000000000002 1.5000000000000002 372.50000000000006 200.50000000000003 56.500000000000007 30.500000000000004 7.5000000000000009
decision_type=2 2 2 2 2 2 2 2 2 2 2 2 2 2 2 2 2 2 2
left_child=10 4 3 13 6 -6 7 8 9 -2 16 15 -8 14 -3 -9 17 -1 -18
right_child=1 2 -4 -5 5 -7 12 11 -10 -11 -12 -13 -14 -15 -16 -17 18 -19 -20
leaf_value=-0.0072855395011026391 0.0097103215987862177 0.021993745422636123 -0.0026591492587111415 -0.0013308090022873908 0.017032254254311693 -0.00059881793918659565 -0.00081803842188306623 -0.0018537683730556402 0.018153083862765349 -0.01369110623731816 -0.0026162895164409004 0.004266568731627925 -0.020949091790869099 0.0078048153284988918 0.0098810255930360646 -0.017255205234061582 0 -0.024950021500406181 -0.011712972668972014
leaf_weight=9.8981578750535828 16.792739660479128 74.56803597509861 54.973964218050241 60.207928102463484 30.890115519985557 40.800206951797009 19.216016269288957 13.873568211682139 22.63458947185427 17.616054549813271 18.530634416267276 15.789922678843139 28.806249803863466 90.044513035565615 64.516116805374622 30.841777321882546 7.3206378286704448 96.909953383728862 13.15745400264859
leaf_count=513 579 495 330 318 346 441 571 370 372 368 511 215 563 435 341 607 437 7770 478
internal_value=-0.000508716 0.0044277 0.00839492 0.0105557 -0.001322 0.00741767 -0.00530063 -0.00119229 0.00650559 -0.00210675 -0.0197905 -0.00862133 -0.0140134 0.0137048 0.0170171 -0.0134454 -0.021984 -0.0238462 -0.00890896
internal_weight=727.389 581.572 344.311 289.337 237.261 71.6903 165.571 117.549 57.0434 34.4088 145.817 60.5053 48.0223 229.129 139.084 44.7153 127.286 106.808 20.4781
internal_count=16060 6351 1919 1589 4432 787 3645 2511 1319 947 9709 1192 1134 1271 836 977 9198 8283 915
is_linear=0
shrinkage=0.03


Tree=63
num_leaves=25
num_cat=0
split_feature=12 59 62 61 18 73 115 50 18 19 38 59 28 18 98 61 44 54 21 28 18 38 38 81
split_gain=59.6603 16.1731 11.6764 8.33175 7.59389 7.50739 6.87329 6.94872 5.41018 5.71087 3.98463 7.61495 5.40455 5.77485 4.23613 4.29237 3.97048 2.17021 2.86375 2.62929 2.22296 0.828898 0.173903 0.0430819
threshold=5.5000000000000009 176.50000000000003 25.500000000000004 30.500000000000004 139.28893000000002 1.5000000000000002 0.090922067000000009 95.500000000000014 489.44536500000004 172.09078000000002 372.50000000000006 19.500000000000004 46.500000000000007 90.940000000000012 12.500000000000002 9.5000000000000018 18.500000000000004 108.50000000000001 2115.5000000000005 75.500000000000014 24.900833500000001 26.500000000000004 31.500000000000004 2.5000000000000004
decision_type=2 2 2 2 2 2 2 2 2 2 2 2 2 2 2 2 2 2 2 2 2 2 2 2
left_child=3 4 -3 17 5 10 7 8 9 -6 11 12 -2 21 -13 -16 -11 19 20 -1 -19 -14 -22 -21
right_child=1 2 -4 -5 6 -7 -8 -9 -10 16 -12 14 13 -15 15 -17 -18 18 -20 23 22 -23 -24 -25
leaf_value=-0.0016354812194669111 -0.020760896440931594 0.0036189666945656901 0.019641370007412472 0.011356031022936532 0.00033529259800116324 0.0059142572801297744 -0.0062657520521075451 -0.0048590047033091679 -0.00078722159304456414 0.02398883622135177 -0.015786169424738192 0.013217641312311366 0 0.013749461049058134 0.0058843401192010302 -0.011333108823322701 0.0088774679557615168 -0.00084794742250549786 0.0020331286325625908 -0.025420761537456014 -0.0059782003456258356 -0.015145473296423731 -0.021521200451219174 -0.0055429536646419593
leaf_weight=7.0069413669407359 25.041641402058303 93.099744118750095 76.900390278548002 4.5420212969183913 29.213358197361231 46.833627071231604 40.661386954598129 33.233551736921072 32.761113025248051 34.680715373717248 33.940640706568956 18.715085957199335 6.2690377775579718 8.8497227067127806 22.003570795059204 19.656068818643689 50.285263538360596 10.711906456388531 8.3423974169418198 71.37020244076848 9.0586143946275133 9.6089799841865879 18.981983602046967 5.3293127240613094
leaf_count=381 717 532 351 86 409 431 538 202 236 443 404 386 353 330 368 278 365 582 352 6341 446 417 686 389
internal_value=-0.000521807 0.00366336 0.0113066 -0.0181076 0.000373921 -0.00391347 0.00415149 0.00668914 0.00947366 0.0124532 -0.00729972 -0.00398243 -0.0121688 -0.000934749 0.00295108 -0.00226173 0.0162027 -0.0196216 -0.0115436 -0.0230905 -0.0147075 -0.0111703 -0.0186185 -0.0246469
internal_weight=717.097 581.754 170 135.343 411.754 190.918 220.835 180.174 146.94 114.179 144.085 110.144 49.7694 24.7277 60.3747 41.6596 84.966 130.801 47.0949 83.7065 38.7525 15.878 28.0406 76.6995
internal_count=16023 6760 883 9263 5877 3684 2193 1655 1453 1217 3253 2849 1817 1100 1032 646 808 9177 2066 7111 1714 770 1132 6730
is_linear=0
shrinkage=0.03


Tree=64
num_leaves=23
num_cat=0
split_feature=12 17 18 131 118 0 57 116 60 91 94 13 118 6 84 42 35 35 44 44 118 7
split_gain=70.8489 17.0341 14.6968 10.2813 8.28039 9.07228 7.99671 7.70944 6.89019 5.92487 5.85937 5.1801 4.45106 3.90196 6.70912 3.72624 2.0443 3.6766 1.97913 1.77951 0.786151 0.709472
threshold=10.500000000000002 9.5000000000000018 205.64321500000003 57.500000000000007 0.0025303650000000006 42.500000000000007 94.500000000000014 0.0018052996000000002 15.500000000000002 8.5000000000000018 20.500000000000004 5.5000000000000009 0.0041965378500000011 9588.0200000000023 5.5000000000000009 48.500000000000007 20.500000000000004 28.500000000000004 57.500000000000007 20.500000000000004 0.027100470000000005 1297.2400000000002
decision_type=2 2 2 2 2 2 2 2 2 2 2 2 2 2 2 2 2 2 2 2 2 2
left_child=6 2 7 4 5 -4 11 9 10 13 15 16 18 14 21 -9 20 -18 -10 -8 -1 -2
right_child=1 -3 3 -5 -6 -7 19 8 12 -11 -12 -13 -14 -15 -16 -17 17 -19 -20 -21 -22 -23
leaf_value=-0.023497973038285064 -0.020799531753230235 0.018084233646948413 0.0076585344700391385 -0.0022211417449081432 0.0032710305737897777 0.02777645935710079 -0.0083682595899667034 -0.0068012631763358714 0.016579180706161357 0.0045490730551328799 -0.018449154792300464 0 -0.00098824948011929422 -0.020243395278826654 0.0018847272884317142 0.011351309727313736 0.003120981671905965 -0.016160791148614264 0.0049221934043144778 0.0039647655739011396 -0.0018370062870903426 -0.0050656966394651776
leaf_weight=101.00667798426002 14.465200531296434 76.845766957849264 47.620129946619272 49.451347343623638 56.397685242816806 44.350566204637289 14.163039604201915 16.394369030371312 32.464282054454088 25.450169663876295 15.962244760245083 11.360660152509807 36.655099406838417 24.455370899289846 39.452032892033458 14.018432185985146 9.7270549423992652 20.649247094988823 37.150872111320496 17.234922714531422 3.968393604271113 11.337080007418988
leaf_count=8014 529 372 408 329 386 203 402 425 388 191 221 370 316 162 588 260 514 903 272 335 217 200
internal_value=0 0.0054035 0.00310893 0.00921344 0.0130706 0.0184466 -0.0161534 -0.00143152 0.00289305 -0.00717047 -0.00615786 -0.0190205 0.00707679 -0.0107183 -0.00574834 0.00156371 -0.0205981 -0.00999396 0.011306 -0.00157165 -0.0229363 -0.0163178
internal_weight=720.581 542.471 465.625 197.82 148.368 91.9707 178.11 267.805 152.645 115.16 46.375 146.712 106.27 89.7097 65.2543 30.4128 135.351 30.3763 69.6152 31.398 104.975 25.8023
internal_count=16005 5250 4878 1326 997 611 10755 3552 1882 1670 906 10018 976 1479 1317 685 9648 1417 660 737 8231 729
is_linear=0
shrinkage=0.03


Tree=65
num_leaves=25
num_cat=0
split_feature=12 53 116 116 62 57 11 115 38 43 19 40 19 122 38 31 37 114 49 48 97 59 19 118
split_gain=71.1021 19.3726 17.737 10.4177 12.6653 10.4554 7.7423 6.81807 8.11458 8.17386 9.12409 7.65862 6.62758 4.7608 4.38607 4.27832 2.86594 4.33767 4.03045 3.30266 2.74487 2.19251 1.68215 1.55819
threshold=5.5000000000000009 306.50000000000006 5.1986912000000008e-05 0.012808794000000002 25.500000000000004 1201.0000000000002 118.35000000000001 0.089483925000000006 372.50000000000006 74.500000000000014 115.74117500000001 21.500000000000004 152.90914000000004 1.5000000000000002 171.50000000000003 1524.5000000000002 25.500000000000004 0.039486841500000008 339.13356000000005 42.699888500000007 1.5000000000000002 53.500000000000007 71.739772000000016 0.010377501000000003
decision_type=2 2 2 2 2 2 2 2 2 2 2 2 2 2 2 2 2 2 2 2 2 2 2 2
left_child=6 2 16 4 5 7 13 8 9 10 22 -12 15 21 -5 -9 17 18 19 -2 -15 23 -4 -1
right_child=1 -3 3 14 -6 -7 -8 12 -10 -11 11 -13 -14 20 -16 -17 -18 -19 -20 -21 -22 -23 -24 -25
leaf_value=-0.024854461365546771 0.0028612183700140788 0.026005727083234838 0.0014331398292263507 0.00068305436274731807 0.016963471318594353 -0.0074021268775494673 0.0082412417665679444 0.013920993928571398 0.00066712003470188362 0.024937333038197888 0.023342564516274318 0.0031368648537530284 -0.013029716715020538 -0.011132038704195057 -0.015398870950442269 -0.0029770717283330592 0.00045682956241206783 -0.019052137720057663 0.0097770504636505856 -0.015091763757275773 0.0094243084425338283 0 -0.010715455801978269 -0.0034809418628649674
leaf_weight=99.4850266976282 10.591216807253661 31.384248197078705 15.16563398204744 31.448844854719937 90.349852185696363 52.023711416870356 5.3482159934937945 20.326293694786727 70.030732838436961 37.208642859011889 32.912824991159141 37.27639395929873 23.238037448376417 8.2964967088773829 21.326945189386606 23.467983774840832 21.571312060579658 30.323950838297606 9.5793999098241311 19.644377091899514 5.1257487693801513 3.8986319284886113 15.054803139530121 6.7054318627342573
leaf_count=7846 458 170 352 597 436 302 130 373 539 322 370 318 230 603 172 287 208 611 190 588 191 92 265 365
internal_value=0.00025574 0.00469881 0.00326249 0.00564194 0.007249 0.00430205 -0.0194881 0.00666512 0.00930748 0.0134216 0.00803154 0.0137333 -0.0013899 -0.0210795 -0.00632633 0.00518126 -0.00843377 -0.0112162 -0.00345361 -0.00886369 -0.00204041 -0.0230809 -0.00485503 -0.0238569
internal_weight=721.785 592.925 561.541 469.831 417.055 326.705 128.86 274.681 207.649 137.618 100.41 70.1892 67.0323 123.511 52.7758 43.7943 91.7103 70.1389 39.815 30.2356 13.4222 110.089 30.2204 106.19
internal_count=16015 6788 6618 4563 3794 3358 9227 3056 2166 1627 1305 688 890 9097 769 660 2055 1847 1236 1046 794 8303 617 8211
is_linear=0
shrinkage=0.03


Tree=66
num_leaves=23
num_cat=0
split_feature=7 62 49 43 132 134 31 115 124 60 114 38 120 115 31 19 0 24 118 115 117 57
split_gain=59.6728 13.7711 9.25589 7.92283 7.87206 6.97458 6.2334 9.64718 6.76488 6.7496 6.17389 5.24001 5.01494 4.74033 4.94572 5.7972 4.5274 3.38702 2.62399 1.71507 1.63289 0.547159
threshold=403.80000000000001 51.500000000000007 31440.967000000004 14.500000000000002 54.500000000000007 48.500000000000007 4294.5000000000009 0.07138478500000002 1.5000000000000002 23.500000000000004 0.023689094000000004 372.50000000000006 1.0000000180025095e-35 0.090123822000000006 2015.5000000000002 158.24689000000004 4.5000000000000009 1960.5000000000002 0.0035048009000000005 0.050624253500000008 0.0037315479500000001 24.500000000000004
decision_type=2 2 2 2 2 2 2 2 2 2 2 2 2 2 2 2 2 2 2 2 2 2
left_child=3 2 4 16 5 10 7 17 9 -9 -2 -12 -5 14 15 -6 -1 19 21 -7 -18 -14
right_child=1 -3 -4 12 13 6 -8 8 -10 -11 11 -13 18 -15 -16 -17 20 -19 -20 -21 -22 -23
leaf_value=-0.024418074697043175 -0.01460112700832528 0.01793187963269564 0.016824886532987946 0.0089818326560678861 -0.0052597354438491169 0.009916416705020142 -0.005433543574488075 -0.002395320199401205 -0.0062432723894204813 0.018147996633964953 0.0078902362936082507 -0.0073173914034305749 -0.0033868705281179592 -0.014808463616099785 -0.0064584786046092716 0.012982444849957126 -0.012133373859365092 0.0065030995453327798 0.0015702745712116481 0.024589499107679935 0.0032314944725327843 -0.017861758047567788
leaf_weight=88.315643586218357 24.32019751612097 50.419012382626534 30.882700879126787 10.488052943721412 23.30207743588835 28.669313331134617 29.602607315406203 23.122965278103948 48.349172627553344 25.589242070913315 43.662550213746727 29.666287157684565 8.869107950478794 27.253120965324342 76.715831531211734 29.738308658823371 5.7352579990401855 44.063184332102537 8.4599878229200822 31.537955950014293 8.8138420926406962 19.070980789139867
leaf_count=7699 450 229 160 382 383 305 191 428 557 214 550 203 481 448 544 359 361 395 282 333 450 601
internal_value=-0.00078485 0.00367112 0.00209162 -0.0173236 0.000962112 0.00361306 0.0064343 0.00834136 0.00122178 0.00880191 -0.0029013 0.0014719 -0.00581397 -0.0044334 -0.00167438 0.00494702 -0.0219182 0.0144723 -0.0110093 0.0191287 -0.00361221 -0.0149339
internal_weight=716.647 566.895 516.476 149.753 485.593 328.583 230.934 201.332 97.0614 48.7122 97.649 73.3288 46.8881 157.009 129.756 53.0404 102.865 104.27 36.4001 60.2073 14.5491 27.9401
internal_count=16005 5749 5520 10256 5360 3626 2423 2232 1199 642 1203 753 1746 1734 1286 742 8510 1033 1364 638 811 1082
is_linear=0
shrinkage=0.03


Tree=67
num_leaves=22
num_cat=0
split_feature=13 116 59 52 27 132 31 134 115 45 29 122 6 25 116 45 46 47 115 49 84
split_gain=64.6003 12.5609 10.8307 6.95843 9.63257 8.28189 6.75191 5.46069 6.48511 5.4185 4.54428 4.07822 3.52013 3.32775 3.11329 2.94427 2.31158 9.62903 1.68693 1.61787 1.41224
threshold=9.5000000000000018 0.00012555362500000001 7.5000000000000009 218.50000000000003 1155.5000000000002 48.500000000000007 621.50000000000011 46.500000000000007 0.07613418750000002 23.500000000000004 1.5000000000000002 1.5000000000000002 1635.0650000000003 4.5000000000000009 0.0019734684500000003 26.500000000000004 3322.5411000000008 3970.3795000000005 0.10995307700000001 553.33960000000013 5.5000000000000009
decision_type=2 2 2 2 2 2 2 2 2 2 2 2 2 2 2 2 2 2 2 2 2
left_child=2 10 11 4 5 7 14 -3 -9 -6 -2 12 20 -13 -4 -7 18 -18 -8 -12 -1
right_child=1 3 6 -5 9 15 16 8 -10 -11 19 13 -14 -15 -16 -17 17 -19 -20 -21 -22
leaf_value=-0.0239095801648226 0.0030742874021912176 -0.0022866332361714627 0.018033356247494112 0.018195825884537869 0.020459013326481781 -0.010638732783933484 -0.017972728026094491 0.014705683801195467 0.00090035201111284533 0.0067272753547045847 -0.0028637032602499514 0.010115357771314238 -0.00029816615765571058 -0.011989657436835773 -0.0021576919833728664 0.00081858121988904499 0.010723241925532569 -0.013917364402838358 -0.0011115947549123649 -0.016481126935870609 -0.0032601378370518195
leaf_weight=85.581349714659154 32.719427367672324 42.432834446430206 9.4449269184842723 56.060696601867676 54.15909088589251 36.259640889242291 25.762662119232118 79.641739634796977 52.865056270733476 67.553432706743479 19.993046341463923 5.71002941019833 8.2655985495075566 8.8652550904080254 9.125824839808045 33.887087263166904 19.534692181274295 28.720809147693217 9.6925638774409872 19.517812345176935 6.6361211007460943
leaf_count=7488 255 410 367 287 395 417 802 582 527 349 394 281 261 603 313 216 458 580 356 234 408
internal_value=0.000522747 0.00652086 -0.0129126 0.00849743 0.00675004 0.00312386 -0.00522386 0.00660417 0.00953999 0.0135221 -0.00465741 -0.0191203 -0.0212134 -0.00219174 0.00912195 -0.00521803 -0.00891025 -0.00359049 -0.0144412 -0.0110232 -0.022822
internal_weight=712.43 495.09 217.34 422.86 366.799 245.086 102.281 174.94 132.507 121.713 72.2303 115.058 100.483 14.5753 18.5708 70.1467 83.7107 48.2555 35.4552 39.5109 92.2175
internal_count=15983 4066 11917 3183 2896 2152 2876 1519 1109 744 883 9041 8157 884 680 633 2196 1038 1158 628 7896
is_linear=0
shrinkage=0.03


Tree=68
num_leaves=28
num_cat=0
split_feature=12 2 6 89 19 19 117 40 102 49 27 49 124 60 44 18 46 63 138 49 58 19 34 59 71 36 57
split_gain=55.7575 12.7964 8.0156 7.75695 6.49409 10.0573 6.27562 5.91727 10.2258 7.8858 5.35619 4.41793 4.60896 5.32812 7.13859 7.55986 5.82248 5.27901 3.76489 3.54443 3.42883 2.61702 2.4982 1.83149 1.33821 1.11024 0.623755
threshold=3.5000000000000004 16.500000000000004 19683.845000000005 2.5000000000000004 572.60080000000005 149.44833500000001 0.012584003000000002 21.500000000000004 6.5000000000000009 323.00780000000003 1066.5000000000002 15672.039000000002 1.5000000000000002 8.5000000000000018 48.500000000000007 80.608680000000007 1336.2761000000003 1.0000000180025095e-35 2.5000000000000004 45.115810500000002 37.500000000000007 60.776791500000009 140.50000000000003 13.500000000000002 1.0000000180025095e-35 25.500000000000004 70.500000000000014
decision_type=2 2 2 2 2 2 2 2 2 2 2 2 2 2 2 2 2 2 2 2 2 2 2 2 2 2 2
left_child=3 4 6 24 5 11 -3 9 22 19 -4 12 13 16 15 -15 18 20 21 -7 -14 -2 -9 -18 26 -19 -1
right_child=1 2 10 -5 -6 7 -8 8 -10 -11 -12 -13 17 14 -16 -17 23 25 -20 -21 -22 -23 -24 -25 -26 -27 -28
leaf_value=-0.024772064234754341 -0.00063371612168781075 -0.0057607838496287044 0.0062409492662833755 0.002769348792629708 -0.012010015218954818 0.012523303477643943 0.0088998448987218197 -0.010151420018717189 0.013646637325218742 0.028134703016471502 0.018491468600196459 0.010833775230118959 -0.0093654382696933634 -0.0022715023493578975 -0.0073355621747531021 0.023072288028996572 -0.021480437946367909 -0.0068312694993334123 -0.0097065596832682337 -0.0040934333920947443 0.0084749718430740528 0.021882890489371233 0.00081308524989605465 -0.0018117001498558648 -0.0047458738564036644 -0.021286898633699345 -0.0029885212874746756
leaf_weight=78.54007894732058 5.6180901881307381 47.206175770610571 74.738097682595253 9.7461400944739562 32.371021844446659 17.59051550924778 47.267494982108474 33.648189426399767 37.279762007296085 18.265627840533853 75.087062418460846 12.313524651341138 14.017465706914665 15.145970730111001 20.455413782969117 20.241249777376652 15.839838302694263 18.489991419948637 5.8845297405496231 18.078187412582338 14.740988793782888 5.6033650124445558 30.449383223429322 8.8487728489562851 8.3512431913986784 23.84797895886004 4.3135061273351303
leaf_count=7330 357 293 327 365 249 409 320 369 236 217 320 124 595 366 290 358 605 393 323 269 269 250 265 222 368 302 196
internal_value=-2.1091e-05 0.00340543 0.00865625 -0.0201491 -0.000102579 0.00115857 0.00150215 0.00668371 0.00200669 0.0143042 0.0128763 -0.00355279 -0.00497058 -0.00046966 0.00525753 0.0129153 -0.00818656 -0.0105176 0.00405556 0.00426468 0 0.0129645 -0.00504375 -0.0164285 -0.0227708 -0.016679 -0.0240433
internal_weight=713.98 613.029 244.299 100.951 368.73 336.359 94.4737 155.312 101.377 53.9343 149.825 181.047 168.734 97.6372 55.8426 35.3872 41.7946 71.0964 17.106 35.6687 28.7585 11.2215 64.0976 24.6886 91.2048 42.338 82.8536
internal_count=15987 7728 1260 8259 6468 6219 613 1765 870 895 647 4454 4330 2771 1014 724 1757 1559 930 678 864 607 634 827 7894 695 7526
is_linear=0
shrinkage=0.03


Tree=69
num_leaves=24
num_cat=0
split_feature=58 53 27 62 18 134 19 116 134 10 115 18 37 118 1 46 134 14 33 21 10 27 57
split_gain=61.9806 12.3931 11.0698 7.82812 7.73272 7.37453 8.91838 10.121 10.4815 8.61985 6.65315 6.51218 6.97572 4.8785 3.99799 3.72401 3.12619 3.6132 2.72718 2.69001 2.2965 1.96132 1.16577
threshold=25.500000000000004 320.50000000000006 1115.5000000000002 10.500000000000002 93.902145000000019 44.500000000000007 572.60080000000005 0.011470082750000001 56.500000000000007 820.37500000000011 0.078228285000000022 142.08803500000002 19.500000000000004 0.0024218941000000004 10.500000000000002 9916.737000000001 68.500000000000014 2.5000000000000004 442.50000000000006 1954.5000000000002 189.85000000000005 70.500000000000014 101.50000000000001
decision_type=2 2 2 2 2 2 2 2 2 2 2 2 2 2 2 2 2 2 2 2 2 2 2
left_child=4 2 5 13 18 15 7 8 9 10 14 12 -10 -4 -7 -2 17 19 21 -6 -12 -1 -23
right_child=1 -3 3 -5 16 6 -8 -9 11 -11 20 -13 -14 -15 -16 -17 -18 -19 -20 -21 -22 22 -24
leaf_value=0 0.00093855457849680143 0.02205770445178231 0.008825119126952382 0.015842293321878739 -0.01442527124239402 0.019648753319086939 -0.012069799727861532 -0.0093267112098445772 -0.019588267998786359 0.01954575031707077 0.0022543084312974444 0.0072006382338681407 0.0020490402000114317 -0.0056011890451154291 0.0017392308012571141 -0.013375980539878556 -0.016129803133200182 0.0074846974848899531 0 0.004611082206616884 -0.0114994734892057 -0.023344774523718713 -0.00023793831469904496
leaf_weight=4.1285002306103697 22.693242941051722 33.603746052831411 43.407917686738074 96.059184050187469 14.545088069513442 21.504418942146003 26.141028881072998 33.959902235306799 20.770218077115715 66.653620291501284 16.003209427930415 38.399806126952171 23.911478824913502 31.732180565595627 24.858156971633434 37.187357561662793 12.305594652891157 19.720394011586905 4.549015035852789 5.7118845377117387 17.172469738870859 86.541832931339741 3.460414125584065
leaf_count=254 486 178 486 507 841 422 161 459 433 385 402 329 226 293 257 340 536 426 186 313 255 7639 144
internal_value=0.000818969 0.00549854 0.00420112 0.0103432 -0.0158853 0.00104451 0.00308562 0.00484352 0.0071607 0.0118764 0.00449601 -0.0011699 -0.00866623 0.00257626 0.0114424 -0.00806567 -0.00544073 -0.000389644 -0.0207452 -0.00861346 -0.00504573 -0.0217916 -0.0226735
internal_weight=705.021 554.058 520.454 171.199 150.963 349.255 289.374 263.233 229.273 146.192 79.5383 83.0815 44.6817 75.1401 46.3626 59.8806 52.283 39.9774 98.6798 20.257 33.1757 94.1307 90.0022
internal_count=15958 5619 5441 1286 10339 4155 3329 3168 2709 1721 1336 988 659 779 679 826 2116 1580 8223 1154 657 8037 7783
is_linear=0
shrinkage=0.03


Tree=70
num_leaves=21
num_cat=0
split_feature=55 72 132 19 7 118 90 55 58 38 46 38 24 32 27 60 50 118 117 90
split_gain=57.2628 12.7014 10.7726 11.498 9.78625 6.93151 5.85503 5.75751 8.45713 6.23029 5.19215 8.02867 4.26317 3.99164 3.67823 3.6255 2.74282 1.16437 0.748224 0.666391
threshold=129.50000000000003 7.5000000000000009 78.500000000000014 101.22900000000001 519.2850000000002 0.0025564555500000004 15.500000000000002 804.50000000000011 105.50000000000001 351.50000000000006 7824.2395000000006 150.50000000000003 1661.5000000000002 564.50000000000011 918.50000000000011 9.5000000000000018 16.500000000000004 0.034665622500000007 0.0049877835000000014 4.5000000000000009
decision_type=2 2 2 2 2 2 2 2 2 2 2 2 2 2 2 2 2 2 2 2
left_child=4 2 3 6 15 -6 10 8 12 18 11 13 -5 -2 -4 17 -12 19 -9 -1
right_child=1 -3 14 7 5 -7 -8 9 -10 -11 16 -13 -14 -15 -16 -17 -18 -19 -20 -21
leaf_value=-0.024049310511208368 0.0027466564410106678 0.012659597978236889 -0.001349522915814489 0.014673862026701403 0.0072067064246034871 -0.01401615980025725 0.0083292265752610926 0.019706535261178534 -0.011634225885919837 0.0034693079572267259 -0.0028284689231888724 0.017530647318873514 0 -0.015172213360866006 -0.015334197332154027 0.0015841353180774862 -0.01791150004681798 -0.000395181727762656 0.010005673742498998 -0.0025570945664656545
leaf_weight=92.530536201782525 16.793137348257005 111.09519162774086 36.347695781849325 28.224144437350333 20.99825806170702 24.246345432475209 23.30726733058691 43.051638698205352 27.468149559572339 74.472936876118183 22.020177285186946 12.204554952681063 40.150888049975038 18.317653735168278 34.041249400004745 3.9174574799835673 32.706433963961899 3.5467152735218397 44.519519647583365 4.2042049672454587
leaf_count=8465 597 542 469 460 589 567 187 310 243 405 343 233 556 493 296 160 428 207 308 273
internal_value=-0.000591315 0.00378367 0.00146289 0.00349113 -0.016808 -0.00413098 -0.00378477 0.00708945 0.000997611 0.010465 -0.00695166 0.000146894 0.0067236 -0.00695379 -0.00888016 -0.021734 -0.0128386 -0.0228194 0.0157436 -0.0234343
internal_weight=714.164 564.721 453.625 383.237 149.444 45.2446 125.349 257.887 95.8432 162.044 102.042 47.3153 68.375 35.1108 70.3889 104.199 54.7266 100.281 87.5712 96.7347
internal_count=16131 5870 5328 4563 10261 1156 2281 2282 1259 1023 2094 1323 1016 1090 765 9105 771 8945 618 8738
is_linear=0
shrinkage=0.03


Tree=71
num_leaves=22
num_cat=0
split_feature=29 55 61 42 47 35 62 60 31 28 66 57 18 118 43 69 129 56 38 8 106
split_gain=51.3079 13.0164 6.78289 8.59582 10.062 13.1517 8.16072 8.56166 5.91267 7.77977 6.53036 4.65865 3.98701 5.763 6.18222 3.89016 3.62503 3.27969 1.78681 1.71686 1.60643
threshold=64.500000000000014 185.50000000000003 104.50000000000001 263.50000000000006 16105.918500000002 199.50000000000003 10.500000000000002 28.500000000000004 848.50000000000011 32.500000000000007 13.500000000000002 278.50000000000006 90.940000000000012 0.007071899500000001 15.500000000000002 2.5000000000000004 44.500000000000007 16.500000000000004 110.50000000000001 239.85000000000005 2.5000000000000004
decision_type=2 2 2 2 2 2 2 2 2 2 2 2 2 2 2 2 2 2 2 2 2
left_child=1 12 3 6 -5 -6 7 8 -3 10 -10 -8 16 14 17 -9 -1 -14 19 20 -2
right_child=18 2 -4 4 5 -7 11 15 9 -11 -12 -13 13 -15 -16 -17 -18 -19 -20 -21 -22
leaf_value=0.00023430561172758173 -0.02320441680287379 0.021520573897873738 0.013627227036417357 -0.0094410247518524441 0.01454265399430758 -0.0041299364426419273 0.0064581308786161983 -0.012725263938571717 0.020425330381427315 -0.0083380414142273998 -1.9627182057453728e-05 0.020904881871604403 0.00019763675745186225 -0.013173634800037661 -0.008873790625824704 0.0012580512206045518 -0.01890372425090258 0.022280328212255947 -0.0025979350513904271 0 -0.00052107142896200135
leaf_weight=10.112691213376818 76.831350710242987 19.041150112636387 69.521299507468939 73.732598353177309 55.176489233970642 72.296976385638118 51.894124606624246 28.845689676702023 23.2553680408746 25.872049652971327 25.092454373836517 44.430830102413893 11.771672603674235 18.155846268869936 12.377654875628648 32.673356343060732 26.648718381300569 11.891710898838936 8.3866957826539856 4.0925862640142432 4.5610095625743261
leaf_count=523 7347 359 347 587 349 405 460 346 345 534 292 266 403 489 246 326 1262 291 399 129 253
internal_value=4.23601e-05 0.00327417 0.00511941 0.00364425 -0.000908907 0.00408304 0.0072977 0.00274253 0.0083604 0.00364962 0.0105259 0.0139726 -0.00687093 -0.00109102 0.00549357 -0.00553676 -0.0138821 0.0137691 -0.0200017 -0.0213055 -0.0222107
internal_weight=706.662 612.791 521.832 452.311 201.206 127.473 251.105 154.78 93.261 74.2199 48.3478 96.325 90.9583 54.1969 36.041 61.519 36.7614 23.6634 93.8716 85.4849 81.3924
internal_count=15958 7830 4616 4269 1341 754 2928 2202 1530 1171 637 726 3214 1429 940 672 1785 694 8128 7729 7600
is_linear=0
shrinkage=0.03


Tree=72
num_leaves=20
num_cat=0
split_feature=58 17 132 98 42 1 48 19 55 44 56 6 37 116 7 18 6 63 122
split_gain=57.8671 12.146 9.32601 10.6878 9.30734 8.33968 5.30528 6.35968 7.39943 5.14456 3.78567 3.72287 3.9207 3.10009 5.2858 2.61505 2.5572 1.35531 0.128894
threshold=22.500000000000004 7.5000000000000009 48.500000000000007 25.500000000000004 268.50000000000006 10.500000000000002 1155.5692500000002 114.70181000000001 723.50000000000011 5.5000000000000009 107.50000000000001 8865.3050000000021 21.500000000000004 0.0058490224500000005 1420.7550000000003 97.083335000000019 16036.525000000003 1.5000000000000002 1.5000000000000002
decision_type=2 2 2 2 2 2 2 2 2 2 2 2 2 2 2 2 2 2 2
left_child=5 2 3 4 6 10 9 8 -8 -2 17 12 15 14 -11 -4 -9 18 -1
right_child=1 -3 11 -5 -6 -7 7 16 -10 13 -12 -13 -14 -15 -16 -17 -18 -19 -20
leaf_value=-0.022765992140827598 0.011888140653327866 0.013740739609285816 -0.020660272238758839 0.015921666069430181 -0.0074276215889270466 0.0043938947298086716 0.010790541219151677 0.018483678968760287 -0.012351327517702642 0.0022844192249703433 -0.0010544269155310204 0.00040374019879789978 0.00030966259448910941 0.002332600294329175 -0.018216161343731135 -0.0040928418066989679 0.0063589662087641628 -0.00044639029217857003 -0.0090785272043771743
leaf_weight=94.525667884387076 17.747971105389297 97.528614465147257 21.200522565282881 60.510122388601303 62.402100499719381 11.899633836932479 19.822908279486001 44.646719874814153 19.786982683464885 16.164074168540537 11.591527406126259 74.731128826737404 23.77804491110146 28.940277400426567 21.158135561272502 21.401917169801891 41.766593396663666 4.4946861881762734 13.888982307165859
leaf_count=8260 443 473 551 326 530 240 387 458 232 466 429 430 286 502 232 402 208 218 894
internal_value=0.000100102 0.00433783 0.00224882 0.00498773 0.00226197 -0.0170775 0.00531632 0.00909565 -0.000522295 -0.000376956 -0.0193359 -0.00406037 -0.00897244 -0.00447619 -0.00976209 -0.0139566 0.0134558 -0.0209612 -0.0216223
internal_weight=707.987 571.586 474.057 332.946 272.436 136.4 210.034 126.023 39.6099 84.0105 124.501 141.112 66.3805 66.2625 37.3222 42.6024 86.4133 112.909 108.415
internal_count=15967 5926 5453 3784 3458 10041 2928 1285 619 1643 9801 1669 1239 1200 698 953 666 9372 9154
is_linear=0
shrinkage=0.03


Tree=73
num_leaves=26
num_cat=0
split_feature=14 58 18 107 62 38 67 59 35 52 30 62 117 102 32 47 49 27 12 18 19 12 63 115 55
split_gain=52.3042 9.71597 9.28423 12.0486 8.44562 15.3959 7.53994 6.9332 7.334 6.34712 5.60254 5.35394 5.15611 4.10082 4.09718 3.50253 3.96055 3.75947 3.2692 1.93342 1.39637 1.07129 0.577803 0.890999 0.422556
threshold=2.5000000000000004 5.5000000000000009 110.27584500000002 3.5000000000000004 44.500000000000007 351.50000000000006 24.500000000000004 92.500000000000014 33.500000000000007 221.00000000000003 2483.5000000000005 9.5000000000000018 0.011802428000000002 3.5000000000000004 361.50000000000006 345.52017000000006 379.21452000000005 794.50000000000011 3.5000000000000004 274.11843000000005 20.634500000000003 1.5000000000000002 2.5000000000000004 0.058748401000000006 60.500000000000007
decision_type=2 2 2 2 2 2 2 2 2 2 2 2 2 2 2 2 2 2 2 2 2 2 2 2 2
left_child=1 19 3 14 5 7 -7 8 10 12 -4 -10 -5 -14 -2 18 20 -18 21 24 -17 -3 23 -16 -1
right_child=2 15 4 9 -6 6 -8 -9 11 -11 -12 -13 13 -15 22 16 17 -19 -20 -21 -22 -23 -24 -25 -26
leaf_value=-0.025122698228194244 0.0014648177187164108 0.00085648406004341004 0.0034043808191354611 -0.0082163505180654507 0.018698347335940127 -0.01046505820701497 0.00394898218959622 0.019132522677715997 -0.0060551492738051445 0.013986127111704253 0.021888478016301702 0.0087266262917181005 -0.0018281797797298194 0.012307971250157968 -0.0057261926407706776 -0.0013256449275051397 -0.010391226938524414 0.0085646745495910337 0.013901087591654324 0 -0.020150629085795152 -0.012834916932092457 -0.0058350629969055861 -0.02212299656739785 -0.0017799939527254852
leaf_weight=61.8130654823035 14.845484370365737 6.1015908773988503 32.645917732268572 36.493665095418692 47.468999639153481 57.691391378641129 62.24892707541585 55.63283671811223 47.392616383731365 37.466587970033288 30.837297609075904 33.048899518325925 32.812003358267248 30.671145839616656 11.889900580979885 6.8943064305931356 14.68807048071176 12.740682094357906 8.1856880104169232 2.8768047122284761 24.253675739280879 4.4858557237312198 16.115043671801686 19.561708019115031 2.9245777633041135
leaf_count=6588 507 516 494 312 207 379 297 339 505 220 403 233 403 236 272 426 492 364 422 181 925 330 270 532 224
internal_value=0.000361373 -0.0153882 0.00451489 -0.000616542 0.00732059 0.00532186 -0.00300547 0.0103513 0.00632788 0.00426786 0.0135447 0 0 0.00518248 -0.0111142 -0.00712611 -0.0105839 -0.0011607 0.00298882 -0.0234919 -0.0171586 -0.00623847 -0.0150913 -0.0179716 -0.0244865
internal_weight=711.787 144.964 566.822 199.856 366.967 319.498 119.94 199.558 143.925 137.443 63.4832 80.4415 99.9768 63.4831 62.4121 77.3499 58.5767 27.4288 18.7731 67.6144 31.148 10.5874 47.5667 31.4516 64.7376
internal_count=16077 10468 5609 2752 2857 2650 676 1974 1635 1171 897 738 951 639 1581 3475 2207 856 1268 6993 1351 846 1074 804 6812
is_linear=0
shrinkage=0.03


end of trees

feature_importances:
Column_7=67
Column_6=58
Column_58=44
Column_19=43
Column_115=42
Column_8=41
Column_54=38
Column_118=37
Column_116=36
Column_59=34
Column_9=32
Column_18=29
Column_117=29
Column_28=28
Column_49=28
Column_12=27
Column_27=27
Column_10=26
Column_33=25
Column_62=25
Column_60=24
Column_29=23
Column_13=22
Column_32=22
Column_0=21
Column_57=21
Column_20=20
Column_38=19
Column_61=19
Column_55=17
Column_56=17
Column_31=14
Column_42=13
Column_63=13
Column_11=12
Column_30=12
Column_46=12
Column_50=12
Column_52=11
Column_66=11
Column_35=10
Column_53=10
Column_68=10
Column_132=10
Column_2=9
Column_14=9
Column_43=9
Column_44=9
Column_48=9
Column_94=9
Column_122=9
Column_134=9
Column_1=8
Column_15=8
Column_37=8
Column_40=8
Column_98=8
Column_114=8
Column_129=8
Column_34=7
Column_47=7
Column_69=7
Column_89=7
Column_131=7
Column_21=6
Column_24=6
Column_67=6
Column_85=6
Column_102=6
Column_36=5
Column_45=5
Column_71=5
Column_73=5
Column_84=5
Column_86=5
Column_90=5
Column_103=5
Column_124=5
Column_127=5
Column_16=4
Column_17=4
Column_41=4
Column_79=4
Column_106=4
Column_123=4
Column_133=4
Column_142=4
Column_51=3
Column_97=3
Column_107=3
Column_120=3
Column_4=2
Column_5=2
Column_26=2
Column_39=2
Column_65=2
Column_81=2
Column_92=2
Column_99=2
Column_3=1
Column_22=1
Column_25=1
Column_64=1
Column_72=1
Column_78=1
Column_80=1
Column_82=1
Column_87=1
Column_91=1
Column_93=1
Column_95=1
Column_96=1
Column_100=1
Column_104=1
Column_121=1
Column_126=1
Column_128=1
Column_138=1

parameters:
[boosting: gbdt]
[objective: binary]
[metric: auc,binary_logloss]
[tree_learner: serial]
[device_type: cpu]
[data_sample_strategy: bagging]
[data: ]
[valid: ]
[num_iterations: 2000]
[learning_rate: 0.03]
[num_leaves: 63]
[num_threads: -1]
[seed: 20260825]
[deterministic: 0]
[force_col_wise: 0]
[force_row_wise: 0]
[histogram_pool_size: -1]
[max_depth: -1]
[min_data_in_leaf: 300]
[min_sum_hessian_in_leaf: 0.001]
[bagging_fraction: 0.8]
[pos_bagging_fraction: 1]
[neg_bagging_fraction: 1]
[bagging_freq: 1]
[bagging_seed: 20260825]
[bagging_by_query: 0]
[feature_fraction: 0.75]
[feature_fraction_bynode: 1]
[feature_fraction_seed: 20260825]
[extra_trees: 0]
[extra_seed: 27901]
[early_stopping_round: 0]
[early_stopping_min_delta: 0]
[first_metric_only: 0]
[max_delta_step: 0]
[lambda_l1: 0.5]
[lambda_l2: 5]
[linear_lambda: 0]
[min_gain_to_split: 0]
[drop_rate: 0.1]
[max_drop: 50]
[skip_drop: 0.5]
[xgboost_dart_mode: 0]
[uniform_drop: 0]
[drop_seed: 29628]
[top_rate: 0.2]
[other_rate: 0.1]
[min_data_per_group: 100]
[max_cat_threshold: 32]
[cat_l2: 10]
[cat_smooth: 10]
[max_cat_to_onehot: 4]
[top_k: 20]
[monotone_constraints: ]
[monotone_constraints_method: basic]
[monotone_penalty: 0]
[feature_contri: ]
[forcedsplits_filename: ]
[refit_decay_rate: 0.9]
[cegb_tradeoff: 1]
[cegb_penalty_split: 0]
[cegb_penalty_feature_lazy: ]
[cegb_penalty_feature_coupled: ]
[path_smooth: 0]
[interaction_constraints: ]
[verbosity: -1]
[saved_feature_importance_type: 0]
[use_quantized_grad: 0]
[num_grad_quant_bins: 4]
[quant_train_renew_leaf: 0]
[stochastic_rounding: 1]
[linear_tree: 0]
[max_bin: 255]
[max_bin_by_feature: ]
[min_data_in_bin: 3]
[bin_construct_sample_cnt: 200000]
[data_random_seed: 4775]
[is_enable_sparse: 1]
[enable_bundle: 1]
[use_missing: 1]
[zero_as_missing: 0]
[feature_pre_filter: 1]
[pre_partition: 0]
[two_round: 0]
[header: 0]
[label_column: ]
[weight_column: ]
[group_column: ]
[ignore_column: ]
[categorical_feature: ]
[forcedbins_filename: ]
[precise_float_parser: 0]
[parser_config_file: ]
[objective_seed: 9445]
[num_class: 1]
[is_unbalance: 0]
[scale_pos_weight: 1]
[sigmoid: 1]
[boost_from_average: 1]
[reg_sqrt: 0]
[alpha: 0.9]
[fair_c: 1]
[poisson_max_delta_step: 0.7]
[tweedie_variance_power: 1.5]
[lambdarank_truncation_level: 30]
[lambdarank_norm: 1]
[label_gain: ]
[lambdarank_position_bias_regularization: 0]
[eval_at: ]
[multi_error_top_k: 1]
[auc_mu_weights: ]
[num_machines: 1]
[local_listen_port: 12400]
[time_out: 120]
[machine_list_filename: ]
[machines: ]
[gpu_platform_id: -1]
[gpu_device_id: -1]
[gpu_use_dp: 0]
[num_gpu: 1]

end of parameters

pandas_categorical:null
