tree
version=v4
num_class=1
num_tree_per_iteration=1
label_index=0
max_feature_idx=8
objective=binary sigmoid:1
feature_names=Column_0 Column_1 Column_2 Column_3 Column_4 Column_5 Column_6 Column_7 Column_8
feature_infos=[0:721] [0:356] [0:3936355] [0:80448] [0:2584] [0:40528] [0:2265290.2000000002] [0:4] [0:5]
tree_sizes=6669 6756 6769 6778 6821 6823 6834 6883 6866 6904 6888 6877 6873 6876 6871 6904 6889 6926 6913 6892 6841 6883 6880 6919 6845 6914 6912 6893 6911 6876 6901 6895 6907 6915 6855 6938 6908 6894 6955 6906 6948 6924 6909 6935 6925 6902 6895 6924 6886 6930 6884 6916 6967 6864 6917 6926 6931 6865 6893 6879 6929 6948 6932 6888 6891 6873 6902 6922 6891 6928 6917 6855 6907 6907 6889 6835 6868 6884 6840 6900 6911 6858 6858 6886 6898 6873 6915 6931 6866 6854 6837 6830 6830 6901 6924 6805 6861 6891 6821 6842 6883 6850 6881 6860 6768 6949 6858 6812 6877 6903 6902 6847 6821 6908 6853 6874 6873 6828 6877

Tree=0
num_leaves=63
num_cat=0
split_feature=6 6 6 8 8 6 6 6 6 3 4 4 4 4 8 4 4 4 3 6 4 2 6 4 3 2 3 0 2 6 6 6 3 1 3 2 8 6 1 1 2 1 1 6 6 2 2 3 0 4 6 1 3 2 2 4 1 1 6 1 4 3
split_gain=120165 13414.3 11142.3 3983.14 2170.51 1821.28 1670.37 1377.56 1213.36 1069.98 758.976 468.912 398.036 384.625 340.123 244.404 238.205 231.975 231.173 272.777 195.455 163.939 161.974 131.795 125.096 122.826 121.367 115.333 105.866 103.268 101.261 98.8908 97.3531 88.2227 79.5888 79.1077 77.9914 69.1206 68.2217 67.4337 66.9651 69.1162 66.9118 70.7707 62.102 58.6811 53.864 52.6519 51.1823 48.7492 48.4168 72.8398 67.8554 62.4476 83.4721 48.3845 48.2012 61.5751 52.8446 48.8594 45.8263 63.4995
threshold=5071.4100000000008 15611.660000000002 1129.5400000000002 4.5000000000000009 4.5000000000000009 2978.5900000000006 47875.92500000001 8374.5800000000017 220.04000000000005 527.50000000000011 4.5000000000000009 2.5000000000000004 6.5000000000000009 2.5000000000000004 2.5000000000000004 1.5000000000000002 1.5000000000000002 2.5000000000000004 449.50000000000006 22815.745000000006 2.5000000000000004 7443.6900000000014 10845.810000000003 5.5000000000000009 101.50000000000001 13947.795000000002 254.50000000000003 1.5000000000000002 6341.6350000000011 4013.4850000000006 6669.4150000000009 708.94500000000005 1348.5000000000002 49.500000000000007 248.50000000000003 32232.585000000003 2.5000000000000004 2434.4100000000003 18.500000000000004 43.500000000000007 13423.850000000002 75.500000000000014 154.50000000000003 21369.865000000002 6669.4150000000009 16971.395000000004 969.5150000000001 61.500000000000007 7.5000000000000009 7.5000000000000009 83079.150000000009 286.50000000000006 803.50000000000011 91937.650000000009 177921.78000000003 336.50000000000006 155.50000000000003 160.50000000000003 9114.3500000000022 225.50000000000003 7.5000000000000009 179.50000000000003
decision_type=2 2 2 2 2 2 2 2 2 2 2 2 2 2 2 2 2 2 2 2 2 2 2 2 2 2 2 2 2 2 2 2 2 2 2 2 2 2 2 2 2 2 2 2 2 2 2 2 2 2 2 2 2 2 2 2 2 2 2 2 2 2
left_child=2 4 8 24 14 11 10 20 23 15 18 37 29 46 40 26 25 50 27 -20 30 49 -18 -1 -3 -9 -8 39 -14 -7 -6 -15 56 -29 -17 -12 -26 38 -4 -5 -2 47 60 -44 -22 -24 -10 -42 -36 -13 51 52 53 -11 -55 -25 -27 -58 -59 -60 61 -37
right_child=1 3 5 6 7 12 9 16 13 17 35 21 28 31 -16 34 22 -19 19 -21 44 -23 45 55 36 32 -28 33 -30 -31 -32 -33 -34 -35 48 42 -38 -39 -40 -41 41 -43 43 -45 -46 -47 -48 -49 -50 -51 -52 -53 -54 54 -56 -57 57 58 59 -61 -62 -63
leaf_value=-2.7673717259614876 -2.6548533696758625 -2.7016265819546872 -2.6551548182029783 -2.4743281275630067 -2.5794254573020488 -2.6560609288342332 -2.4163261532237081 -2.5487611381826851 -2.7096853460431523 -2.4403676624340043 -2.556975120270466 -2.7306948440367322 -2.7366314430908241 -2.7719638809672587 -2.6982210473592643 -2.5287801276282247 -2.549965392528684 -2.3201100472390501 -2.3985076867869237 -2.3222996901220041 -2.6211511771802316 -2.7195805056790761 -2.5813645655009529 -2.7848254832803323 -2.5761175657435693 -2.4570288568294232 -2.2959449088544757 -2.5966198680082346 -2.6825109054872911 -2.6237739683388384 -2.5335374869508525 -2.7575287774685582 -2.3622004298224235 -2.4389732464014946 -2.3989056698455866 -2.5444768931189197 -2.6742238772887856 -2.6717333838427804 -2.706743100742603 -2.38118721851091 -2.6815960741352116 -2.6388202271403456 -2.6273728783389783 -2.4772413039257648 -2.5821409191945843 -2.4853696994712755 -2.7403290487172054 -2.58613808411544 -2.5617395917864361 -2.749536695235919 -2.1938365953372361 -2.4197009340507418 -2.2075028546357522 -2.2078147827953529 -2.4172484738354467 -2.7896196005260006 -2.6244460906219844 -2.6047370495433486 -2.4866316059720242 -2.3420209370055485 -2.4756922895557052 -2.4032461704217898
leaf_weight=836.41554445028305 100.41550874710083 38.226358443498611 70.233801856637001 23.221086397767067 261.65086540579796 575.16405890882015 33.60496287047863 44.160002142190933 170.70636487007141 7.0176747590303412 27.386047840118408 478.11475187540054 105.32217565178871 4366.1347854435444 188.27907890081406 26.530233845114708 223.53861549496651 69.035662263631821 196.26667618751526 312.88559657335281 242.42357765138149 1123.7978839725256 17.972093895077705 9091.7685030549765 93.854268118739128 321.15846519172192 66.06884041428566 10.669147804379461 644.48499250411987 440.40188182890415 230.61334452033043 1632.5507768690586 24.932714387774467 67.9516312032938 42.676591217517853 9.8133338093757612 26.302016779780388 240.48373259603977 745.41398964822292 237.80218207836151 15.804031774401663 124.54946340620518 12.380775794386862 23.278140664100647 182.23132666945457 248.52838414907455 892.49988825619221 221.54171617329121 5.9906979650259009 1214.6853302419186 151.53613138198853 6.218915030360221 89.346981078386307 20.02604748308659 7.2458918243646613 12678.484956115484 9.4710082113742811 8.7293027490377408 55.799072474241257 7.0176747590303412 95.166516244411469 66.06884041428566
leaf_count=14660 1760 670 1231 407 4586 10081 589 774 2992 123 480 8380 1846 76526 3300 465 3918 1210 3440 5484 4249 19697 315 159353 1645 5629 1158 187 11296 7719 4042 28614 437 1191 748 172 461 4215 13065 4168 277 2183 217 408 3194 4356 15643 3883 105 21290 2656 109 1566 351 127 222218 166 153 978 123 1668 1158
internal_value=-2.73859 -2.48889 -2.76897 -2.38317 -2.56276 -2.70454 -2.35961 -2.53549 -2.78122 -2.28632 -2.3952 -2.72373 -2.66245 -2.76312 -2.6415 -2.38787 -2.49365 -2.23577 -2.37317 -2.35159 -2.57939 -2.73439 -2.51826 -2.78687 -2.62255 -2.46812 -2.33612 -2.40562 -2.69011 -2.64204 -2.55788 -2.76804 -2.45985 -2.4601 -2.45697 -2.47525 -2.59748 -2.69532 -2.70229 -2.38935 -2.61843 -2.60836 -2.46453 -2.52877 -2.60437 -2.49176 -2.73541 -2.59245 -2.41844 -2.74421 -2.21526 -2.24069 -2.23199 -2.29731 -2.2619 -2.78762 -2.466 -2.50194 -2.48598 -2.46979 -2.4513 -2.42117
internal_weight=39602.1 4295.39 35306.7 1766.57 2528.82 5638.1 1608.19 1878.23 29668.6 525.299 1082.89 3872.73 1765.37 7061.89 650.59 174.871 961.307 350.427 848.796 509.152 916.919 2816.6 490.039 22606.7 158.383 471.268 99.6738 339.644 749.807 1015.57 492.264 5998.69 427.108 78.6208 75.1975 234.094 120.156 1056.13 815.648 261.023 462.311 361.895 206.708 35.6589 424.655 266.5 1063.21 237.346 48.6673 1692.8 281.392 129.856 123.637 34.2896 27.2719 21770.3 402.176 81.0171 71.546 62.8167 171.049 75.8822
internal_count=694112 75286 618826 30963 44323 98820 28187 32920 520006 9207 18980 67878 30942 123775 11403 3065 16849 6142 14877 8924 16071 49367 8589 396231 2776 8260 1747 5953 13142 17800 8628 105140 7486 1378 1318 4103 2106 18511 14296 4575 8103 6343 3623 625 7443 4671 18635 4160 853 29670 4932 2276 2167 601 478 381571 7049 1420 1254 1101 2998 1330
is_linear=0
shrinkage=1


Tree=1
num_leaves=63
num_cat=0
split_feature=6 6 6 5 8 6 6 6 5 2 5 8 0 5 8 0 8 5 6 2 0 2 5 8 1 5 8 1 6 0 0 2 5 1 5 6 5 1 5 1 0 5 5 5 1 5 2 5 5 8 6 6 1 5 2 6 1 5 5 1 1 0
split_gain=89624.7 8091.46 7356.94 2246.97 1273.78 915.347 891.841 880.703 640.194 589.938 274.98 235.734 201.95 191.529 153.563 141.244 141.091 137.573 139.986 135.22 132.468 117.538 113.972 110.109 104.94 103.602 85.4866 88.0429 79.1742 77.4125 77.1017 74.6132 73.6417 68.5184 78.2302 63.4713 61.6047 58.0005 55.0923 53.8166 52.9561 49.6474 47.9942 67.0017 59.5868 47.1104 45.7332 45.5288 44.1882 43.691 43.305 43.2478 52.2999 42.9048 42.7072 42.2879 42.2593 41.7746 41.6593 46.4379 41.5216 40.9621
threshold=4013.4850000000006 13219.300000000001 913.61500000000012 34.500000000000007 4.5000000000000009 2434.4100000000003 220.04000000000005 6915.7850000000008 89.500000000000014 61411.715000000004 8.5000000000000018 4.5000000000000009 1.5000000000000002 20.500000000000004 4.5000000000000009 6.5000000000000009 4.5000000000000009 2981.0000000000005 32681.165000000005 10575.630000000001 1.5000000000000002 7871.4500000000016 1.5000000000000002 4.5000000000000009 97.500000000000014 54.500000000000007 2.5000000000000004 57.500000000000007 9114.3500000000022 2.5000000000000004 1.0000000180025095e-35 5177.7850000000008 464.50000000000006 173.50000000000003 76.500000000000014 10349.92 53.500000000000007 177.50000000000003 28.500000000000004 18.500000000000004 5.5000000000000009 445.50000000000006 586.50000000000011 119.50000000000001 139.50000000000003 28.500000000000004 13423.850000000002 50.500000000000007 18.500000000000004 4.5000000000000009 2899.4400000000005 5071.4100000000008 87.500000000000014 3.5000000000000004 10241.440000000001 1508.5450000000003 69.500000000000014 80.500000000000014 115.50000000000001 198.50000000000003 210.50000000000003 1.5000000000000002
decision_type=2 2 2 2 2 2 2 2 2 2 2 2 2 2 2 2 2 2 2 2 2 2 2 2 2 2 2 2 2 2 2 2 2 2 2 2 2 2 2 2 2 2 2 2 2 2 2 2 2 2 2 2 2 2 2 2 2 2 2 2 2 2
left_child=2 4 6 13 10 11 22 40 23 15 -2 21 50 -3 -11 42 29 18 37 -12 28 53 -1 -5 -25 -26 27 -21 -9 -8 -20 -14 -32 -27 -35 -22 39 -16 -15 -13 51 45 43 -10 -45 -30 -29 -18 -48 -40 -7 52 -6 -4 -41 -55 -50 -53 -39 -60 -34 -38
right_child=1 3 5 8 7 12 16 20 9 14 19 36 31 38 17 -17 47 -19 30 26 35 -23 -24 24 25 33 -28 46 41 -31 32 -33 60 34 -36 -37 61 58 49 54 -42 -43 -44 44 -46 -47 48 -49 56 -51 -52 57 -54 55 -56 -57 -58 -59 59 -61 -62 -63
leaf_value=-0.049668609682965888 0.0060102319125971788 0.057388224077196417 -0.032360009869513824 0.16137451153770277 0.11947015439181563 0.049717539125630192 -0.019847638065397827 0.16524703940527982 0.26453189518882192 0.08544765086220045 0.043134193104237904 0.077246378744143251 0.00033824908214551987 0.1146455705298233 0.29506450177155719 0.10235721206147347 -0.00086217479139376839 0.15304008469245903 0.32462929473003821 0.12761896244473303 0.13614984528145274 0.013024320947749093 -0.039738890449986061 0.24629406245917701 0.16865339501404464 0.23149974522547292 0.061057396856758164 0.025595698431506775 0.14375289992204962 -0.032365107770059527 0.29937911031743125 0.03803468734000888 0.1541185258672762 0.075762603623903982 0.23190352203341158 0.17473621264103711 0.074489084596955565 0.15426337502530299 0.10571008200909915 0.012409509373225049 0.082220652000248529 0.085957140935916776 0.2897115815639949 0.20006802794739295 0.24202591138769669 0.20417064266412943 0.05282030175927075 0.073842916829722258 0.14300016727427761 0.18891210876528056 0.073973192710497154 0.11623406933920509 0.084135569807643154 -0.012550458739211567 0.040445808634986577 0.0028090110688554046 0.090542886589263336 0.14855560583574037 0.17786041799174687 0.27080871345454072 0.27940859814142027 0.018860868171550884
leaf_weight=18217.20684344694 126.06739585101604 110.14638015627861 180.25992692634463 70.803000636398792 222.64707872644067 283.57685513049364 1837.8986406028271 360.2580343708396 135.3240347802639 8.5245013982057554 155.68725492805243 38.955769065767527 154.69840420782566 100.9832199215889 72.096940629184246 20.043970335274935 351.71901030465961 15.97103728353977 486.90890514105558 230.21733485907316 309.35951883345842 847.45970670506358 3444.6980294808745 392.47508773952723 113.73054008185863 315.36111290752888 147.56438207626343 28.348388910293579 36.786105543375015 3787.2558882459998 256.55981071293354 876.63971618562937 15.42733818292618 16.40380123257637 16.124740593135357 168.37430982291698 93.008175224065781 14.983632527291773 21.548711191862822 780.97194335982203 145.35388888046145 10.240202181041239 44.894554197788239 168.20730343088508 187.36520182341337 418.48426951467991 56.273304112255573 21.543432470411062 50.987423129379749 68.145001590251923 538.9223299883306 431.14077472686768 203.55901446938515 1205.1248499453068 164.70370464771986 712.59676663950086 167.46209128946066 134.57702111452818 19.034528821706772 58.724694617092609 12.752158403396605 51.899408724159002
leaf_count=333483 2097 1719 3182 1102 3557 4767 32723 5282 1803 132 2565 664 2679 1474 924 291 6239 181 5695 3632 4651 14656 62748 5285 1510 4113 2480 463 519 68230 3134 14777 181 217 206 2414 1592 195 339 13559 2343 141 565 2216 2453 5864 895 378 790 931 8860 6660 3253 21235 2833 12453 2684 2059 242 744 150 903
internal_value=-0.000410086 0.175139 -0.0325315 0.239052 0.123629 0.018011 -0.0433652 0.142842 0.25494 0.274975 0.0748979 0.00475815 0.0471379 0.110033 0.298751 0.233814 -0.0263012 0.300646 0.303141 0.0852714 0.17091 -0.00268769 -0.04809 0.22205 0.227055 0.210636 0.0948916 0.104231 0.183101 -0.0282766 0.312194 0.0323857 0.290805 0.224294 0.15379 0.149794 0.0241772 0.260569 0.140371 0.0196858 0.110656 0.196868 0.238703 0.23397 0.222253 0.199332 0.0864128 0.00345478 0.0926587 0.169119 0.0656236 0.114809 0.10263 -0.00903711 0.0173015 -0.00684065 0.102869 0.123957 0.233409 0.248378 0.211781 0.0546268
internal_weight=39735.1 6145.93 33589.1 2742.54 3403.39 5928.82 27660.3 2440.78 2441.72 1516.82 962.608 4074.98 1853.84 300.823 960.984 555.835 5998.42 952.459 936.488 836.54 1303.5 2945.44 21661.9 924.898 854.095 461.62 680.853 533.289 825.769 5625.15 771.648 1031.34 284.739 347.89 32.5285 477.734 1129.54 164.84 190.677 984.631 1137.28 465.511 535.791 490.897 355.573 455.27 303.071 373.262 274.723 89.6937 822.499 991.924 426.206 2097.98 945.676 1917.72 218.45 565.718 92.7429 77.7592 28.1795 144.908
internal_count=694112 88151 605961 35802 52349 102160 503801 36743 31339 18906 15606 71077 31083 4463 11578 7328 107570 11446 11265 13509 18871 51526 396231 12433 11331 6046 10944 8464 11806 100953 9160 17456 3465 4536 423 7065 19551 2105 2744 17056 17872 6524 7037 6472 4669 6383 4832 6617 4369 1270 13627 15529 6810 36870 16392 33688 3474 8719 1181 986 331 2495
is_linear=0
shrinkage=0.05


Tree=2
num_leaves=63
num_cat=0
split_feature=6 6 6 5 5 6 6 6 5 5 5 5 0 5 2 5 0 0 6 0 0 0 2 6 2 0 6 1 5 1 5 3 5 6 3 5 1 0 3 6 2 1 6 1 5 1 2 6 5 0 2 6 2 5 6 1 6 5 6 5 1 5
split_gain=71708.5 5935.78 5572.25 1489.74 769.936 648.116 634.31 532.689 391.584 297.501 225.97 151.316 147.988 141.936 135.986 114.79 104.325 103.015 98.1054 97.325 92.9481 80.944 79.9445 76.7341 72.6994 71.2804 70.8964 62.9014 62.7295 62.4759 63.0479 56.2749 51.435 50.9937 50.7785 48.9375 48.6187 48.5823 56.1215 43.8397 42.2446 46.7437 40.3657 39.8749 39.7086 75.4391 38.5706 37.7226 36.8056 36.0024 35.4192 34.8433 38.1746 34.7182 34.0663 32.4975 34.4221 31.9968 31.9613 80.8292 53.522 48.6809
threshold=3592.0200000000004 803.35000000000002 10349.92 28.500000000000004 2.5000000000000004 1999.4650000000001 6669.4150000000009 22815.745000000006 73.500000000000014 13.500000000000002 8.5000000000000018 31.500000000000004 1.5000000000000002 16.500000000000004 55344.990000000013 14.500000000000002 14.500000000000002 2.5000000000000004 41902.980000000003 2.5000000000000004 3.5000000000000004 1.5000000000000002 7871.4500000000016 124.93000000000002 6341.6350000000011 1.5000000000000002 4791.7700000000013 9.5000000000000018 2981.0000000000005 152.50000000000003 43.500000000000007 360.50000000000006 197.50000000000003 2899.4400000000005 1348.5000000000002 658.50000000000011 92.500000000000014 1.5000000000000002 25.500000000000004 399.03000000000003 15080.935000000001 105.50000000000001 32681.165000000005 92.500000000000014 24.500000000000004 71.500000000000014 19241.770000000004 2978.5900000000006 6.5000000000000009 9.5000000000000018 46167.575000000004 14765.125000000002 78811.665000000023 49.500000000000007 437.13000000000005 58.500000000000007 13219.300000000001 6.5000000000000009 56324.710000000006 245.50000000000003 221.50000000000003 89.500000000000014
decision_type=2 2 2 2 2 2 2 2 2 2 2 2 2 2 2 2 2 2 2 2 2 2 2 2 2 2 2 2 2 2 2 2 2 2 2 2 2 2 2 2 2 2 2 2 2 2 2 2 2 2 2 2 2 2 2 2 2 2 2 2 2 2
left_child=1 4 6 15 23 11 10 16 18 57 -2 22 33 19 35 -4 25 26 29 27 44 -13 37 -1 -14 34 -12 48 31 30 36 32 -16 -7 51 42 -9 38 -3 -29 -22 -42 -10 53 45 -11 -27 -26 -6 -19 -44 -5 -53 -20 -21 56 -17 -8 59 -33 -61 -60
right_child=2 5 3 7 13 12 9 8 14 20 17 21 24 -15 28 55 -18 49 43 54 40 -23 -24 -25 47 46 -28 39 -30 -31 -32 58 -34 -35 -36 -37 -38 -39 -40 -41 41 -43 50 -45 -46 -47 -48 -49 -50 -51 -52 52 -54 -55 -56 -57 -58 -59 61 60 -62 -63
leaf_value=-0.049156005569871465 0.0092073412853489588 0.052279592619465867 0.030956455187155608 0.16281343811173912 -0.00046654697198466428 0.038012986835768758 -0.021874941192237141 0.17001596767191293 0.1868154165944215 0.13270919601056982 0.076155678216767442 0.053830112136379019 0.0044352825585330892 0.0055695611619667575 0.20405353642112264 0.14410724151287022 0.070577619114313803 0.072645239013529816 0.11997658507042747 -0.037798312007058688 0.069474210432128133 0.004127029584222063 0.0089629503189028251 -0.038954857957745039 0.021833942739798523 0.10600026118620971 0.099818588007122011 -0.029777026155521337 0.12854570394694328 0.079810821843245172 0.20278754432730475 0.22939393116941567 0.10248659643296372 0.061535971471375434 0.21483773920869484 0.24848843745668564 0.069668041520422747 -0.013070637473064249 -0.0018186495023953737 -0.014253784275306861 0.12557362963724711 0.073170418974975449 0.08903992288858642 0.10205459490078553 0.13767541611593484 0.044183465985411105 0.15747214581817393 0.04363869600486138 0.065107080475346968 0.049117436465768341 0.16989699180242446 0.18609024757651554 0.135599268103584 0.18442256340900418 -0.027745057995185562 0.077135481377133219 0.093890079979715366 0.048462922637220213 0.17644693848095713 0.15087796524145772 0.21566578694604155 0.23965233752603832
leaf_weight=18054.441852219403 119.53119732439518 51.029424417763948 87.209050998091698 467.4059534817934 96.045669734477997 607.62488576769829 20.820080809295177 47.404784247279167 147.41101563721895 79.569217540323734 601.34726367145777 178.91243084520102 430.37579509615898 304.76608101278543 129.67841234058142 55.803087636828423 27.874116785824299 560.72643407806754 42.129870198667049 2381.7131954245269 76.341187052428722 151.4788469709456 857.34083093330264 2061.4692077562213 561.60753338038921 40.981030605733395 681.59218519926071 1007.8967287838459 18.022457674145699 14.673567891120909 179.43398412317038 446.68445133417845 14.369071885943411 374.21918190270662 81.571009628474712 24.814914502203465 16.715236075222492 1850.4613841362298 767.21153027191758 832.54096860066056 175.90301896631718 57.552623316645622 24.078855335712433 69.588524132966995 832.76563138887286 34.95409394800663 483.48115526884794 308.46279304474592 27.378867898136377 232.80640668049455 33.356980793178082 486.8112620934844 42.827416740357876 45.107951045036316 1314.8122727535665 116.88992973417044 94.042405910789967 70.235930509865284 34.259835213422775 64.726491697132587 67.630300641059875 584.19513763487339
leaf_count=345140 1964 872 1337 5540 1750 10010 346 560 1574 1094 9043 2985 7433 5480 1366 749 369 8444 496 44591 1083 2630 14709 38587 9464 527 9681 18605 181 163 1976 4456 142 5780 883 242 196 33004 13417 15070 2442 787 262 756 10706 488 5791 4939 488 3628 361 5367 488 504 24338 1556 1303 1053 343 633 648 5292
internal_value=-0.00054904 -0.0330207 0.138329 0.178864 -0.0434325 0.011214 0.0926996 0.1884 0.205693 0.119707 0.0761129 -0.00128313 0.0323321 -0.0276538 0.217012 0.0808851 0.167133 0.0799612 0.162302 -0.0294436 0.126029 0.0310654 -0.00431641 -0.048111 0.0212594 0.168804 0.0887379 -0.0204404 0.223067 0.181357 0.187419 0.224324 0.194035 0.046989 0.176235 0.181059 0.144084 -0.00858455 0.00155504 -0.0227588 0.1021 0.112713 0.172749 0.1308 0.133838 0.105796 0.153481 0.0295742 0.0140799 0.065756 0.1363 0.173051 0.182043 0.15353 -0.0342247 0.0971728 0.112708 0.0323189 0.227947 0.219096 0.184158 0.236188
internal_weight=39753.1 32219.8 7533.32 3989.18 26081.1 6138.72 3544.15 3635.23 2004.28 1348.14 2196 3856.43 2282.29 5965.15 1589.23 353.944 1630.95 2076.47 415.054 5660.39 1257.09 330.391 3526.04 20115.9 1300.45 1603.08 1282.94 1963.86 1359.57 258.228 243.554 1341.54 144.047 981.844 1078.62 229.662 64.12 2668.7 818.241 1840.44 309.797 233.456 204.847 156.826 947.289 114.523 524.462 870.07 123.425 793.533 57.4358 997.045 529.639 87.2378 3696.53 266.735 149.845 91.056 1197.5 579.041 132.357 618.455
internal_count=694112 599292 94820 44061 494049 105243 50759 39116 20151 17999 32760 67617 37626 110322 15500 4945 18965 30796 4651 104842 16600 5615 62002 383727 21836 18596 18724 35913 13061 2895 2732 12880 1508 15790 12278 2439 756 47293 14289 33675 4312 3229 2197 1756 12288 1582 6318 14403 2238 12072 623 11395 5855 1000 68929 3608 2052 1399 11372 5737 1281 5635
is_linear=0
shrinkage=0.05


Tree=3
num_leaves=63
num_cat=0
split_feature=6 6 6 5 4 6 4 4 4 6 6 6 5 6 5 5 4 6 5 4 4 2 2 4 6 5 1 5 5 2 1 2 2 2 6 6 1 4 1 5 4 5 4 5 1 1 6 5 2 2 1 2 5 6 4 5 6 5 5 1 1 4
split_gain=59538.2 4912.8 4397.68 1066.2 631.13 522.085 499.212 490.842 284.103 241.6 238.02 201.49 154.846 152.01 145.197 127.221 122.979 107.664 89.911 82.7293 81.9312 61.3171 59.7977 59.2623 57.4789 52.9699 52.7861 52.1305 51.2434 50.924 50.4554 47.5638 45.887 45.6253 43.5936 41.8608 41.7619 38.3556 36.0702 35.0924 34.9448 34.6375 34.3188 33.1325 39.4236 32.7112 32.5864 34.4833 32.3689 32.1352 31.6957 30.0274 32.7086 31.5984 29.9653 29.7546 29.5456 29.2706 28.919 31.9072 28.4555 26.6008
threshold=2978.5900000000006 8374.5800000000017 553.67500000000007 27.500000000000004 7.5000000000000009 18773.655000000002 6.5000000000000009 11.500000000000002 5.5000000000000009 4791.7700000000013 1379.1500000000003 1508.5450000000003 14.500000000000002 112.74500000000002 9.5000000000000018 73.500000000000014 3.5000000000000004 3692.4500000000003 13.500000000000002 30.500000000000004 1.5000000000000002 55344.990000000013 22017.785000000003 2.5000000000000004 41902.980000000003 50.500000000000007 21.500000000000004 248.50000000000003 45.500000000000007 19241.770000000004 122.50000000000001 5861.3050000000012 5057.9050000000007 15673.650000000001 6669.4150000000009 12547.26 151.50000000000003 13.500000000000002 92.500000000000014 4.5000000000000009 12.500000000000002 2981.0000000000005 25.500000000000004 4.5000000000000009 21.500000000000004 16.500000000000004 32681.165000000005 586.50000000000011 36489.165000000008 46167.575000000004 14.500000000000002 34240.595000000008 189.50000000000003 19919.455000000005 55.500000000000007 19.500000000000004 22815.745000000006 32.500000000000007 53.500000000000007 96.500000000000014 90.500000000000014 50.500000000000007
decision_type=2 2 2 2 2 2 2 2 2 2 2 2 2 2 2 2 2 2 2 2 2 2 2 2 2 2 2 2 2 2 2 2 2 2 2 2 2 2 2 2 2 2 2 2 2 2 2 2 2 2 2 2 2 2 2 2 2 2 2 2 2 2
left_child=2 6 7 12 10 16 9 18 15 -2 25 32 -3 -9 39 24 35 -16 23 27 26 46 40 43 36 33 -12 58 48 54 -24 -13 -6 45 55 -5 -7 -32 -26 -8 -18 56 -14 -1 -45 -4 47 51 -28 -48 -20 -17 53 -53 -19 -11 -23 60 59 -10 -31 -33
right_child=1 3 4 5 11 8 14 13 19 34 20 31 42 -15 17 21 22 29 50 -21 -22 41 30 -25 38 -27 28 -29 -30 57 37 61 -34 -35 -36 -37 -38 -39 -40 -41 -42 -43 -44 44 -46 -47 49 -49 -50 -51 -52 52 -54 -55 -56 -57 -58 -59 -60 -61 -62 -63
leaf_value=-0.022850118999181514 0.065074226267949439 0.02660948323968601 0.019865138024673951 0.13004666709832488 -0.025400285525556111 0.16222462087037837 -0.029295628674840608 -0.049060732405143526 0.13002852355260147 0.063557706863819674 0.084342172561008261 -0.0088899251644961267 0.09569087997940523 -0.038380423855711353 0.025784798530770453 0.13430761979695693 0.09859021339000644 0.053677174045655578 0.071118990128788279 0.02430296632362167 0.020661649108988107 0.14877874607221822 0.13161873741978602 -0.031870448897623159 0.14174024392183901 0.050973275842836424 0.029794608488762822 0.061430692261790702 0.065122625283489319 0.076488118708313999 0.10676838004119522 0.013919710056281995 -0.011502019818007149 0.057006348572002589 0.10736991787468603 0.14792016066000996 0.089935238364712733 0.034701352915295691 0.08594037300970056 0.018293205342096362 0.042227586576393195 0.11311948276805006 0.049596867818161444 0.019729435986734087 -0.016204549519662718 -0.0034882016345113573 0.089229013578009539 0.21739447081321847 0.13798056897032965 0.15688675524519682 0.0051611152767805663 0.24304689345038188 0.1420918976496103 0.17434924950434885 -0.003276451185933585 0.092764969589649651 0.18340844480743712 0.096205501461111412 0.14529827957508673 0.069803747324317031 0.03627155876683931 -0.014094783307971951
leaf_weight=521.75177542120218 1107.6308048442006 130.81101932749152 171.63061476498842 680.03746952861547 1727.5537080354989 311.67818474024534 52.059797126799822 16986.699172258377 86.760205924510956 102.55706442892551 70.913377858698368 498.80237564817071 326.22701967507601 4153.6056013144553 303.67401373386383 85.180360354483128 98.077199012041092 586.63838909566402 21.218184821307659 19.464314222335815 894.36112903431058 68.936535410583019 329.43346456438303 1389.2580397166312 65.704547606408596 54.909063830971718 499.67872473970056 26.074515111744404 144.59719670563936 153.20654545724392 143.53694689273834 729.21376619488001 907.8828140757978 35.264398373663425 561.25420148298144 671.7326761931181 22.134650766849518 21.574507437646389 54.272280916571617 150.07511926442385 39.022957392036915 19.570489078760147 47.033609241247177 123.42664403095841 199.53745956718922 1181.4188649170101 32.085404478013515 30.2277612388134 6.9470568820834151 41.703146234154701 126.83480545133352 21.23467580229044 69.400057524442673 109.640371337533 23.857709888368845 678.55820335447788 1434.3971976488829 116.35916019976139 244.33626975864172 30.574109800159931 62.886937469244003 95.620085526257753
leaf_count=9915 15887 1934 3034 7346 31950 2963 862 339275 929 1411 1117 8809 4030 80185 4725 807 1153 8387 376 239 15002 648 3668 26866 647 887 8104 247 2230 2116 1555 12231 16340 611 6723 6620 225 253 531 2390 484 178 640 2230 3660 21052 308 256 110 381 2286 198 632 1008 364 8835 11534 1547 2354 334 879 1614
internal_value=-0.000641358 0.111166 -0.0341739 0.14269 0.000558863 0.150019 0.068624 -0.044538 0.164043 0.0823855 0.0176143 -0.0126211 0.0735021 -0.0469627 0.0453444 0.170695 0.130399 0.0517184 -0.0230154 0.125347 0.030791 0.176374 0.11209 -0.025517 0.146716 0.0028511 0.0433245 0.130399 0.0388381 0.0600613 0.120229 0.0032918 -0.020615 0.000940693 0.0966599 0.138942 0.157475 0.0974086 0.116633 0.00600356 0.0826266 0.180962 0.0899109 -0.0150593 -0.00245439 -0.00052095 0.158382 0.165496 0.0313149 0.127695 0.0146892 0.159908 0.170699 0.185711 0.0514431 0.0889452 0.181834 0.075852 0.135339 0.114451 0.0648297 0.0106647
internal_weight=39700.7 9159.62 30541.1 5260.86 7018.79 4756.79 3898.76 23522.3 2773.38 2450 3059.72 3959.07 504.072 21140.3 1448.76 2366.17 1983.42 1246.62 2382.03 407.209 1616.5 1912.38 631.645 2233.97 453.79 1443.22 722.136 387.745 651.223 942.949 494.545 1323.64 2635.44 1388.31 1342.37 1351.77 333.813 165.111 119.977 202.135 137.1 1522.9 373.261 844.716 322.964 1353.05 389.472 315.683 506.626 73.7886 148.053 285.455 200.275 130.875 610.496 781.115 1503.33 332.453 361.671 117.334 216.093 824.834
internal_count=694112 106228 587884 52102 123091 45498 54126 464793 24419 32856 52147 70944 6604 419460 21270 20316 21079 18018 45333 4103 26563 15950 7113 42671 4366 25584 11561 3864 10444 13293 5476 22654 48290 24697 16969 13966 3188 1808 1178 3252 1637 12360 4670 15805 5890 24086 3590 2901 8214 689 2662 2645 1838 1206 8751 10246 12182 4542 3617 1263 2995 13845
is_linear=0
shrinkage=0.05


Tree=4
num_leaves=63
num_cat=0
split_feature=6 6 6 8 4 4 6 4 6 6 6 5 6 5 5 8 6 5 2 4 4 2 0 5 2 5 1 1 5 4 4 5 5 4 5 1 5 8 1 2 2 6 1 2 1 2 5 4 2 1 0 6 5 2 5 2 1 5 5 1 5 6
split_gain=50659 3988.06 3786.93 820.354 619.894 419.955 374.294 364.656 240.085 217.95 214.585 161.774 107.924 106.212 98.1224 98.0513 84.3429 74.8989 67.656 69.9949 65.3048 64.051 63.9405 57.4199 55.5837 49.0686 46.317 42.3178 42.4601 41.3167 41.2668 39.3995 38.238 37.507 44.3228 36.4435 36.2005 34.7051 32.2339 39.7118 32.2185 31.405 30.2997 29.4813 30.6341 32.8977 35.5824 29.2388 33.659 30.8052 28.6134 28.6033 28.3346 33.0916 26.5616 26.0949 25.9519 24.544 24.3121 42.801 24.0159 23.9131
threshold=2824.0100000000007 437.13000000000005 8374.5800000000017 4.5000000000000009 7.5000000000000009 8.5000000000000018 21369.865000000002 11.500000000000002 4791.7700000000013 1234.0700000000004 1379.1500000000003 72.500000000000014 79.995000000000019 5.5000000000000009 19.500000000000004 2.5000000000000004 4138.0550000000012 13.500000000000002 16281.775000000003 2.5000000000000004 2.5000000000000004 5861.3050000000012 1.0000000180025095e-35 14.500000000000002 55344.990000000013 50.500000000000007 139.50000000000003 162.50000000000003 44.500000000000007 2.5000000000000004 15.500000000000002 22.500000000000004 45.500000000000007 2.5000000000000004 533.00000000000011 26.500000000000004 36.500000000000007 4.5000000000000009 30.500000000000004 11309.090000000002 11687.245000000001 41902.980000000003 68.500000000000014 7443.6900000000014 61.500000000000007 13423.850000000002 105.50000000000001 2.5000000000000004 30326.465000000004 110.50000000000001 1.0000000180025095e-35 803.35000000000002 133.50000000000003 15080.935000000001 658.50000000000011 8550.9500000000025 122.50000000000001 3.5000000000000004 3.5000000000000004 9.5000000000000018 2981.0000000000005 2493.0450000000005
decision_type=2 2 2 2 2 2 2 2 2 2 2 2 2 2 2 2 2 2 2 2 2 2 2 2 2 2 2 2 2 2 2 2 2 2 2 2 2 2 2 2 2 2 2 2 2 2 2 2 2 2 2 2 2 2 2 2 2 2 2 2 2 2
left_child=1 7 5 15 10 8 14 17 47 51 20 27 -9 -7 -5 23 -15 29 -16 36 25 57 32 -4 54 38 -21 28 -8 58 -17 -10 35 60 -35 -12 42 40 -3 -40 -18 -30 -20 -33 50 -46 -47 48 -2 -50 -45 -6 -48 -54 -13 -49 -25 -11 -1 -60 -26 -23
right_child=2 4 3 6 9 13 11 12 31 21 22 24 -14 16 18 30 37 -19 19 26 -22 61 -24 56 33 -27 -28 -29 41 -31 -32 43 -34 34 -36 -37 -38 -39 39 -41 -42 -43 -44 44 45 46 52 55 49 -51 -52 -53 53 -55 -56 -57 -58 -59 59 -61 -62 -63
leaf_value=-0.025675134046676762 0.059445509405193775 0.019272461818151128 0.029011253572878339 0.048116272213748867 -0.027934409554112857 -0.019330584401864331 0.098932079284310928 -0.048967057820085778 0.065995007801870439 -0.040175469198181761 0.066683599005451233 0.12316458320727078 -0.039838509849891547 0.025063147054265697 0.08764890738178123 0.064174986391746888 0.021796133961771713 0.018379671556154345 0.12456752628369605 0.11251522037968267 -0.0093186397650846884 0.0038015952809819266 0.018925429554313464 0.087112111339586129 0.15480578132269582 0.061013757417568426 0.08366648983371483 0.038722294612604451 0.13886104241205366 -0.032568969102883628 0.0069105341384087865 0.054422817428295758 0.066449574804428965 0.13926581213473765 0.044374718615977284 0.027954843247086254 0.12743483763176405 0.065218627986075903 -0.0042238023377691091 0.045670679586223922 0.051307591672943777 0.10675099233250609 0.08007774622180247 0.1280645051608261 0.068487938561901551 0.085960011407294909 0.14988869032523891 0.030526658147304014 0.15369854034462616 0.05602020200759035 0.091019129859190931 -0.01753615696374701 0.1716357902598287 0.07917669420734233 0.16944138597373204 0.053687927216840653 0.037044386041470874 -0.0091847930174836639 0.038135116717300029 -0.014441397792761299 0.099549614928034477 0.024751916771313012
leaf_weight=393.8799935169518 795.99667246639729 356.34289067611098 56.398808766156435 55.883760869503021 1693.2049530036747 79.395513202995062 180.03518912941217 15577.437778897583 263.99522732943296 70.643621828407049 71.694351319223642 307.18482005596161 4100.5397670939565 531.13231463357806 204.59797159582376 49.237614877521992 131.9000342041254 96.315457716584206 75.804374448955059 652.93890577554703 787.14468109980226 791.5188250914216 944.80176232755184 347.04052410274744 1434.1885745674372 45.189853224903345 180.97442524135113 17.19528491795063 253.72467645257711 1172.2737358920276 87.549707002937794 66.095253169536591 110.77085919678211 368.74209394305944 13.012730456888674 407.55906080454588 1277.8656391501427 278.42526402324438 489.03271169215441 43.319332338869572 316.76038734614849 114.61744540929794 81.412999048829079 89.820012331008911 229.41678161919117 695.31804686039686 41.515279613435268 173.74887689575553 18.644527308642864 14.847044840455053 133.30725126713514 1092.4821648262441 12.011784963309763 54.057124383747578 36.083247408270836 419.20641104504466 28.579497560858727 674.62431432679296 44.779781427234411 280.15031122043729 21.155906103551388 164.67578434944153
leaf_count=7704 10815 6233 796 631 32775 1327 1742 325269 3337 1307 1096 2578 82587 8101 2094 673 1945 1714 743 6443 14386 13431 15430 4013 10111 688 1775 166 2119 23403 1254 789 1629 2864 105 6503 11431 3569 8638 734 4282 1010 786 1022 2684 8043 462 2535 252 200 1584 20133 136 597 261 5855 330 12128 789 5229 177 2669
internal_value=-0.000706328 -0.033996 0.0953685 0.121654 -0.00319578 0.0600157 0.127806 -0.0450035 0.070383 -0.0152471 0.0134115 0.140605 -0.0470653 0.0366948 0.113905 0.0645688 0.0402353 -0.0245847 0.115387 0.117882 0.00128624 -0.00114391 0.0270036 0.076256 0.146805 0.0102302 0.106271 0.116672 0.1191 -0.0267765 0.0275916 0.0837716 0.0399253 0.150292 0.136057 0.0337716 0.124618 0.0513067 0.00763564 -0.00014651 0.0426496 0.128915 0.101626 0.0873137 0.0890369 0.0853546 0.0901587 0.055451 0.0615398 0.110842 0.106005 -0.023859 0.117143 0.0962959 0.128092 0.0469159 0.0833268 -0.0121341 -0.0173196 -0.00717075 0.154013 0.0074171
internal_weight=39598.2 29408.4 10189.8 5844.22 7743.01 4345.59 5275.42 21665.4 3007.98 4487.15 3255.86 2745.94 19678 1337.61 2529.48 568.806 1258.22 1987.4 2473.59 2269 1721.03 1701.46 1534.83 432.019 2180.37 933.885 833.913 565.573 548.377 1891.08 136.787 1585.54 590.024 1837.1 381.755 479.253 1435.08 727.086 888.695 532.352 448.66 368.342 157.217 1321.54 1255.45 1032.32 802.902 1422.44 829.488 33.4916 223.127 2785.69 107.584 66.0689 343.268 592.955 375.62 745.268 718.81 324.93 1455.34 956.195
internal_count=694112 584475 109637 52102 137780 57535 45036 446695 38311 82443 55337 21133 407856 19224 23903 7066 17897 38839 23272 21178 30679 29535 24658 5139 16096 16293 8218 5037 4871 37125 1927 18654 9228 13257 2969 7599 12960 9796 15605 9372 6227 3129 1529 15317 14528 11922 9238 19657 11267 452 2606 52908 1195 733 2839 8390 4343 13435 13722 6018 10288 16100
is_linear=0
shrinkage=0.05


Tree=5
num_leaves=63
num_cat=0
split_feature=5 2 5 2 5 2 5 2 4 5 5 4 2 4 3 8 4 2 4 3 2 5 3 3 4 4 2 3 2 3 3 0 4 4 5 4 5 3 2 2 3 8 4 3 2 4 5 8 4 4 2 2 3 3 2 3 8 2 3 2 3 8
split_gain=40452.4 4671.94 3413.23 798.313 790.005 426.633 340.699 287.388 257.342 210.073 207.863 196.004 142.007 113.948 106.234 104.224 103.52 96.5723 87.3626 79.7631 91.9624 71.1678 70.6665 64.7017 53.618 53.3806 52.5973 49.5471 48.3839 47.5337 47.1867 43.4751 42.851 42.3108 41.2214 39.8473 39.6729 39.07 39.0483 36.6134 35.9165 35.8545 33.7989 33.8515 33.4718 31.0356 30.8117 30.4009 29.3178 29.2098 28.1362 27.5096 60.9288 26.6847 26.6679 26.353 24.0912 23.3683 30.5736 23.0772 23.0103 21.9391
threshold=16.500000000000004 16281.775000000003 4.5000000000000009 5861.3050000000012 64.500000000000014 7242.4750000000013 1.5000000000000002 55344.990000000013 2.5000000000000004 28.500000000000004 39.500000000000007 2.5000000000000004 10241.440000000001 3.5000000000000004 22.500000000000004 4.5000000000000009 4.5000000000000009 27136.745000000006 5.5000000000000009 100.50000000000001 12505.535000000002 33.500000000000007 94.500000000000014 230.50000000000003 17.500000000000004 1.5000000000000002 1244.0700000000002 1472.5000000000002 2896.6700000000005 57.500000000000007 397.50000000000006 6.5000000000000009 336.50000000000006 2.5000000000000004 10.500000000000002 32.500000000000007 658.50000000000011 264.50000000000006 11309.090000000002 2716.0150000000003 254.50000000000003 4.5000000000000009 27.500000000000004 311.50000000000006 28633.675000000003 1.0000000180025095e-35 9.5000000000000018 4.5000000000000009 15.500000000000002 5.5000000000000009 25693.415000000005 177921.78000000003 360.50000000000006 5.5000000000000009 320.53500000000003 193.50000000000003 4.5000000000000009 9079.6700000000019 101.50000000000001 3758.8400000000006 94.500000000000014 2.5000000000000004
decision_type=2 2 2 2 2 2 2 2 2 2 2 2 2 2 2 2 2 2 2 2 2 2 2 2 2 2 2 2 2 2 2 2 2 2 2 2 2 2 2 2 2 2 2 2 2 2 2 2 2 2 2 2 2 2 2 2 2 2 2 2 2 2
left_child=2 5 6 11 9 8 32 13 21 35 19 14 22 45 26 -12 38 33 44 48 -21 29 46 31 -13 51 -4 49 -18 59 41 57 -1 40 -20 37 -27 -3 53 -26 -11 55 43 -22 -14 -6 -5 -10 -7 -25 -15 -9 -53 -8 -16 -19 -56 58 -17 -2 -23 -35
right_child=1 4 3 12 7 10 16 25 47 17 15 24 18 50 54 23 28 30 34 20 42 60 -24 27 39 36 -28 -29 -30 -31 -32 -33 -34 61 -36 -37 -38 -39 -40 -41 -42 -43 -44 -45 -46 -47 -48 -49 -50 -51 -52 52 -54 -55 56 -57 -58 -59 -60 -61 -62 -63
leaf_value=-0.044470710025286381 0.039863974184224021 0.072944654746996337 0.025211733429279837 0.011023752675278652 0.11250186986419959 0.075056446879512073 0.02838020058637258 0.12677544296075369 -0.0071601267339101472 0.106179331946973 0.01646105651026103 -0.015542279144847385 0.041561419755645201 0.055807514512122902 0.097618232198872612 0.1368611734714853 -0.039039528176406546 0.043488002000847938 0.0093975956891027279 0.022602851572895252 0.063787483809405604 0.071890984711098047 -0.001463843239973988 0.064489416745051528 -0.035174882526946991 0.11676944756213335 0.099282237374361801 0.18033488403706655 -0.027224654756507802 0.013857153532112766 0.086757573437531876 0.027252052424724251 -0.049933973271016487 0.040958316521334137 0.030978116314340859 0.020000947324466584 0.04400239055338015 0.051518113768551324 0.057759244147310734 -0.020853781201172237 0.075455841111694816 0.10870637955839862 0 0.032369422768843262 0.077770631280027647 0.097624273845576634 0.038913571811842157 0.0097545099002865968 0.02675400595855576 0.037211207773850959 0.084741150908621776 0.075318408246950574 0.14646072098547824 -0.018514437942187906 -0.0070711160074284508 0.094719636038934074 0.018231696859164793 0.10199126111014747 0.056492942727124851 0.096866090112967512 0.045190586987521458 0.070348830707628207
leaf_weight=5612.9366463050246 81.214358698576689 518.40780714526772 67.345610540360212 216.40106724947691 813.06479869782925 165.45209221914411 31.854813791811466 1100.7626646235585 520.24879270792007 160.35361924022436 100.10834017023444 1490.5233015939593 356.24654875323176 126.23558036610484 6.5376419723033896 14.438582316040991 3037.9939185678959 37.129703931510448 421.72247689962387 854.84998035803437 289.85385070741177 105.00307705625892 885.55836685746908 559.49049689620733 943.98883053287864 740.64194869995117 37.423813804984093 8.5830136239528638 1218.9957315959036 332.69655260816216 655.683240018785 27.3081767372787 10139.522880546749 78.468064591288567 467.72065962851048 54.920908220112324 19.608179174363613 367.33111737295985 18.344056140631437 852.75183960422873 244.3326723203063 754.32069155573845 30.525963686406612 123.35200545191765 78.456914268434048 647.14928311482072 183.70493375882506 542.39022438973188 39.386470705270767 120.79633474722505 265.41204756125808 32.989396721124649 439.08598540723324 575.68189179897308 593.62613788247108 82.245146442204714 111.6182538792491 223.57594788819551 69.275169681757689 23.021348413079977 368.33440991491079 367.82000464573503
leaf_count=120831 1306 5935 1142 3671 6653 2020 605 7391 9263 1510 1370 28487 5182 1314 120 158 63199 397 6933 12538 3687 1502 15442 6516 19018 5385 557 97 24219 5369 6080 344 221670 944 6839 734 145 4557 313 16343 2612 6470 440 1726 1037 5516 2818 9048 549 1595 2407 229 2701 11111 10471 884 1897 2373 828 307 5140 4089
internal_value=-0.000651047 0.0754449 -0.0343348 -0.00336624 0.0997611 0.0357642 -0.0444101 0.114216 0.0181877 0.081541 0.0489612 -0.0171163 0.018253 0.099481 0.00480294 0.0652373 -0.0328659 0.0894534 0.029746 0.0367905 0.0322042 0.0376974 0.00641074 0.0700013 -0.0225625 0.125906 0.051787 0.061196 -0.0356582 0.0231168 0.0969861 0.0880911 -0.0479879 0.0758999 0.0207537 0.0615058 0.114905 0.0640712 -0.0138632 -0.0283823 0.0876653 0.104646 0.0506808 0.0544306 0.0481245 0.105919 0.0238481 0.00146881 0.0658108 0.0596592 0.0754447 0.131212 0.141517 -0.0160431 -0.00211206 0.0788764 -0.00305736 0.0934708 0.0705609 0.0525821 0.0511382 0.0652028
internal_weight=39454.8 12105.9 27349 6713.63 7505.96 4599.91 20635.3 4184.95 1972.91 3321.01 2627 4103.82 2609.81 1851.86 816.551 1123.58 4882.87 2380.35 1324.15 1503.42 1298.58 910.27 1285.66 1023.47 3287.26 2333.09 104.769 688.87 4256.99 436.932 1529.38 334.598 15752.5 850.974 889.443 940.66 760.25 885.739 625.881 1796.74 404.686 873.696 443.732 413.206 434.703 1460.21 400.106 1062.64 204.839 680.287 391.648 1572.84 472.075 607.537 711.782 119.375 705.244 307.29 83.7138 104.236 473.337 446.288
internal_count=694034 132129 561905 119957 65953 66176 441948 31741 31935 34212 34241 78035 41922 15890 14187 13281 99447 22986 19991 20960 18391 13624 21931 11911 63848 15851 1699 8208 87418 6982 13831 3703 342501 9155 13772 11226 5530 10492 12029 35361 4122 7751 5853 5413 6219 12169 6489 18311 2569 8111 3721 10321 2930 11716 12488 1281 12368 3359 986 1613 6642 5033
is_linear=0
shrinkage=0.05


Tree=6
num_leaves=63
num_cat=0
split_feature=6 6 6 8 4 4 6 4 6 6 7 6 4 8 4 6 4 8 3 4 6 8 8 4 0 3 1 3 6 6 3 4 3 1 3 1 3 1 3 6 1 3 3 4 4 1 1 1 4 1 4 3 4 6 4 3 1 6 8 4 4 6
split_gain=38502.9 3134.36 2700.22 533.241 463.99 340.436 338.544 217.989 166.981 142.468 129.774 90.0279 87.6299 82.0319 70.9569 68.0608 57.2944 53.1258 45.3436 44.1764 41.7787 38.0038 50.8152 33.7444 33.4632 31.6127 29.772 27.7342 27.0182 26.0709 25.2516 24.8728 24.2135 23.3094 22.9844 21.3642 28.387 21.2703 21.0372 20.7443 20.4567 41.5952 19.656 19.6448 19.6018 21.9861 19.4139 18.8527 18.341 18.2468 17.9937 26.1692 17.9278 20.467 17.2533 16.7849 16.4377 16.2923 16.0584 16.0114 15.9771 15.5386
threshold=2434.4100000000003 399.03000000000003 6669.4150000000009 4.5000000000000009 9.5000000000000018 6.5000000000000009 18773.655000000002 4.5000000000000009 1129.5400000000002 1234.0700000000004 3.5000000000000004 3692.4500000000003 1.5000000000000002 2.5000000000000004 1.5000000000000002 4390.2250000000013 1.5000000000000002 4.5000000000000009 274.50000000000006 1.5000000000000002 10349.92 4.5000000000000009 2.5000000000000004 15.500000000000002 1.0000000180025095e-35 1041.5000000000002 17.500000000000004 61.500000000000007 119.84000000000002 182341.33500000005 25.500000000000004 65.500000000000014 418.50000000000006 110.50000000000001 127.50000000000001 22.500000000000004 233.50000000000003 129.50000000000003 209.50000000000003 803.35000000000002 145.50000000000003 776.50000000000011 145.50000000000003 1.0000000180025095e-35 1.0000000180025095e-35 41.500000000000007 49.500000000000007 12.500000000000002 76.500000000000014 294.50000000000006 17.500000000000004 449.50000000000006 28.500000000000004 2613.1550000000002 14.500000000000002 61.500000000000007 19.500000000000004 12547.26 4.5000000000000009 1.0000000180025095e-35 516.50000000000011 47875.92500000001
decision_type=2 2 2 2 2 2 2 2 2 2 2 2 2 2 2 2 2 2 2 2 2 2 2 2 2 2 2 2 2 2 2 2 2 2 2 2 2 2 2 2 2 2 2 2 2 2 2 2 2 2 2 2 2 2 2 2 2 2 2 2 2 2
left_child=1 5 7 13 8 17 14 15 19 39 60 52 25 27 35 24 26 43 -14 47 37 22 46 34 30 42 -10 -4 -12 49 -2 -11 -28 -34 55 -5 38 -16 -37 -6 41 -32 -8 56 45 -29 -13 -3 -25 -27 -20 -52 53 -9 -22 -15 -1 59 -49 -38 -7 -46
right_child=2 4 3 6 9 10 12 11 16 31 28 21 18 23 20 -17 -18 -19 50 -21 54 -23 -24 48 -26 29 32 44 -30 -31 40 -33 33 -35 -36 36 57 -39 -40 -41 -42 -43 -44 -45 61 -47 -48 58 -50 -51 51 -53 -54 -55 -56 -57 -58 -59 -60 -61 -62 -63
leaf_value=-0.00018288476318808439 0.13917053745009253 0.03201591410430385 0.024420589343516159 0.035528646007084004 -0.027628329097014903 -0.046357352735355441 0.083273022391226192 0.0041115999720030714 0.06201545126018955 -0.0016555905619734951 -0.043320728019160037 0.054289280749903704 0.077034918406828343 0.064612240518038308 0.071974186366837084 0.062072452334822573 0.010444349126217126 0.023559185029576459 0.10149867900618684 -0.010528040688545331 0.085726795028947478 0.049229533074980535 0.011208524021349427 0.017849261247463145 0.036757078037954603 0.11896598344533452 0.0225767697782891 0.14217266878455209 -0.036092387923452533 0.14494286701457865 0.052358968912240823 -0.0238335931949426 0.087041276946664525 0.023417337364673496 0.076205519293831694 0.098125515002195893 0.088530952232216034 0.051203487599953329 0.12970953730683338 -0.018469626240434307 0.016894993414871089 0.14993066250123388 0.10902063451995592 -0.025333402320424376 0.063305419825574638 0.075160027790745376 0.032017579669954402 -0.0022257306759833075 -0.035143907015356406 0.085211241175917607 0.11544384535361991 0.025222978085765169 0.0066102874511940876 0.026453272686066284 0.058720839297113574 -0.0067414961757793872 -0.024442694625304129 0.094632865062743418 0.016847255867181509 0.073029468846326842 -0.050040215377463948 0.024102497910617582
leaf_weight=167.99767761677504 8.4095780551433545 64.855504874140024 45.964706510305405 17.678097501397133 1727.3308030217886 4620.31262165308 81.766599699854851 123.77184534817934 61.398922093212605 1144.629263471812 2423.9037241972983 171.33642226085067 267.27054866403341 13.357209481298922 587.64773800969124 1024.3270129784942 1069.3620019853115 68.283749368041754 1013.0913761779666 1036.1038701273501 815.02692823112011 545.97015126049519 212.20386082306504 107.95077323541045 650.78735307231545 614.55304222553968 605.51407618820667 15.294740252196787 2818.7800939679146 97.279575675725937 552.36354125291109 142.12614022195339 30.04040914028883 28.265128180384636 42.893602311611176 314.08670005202293 493.78276812285185 160.08680785447359 66.333869628608227 971.55547269433737 39.581655830144882 11.134783737361429 1451.6093469709158 909.30700297281146 494.09581459313631 69.442447148263454 234.36185062304139 370.11159692332149 19.090243514627218 45.274174824357033 13.959658376872538 19.370249204337597 227.22828668728471 613.58094959333539 66.126510962843895 20.950597234070301 119.90074353665113 552.23087252676487 156.94036847725511 265.96512517333031 8540.550242241472 27.253815166652203
leaf_count=3281 106 1085 584 161 35227 104537 613 1978 857 20069 54196 2291 2124 185 5760 11220 17714 1213 6965 19480 6778 6586 3114 1492 8672 3667 9305 163 60195 553 7061 2607 443 401 510 2641 4168 1526 543 18458 485 139 9379 18621 5330 697 2966 6614 287 274 110 148 3606 9084 586 269 2349 4076 2576 2265 195367 277
internal_value=-0.000687264 -0.0339305 0.073006 0.0906942 -0.00621068 -0.0443706 0.0952868 0.0417565 0.00729144 -0.0178065 -0.0460958 0.0302329 0.105923 0.0534429 0.0838014 0.052479 0.0178105 -0.0192765 0.0955735 -0.00430123 0.076297 0.0395984 0.0310738 0.025732 0.0446858 0.111852 0.0286624 0.0621098 -0.0394361 0.120329 0.0531084 -0.00411077 0.0255611 0.0563764 0.0517964 0.0909418 0.0915155 0.0675414 0.103679 -0.024334 0.0518772 0.0543221 0.107656 -0.0217257 0.0649554 0.0874678 0.0414469 0.00658998 0.00982536 0.116671 0.100296 0.0633923 0.0189243 0.0227109 0.0837127 0.0210007 -0.0103087 0.0879773 0.00344627 0.0831212 -0.048748 0.0612707
internal_weight=39291.8 27077.3 12214.5 7799.43 7408.23 19669 6943.14 4415.06 3422.59 3985.64 18403.5 2128.45 3604.17 856.294 3338.97 2286.6 1794.58 1265.49 1313.69 1628.01 1628.89 1163.87 617.902 204.242 1262.28 2290.48 725.219 652.052 5242.68 757.107 611.49 1286.76 663.82 58.3055 77.2014 1710.08 1692.4 747.735 380.421 2698.89 603.08 563.498 1533.38 1197.21 606.087 84.7372 405.698 591.907 127.041 659.827 1046.42 33.3299 964.581 737.353 881.153 34.3078 287.898 1311.98 527.052 759.748 13160.9 521.35
internal_count=694034 574595 119439 62131 134836 439759 52337 57308 58475 76361 414295 29625 23833 9794 28504 27683 28720 25464 9347 29755 14650 14957 8371 2743 16463 14486 11006 7051 114391 4494 7791 22676 10149 844 964 13854 13693 7286 3184 53685 7685 7200 9992 24251 6467 860 5257 10275 1779 3941 7223 258 14668 11062 7364 454 5630 10509 9190 6433 299904 5607
is_linear=0
shrinkage=0.05


Tree=7
num_leaves=63
num_cat=0
split_feature=5 2 5 5 2 2 4 4 2 5 5 4 1 1 1 1 2 4 1 4 5 4 1 2 5 4 4 2 2 4 2 2 3 1 2 4 4 4 4 2 5 2 4 2 1 4 1 1 2 2 1 3 5 2 1 4 5 2 4 1 2 4
split_gain=31649.9 3608.89 2390.47 573.265 524.567 400.043 232.79 212.374 193.646 180.228 164.191 159.243 145.475 134.183 120.372 114.136 104.192 76.3359 76.2811 71.8858 71.0816 66.9185 63.6295 61.7706 60.822 40.8775 40.8755 40.795 39.9752 38.7726 37.9824 36.9254 36.8795 36.3178 34.2911 34.7692 33.4335 33.3111 30.9985 29.966 29.952 29.0795 29.0546 28.264 27.9711 26.0885 25.9486 24.6174 32.9522 24.2046 41.5933 39.1768 24.068 24.0556 23.5301 23.0405 23.0152 22.3771 22.3181 22.2452 27.5725 22.3846
threshold=13.500000000000002 16281.775000000003 3.5000000000000004 64.500000000000014 5177.7850000000008 7242.4750000000013 2.5000000000000004 64.500000000000014 55344.990000000013 28.500000000000004 38.500000000000007 5.5000000000000009 110.50000000000001 60.500000000000007 44.500000000000007 84.500000000000014 19241.770000000004 5.5000000000000009 10.500000000000002 3.5000000000000004 33.500000000000007 5.5000000000000009 27.500000000000004 27136.745000000006 6.5000000000000009 1.5000000000000002 13.500000000000002 42534.970000000008 9910.5500000000011 516.50000000000011 3447.6850000000004 3931.7000000000003 230.50000000000003 24.500000000000004 10575.630000000001 18.500000000000004 55.500000000000007 2.5000000000000004 25.500000000000004 8818.9050000000007 572.50000000000011 11309.090000000002 2.5000000000000004 3758.8400000000006 38.500000000000007 7.5000000000000009 62.500000000000007 31.500000000000004 3370.2700000000004 177921.78000000003 294.50000000000006 372.50000000000006 22.500000000000004 5442.0850000000009 152.50000000000003 16.500000000000004 10.500000000000002 2492.2050000000004 2.5000000000000004 144.50000000000003 25693.415000000005 1.0000000180025095e-35
decision_type=2 2 2 2 2 2 2 2 2 2 2 2 2 2 2 2 2 2 2 2 2 2 2 2 2 2 2 2 2 2 2 2 2 2 2 2 2 2 2 2 2 2 2 2 2 2 2 2 2 2 2 2 2 2 2 2 2 2 2 2 2 2
left_child=2 5 7 9 11 6 20 21 19 15 13 18 23 26 24 36 39 32 58 54 22 41 31 42 -6 -18 44 -14 -15 57 -13 -2 -12 -32 35 -26 52 49 53 -16 -39 -1 -11 -23 -7 -29 -22 48 -20 50 -10 -51 -3 -8 59 -21 -41 -9 -4 61 -61 -5
right_child=1 3 4 8 14 10 38 29 37 12 17 30 27 28 16 -17 25 -19 47 55 46 43 -24 -25 34 -27 -28 45 -30 -31 33 -33 -34 -35 -36 -37 -38 40 -40 56 -42 -43 -44 -45 -46 -47 -48 -49 -50 51 -52 -53 -54 -55 -56 -57 -58 -59 -60 60 -62 -63
leaf_value=-0.021873272120695907 0.031946754667265917 0.052893730656867588 0.039875382912428023 0.09206191839289285 0.0036645158335424951 0.066994695338658303 -0.0020976145421327599 -0.045797390055834518 0.099410750131959949 0.078151888414100243 0.072746100170791958 -0.029717471155829844 0.044324844135906302 0.0040565881070346223 -0.016960707156747978 0.025828201712573419 0.083631602822498041 0.029634736834820343 -0.0088340411782371724 0.064218526390701955 0.052719660604115474 -0.039393507104375142 0.0079951496837166978 0.086524041478894878 0.030633313010932146 0.020511187110362091 0.026428701822030942 0.073498462392103864 0.024691023672084235 -0.049769842184097829 0.0044198159902767899 0.089453873567435574 0.052383554243228991 -0.022357127310838765 0.041623831082481126 0.0038759964675034462 -0.019838328004050197 0.090203952466468673 -0.015529303115984334 -0.0082973850516154211 0.020342057643305753 0.053112235166373235 0.057781966982198778 -0.025358808546358542 0.043928495190814779 0.040691648537795978 0.029609001646568725 -0.019160704191203491 0.020941747432563568 0.065086507786936795 0.03493729649932048 0.11395202638016122 0.070221150274930796 0.013383329305040763 0.075206054934147989 0.025797489428870758 0.01313372698534742 -0.037371141647161155 -0.0043062837457720753 0.070923246100405582 0.12660641342617759 0.076478323272445664
leaf_weight=715.42329131439328 132.85190150141716 516.60138322412968 111.01059962064028 541.77556100487709 383.73688845708966 189.86781496554613 786.55526203662157 4968.286246329546 1433.7627579718828 344.09697694331408 339.8761856071651 2282.7813344113529 471.6220502667129 358.20767335221171 532.55391841009259 387.79607231914997 29.539013251662254 278.0879191160202 510.01367731019855 393.44506499171257 302.95498982816935 2582.2816318422556 439.28913137689233 1134.0364793501794 307.25499722361565 195.74463831633329 236.27821565791965 291.56484767794609 684.48877310007811 8253.2156998217106 158.40945767983794 35.540928233414888 662.07152985781431 624.70504006370902 290.40602034330368 201.4988201521337 13.268870953470467 593.62629964202642 286.76554933190346 330.89237767457962 16.008698031306267 13.037084251642225 367.63379412889481 420.02730353549123 442.00478833541274 78.03995943069458 205.85949535295367 412.6174531839788 113.45653587207198 45.266642816364765 25.844920068979263 563.84261222928762 335.85174315795302 368.12767655402422 602.13419725745916 44.024851366877556 201.45388561859727 949.10693274065852 38.19408667832613 33.112904660403728 74.396086290478706 420.95104933530092
leaf_count=14811 2054 5741 1759 3831 6810 2153 14005 116379 8414 2964 3274 48234 4686 5481 10014 4688 385 3451 9498 3295 3946 58567 6981 8766 4813 2922 3274 2249 9234 197480 2996 435 7046 12563 3999 3418 185 3866 5369 5752 115 221 3636 8909 5533 685 2696 7806 1906 282 157 3017 3345 5870 4417 426 3104 21451 749 273 523 3125
internal_value=-0.000713818 0.0579532 -0.0352047 0.0782127 -0.00978571 0.0271906 0.0124556 -0.0447524 0.0898409 0.0640797 0.0390004 -0.0204374 0.0713889 0.0297087 0.00852247 0.0484036 -0.00203648 0.0528638 -0.00486807 0.0784892 0.0295933 -0.0341317 0.0180305 0.0792517 0.0200425 0.0288431 0.0442326 0.0541235 0.0176081 -0.047548 -0.0264546 0.0441597 0.0593024 -0.0169344 0.0278992 0.0200484 0.0585062 0.098778 -0.000816351 -0.00857597 0.0883813 -0.0205173 0.0676467 -0.0374326 0.0508769 0.0665979 0.0433869 -0.00968575 -0.00340506 0.101835 0.098275 0.11034 0.0597337 0.00283431 0.083222 0.0603702 -0.000176952 -0.0444474 0.0285368 0.0877198 0.109584 0.0852619
internal_weight=39103.2 14477.5 24625.6 8728.7 6724.27 5748.83 2557.94 17901.4 4788.19 3940.51 3190.88 4251.19 2686.99 1910.85 2473.08 1253.52 1290.18 1280.04 1185.29 2109.84 1116.5 3730.77 607.682 1845.77 1182.9 225.284 868.151 841.227 1042.7 14170.6 3065.9 168.393 1001.95 783.114 799.16 508.754 865.722 2678.35 1441.45 1064.9 609.635 728.46 711.731 3002.31 631.873 369.605 508.814 1036.09 623.47 2068.72 1459.61 609.109 852.453 1154.68 1672.37 437.47 532.346 5917.39 149.205 1070.24 107.509 962.727
internal_count=694034 149488 544546 68686 126728 80802 41356 417818 31741 36945 39446 85511 22986 25675 41217 13959 22177 13771 21718 15890 16112 82508 9470 15366 19040 3307 10960 7620 14715 335310 63793 2489 10320 15559 12230 8231 9271 15851 25244 18870 3981 15032 6600 67476 7686 2934 6642 19210 11404 11870 8571 3299 9086 19875 12169 3721 8856 137830 2508 7752 796 6956
is_linear=0
shrinkage=0.05


Tree=8
num_leaves=63
num_cat=0
split_feature=6 6 6 4 4 5 6 4 6 6 6 5 4 5 5 6 4 3 4 6 4 1 4 4 2 1 5 4 2 2 5 2 6 2 5 5 2 5 4 1 5 2 1 4 4 2 1 2 4 5 3 3 2 1 2 6 3 1 4 4 1 5
split_gain=30145.8 2984.44 1756.16 393.289 338.185 329.035 240.922 148.114 132.865 125.648 92.6505 80.1897 73.3475 72.1968 60.3711 57.4176 51.7358 46.0168 43.9098 43.5355 42.1301 39.1737 37.1777 36.8696 30.4495 33.2646 31.2337 30.3343 28.7876 27.8712 27.1999 30.2803 27.7429 26.5569 26.4653 25.3585 24.809 24.7466 24.2217 24.1765 24.2217 29.0195 28.6446 23.0504 22.6728 22.6382 22.6594 22.5212 22.1274 21.2598 20.424 20.0848 23.2542 19.5349 33.2854 19.5121 18.9815 18.8878 18.9452 18.2267 17.8988 31.1722
threshold=2434.4100000000003 399.03000000000003 6669.4150000000009 9.5000000000000018 16.500000000000004 34.500000000000007 14765.125000000002 4.5000000000000009 1129.5400000000002 1234.0700000000004 79.995000000000019 4.5000000000000009 1.5000000000000002 12.500000000000002 13.500000000000002 3692.4500000000003 14.500000000000002 141.50000000000003 1.5000000000000002 4390.2250000000013 4.5000000000000009 90.500000000000014 32.500000000000007 1.5000000000000002 136133.35500000001 294.50000000000006 167.50000000000003 1.0000000180025095e-35 55344.990000000013 950.30000000000007 24.500000000000004 15080.935000000001 15611.660000000002 19241.770000000004 175.50000000000003 3.5000000000000004 4944.5650000000014 445.50000000000006 516.50000000000011 17.500000000000004 33.500000000000007 32232.585000000003 37.500000000000007 8.5000000000000018 9.5000000000000018 5861.3050000000012 33.500000000000007 8550.9500000000025 1.0000000180025095e-35 727.50000000000011 418.50000000000006 1614.5000000000002 273750.53000000009 50.500000000000007 6341.6350000000011 14765.125000000002 432.50000000000006 24.500000000000004 22.500000000000004 56.500000000000007 104.50000000000001 65.500000000000014
decision_type=2 2 2 2 2 2 2 2 2 2 2 2 2 2 2 2 2 2 2 2 2 2 2 2 2 2 2 2 2 2 2 2 2 2 2 2 2 2 2 2 2 2 2 2 2 2 2 2 2 2 2 2 2 2 2 2 2 2 2 2 2 2
left_child=1 4 7 8 14 13 16 19 23 36 38 -9 24 43 20 53 27 -14 39 34 -1 22 30 29 25 -8 51 -7 44 -3 32 -32 -15 -31 -2 -11 59 60 -6 -10 41 -41 -42 -4 -19 -20 -47 -17 56 -28 -44 52 -26 54 -13 -33 -36 58 -56 -5 -30 -62
right_child=2 3 5 9 10 6 12 11 18 35 -12 15 17 21 -16 47 -18 28 45 -21 -22 -23 -24 -25 26 -27 49 -29 37 33 31 55 -34 -35 48 -37 -38 -39 -40 40 42 -43 50 -45 -46 46 -48 -49 -50 -51 -52 -53 -54 -55 57 -57 -58 -59 -60 -61 61 -63
leaf_value=-0.018447570856918751 0.036694338181274287 0.037533645132902506 0.044288063601004783 -0.022993278479401188 -0.045155399297603677 0.074134408343937655 0.086442575975388028 -0.026631309386987434 0.053968309101062331 -0.030500260695602882 -0.03819700512355402 0.0086897010581129461 0.038612800652276541 0.059389881227204337 0.01553602436217621 0.018901614587821556 0.033802896556763301 0.073605534020468696 0.0016985957473785172 0.051108674027368864 -0.032992920089050977 0.036047299157957111 0.022272371507040051 -0.0097188334434155713 0.096809879317356143 0.021835497780586875 0.10987371033857324 0.062270856294906841 0.094641471702750682 0.00099606948212549841 0.035629806240020698 0.081183643974351488 0.029983935411594633 0.10401527565888571 0.17049354488296792 -0.0019790639854517186 -0.015190799062469305 0.045973037826461366 -0.049597197209595156 0.014818708560852956 0.077909263667430215 0.11485704851602177 0.018831401607066339 0.0056055328266888683 0.048196750793650794 0.049877940800525586 0.013178435656787002 0.03790208376509617 0.027342952323256328 0.082866534069604772 0.063386342684848593 0.038846084888010238 0.066347674434389492 0.012370843530846795 0.11224179873474711 0.059616049191336451 0.066519181747195774 0.03267980689188818 0.036473036739018506 -0.034100829711738792 0.057072936973514114 0.084272371279628167
leaf_weight=909.41900644078851 1321.9749535396695 62.354315459728241 62.256495658308268 1340.7670768126845 5154.7230576835573 869.70739518105984 2098.3921524882317 69.843416899442673 65.743497401475906 83.31878324970603 3101.0003605075181 155.93284921720624 78.63104759901762 380.1944817006588 89.249922312796116 185.75991152599454 127.08416360616684 437.77370715141296 519.07456175982952 1121.9845460802317 1107.4848697707057 215.33968517184258 63.71196061372757 1017.9839956313372 235.92867279797792 20.403787910938263 419.85181910544634 1471.7477525547147 296.03558198362589 529.46857333183289 59.205148383975029 313.43352170288563 103.06296649575233 6.2327339053153983 8.9818886741995865 1196.6749479472637 733.12903978303075 45.656114786863327 7808.5645406208932 490.3415979668498 35.36871861666441 7.2776004821062079 126.04264106601477 101.73408709093928 112.52161603420973 45.799778290092945 523.30632124096155 1022.0444249585271 10.823742371052502 92.42522694170475 32.494500383734703 22.327343344688416 88.555191643536091 547.57842665165663 16.131273746490479 163.77777124196291 9.3343716412782651 216.58213686197996 17.611613646149635 514.71622204780579 127.04185350239277 686.89229462295771
leaf_count=18798 16123 973 750 28156 126718 6427 12440 1232 857 1667 71768 2581 585 3654 1556 2469 1211 2968 8778 11220 25254 1921 751 19480 1306 123 2111 11793 1970 9210 552 2634 1003 92 104 21009 14455 285 195665 7514 459 94 1670 1428 872 731 8205 11986 130 484 412 115 486 7745 230 1295 106 3118 264 11074 926 4041
internal_value=-0.000732296 -0.0326379 0.059992 -0.00570581 -0.0435021 0.073309 0.0776859 0.0353812 0.00653689 -0.0166613 -0.0459724 0.0260339 0.0842624 0.0516642 -0.0246564 0.027739 0.0649933 0.0762104 0.0157039 0.0438119 -0.0264382 0.0556139 0.0594947 -0.00392866 0.0890834 0.0858238 0.0971057 0.0666826 0.0779381 0.00591874 0.0618132 0.0696094 0.0531364 0.00222319 0.0377455 -0.00384174 -0.0229979 0.0824556 -0.0478317 0.0249527 0.0221795 0.0163146 0.0371887 0.0203393 0.0684289 0.00926133 0.0161489 0.0349858 0.0849746 0.105028 0.0280293 0.0853624 0.0885348 0.0185548 0.0268725 0.0738062 0.118426 0.0381709 0.0730678 -0.0260789 0.0839475 0.0800407
internal_weight=38898.8 25500.5 13398.3 7330.09 18170.4 8693.69 7230.98 4704.58 3461.49 3868.61 16064.3 2231.48 4762.44 1462.72 2106.15 2161.64 2468.54 1784.55 1845.45 2473.1 2016.9 1298.73 1083.39 1616.04 2977.88 2118.8 859.088 2341.46 1705.92 598.056 1019.67 536.416 483.257 535.701 1351.11 1279.99 2588.61 1155.63 12963.3 757.269 691.525 497.619 193.906 163.991 550.295 1088.18 569.106 1207.8 29.14 512.277 158.537 346.811 324.484 953.836 406.258 477.211 18.3163 250.325 33.7429 1855.48 1109.97 813.934
internal_count=694034 574595 119439 134836 439759 62131 48143 57308 58475 76361 394151 29625 28712 13988 45608 28393 19431 11647 28720 27683 44052 11810 9889 29755 17065 12563 4502 18220 11062 10275 9138 4481 4657 9302 16463 22676 53685 7222 322383 11006 10149 7608 2541 2178 3840 17714 8936 14455 340 2595 2082 1907 1792 13938 6193 3929 210 3612 494 39230 6937 4967
is_linear=0
shrinkage=0.05


Tree=9
num_leaves=63
num_cat=0
split_feature=6 6 6 4 5 4 6 6 6 7 5 4 4 4 5 6 5 4 3 2 2 2 6 4 4 5 4 4 4 5 3 3 5 3 2 2 5 6 5 3 5 6 6 0 4 6 4 2 5 2 3 0 6 5 2 5 2 5 6 4 3 5
split_gain=26913.6 2301.06 1971.27 365.852 273.015 264.836 205.295 205.195 132.076 101.925 99.9295 76.9361 66.8802 62.144 60.3886 50.6573 41.9918 41.7877 37.2005 31.6376 30.8702 28.7674 28.5172 27.9659 27.3148 26.9044 26.4152 24.6918 24.2855 23.9614 23.9243 22.3286 21.8051 20.3359 20.4636 19.849 19.5966 19.479 21.6475 18.2351 19.2777 18.0484 18.0226 24.1937 17.9667 17.732 17.0968 16.6873 16.686 16.6692 18.1301 16.8021 16.5548 16.4763 16.4093 16.371 16.2234 15.5758 15.5309 15.2917 15.4305 15.0746
threshold=1955.8800000000003 314.04500000000002 6669.4150000000009 5.5000000000000009 34.500000000000007 6.5000000000000009 3393.6150000000002 14765.125000000002 913.61500000000012 3.5000000000000004 33.500000000000007 14.500000000000002 1.0000000180025095e-35 1.5000000000000002 8.5000000000000018 1129.5400000000002 5.5000000000000009 14.500000000000002 141.50000000000003 7871.4500000000016 4611.5500000000011 8550.9500000000025 56324.710000000006 55.500000000000007 34.500000000000007 78.500000000000014 2.5000000000000004 16.500000000000004 1.0000000180025095e-35 3.5000000000000004 397.50000000000006 57.500000000000007 24.500000000000004 25.500000000000004 10241.440000000001 61411.715000000004 2981.0000000000005 2493.0450000000005 4.5000000000000009 10.500000000000002 14.500000000000002 41902.980000000003 16536.615000000002 3.5000000000000004 1.0000000180025095e-35 119.84000000000002 623.50000000000011 4944.5650000000014 297.50000000000006 15080.935000000001 175.50000000000003 11.500000000000002 13942.755000000003 64.500000000000014 18417.425000000007 1224.0000000000002 28633.675000000003 522.50000000000011 1508.5450000000003 1.0000000180025095e-35 5.5000000000000009 167.50000000000003
decision_type=2 2 2 2 2 2 2 2 2 2 2 2 2 2 2 2 2 2 2 2 2 2 2 2 2 2 2 2 2 2 2 2 2 2 2 2 2 2 2 2 2 2 2 2 2 2 2 2 2 2 2 2 2 2 2 2 2 2 2 2 2 2
left_child=1 5 6 10 14 16 12 17 23 46 15 26 53 22 42 31 59 28 -15 29 -14 -13 -9 -5 32 -24 30 35 -6 -10 56 44 41 -17 -35 -20 55 -22 -39 -18 -41 -16 -4 -44 -3 -11 -7 -46 -30 -34 52 -52 -51 -2 -33 -27 -8 -37 -31 60 -1 -29
right_child=2 3 4 8 7 9 11 13 19 45 -12 21 20 18 24 33 39 -19 27 -21 37 -23 25 -25 -26 36 -28 61 48 58 -32 54 49 34 -36 57 -38 38 -40 40 -42 -43 43 -45 47 -47 -48 -49 -50 50 51 -53 -54 -55 -56 -57 -58 -59 -60 -61 -62 -63
leaf_value=0.028081086336743184 0.031564465879544451 0.019888946251539974 -0.012444883835979553 -0.02182073120012885 0.066963619004489175 -0.045474682405775152 0.04820070348009628 0.077352076982285856 -0.033116634078473026 -0.04191481379045453 0.03408304760453329 0.00028881312406050364 -0.00015967091036618055 0.035728371259485997 0.045970327408448045 0.045468421310796009 0.07147759625341929 0.03128839512886316 0.065187682350328416 0.0025217695722207561 0.010729944551057954 0.026982995225115547 0.059975294081154852 -0.032992208127716652 0.020273220233723795 0.08969348032710707 0.035798928208103778 0.054708728798384045 0.057489196533907133 -0.013388192873570274 0.034983564303385013 -0.0096342225978291746 0.031844731273661379 0.0061965575426721799 0.027055369508972044 0.077621401511121471 0.046967985954908781 -0.025631287694265554 0.022528705661967696 -0.0094123286872448714 0.030986969655599148 0.0025862365151777117 0.10555138085726934 -0.0063615067385435478 -0.0043082895890961615 -0.035323059645989287 -0.049468431042137134 0.05193606897832858 0.026059011165516399 0.08284783045978851 0.05100702008744952 0.090531227082553192 0.054064264886882291 0.056591300339241916 0.041989980582299399 0.12020418884084574 0.075718757068929346 0.040802949388967925 -0.0013412161514313621 -0.027987138607904569 -0.016784863779574839 -0.00079743228011793031
leaf_weight=21.570027098059654 349.47460905462503 141.14256585016847 53.041856352239847 2079.6204984113574 913.50017975270748 4434.1608731560409 978.36517328023911 2102.0435968190432 120.94196266308427 2160.4843047447503 278.88285569101572 128.75657003745437 298.42294096201658 80.682875022292137 614.67482939362526 42.933387245982885 8.7165248058736307 130.35244949907064 640.14532674849033 527.40795198827982 704.45173912122846 473.34580837190151 82.592339850962162 771.30077844113111 76.803236067295074 859.05786523222923 1259.6491823345423 102.48862272500992 1492.4886426255107 904.82503841817379 379.05155470967293 833.05867748707533 61.559652917087078 629.50027806311846 144.87210463732481 999.131710909307 26.408488795161247 23.688867893069983 1047.2818676196039 161.47727340459824 36.013977639377117 25.212964423000813 8.6369194686412829 10.599720098078249 287.35460401326418 1977.7969406619668 7063.8112788535655 13.715944338589905 44.307834587991238 128.60475247353315 425.25287332385778 29.204488918185234 85.561272643506527 82.10627742856741 15.551846500486134 48.32647430896759 57.664203338325024 30.532681733369827 381.22759357094765 612.31676035746932 161.91476412862539 13.683800600469111
leaf_count=449 4407 2400 783 44829 6427 113747 9969 11975 2563 54196 3914 1897 4863 585 5905 588 152 1211 4168 8885 11055 5859 504 17360 929 4199 14042 774 11456 17494 3694 15526 560 10098 2122 5825 153 403 14334 3250 597 249 111 154 5375 46791 185244 256 337 1014 3360 252 671 947 237 234 556 187 6840 13559 3405 108
internal_value=-0.000744654 -0.0337022 0.0520384 -0.0100271 0.0665638 -0.0439076 0.0292148 0.0704497 -0.0180028 -0.0455047 0.00596014 0.0374544 0.0184352 0.0763796 0.0472044 0.00223597 -0.0189772 0.0589905 0.0691306 -0.00791418 0.0147032 0.0212839 0.0807149 -0.0248459 0.0494325 0.0876564 0.0410917 0.0706346 0.0604608 -0.0118295 0.0457967 -0.00392846 0.0510619 0.0119773 0.0101083 0.0721942 0.0900928 0.0172041 0.0214565 0.00110722 -0.00200796 0.0442694 0.00252538 0.0439129 0.00517343 -0.0387666 -0.0479291 -0.00171296 0.056588 0.0570007 0.0593042 0.0535773 0.0714025 0.0363493 -0.00867742 0.091337 0.0497443 0.0765385 -0.00982135 -0.0241873 -0.0114709 0.0481327
internal_weight=38677.8 23810.6 14867.2 7172.34 9084.9 16638.3 5782.26 7565.74 4785.32 15636.3 2387.01 3276.83 2505.43 4985.09 1519.15 2108.13 1002.01 2580.65 1866.67 1934.4 2073.85 602.102 3118.43 2850.92 1446.87 1016.39 2674.73 1785.98 2450.3 1406.99 1415.08 1290.82 1370.07 817.306 774.372 1669.81 933.793 1775.42 1070.97 206.208 197.491 639.888 72.2785 19.2366 442.213 4138.28 11498 301.071 1536.8 730.183 668.623 454.457 214.166 431.581 848.611 907.384 1036.03 1029.66 1286.05 795.802 183.485 116.172
internal_count=694034 559877 134157 138487 62131 421390 72026 48143 97971 399978 40516 36017 36009 28712 13988 36602 21412 19431 11647 35782 30655 7756 17065 62189 12940 5090 28261 11062 18220 26897 14219 23794 12011 12808 12220 10180 4586 25792 14737 3999 3847 6154 1048 265 8031 100987 298991 5631 11793 5857 5297 3612 1685 5354 15763 4433 10525 6012 24334 17413 3854 882
is_linear=0
shrinkage=0.05


Tree=10
num_leaves=63
num_cat=0
split_feature=6 6 6 4 6 8 6 4 4 6 8 8 5 5 4 5 6 2 6 4 2 4 4 5 5 2 1 1 4 1 2 5 1 5 2 2 1 1 2 5 2 6 4 5 1 2 1 4 1 1 2 5 6 1 2 4 4 4 6 1 2 5
split_gain=24003.5 2057.59 1828.27 352.249 286.346 274.999 199.677 168.451 101.703 87.8171 78.6507 76.0163 71.899 64.4709 48.9049 44.0154 43.2958 39.1513 38.4938 37.1269 37.1059 31.6747 30.5103 29.5012 28.3302 28.3736 56.6858 31.7482 27.5024 26.8211 26.5548 25.6622 24.3563 23.6219 23.2648 23.1904 32.4749 23.062 32.5651 22.6113 22.4448 22.3735 21.5842 31.0823 21.5764 20.6722 27.9727 21.6997 21.0015 20.638 24.192 20.5448 20.2472 22.5506 19.9915 19.4397 18.6373 18.576 18.3896 21.2806 23.5764 19.738
threshold=1581.8900000000001 6669.4150000000009 220.04000000000005 9.5000000000000018 3492.9750000000004 4.5000000000000009 21369.865000000002 16.500000000000004 13.500000000000002 787.13000000000011 4.5000000000000009 2.5000000000000004 22.500000000000004 80.500000000000014 418.50000000000006 5.5000000000000009 10845.810000000003 15673.650000000001 787.13000000000011 2.5000000000000004 61411.715000000004 1.0000000180025095e-35 1.0000000180025095e-35 4.5000000000000009 44.500000000000007 12505.535000000002 75.500000000000014 26.500000000000004 58.500000000000007 239.50000000000003 500.21000000000009 88.500000000000014 140.50000000000003 4.5000000000000009 4611.5500000000011 10241.440000000001 55.500000000000007 27.500000000000004 7652.3150000000014 29.500000000000004 7049.3100000000004 41902.980000000003 2.5000000000000004 189.50000000000003 135.50000000000003 17649.240000000002 94.500000000000014 6.5000000000000009 148.50000000000003 39.500000000000007 5442.0850000000009 2981.0000000000005 2899.4400000000005 83.500000000000014 2441.5550000000007 1.5000000000000002 15.500000000000002 9.5000000000000018 475.04500000000002 22.500000000000004 2837.4300000000007 4.5000000000000009
decision_type=2 2 2 2 2 2 2 2 2 2 2 2 2 2 2 2 2 2 2 2 2 2 2 2 2 2 2 2 2 2 2 2 2 2 2 2 2 2 2 2 2 2 2 2 2 2 2 2 2 2 2 2 2 2 2 2 2 2 2 2 2 2
left_child=2 4 7 12 8 11 16 19 24 28 15 44 18 41 54 -6 42 22 30 23 29 -17 -14 -1 25 26 33 -27 -5 32 -4 57 -15 -2 -10 -23 -37 55 -39 -18 -11 -8 -7 -44 -3 -41 -47 -48 -49 50 -35 -22 -29 -54 -9 -20 -13 -26 -32 60 61 -60
right_child=1 5 3 9 10 6 13 14 34 40 -12 56 17 20 -16 21 39 -19 37 -21 51 35 -24 -25 31 27 -28 52 -30 -31 58 -33 -34 49 -36 36 -38 38 -40 45 -42 -43 43 -45 -46 46 47 48 -50 -51 -52 -53 53 -55 -56 -57 -58 -59 59 -61 -62 -63
leaf_value=-0.02204595032377803 -0.024950493813144299 0.044790457542845857 0.021737709542004706 -0.024664552774516121 -0.01800767281917599 0.054885701946172018 0.06603286649222298 -0.044074119485662588 -0.013000973283151893 -0.016761633748402546 0.040876733740461246 0.027865568053192805 0.034752098743916986 0.057848191716122759 -0.048907749384860255 0.049336414577597798 0.043334661401873802 0.12843613388607408 0.029841175946876016 -0.033119081134953939 0.078726015854808276 0.010847906831796423 0.0064338666657084214 0.010070569348973489 0.042091705448983406 0.1275132717876255 -0.0058250933731422002 0.018688197397296265 -0.03507681899246317 0.0047417172322256644 -0.016694972860649634 0.012747662793356696 0.079307501382545012 0.0189894540672495 0.005543409094312033 0.041151278756613556 0.018585105248439496 -0.0079942324142574222 0.014331327888157773 0.043086612441384703 -0.0027088106302976182 0.050118038507002784 0.045934248596322294 -0.0088899909884044819 0.0015533470390189203 0.071341056670105304 0.061291328015792047 0.05230624660167859 0.011627521496967752 0.01449591217252532 0.040867987008238481 0.037706585401780131 0.056982214691172109 0.02160534188315015 -0.035940531001424712 0.0042411552749916292 -0.0014586601016279399 -0.0078124356769568781 -0.021624023954660725 -0.010738123500016765 0.053345365569120742 0.014296133307131618
leaf_weight=318.75084866210818 29.811587687581778 738.72881855815649 65.39019925519824 1940.9333366416395 57.680918719619513 1163.8826878964901 656.07748282700777 5072.8660738356411 210.04059661924839 1074.3018291592598 2139.6778552830219 89.185280859470367 145.44033283740282 355.56272752583027 7626.2161529585719 135.86104930192232 181.71647384017706 7.8357580639421931 126.5553146712482 870.460883282125 2325.6897386983037 262.97118205204606 276.40104251354933 91.868986412882805 306.46389801427722 7.8613462932407847 281.21784017980099 304.11700486019254 949.19375562667847 18.649365559220314 670.68793005123734 130.38828007504344 216.46717430651188 330.60456135869026 865.0326768271625 284.94290049374104 365.40711824595928 549.02819294109941 232.33878824114799 141.74283223599195 387.57798859849572 341.56457588076591 751.46120880544186 26.585885353386402 30.284013919532299 695.93895836174488 1379.1032781973481 129.94802264124155 42.506944172084332 737.4763684310019 206.28850580006838 31.681690335273743 93.518907342106104 88.389832399785519 900.36959645524621 180.3217323794961 137.04327028989792 19.646792974323034 57.761060122400522 468.43006480112672 25.773975182324648 112.56556483358145
leaf_count=7046 477 6737 1236 44327 932 8403 3971 133612 3925 21860 21357 950 2064 2059 209038 1394 1429 108 1949 21145 11535 3385 4486 1747 3809 102 3986 4218 22520 98 13900 1593 1184 4939 13677 3248 4111 9840 3711 982 6967 2115 6163 225 268 4397 8484 899 309 10700 2857 183 1109 1036 23206 3288 1785 296 1124 9058 494 2050
internal_value=-0.000678192 0.0453518 -0.0345732 -0.0140216 0.0244989 0.0604767 0.0634028 -0.0446141 0.0148077 -0.0230341 0.0352753 0.0355985 -0.000580575 0.0716257 -0.0462475 0.0244398 0.0562108 0.0183026 -0.00384319 -0.0272681 0.0753548 0.0267797 0.0162151 -0.0148476 0.0202715 0.0177881 0.01452 0.0282637 -0.028087 0.0640658 -0.00932497 0.0315659 0.06599 0.0189109 0.00191481 0.0234138 0.0284847 0.00320766 -0.00134836 0.060482 -0.0130398 0.0605947 0.0505508 0.0440536 0.0430947 0.0617822 0.0629571 0.0591889 0.0423212 0.0199427 0.0274111 0.0781785 0.0266222 0.0398413 -0.0428496 0.0148211 0.0100868 0.0390684 -0.0108515 -0.00494468 0.0088672 0.00208003
internal_weight=38462.3 16311.2 22151.1 7270.54 6857.4 9453.82 8458.58 14880.5 3610.86 4352.01 3246.54 995.241 2918.53 3945.69 13599.5 1106.86 4512.89 429.677 2488.85 1281.08 2948.05 1049.18 421.841 410.62 2535.78 2079.29 1585.4 493.887 2890.13 590.679 1400.61 456.499 572.03 1304.18 1075.07 913.321 650.35 1088.24 781.367 2570.96 1461.88 997.642 1941.93 778.047 769.013 2389.24 2247.5 1551.56 172.455 1274.37 536.893 2357.37 486.026 181.909 5973.24 306.877 226.229 326.111 1335.22 664.531 196.101 170.327
internal_count=694103 149327 544776 148982 87151 62176 52436 395794 52724 95674 34427 9740 53308 21145 365856 13070 31291 6658 46650 29938 15059 12138 6550 8793 35122 29424 22959 6465 66847 3341 27862 5698 3243 18973 17602 10744 7359 18788 13551 16500 28827 6086 14791 6388 7005 15071 14089 9692 1208 18496 7796 11718 6363 2145 156818 5237 2735 4105 26626 12726 3668 3174
is_linear=0
shrinkage=0.05


Tree=11
num_leaves=63
num_cat=0
split_feature=6 6 6 6 4 8 6 4 4 3 8 6 8 7 4 6 4 6 2 8 0 6 4 6 2 3 3 2 2 2 6 3 2 4 6 6 4 2 2 6 2 3 2 3 3 4 2 4 3 3 6 4 2 6 6 4 4 6 3 3 2 0
split_gain=21684.7 1955.82 1560.88 290.859 282.309 232.975 176.868 170.143 115.424 67.366 65.711 64.9078 64.1566 53.9359 51.2526 36.9078 35.9593 33.2427 32.1269 35.5905 27.8752 27.4925 26.9647 26.545 22.2459 20.6668 20.4457 19.7408 25.9352 19.5363 19.5038 18.9824 18.6703 18.5184 18.4542 18.31 17.7802 16.9712 16.8854 16.8422 25.3123 24.7973 16.6904 19.0048 18.8074 16.4771 15.873 15.8308 18.6416 15.7189 15.6912 14.9719 14.961 14.7155 14.5417 14.4924 14.3512 14.2565 14.2198 14.1188 13.9713 14.3321
threshold=1408.2250000000001 6669.4150000000009 220.04000000000005 3492.9750000000004 9.5000000000000018 4.5000000000000009 21369.865000000002 16.500000000000004 12.500000000000002 776.50000000000011 4.5000000000000009 787.13000000000011 2.5000000000000004 3.5000000000000004 1.0000000180025095e-35 10845.810000000003 2.5000000000000004 708.94500000000005 10241.440000000001 2.5000000000000004 1.0000000180025095e-35 2493.0450000000005 58.500000000000007 47875.92500000001 1299.6300000000003 30.500000000000004 78.500000000000014 109266.49000000001 136133.35500000001 11687.245000000001 2899.4400000000005 61.500000000000007 32232.585000000003 1.5000000000000002 446.34000000000009 4013.4850000000006 76.500000000000014 488.92000000000002 7049.3100000000004 69.905000000000015 217.92000000000004 218.50000000000003 16281.775000000003 143.50000000000003 684.50000000000011 1.0000000180025095e-35 15673.650000000001 1.0000000180025095e-35 93.500000000000014 724.50000000000011 41902.980000000003 2.5000000000000004 5177.7850000000008 935.3950000000001 6199.9850000000015 797.50000000000011 103.50000000000001 4138.0550000000012 171.50000000000003 3146.0000000000005 5574.8050000000012 35.500000000000007
decision_type=2 2 2 2 2 2 2 2 2 2 2 2 2 2 2 2 2 2 2 2 2 2 2 2 2 2 2 2 2 2 2 2 2 2 2 2 2 2 2 2 2 2 2 2 2 2 2 2 2 2 2 2 2 2 2 2 2 2 2 2 2 2
left_child=2 3 7 8 14 12 15 16 20 33 18 22 31 55 24 32 39 37 19 54 25 56 60 27 -4 -2 -12 59 50 -22 -31 -3 42 -8 -26 52 -14 -16 -13 -1 -41 -42 43 -7 -45 -20 -19 48 -17 -27 -29 -44 -28 -48 57 -9 -10 -5 -35 -11 -6 -62
right_child=1 5 4 10 11 6 9 13 21 23 26 38 36 -15 17 47 -18 46 45 -21 29 -23 -24 -25 34 49 35 28 -30 30 -32 -33 -34 58 -36 -37 -38 -39 -40 40 41 -43 51 44 -46 -47 53 -49 -50 -51 -52 -53 -54 -55 -56 -57 -58 -59 -60 -61 61 -63
leaf_value=-0.027547572907360752 0.062683351646489055 0.010649435435535218 0.027962726330521277 0.033616769479393543 -0.025756264154521549 0.055686127368303008 0.064110487840696007 -0.045270679421121632 -0.0031145668204448844 0.072194002997448534 0.057087419573510302 -0.016949806269554928 0.013672161395048912 -0.039605158412649936 0.0168377829519092 0.017562552550976857 -0.032456858328782916 -0.00061308680751405518 0.047897969200677709 -0.010763066267498513 0.011947180347193172 0.010677861658586273 -0.034436315470978189 0.078738046491591288 -0.018121369397662249 0.022564123756721524 0.065332724492923586 0.015559958280338616 0.070503546968110661 0.016043404549168385 0.038775039178423121 0.041703016176058746 0.036960515564821619 0.038519858051550643 0.0096556309557280524 0.03865603083062949 -0.03728056357694795 -0.013574786209674703 -0.0032961696576768334 0.037168770092626348 -0.015421288356610394 0.071931575811719453 0.057541537497844755 0.031566669739308988 0.07276247537375731 0.025643965575188846 -0.023354177118633399 0.052402739175798324 0.061595085387370789 0.057482976992992686 0.058770512097290797 0.045348820175578904 0.024030087078404826 0.051595295641711392 0.082012930952047508 -0.049120718146093187 -0.035628217468714633 0.0073083376503081865 0.057212121884428563 0.030032832395921718 -0.01537480577598966 0.05805308229953246
leaf_weight=150.81789778918028 35.459611818194389 53.273095563054085 142.59084839001298 96.430477734655142 1620.2710115797818 164.42171737551689 1331.808301217854 4200.5568509660661 852.37449043989182 561.8311358615756 127.97223922610283 914.25556332990527 209.51679941639304 2705.7867265418172 47.859736438840628 25.082877099514008 844.4778845757246 959.21292798221111 95.496373422443867 128.67495680972934 1396.1110755316913 456.73257397115231 919.27345079928637 978.12580509483814 70.730157017707825 950.12791822105646 23.449495330452919 55.067355290055275 90.010948903858662 258.83218053728342 149.82681086659431 740.53921219706535 422.63921878486872 117.9347894564271 381.0348864607513 1691.4661341682076 18.50505605712533 995.78339556977153 302.33917213976383 29.302291981875896 216.69595161825418 8.3255998380482179 621.85433689504862 331.56212741136551 30.462988808751106 686.45351215079427 8.4807557985186559 1682.6168016046286 957.01247163116932 33.518568869680166 34.431542128324509 438.35386352986097 364.88123138993979 26.865334454923868 9.7221547439694387 6124.0421343185008 35.293303903192282 111.83427648618817 887.87670083343983 21.214280068874359 270.94004293903708 6.689686592668294
leaf_count=3397 408 585 2294 1194 38165 1273 6909 117595 14913 2867 1279 19060 2456 72369 921 166 21145 17141 923 1818 20573 6740 22520 4555 1393 12206 259 282 456 3614 1748 6420 3064 801 6263 15822 279 20446 5542 569 4655 172 4255 2531 226 7697 135 10758 5576 379 169 3442 3997 388 111 175892 695 1327 4997 109 6011 151
internal_value=-0.000684617 0.0407789 -0.0348885 0.0215796 -0.0149105 0.0555194 0.058158 -0.0442143 0.0127706 0.0657738 0.0325829 -0.0232228 0.0329107 -0.0459051 -0.00217158 0.0515105 -0.0265773 -0.00594054 0.0227538 0.0100577 0.0185115 0.000708 -0.0273926 0.0732417 0.0107436 0.0251299 0.037604 0.0661756 0.051506 0.0147702 0.0243972 0.0396269 0.0463703 0.0602078 0.00529264 0.0364 0.00950066 -0.0121738 -0.0135614 -0.0143045 -0.00642377 -0.0121366 0.0488711 0.0415251 0.0350661 0.0283739 0.000595929 0.0553828 0.0604775 0.0237648 0.0322865 0.0525098 0.0265532 0.0334561 0.0223702 -0.0475553 -0.0044168 0.0195239 0.0550294 0.0706739 -0.0239767 -0.0135672
internal_weight=38225.1 17278.8 20946.3 7504.66 6666.33 9774.14 8752.31 14280 4168.28 4078.3 3336.38 4033.77 1021.83 13030.4 2632.56 4674.01 1249.62 2038.2 1128.61 346.662 2823.88 1344.4 2817.17 1740.68 594.356 1019.11 2207.77 762.555 179.51 1804.77 408.659 793.812 2009.29 2337.62 451.765 2079.8 228.022 1043.64 1216.59 405.142 254.324 225.022 1586.66 526.447 362.025 781.95 994.559 2664.71 982.095 983.646 89.4989 1060.21 388.331 35.3461 217.987 10324.6 887.668 208.265 1005.81 583.045 1897.9 277.63
internal_count=694103 157879 536224 95703 140430 62176 52436 395794 61276 21145 34427 91449 9740 365856 48981 31291 29938 39031 13070 4450 38928 22348 66847 8438 9950 12993 21357 3883 907 25935 5362 7005 14791 12707 7656 20078 2735 21367 24602 8793 5396 4827 11727 4030 2757 8620 17664 16500 5742 12585 451 7697 4256 523 2632 293487 15608 2521 5798 2976 44327 6162
is_linear=0
shrinkage=0.05


Tree=12
num_leaves=63
num_cat=0
split_feature=6 6 6 6 4 4 5 4 8 6 5 6 7 5 4 6 2 1 4 5 6 4 1 5 5 4 5 2 2 2 5 1 5 1 4 2 2 1 4 1 2 8 4 1 5 1 2 5 1 5 5 2 2 1 2 1 5 2 1 8 2 5
split_gain=19640.4 1739.16 1462.52 378.487 250.99 171.686 139.712 132.32 97.1474 66.7425 62.433 55.6559 55.3444 48.9175 42.1971 38.5862 36.0562 49.6766 34.7638 32.9186 32.641 30.5769 30.0522 29.5423 28.1325 28.0568 26.7731 26.5957 25.736 25.678 25.1271 24.9683 33.1564 28.0696 24.4491 24.4065 23.556 22.9065 22.7181 21.3095 21.2213 20.1932 19.937 18.2761 18.0346 18.7855 17.8218 17.6124 17.5717 16.5604 16.5163 16.3146 16.2051 26.2243 16.1587 19.6684 17.0598 16.1568 16.8222 17.0266 15.4594 15.8622
threshold=1351.7300000000002 4390.2250000000013 220.04000000000005 14765.125000000002 7.5000000000000009 16.500000000000004 34.500000000000007 9.5000000000000018 4.5000000000000009 738.23500000000013 6.5000000000000009 2493.0450000000005 3.5000000000000004 49.500000000000007 1.5000000000000002 3216.8850000000007 10241.440000000001 57.500000000000007 2.5000000000000004 4.5000000000000009 8374.5800000000017 1.0000000180025095e-35 221.50000000000003 44.500000000000007 88.500000000000014 57.500000000000007 4.5000000000000009 61411.715000000004 136133.35500000001 3024.5200000000004 167.50000000000003 176.50000000000003 81.500000000000014 110.50000000000001 17.500000000000004 13423.850000000002 16971.395000000004 29.500000000000004 7.5000000000000009 22.500000000000004 8086.4300000000012 2.5000000000000004 2.5000000000000004 294.50000000000006 14.500000000000002 155.50000000000003 61411.715000000004 4.5000000000000009 139.50000000000003 161.50000000000003 21.500000000000004 7242.4750000000013 22017.785000000003 58.500000000000007 27136.745000000006 134.50000000000003 99.500000000000014 7443.6900000000014 73.500000000000014 4.5000000000000009 10952.565000000001 23.500000000000004
decision_type=2 2 2 2 2 2 2 2 2 2 2 2 2 2 2 2 2 2 2 2 2 2 2 2 2 2 2 2 2 2 2 2 2 2 2 2 2 2 2 2 2 2 2 2 2 2 2 2 2 2 2 2 2 2 2 2 2 2 2 2 2 2
left_child=2 7 5 8 13 18 38 15 10 25 -3 40 -7 21 28 23 -12 41 26 -13 42 39 27 37 -25 -6 -1 44 43 -15 -30 32 33 -29 46 -19 -23 -2 -5 47 -9 -18 -10 -8 -22 52 -16 -4 -36 54 -21 -11 53 -46 56 -56 -17 -39 59 -59 61 -41
right_child=1 3 4 6 9 12 14 11 20 51 16 19 -14 29 34 49 17 35 -20 50 22 36 -24 24 -26 -27 -28 31 30 -31 -32 -33 -34 -35 48 -37 -38 57 -40 60 -42 -43 -44 -45 45 -47 -48 -49 -50 -51 -52 -53 -54 -55 55 -57 -58 58 -60 -61 -62 -63
leaf_value=-0.020863416850700284 0.025231750420422128 -0.017619537189923536 -0.0022806856704941643 0.039452935943039683 -0.023185041062619188 -0.047271398894764921 0.060174385480447859 -0.008664669624087188 0.042607604890154256 -0.016043092111456703 0.0080609468617680192 -0.027859467494366491 -0.03906374814177014 0.054913134000655596 0.048972618208077065 0.02664033893566797 0.049729197334613652 -0.013211764829946085 -0.031790898230254626 0.020930357722290675 -0.0082756706690746765 -0.0070133373320950196 0.080186984544760753 0.036801777652978776 0.0074097332646266825 -0.034025138179270283 0.0098079778005286094 0.049890286224825539 0.05952319661865102 -0.014124835150416648 0.075896136714484086 -0.03436389052228616 0.095060693520190129 -0.0051264900127555475 0.039561374771752811 0.025981016831140957 0.036187705745417853 0.0056331591775267732 0.016497569733007464 -0.0075911654573003091 0.0055261293875835003 0.027929660133915457 0.033581140996494646 0.013138563571233617 0.056816333529589071 0.036113227572862165 0.058784017058009765 0.031052785367100346 -0.013730171592858602 0.062644890314930521 0.0066198277763745081 -0.002911528246163714 0.053093631464202956 0.036236180092869899 0.065469117821638292 0.0052932220446482653 -0.00079436548660952199 0.014677212957135264 0.0089789374843623742 0.033943666812730477 0.038742661612497543 0.022089227092695563
leaf_weight=307.73523298278451 374.37710257992148 71.986542291939259 56.119791768491268 266.06412287801504 1894.1057113222778 9878.5914783626795 2439.9852024391294 697.25212502852082 1428.7614924237132 1066.6411552429199 162.46083603799343 45.836229991167784 2608.6020321063697 56.509167946875095 786.40646794438362 985.75797264650464 409.39767544716597 42.606211081147194 819.69715172052383 537.65743921324611 14.358628630638121 1609.6754114441574 66.391272731125355 299.02216269820929 112.56716813892126 877.59743283689022 92.224011991173029 42.574543796479702 397.09608746320009 17.488182287663221 598.17413987219334 16.079610034823418 17.500970721244812 50.407695531845093 105.90193209052086 545.56785887479782 32.052488725632429 684.81029659882188 183.13655111938715 270.1628136113286 422.89824597537518 145.78439782559872 1089.9217842593789 21.167571306228638 238.63222578912973 310.15045821666718 1178.1658436059952 132.46416070312262 17.906231254339218 33.084289342164993 324.71384135261178 305.23974801972508 1176.8541346564889 452.21358469873667 52.390748009085655 18.593649797141552 59.739475511014462 293.126605078578 472.26422289013863 190.20918755233288 24.160334829241037 53.869987860321999
leaf_count=7046 5264 1120 1020 1988 45114 293487 12450 12919 11327 22694 1920 834 72369 745 4640 10512 3743 475 21145 7379 128 31045 392 3616 1355 22218 1747 287 1906 234 2657 100 103 331 752 5127 480 10272 1686 4898 6811 1701 9737 114 1653 1995 6219 2049 126 332 4253 5668 7577 3027 523 189 620 4015 6296 2503 358 812
internal_value=-0.000687073 0.0374366 -0.0345953 0.0479732 -0.0148512 -0.043808 0.0569635 0.0143559 0.0393931 -0.0221539 0.0276482 0.00415149 -0.0455575 -0.00141503 0.0591374 0.0201424 0.0301487 0.0332818 -0.0258897 0.01335 0.0426913 -0.00277593 0.0468968 0.016561 0.0287791 -0.0266202 -0.0137779 0.0459381 0.0625409 0.0385325 0.0693753 0.0235451 0.0320417 0.0200373 0.0534991 0.0231317 -0.0061647 0.0140612 0.030111 0.0075785 -0.00330264 0.04402 0.038705 0.0597724 0.0472275 0.0475961 0.0548618 0.0211108 0.0318087 0.0276953 0.0155491 -0.0131254 0.0494982 0.0433594 0.0266497 0.0498066 0.025068 0.0115074 0.0157109 0.022275 0.000230999 -0.00263612
internal_weight=37982.9 17880 20102.9 12275.7 6396.09 13706.8 5994 5604.3 6281.65 4143.58 1377.8 2028.36 12487.2 2252.5 5544.8 3575.94 1305.82 1143.36 1219.66 908.208 4903.85 2178.5 2385.16 2426.38 411.589 2771.7 399.959 2318.77 3456.42 73.9974 995.27 126.563 110.483 92.9822 2088.38 588.174 1641.73 2014.79 449.201 536.777 1120.15 555.182 2518.68 2461.15 2192.21 2177.85 1964.57 188.584 123.808 1149.57 862.371 1371.88 1867.7 690.846 1116.48 70.9844 1045.5 1640.41 955.6 483.336 348.193 324.033
internal_count=694103 160974 533129 83281 137335 395794 32538 77693 50743 95694 14086 32196 365856 41641 28864 45497 12966 11046 29938 12466 36657 40662 15593 33321 4971 67332 8793 15201 17127 979 4563 821 721 618 11737 5602 31525 28350 3674 9137 19730 5444 21064 12564 14380 14252 10859 3069 878 12176 11632 28362 12257 4680 11844 712 11132 23086 12814 6518 6068 5710
is_linear=0
shrinkage=0.05


Tree=13
num_leaves=63
num_cat=0
split_feature=5 2 5 5 8 2 4 4 2 1 2 5 1 5 1 4 2 2 1 8 2 3 5 1 1 4 4 5 1 4 3 4 5 2 3 2 5 1 1 1 2 1 5 2 4 7 4 2 4 8 2 3 4 5 4 3 1 2 3 4 3 2
split_gain=17074 1880.33 1288.88 343.173 283.449 233.601 141.935 118.08 103.489 100.726 97.1756 89.2766 82.7448 76.7013 68.7823 57.7581 51.5404 49.3122 49.2053 58.5708 46.6993 41.4855 40.8245 44.0505 38.9316 36.9341 36.2438 32.5381 32.5046 31.1114 28.4575 28.0543 26.3484 26.2632 24.8413 34.0492 24.6143 35.7129 24.35 24.3208 23.2884 31.2094 22.0482 21.4051 20.8364 20.7629 19.2941 19.2262 18.4944 18.2522 17.825 17.7245 17.5134 17.3486 20.1677 16.6101 24.3706 16.5711 15.6236 15.5663 15.4734 19.8089
threshold=9.5000000000000018 13423.850000000002 2.5000000000000004 64.500000000000014 4.5000000000000009 4944.5650000000014 83.500000000000014 6.5000000000000009 5304.4100000000008 49.500000000000007 61411.715000000004 21.500000000000004 83.500000000000014 43.500000000000007 41.500000000000007 3.5000000000000004 9910.5500000000011 30326.465000000004 42.500000000000007 2.5000000000000004 3846.1350000000007 19.500000000000004 37.500000000000007 163.50000000000003 91.500000000000014 4.5000000000000009 5.5000000000000009 89.500000000000014 88.500000000000014 516.50000000000011 865.50000000000011 1.5000000000000002 4.5000000000000009 25693.415000000005 115.50000000000001 7443.6900000000014 23.500000000000004 27.500000000000004 76.500000000000014 12.500000000000002 1529.075 30.500000000000004 189.50000000000003 46167.575000000004 16.500000000000004 3.5000000000000004 2.5000000000000004 21004.765000000003 1.5000000000000002 3.5000000000000004 13947.795000000002 6.5000000000000009 8.5000000000000018 2981.0000000000005 1.0000000180025095e-35 254.50000000000003 57.500000000000007 136133.35500000001 574.50000000000011 6.5000000000000009 46.500000000000007 6341.6350000000011
decision_type=2 2 2 2 2 2 2 2 2 2 2 2 2 2 2 2 2 2 2 2 2 2 2 2 2 2 2 2 2 2 2 2 2 2 2 2 2 2 2 2 2 2 2 2 2 2 2 2 2 2 2 2 2 2 2 2 2 2 2 2 2 2
left_child=2 4 6 11 8 7 26 21 25 52 15 28 44 14 20 -5 -16 18 19 -7 39 32 33 30 -18 36 -1 -12 -3 -8 -24 50 51 49 35 46 37 -2 -11 -6 -9 -42 43 58 47 -28 -15 59 -19 -14 -21 -4 -10 54 57 -46 -57 -29 -17 -13 61 -22
right_child=1 3 5 10 13 17 29 40 9 38 27 12 22 34 16 42 24 48 -20 31 60 -23 23 -25 -26 -27 45 53 -30 -31 -32 -33 -34 -35 -36 -37 -38 -39 -40 -41 41 -43 -44 -45 55 -47 -48 -49 -50 -51 -52 -53 -54 -55 -56 56 -58 -59 -60 -61 -62 -63
leaf_value=-0.020114431010703607 0.015841665693477697 0.028079672023792385 0.0341658892821326 0.049732331207933668 0.052651818734346427 0.025680026297350153 -0.042744793586821567 -0.032751193433189225 0.030839163948410922 0.003742814817861693 0.047689633469262444 0.045555430336691974 -0.0059728995159579364 0.043592052893382256 0.0025877533706713681 0.024388218194777805 0.030164891901544574 0.092551590175630499 -0.010858738337150906 0.018923458629142992 0.087707925194056985 -0.012138319426029387 0.03808708745330161 0.0075382556759564234 -0.0032394923431742148 -0.015290032203351473 -0.043125952801103845 0.060500166692976746 0.0080944502377478383 -0.048420472871723214 0.071298476814065856 -0.0059634289192629043 0.031465203664052727 0.031675287090402592 0.027231947434358368 0.076577370360973812 0.026237560184085979 -0.014897594316932591 -0.012859206015060918 0.01031157889617538 -0.017370404200439071 -0.030494246128126002 0.0092817370699112365 0.054238649782760599 0.024231379841311379 -0.032507591698606696 0.0038158281802127651 0.052009885691485326 0.027175214081069588 0.020084228511331292 0.097437825087955038 -0.018842244101359401 0.01552327938371603 0.025764131723324559 0.056961513153897969 0.11298641514562623 0.038793622511671261 0.07195160935077631 0.044781282557224224 0.027019668935076957 0.034518778542012733 0.035898896582278815
leaf_weight=444.74304853007197 150.47102833911777 1096.8094071149826 20.528149578720331 2518.382419757545 37.776746533811092 273.80203749239445 3980.000657748431 1090.2645489871502 344.77270260080695 684.09323976933956 548.30729116499424 483.79194703698158 88.621532395482063 114.21520503610373 1012.1727151162922 288.41494169086218 373.99276816099882 12.66764487698674 761.73682638257742 50.483320366591215 34.670165304094553 935.98130220547318 1545.4056935422122 116.08150757104158 113.38021690398455 926.40178455784917 675.08230292797089 670.64977584034204 250.82804101333022 6275.3876947201788 67.753636084496975 528.87527764588594 98.342459417879581 467.03729505836964 1218.8087239637971 63.195610612630844 84.424741413444281 253.32922848314047 325.91378394514322 333.05988723412156 975.58649015799165 851.41183375567198 85.977005302906036 131.94314708560705 174.49771170690656 1490.4691538289189 41.990967232733965 1198.0994637235999 76.071686167269945 274.07890395075083 8.4215961471199972 66.482959225773811 412.35533984005451 34.746854141354561 1197.9464005827904 13.634247720241545 61.003151524811983 627.68011622130871 141.31579853221774 150.67853262275457 321.43646631017327 40.856665026396513
leaf_count=10402 2354 11383 391 14658 552 4335 118726 28763 4215 10240 2847 3733 1008 1210 15105 2061 4048 131 15012 746 382 18876 10747 921 1452 19454 19453 3102 3106 196871 472 9746 1577 3678 12116 466 1219 4547 5150 5505 22864 21007 592 784 1527 41217 598 7777 1123 2729 103 1378 5929 183 5696 120 532 2727 1055 1340 3709 353
internal_value=-0.000686903 0.032498 -0.0347717 0.0442627 0.0115997 -0.0150917 -0.0435676 -0.021653 0.000651526 0.00872084 0.0524651 0.0357067 0.0389988 0.0209987 0.0152639 0.0463025 0.00902637 0.000383086 -0.00159894 0.00658229 0.0274367 -0.00785577 0.0329673 0.037348 0.0223845 -0.00942494 -0.0331484 0.0587979 0.0243645 -0.0462187 0.0394894 -0.00230824 0.0137378 0.0238281 0.0300346 0.0455616 0.00169464 -0.00342953 -0.0016102 0.0146512 -0.0269541 -0.0234904 0.0329524 0.0365645 0.0464088 -0.0358219 0.0329408 0.0482608 0.0366577 0.0137038 0.0303795 -0.006254 0.0225074 0.0612003 0.0616905 0.032752 0.0525466 0.0660454 0.0311149 0.0411663 0.0393614 0.0598322
internal_weight=37737.3 19121 18616.3 12233.7 6887.32 5750.66 12865.7 4038.6 3181.76 1767.14 6245.36 5988.32 4640.68 3705.56 2267.35 3166.03 1499.55 1712.06 1623.32 861.582 767.8 1121.33 2558.98 1729.24 487.373 1414.63 2610.29 3079.33 1347.64 10255.4 1613.16 587.78 185.354 829.738 1438.21 219.402 488.225 403.8 1010.01 370.837 2917.26 1827 647.651 561.674 2081.71 2165.55 156.206 1832.57 88.7393 362.7 58.9049 87.0111 757.128 2531.02 2496.28 249.135 74.6374 1298.33 429.731 634.47 396.963 75.5268
internal_count=694103 181382 512721 82778 98604 126052 386669 94856 53108 25534 33705 49073 34584 45496 31106 19150 20605 31196 29942 14930 10501 22222 19555 12140 5500 27574 71072 14555 14489 315597 11219 10595 3346 7415 14390 2274 8120 6901 15390 6057 72634 43871 4492 3900 15029 60670 1808 12850 1254 3737 849 1769 10144 11708 11525 2179 652 5829 3116 5073 4444 735
is_linear=0
shrinkage=0.05


Tree=14
num_leaves=63
num_cat=0
split_feature=6 6 6 6 6 6 5 5 5 5 0 8 5 8 3 6 0 0 8 1 8 8 1 6 1 5 1 1 5 5 1 3 1 3 8 5 5 6 1 5 3 1 5 8 5 3 1 8 3 1 3 8 8 1 1 0 3 1 5 8 3 3
split_gain=16246.5 1558.09 1157.87 299.453 150.917 116.478 113.065 74.4125 71.221 59.7799 52.1103 51.3643 47.885 46.7895 37.6623 41.0892 30.7376 29.6075 29.4241 28.5166 27.7189 27.1391 28.7398 24.904 24.7162 31.8632 24.6953 23.6556 22.0189 21.9915 21.5137 20.1938 19.6913 19.3037 18.7754 18.4825 17.5527 17.5502 17.277 22.7158 17.0674 16.7601 17.3883 21.2834 18.6055 16.4381 16.3309 16.3078 15.9408 15.8513 22.8814 20.438 15.446 31.238 15.3564 15.5545 14.8743 15.1309 14.6682 14.4674 14.2467 13.711
threshold=1129.5400000000002 4390.2250000000013 131.29000000000005 14765.125000000002 437.13000000000005 2434.4100000000003 34.500000000000007 6.5000000000000009 1.5000000000000002 12.500000000000002 2.5000000000000004 4.5000000000000009 4.5000000000000009 4.5000000000000009 751.50000000000011 32681.165000000005 4.5000000000000009 1.0000000180025095e-35 2.5000000000000004 22.500000000000004 2.5000000000000004 2.5000000000000004 68.500000000000014 8374.5800000000017 155.50000000000003 72.500000000000014 37.500000000000007 221.50000000000003 50.500000000000007 7.5000000000000009 2.5000000000000004 17.500000000000004 155.50000000000003 307.50000000000006 4.5000000000000009 2981.0000000000005 20.500000000000004 708.94500000000005 68.500000000000014 35.500000000000007 137.50000000000003 90.500000000000014 53.500000000000007 2.5000000000000004 274.50000000000006 24.500000000000004 134.50000000000003 2.5000000000000004 537.50000000000011 51.500000000000007 202.50000000000003 3.5000000000000004 2.5000000000000004 10.500000000000002 80.500000000000014 2.5000000000000004 242.50000000000003 58.500000000000007 18.500000000000004 4.5000000000000009 440.50000000000006 115.50000000000001
decision_type=2 2 2 2 2 2 2 2 2 2 2 2 2 2 2 2 2 2 2 2 2 2 2 2 2 2 2 2 2 2 2 2 2 2 2 2 2 2 2 2 2 2 2 2 2 2 2 2 2 2 2 2 2 2 2 2 2 2 2 2 2 2
left_child=2 5 8 7 9 11 59 -3 18 16 19 20 -7 21 40 24 30 45 -1 29 31 22 56 61 -16 -26 -13 32 -21 -6 -4 -2 36 -22 -10 -17 -25 -12 39 -11 -8 -42 47 -44 -45 -14 -28 -43 -46 50 -19 -51 53 -32 55 -35 57 -9 -59 -5 -48 -15
right_child=1 3 4 6 10 12 14 13 34 38 37 26 17 23 15 35 -18 49 -20 28 33 -23 -24 27 25 -27 46 -29 -30 -31 52 -33 -34 54 -36 -37 -38 -39 -40 -41 41 42 43 44 48 -47 60 -49 -50 51 -52 -53 -54 -55 -56 -57 -58 58 -60 -61 -62 -63
leaf_value=-0.048400866944630389 0.053477298635423158 -0.017061272854036299 0.041702214401660408 0.014357287672247452 -0.0007072051666960937 -0.026591172191683526 0.033313294982715361 0.036286011858656424 -0.033806659152072809 0.0047030311151868738 -0.020766033129900538 0.027659174460613219 0.089500467607320888 0.043239407472246284 0.060330957382950384 0.061809112388430391 -0.031686654061100057 0.018413110791922521 -0.042981698230864292 -0.0086445377610141014 -0.0077395798785894511 0.012586886545474114 0.01876100042936156 0.017662255155741598 -0.017453918801628224 0.043752312803884461 0.0079460638198002136 0.068629765826459646 0.03105045074371245 0.026462502294425913 0.033291383860536594 0.0043895262795508308 0.028364979539872954 0.099673413135591568 0.040293597445464367 0.025526889714908459 0.042029192569926266 -0.011404830172343498 -0.043393887577163913 0.083769530353035082 0.054094607289089464 0.077026185315933693 0.0074201092763381011 0.049923073668925122 0.014974928130361104 0.025611879411066081 0.078743630112322993 0.030148209189707911 0.044832418038505739 0.003083498782100018 0.047712176075781071 0.016707689344220462 -0.025139573760598468 -0.017980249969525658 -0.0014201009234378963 0.018844494246817195 0.053536555865539459 -0.018430554178562174 0.026265782550735091 0.032430613104972042 0.020255597433610661 0.031827976012349761
leaf_weight=5247.1577763222158 21.23674139007926 70.982844136655331 13.134847424924372 182.51189925149083 194.43431680649519 58.353575423359871 199.09541660547256 491.53401011973619 1286.2778165005147 127.25874986872077 1008.5353928133845 237.70268213003874 10.158344008028505 300.58252128958702 249.67321363836527 1448.0381868630648 1791.0423105172813 753.28805739805102 4876.4687384739518 1084.0009529553354 918.47806204482913 293.71412426233292 382.21312421560287 77.682766176760197 21.909414686262608 575.51336382329464 875.59143209829926 71.12818232178688 35.952328238636255 120.26950196921825 33.48192784935236 1234.2395979948342 358.04426561295986 9.9901354759931582 8.4646960236132127 36.654816016554832 2009.2556150332093 1002.5244742333889 16.632643859833479 9.7030855864286405 964.07746696472168 20.259815357625484 32.567590139806271 1835.4247362315655 73.3398597240448 955.70144638046622 14.532195925712584 238.3931931629777 117.46580541133881 419.75168443098664 73.35971650108695 805.40580968558788 1026.7865858674049 254.41681673377752 29.757990356534719 15.138908255845307 102.8457285836339 24.991692714393139 67.4410734847188 287.57101318240166 37.817494332790375 2352.8015944585204
leaf_count=172328 322 1122 275 1771 3857 1045 1142 4496 36475 2501 24162 3383 100 2443 1280 6421 48933 9660 152918 21490 16526 3308 3458 587 135 2863 12761 392 449 1943 650 20281 2197 152 158 189 12416 21521 327 151 5122 142 217 9084 364 10136 194 1339 566 5254 901 9102 25748 5910 474 260 879 244 581 1903 475 18620
internal_value=-0.000684336 0.0311752 -0.0346867 0.0412278 -0.0182149 0.011155 0.0490444 0.0337894 -0.0443775 -0.0259058 -0.0109087 0.00476678 0.0182027 0.034343 0.050953 0.0558885 -0.0274056 0.0190714 -0.0457914 -0.00362389 0.000316417 0.0260839 0.029786 0.0365187 0.0470603 0.0414968 0.0132713 0.040095 -0.00736314 0.00966539 -0.0216254 0.00522804 0.0392601 -0.00601349 -0.0333153 0.0609185 0.0411255 -0.0161027 0.00451596 0.010398 0.0476435 0.0485104 0.0461829 0.047726 0.048371 0.0262982 0.00957774 0.0338677 0.0333962 0.0156659 0.0210247 0.0120446 -0.0222651 -0.0119906 0.0227415 0.0514442 0.0359105 0.0327891 0.01412 0.0254287 0.0367063 0.0331242
internal_weight=37492.8 19356.2 18136.5 12885.7 6718.17 6470.5 6282.5 6603.22 11418.4 3272.46 3445.72 3394.49 3076.02 6532.23 5812.41 2331.79 3118.86 3017.67 10123.6 1434.66 2228.84 1362.74 1069.03 5169.49 847.096 597.423 1165.64 2516.11 1119.95 314.704 1327.82 1255.48 2444.98 973.365 1294.74 1484.69 2086.94 2011.06 153.594 136.962 3480.62 3281.53 2317.45 2058.8 2026.23 965.86 927.941 258.653 190.806 2051.81 826.648 1225.16 1314.69 287.899 54.887 25.129 686.813 583.967 92.4328 470.083 52.3497 2653.38
internal_count=694103 174307 519796 83281 157917 91026 32538 50743 361879 84495 73422 54828 36198 49621 28864 10888 81516 35153 325246 27739 38015 12966 9658 36655 4278 2998 16813 15592 21939 5800 32583 20603 15200 17412 36633 6610 13003 45683 2979 2652 17976 16834 11712 10231 10014 10236 13430 1481 930 24917 10561 14356 32308 6560 886 412 6200 5321 825 3674 669 21063
is_linear=0
shrinkage=0.05


Tree=15
num_leaves=63
num_cat=0
split_feature=6 6 6 6 8 5 6 5 5 5 6 8 0 8 8 5 8 6 1 0 6 3 5 1 8 1 6 5 1 5 3 5 1 5 8 1 0 1 0 1 6 6 1 0 0 3 1 3 0 1 6 6 5 0 1 1 5 5 6 5 3 1
split_gain=14705.5 1494.27 1082.97 201.149 164.138 154.861 124.064 87.9912 69.8583 62.8155 59.8947 54.3497 39.7546 36.3725 35.9981 33.018 32.6199 29.916 26.5994 25.405 24.5974 23.6147 27.8377 22.7304 21.9587 24.273 21.3456 25.6109 19.4053 18.4699 17.6652 17.0449 16.8814 16.8848 16.7015 16.7156 16.5656 16.555 16.4404 23.7878 16.2629 16.2475 16.0391 15.2186 15.0372 14.5339 13.7807 13.4805 15.5258 15.4247 13.2719 13.0343 12.9764 12.7005 12.5016 12.322 14.5651 14.5326 14.2692 12.0346 17.5222 21.384
threshold=1083.4800000000002 6199.9850000000015 220.04000000000005 2493.0450000000005 4.5000000000000009 1.5000000000000002 22815.745000000006 16.500000000000004 4.5000000000000009 74.500000000000014 399.03000000000003 4.5000000000000009 2.5000000000000004 4.5000000000000009 2.5000000000000004 5.5000000000000009 2.5000000000000004 10845.810000000003 20.500000000000004 2.5000000000000004 4390.2250000000013 360.50000000000006 128.50000000000003 126.50000000000001 2.5000000000000004 51.500000000000007 47875.92500000001 169.50000000000003 19.500000000000004 8.5000000000000018 60.500000000000007 4.5000000000000009 75.500000000000014 163.50000000000003 3.5000000000000004 135.50000000000003 1.5000000000000002 24.500000000000004 4.5000000000000009 16.500000000000004 681.3900000000001 307.38500000000005 31.500000000000004 1.0000000180025095e-35 1.0000000180025095e-35 94.500000000000014 2.5000000000000004 326.50000000000006 1.0000000180025095e-35 74.500000000000014 41902.980000000003 4924.6250000000009 39.500000000000007 14.500000000000002 42.500000000000007 73.500000000000014 13.500000000000002 23.500000000000004 8374.5800000000017 167.50000000000003 515.50000000000011 134.50000000000003
decision_type=2 2 2 2 2 2 2 2 2 2 2 2 2 2 2 2 2 2 2 2 2 2 2 2 2 2 2 2 2 2 2 2 2 2 2 2 2 2 2 2 2 2 2 2 2 2 2 2 2 2 2 2 2 2 2 2 2 2 2 2 2 2
left_child=2 3 5 11 15 14 17 10 -5 23 38 16 18 24 -1 -3 29 55 31 42 32 22 -11 30 25 -10 27 -23 -13 36 -8 46 33 -15 35 -17 -2 -9 39 -4 -21 54 -12 -18 -24 -19 -7 48 -22 -49 -32 59 -43 -47 -39 56 -6 58 -57 60 -51 -62
right_child=1 4 7 8 6 12 9 37 13 21 19 28 -14 20 -16 34 43 45 -20 40 47 26 44 -25 -26 -27 -28 -29 -30 -31 50 -33 -34 -35 -36 -37 -38 41 -40 -41 -42 52 -44 -45 -46 53 -48 49 -50 51 -52 -53 -54 -55 -56 57 -58 -59 -60 -61 61 -63
leaf_value=-0.048285176591279913 0.034480637406009686 -0.024045539091283007 -0.0038468175604575629 -0.02943574329781147 -0.0057652270923341615 0.041648620018935441 -0.0056766370033702078 0.022621446301736722 0.025440473173697048 0.051673812979848056 -0.00081115937368453459 0.041597061998666834 -0.035174921181797651 0.023589120370767193 -0.042256991336166644 0.026796948600394156 0.0052413959897687351 0.022232684939872696 -0.028894327128164927 -0.021306329752657144 0.042175142677180887 0.05581281860904494 0.038595096419388693 0.019083271281090872 0.0062395164367362701 0.011798834255716331 0.058085091654601351 0.041734895806842115 0.011139952772420157 0.0019470747312077289 0.047308471056651709 0.01432737730873249 0.014486998067383655 0.077604632117647898 -0.011824550894703845 -0.0071893445707608252 0.0077705036604587586 0.095308548496834844 -0.029722227010207932 -0.024765384555434894 -0.011938535675578893 -0.0064607294530625433 -0.012595966580037346 -0.0098776215562418924 0.009285149946443633 0.042062092678971708 -0.018053177298004267 -0.0064844496933102458 0.027540631946747853 0.0023096579366973062 0.033017068022382315 0.029959880810016434 0.016693760423844503 0.0085903945291825583 0.0002789846814478024 -0.020849725832835772 0.04026349272810021 0.032218593582965249 0.039733309202273213 -0.035602400668552393 0.070584623572506042 0.0094978468614219311
leaf_weight=5030.4487240519375 87.516469724476337 35.532697957009077 180.60441093891859 71.753265492618084 17.377557873725891 9.9842611532658321 19.605526186525822 100.03153828158975 614.93746579810977 284.0555424541235 495.91657604649663 54.718717087060213 1504.8291338831186 811.37176075205207 4948.6582533735782 1122.5261877588928 206.47117617353797 99.924421921372414 404.47919928655028 1021.1641946546733 283.81637676805258 712.49349981546402 106.68900756537914 143.91948317736387 545.88561372831464 699.22363679111004 1554.28922316432 603.46851636469364 1213.0345280431211 1101.3947765827179 459.44590328633785 61.536818716675043 844.10574207827449 14.739035069942473 30.183917906135321 37.107133135199547 174.33766457438469 7.6401408277451974 914.50956407189369 556.91089055687189 855.54016159847379 314.95337226241827 694.15910070389509 849.32004682347178 75.169074848294258 3074.8135816827416 213.32773629203439 41.799901477992535 516.82302933186293 86.009458974003792 258.27261004596949 379.06906206160784 74.737632539123297 29.042205542325974 6.4529687762260437 25.536566480994225 739.87590097635984 1716.1224362775683 15.53997018188238 11.758260443806646 26.833428800106049 31.151655249297619
leaf_count=172852 1342 562 4051 1302 149 217 131 1630 6989 1388 9797 693 44434 8909 160883 9552 3268 638 11017 25378 2291 3278 510 769 6887 7796 6725 2814 17380 17969 2424 1211 8874 137 376 308 3078 138 24999 13707 19020 6026 14409 15852 377 16909 5689 353 4447 762 1427 3035 1127 191 121 210 5108 11433 117 103 237 270
internal_value=-0.00092798 0.0285092 -0.0344794 0.0129307 0.0406046 -0.042651 0.0427347 -0.0154311 0.0194857 0.0492459 -0.0175519 0.00407613 -0.0306144 0.0202026 -0.0452967 0.0233266 -0.000316764 0.0379308 -0.0206476 -0.0134132 0.0235685 0.0523871 0.0418739 0.0373437 0.0146842 0.0181874 0.0540904 0.0493645 0.0124617 0.00479058 0.0408981 -0.00891374 0.0194774 0.0245682 0.0247474 0.0257046 0.0167264 0.00442236 -0.0252305 -0.0196508 -0.0170393 -7.8298e-05 -0.0076898 -0.00691599 0.0265194 0.0411443 -0.0153441 0.0285244 0.0327392 0.0226587 0.042178 0.0249466 -0.00200403 0.0417508 0.0524571 0.0338328 0.0392 0.0315149 0.0019893 0.0127018 0.0167029 0.0379256
internal_weight=37222.9 19827.1 17395.9 8666.07 11161 12173.3 9935.64 5222.62 4979.28 4217.41 4718.8 3686.79 2194.16 4907.52 9979.11 1225.35 2419.04 5718.23 689.328 3066.78 3047.48 3336.16 465.914 881.244 1860.05 1314.16 2870.25 1315.96 1267.75 1363.25 737.324 284.849 1670.22 826.111 1189.82 1159.63 261.854 503.816 1652.02 737.515 1876.7 403.784 1190.08 1055.79 181.858 3203.78 223.312 1377.26 800.639 576.622 717.719 534.822 389.691 3103.86 14.0931 2514.45 757.253 1757.2 41.0765 155.753 143.995 57.9851
internal_count=694076 177370 516706 111974 65396 396303 54598 120403 52392 19843 111361 59582 62568 51090 333735 10798 41509 34755 18134 68604 29418 15092 2275 4751 21672 14785 12817 6092 18073 22389 3982 7117 17920 9046 10236 9860 4420 9042 42757 17758 44398 7412 24206 19120 887 17738 5906 11498 6738 4760 3851 4407 7153 17100 259 17017 5257 11760 327 1372 1269 507
is_linear=0
shrinkage=0.05


Tree=16
num_leaves=63
num_cat=0
split_feature=6 6 6 6 6 8 6 5 5 8 5 5 5 2 8 6 6 5 0 2 5 3 0 5 0 5 3 5 8 6 2 3 6 3 3 2 2 0 8 8 0 2 2 6 0 5 3 5 3 5 0 5 3 0 3 2 5 3 5 3 2 3
split_gain=13441.2 1326.34 1043.47 182.408 147.835 144.067 114.326 65.851 62.6622 52.1433 51.5589 46.4976 45.0814 41.2516 32.5836 32.4997 31.8594 29.3158 28.9307 38.9973 27.5837 26.3289 24.7916 24.019 20.995 19.496 18.4753 18.1916 17.5791 17.1179 16.7742 16.7473 15.7117 15.4915 21.7183 15.319 14.9379 14.9321 14.6607 14.6036 13.3795 13.2789 12.911 12.8747 12.6441 12.4255 12.3792 12.2368 32.7968 13.9949 12.1344 11.9834 11.9042 11.6825 11.6372 22.9409 12.7408 11.523 12.4792 11.8588 16.6973 11.7019
threshold=1061.5100000000002 6199.9850000000015 119.84000000000002 2493.0450000000005 399.03000000000003 4.5000000000000009 14765.125000000002 1.5000000000000002 4.5000000000000009 4.5000000000000009 12.500000000000002 44.500000000000007 24.500000000000004 5861.3050000000012 2.5000000000000004 47875.92500000001 4390.2250000000013 5.5000000000000009 1.5000000000000002 420.91000000000003 109.50000000000001 404.50000000000006 2.5000000000000004 227.50000000000003 1.0000000180025095e-35 177.50000000000003 58.500000000000007 5.5000000000000009 3.5000000000000004 681.3900000000001 3676.7850000000003 32.500000000000007 1508.5450000000003 65.500000000000014 57.500000000000007 3154.1800000000007 4944.5650000000014 2.5000000000000004 3.5000000000000004 3.5000000000000004 2.5000000000000004 1409.7150000000004 3221.4250000000006 47875.92500000001 1.0000000180025095e-35 25.500000000000004 72.500000000000014 533.00000000000011 1041.5000000000002 727.50000000000011 1.0000000180025095e-35 13.500000000000002 27.500000000000004 6.5000000000000009 27.500000000000004 2655.3200000000002 4.5000000000000009 84.500000000000014 120.50000000000001 204.50000000000003 21004.765000000003 1101.5000000000002
decision_type=2 2 2 2 2 2 2 2 2 2 2 2 2 2 2 2 2 2 2 2 2 2 2 2 2 2 2 2 2 2 2 2 2 2 2 2 2 2 2 2 2 2 2 2 2 2 2 2 2 2 2 2 2 2 2 2 2 2 2 2 2 2
left_child=2 3 7 9 10 17 44 14 -5 13 18 -8 22 32 -1 57 24 -3 19 -4 -17 23 26 50 25 42 36 53 40 -24 -28 -11 -2 34 -12 -16 -6 -18 43 -20 -15 -31 -10 -19 45 -7 -32 -23 -49 -50 -22 -46 -44 -9 55 -34 -57 -13 -59 -60 -61 -62
right_child=1 5 4 8 12 6 11 27 16 31 33 15 -14 28 35 20 37 38 39 -21 21 47 29 -25 -26 -27 30 -29 -30 41 46 -33 54 -35 -36 -37 -38 -39 -40 -41 -42 -43 52 -45 51 -47 -48 48 49 -51 -52 -53 -54 -55 -56 56 -58 58 59 60 61 -63
leaf_value=-0.048071918695322333 -0.012515861860378659 -0.023335542627842321 0.020958520388633255 -0.028718499817075773 -0.00021578337986563135 0.018954264515328528 0.030799626534064786 -0.028226780145221116 0.073240748490790542 0.044513026382811703 0.011265677623251126 0.0057472422925791107 0.011959507041637431 0.012731443615739906 -0.042898404939249901 0.040260065587981508 0.027033507853454333 0.025171033358176914 -0.027485903613899992 -0.02221815333207304 0.057544471751300168 0.058857706674178778 -0.020409919150964434 -0.0045367449656154484 0.012710768981184093 0.065634596755791072 -0.019140047272098854 -0.0059306543744724535 -0.015928485693071658 -0.029953761535232288 0.024337079040976192 0.010827333550602114 -0.0099536800255479105 -0.012002065591085733 0.10061528639539526 -0.031061868059912734 0.042156116302796726 0.017996976889440432 -0.011346835238103878 -0.036163133687705566 0.0021278873633556717 -0.0088984355411883317 0.07478268643685361 0.0012710384947449581 -0.010688069844409913 0.037410299834738002 -0.0072144380549143952 0.0041327307290269502 0.07696456961985583 0.047260815824212453 0.026713576985608906 0.031014703878837258 0.019269567067763171 -0.038954968724263316 -0.0037770617095526562 0.00021081669204762698 0.067355566400514585 0.045516494751454917 0.0069752645338810697 0.069445823804425336 0.035641225829525169 0.044987311200254877
leaf_weight=4794.3624888695776 644.38560342788696 34.804952397942543 56.757574141025543 69.917741537094116 353.89995321631432 97.982618011534214 595.97581834346056 497.09871198236942 11.459069792181252 38.032409477978945 54.825655456632376 21.35603953897953 200.98154513537884 579.96948969364166 4166.0916965063661 484.64710965752602 1278.6779569275677 1121.1964359544218 1453.6037793904543 639.44511912018061 75.08004204928875 1058.2699718028307 1034.3246261067688 30.90707640349865 2021.207805544138 24.622122965753078 368.15235245600343 62.615754999220371 87.318706434220076 82.901696570217609 32.979512553662062 1261.5975281819701 35.446527794003487 67.436584979295731 7.7071363553404799 297.34320212714374 21.98509756103158 720.17073780298233 29.893741369247437 739.39166763797402 613.52700245007873 794.8134755268693 9.7387296110391599 59.806476779282093 17.137719467282295 1673.6956539899111 502.76785089075565 38.858892098069191 51.982846096158028 183.89784379303455 57.412751197814941 2202.579779908061 917.59635766595602 534.83282409794629 486.24590027704835 10.243541076779364 23.800049033015966 1997.085619315505 27.992511913180351 47.347854405641556 921.74841721355915 541.4520485252142
leaf_count=172448 12633 562 1177 1302 6804 691 3473 14467 113 478 996 116 3342 8817 141805 2304 10580 9394 40676 16393 335 4465 26087 139 23725 214 7715 1583 1564 1946 679 17911 606 1386 150 9892 432 6951 376 22193 10092 17692 90 466 149 9934 10290 168 218 806 271 14340 9417 16966 8489 204 375 9860 146 242 4435 2506
internal_value=-0.000910531 0.0265512 -0.0340088 0.0120159 -0.0181567 0.0378426 0.0398173 -0.0438264 0.0182305 0.00370742 -0.026206 0.0441063 -0.0109917 -0.000540776 -0.0451994 0.0455369 0.0188908 0.0217856 -0.027592 -0.0186885 0.0506883 0.0540595 -0.0124388 0.0349963 0.0156132 0.0216951 -0.00704484 -0.0322063 0.0056978 -0.016046 -0.0109195 0.0118203 -0.00720291 0.00456459 0.0225009 -0.0421117 0.00225976 0.0237813 0.0230884 -0.0304153 0.00728542 -0.010896 0.0205305 0.0239652 0.0332238 0.0363935 -0.00525868 0.0563897 0.0468471 0.0538579 0.0442525 0.03069 0.0198659 -0.0337951 -0.00103231 0.0180796 0.0473583 0.042665 0.0428864 0.0394665 0.0400648 0.039106
internal_weight=36969.4 20205.1 16764.3 8833.96 6411.97 11371.1 10125.4 10352.3 5053.39 3780.57 3019.17 6134.01 3392.81 2480.94 9257.8 5538.04 4983.47 1245.7 2889.2 696.203 1981.06 1496.41 3191.82 163.4 2984.62 963.416 1279.78 1094.55 1280.82 1912.04 903.9 1299.63 1200.12 129.969 62.5328 4463.43 375.885 1998.85 1210.9 2193 1193.5 877.715 938.794 1181 3991.4 1771.68 535.747 1333.01 274.74 235.881 132.493 2219.72 927.335 1031.93 555.736 69.4901 34.0436 3556.98 3535.63 1538.54 1510.55 1463.2
internal_count=694076 178957 515119 113561 157958 65396 54598 357161 52392 61169 82971 29484 74987 42780 324145 26011 51090 10798 80439 17570 8706 6402 71645 745 33559 9834 25920 33016 20473 45725 18684 18389 22307 2532 1146 151697 7236 17531 10236 62869 18909 19638 9620 9860 25114 10625 10969 5657 1192 1024 606 14489 9507 31433 9674 1185 579 17305 17189 7329 7183 6941
is_linear=0
shrinkage=0.05


Tree=17
num_leaves=63
num_cat=0
split_feature=5 2 5 8 5 2 2 2 1 5 1 8 5 5 3 8 0 1 1 5 2 0 1 2 1 8 3 2 5 5 5 2 2 3 8 2 2 8 8 0 2 1 1 1 2 8 1 0 2 1 1 2 2 1 2 5 1 2 5 3 8 2
split_gain=11892.6 1524.95 717.312 274.642 261.712 123.3 105.763 104.053 59.5611 60.3617 55.8523 49.1161 46.7548 41.3232 39.2113 34.3473 34.329 32.3118 26.0863 35.8913 25.915 23.7937 23.2272 23.2066 22.7532 21.9052 21.4314 22.4217 19.9743 19.7147 19.5519 19.4558 19.2735 20.002 19.1611 19.1164 18.8678 18.7289 18.5578 18.6359 18.1659 37.8547 17.2514 16.9019 16.2306 16.1689 18.7902 29.0491 25.4847 16.0685 16.0493 15.7202 15.7184 14.6969 14.5783 14.4359 14.4142 14.6955 13.9127 13.6615 13.1277 13.0291
threshold=6.5000000000000009 13423.850000000002 1.5000000000000002 4.5000000000000009 37.500000000000007 5574.8050000000012 5861.3050000000012 55344.990000000013 83.500000000000014 22.500000000000004 46.500000000000007 2.5000000000000004 3.5000000000000004 89.500000000000014 22.500000000000004 2.5000000000000004 1.0000000180025095e-35 21.500000000000004 58.500000000000007 26.500000000000004 6341.6350000000011 8.5000000000000018 75.500000000000014 2962.1900000000005 91.500000000000014 2.5000000000000004 40.500000000000007 4724.0350000000008 31.500000000000004 18.500000000000004 12.500000000000002 7652.3150000000014 20116.000000000004 111.50000000000001 3.5000000000000004 1728.0600000000002 17649.240000000002 4.5000000000000009 2.5000000000000004 1.5000000000000002 3024.5200000000004 31.500000000000004 4.5000000000000009 5.5000000000000009 3521.6800000000007 2.5000000000000004 51.500000000000007 1.0000000180025095e-35 8316.2900000000027 23.500000000000004 53.500000000000007 28633.675000000003 2777.1150000000002 167.50000000000003 9337.0800000000017 54.500000000000007 33.500000000000007 1011.1950000000002 7.5000000000000009 73.500000000000014 4.5000000000000009 91937.650000000009
decision_type=2 2 2 2 2 2 2 2 2 2 2 2 2 2 2 2 2 2 2 2 2 2 2 2 2 2 2 2 2 2 2 2 2 2 2 2 2 2 2 2 2 2 2 2 2 2 2 2 2 2 2 2 2 2 2 2 2 2 2 2 2 2
left_child=2 3 11 6 8 12 14 21 9 32 15 -1 34 53 25 -8 18 35 19 26 56 59 38 -13 28 -2 -5 -28 -22 -10 40 -21 58 -34 42 43 45 -15 39 -12 -16 -42 -4 -14 -27 46 47 48 -7 -25 -35 -23 -19 -9 -30 -26 -18 -58 -3 -6 -31 -39
right_child=1 4 5 16 7 36 10 13 29 -11 22 23 17 37 30 -17 20 52 -20 31 24 51 -24 49 55 44 27 -29 54 60 -32 -33 33 50 -36 -37 -38 61 -40 -41 41 -43 -44 -45 -46 -47 -48 -49 -50 -51 -52 -53 -54 -55 -56 -57 57 -59 -60 -61 -62 -63
leaf_value=-0.047749320455393603 0.033082101710210914 -0.02182657507669224 -0.0051191369527653855 0.04065865939030542 -0.0033573909735971465 0.13338016955014276 0.023258562770501021 0.037638526618910026 -0.00030400122326161436 0.03417324755362023 0.019558590310764092 -0.041644019983889044 0.011155278673199888 0.0012155470554687591 -0.019433043346534971 0.0028451915424038232 0.014281252686167338 -0.030224514744480825 0.015614639806458689 0.031038726699109249 0.013742858750121678 0.0037016296517381054 -0.011124881235102704 -0.016727332544806416 -0.0056155596007114103 -0.01621854537968561 -0.011515000217216473 0.021204566210522025 0.017868798167577037 0.0058787363911435957 -0.0047735023487673646 0.055081905141196257 0.010127884200477659 0.039770868045222098 -0.035246095639142307 -0.0013309260039294187 0.014102316367383155 0.042029420279499588 -0.0075488930411913959 0.0014637430977498811 0.0068196138903242418 -0.016586648215667393 -0.027109757745327125 -0.019738687783542319 0.07464985213741275 -0.010344980961378258 -0.019161255592973204 0.0080732735580964481 0.0078851295675358649 -0.036560846463776171 0.0223391037346235 0.030330919078803337 -0.017963519177378064 0.020331380253293046 0.035256686251990882 0.014369887047509827 0.063907880107009693 0.00077541238564414374 0.01412023168064221 0.033445748826025849 0.019118414018763592 0.049235437622601755
leaf_weight=4608.4485330954194 83.271933976560831 27.963425505906343 95.772314684465528 62.918952967971563 25.076986268162727 9.5246526114642638 555.12776425108314 1239.7184768021107 233.85163004696369 1225.7711233869195 234.80768712982535 4422.1055713221431 48.417852018028498 22.923633985221386 756.86574056744576 328.67847590520978 338.64587043970823 548.24449098110199 834.14155694097281 275.94137090817094 602.54669862613082 115.91616096720099 377.64517618343234 157.20700488053262 163.14970801025629 50.450150907039642 90.072646010667086 124.39415502548218 223.15232857316732 251.32245502620935 945.93288638442755 122.84786599874496 186.0028747394681 217.30380072444677 820.08829952776432 310.94411348178983 126.86882104165852 964.07287649810314 253.57542753964663 362.64397267624736 263.86085056513548 498.57457183301449 1431.2101671621203 487.1985305249691 5.3331924565136424 602.39768886938691 43.434418654069304 84.436277916654944 7.1545555628836146 299.10840086638927 344.32611398771405 107.00992669165134 506.81320924125612 138.04125009477139 267.43673169240355 201.61509444192052 9.2501749880611879 671.75792863965034 611.5681670717895 5036.5047264508903 749.49268502369523 1908.0194644480944
leaf_count=173239 1430 409 2555 731 143 163 6840 6312 3034 8643 3204 154533 1087 152 17914 4753 5196 14854 8514 2830 7000 938 6164 4963 2090 1071 1443 1375 2194 2542 17748 839 1758 1965 25111 6651 2202 4366 4201 5384 4882 10912 41062 12704 81 13288 945 1492 107 9876 3282 685 12345 749 2202 1826 152 10322 6451 29977 6068 8127
internal_value=-0.000892041 0.0222385 -0.0358976 0.0059423 0.0328201 -0.0208176 -0.0022231 0.0372538 0.0218051 0.0260833 0.00608845 -0.0440393 -0.0243357 0.0430605 -0.00896694 0.0156739 0.0156012 -0.0184995 0.0215473 0.028855 0.0119738 0.0325571 -0.000803169 -0.0405326 0.0162522 0.0168435 0.0150054 0.0074406 0.019862 0.0127457 -0.0104255 0.0384698 0.0189291 0.0243875 -0.0290612 -0.0112104 -0.00370518 0.0464606 0.00377201 0.00858575 -0.0139406 -0.00847991 -0.0257342 -0.0169351 -0.00732352 -0.00673796 0.00825615 0.0200901 0.0802148 -0.029744 0.0290985 0.0165146 -0.0243418 0.0359097 0.027363 0.00541813 0.00585066 0.00164954 0.0125375 0.0332624 0.0157996 0.0468199
internal_weight=36718.9 22109.5 14609.4 8704.64 13404.9 5122.51 4716.77 9557.28 3847.6 2612.94 2112.48 9486.87 4248.69 4272.78 2604.29 883.806 3987.87 1901.62 1510.32 676.175 2477.55 5284.51 1228.67 4878.42 1457.9 139.055 277.386 214.467 1093.14 1234.67 2465.23 398.789 1387.16 747.633 2347.07 846.56 873.816 2895.02 851.027 597.452 1519.3 762.435 1526.98 535.616 55.7833 746.948 144.55 101.115 16.6792 456.315 561.63 222.926 1055.06 1377.76 490.589 364.765 1019.65 681.008 639.532 5061.58 1000.82 2872.09
internal_count=694076 216899 477177 131298 85601 134566 84584 51449 34152 22508 30546 342611 116369 19706 54038 11593 46714 47641 15732 7218 30982 31743 18953 169372 15312 2582 3549 2818 11396 11644 51456 3669 13865 7005 68728 20442 18197 12645 12789 8588 33708 15794 43617 13791 1152 15995 2707 1762 270 14839 5247 1623 27199 7061 4396 3916 15670 10474 6860 30120 8610 12493
is_linear=0
shrinkage=0.05


Tree=18
num_leaves=63
num_cat=0
split_feature=5 2 5 8 5 2 5 2 2 8 1 3 1 2 8 5 8 1 0 8 1 2 0 1 2 3 3 1 2 1 5 2 2 3 1 2 3 2 0 2 1 2 0 3 5 1 2 2 2 3 1 5 2 1 1 1 1 5 1 1 3 1
split_gain=10939.8 1517.98 534.302 290.222 237.759 118.577 98.7885 74.3775 59.6037 50.4928 50.4417 46.9916 44.8882 57.0612 38.2121 30.3903 28.5639 28.2855 38.6337 28.0332 27.3987 31.5147 28.5763 27.2556 35.3268 25.6506 28.1566 23.5485 23.3477 22.0552 21.5184 20.8107 20.6706 20.2233 19.89 19.2187 19.2011 18.5928 17.4193 17.4147 31.0547 17.2361 17.2105 16.8194 16.3091 20.1314 16.2005 16.1966 15.9879 15.8147 31.2162 17.5463 16.1141 22.0963 15.8092 15.711 15.2956 14.6032 14.4549 14.3315 16.5134 14.2592
threshold=5.5000000000000009 13423.850000000002 1.5000000000000002 4.5000000000000009 80.500000000000014 5177.7850000000008 22.500000000000004 4024.7100000000005 61411.715000000004 2.5000000000000004 48.500000000000007 21.500000000000004 114.50000000000001 22017.785000000003 2.5000000000000004 27.500000000000004 3.5000000000000004 21.500000000000004 2.5000000000000004 2.5000000000000004 59.500000000000007 6864.7800000000007 1.0000000180025095e-35 33.500000000000007 4407.0950000000003 227.50000000000003 703.50000000000011 81.500000000000014 2962.1900000000005 2.5000000000000004 17.500000000000004 20116.000000000004 1325.0300000000002 267.50000000000006 38.500000000000007 3447.6850000000004 616.50000000000011 91937.650000000009 2.5000000000000004 3024.5200000000004 31.500000000000004 7652.3150000000014 1.5000000000000002 27.500000000000004 37.500000000000007 167.50000000000003 1498.9550000000002 10241.440000000001 3597.7800000000002 384.50000000000006 93.500000000000014 199.50000000000003 136133.35500000001 294.50000000000006 77.500000000000014 23.500000000000004 28.500000000000004 72.500000000000014 74.500000000000014 68.500000000000014 391.50000000000006 75.500000000000014
decision_type=2 2 2 2 2 2 2 2 2 2 2 2 2 2 2 2 2 2 2 2 2 2 2 2 2 2 2 2 2 2 2 2 2 2 2 2 2 2 2 2 2 2 2 2 2 2 2 2 2 2 2 2 2 2 2 2 2 2 2 2 2 2
left_child=2 3 9 5 6 11 27 16 42 -1 14 19 13 25 56 23 17 18 29 38 21 22 -17 48 46 -8 58 31 -11 -4 39 -3 -20 37 -9 -21 57 -33 -2 -13 43 -12 -6 -41 -14 -46 -25 -36 -5 51 -51 -10 53 -52 -43 -30 -7 -15 -27 60 -26 -32
right_child=1 4 7 15 8 10 12 34 49 28 41 30 44 36 -16 20 -18 -19 32 35 -22 -23 -24 24 59 26 -28 -29 55 -31 61 33 -34 -35 47 -37 -38 -39 -40 40 -42 54 -44 -45 45 -47 -48 -49 -50 50 52 -53 -54 -55 -56 -57 -58 -59 -60 -61 -62 -63
leaf_value=-0.047514563260586562 0.050142164327413141 0.011500332859346259 0.052057078958022508 0.010913455621122193 0.035389312827949396 0.030536378158515433 0.029810634837713953 -0.0038960620856017276 0.036913906800641182 -0.041186323191571228 -0.009836321858958736 -0.017953038791569759 0.010322354495143859 0.03282073094347903 0.00096822203156519255 0.029698345981149749 -0.033138545735054509 -0.029535700835818208 -0.028893926803606002 -0.016193832525007251 0.014053970810414219 0.036364641850382622 0.0068369636074704773 0.035271444350876202 0.013040191569540296 0.026265980083081855 0.069330565671501546 0.0046278004064134771 -0.016147833699264553 -0.0075459213956835516 0.0011590771451878952 0.022008847053948725 -0.013549374449823648 0.042005619847948893 -0.023957359826139543 0.072290772103254047 0.050878116634743814 -0.016454751993660831 0.0084834177733030657 0.048846777814490316 -0.01551412179850911 0.006621737600371329 0.026023367644098995 0.00042072755368087824 0.02590215860959573 0.0092283735469653443 -0.016185619198664764 -0.0033126088868798333 0.029321193746453079 0.076441089738684784 0.040842050720207801 -0.00047307958446867257 0.047996153733244354 -0.006880410925582627 -0.0079263222391927918 -0.035976626833665155 0.014507921460517144 0.047626252193755825 0.010508315842589371 0.0006474308348395348 0.080695701305250445 -0.037190299268173736
leaf_weight=4404.8099444117397 56.622924633324146 658.07400247827172 16.067231569439173 263.21209194883704 2080.3511969223619 204.81971874088049 674.2319655790925 544.7514744438231 268.54209735989571 4252.0123629681766 472.31143831834197 1210.0308892335743 283.64289613813162 2610.9619339555502 494.42087653279305 254.71229913830757 969.62408177182078 951.85970146209002 642.67295315861702 69.677827060222626 1536.7235532701015 366.49902212619781 296.59828206151724 16.327350184321404 566.99861047416925 199.06181437894702 24.326368164271116 425.91186432912946 154.77304851636291 379.72694405727088 374.32199143618345 609.61688412725925 336.03973477333784 125.81657013297081 329.85930064693093 6.6165089309215537 176.16993240267038 32.905027907341719 45.676803007721901 18.88968900218606 637.44849171116948 592.74070015922189 650.34695887565613 325.80693398043513 1243.7302669323981 213.19173664599657 213.58996126428246 134.30456564202905 215.81605648994446 75.755795866250992 1322.4783032387495 35.231885880231857 1201.5569672882557 24.499568536877632 272.31070257723331 289.02643500640988 555.59970278665423 180.14916898310184 549.90695350244641 300.6955182030797 9.101404804736374 25.807019416242838
leaf_count=173239 779 7109 307 4282 10801 2430 4796 11944 1211 154533 8722 29043 2473 15417 7691 2583 30094 27241 19591 1536 15354 2768 3870 314 7108 1477 198 5090 4963 9094 6780 5686 8907 1180 8554 99 1018 307 1002 306 14214 8499 3850 6203 7656 1414 3871 2842 2274 332 5799 159 5016 117 4361 9876 7413 902 4471 4296 116 498
internal_value=-0.000873081 0.0200002 -0.0367946 0.00453748 0.0306391 -0.00308588 0.0250927 -0.0222778 0.0384863 -0.0436607 0.00459938 -0.0102772 0.0281402 0.0308243 0.0118001 0.0146579 -0.025915 -0.0229008 -0.0183007 0.0145115 0.0181456 0.0249886 0.0174117 0.00925541 0.00493583 0.0226727 0.0164396 0.014962 -0.0400437 -0.00510117 -0.0119875 0.0180437 -0.0236324 0.0236392 -0.0103893 -0.00837011 0.0347983 0.020029 0.0316168 -0.0139338 -0.00897566 -0.00215361 0.0331616 0.00310242 0.0213281 0.0234665 -0.012496 -0.0179966 0.0192215 0.043449 0.044706 0.0325626 0.0437577 0.0399699 0.00203597 -0.0290779 0.0188352 0.0337798 0.014706 0.00951349 0.0141315 -0.00131051
internal_weight=36475.4 23069.8 13405.5 9403.38 13666.5 5363.1 8007.7 4304.91 5658.76 9100.62 2592.2 2770.9 6155.37 4414.81 1254.84 4040.27 3295.99 2326.37 1374.51 178.594 2454.53 917.81 551.311 1585.74 1106.71 1447.53 773.295 1852.32 4695.81 395.794 2592.31 1426.41 978.713 768.338 1008.92 76.2943 2967.28 642.522 102.3 2192.18 982.145 1337.36 2730.7 344.697 1740.56 1456.92 229.917 464.164 479.028 2928.06 2624.29 303.774 2548.53 1346.98 865.051 443.799 760.419 2791.11 748.969 876.796 576.1 400.129
internal_count=694076 232891 461185 146412 86479 99576 59194 118574 27285 342611 39116 60460 39822 28279 17534 46836 95234 65140 37899 3416 24575 9221 6453 22261 15705 10942 6146 19372 169372 9401 57044 14282 28498 7173 23340 1635 17337 5993 1781 49766 20723 21582 14651 6509 11543 9070 4185 11396 6556 12634 11264 1370 10932 5916 12860 14839 9843 16319 5948 11520 7224 7278
is_linear=0
shrinkage=0.05


Tree=19
num_leaves=63
num_cat=0
split_feature=6 6 5 4 6 4 4 6 4 4 2 3 0 5 6 5 4 1 2 1 5 6 5 4 6 5 1 2 3 6 4 4 2 6 1 2 1 3 4 3 1 3 3 1 2 5 6 5 2 1 2 1 1 4 6 1 3 3 4 0 3 6
split_gain=10387 1015.59 873.047 231.775 184.084 114.864 76.1705 76.0287 59.9947 58.0737 57.6008 45.8589 31.004 29.19 28.5481 25.1115 24.3361 23.9621 53.4053 23.6648 23.5903 23.5866 23.079 20.9484 20.2737 19.2233 18.8547 18.5359 18.1996 17.0404 16.7763 16.1024 18.2189 16.0482 15.9209 15.8775 17.8971 15.8033 15.4265 15.1841 14.7934 17.3974 14.7142 14.5569 18.912 13.981 13.8612 13.3904 23.0028 18.2752 13.2729 16.9378 12.5678 12.5255 12.3054 12.2304 12.1522 12.1356 30.9715 12.9598 16.1739 11.8938
threshold=913.61500000000012 4390.2250000000013 1.5000000000000002 6.5000000000000009 13219.300000000001 7.5000000000000009 6.5000000000000009 399.03000000000003 336.50000000000006 15.500000000000002 6681.2600000000011 135.50000000000003 1.0000000180025095e-35 3.5000000000000004 47875.92500000001 16.500000000000004 5.5000000000000009 31.500000000000004 5442.0850000000009 24.500000000000004 189.50000000000003 6199.9850000000015 74.500000000000014 2.5000000000000004 518.90500000000009 6.5000000000000009 33.500000000000007 3370.2700000000004 113.50000000000001 3056.2250000000008 4.5000000000000009 31.500000000000004 2599.5100000000007 2493.0450000000005 24.500000000000004 3024.5200000000004 23.500000000000004 6.5000000000000009 54.500000000000007 384.50000000000006 75.500000000000014 440.50000000000006 751.50000000000011 60.500000000000007 21004.765000000003 181.50000000000003 4791.7700000000013 4.5000000000000009 320.53500000000003 2.5000000000000004 136133.35500000001 65.500000000000014 294.50000000000006 64.500000000000014 366.85500000000008 158.50000000000003 418.50000000000006 69.500000000000014 19.500000000000004 10.500000000000002 54.500000000000007 177.05000000000004
decision_type=2 2 2 2 2 2 2 2 2 2 2 2 2 2 2 2 2 2 2 2 2 2 2 2 2 2 2 2 2 2 2 2 2 2 2 2 2 2 2 2 2 2 2 2 2 2 2 2 2 2 2 2 2 2 2 2 2 2 2 2 2 2
left_child=2 5 8 15 9 12 11 38 16 21 13 -6 40 -7 52 17 61 18 23 -8 42 30 50 27 -20 46 28 47 -15 -14 -3 37 -33 53 -34 -18 -37 -9 -5 -24 41 45 55 44 -27 -2 -11 49 -49 -4 51 -16 -13 -12 -19 -21 -56 58 59 60 -35 -1
right_child=1 4 3 7 6 10 19 31 -10 25 33 14 29 26 22 -17 35 54 24 20 -22 -23 39 -25 -26 43 -28 -29 -30 -31 -32 32 34 57 -36 36 -38 -39 -40 -41 -42 -43 -44 -45 -46 -47 -48 48 -50 -51 -52 -53 -54 -55 56 -57 -58 -59 -60 -61 -62 -63
leaf_value=-0.025577202822043239 0.018946463505927633 0.023453689756929949 0.046171768287229825 -0.027214265221562863 0.017877456389387179 -0.031880764849607245 -0.020063333956825753 0.08102551652443607 -0.046584244433474267 0.048625392914410558 0.0023309548552821273 0.035628540973377601 0.0055000807615932911 -0.0028577462351603564 0.048978290357402449 0.011515707089729578 -0.040297336079140302 -0.024120720706354789 0.017055472336905079 0.024592948242976993 -0.0032815458373820564 0.027019313294564376 0.03233672230886029 -0.012382188570196764 0.10319000106770433 0.011962209327036059 -0.011847040885613494 0.039910410627898414 0.023742718600110853 0.014383919653853184 0.013056113127604491 -0.030350101194913517 0.005131594285362414 -0.0014712656295873114 -0.019592959089143824 -0.011929541072842118 -0.036656615205861158 -0.012665631244178506 -0.035205753340893049 0.04644137284960273 0.010879260247532408 0.061848557664948914 0.042015509264555516 0.0047526386686195339 0.03632163568956305 0.080764960459194068 -0.033847429757044238 0.049609717969735095 0.0032877097260802257 -0.011506009440603274 0.037976099219662468 -0.0021226036945712588 0.0035621184852914415 -0.019293749221027487 -0.010209536693618577 -0.0075685359297702291 0.04013181388348451 0.0081912681918042719 0.0048708984168922458 0.12052429563688397 0.086369959299773202 0.0096477631131780192
leaf_weight=151.21747217141092 1077.1155406050384 1212.7581570073962 14.515750784426926 1543.1207806877792 305.75069055706263 118.41591655090451 31.600656151771545 4.4108344465494147 5431.1989141628146 5.78608364611864 819.36926544085145 4022.3583852499723 1733.0985958129168 579.80118133500218 21.788989424705505 243.81633273139596 2744.4428344927728 190.90432672202587 12.110765330493452 824.60169719159603 74.802601993083954 4074.3743280097842 222.64022812247276 355.42711671441793 16.198492113500834 284.77955197170377 670.98047775402665 32.22303044423461 72.219685096293688 786.22432691603899 575.13831516355276 356.64973613619804 79.405664701014757 9.3358689658343845 353.22607157379389 108.58120683580637 229.67065001279116 910.71964034065604 1008.8548067770898 1506.7883636504412 641.99239277467132 24.826721504330635 122.98107320070267 345.13287474960089 111.24585887789726 9.1864670589566213 36.425933331251144 29.887889787554741 255.75565693899989 221.56338524445891 104.96656075119972 61.904093317687511 31.163139209151268 72.807890295982361 383.78933238983154 30.37262175232172 12.241228543221949 822.46945786476135 51.268787071108818 8.7219298742711526 11.523536775261162 28.191413521766663
leaf_count=4641 12860 9311 274 47739 1791 2927 344 118 221579 102 13400 19113 25139 11358 120 3826 102923 4826 267 5019 408 25533 984 8950 286 2846 12727 637 1398 7763 5078 9871 2072 106 8947 3671 8173 22303 33376 6221 6897 254 631 2960 957 71 649 469 4695 5225 539 316 146 1362 8006 165 231 9831 703 105 129 708
internal_value=-0.000853484 0.021287 -0.0332214 -0.0185915 0.0292407 0.00644997 0.0346884 -0.0249129 -0.0433596 0.0232049 -0.00065306 0.0368037 0.0118325 -0.0080983 0.0377716 -0.00337352 -0.0379879 -0.00575848 -0.000793183 0.0224358 0.023718 0.0249141 0.0428139 -0.00290711 0.0667072 0.0104059 -0.00596361 0.00316449 8.41186e-05 0.00827497 0.0201127 -0.0167278 -0.0219692 0.00532128 -0.0150433 -0.0390318 -0.0287397 -0.0121998 -0.0303767 0.0446305 0.0169412 0.0204379 0.0257884 0.0122802 0.018825 0.0194812 -0.0223363 0.00087816 0.00816771 -0.00792037 0.0261205 0.0111641 0.0353833 0.00055866 -0.013681 0.0234438 -0.00863113 0.010019 0.0285177 0.0691781 0.0469976 -0.020012
internal_weight=36234.8 21516.7 14718.1 6024.82 14007.4 7509.36 7361.72 4256.39 8693.3 6645.64 3236.91 6277.36 4272.44 1441.42 5971.61 1768.43 3262.1 1524.62 937.682 1084.36 1052.76 5862.27 1918.09 909.373 28.3093 783.37 1323 553.946 652.021 2519.32 1787.9 1704.41 789.281 1795.5 432.632 3082.69 338.252 915.13 2551.98 1729.43 1753.12 1111.13 977.955 741.158 396.025 1086.3 42.212 521.723 285.644 236.079 188.66 83.6931 4053.52 892.177 586.935 854.974 396.031 903.32 80.8501 29.5813 20.8594 179.409
internal_count=694076 190263 503813 162118 83233 107030 35797 124426 341695 47436 54046 29230 52984 28410 27439 37692 120116 33866 20803 6567 6223 39922 8180 20250 553 7514 25483 11300 12756 32902 14389 43311 20890 25636 11019 114767 11844 22421 81115 7205 20082 13185 5815 6763 3803 12931 751 10663 5164 5499 975 436 19259 14762 13063 5184 8237 10874 1043 340 235 5349
is_linear=0
shrinkage=0.05


Tree=20
num_leaves=63
num_cat=0
split_feature=6 4 6 4 6 4 7 6 4 6 4 4 4 8 6 6 1 4 6 3 3 7 8 0 4 6 4 1 3 4 6 1 6 1 1 3 6 1 1 3 1 3 3 1 3 1 6 3 3 1 1 6 6 6 1 1 6 0 6 1 1 1
split_gain=9644.12 858.536 842.553 197.67 157.139 105.676 80.1205 79.4885 78.5813 66.1411 40.0121 35.1311 34.8952 34.4312 27.5102 24.0596 21.0327 21.0013 17.8063 16.2328 15.7108 15.627 15.3294 14.6067 14.5806 14.549 14.5171 14.3968 13.2527 12.8283 16.7528 12.5225 12.4143 12.8135 12.0875 11.541 10.7967 10.6983 10.5615 11.8735 12.0604 10.4776 10.2145 20.7706 13.1896 13.5309 22.155 14.6225 11.4129 12.0488 11.4718 14.6971 14.5745 17.4689 10.4544 10.0404 9.91457 9.85461 9.915 18.1135 12.9349 9.6156
threshold=913.61500000000012 54.500000000000007 4390.2250000000013 6.5000000000000009 12547.26 2.5000000000000004 3.5000000000000004 244.74000000000004 1.5000000000000002 2493.0450000000005 15.500000000000002 60.500000000000007 1.0000000180025095e-35 4.5000000000000009 21369.865000000002 220.04000000000005 140.50000000000003 940.50000000000011 366.85500000000008 39.500000000000007 127.50000000000001 3.5000000000000004 4.5000000000000009 1.0000000180025095e-35 76.500000000000014 287.32000000000005 6.5000000000000009 16.500000000000004 10.500000000000002 2.5000000000000004 10845.810000000003 170.50000000000003 56324.710000000006 158.50000000000003 23.500000000000004 504.50000000000006 1379.1500000000003 153.50000000000003 138.50000000000003 1101.5000000000002 124.50000000000001 233.50000000000003 550.50000000000011 123.50000000000001 1171.5000000000002 100.50000000000001 5984.0550000000012 616.50000000000011 397.50000000000006 135.50000000000003 74.500000000000014 5071.4100000000008 4924.6250000000009 5409.0600000000013 102.50000000000001 81.500000000000014 32681.165000000005 1.0000000180025095e-35 6669.4150000000009 152.50000000000003 146.50000000000003 9.5000000000000018
decision_type=2 2 2 2 2 2 2 2 2 2 2 2 2 2 2 2 2 2 2 2 2 2 2 2 2 2 2 2 2 2 2 2 2 2 2 2 2 2 2 2 2 2 2 2 2 2 2 2 2 2 2 2 2 2 2 2 2 2 2 2 2 2
left_child=1 3 5 12 10 23 17 21 14 11 29 36 19 34 -6 22 38 -3 -8 25 -15 -5 61 -2 -12 28 35 -17 -1 41 -31 -28 33 -18 -10 -22 -7 -37 39 -16 -41 55 48 44 45 -44 -47 -48 49 50 51 -43 -52 54 -54 -4 -33 58 60 -60 -45 -14
right_child=2 6 4 7 8 9 18 -9 13 -11 24 -13 15 20 16 27 32 -19 -20 -21 26 -23 -24 -25 -26 -27 31 -29 -30 30 -32 56 -34 -35 -36 37 -38 -39 -40 40 -42 42 43 57 -46 46 47 -49 -50 -51 52 -53 53 -55 -56 -57 -58 -59 59 -61 -62 -63
leaf_value=0.029786527871301777 0.017980247173496645 -0.041507570706978247 0.027004613471907926 -0.042652222652311021 0.030653866699283577 -0.0045470483677558888 -0.036112136239883637 -0.017452689412022923 -0.017245129131169386 0.0096737928929586034 0.012252999679206178 -0.02030541826817325 -0.0082637143850386105 0.011905891877421035 0.033987162438699002 0.0077569113534260731 0.050380723518677999 -0.047160801165164967 -0.025011644377481237 -0.00032103962405317693 0.027206561733159825 -0.030142526177333318 0.033820221493522692 0.010401295829534892 -0.023513012751694148 0.031845607261723585 0.025305223022978097 -0.0071100153733425937 -0.0067290873235027818 0.01864467020057969 0.031380735915458584 -0.016556420360669531 0.047361750647337802 0.035700209006239027 0.015051317167205156 0.040667606306139421 0.0018511710754761795 0.030319737726066179 0.0067629397216789483 0.038260502489524582 0.081235773110565221 0.065880498923890571 0.029512155063774238 -0.01922418918003584 0 0.10890715515980816 0.081105852558590527 0.032760623719256247 0.014445026098887022 0.046296545466700728 -0.0040355635577895314 0.02713334455415143 0.066765506051719589 0.018757755224850528 0.019360041433989009 0.040395415073740726 0.019874361902323872 0.013570714416175165 0.049672178241617217 0.02363202300311357 0.024197856997073199 -0.024520274819762294
leaf_weight=36.868395365774632 1521.0501077994704 2830.7808558084071 961.69688948988914 321.12429688498378 1419.3817034065723 1070.5467885360122 1561.6753080580384 1919.5534555800259 31.186977129429579 1907.6842207722366 742.41069352626801 246.29809901490808 131.64505836740136 142.45115959644318 1251.5141781195998 206.1506932862103 190.75231455266476 4031.7828963864595 476.05089790001512 328.7652486115694 906.92773860692978 1178.5783457420766 13.695032760500906 1100.8451834842563 29.450675513595343 95.614560704678297 708.14515590667725 769.73391227796674 75.340345222502947 2092.4827188067138 296.39651760458946 33.175026252865791 803.40191288292408 726.06215244531631 372.95348853245378 463.54499258100986 1715.2360161282122 562.57152757048607 34.162870705127716 42.695552572607994 27.52798955142498 29.142607539892197 66.131592638790607 23.337170951068401 16.609385028481483 18.253294795751572 22.544054642319679 53.710461646318436 509.71582470089197 56.564284600317478 61.322279393672943 161.70588789880276 32.298480920493603 513.53603718429804 18.854169860482216 166.59034065157175 42.322096556425095 187.0703158006072 97.058823309838772 219.90160574018955 63.046047076582909 303.20560773275793
leaf_count=835 16846 113669 6480 12159 6924 21239 56112 51044 360 22574 6940 5344 3771 854 5714 4260 821 173633 13557 6441 4497 40151 255 13400 442 1516 3691 16296 1739 15780 1755 185 3271 3106 2811 2139 27736 2540 146 180 114 228 416 167 95 132 131 311 3179 343 486 1015 237 3127 138 1044 194 1131 525 1194 443 8664
internal_value=-0.000782751 -0.0327101 0.02017 -0.0169401 0.02735 0.00668711 -0.0422423 -0.0241982 0.0321437 0.0023795 0.0215734 -0.00220835 -0.0042817 0.0262304 0.0364344 -0.00837676 0.039099 -0.0448302 -0.0335227 0.00657928 0.0281628 -0.0328272 -0.0179636 0.0148005 0.010879 0.0175142 0.0290129 -0.00396386 0.00524016 0.0230286 0.0202282 0.0232404 0.0427855 0.0387652 0.012543 0.0313492 -0.000605877 0.0350027 0.0344154 0.0351258 0.0552697 0.0250666 0.023005 0.027652 0.0426984 0.0470816 0.0592788 0.0472065 0.0204204 0.0238998 0.0223373 0.0331076 0.0190411 0.0215562 0.0494619 0.0289896 0.00379904 0.0231199 0.027532 0.0316349 0.0124005 -0.0196134
internal_weight=36040.8 14280.6 21760.3 5380.27 14198.6 7561.66 8900.29 3419.26 7758.78 4939.77 6439.83 3032.08 1961.02 3263.28 4495.5 1424.43 3076.12 6862.56 2037.73 536.589 2859.14 1499.7 448.546 2621.9 771.861 207.823 2716.69 975.885 112.209 5667.97 2388.88 783.642 1720.22 916.814 404.14 1933.04 2785.78 1026.12 1355.9 1321.74 70.2235 3279.09 2150.8 767.663 177.249 160.639 94.5078 76.2545 1383.14 873.424 816.859 190.848 626.011 564.689 51.1527 1128.29 75.4971 590.414 403.344 316.96 86.3832 434.851
internal_count=694527 504102 190425 147131 83286 107139 356971 103354 37547 76893 45739 54319 43777 17271 20276 33246 13352 287302 69669 10531 14100 52310 12690 30246 7382 4090 13246 20556 2574 38357 17535 4070 7198 3927 3171 9176 48975 4679 6154 6008 294 20822 13298 4545 1085 990 574 442 8753 5574 5231 1243 3988 3502 375 7524 379 3460 2329 1719 610 12435
is_linear=0
shrinkage=0.05


Tree=21
num_leaves=63
num_cat=0
split_feature=5 2 5 8 5 4 2 2 4 8 2 4 3 4 3 2 4 4 8 3 5 2 5 4 4 2 3 5 0 8 4 5 3 3 2 4 8 5 4 3 2 3 3 3 2 2 5 3 2 2 2 3 0 2 2 5 3 2 4 4 5 4
split_gain=8559.39 940.897 680.425 175.764 174.461 143.554 94.603 82.6779 65.7488 54.9214 51.779 43.8873 47.5154 40.4214 38.5167 38.318 34.6346 32.0474 31.7118 30.8756 25.3711 25.066 25.0132 23.0047 20.8917 19.77 17.742 16.7469 16.1904 16.312 15.2099 15.1543 20.6848 15.0765 17.4877 14.8854 13.7658 13.6894 12.386 13.6876 22.1539 28.1925 20.5281 16.6409 12.1942 14.8226 11.6875 11.6398 11.5565 16.7038 11.3312 11.3013 11.2462 11.2103 13.2358 11.0433 21.4112 12.6329 12.1564 11.4964 10.9053 14.9712
threshold=6.5000000000000009 13423.850000000002 1.5000000000000002 4.5000000000000009 80.500000000000014 5.5000000000000009 5574.8050000000012 5304.4100000000008 316.50000000000006 4.5000000000000009 91937.650000000009 54.500000000000007 22.500000000000004 2.5000000000000004 378.50000000000006 15673.650000000001 3.5000000000000004 8.5000000000000018 2.5000000000000004 116.50000000000001 3.5000000000000004 9079.6700000000019 189.50000000000003 1.0000000180025095e-35 2.5000000000000004 2492.2050000000004 31.500000000000004 17.500000000000004 1.5000000000000002 2.5000000000000004 1.5000000000000002 32.500000000000007 294.50000000000006 776.50000000000011 11687.245000000001 50.500000000000007 2.5000000000000004 2981.0000000000005 16.500000000000004 227.50000000000003 20116.000000000004 865.50000000000011 991.50000000000011 135.50000000000003 18417.425000000007 22017.785000000003 24.500000000000004 54.500000000000007 7049.3100000000004 4944.5650000000014 3676.7850000000003 331.50000000000006 57.500000000000007 1218.2100000000003 821.3850000000001 8.5000000000000018 57.500000000000007 5861.3050000000012 13.500000000000002 4.5000000000000009 150.50000000000003 7.5000000000000009
decision_type=2 2 2 2 2 2 2 2 2 2 2 2 2 2 2 2 2 2 2 2 2 2 2 2 2 2 2 2 2 2 2 2 2 2 2 2 2 2 2 2 2 2 2 2 2 2 2 2 2 2 2 2 2 2 2 2 2 2 2 2 2 2
left_child=2 3 8 7 9 15 20 11 17 23 16 12 24 26 -12 28 -6 -1 19 55 -7 -15 60 -3 53 -19 50 -14 29 -4 37 -28 48 -34 -35 44 -25 -16 39 43 41 -41 -43 -11 -8 -46 -45 -23 49 -33 -5 -21 -20 54 -2 56 -9 -57 59 -58 -18 -62
right_child=1 4 5 13 10 6 35 18 -10 38 14 -13 27 21 30 -17 22 25 52 51 -22 47 -24 36 -26 -27 31 -29 -30 -31 -32 32 33 34 -36 -37 -38 -39 -40 40 -42 42 -44 46 45 -47 -48 -49 -50 -51 -52 -53 -54 -55 -56 57 58 -59 -60 -61 61 -63
leaf_value=-0.018749968371211855 0.040348742996698522 0.027312234313298291 0.016696533963847633 0.027867987085128734 0.030755664801201545 -0.030565518110813795 -0.0041690589416910704 0.071715486430651093 -0.045835637179060446 0.020536852752330529 0.016866973475169456 -0.030552210700991685 -0.010716054149654416 0.0021660846248860643 0.044113688709603333 0.049590117309297993 0.020063641658152109 -0.039834215916770596 -0.0045613655309784664 0.0055904260834666137 -0.02141799823938223 0.059860742565771723 -0.0024003513976466424 0.014363889289448407 0.0027233310014026912 -0.028167565377130301 0.010166038262209964 0.00088462349150609772 -0.011077799451748506 -0.0029440835566666599 0.033477020141345487 0.024394160030319176 0.0074545566399187068 0.055621689636530358 -0.0077833007680283258 -0.016558529386014306 0.0042848681520822251 0.012310922620117976 0.012053646524468215 0.012998210939848402 0.023950247003056698 0.11065795135549349 0.019300070287414248 0.020913736492242242 0.058803937746981984 0.0044002882816069153 0.033667961520886865 0.013380322225969396 0.028648886543995989 0.0049736176054743318 0.06995558241400672 -0.0094020573254139025 0.046325489036959155 0.069162183766400875 -0.03322916546714845 -0.0067218755553487067 0.0048294499379452705 0.018122405352695922 -0.011130405882135694 0.06171317307774437 0.059265527565323488 0.0064128457000242924
leaf_weight=236.56864538788795 31.043467525392771 282.49826296418905 142.82765190303326 59.984480943530798 3084.7336313650012 1777.9321117997169 394.49755338765681 26.74702051281929 5064.6776623167098 570.38313421607018 191.19035898149014 208.74423228017986 1576.2549267169088 1158.1780482437462 1338.9990387409925 35.289908360689878 463.18996644020081 2310.7547605354339 752.48006115667522 928.72138683870435 1333.5037126038224 13.733438950031994 121.51004921644926 1445.5658308714628 63.917799944058061 436.15329354070127 798.52912437170744 386.61085811629891 397.70027569308877 405.12285897135735 563.66286933422089 318.51148068904877 443.65308398008347 35.319696538150311 15.473739571869372 227.55760829895735 444.60853054746985 35.260330602526665 239.16320294514298 778.61660311371088 3365.1849982328713 12.891647294163706 12.064191803336142 228.74623196944594 17.300353767350316 45.55565096065402 891.92363927140832 650.12754651904106 471.1340250223875 170.88527388125658 22.271336778998375 145.06405967287719 10.901924051344393 25.320120718330145 7.4497836716473094 58.015569537878036 16.762327812612057 413.77917034178972 22.443334843963385 19.343126360327005 42.314700238406658 19.950760625302792
leaf_count=7467 429 2258 2733 726 14849 59877 8684 346 225324 3520 837 5508 35251 17118 5452 464 2613 93479 12124 13368 38265 108 697 13091 1409 16157 9751 6890 9477 8697 2413 3332 3793 296 117 5600 5200 159 1720 6271 19217 111 102 1848 321 772 5053 6491 3398 1519 169 2181 181 257 101 877 239 4808 370 301 224 117
internal_value=-0.000764295 0.0174963 -0.0334885 0.00471253 0.0255025 -0.0185381 -0.0229439 -0.001918 -0.0423619 0.0208241 0.0321041 -0.00869024 -0.00650359 0.0121986 0.0383346 -0.00148146 0.028547 -0.0364619 0.00458375 0.00852144 -0.0266475 0.0066116 0.0180054 0.013991 0.023024 -0.0379847 0.0165541 -0.00842868 -0.00339769 0.00216839 0.040449 0.0157165 0.0187584 0.0104275 0.0362304 -0.00611037 0.0119961 0.0433023 0.0232572 0.0237134 0.0221664 0.014688 0.0669464 0.0275224 -0.000898437 0.0195233 0.0310712 0.0143583 0.0230401 0.0176256 0.0393953 0.00355966 -0.00382212 0.0432435 0.0259301 0.0180739 0.0346711 0.015056 0.0175693 0.0355287 0.0227333 0.0424484
internal_weight=35809.3 22983.9 12825.4 8851.4 14132.5 4777.29 3796.35 4693.6 8048.15 8271.65 5860.81 2299.34 2090.6 4157.8 2129.11 980.941 3731.7 2983.48 2394.26 1630.88 3111.44 1822.04 646.965 2172.67 127.731 2746.91 2335.76 1962.87 945.651 547.951 1937.92 2253.51 1454.98 494.447 50.7934 684.911 1890.17 1374.26 6098.97 5859.81 4168.76 803.572 24.9558 1691.05 457.354 62.856 1120.67 663.861 960.531 489.397 82.2558 1073.79 763.382 63.8134 38.4933 557.091 85.2958 471.795 58.5488 36.1055 525.455 62.2655
internal_count=694527 217210 477317 131458 85752 134890 113519 84640 342427 58391 27361 49845 44337 46818 8861 21371 18500 117103 34795 22490 98142 23717 3651 20549 2196 109636 23101 42141 20907 11430 8024 22206 12455 4206 413 15377 18291 5611 37842 36122 25701 6484 213 10421 9777 1093 6901 6599 8249 4851 895 15549 12305 787 530 6941 1256 5685 910 540 2954 341
is_linear=0
shrinkage=0.05


Tree=22
num_leaves=63
num_cat=0
split_feature=6 4 6 4 6 4 7 6 4 6 4 3 4 4 6 6 1 4 6 1 7 1 1 3 4 8 1 4 0 6 1 3 3 1 1 1 0 4 1 0 1 3 3 1 1 1 1 1 6 1 3 1 1 3 1 3 6 0 4 1 8 1
split_gain=8163.55 833.484 659.966 176.105 131.458 83.7352 82.381 74.8316 66.629 54.3807 32.4449 30.4123 30.3451 22.3624 21.7896 21.4811 20.833 19.7044 17.7082 16.3162 15.7712 14.3286 14.0578 17.3131 13.76 13.3713 13.1123 12.587 12.3137 11.8462 13.404 15.5783 13.581 11.3763 10.3575 15.6786 11.1595 9.65934 12.1395 11.8844 9.63101 9.50563 13.7635 9.29898 9.29109 11.7858 9.04133 8.8858 8.86536 11.8629 10.0975 8.84548 8.82335 11.0582 12.2713 9.87956 10.5336 8.6274 8.62712 13.0117 8.49479 9.87383
threshold=913.61500000000012 54.500000000000007 4390.2250000000013 6.5000000000000009 14765.125000000002 2.5000000000000004 3.5000000000000004 244.74000000000004 6.5000000000000009 1955.8800000000003 15.500000000000002 137.50000000000003 1.0000000180025095e-35 940.50000000000011 56324.710000000006 220.04000000000005 217.50000000000003 62.500000000000007 366.85500000000008 23.500000000000004 3.5000000000000004 16.500000000000004 227.50000000000003 1614.5000000000002 89.500000000000014 4.5000000000000009 16.500000000000004 49.500000000000007 1.0000000180025095e-35 6669.4150000000009 151.50000000000003 550.50000000000011 440.50000000000006 147.50000000000003 66.500000000000014 80.500000000000014 1.0000000180025095e-35 16.500000000000004 157.50000000000003 1.5000000000000002 137.50000000000003 118.50000000000001 94.500000000000014 9.5000000000000018 131.50000000000003 123.50000000000001 294.50000000000006 160.50000000000003 11387.460000000001 113.50000000000001 466.50000000000006 125.50000000000001 50.500000000000007 485.50000000000006 109.50000000000001 355.50000000000006 2899.4400000000005 1.5000000000000002 5.5000000000000009 144.50000000000003 4.5000000000000009 77.500000000000014
decision_type=2 2 2 2 2 2 2 2 2 2 2 2 2 2 2 2 2 2 2 2 2 2 2 2 2 2 2 2 2 2 2 2 2 2 2 2 2 2 2 2 2 2 2 2 2 2 2 2 2 2 2 2 2 2 2 2 2 2 2 2 2 2
left_child=1 3 5 12 10 28 13 20 11 17 22 41 21 -3 46 25 -16 58 -8 -10 -5 -1 29 -24 60 43 -17 47 -2 -4 31 32 -31 40 -33 -36 44 39 -39 -21 48 42 -6 -14 45 -37 57 -12 49 -34 -51 -52 -30 54 55 -54 -57 -13 -7 -60 -11 -62
right_child=2 6 4 7 8 9 18 -9 19 24 27 14 15 -15 16 26 -18 -19 -20 37 -22 -23 23 -25 -26 -27 -28 -29 52 30 -32 34 33 -35 35 36 -38 38 -40 -41 -42 -43 -44 -45 -46 -47 -48 -49 -50 50 51 -53 53 -55 -56 56 -58 -59 59 -61 61 -63
leaf_value=0.016695046856266712 0.016019764714330576 -0.040598494376610318 0.017524906609147673 -0.041868611719838952 0.0092593843436321564 0.00404288327175814 -0.034991806916148484 -0.016337684856460991 -0.023359957750952801 0.005025473053147253 0.013145643507009454 0.031391379001828 -0.0073838005096191484 -0.046676151340188723 0.033808015942173517 0.0074958791954697112 0.047593817930415373 -0.019101967360189681 -0.023639882293314044 0.0097851745518109049 -0.028855132902942601 -0.00013117164928881078 0.058393354304061854 0.01194183250730587 -0.020224488889906075 0.03036125418274177 -0.00668426569416509 -0.0075071911231116006 0.014290079894787047 0.023037391549603128 0.015200942927652616 0.066380089719251009 0.030915263655681303 0.049724259452546438 -0.011282196463567783 0.038134362865609624 0.024109329101388355 0.012472473857368155 -0.033199493775938664 0.024892208042270568 -0.0098914473147101323 -0.00093804178898003899 0.035114510656122082 -0.02355547236341797 0.049359092568736995 0.0026145049547153334 0.0029605518962408182 -0.02966122878940829 0.0023765656018286769 -0.01603924423980747 0.001460111320902114 0.03721715810003462 0.0029224427188041151 0.021908537048669158 -0.018224434732958782 0.0027923875735423312 0.04840659902727229 0.02582409504417725 -0.0033672150994261 -0.049994328951457542 0.015084166447294984 0.0056128484950393777
leaf_weight=201.23261363431811 1557.8927370980382 2616.051676010713 2227.271096188575 298.01457257941365 121.84246102720499 445.15752166882157 1464.1761327125132 1862.8519000131637 24.212741158902645 1518.4316895827651 751.83811229467392 3134.3621320575476 129.13246473111212 3689.4394350666553 1285.0154671296477 206.93986553698778 352.51787458360195 186.20943793281913 454.42153977975249 175.29073987901211 1116.0343101546168 338.94032914750278 53.530812099575996 32.630471035838127 45.454981375485659 14.239523142576216 762.90540731698275 87.688144009560347 476.87495835497975 2797.1707012206316 622.03841412067413 20.076029777526855 115.74676725268364 20.068449258804321 22.244492076337337 98.987569913268089 260.33453322947025 241.390401288867 15.334357760846613 522.25983265042305 47.466278366744518 69.652484327554703 90.066252745687962 293.52932992018759 116.90993225574493 30.979599803686142 31.277133792638779 12.160159692168234 107.90681309998035 31.386690080165863 37.888787187635899 32.21413116902113 443.54023442789912 86.654531169682741 62.057852447032928 25.084902878850698 25.989556133747101 915.36705128848553 1628.6533903703094 15.019425358623264 608.07308286800981 506.9177118614316
leaf_count=3879 16846 113669 17005 12159 742 7170 56112 51044 268 20576 6638 13969 3771 173633 5398 4260 1432 4304 13557 910 40151 6652 286 158 828 255 16296 1172 6075 16698 3429 117 693 109 128 529 1495 1644 93 2749 267 366 476 8664 610 161 143 97 572 188 223 186 5220 885 656 321 243 4335 31080 225 7160 5550
internal_value=-0.000745643 -0.0314719 0.0179198 -0.0158513 0.0241821 0.00601707 -0.0413929 -0.0229277 0.0291271 0.00216503 0.0195961 0.0311012 -0.00393773 -0.0441561 0.031892 -0.00780726 0.0367815 -0.00351803 -0.0323071 0.0170149 -0.0316041 0.00612984 0.0207696 0.0408937 0.00699319 -0.0170147 -0.00365297 0.0103923 0.0131403 0.020505 0.0220253 0.0231588 0.0218124 0.0130699 0.0309598 0.029595 0.0313994 0.0180469 0.00971312 0.021105 0.0110695 0.0150174 0.0202834 -0.0186294 0.0390538 0.0297146 0.0299279 0.012454 0.014147 0.0199668 0.00741301 0.0179922 0.00913024 0.00529605 0.00269761 0.0053359 0.0261504 0.0301349 -0.00212555 -0.00379934 0.00746564 0.0107835
internal_weight=35585 13447.9 22137.1 5223.82 14505.1 7632.01 8224.09 3276.9 6978.59 4953.92 7526.54 6000.1 1946.92 6305.49 5718.54 1406.75 1637.53 2275.04 1918.6 978.488 1414.05 540.173 6674.85 86.1613 2678.88 436.901 969.845 851.686 2678.09 6588.69 4361.42 3739.38 3189.85 392.678 549.532 529.456 507.212 954.275 256.725 697.551 372.609 281.561 211.909 422.662 246.877 129.967 4081.01 763.998 325.143 217.236 101.49 70.1029 1120.2 643.327 556.673 494.615 51.0745 4049.73 2088.83 1643.67 2633.42 1114.99
internal_count=694527 504102 190425 147131 83286 107139 356971 103354 32525 76893 50761 26861 43777 287302 25277 33246 6830 42779 69669 5664 52310 10531 42854 444 34114 12690 20556 7907 30246 42410 25405 21976 18936 2238 3040 2923 2795 5396 1737 3659 2129 1584 1218 12435 1300 690 18447 6735 1862 1290 597 409 13400 7325 6440 5784 564 18304 38475 31305 33286 12710
is_linear=0
shrinkage=0.05


Tree=23
num_leaves=63
num_cat=0
split_feature=5 2 4 5 4 4 2 8 2 8 2 2 1 3 2 4 2 1 1 3 4 7 2 2 3 1 4 2 4 4 8 5 3 3 2 5 5 5 1 3 5 5 3 1 1 8 5 1 5 1 1 8 1 3 1 5 3 8 4 2 2 5
split_gain=7278.61 865.714 526.637 165.154 154.752 107.913 87.6001 60.1343 59.6531 56.5007 52.8963 47.5177 41.1589 39.1937 38.2321 31.7276 29.5069 31.7917 28.667 32.9115 28.1953 27.4622 26.9654 23.0752 27.7395 22.6143 21.5293 21.3137 20.8378 20.4862 20.4335 20.1434 16.7894 16.353 16.0429 15.982 14.3763 14.356 14.3402 17.9018 15.6207 14.3061 14.1292 15.1796 13.8094 13.7088 13.6037 14.9947 13.3203 15.7985 13.2968 13.2223 13.218 19.7523 18.4974 20.9407 13.1118 13.0609 12.9956 12.9645 12.6156 12.215
threshold=5.5000000000000009 10241.440000000001 87.500000000000014 79.500000000000014 15.500000000000002 5.5000000000000009 4115.4500000000016 4.5000000000000009 61411.715000000004 4.5000000000000009 1692.2950000000003 4831.3050000000012 107.50000000000001 21.500000000000004 15673.650000000001 5.5000000000000009 5304.4100000000008 34.500000000000007 88.500000000000014 803.50000000000011 1.5000000000000002 3.5000000000000004 11687.245000000001 20116.000000000004 233.50000000000003 50.500000000000007 623.50000000000011 32232.585000000003 54.500000000000007 1.5000000000000002 2.5000000000000004 27.500000000000004 378.50000000000006 101.50000000000001 9337.0800000000017 33.500000000000007 522.50000000000011 2981.0000000000005 151.50000000000003 865.50000000000011 52.500000000000007 38.500000000000007 684.50000000000011 150.50000000000003 26.500000000000004 2.5000000000000004 3.5000000000000004 12.500000000000002 11.500000000000002 75.500000000000014 55.500000000000007 4.5000000000000009 83.500000000000014 245.50000000000003 53.500000000000007 11.500000000000002 703.50000000000011 2.5000000000000004 75.500000000000014 23137.850000000002 50481.130000000012 11.500000000000002
decision_type=2 2 2 2 2 2 2 2 2 2 2 2 2 2 2 2 2 2 2 2 2 2 2 2 2 2 2 2 2 2 2 2 2 2 2 2 2 2 2 2 2 2 2 2 2 2 2 2 2 2 2 2 2 2 2 2 2 2 2 2 2 2
left_child=2 4 5 7 9 14 21 18 15 13 26 28 23 57 45 51 48 -18 19 30 33 -7 -14 24 41 -13 -4 61 -6 32 -3 -25 -10 -11 50 -35 42 -34 39 40 -24 -9 43 -31 -12 -1 -23 -48 -15 -50 -8 -5 53 58 55 -55 -26 -2 -32 -41 -40 -20
right_child=1 3 10 8 11 6 34 12 29 20 44 25 22 16 -16 -17 17 -19 27 -21 -22 46 38 31 56 -27 -28 -29 -30 36 52 -33 37 35 -36 -37 -38 -39 60 59 -42 -43 -44 -45 -46 -47 47 -49 49 -51 -52 -53 -54 54 -56 -57 -58 -59 -60 -61 -62 -63
leaf_value=0.0051493713229074211 0.036051967587705062 0.01639685073496101 -0.040185581482471075 -0.0084311537071072775 -0.013954061054117426 -0.039213424399101159 -0.0094363097774193688 0.019448280667091422 0.021419471972717537 0.023016756563739339 -0.025388716927191635 0.0042906745177043026 -0.020979907049158315 -0.010009664764541635 0.05777099305148168 0.0085858083746489424 0.019678211502127771 -3.7393459388242086e-05 -0.027104499822459899 0.094275610941781676 0.0053945952040072333 -0.02867450167026557 0.011010942737549422 0.016986827793702187 0.0097918397192096624 -0.011163378417260852 -0.046359442089421554 0.014048335757208 -0.030380914507363722 0.026373942198577274 0.0052614178909697372 0.027462983723382035 0.037510852987003074 0.0014816390526268606 0.0034278625619087108 0.015522900931390164 -0.0016710595319811385 0.0068989181085053423 0.00027316597104338081 0.075829610157738286 0.020874931052687846 0.031765503894404308 0.033353033154983031 0.0033901287494664239 -0.037220894568921012 -0.0098473601443192331 -0.0047222030178512312 -0.023635591975043377 0.0015167899464084869 -0.037693894326413117 -0.031022660441958699 0.025057369006106462 -0.033032846595499057 0.11465536205792637 0.014268433177400817 0.026259452746630871 0.049428400604777482 0.0025669512059691875 -0.026996134272619751 0.029171066875554447 0.016688791271497069 -0.0016702030719854669
leaf_weight=191.42914550378919 96.76936286687851 1701.752621602267 2335.69474561885 29.514687590301037 854.1330858822912 476.70422603189945 406.02681111358106 758.58722851425409 195.23365661501884 450.8573883920908 482.73467849008739 539.83287629671395 52.520771872252226 853.49972361139953 23.42384672164917 342.58150448277593 272.23415536433458 818.52911297231913 55.053154774010181 12.607801299542187 1551.7165237218142 1493.9999147448689 792.27258398383856 576.48279931768775 744.9298662468791 421.1145145110786 3678.6757597438991 224.61414114385843 250.61435067281127 288.61785489320755 485.97657011449337 2318.3032332509756 1895.4632440507412 284.56689444556832 202.86324936151505 711.24633514136076 42.626964315772057 39.550605624914169 266.62432043999434 18.26824327558279 821.13269201666117 345.91431235522032 516.49179825186729 96.370008587837219 516.42061416432261 738.86998081207275 128.40453553199768 588.4716462623328 567.20319072902203 26.805602733045816 86.915543541312218 2840.8585263937712 20.890330541878939 11.109177201986315 81.139437042176723 17.353736307471991 21.447221867740154 42.136647701263428 33.232430499047041 85.541612632572651 209.40721437335014 331.68798650428653
leaf_count=4183 1424 15699 103222 193 21671 19679 10859 6170 823 4725 19206 8833 563 18911 316 2159 3249 12469 953 108 20860 54799 5691 4038 6182 7846 180315 1869 7190 1268 5830 11915 7756 3662 4529 6194 196 177 1951 140 4464 2162 2198 416 20702 18651 3819 18240 10224 536 2652 14346 292 149 973 174 175 684 483 443 1119 3802
internal_value=-0.000726744 0.0148674 -0.0337208 0.0214148 0.00110235 -0.0200222 -0.0242099 0.0174166 0.0277644 0.00536786 -0.0421908 -0.0106145 0.0199451 8.63728e-05 -0.00515992 0.0229935 -0.00132743 0.00488002 0.0114561 0.0139521 0.0100817 -0.0283042 0.0143572 0.0225769 0.0182374 -0.00247699 -0.0439633 0.0017954 -0.0176875 0.0327479 0.0135153 0.0253791 0.0354739 0.015105 -0.00838628 0.011516 0.0265886 0.0368881 0.0152066 0.0173376 0.0160352 0.0233129 0.0279305 0.020636 -0.0315124 -0.00675586 -0.0259481 -0.020256 -0.00600849 -0.000250286 -0.0132581 0.024711 0.00595861 0.00726697 0.0265507 0.0612164 0.0109139 0.0259395 0.00318232 0.0374951 0.00750692 -0.00530981
internal_weight=35366.1 24015.4 11350.6 16274.2 7741.26 4337.11 3383.39 9986.85 6287.31 5675.56 7013.53 2065.69 7011.43 2677.18 953.723 3212.95 2538.27 1090.76 2975.42 2364.06 2998.39 2687.58 2245.77 4765.66 1870.88 960.947 6014.37 611.355 1104.75 3074.35 2351.45 2894.79 2130.25 1446.67 695.806 995.813 944.107 1935.01 2193.25 1717.22 1613.41 1104.5 901.48 384.988 999.155 930.299 2210.88 716.876 1447.51 594.009 492.942 2870.37 649.702 628.811 109.602 28.4629 766.377 138.906 519.209 103.81 476.032 386.741
internal_count=694527 233355 461172 104877 128478 137727 114577 75345 29532 82938 323445 45540 45013 47497 23150 16698 45389 15718 30332 23708 35441 96537 14371 30642 14689 16679 283537 6624 28861 12834 23600 15953 8756 14581 18040 9856 4078 7933 13808 10738 10155 8332 3882 1684 39908 22834 76858 22059 29671 10760 13511 14539 7901 7609 1296 323 6357 2108 6313 583 3070 4755
is_linear=0
shrinkage=0.05


Tree=24
num_leaves=63
num_cat=0
split_feature=6 6 6 6 5 6 5 8 5 6 3 5 8 2 2 1 7 6 8 1 2 1 6 2 8 5 8 1 2 8 6 3 1 3 5 5 2 6 3 5 3 5 5 2 3 1 6 3 5 5 6 5 6 2 3 1 5 1 6 5 5 5
split_gain=6946.84 648.978 629.83 142.938 66.5009 59.3149 55.5641 52.9083 34.1464 34.1433 28.0055 25.6888 24.0054 23.339 22.6512 18.3239 17.775 17.5584 16.5989 18.222 17.6354 27.5306 18.0057 15.9746 15.3154 15.0343 14.9585 16.6671 19.7967 21.2418 16.0323 15.3657 15.0647 14.8174 14.2254 13.9543 13.9409 16.3169 14.0384 18.8595 17.9516 13.674 15.0932 25.1453 19.068 17.5889 17.008 15.1739 14.67 14.559 14.8661 14.2571 14.0118 24.2314 13.8317 16.6795 14.157 13.5482 13.48 13.3443 17.5707 13.1127
threshold=708.94500000000005 3492.9750000000004 79.995000000000019 12547.26 6.5000000000000009 1351.7300000000002 36.500000000000007 1.5000000000000002 9.5000000000000018 374.80500000000006 1041.5000000000002 4.5000000000000009 4.5000000000000009 1836.7900000000002 19241.770000000004 8.5000000000000018 3.5000000000000004 18773.655000000002 4.5000000000000009 11.500000000000002 9337.0800000000017 84.500000000000014 1039.1450000000002 14506.280000000002 3.5000000000000004 111.50000000000001 4.5000000000000009 57.500000000000007 20116.000000000004 2.5000000000000004 10349.92 335.50000000000006 61.500000000000007 360.50000000000006 35.500000000000007 18.500000000000004 13423.850000000002 9114.3500000000022 331.50000000000006 197.50000000000003 169.50000000000003 522.50000000000011 89.500000000000014 61411.715000000004 200.50000000000003 97.500000000000014 26830.130000000005 141.50000000000003 245.50000000000003 586.50000000000011 41902.980000000003 43.500000000000007 32681.165000000005 68898.005000000019 378.50000000000006 95.500000000000014 221.50000000000003 51.500000000000007 2434.4100000000003 148.50000000000003 131.50000000000003 2.5000000000000004
decision_type=2 2 2 2 2 2 2 2 2 2 2 2 2 2 2 2 2 2 2 2 2 2 2 2 2 2 2 2 2 2 2 2 2 2 2 2 2 2 2 2 2 2 2 2 2 2 2 2 2 2 2 2 2 2 2 2 2 2 2 2 2 2
left_child=2 5 7 8 9 18 -5 -1 -3 24 41 -7 15 -13 -11 -6 61 -12 20 -20 -2 22 57 25 -4 -21 27 28 29 30 -10 -29 -28 -33 -17 -25 37 38 40 -40 -34 42 45 46 -45 47 -44 -8 -48 -43 -51 -47 53 -46 56 -56 -54 -22 59 60 -15 -9
right_child=1 3 4 6 12 11 10 16 26 14 17 13 -14 58 -16 34 -18 -19 19 23 21 -23 -24 35 -26 -27 32 31 -30 -31 -32 33 36 -35 -36 -37 -38 -39 39 -41 -42 49 43 44 52 51 48 -49 -50 50 -52 -53 54 -55 55 -57 -58 -59 -60 -61 -62 -63
leaf_value=-0.046045564216533739 -0.0079214997842615032 -0.0014337357028954018 -0.021938684984377541 0.013020020792517545 0.020381644077344913 -0.013532764861684775 0.015090585977593846 -0.039689451455309319 0.019813278971190895 -0.014731542970959542 0.019759629968096614 0.046445274665361531 0.0052114697251471106 0.0039050415470202647 0.051895112308696305 -0.013760806345950683 -0.031785966789416135 0.034487929010171274 0.064822993272477397 -8.4700274432725025e-05 0.020373621216414107 -0.020850103007453689 0.029513747395009584 0.0048023232509895319 -0.030262447267014509 0.06900080618769118 0.022377069279737767 0.0026249447320763242 0.029776182825604531 -0.0016164040293305774 -0.022241974758491385 0.044988573548507653 0.0011535213979716288 0.012207898906075973 0.043767785201799303 0.097449254899610094 0.017780641938237141 -0.017173986508581384 -0.0026797374753389129 0.023838050785827743 0.022602422354318311 -0.019128104221462813 0.025918399939155286 -0.0053308190648387399 0.043554965640739782 0.0003945619887318454 0.018917139866277549 0.029444446800647523 -0.0064078501381102443 0.038574740289272158 -0.0047845094504918141 0.020110617663139197 0.028237804100871584 0.012636842770299504 0.064031836728641392 0.036274338389257914 -0.012987895733866918 -0.017813738509526309 0.0093251689459343985 -0.040400756658126022 0.084587607406297172 0.053002737155693515
leaf_weight=3361.3575732856989 1628.0016374755651 271.09192492440343 1658.9117487091571 815.67412720248103 42.357134737074375 165.07032249495387 225.94619426131248 2592.1163282766938 519.62941248342395 1014.7116426881403 237.49017535895109 36.271441008895636 261.35978308692575 2555.2971582040191 12.79136382602155 977.04786183312535 1044.7518946714699 1459.8836332112551 11.987039774656294 482.10821080952883 42.204578191041946 70.907400894910097 105.77840881794691 8.332448750734331 838.60561048984528 7.9034920670092097 1385.1561136543751 559.39478598162532 232.89267083257437 184.87010642141104 23.503947116434574 40.533969841897488 128.59834376722574 235.57476977258921 10.730017088353632 8.0848928280174714 3767.7955997958779 48.737311154603958 247.22251160442829 91.772427409887314 410.71582930535078 34.530688256025314 977.07440566271544 32.665648564696312 95.966706901788712 99.655524179339409 211.25956702977419 1042.6763595640659 77.982180595397949 45.073978006839752 34.786025851964951 1227.8488346934319 176.80988013744354 188.687759578228 58.037322051823139 953.99277225136757 23.367538958787918 51.384393148124218 1969.6464667730033 16.823191780596972 6.6723878420889369 3.6931739747524253
leaf_count=172543 36048 3454 55525 5326 771 3385 1144 120661 4513 28767 1104 481 4649 38041 283 25403 42812 6062 153 7762 843 1243 1741 112 32737 86 9565 4850 1759 2001 164 345 1002 1994 208 97 23306 282 1979 637 3206 153 4576 143 409 519 956 4910 357 197 144 5757 751 807 239 3892 101 1003 22221 189 75 84
internal_value=-0.000707978 0.0151109 -0.0319399 0.0206628 -0.0180205 0.00258569 0.0254028 -0.0415137 0.0159964 -0.0215776 0.026804 0.00583075 -0.0083071 0.0065293 -0.0138923 -0.011742 -0.0373268 0.0324314 -0.00379009 0.004133 -0.00595661 0.005859 0.0153892 0.0026741 -0.0247367 0.00103324 0.016597 0.0125772 0.0170721 0.0129975 0.0179804 0.0074004 0.0177836 0.0170529 -0.0131265 0.0510437 0.0164268 0.0109179 0.0124841 0.0044893 0.0174984 0.0250678 0.0254312 0.0279896 0.0323135 0.022673 0.0227609 0.0268933 0.0120722 0.00788922 0.0196431 0.0186344 0.0331387 0.0230896 0.0354922 0.0378773 0.0233963 -0.000536158 0.00620887 0.00382648 0.00412042 -0.0395536
internal_weight=35151.8 23333.4 11818.4 16166.9 4816.52 7166.47 8019.41 7001.92 8147.49 3525.02 7203.74 4749.78 1291.49 4584.71 1027.5 1030.14 3640.56 1697.37 2416.69 518.416 1898.28 270.275 199.367 506.429 2497.52 490.012 7876.4 1796.4 960.896 728.003 543.133 835.504 6080 276.109 987.778 16.4173 4694.84 927.046 878.309 338.995 539.314 5506.36 5391.97 2795.84 1529.53 2596.13 1266.32 1268.62 289.242 114.391 79.86 1327.5 1496.86 284.654 1212.21 1012.03 200.177 93.589 4548.44 2578.79 2561.97 2595.81
internal_count=694527 210084 484443 96604 148343 113480 37547 336100 59057 117312 32221 64392 31031 61007 29050 26382 163557 7166 49088 8210 40878 4830 3587 8057 88262 7848 55603 15626 8437 6678 4677 7189 39977 2339 25611 209 30412 7106 6824 2616 4208 25055 24561 12231 6342 12330 5889 6054 1313 494 341 6276 6199 1216 4983 4131 852 1846 60526 38305 38116 120745
is_linear=0
shrinkage=0.05


Tree=25
num_leaves=63
num_cat=0
split_feature=6 6 4 6 4 4 4 6 5 4 6 6 4 4 6 5 5 3 3 5 5 3 6 0 7 5 5 5 5 4 0 3 5 5 4 3 3 3 4 5 8 5 3 5 3 6 6 6 0 5 6 4 3 6 5 3 6 8 5 8 6 5
split_gain=6403.52 840.681 372.554 121.756 110.283 69.3198 66.412 60.2954 48.3169 43.4514 40.2885 30.2741 29.3201 25.008 23.0272 18.0239 16.8619 15.8897 24.3647 20.3183 15.8102 15.5176 15.1533 14.7362 14.3795 14.141 13.4596 14.3766 12.879 14.4311 12.8526 12.5453 16.666 12.4111 12.3266 12.9439 12.0675 11.9847 11.8752 13.0594 11.5517 11.6985 11.0618 28.0024 10.9952 10.7024 10.5398 10.5226 10.8237 17.873 10.349 10.3206 10.2271 12.9595 10.0129 9.9166 9.85208 9.37492 9.62498 9.31118 9.21634 9.01721
threshold=437.13000000000005 3492.9750000000004 54.500000000000007 22815.745000000006 9.5000000000000018 2.5000000000000004 341.50000000000006 1955.8800000000003 74.500000000000014 15.500000000000002 227.02000000000001 8374.5800000000017 90.500000000000014 1.5000000000000002 41902.980000000003 35.500000000000007 2.5000000000000004 360.50000000000006 350.50000000000006 120.50000000000001 41.500000000000007 55.500000000000007 1955.8800000000003 1.0000000180025095e-35 3.5000000000000004 13.500000000000002 8.5000000000000018 105.50000000000001 25.500000000000004 34.500000000000007 23.500000000000004 29.500000000000004 24.500000000000004 73.500000000000014 2.5000000000000004 294.50000000000006 1.5000000000000002 494.50000000000006 6.5000000000000009 227.50000000000003 2.5000000000000004 21.500000000000004 93.500000000000014 55.500000000000007 290.50000000000006 1039.1450000000002 67270.12000000001 1508.5450000000003 1.5000000000000002 8.5000000000000018 2824.0100000000007 31.500000000000004 151.50000000000003 26830.130000000005 183.50000000000003 1348.5000000000002 1544.9500000000003 4.5000000000000009 46.500000000000007 4.5000000000000009 220.04000000000005 18.500000000000004
decision_type=2 2 2 2 2 2 2 2 2 2 2 2 2 2 2 2 2 2 2 2 2 2 2 2 2 2 2 2 2 2 2 2 2 2 2 2 2 2 2 2 2 2 2 2 2 2 2 2 2 2 2 2 2 2 2 2 2 2 2 2 2 2
left_child=2 4 5 9 13 16 60 12 14 11 24 34 30 31 20 44 36 18 19 52 37 -18 -15 -21 -7 -13 -11 -28 29 -9 40 -2 50 -24 35 54 -1 -5 -19 -40 41 47 43 45 -12 -34 -16 -6 49 -49 -33 -32 -10 -54 -3 57 -50 58 -27 -48 -4 -52
right_child=1 3 6 8 7 10 -8 28 17 26 15 25 -14 22 46 -17 21 38 -20 23 -22 -23 33 -25 -26 55 27 -29 -30 -31 51 32 42 -35 -36 -37 -38 -39 39 -41 -42 -43 -44 -45 -46 -47 59 48 56 -51 61 -53 53 -55 -56 -57 -58 -59 -60 -61 -62 -63
leaf_value=0.050874192887451888 0.023121382324099105 0.020126815481467466 -0.035881487031521102 0.015456146069182533 -0.0062624858642193739 -0.038239195691628397 -0.044679438622178519 0.011429444438611066 0.011219483462924677 -0.007731919546575765 -0.016698764383903743 -0.0015675264556026317 -0.027047763741558203 -0.00075370993592533265 0.0011284110989259256 0.094215991435606189 0.0094807459398301951 0.031329457063481038 -0.027499737736094734 0.023241241371600732 0.0277074875457703 -0.0096940807111303012 0.0080540635061580879 -0.0034861631389908562 -0.026093210024956515 0.016637843140703129 0.01080069115389605 -0.021819929070978964 -0.0066240559887093932 -0.0030714299850693773 0.013719993980894216 0.0024510711986450114 -0.011134855009325631 -0.015307559623852569 0.012311218276544123 0.013593239812724634 -0.019135909430488388 -0.024778722785835719 0.024711148479697173 -0.00805460717256044 -0.012804354360972695 -0.024449110057985762 0.010905948080343533 0.070544850635192044 0.017103520915594778 0.023421692467387716 -0.0093911046288373823 0.096640965482792829 0.046761882580917541 0.013402019695849221 0.0074286731439662168 -0.0047802763324509391 0.0081812358521923968 0.041269072235710469 0.055966508148842145 0.030191274315100138 -0.0041898416402485605 0.02099059694867857 -0.0036384931031837511 0.021290960867194227 -0.027564971303254273 0.035165365627636329
leaf_weight=6.2293705940246573 156.60619726404548 1413.3115820884705 2385.1446335799992 210.5940925180912 546.97345319762826 312.89773074537516 4196.0658290721476 574.42211766541004 49.417738154530525 120.97682157158852 896.66837870702147 70.651189904659986 229.73527183569968 1667.5191832520068 234.24720150604844 3.6276495009660712 233.12874572724104 2954.0350360870361 24.45420653373003 117.57394097745419 517.84816136956215 192.50672866031528 1048.7058161050081 91.255272470414639 1153.1315132342279 302.09768764674664 1092.9515529051423 34.664959892630577 215.56915694847703 243.89137713983655 99.785718975588679 952.69495292752981 28.719556145370007 59.880473311990499 2175.8139922767878 1214.6513861715794 191.02605628408492 20.112548135221004 168.39065590500832 36.796346314251423 1313.7470872104168 70.554608140140772 704.499706633389 28.382610157132149 24.497891835868359 98.391072671860456 28.649551425129175 8.2212413698434812 10.402944445610045 29.787239272147417 80.616412110626698 307.13218757510185 35.174187913537025 202.63485334813595 19.859813451766968 273.83948680013418 97.730646032840014 4605.4577165171504 72.070508286356926 169.31198912858963 396.27015668898821 46.570015840232372
leaf_count=186 1900 10003 109511 1299 12816 13750 221825 8080 232 1874 27647 646 6771 30485 1241 64 4618 12137 108 509 2359 4376 12686 420 43682 2023 9560 281 2971 3982 2426 14410 366 692 17446 8151 5584 113 745 185 31382 1394 7297 250 678 1026 226 133 185 491 758 8049 157 882 131 1261 1685 23033 443 819 14746 437
internal_value=-0.00054554 0.0130333 -0.0343563 0.0197265 0.00041056 -0.019661 -0.0407024 -0.00603694 0.0263544 0.0168991 -0.023532 0.0179825 -0.00995156 0.00537097 0.0175406 -0.0153456 -0.00479354 0.0291806 0.0210465 0.0234548 0.0228499 0.000796357 0.00225563 0.0115418 -0.0286914 0.0205849 0.00808925 0.00979159 0.00423456 0.00710163 -0.00836758 0.00949354 0.00838965 0.0067864 0.0151086 0.0174049 -0.016875 0.0119177 0.0305185 0.0188098 -0.00995923 -0.00505717 0.0135852 0.0256774 -0.0157926 0.015572 0.00833061 -0.00307275 0.00882759 0.0317442 0.00424651 -0.00022904 0.0320918 0.0364016 0.0206308 0.0208838 0.000704426 0.0203703 0.012719 0.0168228 -0.0346995 0.0176435
internal_weight=34868.6 24877.4 9991.19 16256.8 8620.54 3013.71 6977.48 3747.95 4860.5 11396.3 2390.82 10147.8 2714.07 4872.59 1180.76 924.794 622.891 3679.73 520.51 496.056 748.555 425.635 2776.11 208.829 1466.03 5324.12 1248.59 1127.62 1033.88 818.313 2484.34 2096.48 1939.87 1108.59 4823.64 2647.82 197.255 230.707 3159.22 205.187 2077.42 763.67 859.993 155.493 921.166 127.111 432.209 693.116 146.142 38.0085 1079.88 406.918 287.227 237.809 1433.17 5253.47 108.134 4979.63 374.168 197.962 2781.41 127.186
internal_count=693623 246956 446667 96284 150672 100585 346082 80365 21432 74852 85821 63137 65332 70307 6057 28389 14764 15375 2308 2200 3771 8994 43863 929 57432 27406 11715 9841 15033 12062 58561 26444 24544 13378 35731 18285 5770 1412 13067 930 48086 16704 8939 1642 28325 1392 2286 15310 2494 624 15605 10475 1271 1039 10134 26760 1870 25499 2466 1045 124257 1195
is_linear=0
shrinkage=0.05


Tree=26
num_leaves=63
num_cat=0
split_feature=6 6 4 6 4 4 4 6 5 8 6 4 6 4 5 6 1 1 5 1 5 5 5 1 8 5 7 6 1 4 8 1 1 1 0 5 0 5 4 4 8 5 5 5 6 1 6 1 6 0 5 1 6 1 1 4 6 1 1 5 5 1
split_gain=5921.24 749.02 369.262 111.4 99.6338 67.579 65.5308 55.0224 43.897 38.9891 38.8566 27.6406 23.4992 22.2555 21.1867 20.4137 17.1744 16.6693 23.3041 16.5486 16.0351 15.666 15.4345 14.9012 15.7885 14.4795 14.2294 13.6696 13.3942 12.9965 13.3009 14.3716 12.1516 11.9745 11.8028 11.7789 11.6863 11.5764 12.8531 10.9362 10.6905 10.8804 10.5524 10.5255 14.5814 10.2587 14.5621 11.7843 9.49206 9.40981 14.2144 11.2011 9.3532 10.5859 10.2978 9.2383 9.17943 9.27981 9.07727 8.8773 8.59164 16.5406
threshold=437.13000000000005 3492.9750000000004 54.500000000000007 22815.745000000006 9.5000000000000018 341.50000000000006 2.5000000000000004 1955.8800000000003 74.500000000000014 4.5000000000000009 227.02000000000001 90.500000000000014 8374.5800000000017 1.5000000000000002 5.5000000000000009 41902.980000000003 18.500000000000004 19.500000000000004 3.5000000000000004 152.50000000000003 102.50000000000001 42.500000000000007 35.500000000000007 75.500000000000014 4.5000000000000009 24.500000000000004 3.5000000000000004 1016.4250000000001 103.50000000000001 1.0000000180025095e-35 2.5000000000000004 49.500000000000007 117.50000000000001 89.500000000000014 23.500000000000004 46.500000000000007 6.5000000000000009 25.500000000000004 34.500000000000007 15.500000000000002 2.5000000000000004 21.500000000000004 16.500000000000004 183.50000000000003 6915.7850000000008 29.500000000000004 83079.150000000009 107.50000000000001 1508.5450000000003 1.5000000000000002 8.5000000000000018 36.500000000000007 2899.4400000000005 80.500000000000014 78.500000000000014 31.500000000000004 220.04000000000005 104.50000000000001 3.5000000000000004 77.500000000000014 62.500000000000007 120.50000000000001
decision_type=2 2 2 2 2 2 2 2 2 2 2 2 2 2 2 2 2 2 2 2 2 2 2 2 2 2 2 2 2 2 2 2 2 2 2 2 2 2 2 2 2 2 2 2 2 2 2 2 2 2 2 2 2 2 2 2 2 2 2 2 2 2
left_child=2 4 6 9 13 56 17 11 15 14 26 34 32 16 -3 19 -2 18 58 21 29 28 -12 -10 -25 52 -8 -15 -5 -16 31 35 36 -26 40 -31 43 38 -9 -14 41 48 -19 -11 -45 -17 47 -47 -6 50 -50 -51 53 54 -18 -36 -4 -58 -1 -41 -34 -62
right_child=1 3 5 8 7 -7 10 37 23 12 22 -13 39 27 20 45 25 42 -20 -21 -22 -23 -24 24 33 -27 -28 -29 -30 30 -32 -33 60 -35 55 -37 -38 -39 -40 59 -42 -43 -44 44 -46 46 -48 -49 49 51 -52 -53 -54 -55 -56 -57 57 -59 -60 -61 61 -63
leaf_value=0.012594767461810742 0.021032551675513548 -0.014825899268437604 -0.035308439652062991 0.016524806292150793 -0.0059842156240216974 -0.044359402212765506 -0.03771223326397645 0.01075173330055253 0.015347361308588639 0.016637516410947115 -0.015231655757191157 -0.02636613929933887 0.020062767592598105 -0.0037499161044993279 0.021151318983528129 -0.024483402719192512 0.0029291458945715052 -0.017072705623255829 0.017237263685302456 -0.011749098949292186 -0.019089892880701752 0.028395738632750873 0.082599625034039822 -0.0062485195456852645 0.042321158116512214 0.012111012090530698 -0.025424079013395613 0.0042247393465119848 -0.023698646063660456 0.019372902586609869 0.0025524527909323229 0.0083696354384031422 0.0043484507726962171 0.028119381472960149 0.012868948978981574 -0.02817783839230394 0.0067239754550173989 -0.0063289462396716109 -0.0029258559226755221 0.011511653294909212 -0.012310203308728737 -0.023753118157345526 0.014252310820214038 0.050523206575940421 0.0038281669957099026 0.0099720344987237926 0.024003966767660881 -0.01238075958065553 0.084442426928644246 0.022800036262676793 0.012583602909134543 -0.010980804435642101 0.016960673833344948 -0.012780073646866955 0.053535385056912445 -0.004561812223395266 -0.027609237904834188 0.057332457043046806 -0.014548009108238792 -0.022095704434875262 -0.022057136220064364 0.015654072507928107
leaf_weight=38.48290696926415 258.44349079206586 81.310281194746494 2304.7182420156896 217.07968107238412 543.87352466024458 4019.4991194568574 301.69348737969995 579.95741983503103 233.88305650651455 2637.4801119342446 907.71071960031986 224.03993843868375 4934.7579290419817 727.04086087085307 313.09262993186712 22.992305133491755 779.28804780170321 247.89708701521158 153.87011564895511 35.356850683689117 42.940236464142799 479.56059568375349 3.9362938404083243 32.215191856026649 157.40223750472069 841.14230540022254 1125.03289876692 2054.1050109341741 22.69304458796978 596.32060370594263 445.51565290614963 898.66201907396317 424.07013003528118 3269.5633541047573 101.03875661827624 13.145087398588656 298.77886840701103 214.3757144138217 243.24663279950619 120.68666327744722 1298.5584846250713 69.033044889569283 29.902533609420061 51.996681593358517 24.998752370476723 203.44286121428013 124.35016290098429 82.77585581690073 8.9327567182481271 37.415066815912724 30.135568462312222 70.795940149575472 110.39794930815697 112.70883447676897 10.098833959549664 305.78865044750273 382.96537944674492 3.1149193607270709 149.95912384241819 23.295493431389332 30.475054539740086 560.55658497661352
leaf_count=1014 3194 1390 109511 1316 12816 221825 13750 8080 1047 18608 28325 6771 24388 15648 2287 179 11864 6334 2687 179 343 2146 64 184 673 8675 43682 28215 130 4984 4790 7275 3039 13471 2426 109 2456 2971 3982 705 31382 1394 443 362 148 1066 633 408 133 679 491 1191 1008 1558 145 8049 14640 106 4286 145 208 3615
internal_value=-0.000532807 0.0123177 -0.0337597 0.0185963 0.000387313 -0.0402485 -0.0190396 -0.00577105 0.0249269 0.0159081 -0.0228721 -0.00954475 0.0174008 0.00507921 0.0102199 0.0165549 0.00894928 -0.00457823 0.0027946 0.0215257 0.0111044 0.0231696 -0.0147947 0.0276188 0.0284466 0.00726082 -0.0280285 0.00213817 0.0126888 0.0116794 0.0101579 0.012401 0.0145434 0.0287744 -0.0080132 0.0183347 0.01614 0.00400627 0.00670424 0.019666 -0.00955102 -0.00483017 -0.013679 0.0171743 0.0354518 0.0078877 0.00971821 0.00348797 -0.00292973 0.00831236 0.029315 0.000663371 0.00322573 0.00153762 0.0035896 -0.000218361 -0.0341044 -0.0268963 -0.00897476 0.00602791 0.0097977 0.0136977
internal_weight=34668.6 24999.8 9668.78 16379.4 8620.42 6710.3 2958.49 3727.19 4881.32 11498.1 2338.37 2689.61 9107.1 4893.23 2390.99 1188.25 2112.08 620.112 342.312 754.69 2309.68 719.333 911.647 3693.06 3459.18 1853.64 1426.73 2781.15 239.773 2266.74 1953.64 1508.13 4028.36 3426.97 2465.57 609.466 3013.25 1037.58 823.204 5078.74 2058.74 760.186 277.8 2714.48 76.9954 433.561 410.569 286.219 691.153 147.279 39.0683 108.211 1012.49 902.096 789.387 406.827 2690.8 386.08 188.442 143.982 1015.1 591.032
internal_count=693623 246956 446667 96284 150672 346082 100585 80365 21432 74852 85821 65332 53674 70307 21178 6057 26444 14764 7987 3771 19788 3592 28389 15375 14328 23250 57432 43863 1446 19445 17158 12368 28436 14144 58561 5093 21574 15033 12062 25238 48086 16704 6777 19118 510 2286 2107 1474 15310 2494 624 1870 14575 13567 12009 10475 124257 14746 5300 850 6862 3823
is_linear=0
shrinkage=0.05


Tree=27
num_leaves=63
num_cat=0
split_feature=6 6 4 6 4 4 4 2 8 6 4 6 4 1 3 2 8 4 0 2 1 4 1 2 6 2 3 2 1 4 2 1 6 2 1 2 6 3 3 1 2 3 4 3 2 1 3 2 6 1 3 6 1 1 6 1 2 2 3 3 2 1
split_gain=5475.29 667.944 365.784 102.264 90.3937 71.1691 55.9418 44.755 43.2285 42.1813 27.4055 24.5188 23.8451 23.1801 21.915 21.559 19.8861 18.4942 15.4947 15.429 15.2613 15.1928 15.0223 14.7126 14.6082 16.1624 14.0807 14.3938 17.6968 13.28 16.915 15.3516 15.7412 14.7461 13.0659 14.1357 12.5136 12.4069 12.2 24.3134 16.2218 11.8971 11.8634 13.3373 11.8377 11.8198 11.0652 10.9338 11.9081 12.0148 10.8701 10.0358 10.0311 9.91032 12.73 11.0249 18.391 9.69954 11.2486 9.93353 9.65038 9.72889
threshold=437.13000000000005 3492.9750000000004 72.500000000000014 13219.300000000001 15.500000000000002 2.5000000000000004 462.50000000000006 5177.7850000000008 4.5000000000000009 131.29000000000005 1.5000000000000002 1955.8800000000003 15.500000000000002 30.500000000000004 1041.5000000000002 3447.6850000000004 4.5000000000000009 90.500000000000014 18.500000000000004 34240.595000000008 19.500000000000004 3.5000000000000004 18.500000000000004 50481.130000000012 109791.10500000001 27136.745000000006 230.50000000000003 6179.2600000000011 92.500000000000014 1.0000000180025095e-35 20116.000000000004 89.500000000000014 9472.2050000000017 36489.165000000008 23.500000000000004 19241.770000000004 59.905000000000008 200.50000000000003 418.50000000000006 110.50000000000001 21004.765000000003 13.500000000000002 48.500000000000007 103.50000000000001 15673.650000000001 44.500000000000007 899.50000000000011 39261.270000000011 47875.92500000001 156.50000000000003 458.50000000000006 681.3900000000001 2.5000000000000004 215.50000000000003 67270.12000000001 252.50000000000003 177921.78000000003 23137.850000000002 391.50000000000006 372.50000000000006 7443.6900000000014 60.500000000000007
decision_type=2 2 2 2 2 2 2 2 2 2 2 2 2 2 2 2 2 2 2 2 2 2 2 2 2 2 2 2 2 2 2 2 2 2 2 2 2 2 2 2 2 2 2 2 2 2 2 2 2 2 2 2 2 2 2 2 2 2 2 2 2 2
left_child=2 4 5 12 10 20 15 17 24 16 22 41 29 42 21 -4 -7 18 -6 -16 36 -10 -2 38 25 -5 27 -13 -29 -3 -31 50 -33 -34 -17 -36 -1 -37 -24 -40 -41 -12 43 -9 45 -43 -27 -21 49 -49 57 -15 -38 54 -50 -55 -57 59 -59 -32 -11 -62
right_child=1 3 6 8 7 9 -8 13 14 60 11 26 -14 51 19 34 -18 -19 -20 47 -22 -23 23 -25 -26 46 -28 28 -30 30 31 32 33 -35 35 37 52 -39 39 40 -42 44 -44 -45 -46 -47 -48 48 53 -51 -52 -53 -54 55 -56 56 -58 58 -60 -61 61 -63
leaf_value=-0.015637013428300296 0.019639017974231902 0.018026710800339182 -0.03630552155351733 -0.011709900668503243 -0.015413680886309865 -0.031182379700218629 -0.044516029305745108 0.014896889547171567 0.02271924588082809 -0.018853602893611095 0.026265699860977012 0.0015765941271774519 0.0068403122030100743 -0.018128636318434168 0.0054364145845726894 -0.00072579163215504407 0.086131636826696223 -0.028637837225005014 -0.0039191561208772414 0.054508712652322169 -0.013165689112019891 0.016829556498279809 0.0051562709163075838 0.069147791733850258 -0.036530419904153198 0.011466192902972133 -0.00017097555685768032 0.016474163639798377 -0.025818786155610604 0.010819117363287743 0.025687453014346263 0.0090567137077823805 0.026003659348909004 0.01062629437531902 -0.02978240855916699 -0.0087731980497260977 0.043630150823686188 0.13600194186510731 0.038492673457920262 0.012127223116413739 -0.037219944685414556 0.00023447746866153067 -0.0011482937906402639 0.053022874216959108 0.013685091466451998 -0.0072845149387459592 0.055043698925197573 0.037280731774503195 0.040736838225920759 0.02061877938063544 0.040731663475630231 -0.0020031632425506619 0.0050259629732920044 0.047012797178268506 0.021490296174853193 0.0046707245912480672 0.039146845392170143 0.018276300907698589 -0.011790614864969583 0.065129504168222621 0.016209572468794422 -0.01955234052994223
leaf_weight=73.318714085966349 262.83269311115146 2239.4760085940361 2322.2136361729354 77.925443843007088 783.87575763277709 1086.2713629826903 3512.7672746069729 120.51026382669806 4142.390036419034 1491.0566898658872 36.589763743802905 324.48938586562872 1081.2776345387101 106.46844204328954 75.19274315237999 61.511514622718096 3.5088088270276776 171.45319190621376 470.60967031680048 40.427276745438576 274.31384848617017 1501.9379666522145 1663.3831450901926 9.3492893502116186 18.081015564501286 386.96473744139075 522.62004796415567 576.40075276792049 25.66668288782239 2878.4728496670723 221.17040680721402 889.10356363654137 362.64514065533876 276.33106882125139 184.74329897202551 3.6734498497098675 17.995512567460537 2.3025885671377182 84.674591436982155 86.224093597382307 20.518883861601353 1120.5860614702106 84.384600391611457 28.511418361216784 108.11561372131109 977.44172516465187 15.121223606169222 132.02726717293262 121.26024706661701 630.54575501382351 68.711712710559368 1035.6089018266648 251.7537482585758 184.4734899699688 305.17688584327698 53.387962356209755 143.99030481278896 597.89829706028104 32.542931489646435 17.379422478377819 40.35281633771956 35.775540353730321
leaf_count=2231 3194 13460 115432 629 20502 47762 203542 2128 18044 51669 801 4562 10425 2901 333 2697 81 5491 12348 177 6777 7197 21233 81 129 2703 6132 6796 303 21522 1416 5837 1888 1463 8161 163 359 94 890 854 192 22986 1836 491 1567 17862 95 561 493 2658 414 17522 5397 744 1236 220 587 3743 201 109 1251 1051
internal_value=-0.000519926 0.0116455 -0.0331563 0.0175404 0.000365595 -0.0196765 -0.0404058 -0.0070128 0.0216835 -0.0232302 0.00391874 0.00131255 0.0137962 -0.000574207 0.0226524 -0.0347941 -0.0307922 -0.0132196 -0.0111062 0.0276651 -0.00437354 0.0211532 0.0084398 0.00685713 0.00741312 0.00908606 0.00638213 0.0100834 0.0146589 0.0147872 0.0134285 0.0164719 0.0133711 0.0193641 -0.0208502 -0.0273108 0.0026438 0.0475065 0.00653674 0.0184977 0.00256861 -0.00196114 0.0137759 0.0222555 -0.00243273 -0.00326631 0.0131307 0.028699 0.0280281 0.0235146 0.0215178 -0.00351227 0.00763507 0.0322767 0.0269832 0.0381667 0.029854 0.0199883 0.0167147 0.028608 -0.017967 -0.000534288
internal_weight=34475.8 25114.2 9361.56 16493.9 8620.31 3274.35 6087.21 2801.42 7828.9 2656.97 5818.89 3691.91 8665.01 1375.48 7330.81 2574.44 1089.78 1425.94 1254.49 1686.48 617.382 5644.33 2126.98 1864.15 498.092 480.011 1449.18 926.557 602.067 7583.73 5344.26 2465.78 1528.08 638.976 252.231 190.719 343.068 5.97604 1854.8 191.418 106.743 2242.73 233.406 149.022 2206.14 2098.03 402.086 1611.29 1570.86 762.573 937.703 1142.08 269.749 808.289 426.437 381.852 197.378 868.991 630.441 238.55 1567.19 76.1284
internal_count=693623 246956 446667 96284 150672 116578 330089 63219 35806 101814 87453 61009 60478 24878 32250 126547 47843 38341 32850 7009 14764 25241 26444 23250 3556 3427 17793 11661 7099 50053 36593 15071 9188 3351 11115 8418 7987 257 23169 1936 1046 43216 4455 2619 42415 40848 2798 6676 6499 3219 5883 20423 5756 3280 1729 1551 807 5469 3944 1525 53971 2302
is_linear=0
shrinkage=0.05


Tree=28
num_leaves=63
num_cat=0
split_feature=5 8 4 5 8 4 4 7 5 1 1 3 4 4 5 1 3 5 1 3 4 5 1 4 5 5 1 1 1 5 3 5 3 3 1 1 7 4 3 1 3 1 3 1 5 1 3 1 4 0 5 1 5 5 3 1 3 1 3 3 5 5
split_gain=4905.28 532.69 379.417 99.4823 98.1007 61.3261 47.5572 44.2528 36.6568 35.6697 33.3796 28.3808 27.3219 22.0089 18.7702 15.8425 24.6411 15.4272 15.1212 16.9076 18.472 14.6547 13.5801 13.4653 12.7843 12.215 14.4704 12.8651 11.9579 21.6823 24.2737 17.8868 11.6415 11.6364 22.1131 11.5973 11.5608 10.7789 10.2428 18.5316 12.0036 10.185 10.1661 10.1142 10.0388 15.4557 18.778 15.9219 15.0565 9.84224 9.83283 9.79614 10.2521 9.765 16.3096 14.2198 13.2022 11.7463 12.2761 10.821 14.535 12.2918
threshold=4.5000000000000009 4.5000000000000009 83.500000000000014 65.500000000000014 2.5000000000000004 462.50000000000006 5.5000000000000009 3.5000000000000004 27.500000000000004 80.500000000000014 92.500000000000014 19.500000000000004 1.0000000180025095e-35 3.5000000000000004 16.500000000000004 70.500000000000014 384.50000000000006 3.5000000000000004 86.500000000000014 724.50000000000011 32.500000000000007 10.500000000000002 22.500000000000004 4.5000000000000009 445.50000000000006 11.500000000000002 16.500000000000004 63.500000000000007 227.50000000000003 271.50000000000006 1101.5000000000002 2981.0000000000005 833.50000000000011 616.50000000000011 148.50000000000003 19.500000000000004 3.5000000000000004 90.500000000000014 53.500000000000007 29.500000000000004 173.50000000000003 239.50000000000003 485.50000000000006 3.5000000000000004 6.5000000000000009 46.500000000000007 151.50000000000003 33.500000000000007 2.5000000000000004 26.500000000000004 67.500000000000014 94.500000000000014 9.5000000000000018 319.50000000000006 1101.5000000000002 221.50000000000003 2254.0000000000005 214.50000000000003 1614.5000000000002 372.50000000000006 146.50000000000003 125.50000000000001
decision_type=2 2 2 2 2 2 2 2 2 2 2 2 2 2 2 2 2 2 2 2 2 2 2 2 2 2 2 2 2 2 2 2 2 2 2 2 2 2 2 2 2 2 2 2 2 2 2 2 2 2 2 2 2 2 2 2 2 2 2 2 2 2
left_child=2 4 6 8 11 36 43 -8 15 23 22 -2 35 28 32 16 25 -9 19 20 -16 38 -10 -5 33 27 -27 -3 53 30 41 -31 44 34 50 -6 -4 42 -14 49 -41 -30 -23 -1 48 46 -46 -48 -13 -40 -15 52 -42 57 -55 56 -56 59 -59 61 -61 -11
right_child=1 3 5 9 12 -7 7 17 10 13 -12 14 21 24 18 -17 -18 -19 -20 -21 -22 37 -24 -25 -26 26 -28 -29 29 31 -32 -33 -34 -35 -36 -37 -38 -39 39 40 51 -43 -44 -45 45 -47 47 -49 -50 -51 -52 -53 -54 54 55 -57 -58 58 -60 60 -62 -63
leaf_value=0.010906930199983435 0.027625278771324764 -0.0043531020029465807 -0.036424964134844126 0.013844112137197051 0.022679160309575275 -0.044198286320820457 -0.036767256787315274 -0.021243511078659513 -0.0020173755481736871 0.02229822202796421 0.0099958683542953272 0.011803695155227091 -0.017077937875037287 0.041876328835945734 0.010641538873250794 0.0015848029077269151 0.046942155367452047 -0.011338014265726129 0.00022410353858811572 0.064538445716677786 -0.0084521480693849453 -0.0034930114503574495 0.018168291191497873 -0.0014663689587233626 -0.013095108306507317 0.029922122113811796 0.0093623681285808103 0.061230004954440032 0.064178588208920681 0.037727552216017125 0.0076251301712303536 -0.00033496768232581025 0.058470159298456607 0.021264624223056253 -0.010269933732860469 0.0014551930477305472 -0.02921568330203643 -0.029309045116901064 -0.0031922572078575012 -0.015761544331977188 0.0048371374106858066 0.022816896009402884 0.019817615509957323 -0.0090475725970207074 0.0034477571510033523 -0.0025340788590342417 0.043955670303823358 0.011171883498419903 -0.011571614279324438 0.01699808491591288 0.013718154268441125 -0.02799474906434939 -0.024173205478670214 0.0089182671989087008 0.027857896484535086 0.05919271532417552 0.002976133528000208 0.0018008313113934721 0.036360594501478598 0.021790070536522363 0.02868868585460187 0.010272311557054348
leaf_weight=70.067312268540263 131.17528632842004 213.06802221760154 1515.8604801483452 953.21787488460541 85.539844173938036 3371.9935218133032 407.97774986177683 1567.9015447683632 85.0129050090909 635.03990523517132 2466.0796856954694 88.679947670549154 487.6511909738183 33.045508094131947 1641.1245449017733 813.95572112128139 43.794279288500547 528.52699452824891 566.95687087997794 13.829584117978809 136.89612781442702 921.2097800988704 3286.3737760670483 168.37492497637868 38.358877427875996 90.455545779317617 1653.9141525961459 7.644586168229579 30.960608996450901 428.17306441813707 186.90636876225471 32.980770260095596 8.7720036655664426 586.68771370872855 98.351174212992191 261.5734292678535 900.00118055567145 38.369953582063317 269.7227958701551 673.31379320845008 199.39665422588587 29.871932074427605 49.127314284443855 650.52997815608978 1216.2561572771519 966.3357634935528 52.416189493611455 128.25304713286459 305.23606622032821 77.600252812728286 539.34005102142692 34.758593382313848 35.834134977310896 370.50558564066887 198.61840480566025 27.166923403739929 73.533413618803024 124.67150027304888 32.389708638191223 2102.1059353500605 1214.68292991817 322.58035678416491
leaf_count=1783 2166 3248 81017 5621 1152 203737 19541 61703 758 3390 15946 1626 12712 192 17226 8546 380 16595 5458 114 1680 14942 23016 1176 188 961 17613 110 136 1773 790 144 149 2887 523 3715 40149 882 6484 16548 4581 129 599 17531 20800 15691 804 1882 7625 1986 3028 814 657 1663 828 113 313 549 137 9974 5470 1672
internal_value=-0.000506767 0.0107852 -0.032177 0.0159012 0.000486797 -0.0398356 -0.01843 -0.0216878 0.012159 0.0198394 0.014422 0.00466232 -0.00651395 0.0211483 0.00407304 0.00747697 0.00986167 -0.0187493 0.00735015 0.00960196 0.00916824 -0.0081623 0.0176578 0.0115413 0.0152415 0.00903039 0.010433 -0.00203223 0.0224645 0.0285755 0.0165964 0.0349951 0.00127635 0.0161109 0.0115931 0.00670489 -0.0337426 -0.00334067 -0.0108942 -0.00855266 -0.0121884 0.0440207 -0.00230574 -0.00709911 0.00109046 0.00232381 0.00568782 0.0207299 -0.00629492 0.00130795 0.0153596 -0.00325636 0.000388175 0.0216137 0.0159558 0.0246445 0.021157 0.0224674 0.00897828 0.0229617 0.0243188 0.0182539
internal_weight=34290.8 25277.9 9012.86 16887.9 8390.03 5787.86 3225 2504.41 8660.3 8227.56 5837.47 5255.93 3134.1 7105.97 5124.76 2822.83 2008.88 2096.43 2358.81 1791.85 1778.02 2786.98 3371.39 1121.59 1295.78 1965.08 1744.37 220.713 5810.19 708.893 247.739 461.154 2765.95 1257.42 670.737 347.113 2415.86 1008.71 1778.28 1290.63 943.303 60.8325 970.337 720.597 2757.18 2363.26 1396.93 180.669 393.916 347.323 572.386 269.989 235.231 5101.29 669.824 299.319 272.152 4431.47 157.061 4274.41 3316.79 957.62
internal_count=693623 251567 442056 111274 140293 324903 117153 97839 70578 40696 39720 75221 65072 33899 73055 30858 22312 78298 24478 19020 18906 60205 23774 6797 6818 21932 18574 3358 27081 2972 1055 1917 48577 6630 3743 4867 121166 16423 43782 31070 22600 265 15541 19314 48428 39177 23486 2686 9251 8470 3220 6052 5238 24109 2917 1254 1141 21192 686 20506 15444 5062
is_linear=0
shrinkage=0.05


Tree=29
num_leaves=63
num_cat=0
split_feature=6 6 4 6 4 4 4 8 6 6 0 4 3 1 1 4 6 3 7 4 4 6 7 6 6 3 4 3 3 6 4 0 1 6 6 1 3 1 6 1 3 1 3 6 3 3 1 6 1 6 1 3 3 1 3 1 1 4 6 3 4 1
split_gain=4712.61 574.201 323.102 102.553 73.5569 69.1677 51.569 34.7978 33.2275 27.4752 19.6402 19.2955 18.4496 18.2434 14.898 13.5126 13.2902 13.1636 12.7514 12.432 12.421 12.3112 11.6594 11.6169 11.5403 11.2076 10.79 10.7886 10.593 10.5681 10.7834 10.97 15.985 10.0662 9.91835 9.69448 15.0139 10.5677 9.58305 9.28161 8.95134 9.9715 20.2967 9.42968 12.1048 10.3609 8.69876 11.4025 10.1034 9.94517 8.69869 8.55427 11.6527 8.39225 9.65512 20.4831 10.2384 13.119 8.38315 8.30537 7.98301 7.5567
threshold=399.03000000000003 2978.5900000000006 51.500000000000007 13219.300000000001 9.5000000000000018 462.50000000000006 2.5000000000000004 4.5000000000000009 913.61500000000012 227.02000000000001 1.5000000000000002 1.0000000180025095e-35 1041.5000000000002 19.500000000000004 19.500000000000004 93.500000000000014 109791.10500000001 97.500000000000014 3.5000000000000004 3.5000000000000004 89.500000000000014 47875.92500000001 3.5000000000000004 2493.0450000000005 59.905000000000008 290.50000000000006 15.500000000000002 899.50000000000011 13.500000000000002 9472.2050000000017 4.5000000000000009 1.5000000000000002 107.50000000000001 2899.4400000000005 2677.5950000000007 30.500000000000004 42.500000000000007 26.500000000000004 708.94500000000005 53.500000000000007 1250.5000000000002 76.500000000000014 418.50000000000006 1234.0700000000004 316.50000000000006 355.50000000000006 215.50000000000003 67270.12000000001 252.50000000000003 83079.150000000009 158.50000000000003 616.50000000000011 942.50000000000011 160.50000000000003 242.50000000000003 57.500000000000007 61.500000000000007 49.500000000000007 10349.92 47.500000000000007 22.500000000000004 5.5000000000000009
decision_type=2 2 2 2 2 2 2 2 2 2 2 2 2 2 2 2 2 2 2 2 2 2 2 2 2 2 2 2 2 2 2 2 2 2 2 2 2 2 2 2 2 2 2 2 2 2 2 2 2 2 2 2 2 2 2 2 2 2 2 2 2 2
left_child=2 4 6 11 10 22 14 16 20 18 13 -3 19 -2 24 23 17 -5 -8 -9 61 -14 -4 -10 -1 -11 29 -19 -12 -13 -31 32 -32 40 60 36 -36 -38 -30 -27 41 42 43 -15 59 -46 47 -23 -48 -50 -21 -52 -53 54 56 -56 57 -28 -57 -45 -25 -6
right_child=1 3 5 7 8 -7 9 12 15 25 28 26 21 33 -16 -17 -18 27 -20 50 -22 46 -24 34 -26 39 53 -29 38 30 31 -33 -34 -35 35 -37 37 -39 -40 -41 -42 -43 -44 44 45 -47 48 -49 49 -51 51 52 -54 -55 55 58 -58 -59 -60 -61 -62 -63
leaf_value=-0.014995601248870227 0.017349068578711099 0.015690477208084617 -0.036024902765990428 -0.009961625892995353 0.018186255118620605 -0.043881883341599676 -0.035684325091511919 0.020443677417430254 -0.003175772577719171 -0.014633836659072986 0.027396983661419412 0.010341102123425393 0.020898754189118435 0.00027858223836218815 -0.013763720216724257 -0.021264919578173974 -0.03561797576610564 0.010346971934039611 -0.023288008968148619 0.01648014016270501 -0.025689349137579906 0.037521903706569174 -0.029477560714020936 0.029441050030824291 0.0076557177898804009 0.089343762422502124 0.0097760432621108104 0.051870132621349922 -0.0088277786587084971 0.011814897372026326 0.049794635226830211 0.01674403540164348 0.014826419796005347 0.024773379941742012 -0.023932164475582357 -0.0060153332951408713 0.019715573242547392 0.086581493303380552 0.0006808577063646754 0.0050600032892039381 0.052375130549585792 -0.0018099880515132405 0.043877825327236421 -0.014129044661673661 0.067348216476024444 0.0055475710419046701 0.04349751460223323 0.019312688404492476 0.011520576316201922 0.035263584794235428 -0.014912168784665534 0.018793112795177102 -0.018540177617744177 -0.033937069407886288 0.041735610686821495 0.011867928695606229 -0.0065443775941697764 -0.0083766495801915839 -0.011587864467620548 0.0084092938871647756 0.0048386119834945961 -0.011180215196162746
leaf_weight=72.095168655738235 325.32583596557379 2465.2441961318254 1552.7489289864898 81.358456987887621 22.096326120197773 3222.9850198123604 263.93562487326562 4180.0980404764414 1719.4773924481124 696.82116798311472 33.427306909114122 4686.5366509072483 885.96486558020115 612.5748494733125 241.53480519913137 90.691876856610179 17.694027800112963 386.15801280364394 1015.7659273874015 1349.8318969532847 155.14581605419517 121.43129181861877 1242.4865103848279 68.892983816564083 253.16210339404643 4.1509189065545824 584.68831250444055 16.288468018174171 320.05100474879146 805.19337739795446 70.764428347349167 374.81950265169144 61.8278848528862 60.400583073496819 12.014151174575089 148.98073894530535 17.508204147219661 9.1072398945689184 1533.8951114602387 14.817819479852913 9.4637914933264238 567.64593129605055 34.395733553916216 42.768688023090363 15.778748001903297 12.199878148734568 183.70969009399414 304.76833994686604 68.440254688262939 128.52191650867462 42.590448200702667 99.597272321581841 26.233371198177338 12.636299163103102 54.864425558596849 279.43618954345584 184.08793549612164 119.57122419402003 43.810288988053799 821.05106538906693 64.319867849349976 1208.2493058666587
leaf_count=2231 4225 15028 85985 760 724 203484 13197 18044 33509 22975 659 35353 3729 10970 6175 2355 129 2568 41938 6423 5514 493 58063 905 5436 124 5983 99 7487 4162 392 2131 335 567 201 1922 261 121 23927 424 88 7140 382 525 183 141 744 1236 280 527 202 453 119 107 494 2540 1709 1754 298 9937 938 34818
internal_value=-0.00049317 0.0102767 -0.0325521 0.0152959 -0.00092011 -0.0388837 -0.0176778 0.0195333 -0.00630874 -0.0214587 0.00339621 0.0118628 0.0203984 0.00630148 -0.00435621 -0.00238661 0.0067712 0.00833886 -0.0258512 0.0190323 -0.012337 0.0249927 -0.0331175 -0.00154402 0.00261649 -0.0135962 0.0105654 0.0120525 -0.000452055 0.0114554 0.0154292 0.0211512 0.0335501 0.00464699 0.00718419 -0.000199008 0.022061 0.0430213 -0.000958331 0.0241378 0.00406895 0.00384707 0.00593717 0.00506352 0.00834428 0.0406943 0.0294787 0.0245201 0.0350093 0.0270488 0.015142 0.00438396 0.0109616 0.00638645 0.00679538 0.0134916 0.00393842 0.00668618 0.00867085 0.0072861 0.0176122 -0.0106473
internal_weight=34122.1 25541.6 8580.5 17636.2 7905.46 6018.22 2562.28 7892.69 3516.48 1995.49 4388.98 9743.48 7391.19 2501.61 566.792 2130.99 501.499 483.805 1279.7 5698.35 1385.49 1692.84 2795.24 2040.3 325.257 715.79 7278.24 402.446 1887.37 5999.14 1312.61 507.412 132.592 2176.28 320.823 187.61 38.6296 26.6154 1853.95 18.9687 2115.88 2106.41 1538.77 1504.37 891.798 27.9786 806.871 426.2 380.672 196.962 1518.25 168.421 125.831 1279.09 1266.46 378.111 888.347 704.26 323.246 863.82 133.213 1230.35
internal_count=693623 253591 440032 106092 147499 347532 92500 35806 81268 78658 66231 70286 32250 34158 13842 40212 3556 3427 55135 25241 41056 7009 144048 37857 7667 23523 55258 2667 32073 42373 7020 2858 727 29933 4348 2505 583 382 31414 548 29366 29278 22138 21756 10786 324 3280 1729 1551 807 7197 774 572 12885 12778 3332 9446 7737 2838 10462 1843 35542
is_linear=0
shrinkage=0.05


Tree=30
num_leaves=63
num_cat=0
split_feature=6 6 6 6 6 5 8 0 5 5 8 6 2 1 0 2 2 2 5 5 5 2 0 2 1 1 2 2 2 3 3 2 3 8 3 5 1 0 2 1 3 1 3 6 3 2 0 1 3 5 2 5 5 1 5 8 3 2 8 1 3 5
split_gain=4380.75 409.414 408.079 80.4483 79.4048 59.6956 53.6474 43.7006 36.4417 32.8545 22.8773 19.9113 19.6855 18.5682 21.573 18.2354 18.1623 17.5384 17.6744 17.0826 17.0704 16.7218 16.6455 18.5926 24.3539 16.2271 16.0083 15.1865 14.3152 16.1878 14.9689 14.195 22.6312 20.4381 14.1634 14.1374 13.0846 12.9731 13.5246 12.5883 22.0223 12.3485 18.9633 13.0401 12.0413 11.9803 23.0024 11.7803 11.6008 11.3672 11.2213 11.1827 12.9303 10.5185 10.4541 9.8701 14.3838 12.0812 10.7707 9.7103 11.643 16.7264
threshold=507.05000000000007 69.905000000000015 4390.2250000000013 12547.26 1260.7950000000003 12.500000000000002 1.5000000000000002 2.5000000000000004 30.500000000000004 4.5000000000000009 2.5000000000000004 220.04000000000005 1836.7900000000002 30.500000000000004 52.500000000000007 950.30000000000007 3154.1800000000007 136133.35500000001 167.50000000000003 12.500000000000002 2.5000000000000004 114.70500000000001 1.5000000000000002 5177.7850000000008 28.500000000000004 294.50000000000006 50481.130000000012 61411.715000000004 9612.7750000000033 331.50000000000006 648.50000000000011 1529.075 189.50000000000003 4.5000000000000009 432.50000000000006 2981.0000000000005 38.500000000000007 1.0000000180025095e-35 2655.3200000000002 92.500000000000014 537.50000000000011 147.50000000000003 865.50000000000011 4013.4850000000006 418.50000000000006 7242.4750000000013 39.500000000000007 23.500000000000004 22.500000000000004 261.50000000000006 13947.795000000002 339.50000000000006 323.50000000000006 62.500000000000007 57.500000000000007 2.5000000000000004 19.500000000000004 1440.9300000000003 4.5000000000000009 233.50000000000003 574.50000000000011 159.50000000000003
decision_type=2 2 2 2 2 2 2 2 2 2 2 2 2 2 2 2 2 2 2 2 2 2 2 2 2 2 2 2 2 2 2 2 2 2 2 2 2 2 2 2 2 2 2 2 2 2 2 2 2 2 2 2 2 2 2 2 2 2 2 2 2 2
left_child=1 6 4 19 13 7 -1 10 -5 50 15 -9 -11 14 37 -3 20 25 59 -4 -8 -22 26 -24 -25 -10 41 -28 30 -30 -15 32 33 47 -17 -20 -18 54 55 40 -26 42 48 -43 -31 -13 -47 -7 -14 -50 -6 52 -21 -42 -2 56 57 -39 -57 60 -19 -62
right_child=2 5 3 8 9 31 16 11 17 12 -12 45 22 28 -16 34 36 18 35 51 21 -23 23 24 39 -27 27 -29 29 44 -32 -33 -34 -35 -36 -37 -38 38 -40 -41 53 43 -44 -45 -46 46 -48 -49 49 -51 -52 -53 -54 -55 -56 58 -58 -59 -60 -61 61 -63
leaf_value=-0.044213277479341881 0.010431898119254334 0.021091585131190586 0.00085361749433446104 0.0066426175063604535 -0.01925836268381674 0.012468379128074716 -0.036158519398858092 -0.027807350808432565 0.018661745527712489 0.035471002547951914 -0.014682268146765171 -0.019463164078908614 0.036438285026598953 -0.0097039812630932906 -0.029973239885359684 -0.0092269925881108758 -0.0082548942386786034 0.013626422600196034 0.030826998625530035 0.012252016165626845 0.032605079018995009 -0.023743596769712768 -0.0034133724459304718 0.020865983155461183 0.0049308652099926053 -0.014885533706201158 0.091162811153261414 0.0095371553256286389 0.0097892105726077403 -0.043775067882604352 0.053995233688295174 -0.0091362363706331412 0.11026888683042585 0.033927948982204442 0.080151669282077537 -0.0023341696099124323 -0.034379222085790084 0.01485192062662568 0.0069574327913626711 -0.0039197442041831584 0.0011266090869779376 -0.013827776489892196 0.048902825312205349 0.031167077431701631 -0.00059632361706187019 -0.0049423710356010708 0.11688260557162583 -0.030472083746883205 0.0078443934850572078 0.051778157824454302 0.01544789323518728 -0.0051204244617390005 0.053324230220649672 0.066532513575188496 0.077941154527688933 -0.013656976443528283 -0.0020620102614593194 0.083418881966317804 0.0067160967992026315 -0.011768951981637049 0.028055966151398139 -0.0067579971496553497
leaf_weight=2590.1967995408922 240.25927647016943 85.463240422308445 354.31708167120814 571.38448301702738 171.8120454698801 37.203155994415283 2524.9445790573955 1057.6956790331751 5901.8283245936036 56.448717065155506 870.01560832001269 1068.8550103288144 36.546930119395256 1546.1884869597852 55.666244288906455 175.15793084725738 112.3056646194309 382.47745330631733 793.24672771245241 6637.8705523423851 15.241617407649754 90.724074387922883 772.35162262246013 232.47237441316247 1880.8095294944942 36.032989397644997 11.295415051281454 11.754155933856962 211.17970746196806 27.443407133221626 9.1570554953068477 70.456593127921224 6.3168062157928935 63.95519794523716 4.4388769660145035 33.192060306668282 84.504221145063639 22.738732004538182 354.69442632049322 421.77731374278665 8.8051505424082297 107.61388137936592 29.223789822310209 18.787960097193718 39.607336012646556 56.717745302245021 4.0558074768632641 27.740507286041975 2791.5963295511901 14.746824428439139 26.701513390988111 92.178997397422791 19.200823917984962 21.568583663552999 5.8058691769838324 332.94463276490569 159.97651513107121 9.0311765819787961 80.142961375415325 24.205865502357483 444.24374249577522 37.122161015868187
leaf_count=172030 4134 1835 3703 3922 3792 778 142555 48395 26148 736 28809 38589 301 34529 1830 4838 5665 1693 3226 41491 478 3748 13159 2988 24008 158 101 106 4056 514 156 1657 121 953 129 140 4284 482 8680 4872 111 1041 249 148 669 1775 140 687 30408 115 466 515 102 249 51 9584 3815 175 1333 100 1855 150
internal_value=-0.000341437 -0.0303737 0.0103895 0.0154701 0.00236845 -0.0171153 -0.039006 -0.018734 0.0188379 0.00546175 -0.0107639 -0.022867 0.00608223 -0.00424093 0.000424975 0.00207935 -0.034233 0.0197477 0.0242133 0.0115705 -0.0353317 -0.0155684 0.00582002 0.0033835 0.00543178 0.0184571 0.00850968 0.0499747 -0.00745303 0.002978 -0.00932229 0.00900493 0.0184944 0.0138762 -0.00694673 0.029489 -0.019509 0.00183508 -0.000786943 0.00389084 0.00561728 0.00818762 0.00886155 -0.00708101 -0.0183824 -0.0182348 0.0032843 -0.0058153 0.00844648 0.00807888 -0.0145595 0.0121323 0.012372 0.0478018 0.0120761 -0.00533716 0.00401796 0.0347008 -0.00969163 0.0192952 0.0201727 0.0253599
internal_weight=33982.4 8945.99 25036.4 15327.3 9709.15 3528.07 5417.92 3322.4 8223.73 6614.31 1135.08 2187.32 6415.8 3094.84 1261.26 265.06 2827.72 7652.35 1714.49 7103.57 2630.91 105.966 6359.35 3337.78 2565.43 5937.86 3021.57 23.0496 1833.58 278.23 1555.35 205.672 135.216 128.899 179.597 826.439 196.81 1205.59 959.528 2332.96 1911.18 2998.52 2872.11 126.402 67.0507 1129.63 60.7736 64.9437 2842.89 2806.34 198.514 6749.25 6657.07 30.3737 246.065 604.834 191.746 31.7699 413.088 888.049 863.843 481.366
internal_count=693527 457466 236061 83203 152858 128706 328760 124510 37392 82850 35611 88899 78592 70008 30084 6802 156730 33470 7164 45811 146781 4226 77856 45387 32228 26306 32469 207 39924 5239 34685 4196 2539 2418 4967 3366 9949 28254 24069 29240 24368 32262 31073 1189 1183 40504 1915 1465 30824 30523 4258 42108 41593 360 4185 15389 4472 657 10917 3798 3698 2005
is_linear=0
shrinkage=0.05


Tree=31
num_leaves=63
num_cat=0
split_feature=6 6 6 6 6 8 0 6 3 8 2 2 0 2 2 2 1 1 0 8 3 1 2 2 3 3 1 1 0 2 3 2 7 2 1 3 6 2 3 0 6 2 3 1 6 1 6 6 1 2 2 2 3 1 3 1 0 3 1 3 2 1
split_gain=4043.49 402.745 365.227 73.0805 71.4935 54.4781 53.2126 28.577 27.5468 21.2421 20.3941 21.9117 19.2209 19.8122 18.9874 17.8977 17.7781 16.9241 20.0093 16.8705 14.3382 14.2091 13.8485 13.0697 14.7056 13.1156 12.5972 12.4212 11.581 12.2217 11.5071 11.2714 11.1096 19.1629 11.0411 16.1185 11.6917 10.9131 19.3445 15.0377 11.6048 10.2769 10.0532 12.3661 9.73258 9.29193 20.058 17.8636 9.1355 15.6554 9.21911 9.54753 11.2511 8.57833 8.9933 9.38399 8.713 8.51916 22.6467 19.1927 13.9825 12.4569
threshold=507.05000000000007 69.905000000000015 4390.2250000000013 12547.26 1260.7950000000003 1.5000000000000002 1.5000000000000002 220.04000000000005 97.500000000000014 4.5000000000000009 1498.9550000000002 1145.2600000000002 1.5000000000000002 5177.7850000000008 136133.35500000001 3154.1800000000007 49.500000000000007 30.500000000000004 52.500000000000007 2.5000000000000004 574.50000000000011 294.50000000000006 50481.130000000012 9612.7750000000033 331.50000000000006 648.50000000000011 40.500000000000007 24.500000000000004 1.0000000180025095e-35 2492.2050000000004 418.50000000000006 61411.715000000004 3.5000000000000004 74.615000000000009 147.50000000000003 865.50000000000011 4013.4850000000006 13423.850000000002 345.50000000000006 1.5000000000000002 4517.6950000000006 1836.7900000000002 1041.5000000000002 137.50000000000003 25.905000000000005 36.500000000000007 954.42000000000019 954.42000000000019 27.500000000000004 13947.795000000002 1728.0600000000002 3676.7850000000003 22.500000000000004 9.5000000000000018 114.50000000000001 29.500000000000004 1.5000000000000002 153.50000000000003 39.500000000000007 167.50000000000003 10952.565000000001 81.500000000000014
decision_type=2 2 2 2 2 2 2 2 2 2 2 2 2 2 2 2 2 2 2 2 2 2 2 2 2 2 2 2 2 2 2 2 2 2 2 2 2 2 2 2 2 2 2 2 2 2 2 2 2 2 2 2 2 2 2 2 2 2 2 2 2 2
left_child=1 5 4 37 17 -1 9 -8 -5 19 11 -11 22 41 21 32 -15 18 28 27 -16 42 34 25 45 -19 -17 -3 -2 -30 -26 -24 -7 44 35 48 -36 38 39 -4 -40 -14 -10 -44 -34 47 -47 -25 49 50 -6 -52 -53 -31 -55 56 -56 -50 59 -59 -60 -62
right_child=2 6 3 8 12 15 7 -9 14 10 -12 -13 13 16 20 26 -18 23 -20 -21 -22 -23 31 24 30 -27 -28 -29 29 53 -32 -33 33 -35 36 -37 -38 -39 40 -41 -42 -43 43 -45 -46 46 -48 -49 57 -51 51 52 -54 54 55 -57 -58 58 60 -61 61 -63
leaf_value=-0.043891822797419398 0.011354945731844875 0.015073524143097925 0.014615323108443941 0.0020083761811411655 0.04874954849766746 -0.036753035640984595 -0.026158466338496486 -0.015423525545017858 0.016372167204265067 0.022400224196976598 -0.021358174817270911 0.11532283278291831 0.022390338671886813 0.0099507211476850162 0.015851494434103476 -0.0086468551025299795 0.0015341236455385398 -0.0093017232976654388 -0.029307574530631583 -0.012892009274013195 0.025879894993570959 -0.014203130550095262 0.079249266091725723 0.093661747006523161 -0.043268042974758475 0.048991157674267122 -0.034918272434278599 -0.0078788907631559459 -0.0054595193116982006 0.051560052182053985 -0.00056688061868860314 0.011667919554872633 -0.015356282962594732 -0.030748207625841857 -0.013278269032359812 0.044575807606188525 0.028969301368185953 0.012042385772502833 0.033590049272404734 0.0045197721520482117 -0.0068722700591001776 -0.0050284674879469797 0.036391394482409432 0.019706939447711135 0.05084551273556373 -0.010247224751309039 0.021697077646380399 -0.0088922074556853636 0.0029627415404549036 0.07711633286940428 0.0025534993556653469 0.062100282768406602 0.015835978811007675 0.0019486196496542839 0.075714417156212951 0.085192785387132958 0.0074262931638550871 0.098515061315309183 0.003672901612480157 0.024912749378830271 0.021253444005724573 0.0079829251061529251
leaf_weight=2481.4663426373154 248.56276451051235 108.96938968636096 779.32711647450924 267.06435650587082 17.752855123952031 1870.8038019351661 1156.9659495139495 1345.3348636217415 5234.7873426415026 47.161879319697618 22.392013322561979 7.3010535202920428 35.476581715047359 1022.4146998059005 505.86005082726479 118.09256945364177 1628.3680615350604 1532.7566119655967 54.125892378389835 655.29909096471965 1238.6831245198846 35.884696573019028 12.223453085869552 8.7900029085576552 26.40434343740344 9.5862230509519559 75.088992577046156 127.93023688066751 565.77736360579729 9.9972441997379047 39.586986878886819 12.83882202580571 11.28279931843281 650.15960455685854 106.49724354967475 30.333584029227495 19.19919965416193 5374.9224419146776 18.820479691028595 703.97091032937169 273.26283957064152 836.17837074585259 129.06692836433649 843.64437419176102 10.617369394749401 95.523756515234709 100.75214827805758 7.943192444741725 894.5934661347419 9.9416243396699411 153.30984416790307 14.316974982619284 163.73787932656705 336.90448497794569 5.3433188423514357 5.7054762020707122 35.016211379319429 11.531083002686499 875.9144804738462 39.044684082269669 283.80630143731833 474.69493904709816
leaf_count=172030 4185 2253 5100 1791 167 112922 53111 46848 23994 628 447 125 658 13599 2275 6019 20137 34529 1830 21771 5101 158 104 198 514 156 3930 3523 14434 253 669 118 512 32939 1041 250 148 32799 149 5927 1836 14872 550 3523 408 2069 1657 132 10264 96 1725 128 1816 8303 107 127 845 128 9681 409 2776 4733
internal_value=-0.000334639 -0.0297371 0.00983122 0.0146204 0.00224403 -0.0385183 -0.0165365 -0.0203898 0.0178266 -0.00658027 0.0186057 0.0351372 0.00516496 0.00263146 0.0183548 -0.0336415 0.00478257 -0.00404778 0.000400083 -0.00875725 0.0229759 0.0170624 0.0080237 -0.00713089 0.00281319 -0.00893302 -0.0188971 0.0026596 0.00173839 -0.000750492 -0.0177677 0.0450116 -0.0347589 -0.0291957 0.0077211 0.00833639 -0.00676762 0.0109181 0.00751105 0.00982799 -0.00423735 -0.00390434 0.0172441 0.0219294 0.0165968 0.00921805 0.00612763 0.0449191 0.00795911 0.0154423 0.0136502 0.0117405 0.0196168 0.00601632 0.00480122 0.0255065 0.0167555 0.00691501 0.00901007 0.0419538 0.00798509 0.0129571
internal_weight=33819.1 8688.87 25130.2 15405.3 9724.95 5217.51 3471.35 2502.3 8254.99 969.054 76.8549 54.4629 6642.17 3522.44 7987.93 2736.05 2650.78 3082.78 1261.43 892.199 1744.54 6243.38 3119.74 1821.34 279 1542.34 193.182 236.9 1207.31 958.744 65.9913 25.0623 2542.86 672.06 3094.67 2968.98 125.696 7150.3 1775.38 1483.3 292.083 871.655 6207.5 972.711 21.9002 213.009 196.276 16.7332 2938.64 359.059 349.118 331.365 178.055 392.967 382.969 46.065 40.3595 2579.58 1684.99 50.5758 1634.42 758.501
internal_count=693527 457466 236061 83203 152858 328760 128706 99959 37392 28747 1200 753 82850 49266 35601 156730 33736 70008 30084 27547 7376 28225 33584 39924 5239 34685 9949 5776 28254 24069 1183 222 146781 33859 33362 32173 1189 45811 13012 11027 1985 15530 28067 4073 920 4056 3726 330 31923 3932 3836 3669 1944 9635 9382 1079 952 27991 17727 537 17190 7509
is_linear=0
shrinkage=0.05


Tree=32
num_leaves=63
num_cat=0
split_feature=6 6 4 4 6 4 4 5 2 6 2 5 5 6 4 5 2 4 6 5 5 5 2 2 5 2 0 2 4 2 8 6 2 0 2 6 4 6 5 4 2 6 5 6 4 2 6 2 8 2 6 8 6 2 5 2 2 2 2 5 6 2
split_gain=3735.01 400.529 313.183 115.417 97.058 81.8947 36.9188 35.9702 34.9608 34.4774 31.1133 28.6365 24.3718 23.9782 20.6006 16.9701 16.9272 15.3484 15.1867 15.011 18.3134 13.904 13.4633 13.3613 24.685 12.7343 12.196 11.8246 11.7658 22.5681 11.2736 10.3439 9.76135 12.7534 10.6394 10.0977 9.6142 9.52799 9.3616 9.21741 10.7186 9.80194 13.0059 11.3976 8.93544 8.89127 8.65319 8.09063 7.98295 7.95149 10.9954 9.56376 8.59679 7.8971 7.7 17.8118 8.88753 12.9042 7.44754 7.16551 7.0765 7.04822
threshold=382.89500000000004 2978.5900000000006 16.500000000000004 445.50000000000006 12547.26 32.500000000000007 6.5000000000000009 12.500000000000002 2492.2050000000004 1260.7950000000003 2716.0150000000003 30.500000000000004 9.5000000000000018 162.63500000000002 2.5000000000000004 177.50000000000003 1836.7900000000002 2.5000000000000004 56324.710000000006 2981.0000000000005 1224.0000000000002 805.00000000000011 30326.465000000004 11309.090000000002 4.5000000000000009 24366.085000000003 22.500000000000004 950.30000000000007 1.5000000000000002 3291.5600000000004 2.5000000000000004 262.71000000000009 20116.000000000004 1.0000000180025095e-35 5177.7850000000008 9891.1650000000027 2.5000000000000004 5778.7350000000015 12.500000000000002 18.500000000000004 16281.775000000003 1129.5400000000002 6.5000000000000009 738.23500000000013 182.50000000000003 7049.3100000000004 15611.660000000002 177921.78000000003 1.0000000180025095e-35 267.02000000000004 307.38500000000005 4.5000000000000009 366.85500000000008 876.08000000000015 24.500000000000004 36489.165000000008 24366.085000000003 15673.650000000001 722.24500000000012 20.500000000000004 139.26500000000001 7443.6900000000014
decision_type=2 2 2 2 2 2 2 2 2 2 2 2 2 2 2 2 2 2 2 2 2 2 2 2 2 2 2 2 2 2 2 2 2 2 2 2 2 2 2 2 2 2 2 2 2 2 2 2 2 2 2 2 2 2 2 2 2 2 2 2 2 2
left_child=2 5 7 8 12 9 11 14 13 17 -7 -6 22 -4 30 25 -11 23 -13 20 21 36 -3 27 -25 46 38 -2 54 -30 31 -1 33 -14 -35 -36 -20 -24 39 40 -19 42 43 -42 61 -10 -8 -23 -5 -9 51 -51 -52 -53 55 59 57 -56 -41 -18 -16 -12
right_child=1 4 3 48 6 10 15 49 45 16 44 18 32 -15 60 -17 28 26 19 -21 -22 47 37 24 -26 -27 -28 -29 29 -31 -32 -33 -34 34 35 -37 -38 -39 -40 58 41 -43 -44 -45 -46 -47 -48 -49 -50 50 52 53 -54 -55 56 -57 -58 -59 -60 -61 -62 -63
leaf_value=0.019816780367692965 0.017590513793771769 -0.0060774167637973548 -0.034291445043523425 -0.047527668856454541 0.0033742224240577998 -0.022234078146449787 0.0030110274183101464 -0.022165757847162834 -0.021599913267559556 0.031375215363349772 -0.0090423439163409541 0.017598754117781164 0.01183041950658483 -0.023172556083443284 -0.021718822998181606 -0.012255889143222769 0.0061272433612625729 -0.0065769988257858743 0.025542674035238175 -0.0082573345081611415 0.049320262829948662 0.016687347561317765 0.047727600719365749 0.11182566684280781 0.012928330660276825 0.011978474533417058 0.012142439855521164 -0.00051295304541417754 -0.012277488706323557 0.0041777778126053369 -0.0075688270736917682 -0.010540145397475007 0.011969963129736819 -0.0083086171334984631 0.0080376721914579251 -0.0032119899344536305 0.014939047181233631 -0.0024528609396780045 -3.1630148127551356e-05 0.054197282118764234 0.094349487538449114 0.073755150945182882 -0.030366447102761037 -0.0058731292594489115 -0.051122125007037091 -0.0057168400992149261 -0.031772997467980416 -0.018224339639713746 -0.041363388893285509 0.017218986331414023 -0.0072832644672020334 0.040872231612353205 0.054462662360371276 0.099808395902940938 0.012076907762571459 0.069039791619971813 -0.030719446881578689 0.04678426441146246 -0.016118780220589397 -0.0085871463560716586 -0.011958032516128834 -0.00035044308898225481
leaf_weight=85.407581897452474 101.18616919964552 341.05785828456283 2200.5137057732791 722.95614402741194 308.44706590473652 445.65516312606633 52.467475604265928 9.5075512100011093 567.07942964695394 59.961112938821316 646.61915390565991 5034.6382913440466 2014.2053738608956 627.40484719537199 329.40400772541761 87.119559220969677 481.04357485100627 918.35446594469249 1243.4255190342665 37.018382385373116 67.807528138160706 35.307693555951118 20.980437099933624 7.4183780886232844 40.635146901011467 1098.1694733500481 98.834712140262127 820.26934263855219 229.25267760269344 2265.587658777833 343.69598725624382 41.454994324594736 3759.1040858626366 111.98075017333031 3171.476994022727 212.14999093860388 261.85735742747784 16.814113229513168 495.00214976072311 3.682454325258731 5.6808838620781952 7.3201629519462577 11.261474404484032 5.3756033107638359 10.977355642244218 105.48513136990368 26.844108335673809 31.125804916024208 2154.1871418459341 23.385812947526574 29.238926008343697 17.193679060786966 6.860627055168151 9.0159372948110086 522.68272452056408 10.497996166348456 11.244710758328436 28.272859916090965 328.84046579524875 99.586141783744097 435.83973012119532 366.71831451170146
leaf_count=1997 1318 4280 127554 51770 1862 14946 362 141 26596 729 17090 21670 13627 27205 14914 439 5739 23027 5107 156 277 143 229 105 557 5952 2707 14066 3928 32696 9582 886 22727 1182 25445 1228 1093 189 10343 125 122 103 203 94 320 4563 204 127 153813 477 518 241 130 149 5235 87 96 262 9106 1176 15337 7175
internal_value=-0.00032739 0.0087492 -0.0308875 -0.0354917 0.0129036 -0.000536855 0.0168741 -0.00882089 -0.0293873 0.00185543 -0.0112026 0.0182916 0.0094936 -0.0318273 -0.0111053 0.0090012 0.00503214 -0.00228497 0.0189764 0.0231092 0.0238209 0.0227146 -0.00292577 0.00281892 0.0285002 0.0105791 -0.00492763 0.00147128 0.00459695 0.00266326 -0.00285906 0.00985715 0.0100018 0.00865788 0.00682812 0.00733078 0.0237025 0.0253237 -0.00588129 -0.00813848 -0.00561669 0.023893 0.00705938 0.0455578 -0.00639653 -0.0191175 -0.00872433 0.000252366 -0.0429157 0.0207605 0.0256016 0.0408706 0.0044313 0.0616382 0.00877493 0.00477607 0.012969 0.0138752 -0.015309 0.00359387 -0.0161684 -0.0059021
internal_weight=33662.6 25954 7708.63 6377.63 17932 8021.96 8284.23 1331 3500.48 6551.99 1469.97 7019.63 9647.77 2827.92 1235.8 1264.6 3708.13 2843.86 6711.18 1676.54 1639.52 1571.72 378.852 969.509 48.0535 1177.48 1874.35 921.456 3648.17 2494.84 470.559 126.863 9268.92 5509.81 3495.61 3383.63 1505.28 37.7946 1775.52 1280.52 947.993 29.6381 22.318 11.0565 1024.31 672.565 79.3116 66.4335 2877.14 95.2025 85.695 49.5954 36.0996 26.2096 1153.33 591.128 562.2 550.956 332.523 580.63 765.244 1013.34
internal_count=693527 257654 435873 391501 106299 151355 37392 44372 185918 111824 39531 30435 68907 154759 42716 6957 49948 61876 28573 6903 6747 6470 4698 16046 662 6518 45830 15384 49219 36624 12465 2883 64209 41482 27855 26673 6200 418 43123 32780 23549 522 419 216 24585 31159 566 270 205583 1656 1515 867 648 390 12595 7002 5593 5497 9231 6915 30251 24265
is_linear=0
shrinkage=0.05


Tree=33
num_leaves=63
num_cat=0
split_feature=6 6 4 4 4 6 4 6 4 2 1 6 2 8 1 6 1 2 1 4 2 1 1 2 1 0 1 8 2 6 1 8 4 2 1 0 4 2 6 1 2 4 2 0 1 2 6 1 1 1 1 1 1 6 4 2 2 4 6 6 4 6
split_gain=3453.93 359.221 305.523 81.3662 80.479 76.2351 59.4101 40.4051 33.3306 32.3707 30.448 27.0525 20.3765 19.4821 18.5934 17.6607 17.1558 14.5456 13.8854 13.8547 12.2745 24.2294 14.5904 12.0187 11.3614 10.9263 10.6705 10.4844 10.4064 10.3637 10.2177 10.2074 10.6244 10.1987 13.9124 9.90697 9.83348 9.61342 11.071 9.58556 9.97253 9.56829 9.55941 9.39707 9.30202 11.7703 11.1692 14.2582 13.012 13.546 11.1805 9.79082 9.44971 9.27765 9.26679 11.5059 15.5635 9.19247 10.4099 9.18056 9.15296 9.14767
threshold=382.89500000000004 3492.9750000000004 73.500000000000014 7.5000000000000009 34.500000000000007 12547.26 623.50000000000011 1260.7950000000003 6.5000000000000009 4724.0350000000008 30.500000000000004 131.29000000000005 2655.3200000000002 4.5000000000000009 50.500000000000007 56324.710000000006 39.500000000000007 1836.7900000000002 9.5000000000000018 62.500000000000007 7242.4750000000013 92.500000000000014 50.500000000000007 5304.4100000000008 23.500000000000004 1.5000000000000002 103.50000000000001 2.5000000000000004 12956.745000000001 485.49500000000006 28.500000000000004 3.5000000000000004 1.5000000000000002 15673.650000000001 84.500000000000014 1.5000000000000002 9.5000000000000018 11687.245000000001 1817.5700000000004 199.50000000000003 177921.78000000003 117.50000000000001 477.83500000000009 9.5000000000000018 152.50000000000003 22017.785000000003 9891.1650000000027 132.50000000000003 83.500000000000014 37.500000000000007 145.50000000000003 57.500000000000007 139.50000000000003 136.49000000000004 5.5000000000000009 5442.0850000000009 6018.7100000000009 7.5000000000000009 995.05000000000007 9891.1650000000027 4.5000000000000009 1955.8800000000003
decision_type=2 2 2 2 2 2 2 2 2 2 2 2 2 2 2 2 2 2 2 2 2 2 2 2 2 2 2 2 2 2 2 2 2 2 2 2 2 2 2 2 2 2 2 2 2 2 2 2 2 2 2 2 2 2 2 2 2 2 2 2 2 2
left_child=2 4 3 13 7 19 12 10 15 41 29 -5 -4 18 -11 -7 -14 -9 27 25 22 30 23 31 -10 44 -26 -1 -27 42 -22 -19 -33 -12 -35 -28 -24 38 -23 -17 -41 -6 -2 61 45 51 48 60 49 -47 -50 -3 -49 -20 55 -31 -57 58 -36 -53 -48 -39
right_child=1 5 6 11 9 8 -8 17 24 14 33 -13 16 -15 -16 39 -18 20 53 -21 21 37 36 -25 26 28 35 -29 -30 54 -32 32 -34 34 57 -37 -38 43 -40 40 -42 -43 -44 -45 -46 46 47 52 50 -51 -52 59 -54 -55 -56 56 -58 -59 -60 -61 -62 -63
leaf_value=0.02233068722446574 0.035118107471286936 0.014108263413218495 -0.033896395385967323 -0.029891914148205613 -0.015771846188962262 0.015910381676613232 -0.043171602190593204 0.029171293036325027 -0.020400968102151449 0.0043293083744922979 -0.00750947150685003 -0.017410313951586699 -0.011049581184971262 0.020336023937105943 -0.012804228401346516 0.019397167040049519 -0.035102430167266406 -0.0023340116049976305 -0.019040666413361274 -0.012865745078381667 0.025328828485326721 0.01084692064008615 -0.0006408061052131771 0.012210766708036992 0.013068533966557584 0.0034411004844513136 -0.0067809497900845261 -0.0024308062161859604 0.0091684941256748222 0.0089932765315518769 0.0093347105587675266 0.015770476277123156 4.777160808421185e-05 0.029059597405389534 -0.02789209409008029 0.0084255078750083319 -0.014824928635452279 -0.0095998626822253394 -0.014561832395234266 0.01650306894397233 0.032420149961395577 -0.033485222363589931 -0.0082607437096265043 -0.038304422174224945 0.0053336271360213761 -0.019598283986854141 0.013742275620086683 0.057630376335926714 0.0065675477951395132 0.02368093399089689 0.030127771293161989 0.0089458119213372232 0.025710298561440026 -0.0061506404353463733 0.0010156840702883446 0.10823043543361524 0.020401023770552713 -0.044894448197600148 0.044161805421763907 -0.0033162048931426346 0.033675753940598734 0.0088670154923964541
leaf_weight=57.380571009591222 13.353410627692936 942.78981629014015 1997.5723948301747 789.54811780992895 668.82373675517738 5339.2253917902708 2489.8845885191113 61.988923076540232 32.886574432253838 389.38120842538774 1634.0904731228948 973.1001160107553 196.60341205168515 71.834785850718617 266.47559322044253 1218.267169624567 119.95628241449594 561.347696358338 214.04552171006799 69.731065664440393 106.66651453077793 55.152074217796326 627.04728214070201 418.84156959503889 744.59909217059612 1138.1914705149829 157.01204731315374 165.77581347152591 2641.8653594367206 459.98984663560987 1655.8132967092097 214.63838766142726 216.32978948578238 45.031930645927787 9.8329101763665694 334.97438113391399 151.93112912774086 84.334572669118643 188.75700467452407 141.04712770879269 340.653040766716 86.797553358599544 217.95962015539408 12.789801973849533 627.32455109804869 19.093512814491987 319.87661791592836 39.839509636163712 617.86894281208515 287.11923602968454 54.919113986194134 1675.2578417733312 58.269513159990311 406.76484968326986 466.42492262646556 6.6943801455199745 20.703928459435701 13.633535649627445 9.9602917768061143 167.26730899512768 70.892420820891857 322.50658869743347
leaf_count=1207 246 6358 123554 42099 20748 23383 186912 741 360 8289 35966 39559 10285 1159 5551 5078 6307 9378 7812 1018 1251 785 7658 5547 4207 10026 765 5369 17951 7660 19755 2078 3099 723 148 1625 2646 1108 2109 575 1399 3307 5785 168 3491 134 1564 188 3736 1764 313 11078 276 11610 12242 107 309 272 119 823 398 3349
internal_value=-0.000320228 0.00828688 -0.0302587 -0.0167234 0.000198102 0.012553 -0.0378037 0.00224098 0.0159822 -0.0107625 -0.00239745 -0.0230054 -0.0320243 -0.00462573 -0.00262534 0.0173278 -0.0201881 0.00511511 -0.00675845 0.00928877 0.00479036 0.00724087 0.00207343 0.00510682 0.00851623 0.00946787 0.00929091 0.00392091 0.00744541 0.00376085 0.0103069 0.00210239 0.00789171 -0.00666203 0.0109114 0.00356198 -0.00341523 -0.00089586 -0.00879389 0.0217753 0.0277742 -0.0178173 -0.00572084 0.00368393 0.0110331 0.0118724 0.0155022 0.0216888 0.0124059 0.0209605 0.00850237 0.00995721 0.0387686 -0.0106053 0.0060659 0.0108874 0.0423582 -0.0134021 0.0081551 0.00782981 0.017379 0.00502529
internal_weight=33508.7 26026.3 7482.47 2678.45 8987.3 17039 4804.02 7575.82 8308.66 1411.48 2897.68 1762.65 2314.13 915.802 655.857 7039.19 316.56 4678.14 843.967 8730.31 4616.16 2426.02 2190.14 1411.16 1269.47 8660.58 1236.59 223.156 3780.06 1185.13 1762.48 992.316 430.968 1712.55 78.4587 491.986 778.978 663.54 243.909 1699.97 481.7 755.621 231.313 419.631 4880.52 4253.19 1467.88 488.878 979.001 306.213 672.788 2785.31 98.109 620.81 953.813 487.388 27.3983 33.4267 19.7932 1842.53 390.769 406.841
internal_count=693527 257654 435873 108815 161144 96510 327058 123249 37392 37895 63577 81658 140146 27157 13840 30435 16592 59672 25998 59118 58931 28525 30406 20102 6957 58100 6597 6576 27977 26349 21006 14555 5177 37228 1262 2390 10304 7519 2894 7052 1974 24055 6031 4625 30123 26632 8373 2426 5947 1898 4049 18259 464 19422 20318 8076 416 539 267 11901 1962 4457
is_linear=0
shrinkage=0.05


Tree=34
num_leaves=63
num_cat=0
split_feature=6 6 4 4 4 6 4 6 4 1 6 5 5 5 6 5 1 6 5 5 3 3 3 1 1 5 4 5 1 3 5 1 1 5 5 5 3 6 3 3 1 0 3 1 1 5 6 3 5 7 0 1 6 0 3 1 5 3 1 0 1 5
split_gain=3193.15 321.997 300.103 76.6829 73.2402 69.1579 60.0791 36.3221 30.0869 27.617 26.1907 25.6825 20.352 18.144 15.6874 15.1381 14.1691 12.9206 13.8545 16.8015 12.6832 17.5291 17.5221 13.3623 13.0376 12.6324 12.345 12.0711 15.0557 11.8549 11.4344 11.2847 10.7143 17.5422 13.0539 9.97507 12.7063 10.259 10.3883 9.56633 9.62051 9.26525 9.09812 14.4464 8.96042 10.7828 8.78804 11.7935 8.76816 8.72448 9.31847 8.49013 8.48739 8.48707 8.12486 10.5102 9.36743 8.10803 16.4649 7.98842 8.1769 8.01244
threshold=382.89500000000004 3492.9750000000004 73.500000000000014 7.5000000000000009 34.500000000000007 12547.26 623.50000000000011 1260.7950000000003 6.5000000000000009 30.500000000000004 131.29000000000005 30.500000000000004 12.500000000000002 9.5000000000000018 738.23500000000013 211.50000000000003 9.5000000000000018 56324.710000000006 2981.0000000000005 1224.0000000000002 83.500000000000014 21.500000000000004 85.500000000000014 25.500000000000004 12.500000000000002 805.00000000000011 1.0000000180025095e-35 4.5000000000000009 38.500000000000007 350.50000000000006 4.5000000000000009 23.500000000000004 217.50000000000003 533.00000000000011 271.50000000000006 12.500000000000002 97.500000000000014 654.24000000000012 112.50000000000001 1041.5000000000002 140.50000000000003 3.5000000000000004 44.500000000000007 50.500000000000007 103.50000000000001 52.500000000000007 47875.92500000001 294.50000000000006 39.500000000000007 3.5000000000000004 137.50000000000003 5.5000000000000009 220.04000000000005 1.0000000180025095e-35 504.50000000000006 164.50000000000003 80.500000000000014 616.50000000000011 84.500000000000014 1.0000000180025095e-35 172.50000000000003 145.50000000000003
decision_type=2 2 2 2 2 2 2 2 2 2 2 2 2 2 2 2 2 2 2 2 2 2 2 2 2 2 2 2 2 2 2 2 2 2 2 2 2 2 2 2 2 2 2 2 2 2 2 2 2 2 2 2 2 2 2 2 2 2 2 2 2 2
left_child=2 4 3 12 7 13 49 9 11 20 -5 -7 16 -3 -6 31 30 -13 19 25 21 24 23 -22 -2 32 -9 -28 -29 -18 -1 -10 33 53 -34 -24 -37 -38 -39 44 -41 -26 -16 -44 46 -46 -33 -48 57 -4 -51 -23 -31 -19 -55 56 -56 -11 -59 -47 61 -61
right_child=1 5 6 10 14 8 -8 26 15 48 -12 17 -14 -15 42 -17 29 18 -20 -21 22 51 35 -25 41 -27 27 28 -30 52 -32 39 34 -35 -36 36 37 38 -40 40 -42 -43 43 -45 45 59 47 -49 -50 50 -52 -53 -54 54 55 -57 -58 58 -60 60 -62 -63
leaf_value=-0.0017036077535966738 0.0085287511536245638 -0.0037327986237540344 -0.033665484808301276 -0.029247521388661348 -0.017296903624982131 0.0023660854616161346 -0.042820107948822572 0.0099412919050717238 -0.019693845942630992 -0.0077007514639405531 -0.016822579892076406 0.015801862126291002 0.019267411351236937 0.0091891494622771599 -0.016804556670431681 -0.015274376768821683 -0.011543634287257867 0.024108748951537196 -0.0091930356271842303 0.046098425977527231 0.12926618845923885 0.057931463380689698 0.0052296935983004757 0.016010313007697397 0.065717433056572683 -0.00076925294793971685 -0.015135771886621067 0.0092722928120254466 0.0020361056269128474 0 0.026414386886368726 0.014601025371510963 0.015512808361630916 -0.013465578882004293 0.039416637879491338 -0.012637099376372446 0.094381674098640927 -0.022150652211495116 0.052695916606358174 0.056471448373715351 0.014602774885232287 0.014074280824391173 0.0010246722121780292 -0.014169106014558404 -0.012292256049899657 -0.0096709084430141035 -0.014519293737880502 0.01946661901621943 0.0078276740336286083 -0.027811891243758949 0.011551359974228089 -0.0024739902656015968 0.1029750153018647 0.0075997435834330197 0.0016366315087862572 0.010855787777342264 0.034947540417491478 0.09210059707735628 -0.0036824273837203301 0.01791921263797408 -0.015515471640616866 -0.012889044368964975
leaf_weight=177.71295215934515 159.58889055624604 280.01519264653325 1478.7036635326222 767.17310110107064 512.64303161203861 311.76089064776897 2387.4081794451922 946.98009141534567 32.380734391510487 1578.3177888859063 957.15964550711215 5071.3724518567324 82.297954056411982 8496.6665474884212 167.06277528591454 65.678175404667854 598.77349914424121 715.94696009159088 37.158176824450493 67.228370100259781 5.6692577600479108 5.7545653991401187 143.72382785193622 5.0102981235831976 19.112628253176808 66.326849430799484 84.302270105108619 983.3135202974081 2682.5086726918817 3.9493115488439789 45.208355858922005 623.26121054217219 89.865682706236839 38.743931412696838 161.73418135941029 11.013899169862269 9.0116382874548453 6.4440916739404228 15.363809861242769 21.391940750181675 39.547917626798153 16.508574288338423 488.0140236672014 229.797443555668 89.440985091030598 54.824763923883438 63.858618468046188 42.357722446322441 101.82865446433425 749.83092586509883 15.110051430761812 791.70308411680162 3.7684074621647596 196.3824452906847 25.478994444012642 143.52157744765282 132.81161819398403 6.0716349910944727 16.079691655933857 193.02860323339701 24.998956188559532 23.428275838494301
leaf_count=5845 3266 3447 98161 42099 18085 1862 186912 9409 360 35492 39559 21670 1282 55671 4538 337 19084 2939 156 277 128 127 3413 117 322 270 1622 13942 34699 120 730 3524 368 158 668 184 158 102 251 99 178 438 10841 4431 499 257 368 204 1364 41118 867 17843 96 842 109 581 535 104 268 902 121 108
internal_value=-0.000312858 0.0078501 -0.0296252 -0.0161534 0.000185565 0.0118752 -0.0372919 0.00212333 0.0151386 -0.00228463 -0.0223548 0.0164159 -0.00441787 0.00877627 -0.010332 0.00805859 -0.0067761 0.0170643 0.0208821 0.0215679 0.00355991 0.00125765 0.0151739 0.0772376 0.0146859 0.020512 0.00483762 0.00354728 0.00397869 -0.0107399 0.00398558 0.00933194 0.0214535 0.0195486 0.0309082 0.0115352 0.0330154 0.0494799 0.0303509 0.0101369 0.0294504 0.0420299 -0.00628988 -0.00383374 0.0090745 0.00289305 0.0123353 -0.000913553 -0.00636943 -0.0314055 -0.0270264 -0.00202462 0.050328 0.0206072 0.0155614 0.020721 0.0296217 -0.00727627 0.0226427 0.00749665 0.0114178 0.0145572
internal_weight=33362.1 26095 7267.1 2636.04 8985.82 17109.2 4631.05 7588.31 8332.53 2891.2 1724.33 7058.33 911.71 8776.68 1397.52 1274.2 829.413 6746.57 1675.2 1638.04 1188.9 992.668 196.237 10.6796 195.21 1570.81 4697.1 3750.12 3665.82 606.491 222.921 1208.52 1504.49 1252.89 251.6 185.557 41.8334 30.8195 21.8079 1176.14 60.9399 35.6212 884.874 717.811 1115.2 385.722 729.478 106.216 1702.3 2243.64 764.941 797.458 7.71772 1214.14 498.195 301.812 158.291 1600.47 22.1513 296.281 241.456 216.457
internal_count=693527 257654 435873 108815 161144 96510 327058 123249 37392 63577 81658 30435 27157 59118 37895 6957 25875 28573 6903 6747 26349 21996 4353 245 4026 6470 59672 50263 48641 19300 6575 6620 6200 5164 1036 4108 695 511 353 6260 277 760 19810 15272 5983 1887 4096 572 37228 140146 41985 17970 216 5006 2067 1225 644 35864 372 1388 1131 1010
is_linear=0
shrinkage=0.05


Tree=35
num_leaves=63
num_cat=0
split_feature=5 2 4 4 8 4 2 1 8 2 1 2 1 2 2 1 8 2 4 4 5 7 1 5 1 5 2 5 5 2 1 0 1 5 5 4 4 1 4 4 4 1 4 0 4 8 5 2 0 1 1 5 2 5 1 5 2 0 1 1 1 2
split_gain=2951.73 366.823 234.672 83.1099 80.2385 60.5666 53.0768 32.7077 32.7069 23.9834 22.7761 28.8878 25.4659 22.15 21.8744 28.6622 21.6527 20.6913 19.8445 16.1121 15.5988 14.8044 13.1386 12.8962 12.694 12.6693 20.193 19.1413 12.4298 12.8888 16.9167 11.8482 13.5556 12.0402 11.8272 11.7776 10.9452 10.4893 10.3997 9.65055 9.26036 9.18192 9.14536 10.6137 10.1667 8.66657 11.076 8.6329 8.5931 8.53348 10.4699 13.5544 11.2629 8.49708 8.36762 8.30603 10.32 8.39643 8.12215 8.09459 7.90007 7.64016
threshold=3.5000000000000004 10241.440000000001 336.50000000000006 8.5000000000000018 4.5000000000000009 2.5000000000000004 2492.2050000000004 23.500000000000004 2.5000000000000004 9337.0800000000017 76.500000000000014 5861.3050000000012 19.500000000000004 55344.990000000013 2716.0150000000003 30.500000000000004 4.5000000000000009 11687.245000000001 2.5000000000000004 1.0000000180025095e-35 36.500000000000007 3.5000000000000004 41.500000000000007 13.500000000000002 55.500000000000007 43.500000000000007 9079.6700000000019 66.500000000000014 533.00000000000011 46167.575000000004 66.500000000000014 1.0000000180025095e-35 24.500000000000004 7.5000000000000009 15.500000000000002 7.5000000000000009 59.500000000000007 3.5000000000000004 40.500000000000007 16.500000000000004 56.500000000000007 8.5000000000000018 90.500000000000014 17.500000000000004 78.500000000000014 2.5000000000000004 5.5000000000000009 50481.130000000012 73.500000000000014 28.500000000000004 22.500000000000004 27.500000000000004 18417.425000000007 52.500000000000007 7.5000000000000009 41.500000000000007 34240.595000000008 3.5000000000000004 54.500000000000007 2.5000000000000004 3.5000000000000004 7242.4750000000013
decision_type=2 2 2 2 2 2 2 2 2 2 2 2 2 2 2 2 2 2 2 2 2 2 2 2 2 2 2 2 2 2 2 2 2 2 2 2 2 2 2 2 2 2 2 2 2 2 2 2 2 2 2 2 2 2 2 2 2 2 2 2 2 2
left_child=2 4 3 17 8 13 21 -8 10 -9 11 12 41 49 18 42 24 37 23 -6 -15 -5 -21 60 40 -24 -27 -28 29 30 35 33 61 -13 -35 53 59 -1 -14 -32 -7 -2 43 54 -45 -26 -47 -31 -38 50 51 -3 -52 55 -16 56 57 -18 -55 -23 -10 -33
right_child=1 5 -4 6 19 16 7 9 14 -11 -12 31 38 20 15 -17 28 -19 -20 22 -22 36 25 -25 45 26 27 -29 -30 47 39 32 -34 34 -36 -37 48 -39 -40 -41 -42 -43 -44 44 -46 46 -48 -49 -50 -51 52 -53 -54 58 -56 -57 -58 -59 -60 -61 -62 -63
leaf_value=0.010624877386898587 0.019534722657444072 0.025409460750724783 -0.041382345429586319 -0.033603569870527435 0.010309372723513992 0.0094815135653903825 -0.00020712474231307415 -0.026244716381765721 0.037577578995863274 0.002996246591792347 -0.016947840099444788 0.049608016260202434 -0.0061980291982714868 0.0024373075845111826 0.048563838969024074 -0.0098407026422654559 0.029861811134633921 0.046726956864838846 -0.017511283950534157 0.0081297180735296713 0.017816822570253275 0.031171067316203921 -0.0033322521784941426 0.033618635718134046 0.0032519609338264978 0.0015782628099618294 0.050067360637060888 0.0070774289778540644 -0.017777339617789406 0.024184097908789618 0.0069049742154979228 0.0061215001531860127 0.001607715525050886 0.00014035783037308816 0.024449752049230174 0.00771386928997692 -0.032598505657007802 -0.0096235624660085117 -0.031119508402140502 -0.0061062921755733086 -0.0080342830139151066 0.0027243284230705563 -0.020033626847634069 0.012842001554480975 0.063272143841920842 0.022435608249233324 -0.0087743485053844248 0.012358812059847159 -0.015789931487207663 0.011807374720528726 0.021983044400677589 -0.024520058631971528 0.063078996952050451 -0.015888568659202924 -0.00010025327082350444 0.041135003949615251 -0.005783820920780885 0.013966189993290513 0.018693497309691189 -0.021619763789662121 -0.0073787012565011897 0.036626701725071459
leaf_weight=72.309195505455136 105.37829846329987 42.408999219536781 2786.1733162859455 1090.8261524308473 1014.4807306416333 1042.4508639033884 270.14424358308315 443.30713407322764 10.204523071646689 82.917716048657894 210.16315610148013 25.327031124383211 1330.855252051726 174.27989733219147 8.9366753753274661 1089.9235755447298 171.94950050115585 18.198084892705083 869.1650051753968 764.82630772329867 3335.0208194628358 7.1838405244052401 982.75544786453247 24.370199587196112 1128.4330727178603 479.75329160317779 45.736846271902323 60.337945006787777 40.259481623768806 172.34492534399033 2334.7306227833033 37.850959710776806 657.22033529356122 95.369046965613961 106.13677501678467 395.27281311154366 556.88319010846317 536.2132229283452 43.248976211063564 151.29221211373806 80.960663959383965 357.9738440066576 37.437770020216703 150.29503028094769 10.69056743942201 31.162605656310916 306.58515574038029 1575.8196236565709 89.836271381005645 6112.8545647040009 45.070407625287771 19.808174505829811 27.100831374526024 31.053378731012344 384.27651894837618 50.297461546957493 36.438129559159279 164.58981577679515 37.103464104235172 639.15946228988469 180.70286082476377 46.063163904473186
leaf_count=2147 1746 320 222644 71501 8822 10144 10800 20971 138 2901 3996 399 30168 987 104 26280 1166 305 31341 9776 13809 330 13607 360 10795 4767 379 442 187 858 15397 438 9310 1230 1077 2654 31686 18036 1243 1154 1230 7559 1009 3160 257 714 4021 7148 5126 34308 299 99 158 159 7334 265 192 1109 190 30853 3685 489
internal_value=-0.000400786 0.00701303 -0.0303535 -0.0222797 -0.00111186 0.0112502 -0.0255597 -0.0143688 -0.00467925 -0.021628 -0.00107559 0.000112227 -0.00356849 0.0138721 -0.00860609 -0.00503026 0.00794893 -0.00562664 -0.0141453 0.00504727 0.0170546 -0.0292952 0.00275702 -0.000530308 0.00421443 0.000133799 0.00595638 0.0256904 0.00982162 0.0100399 0.00822971 0.007104 0.00403368 0.0171075 0.0129751 0.0141631 -0.0256545 -0.00720793 -0.00698826 0.00611092 0.00821415 0.00656163 0.00382335 0.00544731 0.0162592 0.00114601 -0.00587415 0.0135288 -0.0302741 0.0120833 0.0245803 0.00941925 0.03755 0.0193376 0.0010051 0.0219771 0.0193699 0.0221091 0.00286389 -0.0210205 -0.00493107 0.02295
internal_weight=33229.9 26636.8 6593.15 3806.98 9129.48 17507.3 3180.26 796.369 5781.59 526.225 3015.59 2805.42 1837.46 9756.54 2766 1681.56 7750.74 626.721 1084.44 3347.89 3509.3 2383.89 2333.41 215.278 2589.59 1568.58 585.828 106.075 5161.15 5120.89 3372.73 967.967 741.134 226.833 201.506 886.705 1293.06 608.522 1374.1 2486.02 1123.41 463.352 591.637 554.199 160.986 1466.18 337.748 1748.16 646.719 6247.24 134.388 62.2172 72.1712 491.432 393.213 423.275 372.977 336.539 68.1568 646.343 190.907 83.9141
internal_count=693779 276479 417300 194656 169116 107363 174168 34672 131323 23872 57655 53659 40716 49980 73668 38144 57383 20488 35524 37793 14796 139496 28971 4183 26904 19195 5588 821 30479 30292 22286 12943 10237 2706 2307 5735 67995 20183 31411 16551 11374 9305 11864 10855 3417 15530 4735 8006 36812 35184 876 419 457 3081 7438 2732 2467 2275 349 31183 3823 927
is_linear=0
shrinkage=0.05


Tree=36
num_leaves=63
num_cat=0
split_feature=6 6 4 6 4 4 4 6 4 0 4 5 6 5 3 6 5 3 3 0 5 5 1 3 1 0 1 3 6 6 5 1 1 5 1 3 4 1 5 1 4 1 1 3 0 3 8 3 4 5 1 5 6 3 3 4 1 1 3 6 1 5
split_gain=2759.42 388.194 167.914 84.4611 71.5677 71.3856 27.8954 26.8854 25.4674 18.1038 15.4749 14.137 13.7775 13.3406 12.6285 12.4287 11.3371 10.8235 16.3375 10.2203 16.6732 11.0793 10.0886 12.3156 12.584 10.4085 12.3568 11.3487 10.3586 13.4288 10.0182 10.3564 16.7109 9.80902 9.76471 11.4837 9.86058 9.54098 9.41459 13.1705 16.9863 8.89435 8.68868 25.3324 16.8367 8.6747 8.58823 8.54428 8.45045 8.3368 8.1253 8.02993 9.702 14.2703 11.3602 10.0911 8.28519 7.84703 23.8133 15.3682 22.0569 10.7076
threshold=220.04000000000005 1955.8800000000003 336.50000000000006 7439.2750000000005 9.5000000000000018 12.500000000000002 1.0000000180025095e-35 588.29000000000008 9.5000000000000018 1.5000000000000002 56.500000000000007 16.500000000000004 47875.92500000001 33.500000000000007 8.5000000000000018 73.925000000000026 90.500000000000014 75.500000000000014 83.500000000000014 1.5000000000000002 75.500000000000014 80.500000000000014 43.500000000000007 97.500000000000014 14.500000000000002 2.5000000000000004 37.500000000000007 245.50000000000003 553.67500000000007 238.01000000000002 242.50000000000003 142.50000000000003 74.500000000000014 1.5000000000000002 48.500000000000007 187.50000000000003 115.50000000000001 103.50000000000001 248.50000000000003 172.50000000000003 4.5000000000000009 92.500000000000014 25.500000000000004 147.50000000000003 14.500000000000002 466.50000000000006 1.0000000180025095e-35 90.500000000000014 35.500000000000007 110.50000000000001 92.500000000000014 7.5000000000000009 1178.9400000000003 109.50000000000001 209.50000000000003 3.5000000000000004 52.500000000000007 170.50000000000003 724.50000000000011 10349.92 108.50000000000001 114.50000000000001
decision_type=2 2 2 2 2 2 2 2 2 2 2 2 2 2 2 2 2 2 2 2 2 2 2 2 2 2 2 2 2 2 2 2 2 2 2 2 2 2 2 2 2 2 2 2 2 2 2 2 2 2 2 2 2 2 2 2 2 2 2 2 2 2
left_child=2 4 5 8 13 9 12 10 30 14 42 17 -5 22 -1 -16 50 -8 -19 20 -15 -21 23 47 -25 26 -26 -28 29 -24 -3 32 -32 -7 36 -36 -9 -34 48 -40 -41 -37 43 -6 -45 -31 -4 -2 57 -22 -14 52 53 56 -55 -56 -30 58 -13 60 -60 -59
right_child=1 3 46 6 7 33 11 34 -10 -11 -12 38 16 19 15 -17 -18 18 -20 21 49 -23 28 24 25 -27 27 -29 51 45 31 -33 37 -35 35 41 -38 -39 39 40 -42 -43 -44 44 -46 -47 -48 -49 -50 -51 -52 -53 -54 54 55 -57 -58 61 59 -61 -62 -63
leaf_value=0.023069688830194033 0.0010044808140193767 0.0073059489066434231 -0.046354450594002172 0.01394669242318481 -0.0071442495172717307 -0.030299354161581388 -0.01453733172507215 -0.0021962802413511987 0.0014157081683019341 -0.017214298463843748 -0.022412547948312322 0.011197341269408809 0.01897050160856667 0.02156004929790915 -0.021166747197729933 0.0020809004551502796 0.022450408236213956 0.059381258134485276 0.0024909233261634022 -0.0088219376289004076 -0.020384489509973385 0.036784835211422118 0.055115343208250046 0.070553783588293228 0.0061296185260602022 -0.0016437805181242996 0.034651357197712271 -0.031242057974175771 0.069399344701633822 -0.020175447177313104 -0.008170425950284577 0.0024631893018243292 0.080378621888499369 -0.023598478827670799 -0.016999177201881776 0.00067879530422995606 -0.023195667063751514 0.032690052503285404 -0.0033974525601738383 0.016406166797367974 -0.01746111985818859 -0.016337937360464481 -0.015274634616205849 0.16031879553860451 0.0053670617447637639 0.038202075834516486 -0.039477981898181316 -0.017244236360675895 -0.0044519609860903279 0.017902351007710766 -0.0039735795524711631 -0.0031380622747812382 0.036709160803640131 -0.025166446041736148 0.056938526080626328 -0.014854802774921211 -0.0091038440335179122 -0.00094888531939571182 0.049893680775618898 0.024285301345797289 -0.0094696652753648927 0.011290558575845613
leaf_weight=46.894461958669126 1365.2749122399837 6083.5737629458308 602.59170898795128 3321.2835269346833 399.56885382533073 1564.8135914355516 90.175851877778769 1311.7307079993188 2318.8720025271177 361.95491197239608 434.63724558893591 5106.222228884697 78.752273716032505 214.93304682895541 82.573220230638981 187.70900874957442 950.49324633181095 13.395744930952786 199.17212240025401 100.38407153636217 42.341678366065025 15.233775243163107 6.4380064457654944 8.3620519880205375 144.93482662364841 146.49918500892818 85.100503573194146 6.92080258950591 10.538092613220213 157.62243989296257 15.64560806751251 37.192203216254711 17.602042853832245 857.73053120449185 338.27698563970625 264.09497217275202 58.369421765208244 27.795596361160278 262.53081650286913 270.56223799288273 42.668865010142326 107.8748892173171 512.44015797972679 3.6759786233305922 3.4147587064653635 6.4844868034124366 2060.3817483652383 67.200343122705817 81.208200059831142 21.172875106334686 74.94441232085228 952.92339779436588 27.915906086564064 38.243954725563526 9.8600132465362567 9.3967290818691236 4.7279924117028704 273.47984775900841 19.559313915669918 577.97495152801275 76.406110800802708 511.51423691213131
leaf_count=1253 26222 49808 51406 14792 14895 103542 948 32957 26751 15330 19678 25268 345 2259 3137 5344 3900 114 1654 1450 396 204 184 154 2605 3131 1566 110 224 3988 101 234 126 45066 7530 5428 2052 183 1206 1132 199 2120 17620 127 119 129 170603 1370 658 193 319 15458 406 809 175 200 102 1290 105 2508 420 2176
internal_value=-0.000388949 0.00624226 -0.031825 0.00969791 -0.00403413 -0.0239127 0.0124083 -0.00914127 0.00588687 -0.0095733 -0.0146277 0.0105534 0.015561 0.00105917 -0.000835119 -0.00500814 0.0204103 -1.52029e-05 0.00612582 0.00971519 0.0149052 -0.002743 -5.84158e-05 0.0022961 0.0101502 0.00880186 0.015279 0.0296128 -0.00357121 -0.0150033 0.0075632 0.0234197 0.0360813 -0.02793 -0.00556816 -0.0103286 -0.00309618 0.0514263 0.0109971 0.00484745 0.0117727 -0.00424585 -0.0109388 -0.0054605 0.0875048 -0.0178164 -0.0410376 0.000143762 0.011529 -0.00753471 0.00775486 -0.00171474 0.0116966 0.00199513 -0.00935656 0.0217514 0.0448601 0.0117275 0.0123658 0.0212081 0.00261684 0.00702058
internal_weight=33092.3 27327.6 5764.65 20451 6876.59 3101.68 11950.3 3434.08 8500.68 679.132 1353.74 7524.87 4425.47 3442.51 317.177 270.282 1104.19 302.744 212.568 394.065 278.448 115.618 3048.44 1824.29 391.817 383.455 236.956 92.0213 1224.15 170.545 6181.81 98.2355 61.0432 2422.54 2080.35 710.247 1370.1 45.3976 7222.13 575.762 313.231 371.97 919.1 406.66 7.09074 164.107 2662.97 1432.48 6646.36 63.5146 153.697 1053.61 100.683 72.7668 57.5007 19.2567 15.2661 6565.16 5780.16 673.94 95.9654 784.994
internal_count=693779 298098 395681 134237 163861 173672 57034 102526 77203 25064 52439 37678 19356 61335 9734 8481 4564 2716 1768 4502 2848 1654 56833 35158 7566 7412 4281 1676 21675 4301 50452 644 410 148608 50087 15078 35009 309 34962 2537 1331 7548 32761 15141 246 4117 222009 27592 32425 589 664 17374 1916 1510 1184 375 326 31767 28301 3033 525 3466
is_linear=0
shrinkage=0.05


Tree=37
num_leaves=63
num_cat=0
split_feature=4 2 2 4 2 4 7 4 4 0 2 1 8 8 4 1 1 8 1 3 3 4 0 1 1 3 1 1 3 8 3 1 3 8 1 2 3 3 2 1 1 3 0 1 2 3 4 3 2 3 3 3 4 3 1 1 1 2 2 1 3 8
split_gain=2398.1 469.386 177.871 107.618 65.7481 51.6713 40.4308 26.3963 25.6918 23.8526 19.1664 26.4618 16.0448 16.8273 14.9771 14.9537 13.3181 12.7216 18.3135 13.573 12.5149 21.4809 13.8839 12.4427 12.2898 11.4659 15.6555 11.9405 11.2242 10.9396 10.5605 10.1222 12.4495 11.6724 9.9987 10.6736 9.93406 9.91741 9.28595 17.3027 8.96891 10.5662 9.13224 8.94946 10.9535 10.697 9.64145 8.90547 8.79854 8.74722 8.64591 8.57957 8.49539 14.0297 9.41763 8.48949 8.28741 8.2414 8.20483 11.5353 9.24525 7.953
threshold=58.500000000000007 7242.4750000000013 2655.3200000000002 6.5000000000000009 27136.745000000006 623.50000000000011 3.5000000000000004 1.5000000000000002 6.5000000000000009 1.5000000000000002 2544.6300000000006 33.500000000000007 4.5000000000000009 2.5000000000000004 90.500000000000014 149.50000000000003 25.500000000000004 4.5000000000000009 42.500000000000007 157.50000000000003 224.50000000000003 15.500000000000002 1.5000000000000002 44.500000000000007 61.500000000000007 485.50000000000006 135.50000000000003 118.50000000000001 25.500000000000004 4.5000000000000009 432.50000000000006 14.500000000000002 121.50000000000001 4.5000000000000009 147.50000000000003 15673.650000000001 167.50000000000003 703.50000000000011 3087.6500000000001 45.500000000000007 29.500000000000004 157.50000000000003 39.500000000000007 56.500000000000007 22017.785000000003 485.50000000000006 4.5000000000000009 54.500000000000007 6341.6350000000011 666.50000000000011 335.50000000000006 267.50000000000006 10.500000000000002 40.500000000000007 17.500000000000004 24.500000000000004 32.500000000000007 7652.3150000000014 136133.35500000001 286.50000000000006 215.50000000000003 2.5000000000000004
decision_type=2 2 2 2 2 2 2 2 2 2 2 2 2 2 2 2 2 2 2 2 2 2 2 2 2 2 2 2 2 2 2 2 2 2 2 2 2 2 2 2 2 2 2 2 2 2 2 2 2 2 2 2 2 2 2 2 2 2 2 2 2 2
left_child=1 3 5 9 8 -2 -5 58 17 31 12 20 13 51 -4 23 -16 18 19 55 22 -22 -12 61 43 26 -26 37 48 -11 34 32 -1 38 50 -36 -21 49 -33 -40 41 -15 -42 45 46 57 -45 52 -24 -27 -28 -8 -14 54 -54 -3 -38 -19 59 -6 -60 -10
right_child=2 4 14 6 7 -7 10 -9 15 29 11 -13 47 40 16 -17 -18 24 -20 36 21 -23 28 -25 25 27 30 -29 -30 -31 -32 33 -34 -35 35 -37 56 -39 39 -41 42 -43 -44 44 -46 -47 -48 -49 -50 -51 -52 -53 53 -55 -56 -57 -58 -59 60 -61 -62 -63
leaf_value=0.0097411268492361078 -0.030781708478270733 0.020917783888713005 -0.0042697292963244709 -0.030635444413146765 0.014017053065236996 -0.041903544621703578 -0.0062155270321019689 0.009627697848902321 0.013475536448527975 -0.0073550015274268929 -0.017053530899641518 -0.010802070672218035 0.0015872572167547633 -0.016215601280256661 -0.0065885064941472492 -0.022486102747288208 -0.023975620882271224 -0.0082281127777536541 0.00031509900076462502 0.076685255598528956 0.12748430676807451 -0.00026599701320576105 0.017726488372919402 0.0015258460896320431 0.0055114717863556581 0.017621460427794441 0.018913523132770803 0.0090147420885882852 0.00050501060754936516 0.001478423772847859 0.0039771481253053588 -0.0071273106842610172 0.081059207554505644 0.0059064183570956127 0.044375253492037317 -0.0049906351759886041 0.05240331223097814 0.033347933713330336 0.010000238399481267 -0.0082824436696566171 -0.028388310156167763 0.030516763210712616 0.040243008062089067 0.013984358245613938 0.050002981700574906 -0.027908095968096125 0.044349507043447249 -0.0056903522624709209 0.088655605674321347 -0.016293899412261951 0.055735177985334186 0.064947072278704068 0.060045403480691241 0.11411009398941735 -0.031050080102994121 0.0039066787322587729 0.011710710045945436 0.0134061035324373 -0.0041118203194347031 -0.012381871814095939 0.019496101037541572 0.004185850130243229
leaf_weight=432.97598549164832 2112.1574508212507 103.16411327011883 397.13160144351423 239.68070132751018 4084.9415163211524 2081.1760857757181 355.52889518067241 4720.2144402861595 418.32409089803696 948.69651338271797 106.42764196917415 1306.1551720034331 16.378047117963433 904.10049553308636 177.29646543692797 56.313532432541251 295.14255657698959 45.792629290372133 962.09625118412077 10.953317716717718 5.1446398422121993 8.6223654802888614 48.709759041666985 2356.3764854986221 2659.7337053827941 216.0457944907248 26.402146998792887 763.97880029305816 662.92000597529113 554.45870124921203 61.894112624228001 426.27051822654903 6.1309564318507901 1108.7598022408783 16.530916318297386 31.584763422608376 18.383599799126387 102.42278099060059 325.9389914162457 214.26682839542627 216.50534754060209 12.097594850696622 4.814309073612093 186.11148719489574 31.455752737820148 16.5600291416049 30.629066530615091 49.001140693202615 4.7746989820152512 20.614409632980824 42.775348365306854 4.1762595176696768 6.1102014202624577 5.9016786068677893 5.0622603818774223 256.99751472845674 40.450387086719275 954.99600646644831 42.734574422240257 41.530260130763054 1079.0627687815577 517.80539203621447
leaf_count=7484 140617 993 11611 14581 18198 184044 11414 25218 4187 23525 2598 32528 324 39889 8369 631 14694 359 10283 100 96 194 1096 26793 18132 1397 168 4570 15973 7591 424 9743 88 11572 125 187 174 604 5029 3951 9420 475 202 1237 157 94 230 1043 73 128 276 120 138 134 121 2460 377 5839 188 177 4487 6849
internal_value=-0.000377157 0.00536837 -0.0320354 -0.00487777 0.0094737 -0.0363036 -0.0107248 0.0123442 0.00659684 0.00088752 -0.00944065 -0.00635527 -0.013622 -0.0148057 -0.0114451 0.00302738 -0.017464 0.00840726 0.00415455 0.0127324 0.000581863 0.047688 -0.000205904 0.00346594 0.00954301 0.00816323 0.00647827 0.0124943 0.002292 -0.00409347 0.0207898 0.00386735 0.0107665 0.00240467 0.0296081 0.011923 0.0329259 0.0203141 -0.00160762 0.00273916 -0.0177882 -0.0155898 -0.0268553 0.0138359 0.0223715 0.0117466 0.018317 0.00780356 0.0243055 0.0146405 0.0418017 -0.0053576 0.0276767 0.0522563 0.018417 0.00879764 0.0245779 0.0124105 0.0147861 0.0137499 0.018592 0.00834343
internal_weight=32959.4 27896.5 5062.9 7979.61 19916.9 4193.33 3962.11 9968.48 9948.39 4017.5 3722.43 2142.75 1579.68 1497.22 869.571 3348.82 472.439 6599.57 1392.05 429.949 836.599 13.767 822.832 3292.51 5207.53 3941.98 2838.92 1103.06 716.404 1503.16 179.187 2514.34 439.107 2075.24 117.293 48.1157 69.7873 339.083 966.476 540.206 1137.52 916.198 221.32 1265.54 248.196 1017.35 216.741 82.4533 53.4845 236.66 69.1775 359.705 33.4522 17.0741 11.1725 360.162 58.834 1000.79 5248.27 4126.47 1121.8 936.129
internal_count=693779 334444 359335 199402 135042 324661 130419 48268 86774 68983 115838 52558 63280 61520 34674 38460 23063 48314 14387 4104 20030 290 19740 37829 33927 26011 19312 6699 17142 31116 1180 37867 7572 30295 756 312 651 2129 18723 8980 49986 40364 9622 7916 1624 6292 1467 1760 1169 1525 444 11534 717 393 259 3453 551 6198 23050 18375 4675 11036
is_linear=0
shrinkage=0.05


Tree=38
num_leaves=63
num_cat=0
split_feature=6 2 4 4 4 4 2 6 0 2 1 4 6 3 0 1 1 3 2 6 1 3 3 4 6 3 6 3 3 3 2 2 4 0 4 0 6 3 6 1 3 2 6 2 3 1 3 4 6 6 1 2 6 3 6 3 1 3 3 1 1 2
split_gain=2385.7 320.317 164.984 83.9451 65.046 45.9566 30.9012 26.5852 26.5291 21.4127 24.9536 17.8874 17.4655 16.8282 15.8351 15.0984 15.0335 16.4448 13.0837 12.9008 16.1894 11.4768 22.5202 10.8538 10.8109 10.7696 11.9094 10.9912 27.6448 10.3589 10.0224 9.73432 9.59904 9.56765 8.93692 12.8011 10.6096 11.4664 8.8942 11.2648 12.8603 8.89908 8.80037 9.88016 8.67784 8.24678 13.3975 12.2315 18.0028 11.6168 14.362 12.5572 9.54731 8.49561 8.16078 8.10945 8.04019 15.8868 8.34334 11.9829 8.59237 8.02451
threshold=220.04000000000005 10241.440000000001 336.50000000000006 15.500000000000002 12.500000000000002 2.5000000000000004 2716.0150000000003 21369.865000000002 1.0000000180025095e-35 2441.5550000000007 23.500000000000004 56.500000000000007 7722.3900000000003 38.500000000000007 1.5000000000000002 37.500000000000007 30.500000000000004 212.50000000000003 7242.4750000000013 708.94500000000005 35.500000000000007 227.50000000000003 135.50000000000003 23.500000000000004 1061.5100000000002 8.5000000000000018 37.020000000000003 254.50000000000003 355.50000000000006 278.50000000000006 15080.935000000001 22017.785000000003 76.500000000000014 23.500000000000004 93.500000000000014 17.500000000000004 654.24000000000012 173.50000000000003 2434.4100000000003 14.500000000000002 20.500000000000004 7242.4750000000013 1817.5700000000004 2030.5500000000002 127.50000000000001 137.50000000000003 282.50000000000006 4.5000000000000009 11949.950000000003 13942.755000000003 53.500000000000007 27136.745000000006 47875.92500000001 65.500000000000014 6669.4150000000009 286.50000000000006 82.500000000000014 153.50000000000003 181.50000000000003 89.500000000000014 96.500000000000014 17649.240000000002
decision_type=2 2 2 2 2 2 2 2 2 2 2 2 2 2 2 2 2 2 2 2 2 2 2 2 2 2 2 2 2 2 2 2 2 2 2 2 2 2 2 2 2 2 2 2 2 2 2 2 2 2 2 2 2 2 2 2 2 2 2 2 2 2
left_child=2 3 4 8 14 7 11 13 38 -6 -11 33 16 -3 25 34 17 23 -17 -10 44 22 -15 -7 -18 -1 -27 -28 -29 31 -14 54 -20 -5 35 36 37 -8 39 40 -2 -41 43 -22 -21 46 49 48 -47 50 53 -51 -53 -32 -23 -48 57 -24 60 -60 61 -58
right_child=1 5 -4 6 9 12 15 -9 19 10 -12 -13 30 21 -16 18 24 -19 32 20 42 29 56 -25 -26 26 27 28 -30 -31 45 -33 -34 -35 -36 -37 -38 -39 -40 41 -42 -43 -44 -45 -46 47 55 -49 -50 51 -52 52 -54 -55 -56 -57 58 -59 59 -61 -62 -63
leaf_value=0.020862382806784222 0.0018663285519964264 0.052481667854412356 -0.040207335201398096 -0.014581398285511075 -0.028941747861649571 0.025020999350988282 -0.021571596255519618 0.015238928369411032 -0.0060043199902426415 0.0049899567850719929 -0.023416044996362156 -0.024347677774405801 -0.0031161570870149404 0.0056654886954491807 -0.016259687849816299 -0.01343082366105372 -0.0091136849454525343 0.082494184888928249 0.00024117141153426097 0.0038827964464924016 0.022400556785900329 0.0033313835829557174 0.029145086128493775 0.0012518673362175545 0.0040731119880766204 -0.031596922153153177 -0.0028061032597150016 0.12723664898227396 -0.049545361530822146 0.009332352828867246 -0.0029802992839996745 0.0093066491230573978 -0.03367320995236301 -0.0018281786341570322 -0.014392197040647767 0.0079837561101764251 -0.00032359204931555201 0.059935165543219926 0.0096094039193056688 -0.00031795174906326971 0.028607076878020495 0.011438969891866225 0.00058255199501686073 -0.0070673168538307428 0.018000811093059791 -0.010922200413423835 0.041697304308212939 0.00012485194572349741 0.016527854383438491 -0.012384479172992194 0.0061874669364762299 0.0085060087825893065 -0.006936804929742882 0.023590837178532057 -0.012769964152529945 0.013318844924460067 0.020136924354491548 0.01156944998409115 0.049297786142537339 0.022102800561632496 0.038726553178913548 -0.022203966307875168
leaf_weight=48.255312748253345 92.779817255213857 23.046656884253025 2461.7556062685326 482.15737738274038 1890.169660128653 106.50903008319438 102.10090551525354 3713.4372698292136 944.83547729998827 102.6872591227293 309.11515253037214 367.36060752253979 164.7588328383863 606.30793474242091 352.44184427428991 648.82736551761627 162.85690491180867 9.203487850725649 357.26489350013435 1041.8480428308249 29.330041900277138 179.78722381591797 163.77849048003554 88.265056271106005 3275.8599209934473 35.746894296258688 224.24680468440056 5.1900426838546974 3.6765770502388477 3912.3031911887228 33.730263520032167 262.36641652882099 22.041091196238995 212.99403673037887 103.10855255648494 387.0033528842032 394.13711369782686 4.3808579687029114 922.91253778338432 1021.0483988560736 87.953571004793048 190.81475369073451 1307.1413097567856 795.28430052101612 121.79395249113441 72.184477016329765 25.66965526342392 514.46345988661051 339.31844635307789 113.91933247074485 460.2001680508256 530.11151839420199 122.93690538778901 253.75573457032442 139.36160986870527 1629.5035966932774 21.234769366681576 609.23335283994675 60.701364781707525 126.30925273150206 18.097397606819868 23.385658085346222
leaf_count=1253 1192 164 222009 16705 125397 1087 3675 15426 25322 5687 17524 17016 1179 3827 15330 17678 3977 101 6181 15391 475 1446 1012 1368 30270 1460 6776 144 101 20988 271 1332 630 7404 3540 8461 7954 144 7001 16200 1191 2704 13865 14385 1663 385 133 2470 1429 725 2592 2873 685 1638 696 8023 147 3744 365 734 109 125
internal_value=-0.000365392 0.00563627 -0.0306319 -0.00170278 -0.0226963 0.00961835 -0.00850952 0.0118961 0.00149589 -0.026687 -0.0163211 -0.0154133 0.00677611 0.00987526 -0.00896672 -0.00487305 0.00423131 0.0174226 -0.00911758 -0.000853537 0.000621883 0.00971322 0.0133142 0.0142815 0.00344689 -0.000842989 -0.00476359 -0.000615594 0.0536407 0.00840646 0.00895055 0.00216816 -0.00172474 -0.0106818 -0.00046275 0.00115114 -0.00412137 -0.0181183 0.00580024 0.0032717 0.0149159 0.00152991 -0.00196563 -0.00601055 0.00536619 0.00943724 0.0106515 0.00527457 0.011699 0.00724564 0.0116824 0.00291295 0.00559061 0.020456 -0.00368567 0.0137645 0.0178426 0.015303 0.0256746 0.0309783 0.00975622 -0.00194225
internal_weight=32833 27399.7 5433.29 9637.12 2971.53 17762.6 3081.38 9859.35 6555.74 2301.97 411.802 1062.51 7903.25 6145.91 669.557 2018.86 3642.69 203.978 1028.13 4240.23 3295.4 6122.87 1629.05 194.774 3438.72 317.116 268.86 233.113 8.86662 4493.82 4260.55 581.515 379.306 695.151 990.731 887.622 500.619 106.482 2315.51 1392.6 180.733 1211.86 2131.76 824.614 1163.64 4095.79 3169.83 925.966 411.503 1514.65 747.686 766.968 653.048 287.486 319.149 1655.17 1022.74 773.012 249.728 187.011 62.7178 44.6204
internal_count=693779 298098 395681 188777 173672 109321 89388 50115 99389 148608 23211 41125 59206 34689 25064 48263 36803 2556 24489 71101 45779 34525 10063 2455 34247 9734 8481 7021 245 24462 22403 3474 6811 24109 23774 20234 11773 3819 28288 21287 2383 18904 28725 14860 17054 21224 16940 4284 1814 8784 4501 4283 3558 1909 2142 8156 6236 4756 1480 1099 381 272
is_linear=0
shrinkage=0.05


Tree=39
num_leaves=63
num_cat=0
split_feature=6 2 4 4 4 4 6 6 2 1 1 2 6 4 1 2 3 3 3 1 6 4 3 2 6 8 2 3 1 3 1 2 2 1 3 8 6 2 6 3 6 8 1 6 3 1 6 3 2 3 6 2 1 3 6 2 2 2 2 1 2 1
split_gain=2211.51 287.751 163.609 76.5318 62.1934 41.4732 31.1128 27.6944 20.7577 23.313 18.4575 20.9461 18.0423 16.4883 15.9061 21.7962 14.379 13.9048 13.3427 12.4013 12.2927 12.1486 11.9404 11.7914 11.4986 11.0312 10.9803 10.9124 24.4832 9.65774 16.928 15.57 13.1678 9.56597 12.0828 9.49755 9.40942 16.166 9.162 9.12094 9.10782 9.81368 8.98211 11.3902 11.4453 9.48833 9.39686 14.8864 10.4324 11.1322 8.89968 13.1005 16.8027 15.8252 11.6749 17.9476 17.9428 11.9967 10.6423 10.1588 12.7838 10.0898
threshold=220.04000000000005 10241.440000000001 336.50000000000006 9.5000000000000018 12.500000000000002 5.5000000000000009 754.6500000000002 15611.660000000002 2441.5550000000007 23.500000000000004 149.50000000000003 20116.000000000004 1737.9550000000002 57.500000000000007 44.500000000000007 2599.5100000000007 751.50000000000011 648.50000000000011 15.500000000000002 229.50000000000003 1039.1450000000002 2.5000000000000004 233.50000000000003 11309.090000000002 2434.4100000000003 2.5000000000000004 969.5150000000001 550.50000000000011 123.50000000000001 97.500000000000014 33.500000000000007 8086.4300000000012 8818.9050000000007 76.500000000000014 340.50000000000006 1.0000000180025095e-35 2978.5900000000006 9079.6700000000019 14765.125000000002 135.50000000000003 47875.92500000001 4.5000000000000009 80.500000000000014 11949.950000000003 161.50000000000003 61.500000000000007 2204.0900000000006 151.50000000000003 18417.425000000007 221.50000000000003 5071.4100000000008 23137.850000000002 176.50000000000003 648.50000000000011 3393.6150000000002 20116.000000000004 30326.465000000004 13423.850000000002 13423.850000000002 197.50000000000003 24366.085000000003 188.50000000000003
decision_type=2 2 2 2 2 2 2 2 2 2 2 2 2 2 2 2 2 2 2 2 2 2 2 2 2 2 2 2 2 2 2 2 2 2 2 2 2 2 2 2 2 2 2 2 2 2 2 2 2 2 2 2 2 2 2 2 2 2 2 2 2 2
left_child=2 3 4 12 25 7 13 22 -6 -10 11 20 14 -5 15 21 24 -12 -17 -19 -7 26 23 -3 -13 -1 -2 -24 38 30 -20 -31 -33 34 -8 -4 -35 -38 -29 -9 -26 -42 45 44 -44 -25 47 -47 -48 -50 54 52 58 -53 55 57 -56 -30 -52 60 -55 -54
right_child=1 5 35 6 8 10 33 39 9 -11 17 16 -14 -15 -16 18 -18 19 29 -21 -22 -23 27 42 40 -27 -28 28 50 31 -32 32 -34 36 -36 -37 37 -39 -40 -41 41 -43 43 -45 -46 46 48 -49 49 -51 51 53 61 59 56 -57 -58 -59 -60 -61 -62 -63
leaf_value=0.0045226381183221713 0.011474863807619484 0.022061521188153854 -0.045716946594179977 -0.0090872074308492156 -0.028297457776887604 -0.013383201240314883 -0.002855936411165258 0.0040146012902079918 0.0047174110176082312 -0.022766517360444303 -0.019246525697339582 -0.0072103717111301029 0.0049257675922429536 -0.020294716951714798 -0.0058966290322674418 0.081715511007675601 0.023730479293437148 0.0051452719695804774 0.010177509776220908 -0.030663551624434043 0.0032750254810542238 -0.0087904593934784621 0.0052950363965541241 0.011395520462778188 0.009758704559324748 -0.011759708052340504 -0.0024035862358110891 0.019448812498466653 -0.0075676515574391928 0.012524438938658032 -0.010690031880610386 0.10904353264231273 0.020451552827663574 -0.019859619261540666 0.024916642708815231 -0.038040613931718689 -0.018682865546645024 0.049117458478989136 0.054533973100980043 0.013600073464790275 -0.023225261589872152 0.0043032134806773098 -0.0045033116807083494 -0.0049530877046673107 0.024357146124969253 0.078150737423815744 -0.0060419838644779822 0.005941638600658751 0.0050747902846120909 0.040941639844034421 -0.024994728235092849 0.019018612253387784 0.067302478495372672 -0.040924722917877909 -0.024840096739270446 -0.018172595651153877 0.024604384617247579 0.048728252898099046 0.014431325693237818 0.011291548612936816 -0.00034646591094192173 0.026558635366716918
leaf_weight=128.54642209224403 206.12963032722473 238.63537797704339 531.79937462788075 1155.2551933433861 1837.8906650291756 117.34911394957453 2133.8957887738943 261.40760373324156 103.18166421446949 302.21831550076604 121.81762881577015 116.23904178477824 2841.7738470844924 460.40659262705594 972.09619696252048 6.1329283546656361 157.0285659506917 225.82455998286605 314.2563758213073 26.963368877768517 1915.77207076177 443.66094313003123 3056.6656846031547 1030.9924074821174 2234.8024851232767 535.36953701637685 460.22513323277235 374.03667902573943 13.292777322232721 243.65220258384943 140.4046362824738 7.8812010549008873 9.3203598111867887 147.33549439720809 39.764250908046961 1835.0393008422107 21.733947116881609 14.571047756820915 19.71272499859333 5576.66460698843 41.061860285699368 151.1088984310627 38.839694399386644 49.270458213984966 277.85620631277561 10.407705597579477 240.84308152645826 22.857626806944609 233.24426124244928 23.830848284065723 19.034529313445091 173.157550342381 21.657152310013771 20.250678032636642 83.164050579071045 29.632223434746265 23.353636927902699 31.372536320239305 157.05480822175741 202.30568540096283 426.07625419646502 53.967101812362671
leaf_count=3827 2964 1949 51406 40862 125397 3084 42613 1313 5687 17524 908 1969 27018 21649 17667 97 855 1307 5825 164 18879 11070 19075 6740 14158 21237 7473 2168 133 4635 2791 127 148 2792 651 170603 244 151 86 23254 315 677 269 223 1798 128 1564 287 1301 134 110 845 114 100 593 284 164 284 808 938 2070 273
internal_value=-0.000353963 0.00534603 -0.0300063 -0.00162279 -0.0220552 0.0091083 -0.00693959 0.010638 -0.0260347 -0.0157596 0.00530105 0.00614709 0.00211799 -0.0122851 -0.000726144 0.00201537 0.0090338 -0.00537464 0.00878079 0.00129537 0.00231046 -0.00237888 0.00848436 0.0115594 0.0081235 -0.00859941 0.00188314 0.00706686 0.0103495 0.00813732 0.00372144 0.0158105 0.0617262 -0.00327335 -0.00234445 -0.0397694 -0.0142338 0.00845169 0.0212314 0.0131718 0.00886024 -0.00156192 0.0102559 0.0173202 0.0208016 0.00859681 0.00315417 0.02885 0.00142197 0.00843371 0.00692811 0.00865779 0.0186445 0.00559088 -0.00331253 0.0118544 -0.0139398 0.0318829 0.0101294 0.00199616 -0.00220753 0.0383663
internal_weight=32710.1 27436 5274.05 9618.5 2907.21 17817.6 3972.96 12709.6 2243.29 405.4 5107.97 4733.36 5645.53 1615.66 2803.76 1831.66 2700.24 374.606 721.648 252.788 2033.12 1110.02 6871.51 2166.78 2543.21 663.916 666.355 4704.73 1648.07 715.515 454.661 260.854 17.2016 2357.3 2173.66 2366.84 183.64 36.305 393.749 5838.07 2426.97 192.171 1928.14 365.966 316.696 1562.18 531.184 33.2653 497.918 257.075 1254.32 1073.5 251.714 821.79 180.815 74.2975 106.518 44.6653 176.089 648.633 446.327 75.6243
internal_count=693779 298098 395681 188777 173672 109321 108962 67005 148608 23211 42316 39937 79815 62511 52797 35130 17974 2379 13623 1471 21963 21507 42438 14393 17119 25064 10437 28045 8970 13526 8616 4910 275 46451 43264 222009 3187 395 2254 24567 15150 992 12444 2290 2067 10154 3414 415 2999 1435 6716 5258 1305 3953 1458 701 757 417 918 3108 2170 387
is_linear=0
shrinkage=0.05


Tree=40
num_leaves=63
num_cat=0
split_feature=5 2 4 4 2 2 2 4 1 4 2 4 5 1 8 1 8 1 2 5 1 2 1 1 5 5 5 5 2 1 5 0 5 1 4 1 1 2 1 2 1 4 4 5 2 0 4 0 2 2 1 2 2 2 1 4 2 5 2 2 5 2
split_gain=2123.29 271.53 131.727 85.8034 39.4921 35.5825 34.247 28.8044 27.5012 25.1457 16.5345 15.5314 16.3796 14.4813 13.9176 16.3355 16.2066 15.1383 16.6374 17.3151 16.0232 14.5592 13.432 13.3262 13.1051 14.175 13.0982 12.7734 12.6633 15.9567 11.6866 11.6479 12.0499 11.6423 11.1839 12.1334 10.4312 10.8964 10.2781 10.2642 10.1904 9.98237 9.84666 9.70934 9.51153 9.49038 9.06969 10.6162 10.3592 9.06343 9.02892 9.02537 8.83656 8.74148 10.6364 8.88407 8.68013 9.43088 8.64236 8.63507 8.45937 8.25604
threshold=2.5000000000000004 10241.440000000001 341.50000000000006 15.500000000000002 3521.6800000000007 2441.5550000000007 27136.745000000006 16.500000000000004 20.500000000000004 1.0000000180025095e-35 6179.2600000000011 1.5000000000000002 445.50000000000006 40.500000000000007 4.5000000000000009 38.500000000000007 2.5000000000000004 71.500000000000014 5304.4100000000008 10.500000000000002 44.500000000000007 2114.1050000000005 227.50000000000003 51.500000000000007 268.50000000000006 2981.0000000000005 43.500000000000007 12.500000000000002 420.91000000000003 8.5000000000000018 20.500000000000004 1.0000000180025095e-35 7.5000000000000009 268.50000000000006 4.5000000000000009 174.50000000000003 21.500000000000004 3676.7850000000003 86.500000000000014 3521.6800000000007 2.5000000000000004 10.500000000000002 32.500000000000007 28.500000000000004 46167.575000000004 6.5000000000000009 1023.5000000000001 561.50000000000011 11687.245000000001 5304.4100000000008 20.500000000000004 61411.715000000004 13947.795000000002 1011.1950000000002 14.500000000000002 41.500000000000007 9612.7750000000033 19.500000000000004 19241.770000000004 20116.000000000004 6.5000000000000009 9079.6700000000019
decision_type=2 2 2 2 2 2 2 2 2 2 2 2 2 2 2 2 2 2 2 2 2 2 2 2 2 2 2 2 2 2 2 2 2 2 2 2 2 2 2 2 2 2 2 2 2 2 2 2 2 2 2 2 2 2 2 2 2 2 2 2 2 2
left_child=2 3 5 9 13 7 34 50 52 56 -10 22 30 27 16 41 17 18 36 20 31 -17 -8 -6 33 51 39 40 -9 -30 38 32 -20 -24 -3 59 37 -11 -13 -23 -5 -16 45 -44 -40 -29 47 48 -4 -19 -1 -26 -7 -42 55 -55 -2 -58 -54 -36 -33 -28
right_child=1 6 46 4 23 8 11 28 10 14 -12 12 -14 -15 15 21 -18 49 19 -21 -22 26 24 -25 25 -27 61 42 29 -31 -32 60 -34 -35 35 -37 -38 -39 44 -41 53 -43 43 -45 -46 -47 -48 -49 -50 -51 -52 -53 58 54 -56 -57 57 -59 -60 -61 -62 -63
leaf_value=-0.010975321771582959 0.0074661356016046815 0.0078782709658538185 -0.034442499190914418 0.067336308322334337 -1.0380837650051734e-05 0.0014132819700703508 0.011682925929028096 -0.035725380456131314 -0.025362491042196796 0.001630995245844574 -0.0031868947179408656 0.005576255690937575 -0.01207516444579268 -0.027058180072010718 0.00739551100744806 0.026793650091072398 -0.0078610085618449552 -0.03817647741753543 0.10582701594013827 0.0018965537668627866 -0.0010838775103844205 -0.021456132152150698 0.013749769140276156 -0.0097509244960161494 0.01223652453165463 -0.006776972692583475 0.0020937787757577811 -0.018163642663788299 -0.011934699016071713 -0.028518084596267382 0.0099368015954760646 0.0038578362449891478 0.022969972143650048 -0.022750430213458964 0.0026825414204928325 -0.029817876626326113 -0.0060142227413781616 0.030652375366367286 -0.023739859706879318 -0.0029507429210700775 -0.022274688793085522 0.028843670394129113 -0.021472482893007523 0.03671901874194549 0.0067137805739411541 0.027309634551044983 -0.040968930937097386 0.038357160858697094 0.10876812517557961 -0.0084543654823108303 -0.029369307921119747 0.031773178505200506 0.10045756043175678 0.01267918784249491 -0.014589604756875133 -0.012140627777967846 -0.040034401318391352 -0.00037071739277856418 0.0017804823009257887 0.0085474769886624002 0.031334619293995218 0.017407396128317928
leaf_weight=353.25721206236631 1698.9538819789886 4574.4320842176676 521.09592512995005 3.6928559597581616 1074.8603960126638 174.63330909702927 4665.6834542043507 491.5620250608772 304.16526077408344 299.85901821404696 116.93669496849179 404.79172238521278 93.114736139774323 202.89252993185073 576.75707582198083 48.754565896466374 968.5256117451936 32.367208935320377 9.2309756539762038 409.58286956325173 66.51243638433516 82.178978519514203 181.09307795017958 522.15209703054279 75.65052130818367 32.087333306670189 464.93902354687452 14.83596386387944 171.00556915067136 1006.8544203843921 4212.1008713543415 40.541782755404711 8.7679520435631257 24.659854874014854 2287.8374584326521 26.147956935688853 666.86593677848577 36.227105228230357 65.359886281192303 856.93352052383125 276.18266405630857 60.053838020190597 46.281329151242971 8.3334642183035594 41.74519008398056 48.181588007137179 1745.7649102741852 4.9621296776458612 1.154797171242534 126.43825273960829 82.888688548468053 289.48595878481865 4.4774757297709566 72.681729324162006 671.30372437369078 71.323665386065841 18.18504324182868 84.568605080246925 4.5184622025117278 867.19585897028446 94.057563412934542 108.80273468792439
leaf_count=14813 19381 29184 46194 159 23364 7311 20525 36751 16630 6705 5000 3578 409 7924 6955 784 25229 812 129 5040 1357 1541 757 12434 313 135 4434 365 11093 69488 20519 671 99 101 23724 299 15766 526 724 11098 13878 909 1406 212 413 1144 174785 462 89 2238 3902 1207 136 2229 26276 2752 198 587 135 6628 1206 805
internal_value=-0.000296836 0.00512415 -0.030336 -0.00157497 -0.00859286 -0.0228855 0.00879357 -0.025958 -0.0121768 0.00155243 -0.0192186 0.0107153 0.00865956 -0.0146737 -0.000285171 0.0026815 -0.00265091 0.000164927 0.00160233 0.00798057 0.0193245 -6.77977e-05 0.0125937 -0.00319865 0.0196292 0.0249415 -0.000938477 -0.0125957 -0.0289504 -0.0261159 0.00906957 0.0282475 0.0660904 0.00934194 0.00629374 0.00401348 -0.00239124 0.0047823 0.00192328 -0.00457753 -0.0142781 0.00943022 0.00302387 -0.012451 -0.0118284 0.016513 -0.0392164 -0.0333969 -0.0340955 -0.0145639 -0.0144885 0.0277436 0.00394609 -0.0145649 -0.0119447 0.000351722 0.00661111 -0.00747099 0.0520084 0.00429639 0.0231046 0.00500905
internal_weight=32596.5 27613.2 4983.28 9771.83 3012.72 2710.3 17841.4 2105.57 604.731 6759.1 421.102 10085.8 4817.11 1415.71 4957.4 2198.42 2758.98 1790.45 1631.65 628.694 219.111 1561.61 5268.66 1597.01 602.977 397.224 1512.85 1212.82 1669.42 1177.86 4724 152.598 17.9989 205.753 7755.61 3181.18 1002.95 336.086 511.897 939.112 1095.18 636.811 117.632 54.6148 107.105 63.0176 2272.98 527.213 522.251 158.805 436.146 365.136 183.629 1091.49 815.309 144.005 1801.71 102.754 8.99594 3155.03 134.599 573.742
internal_count=693918 307129 386789 198613 92143 165259 108516 136047 29212 106470 21630 48681 25643 56345 86304 26526 59778 34549 31499 8502 3462 18662 23038 35798 2513 1655 17878 48421 117332 80581 25234 2105 228 858 59835 30651 22997 7231 4715 12639 45294 7864 3127 1618 1137 1509 221530 46745 46283 3050 18715 1520 7582 45135 31257 4981 20166 785 271 30352 1877 5239
is_linear=0
shrinkage=0.05


Tree=41
num_leaves=63
num_cat=0
split_feature=6 6 4 4 4 6 4 5 7 6 1 6 6 1 5 5 1 5 5 5 1 6 5 5 4 6 1 5 5 1 1 1 1 5 4 0 5 5 5 4 5 1 4 5 5 6 5 5 0 5 5 5 1 5 4 4 5 1 1 1 5 4
split_gain=1981.63 234.694 141.557 59.7073 53.6307 41.6155 20.8272 19.8031 16.5699 15.5605 14.9609 14.6827 13.4276 14.4345 18.8077 18.0065 12.2373 12.1057 11.0335 10.6231 10.5616 11.9931 14.0086 13.116 9.8993 10.4286 11.6054 18.5352 10.7504 13.7337 10.7362 9.81635 9.51189 9.26177 9.19817 9.88155 9.05955 9.03224 11.3263 9.03105 9.14595 8.88226 8.50797 8.30518 8.76845 8.25475 8.27296 8.24531 7.82162 7.99948 7.76746 9.85485 7.76099 7.71882 10.633 7.57005 7.38025 7.33934 9.48295 7.2357 7.16728 7.01636
threshold=227.02000000000001 2434.4100000000003 341.50000000000006 34.500000000000007 6.5000000000000009 9472.2050000000017 1.5000000000000002 4.5000000000000009 3.5000000000000004 803.35000000000002 23.500000000000004 553.67500000000007 56324.710000000006 159.50000000000003 292.50000000000006 911.50000000000011 22.500000000000004 80.500000000000014 24.500000000000004 2.5000000000000004 86.500000000000014 5071.4100000000008 33.500000000000007 39.500000000000007 4.5000000000000009 5592.5850000000009 149.50000000000003 106.50000000000001 221.50000000000003 166.50000000000003 132.50000000000003 88.500000000000014 3.5000000000000004 88.500000000000014 1023.5000000000001 561.50000000000011 57.500000000000007 103.50000000000001 147.50000000000003 1.0000000180025095e-35 2142.0000000000005 99.500000000000014 87.500000000000014 66.500000000000014 72.500000000000014 1106.8950000000002 10.500000000000002 18.500000000000004 1.0000000180025095e-35 105.50000000000001 142.50000000000003 57.500000000000007 20.500000000000004 28.500000000000004 34.500000000000007 184.50000000000003 37.500000000000007 135.50000000000003 159.50000000000003 152.50000000000003 522.50000000000011 2.5000000000000004
decision_type=2 2 2 2 2 2 2 2 2 2 2 2 2 2 2 2 2 2 2 2 2 2 2 2 2 2 2 2 2 2 2 2 2 2 2 2 2 2 2 2 2 2 2 2 2 2 2 2 2 2 2 2 2 2 2 2 2 2 2 2 2 2
left_child=2 3 4 6 19 7 16 52 55 42 53 -8 -12 14 17 60 -2 -14 47 -1 48 59 -23 56 25 26 30 -28 29 -27 36 -13 -21 43 35 -4 -25 -35 -39 40 -15 -38 -5 -20 -45 46 -11 -18 -9 -50 51 -31 -3 54 -7 -6 -24 -30 -59 -22 -16 -34
right_child=1 5 34 9 8 10 11 20 -10 45 12 31 13 39 15 -17 18 -19 33 32 21 22 23 24 -26 28 27 -29 57 50 -32 -33 61 37 -36 -37 41 38 -40 -41 -42 -43 -44 44 -46 -47 -48 -49 49 -51 -52 -53 -54 -55 -56 -57 -58 58 -60 -61 -62 -63
leaf_value=-0.014511024487191354 0.0114659713860549 -0.0058707082649952815 -0.033507019044481112 -0.012399325155519414 -0.035350230940755303 0.0077425796795017564 -0.0073849716359074618 0.0097883286165855645 -0.021348160405440207 0.0077885265397491105 0.0094301014337176275 0.00043877071768597884 0.004644126093299129 0.025196322637186637 -0.0089473544380273464 0.028914241265141128 0.00091989691813140024 0.017032938276718187 0.0078388160973887847 0.042676532130436429 0.0012688884761214096 -0.0040997438731986083 0.012599167897719438 -0.00052270114672969305 -0.00094853241484502712 0.0076380446584061387 0.071383339739126778 0.0063334829420786699 0.040021723172725808 -0.034744682938108284 -0.019650538213733915 -0.0080875851808374141 0.0040061673429885002 -0.037064742033780969 -0.040556549524153551 0.035125503160970434 0.0023293539913757373 0.024607257929330086 -0.026857040760239672 0.01281409520788996 0.0007764539032186395 0.04600308409870716 -0.023307786414490599 0.054692344827405759 0.013481133977998558 -0.0092654022335249189 -0.016552375313871059 -0.011558109683141259 0.0061258647794006291 -0.0084092523854842685 -0.025758127436977148 0.0049217175856304252 -0.037966743413926252 -0.027806966014582248 -0.041879573857043328 -0.026332872321556136 0.034471062421197324 -0.015980476630096427 0.02523665496893103 -0.0097570952685427977 -0.038448968385508958 -0.013646839707657643
leaf_weight=241.31451955065131 454.16140399500728 44.654913062229753 504.82316319458187 629.87997727002949 391.87869731988758 73.412911102175713 988.82678489014506 1755.0383330546319 1343.0977605208755 168.98528974317014 8417.7819424048066 3118.197992503643 308.69646260887384 463.70539833605289 68.715771973133087 25.727294012904167 680.36472761258483 552.57772776484489 368.92084855213761 12.360506508499382 1237.535882152617 298.30819835886359 101.93828132748604 34.272052250802517 370.22202742099762 834.06566033512354 24.336381644010544 20.210257485508919 36.854787595570087 18.519150331616402 21.663151644170284 378.36561823822558 162.14716573245823 20.472096137702465 1672.2101858695969 5.1517828097566953 17.359439536929131 25.485809095203876 18.23138614743948 366.93067616224289 42.267139688134193 36.919578909873962 252.40182139445096 20.372728630900383 36.442068740725517 432.2369444668293 43.818243406713009 164.12355852499604 3844.0960528738797 96.678948685526848 45.49142599105835 98.024270832538605 33.103993555530906 33.504786185920238 12.551397476345299 602.66484416555613 63.291182033717632 20.49588318169117 42.595510885119438 169.02149636298418 29.77232151478529 85.934390546754003
leaf_count=9500 6066 921 46266 25028 29785 595 32201 12389 81922 4882 38607 60672 1456 1953 282 108 11311 2267 4056 227 10598 1990 608 207 2345 4446 145 114 201 106 129 5976 3860 192 174557 462 104 228 164 1511 176 223 12769 179 322 9588 1173 2236 33327 729 233 512 623 172 185 47722 368 109 217 1343 124 3151
internal_value=-0.000288151 0.00499264 -0.0291678 -0.00234472 -0.0218029 0.00790437 -0.000185633 0.00546634 -0.0249873 -0.01121 0.0100766 -0.00200554 0.0102814 0.0141338 0.00997404 -0.00818485 0.00437541 0.0125994 0.00195774 -0.00695519 0.00567951 0.00351105 0.00591824 0.0075942 0.0062211 0.00834711 0.020509 0.0420633 0.00662359 0.00504725 0.0117216 -0.000482647 2.94116e-05 0.00792773 -0.0387471 -0.0327971 0.0194664 -0.00972525 0.00301867 0.0188227 0.0231668 0.0321573 -0.015528 0.0106027 0.0284167 -0.00529466 0.0027476 -0.00150032 0.00700767 0.0057678 -0.0082544 -0.00136293 -0.0196303 -0.00748607 0.000399056 -0.0298942 0.0210232 0.0222633 0.0117636 -5.31136e-05 -0.0179462 -0.00209165
internal_weight=32483.2 27461.6 5021.58 7801.29 2839.4 19660.3 6273.97 9264.7 2337.64 1527.32 10395.6 4485.39 10276.2 1858.39 985.49 124.215 1788.57 861.274 1334.41 501.757 9186.94 3491.12 2084.57 1786.26 1621.03 1250.81 154.761 44.5466 1096.05 996.101 110.214 3496.56 260.442 489.925 2182.19 509.975 88.5511 64.1893 43.7172 872.903 505.973 54.279 882.282 425.736 56.8148 645.04 212.804 844.488 5695.81 3940.78 162.035 116.543 77.7589 119.469 85.9643 994.544 165.229 99.9462 63.0914 1406.56 98.4881 248.082
internal_count=693918 296466 397452 177043 176167 119423 123603 71987 159429 53440 47436 98849 46484 7877 4237 514 24754 3723 18688 16738 70443 23998 12057 10067 9091 6746 922 259 5824 5297 663 66648 7238 5141 221285 46728 534 584 392 3640 2129 327 37797 4557 501 15643 6055 13547 46445 34056 851 618 1544 952 780 77507 976 527 326 11941 406 7011
is_linear=0
shrinkage=0.05


Tree=42
num_leaves=63
num_cat=0
split_feature=6 6 4 4 4 2 2 5 2 4 6 3 3 6 2 1 2 5 6 3 5 3 5 6 1 5 6 1 5 2 5 2 2 1 5 1 1 1 5 3 5 1 3 2 1 3 6 2 5 6 6 1 6 2 2 3 4 5 2 3 1 5
split_gain=1835.16 211.055 139.891 54.6246 51.0591 43.7384 26.4741 24.7814 21.8264 18.7554 16.2659 14.8951 14.1881 13.8048 13.7356 13.7477 13.5319 13.4273 13.3783 12.9651 12.6937 16.8834 15.5808 12.7697 12.4531 13.8047 11.34 11.2301 11.0706 11.0212 10.8881 10.8311 10.3835 10.9262 10.1678 10.1217 13.4582 9.8885 9.87222 13.2359 9.80706 9.3893 14.5119 12.9142 14.5472 12.0592 10.5837 10.5335 9.60479 11.0058 9.44063 9.3118 11.1029 18.8678 9.24116 9.23332 9.21709 9.04144 9.01405 19.5635 13.0729 15.7312
threshold=227.02000000000001 2434.4100000000003 341.50000000000006 34.500000000000007 6.5000000000000009 18417.425000000007 2777.1150000000002 5.5000000000000009 2441.5550000000007 1.5000000000000002 9472.2050000000017 1847.5000000000002 550.50000000000011 83079.150000000009 15673.650000000001 22.500000000000004 10241.440000000001 5.5000000000000009 553.67500000000007 587.50000000000011 445.50000000000006 1171.5000000000002 368.50000000000006 182341.33500000005 83.500000000000014 221.50000000000003 382.89500000000004 26.500000000000004 1.5000000000000002 13423.850000000002 103.50000000000001 273750.53000000009 273750.53000000009 231.50000000000003 24.500000000000004 286.50000000000006 277.50000000000006 66.500000000000014 2.5000000000000004 5.5000000000000009 911.50000000000011 37.500000000000007 110.50000000000001 7652.3150000000014 71.500000000000014 307.50000000000006 667.55000000000007 3447.6850000000004 54.500000000000007 2094.9300000000003 614.04000000000008 53.500000000000007 1817.5700000000004 11309.090000000002 3154.1800000000007 648.50000000000011 6.5000000000000009 23.500000000000004 39261.270000000011 751.50000000000011 155.50000000000003 271.50000000000006
decision_type=2 2 2 2 2 2 2 2 2 2 2 2 2 2 2 2 2 2 2 2 2 2 2 2 2 2 2 2 2 2 2 2 2 2 2 2 2 2 2 2 2 2 2 2 2 2 2 2 2 2 2 2 2 2 2 2 2 2 2 2 2 2
left_child=2 3 4 9 16 7 -5 -3 28 14 11 24 -12 19 15 54 38 -16 -11 -14 22 -22 30 32 -7 -26 -8 -10 -6 -4 31 -15 33 -23 -17 36 58 -31 -1 -40 -37 42 47 48 45 -45 -44 -20 50 -50 57 -47 53 -53 -2 -28 -49 -43 -21 -60 61 -61
right_child=1 5 29 6 8 10 26 -9 27 18 12 -13 13 20 17 34 -18 -19 41 35 21 23 -24 -25 25 -27 55 -29 -30 37 -32 -33 -34 -35 -36 40 -38 -39 39 -41 -42 43 46 44 -46 51 -48 56 49 -51 -52 52 -54 -55 -56 -57 -58 -59 59 60 -62 -63
leaf_value=-0.014785549089578505 0.0076103352674136652 -0.018616021202424601 -0.038420008393873266 -0.018726135317220709 -0.029627078805131341 0.01037222796767584 -0.020077119895264478 0.00459776915457901 -0.0019634578039138726 -0.0070654614212037337 0.0084418715014947052 -0.036827023845134678 0.021001989791800593 0.026998546796847323 0.080334671167067967 -0.0030351838322822786 0.084542772644819283 0.016729098255645992 -0.0034627894040386784 0.01547149980535379 -0.018936571707534877 -0.0085068184156422474 0.049338476598306223 0.028947611851216248 0.0033596634439489142 0.037602803592336774 -0.0035541603834387883 -0.01956944698241031 -0.021579865634888229 0.12305790022782728 0.02297479566894349 -0.013358690623245906 -0.025730074002721037 0.029842977791037253 0.0062320811034840846 0.0044598654614206503 0.041459908650519794 -0.044102747816006066 0.057316041706937305 -0.0028521207562237846 -0.034279551297025417 0.0072952875169509813 -0.018844900990969957 0.0058848369691303888 -0.0041438579776332867 -0.0060516427641930451 0.018145747071800746 0.016059096150745484 0.022905179961232848 -0.023615945724770871 -0.0081742604080806483 0.025003445730674236 0.015194889650202367 0.14065801266390596 0.027610577543654827 0.063464454020200775 0.001233938400464994 0.085858978464317615 0.0018897702425603666 0.021652246291782799 0.0090062124764587574 -0.0037718250045074594
leaf_weight=236.44373399950564 388.56554017588496 116.84744076244533 2097.49645513203 617.96807075012475 1175.2014797488227 1188.5048912279308 112.76248180028051 6538.5611177608371 132.85885534062982 982.04763883538544 5394.0483280718327 19.990762025117874 298.4467930495739 26.442587599158287 9.3686431124806386 779.78294464945793 3.9264715183526269 72.143981225788593 678.56159306690097 652.37031213194132 44.754034280776978 34.3990278840065 49.719685211777687 88.608205690979958 1937.4654866196215 29.821540966629982 775.56951829511672 289.16276336368173 684.47901036962867 1.9159034900367253 412.65746310353279 44.322907075285912 24.019578024744987 39.797040835022926 476.77488214895129 49.706354051828384 34.800000891089439 1.4484643861651418 9.3870829343795759 248.66348459944129 24.100757077336311 50.538562605157495 21.211960574612021 416.52409110404551 487.93706316873431 9.4224337413907033 198.46280714683235 159.15194744616747 53.713838700205088 16.462910059839487 1063.4973058383912 7.5420962981879729 12.051345910876988 6.8324093595147133 68.141196273267269 5.0668205581605426 309.37598734349012 3.8754606544971457 726.01766785234213 455.60108038038015 1409.1962419077754 69.810746483504772
leaf_count=9448 5249 2063 220979 27423 93304 8213 5143 52052 7584 32201 25451 113 1301 111 97 12876 110 731 15405 2911 185 144 211 377 12322 150 20763 17385 41156 174 1720 185 102 170 4998 205 143 132 180 7000 103 1433 560 6421 7450 134 3672 2502 787 226 21423 127 154 103 803 111 6165 86 3115 1912 5870 294
internal_value=-0.000279276 0.00473647 -0.0285322 -0.00223432 -0.0211686 0.00748944 -0.010767 0.00418919 -0.0243363 -0.000177262 0.00917152 0.00605447 0.010173 0.0122537 0.00414019 0.00318198 -0.00665521 0.0241903 -0.00190917 0.0109921 0.0183825 0.00856828 0.0226336 0.0151905 0.00632886 0.00388317 -0.00525451 -0.0140404 -0.0266692 -0.0382729 0.0198671 0.00166766 0.00271138 0.0120083 0.000477326 0.0101169 0.0105214 0.0504511 -0.00740641 -0.000622666 -0.0081516 -0.000458793 0.00277328 -0.00253667 0.00183707 0.00829875 0.0145442 0.00051365 -0.00600233 0.0119025 -0.00713174 0.0361127 0.0513015 0.0809131 0.0106107 -0.00310469 0.00628284 0.0131297 0.0101937 0.00889715 0.0115241 0.0182646
internal_weight=32374.3 27493.4 4880.98 7783.35 2780.12 19710 1511.37 6655.41 2281.7 6271.99 13054.6 3175.78 9878.82 4484.77 1794.78 1713.26 498.421 81.5126 4477.21 3720.05 764.721 231.578 533.143 186.824 3155.79 1967.29 893.399 422.022 1859.68 2100.86 483.423 70.7655 98.2156 74.1961 1256.56 3421.6 3347.8 3.36437 494.494 258.051 73.8071 3495.16 1366.76 2128.4 940.309 452.372 219.675 1147.09 1188.09 70.1767 1117.91 35.8483 26.4259 14.3745 456.707 780.636 468.528 54.414 3313 2660.63 1934.61 525.412
internal_count=693918 296466 397452 177043 176167 119423 53440 54115 159429 123603 65308 20798 44510 19059 24754 23926 16738 828 98849 15854 3205 978 2227 793 20685 12472 26017 24969 134460 221285 2016 296 416 314 17874 14553 14245 306 16628 7180 308 66648 28304 38344 14389 6939 4232 24072 23955 1013 22942 518 384 230 6052 20874 8667 1519 14102 11191 8076 2206
is_linear=0
shrinkage=0.05


Tree=43
num_leaves=63
num_cat=0
split_feature=6 2 4 4 4 2 4 2 6 4 3 5 5 3 5 4 2 5 6 5 2 3 6 6 0 0 5 6 4 0 6 2 4 0 3 2 6 3 0 6 3 5 6 3 2 2 5 0 3 6 2 0 5 2 3 3 5 2 0 6 3 2
split_gain=1698.85 190.683 138.003 63.2156 48.9249 27.7188 27.0165 23.4334 18.2038 17.3482 15.0796 28.7069 16.3701 15.5255 13.2129 11.6661 11.3516 13.178 10.3893 10.6045 10.1946 9.85033 9.26597 14.6403 19.4998 9.02125 9.58176 9.01921 8.94552 9.66707 8.91242 8.7996 8.53092 8.26955 8.24648 22.8523 11.3119 10.6152 13.5943 9.65076 8.87401 10.0745 10.5052 8.71888 8.11737 8.03464 8.88551 8.01272 8.88903 7.83975 7.81182 7.74401 8.93003 7.71558 7.7103 7.69175 11.7985 7.66154 10.3983 8.81599 7.61805 7.56453
threshold=227.02000000000001 10241.440000000001 341.50000000000006 15.500000000000002 14.500000000000002 3521.6800000000007 3.5000000000000004 2441.5550000000007 47875.92500000001 1.0000000180025095e-35 411.50000000000006 233.50000000000003 74.500000000000014 440.50000000000006 2.5000000000000004 87.500000000000014 20116.000000000004 416.50000000000006 1737.9550000000002 5.5000000000000009 13423.850000000002 100.50000000000001 1061.5100000000002 1106.8950000000002 3.5000000000000004 18.500000000000004 12.500000000000002 9891.1650000000027 1023.5000000000001 561.50000000000011 7439.2750000000005 103.58500000000001 2.5000000000000004 37.500000000000007 230.50000000000003 16281.775000000003 1475.5400000000002 135.50000000000003 2.5000000000000004 995.05000000000007 118.50000000000001 16.500000000000004 3592.0200000000004 254.50000000000003 12956.745000000001 9612.7750000000033 19.500000000000004 6.5000000000000009 137.50000000000003 45.940000000000005 618.59500000000014 31.500000000000004 29.500000000000004 28633.675000000003 224.50000000000003 145.50000000000003 6.5000000000000009 420.91000000000003 153.50000000000003 39.895000000000003 1348.5000000000002 5442.0850000000009
decision_type=2 2 2 2 2 2 2 2 2 2 2 2 2 2 2 2 2 2 2 2 2 2 2 2 2 2 2 2 2 2 2 2 2 2 2 2 2 2 2 2 2 2 2 2 2 2 2 2 2 2 2 2 2 2 2 2 2 2 2 2 2 2
left_child=2 3 4 9 14 15 8 57 34 45 11 -10 -12 -14 -1 25 22 30 -11 -20 28 61 33 24 -24 -5 -27 -25 29 -4 53 -16 -33 44 37 43 39 40 -39 -37 -3 42 -42 -36 -8 -2 -47 -23 -49 50 -34 -28 -53 -18 -22 56 -9 -6 -59 -60 -45 -21
right_child=1 6 20 5 7 -7 16 55 10 18 12 -13 13 -15 31 -17 17 -19 19 21 54 47 23 27 -26 26 51 -29 -30 -31 -32 32 49 -35 35 36 -38 38 -40 -41 41 -43 -44 60 -46 46 -48 48 -50 -51 -52 52 -54 -55 -56 -57 -58 58 59 -61 -62 -63
leaf_value=-0.016004520331147902 0.0065807647049603473 0.0092717662703601985 -0.032615374211246259 -0.014421664086437486 -0.032291782417578463 -0.0029618389395758508 -0.00050599246170302708 -0.010488349058783819 0.0089896153042192482 -0.002225990828761138 -0.007896800231905662 -0.040590117117913993 0.051808051701629443 0.016438690786159598 0.035689324652308618 -0.02333165678615115 0.0065328944998825651 -0.020325895000149391 -0.020189671615667388 0.001504703299768243 0.10241000737139605 -0.0009218724872630768 0.12185071916640591 0.0037428846601668315 -0.0071867511188016195 -0.0080392316072951074 0.027256915062693173 -0.0078521649431801104 -0.03979973888951676 0.035398474552476099 0.0082317598372283196 0.004239105458577779 0.093806892866184793 0.060153975968773102 -0.013655501967251857 0.0015940034315585312 0.0082902933311327972 0.014774109506341544 -0.0037711351213195448 0.065539264258550042 -0.0069111802173386421 -0.007641939066350717 0.046200189355624754 0.0010497836882517612 -0.025606683937401165 -0.039615750419962653 -0.00095404419207661029 -0.0066450944696057977 0.016120660449975423 -0.013782274316029528 -0.015204556950336571 -0.026183704454247576 0.049934198705946141 -0.0022877270075553663 -0.043697772514512283 -0.026698355931050157 0.084023211502887149 -0.025424717558892043 -0.00056454675503373071 0.10426462054858021 0.0340053915798645 0.011938673206401351
leaf_weight=352.45434114895761 1664.3746119681746 631.25827550143003 469.61232207342982 643.41905548982322 498.64972874429077 1641.4857324324548 67.772181810811162 291.18667232058942 361.74270824342966 2564.3108637277037 67.457715138792992 31.635283231735229 31.850295960903168 1307.7131050378084 14.501231789588926 216.65534098166972 594.35449592582881 44.605389878153801 50.449862185865641 292.66791497170925 2.1869615064933892 1248.7544388622046 5.9034629277884942 2298.4431487396359 5.5598182305693626 394.64842820819467 37.578618306666613 180.56831247732043 1545.1575854122639 5.1352194081991902 3210.2357380203903 163.13820475712419 3.3492063581943503 3.9140780232846728 102.8633441850543 9.6320765763521212 6054.7503837645054 1327.8052926138043 106.26770228892565 15.848800159990786 17.409045621752739 173.38723947107792 19.516177840530872 825.99060241505504 62.015460012480617 17.981114193797112 85.151001915335655 59.555183663964272 150.25295718386769 166.6901319976896 2.9649013262242079 17.744358293712143 4.7897343188524237 424.13748398050666 1.3606100808829067 82.994321268051863 3.2302439007908097 1125.355085445568 17.087008219212297 2.1586990943178526 17.833249099552631 431.70807498693466
leaf_count=16743 18093 3894 46200 23372 39751 37332 1778 17904 1543 56101 293 128 129 5439 304 11263 5398 213 792 3628 179 12820 109 21816 101 14931 918 1196 174317 462 16511 3856 156 113 769 125 28478 7647 692 159 194 942 138 5976 1585 202 587 736 1859 7085 142 511 115 3848 127 4997 151 83477 1446 155 96 3896
internal_value=-0.000270459 0.00449408 -0.0278935 -0.00122781 -0.0205404 -0.00729921 0.007521 -0.0244947 0.00904834 0.00150546 0.0136547 0.00498043 0.0160758 0.0172872 -0.00916692 -0.0127097 0.0050616 0.0066518 -5.35883e-05 0.00243845 -0.0377875 0.0029646 0.00246999 0.00316007 0.0593128 -0.0106076 -0.00519837 0.00289602 -0.0379382 -0.0318619 0.00693802 -0.00227715 -0.00394003 -0.0103396 0.00815617 0.00730656 0.00843166 0.010777 0.0133962 0.0416634 0.00630685 -0.00256884 0.0210738 7.50194e-05 -0.0125486 0.0057399 -0.007775 0.000593756 0.00963457 -0.0116796 0.0424001 0.0133516 -0.00963442 0.00285489 0.0453404 -0.0132282 -0.00940625 -0.0270783 -0.0248 0.0114134 0.00175613 0.00773075
internal_weight=32269.2 27522 4747.21 9521.53 2723.76 2956.32 18000.5 2020.66 11103 6565.21 1800.4 393.378 1407.02 1339.56 703.098 1314.84 6897.51 4273.33 4797.7 2233.39 2023.45 2182.94 2624.18 2490.47 11.4633 1098.18 454.761 2479.01 2019.91 474.748 4228.73 350.644 336.142 133.702 9302.56 7026.92 6080.23 2275.64 1434.07 25.4809 841.571 210.312 36.9252 946.687 129.788 1767.51 103.132 1458.56 209.808 173.004 6.31411 60.1127 22.5341 1018.49 3.54757 377.411 294.417 1643.25 1144.6 19.2457 843.824 724.376
internal_count=693918 296466 397452 187156 176167 88442 109310 147881 56642 98714 7532 1671 5861 5568 28286 51110 52668 25970 79832 23731 221285 22939 26698 23222 210 39847 16475 23012 220979 46662 25757 11543 11239 3476 49110 35603 28762 13507 8339 284 5168 1274 332 6841 3363 18882 789 15415 2595 7383 298 1544 626 9246 306 23052 18055 124829 85078 1601 6072 7524
is_linear=0
shrinkage=0.05


Tree=44
num_leaves=63
num_cat=0
split_feature=6 6 4 4 4 2 2 2 5 4 3 1 6 5 5 1 1 5 5 5 2 1 6 2 1 5 1 2 2 2 3 6 6 4 2 2 2 5 1 1 1 3 0 2 3 1 5 5 5 6 3 1 6 2 2 3 2 5 6 1 5 6
split_gain=1572.03 171.589 135.903 46.6125 46.5358 35.7846 23.3905 22.5638 19.7201 15.1772 12.7492 18.7553 22.3729 18.6169 15.11 16.3997 14.0417 13.0985 12.7239 12.2441 12.1561 12.1354 11.5475 11.508 10.7388 10.7839 12.8586 19.408 13.8595 11.1485 10.6916 12.0908 10.4164 9.75837 10.6125 9.44123 10.7687 11.1561 13.3992 9.05058 9.00222 12.0509 9.00009 8.92547 15.5257 12.2646 10.3183 8.87951 12.6573 8.72866 8.84127 8.56332 8.47597 8.46934 8.49942 8.2221 8.169 7.90178 8.56012 8.56961 11.8064 12.2229
threshold=227.02000000000001 2434.4100000000003 341.50000000000006 14.500000000000002 34.500000000000007 27136.745000000006 2777.1150000000002 2441.5550000000007 5.5000000000000009 1.5000000000000002 776.50000000000011 153.50000000000003 18773.655000000002 109.50000000000001 264.50000000000006 142.50000000000003 240.50000000000003 1048.0000000000002 305.50000000000006 2.5000000000000004 34240.595000000008 26.500000000000004 553.67500000000007 55344.990000000013 22.500000000000004 24.500000000000004 80.500000000000014 24366.085000000003 4944.5650000000014 13423.850000000002 195.50000000000003 2204.0900000000006 382.89500000000004 1023.5000000000001 13423.850000000002 42534.970000000008 50481.130000000012 56.500000000000007 168.50000000000003 28.500000000000004 53.500000000000007 78.500000000000014 561.50000000000011 5861.3050000000012 632.50000000000011 71.500000000000014 12.500000000000002 283.50000000000006 214.50000000000003 2262.3050000000003 648.50000000000011 54.500000000000007 2045.6450000000002 3154.1800000000007 293.22000000000008 5.5000000000000009 11309.090000000002 2981.0000000000005 83079.150000000009 233.50000000000003 445.50000000000006 182341.33500000005
decision_type=2 2 2 2 2 2 2 2 2 2 2 2 2 2 2 2 2 2 2 2 2 2 2 2 2 2 2 2 2 2 2 2 2 2 2 2 2 2 2 2 2 2 2 2 2 2 2 2 2 2 2 2 2 2 2 2 2 2 2 2 2 2
left_child=2 4 3 19 9 8 -6 -5 -3 20 18 14 16 -14 15 -12 35 23 -7 -1 24 -9 -11 -16 53 26 27 28 -26 52 40 -32 -8 34 42 47 -37 -38 -39 -24 41 -30 -4 44 46 -45 51 48 -13 50 -34 -41 -27 54 -2 -21 -57 58 -15 60 -60 -62
right_child=1 5 33 7 6 10 32 21 -10 22 11 12 13 57 17 -17 -18 -19 -20 55 -22 -23 39 -25 25 29 -28 -29 30 -31 31 -33 49 -35 -36 36 37 38 -40 43 -42 -43 -44 45 -46 -47 -48 -49 -50 -51 -52 -53 -54 -55 -56 56 -58 -59 59 -61 61 -63
leaf_value=-0.015444404291965084 0.058459650506461784 -0.014933369203337807 -0.032017440735576434 -0.026429824716137341 -0.017638502821214055 0.0080070393169351176 -0.019239297402239175 0.00012947046284116429 0.0048314074708887518 -0.0065441349833406217 0.01681864196172525 -0.011212664770570736 -0.0033227784884373268 0.012006907166805976 0.014716488730515743 0.03547043559144316 0.019766206470576114 0.033228591893201764 -0.0053196868123886742 0.039806793621410499 0.04877476710444844 -0.019042145826785206 0.0040698853944778624 -0.018375884772660275 -0.0074051596726741071 0.0088920906338448274 -0.019346777750636961 0.084473399603590182 -0.014376575208541416 0.040155788870179267 0.027290264666228393 -0.030167184980322698 -0.002176434624108557 -0.039276498777568801 0.11796140649940293 0.020374683457815644 0.026850356238297141 0.027334060731019762 -0.014907130274711404 -0.008563524962240051 -0.011901361777908952 0.016416207287549913 0.032509709692542681 0.004680696732834169 0.081078100519191898 -0.0046390474196736321 -0.0016509216629961979 -0.031521205767933817 0.024563010895172155 -0.029337764045532372 0.06345378164631639 -0.028574218306569799 -0.0069118953158338317 0.025754718743569993 0.0059139018501598653 -0.0043391626910437298 0.077301484911690671 -0.0075299864299099104 0.020788090658891416 0.029870563241477369 -0.022008664689771293 0.020619515481391466
leaf_weight=347.1170646706596 7.7811702899634829 127.66690760105848 454.84327500406653 1600.5469559617341 598.66956648789346 6865.1383312642574 109.90582495834678 122.36878668237478 9608.8769745752215 971.13088602013886 425.78890235722065 156.07551527023315 175.46796418726444 1079.54877076298 45.003994844853878 164.32024195045233 80.494201801717281 29.139212071895599 183.38576409220695 11.170325640588997 14.758629590272902 250.26352869253606 860.7284217402339 62.595212496817112 386.92624796554446 361.13216792792082 98.87118311598897 6.6138313040137282 43.387311022728682 23.905434392392635 82.415759697556496 10.135282747447489 740.97366865072399 1488.5410105371848 1.0850562788546074 71.03504304587841 26.591294445097446 22.058805972337723 120.96966358274221 402.29635003954172 87.326522089540958 116.78723191097379 5.3159450544044367 845.05033000558615 5.0999015159904948 605.85609966889024 708.48240901529789 40.103027239441872 29.215328119695187 29.681446297094226 5.063335506245493 61.971111547201872 110.44460339099169 71.298718102276325 384.30503295920789 335.67047119885683 2.9869835004210463 41.776994451880455 220.26875083148479 153.65909950435162 37.712124586105347 30.131222873926163
leaf_count=16743 92 2261 46200 124829 27423 33637 5143 7140 69778 32201 1886 802 738 4409 191 720 357 122 764 236 120 15912 18176 263 7169 3834 1459 62 570 212 1166 113 20218 174557 66 337 152 101 542 9997 1275 1627 462 13687 87 9612 13433 173 133 549 107 1656 1083 815 5157 11228 79 175 928 668 158 128
internal_value=-0.000261966 0.00426438 -0.0272527 -0.0199192 -0.00204163 0.00673358 -0.0100019 -0.0238468 0.00457158 -0.000155273 0.0088254 0.0115517 0.00932136 0.0120953 0.0185546 0.022026 0.000487771 0.00353169 0.00765953 -0.00879034 0.00371073 -0.0127346 -0.00172177 -0.00448757 0.00333395 0.00104261 -0.00242908 -0.00013983 -0.000928005 0.00688482 0.0064273 0.0209184 -0.00483268 -0.0372914 -0.0308669 -0.00283473 0.00403694 -0.00278365 -0.00834293 -0.000378118 0.00098203 0.00804024 -0.0312542 -0.00183652 -0.00507049 0.000785547 -0.00545626 -0.0101924 -0.00553464 -0.00278285 -0.00171586 -0.0112509 0.00517947 0.00988795 0.00698409 -0.00217102 -0.00358172 0.0138293 0.0144196 0.0203002 0.0151701 -0.00300016
internal_weight=32167.9 27548 4619.91 2670.12 7751 19797 1484.29 1973.18 9736.54 6266.7 10060.5 3011.96 2285.11 1738.56 726.848 590.109 546.543 136.738 7048.52 696.945 1806.09 372.632 4460.62 107.599 1791.33 1327.95 832.463 733.592 726.978 495.482 340.052 92.551 885.624 1949.79 461.244 466.049 240.655 169.62 143.028 3489.48 247.501 160.175 460.159 2628.76 1177.85 1450.91 1172.75 225.394 185.291 775.718 746.037 464.267 471.577 463.385 392.086 349.828 338.657 1563.1 1521.32 441.771 288.112 67.8433
internal_count=693918 296466 397452 176167 177043 119423 53440 147881 72039 123603 47384 12983 9801 7204 3182 2606 2597 576 34401 28286 24754 23052 98849 454 24634 18570 13441 11982 11920 5129 4751 1279 26017 221285 46728 2240 1132 795 643 66648 3472 2197 46662 48472 25173 23299 25086 1108 935 20874 20325 11653 4917 6064 5249 11543 11307 6466 6291 1882 1214 286
is_linear=0
shrinkage=0.05


Tree=45
num_leaves=63
num_cat=0
split_feature=6 6 4 4 6 4 4 1 2 2 6 2 1 1 5 2 2 1 3 5 1 3 1 3 6 1 7 1 2 1 5 5 1 6 4 4 1 5 5 5 5 5 3 1 2 4 3 2 1 4 2 5 4 1 1 3 1 3 5 2 6 4
split_gain=1412.53 175.112 92.8149 55.0082 48.752 29.7366 24.8813 23.3673 20.5107 16.9373 15.981 15.7972 13.8178 13.5789 13.2242 16.3967 15.5156 12.7498 15.4644 27.1223 11.7523 12.4814 11.7086 15.6146 16.064 11.6802 11.0368 12.0635 10.2179 10.1617 12.6749 18.9608 10.1266 10.0165 10.0059 9.69109 10.3704 9.52028 9.42301 10.1728 9.37747 9.19944 9.01309 11.3396 8.93179 10.4955 9.18355 9.12135 8.85063 10.144 8.80412 8.70238 8.58452 8.54992 8.8872 8.44235 8.39937 10.0196 8.50607 8.39121 9.05828 8.13526
threshold=124.93000000000002 1129.5400000000002 623.50000000000011 13.500000000000002 8374.5800000000017 16.500000000000004 1.5000000000000002 109.50000000000001 5057.9050000000007 3447.6850000000004 47875.92500000001 15080.935000000001 41.500000000000007 20.500000000000004 3.5000000000000004 14506.280000000002 22017.785000000003 31.500000000000004 141.50000000000003 3.5000000000000004 29.500000000000004 307.50000000000006 34.500000000000007 76.500000000000014 320.40500000000003 9.5000000000000018 1.5000000000000002 5.5000000000000009 7242.4750000000013 245.50000000000003 248.50000000000003 300.50000000000006 23.500000000000004 79.995000000000019 1.0000000180025095e-35 117.50000000000001 22.500000000000004 122.50000000000001 90.500000000000014 2981.0000000000005 445.50000000000006 30.500000000000004 200.50000000000003 26.500000000000004 2599.5100000000007 6.5000000000000009 18.500000000000004 320.53500000000003 18.500000000000004 197.50000000000003 10241.440000000001 19.500000000000004 2.5000000000000004 231.50000000000003 89.500000000000014 200.50000000000003 174.50000000000003 1171.5000000000002 85.500000000000014 2655.3200000000002 209.00500000000002 290.50000000000006
decision_type=2 2 2 2 2 2 2 2 2 2 2 2 2 2 2 2 2 2 2 2 2 2 2 2 2 2 2 2 2 2 2 2 2 2 2 2 2 2 2 2 2 2 2 2 2 2 2 2 2 2 2 2 2 2 2 2 2 2 2 2 2 2
left_child=2 3 5 17 14 7 10 25 22 42 37 -8 -10 48 15 -3 -17 18 44 -20 21 -16 23 24 -5 26 27 -1 34 30 53 -32 -13 -28 -22 36 -26 41 -12 -40 -34 -6 -7 -44 47 46 -46 52 61 -50 -15 -49 -2 54 -30 -39 -43 58 -58 -48 -61 -11
right_child=1 4 -4 8 6 9 11 -9 12 13 38 32 -14 50 20 16 -18 -19 19 -21 28 -23 -24 -25 35 -27 33 -29 29 -31 31 -33 40 -35 -36 -37 -38 55 39 -41 -42 56 43 -45 45 -47 59 51 49 -51 -52 -53 -54 -55 -56 -57 57 -59 -60 60 -62 -63
leaf_value=0.13053893311934667 0.030667486402662661 -0.019024746568125417 -0.038685418860436249 -0.02005350073745793 0.0017865923623880604 -0.027278433377239127 -0.010335441700052385 0.15168451903873756 0.0091348281179932864 -0.0074857679502873271 0.005196593793327129 -0.014707094367792729 -0.0078448227062560411 -0.02255326929475782 0.0067984324282959951 0.075226725316333717 -0.01500318357071876 -0.0037165498354987305 0.13125637695712897 0.016860999727285737 0.0053192725330058581 0.053733124832078122 -0.019534672559870792 -1.2247989152197289e-05 -0.0014972069756240675 -0.017814806476520294 -0.011128040419408281 0 0.0045111150413213886 -0.040210982271768732 0.053714647912861728 0.0038632524101415455 0.0060988934143850967 0.019206728397502815 -0.0023714678239612017 -0.028645019527837025 -0.016025174338243228 -0.0153928071582676 0.016866326876011951 -0.0083381169286287134 -0.0091158892176019315 0.011919082271366397 0.090065580083196262 -0.012703174560081338 0.080856258463147701 -0.0052984237315165409 0.071521247005687433 -0.002567794704655282 0.13332939358005938 0.0013185508489740141 0.019197846595352074 0.012714493718285216 -0.0092484526689224963 0.044111416939263272 0.0010814791611574767 0.0060021801702134538 -0.0096888763024128126 -0.020309857383888297 0.015827434033329865 0.06862024589157685 0.010574799155027357 0.058233287494934838
leaf_weight=3.1934457290917626 44.525098444893956 121.16595493257046 1534.6270390879363 488.09223561827093 298.19738862663507 1638.1752818683162 161.49570663645864 2.1018393319100133 186.64804952125996 21.98907073400915 241.37602135539055 60.804737869650126 333.75194363296032 103.05813982244581 1547.2651452366263 9.5932606365531701 9.1685363650321943 1191.0845354031771 5.8943325821310273 39.924041612073779 566.59998435899615 14.231704760342835 500.64080670196563 279.4325651107356 394.37383764237165 264.84714566729963 106.86812515370548 3.8647112417966127 4972.9972789771855 13.217805188149212 31.13030718266964 49.666127420961857 4891.0411373600364 36.333589266985655 1665.7413862012327 51.796744517982006 178.92333291936666 47.144988089799881 1201.2925240546465 41.086869567632675 103.06888969242573 2324.2770277410746 3.4536423012614241 10.698732126504181 5.4723156057298175 70.708871135488153 6.3413271419703952 852.7925910660997 3.1561312600970259 2.7750813672319055 14.180526346899567 104.42789501696825 18.998524927534163 12.715773079544304 3052.968227814883 1739.7824331969023 49.034807950258255 42.762524470686913 96.409266665577888 6.9683700557798138 157.60548979789019 5.8624666258692733
leaf_count=109 697 3087 185905 29315 1634 142492 1104 70 5832 1205 1033 571 10313 7113 19551 170 161 28039 170 837 5281 144 20413 11805 15158 12680 5010 148 44309 92 184 285 23688 1322 25093 2791 6446 208 5027 170 460 9990 280 834 96 2026 140 21834 170 165 901 1358 704 78 23615 7295 220 180 408 238 3083 397
internal_value=-0.000412207 0.00341322 -0.0292245 -0.00516115 0.00521843 -0.0226824 0.00757911 -0.0106288 -0.0105476 -0.0254675 0.00975319 0.00504344 -0.00174466 -0.00938059 0.00300768 -0.0122613 0.0310222 2.76373e-05 0.00342629 0.0319401 0.00318735 0.00723282 -0.0129644 -0.0105976 -0.01325 -0.011499 -0.000329058 0.0602248 0.00257735 0.00339989 0.003472 0.0231751 0.00553596 -0.00338848 -0.000417058 -0.00792726 -0.00604204 0.00829416 0.0142699 0.0160282 0.00578371 0.0101105 -0.0269341 0.0124809 0.00238945 0.0109177 0.0174459 0.00031922 0.0184397 0.0734395 -0.0174486 -0.000894198 0.0186551 0.00327305 0.00320718 0.00543408 0.0110963 0.000907569 0.0071898 0.0153403 0.0131031 0.00632739
internal_weight=32037.8 28282.6 3755.18 4918.4 23364.2 2220.56 11297.8 417.209 2413.66 1803.35 6081.36 5216.41 520.4 151.021 12066.5 139.928 18.7618 2504.74 1313.66 45.8184 11926.5 1561.5 1893.26 1392.62 1113.19 415.107 150.26 7.05816 10365 8132.7 8119.48 80.7964 5054.91 143.202 2232.34 625.094 573.297 4597.61 1483.76 1242.38 4994.11 2810.68 1652.33 14.1524 1267.84 247.096 176.388 1020.74 33.7827 5.93121 117.239 957.22 63.5236 8038.68 8025.97 1786.93 2512.48 188.207 145.444 170.915 164.574 27.8515
internal_count=694134 335333 358801 161295 174038 172896 51988 19339 102073 153557 26165 25823 16145 9951 122050 3418 331 59222 31183 1007 118632 19695 85928 65515 53710 19269 6589 257 98937 68563 68471 469 24719 6332 30374 24395 21604 19935 6230 5197 24148 12432 143606 1114 30176 5583 3557 24593 1937 335 8014 23192 1401 68002 67924 7503 10798 808 628 3461 3321 1602
is_linear=0
shrinkage=0.05


Tree=46
num_leaves=63
num_cat=0
split_feature=6 6 4 4 2 4 4 1 2 5 2 6 0 4 1 1 4 0 2 1 4 1 5 2 0 4 1 1 1 6 2 5 1 2 1 1 5 5 4 4 8 5 5 1 5 5 2 5 1 6 1 5 5 2 6 1 6 1 5 2 5 5
split_gain=1310.28 158.068 91.8145 50.4261 44.5136 28.4665 28.0406 19.9444 18.9797 18.8801 16.2547 16.0712 13.844 23.7188 13.4191 12.6417 12.4562 11.9444 13.182 11.5259 11.4948 13.248 13.3546 11.5192 11.437 17.0406 10.8604 10.7323 10.3734 9.70126 9.62409 9.43762 8.99605 8.9069 8.85119 10.3935 9.35117 8.84778 8.80272 11.6267 8.78393 8.58704 9.21823 8.2525 9.49637 16.4878 8.13474 9.49416 9.01666 8.98253 8.40418 18.2247 23.5905 8.0718 7.97865 7.97417 13.274 11.2576 8.10322 7.8971 8.65087 8.75326
threshold=124.93000000000002 1129.5400000000002 623.50000000000011 13.500000000000002 16281.775000000003 16.500000000000004 1.5000000000000002 110.50000000000001 5057.9050000000007 3.5000000000000004 3370.2700000000004 47875.92500000001 79.500000000000014 199.50000000000003 40.500000000000007 48.500000000000007 17.500000000000004 2.5000000000000004 320.53500000000003 20.500000000000004 56.500000000000007 20.500000000000004 24.500000000000004 1440.9300000000003 24.500000000000004 34.500000000000007 9.5000000000000018 294.50000000000006 166.50000000000003 79.995000000000019 10575.630000000001 533.00000000000011 18.500000000000004 2441.5550000000007 280.50000000000006 157.50000000000003 80.500000000000014 464.50000000000006 273.50000000000006 320.50000000000006 1.0000000180025095e-35 90.500000000000014 2981.0000000000005 135.50000000000003 224.50000000000003 92.500000000000014 7242.4750000000013 6.5000000000000009 141.50000000000003 1658.6600000000003 135.50000000000003 82.500000000000014 45.500000000000007 11309.090000000002 88.02500000000002 97.500000000000014 2899.4400000000005 101.50000000000001 274.50000000000006 61411.715000000004 1224.0000000000002 805.00000000000011
decision_type=2 2 2 2 2 2 2 2 2 2 2 2 2 2 2 2 2 2 2 2 2 2 2 2 2 2 2 2 2 2 2 2 2 2 2 2 2 2 2 2 2 2 2 2 2 2 2 2 2 2 2 2 2 2 2 2 2 2 2 2 2 2
left_child=2 3 5 17 9 7 11 26 20 -3 -7 27 19 -14 -11 -10 28 18 -2 32 21 22 23 -5 -25 -26 29 34 31 -1 -21 33 38 -16 35 43 -37 46 -12 -40 -4 -13 59 55 45 -45 -35 49 50 -48 -49 52 -52 -32 -31 -6 -57 -58 -59 -43 61 -61
right_child=1 4 40 8 6 10 -8 -9 15 14 12 41 13 -15 16 -17 -18 -19 -20 30 -22 -23 -24 24 25 -27 -28 -29 -30 54 53 -33 -34 37 -36 36 -38 -39 39 -41 -42 42 -44 44 -46 -47 47 48 -50 -51 51 -53 -54 -55 -56 56 57 58 -60 60 -62 -63
leaf_value=-0.007733856585993364 0.028646451709249766 -0.017021528970664522 -0.044670585628734209 -0.0099647179660823423 0.010181644443683024 -0.026320110975518198 0.0045291928951411292 0.13275806834104895 0.0064810222649672221 0.0052695734355521478 -0.016941190480637636 0.0049324387092314174 0.17861696967601479 -0.012797464909693412 0.025610994648884257 -0.009125911762864607 -0.004819742437565386 -0.0044378319894643461 0.0018826788284459677 -0.024622839260380263 -0.017947004408003415 -0.013651237149680995 0.10458252351704254 -0.0025900590479913618 0.055400858354807653 0.0010624520237584101 -0.017232616654755048 -0.021463943991075402 0.019367454892426014 0.075084503865417554 0.1204311702944369 -0.04539454192182478 0.068097401799499538 -0.0018708980417131303 0.037916194340910161 -0.0066217746201501122 0.0056010120363394547 0.045209656840988308 0.12794683305559468 -0.0069484901100699374 -0.035853144661971016 -0.010713509338331265 -0.0079323789779660557 0.0079179692359566452 -0.001998589412101525 0.024669883610912144 0.068428263234910622 0.0026648867874384599 -0.010310230202369677 0.0060010711221387784 -0.0016263517928743168 -0.0065879962482768024 0.090665957403161523 0.00468043135064692 0.011439583565965023 -0.031628633876373921 -0.0068624478283899649 0.0084734474784735562 -0.0073356605852109491 0.016758717043364717 0.035018161559060373 -0.0022919071441072927
leaf_weight=112.29698511213064 47.384399303235114 125.63129354827106 394.56288539431989 279.02483945991844 1880.727397672832 1603.3999719638377 7332.820481736213 2.3203999949619165 248.19225818291306 2919.2917875498533 17.842240539379425 241.587457716465 2.5144221363589159 4.103451194241643 38.966498963534832 271.37542981747538 765.09195463173091 937.3966518426314 1519.8390768598765 105.55835686810315 635.79258708935231 773.55922667123377 2.7676514312624922 119.65325579233468 25.117629580199718 34.182150859385729 260.47983892820776 31.156816557049751 84.600065719336271 5.8028362812474361 1.65218942798674 10.499038577079771 6.1978081231936804 1305.1009325832129 24.408128947019577 178.60153713822365 1241.7659016996622 11.532160356640814 2.6953851599246255 3.5532863270491362 1082.7649316415191 26.613807365298271 41.035479605197906 294.80161087960005 79.90421162545681 295.23741042613983 10.536140833050014 3628.0554977245629 132.34068707749248 13.047211565077303 12.061536569148304 27.250347658991814 15.819276012480257 11.605582555755971 32.10021192021668 23.863237775862217 154.56344114243984 1196.5777330249548 86.529131725430489 1046.2369736880064 61.386603876948357 63.473790347576141
leaf_count=5240 751 3213 50564 13172 9286 143182 42676 67 7716 35070 984 1033 145 245 432 8429 11330 27139 31332 7453 36154 29886 66 4455 865 1330 12683 132 605 212 105 63 327 16225 99 959 5238 64 147 250 135341 108 170 1450 331 1255 164 30773 992 169 136 175 122 719 1137 227 726 5535 361 4389 265 265
internal_value=-0.000396466 0.00324011 -0.0285927 -0.00493092 0.00494928 -0.022045 0.00668896 -0.0102078 -0.0101266 0.00221461 -0.0248205 0.00896084 -0.00934035 0.0607613 0.00248465 -0.0016612 0.00114104 2.44994e-05 0.00269684 -0.0125239 -0.0124757 -0.00965207 -0.00292541 -0.0036087 0.00627375 0.0242173 -0.0110599 0.00771139 0.0020042 -0.000317323 -0.0195584 0.00172067 0.0148798 0.00181772 0.00787927 0.00774271 0.0040602 0.00163643 0.000757017 0.0515503 -0.0382143 0.0135888 0.0152724 0.00904498 0.0141201 0.0163113 0.0015369 0.0026967 0.00249933 0.0342734 0.00296121 0.0223311 0.0506975 0.0202732 0.0214869 0.0080258 0.0052477 0.00586543 0.00740294 0.0160722 0.0166861 0.0156644
internal_weight=31944.9 28295.4 3649.45 4894.29 23401.1 2172.12 14301.3 413 2389.67 9099.82 1759.12 6968.47 155.723 6.61787 8974.19 519.568 6054.9 2504.62 1567.22 149.105 1870.1 1234.3 460.746 457.978 178.953 59.2998 410.68 5488.14 5289.81 150.2 118.816 5205.21 30.2887 5194.71 5456.98 5432.57 1420.37 5155.74 24.0909 6.24867 1477.33 1480.33 1238.75 4012.2 669.943 590.039 5144.21 3839.11 3815.53 23.5834 3683.19 55.1312 27.8808 13.2578 37.903 3342.26 1461.53 1437.67 1283.11 1197.71 1171.1 1109.71
internal_count=694134 335333 358801 161295 174038 172896 74505 19339 102073 99533 153557 31829 10375 390 96320 16145 61250 59222 32083 9985 85928 49774 19888 19822 6650 2195 19272 25599 49920 6589 8277 49315 1708 49252 25467 25368 6197 48820 1381 397 185905 6230 5197 19171 3036 2705 48756 32531 32198 333 31206 433 258 824 1349 16135 6849 6622 5896 5027 4919 4654
is_linear=0
shrinkage=0.05


Tree=47
num_leaves=63
num_cat=0
split_feature=6 6 4 4 6 4 2 4 2 1 2 1 1 1 3 5 1 3 1 2 8 6 1 5 2 2 1 2 4 1 3 1 1 1 3 1 1 4 8 6 5 3 6 3 3 5 5 2 3 6 2 5 4 4 5 5 3 5 5 1 2 1
split_gain=1214.87 142.662 90.6698 46.2041 40.2847 27.21 21.1812 17.709 17.5447 16.3922 15.5595 12.2984 11.5165 11.3731 13.5195 20.6671 10.8548 15.3491 13.3553 14.6278 11.7834 10.8246 10.7919 10.7144 14.3423 13.0852 10.5468 10.3321 9.92306 9.88565 10.7197 9.78893 9.39038 10.7744 9.33164 9.40239 9.032 9.01507 8.94113 8.89523 8.6247 8.15602 8.14823 8.1035 13.1959 10.2125 10.0387 8.10057 14.6264 9.72031 9.39281 10.7141 8.89024 8.66657 8.05321 23.0902 7.92056 11.1961 11.1395 11.3289 10.126 9.36675
threshold=124.93000000000002 1129.5400000000002 623.50000000000011 13.500000000000002 8374.5800000000017 16.500000000000004 16971.395000000004 1.5000000000000002 5057.9050000000007 110.50000000000001 3370.2700000000004 20.500000000000004 41.500000000000007 31.500000000000004 141.50000000000003 3.5000000000000004 34.500000000000007 54.500000000000007 16.500000000000004 1353.325 4.5000000000000009 47875.92500000001 23.500000000000004 3.5000000000000004 14506.280000000002 22017.785000000003 8.5000000000000018 183.31000000000003 17.500000000000004 29.500000000000004 298.50000000000006 294.50000000000006 245.50000000000003 229.50000000000003 200.50000000000003 26.500000000000004 280.50000000000006 7.5000000000000009 1.0000000180025095e-35 16.570000000000004 445.50000000000006 106.50000000000001 1178.9400000000003 236.50000000000003 202.50000000000003 120.50000000000001 30.500000000000004 1989.6000000000001 21.500000000000004 838.46500000000015 1381.4100000000003 26.500000000000004 6.5000000000000009 2.5000000000000004 248.50000000000003 300.50000000000006 278.50000000000006 79.500000000000014 33.500000000000007 67.500000000000014 30326.465000000004 155.50000000000003
decision_type=2 2 2 2 2 2 2 2 2 2 2 2 2 2 2 2 2 2 2 2 2 2 2 2 2 2 2 2 2 2 2 2 2 2 2 2 2 2 2 2 2 2 2 2 2 2 2 2 2 2 2 2 2 2 2 2 2 2 2 2 2 2
left_child=2 3 5 13 23 9 28 21 16 27 34 -12 -10 14 47 -16 17 18 19 20 -5 31 -9 24 42 -26 -19 39 -6 30 -25 36 33 37 -7 -36 43 54 -4 -1 -24 -23 -3 44 45 -8 -46 50 49 -49 53 -52 -50 -2 -31 -56 57 60 59 -58 -45 -60
right_child=1 4 38 8 6 10 7 22 12 -11 11 -13 -14 -15 15 -17 -18 26 -20 -21 -22 41 40 29 25 -27 -28 -29 -30 32 -32 -33 -34 -35 35 -37 -38 -39 -40 -41 -42 -43 -44 56 46 -47 -48 48 52 -51 51 -53 -54 -55 55 -57 58 -59 61 -61 -62 -63
leaf_value=-0.026943736184339942 0.007515102541280733 0.031451523258247287 -0.044395826147257234 -0.01508489308359201 -0.00028834255178952425 -0.026035339148654964 0.010443198009559873 -0.017498562495491039 0.0082289786187191936 0.11271868963797778 0.016386714269228535 -0.016815017501129771 -0.0072373347602963977 -0.0035257343399191796 0.11073565399688974 0.015821677003084431 -0.018438029404652511 0.055975993101666878 -0.02148730217131015 0.0042696204571156761 0.097317512652001226 -0.014544172483957514 0.0057120083606487463 0.0061171519880937287 0.06715480144255534 -0.014633132237403463 -0.0038232978885350231 -0.015034801879516099 -0.023495792005639768 0.0030660190822647594 0.047184547464469928 -0.020069889927376072 -0.039673140321381556 0.040100831976689677 0.083039305834748042 -0.0096375021496437063 0.03889195995226212 0.00010745140098885262 -0.035316164049692976 0.011369537804405586 -0.0089416009719663469 0.013444422373105627 -0.021345148759319147 -0.010586302413866639 -0.0080301919959262901 -0.020891210101756624 0.028514155704189043 0.073339103678255232 0.010846810282243243 0.00087897835098729108 -0.011517401919369501 0.041871751724598165 -0.0065046974247956885 -0.0040749593016964911 0.044467369286716296 -0.0022515176878450255 0.021222085305042947 -0.01751461837173109 0.010429198624795353 -0.018620639957825105 0.015123142405055072 0.0048832014642207358
leaf_weight=18.750802638009191 382.04221013374627 7.6691060755401841 377.58530860301107 343.98879927769303 561.97113623842597 1549.1502696843818 505.84329151362181 51.777602829039097 189.36687374766916 2.6057944931089869 36.279656837694347 118.08388569764793 329.40748875401914 1186.6680524460971 6.6362707111984482 40.496506093069911 484.66951270028949 7.3722439855337134 343.06415917724371 151.90389583818614 2.2377006318420163 26.255377523601055 4806.8393468894064 1560.7287541721016 10.215662866830828 9.0888268500566465 514.79661580175161 311.2040533721447 50.121715139597654 6975.9145376347005 15.995800185948609 30.71272349357605 13.202375710010527 18.775962449610233 3.6392943346872917 9.8990940647199732 23.782867699861526 3285.3555774334818 1045.2266677836888 76.420005960389972 102.20807380974293 1450.4266139417887 109.59960319288075 60.450075224041939 20.942424923181534 27.221044138073921 164.26600171625614 13.758411028422417 260.94415826350451 7.1643306426703921 216.17360802553594 9.6918590106070024 102.46713479235768 278.42116400785744 44.441983252763748 64.6167166903615 23.32366582006216 76.649801135063171 1866.378300756216 73.862381771206856 103.53110121190548 1293.893729493022
leaf_count=904 6328 220 50564 19530 2966 142099 2331 491 5832 67 2008 8367 10313 28039 170 837 20413 388 16136 6735 54 122 23095 19541 170 161 22672 15405 480 58051 154 130 95 113 278 805 96 40011 135341 2963 456 6108 2867 271 106 115 690 324 5504 113 5549 125 3080 9153 272 395 117 321 7855 383 457 5398
internal_value=-0.000381159 0.00307597 -0.0279576 -0.00470911 0.00469435 -0.0214124 0.00683919 0.00735638 -0.00971812 -0.00979835 -0.024175 -0.00897377 -0.00158157 2.27848e-05 0.00322203 0.0294975 -0.0119993 -0.00970547 -0.0138866 -0.00863866 -0.0143161 0.00924655 0.00516531 0.00268983 -0.0112233 0.0285132 -0.00295889 -0.0106238 -0.0022004 0.00284896 0.00653992 0.00796723 0.00228897 0.00234315 -0.0256728 0.0153348 0.00817196 0.00227392 -0.0377322 0.00374812 0.00540572 0.0129424 -0.0178259 0.00799657 0.0128425 0.0088301 0.0243528 0.00224121 0.00830332 0.0488875 -0.00038247 -0.00918684 0.0059402 0.00262182 0.00327781 0.0167642 0.00699978 -0.00173645 0.0076467 -0.00899541 0.00561446 0.00816034
internal_weight=31856.2 28307.3 3548.84 4871.27 23436.1 2126.03 11320.5 10708.4 2366.81 408.981 1717.05 154.364 518.774 2504.46 1317.8 47.1328 1848.03 1363.36 841.195 498.13 346.226 5747.54 4960.83 12115.6 136.573 19.3045 522.169 406.375 612.093 11979 1576.72 4270.86 10402.3 10389.1 1562.69 13.5384 4240.14 10370.3 1422.81 95.1708 4909.05 1476.68 117.269 4216.36 718.273 533.064 185.208 1270.66 384.334 20.9227 886.329 225.865 363.411 660.463 7084.97 109.059 3498.09 240.631 3257.46 97.186 163.981 3160.27
internal_count=694134 335333 358801 161295 174038 172896 51988 48542 102073 19339 153557 10375 16145 59222 31183 1007 85928 65515 42455 26319 19584 24500 24042 122050 3418 331 23060 19272 3446 118632 19695 18270 98937 98842 143182 1083 18140 98729 185905 3867 23551 6230 3087 18044 3242 2446 796 30176 9021 437 21155 5674 8584 15481 58718 667 14802 1049 13753 500 728 13253
is_linear=0
shrinkage=0.05


Tree=48
num_leaves=63
num_cat=0
split_feature=6 6 4 4 5 4 6 6 5 4 5 4 3 3 0 8 5 4 6 4 0 6 6 3 6 4 3 3 0 5 4 3 3 0 6 5 6 5 5 6 7 0 3 6 3 4 3 8 5 3 4 5 3 5 6 3 6 3 0 3 3 3
split_gain=1125.81 128.787 89.389 42.2956 36.6102 25.9612 21.071 17.2218 13.6349 13.2699 14.8583 13.8517 10.5254 10.4471 10.2689 9.09007 9.06048 8.95501 8.88642 8.69171 13.1333 8.57126 14.5398 9.93122 8.9324 8.27653 9.53522 8.21846 9.58313 8.35051 8.04995 10.3226 8.01139 13.026 8.00634 7.85664 7.54199 7.5394 16.8931 10.4787 7.29769 10.054 7.13304 8.80407 12.4092 8.29419 9.07082 7.39781 7.07031 10.3948 9.87111 8.02917 7.87492 7.28151 11.029 7.06998 6.99872 7.6367 6.97888 6.88375 9.44625 8.87188
threshold=124.93000000000002 1129.5400000000002 623.50000000000011 13.500000000000002 32.500000000000007 16.500000000000004 56324.710000000006 314.04500000000002 104.50000000000001 1.5000000000000002 189.50000000000003 9.5000000000000018 197.50000000000003 230.50000000000003 2.5000000000000004 1.0000000180025095e-35 3.5000000000000004 103.50000000000001 1178.9400000000003 84.500000000000014 77.500000000000014 1906.4300000000001 4264.2000000000016 98.500000000000014 1658.6600000000003 273.50000000000006 224.50000000000003 311.50000000000006 1.0000000180025095e-35 2981.0000000000005 64.500000000000014 303.50000000000006 92.500000000000014 73.500000000000014 7722.3900000000003 5.5000000000000009 1475.5400000000002 1224.0000000000002 727.50000000000011 109791.10500000001 3.5000000000000004 122.50000000000001 30.500000000000004 209.00500000000002 18.500000000000004 1.5000000000000002 23.500000000000004 2.5000000000000004 70.500000000000014 494.50000000000006 7.5000000000000009 81.500000000000014 562.50000000000011 64.500000000000014 4517.6950000000006 236.50000000000003 5071.4100000000008 648.50000000000011 2.5000000000000004 116.50000000000001 135.50000000000003 93.500000000000014
decision_type=2 2 2 2 2 2 2 2 2 2 2 2 2 2 2 2 2 2 2 2 2 2 2 2 2 2 2 2 2 2 2 2 2 2 2 2 2 2 2 2 2 2 2 2 2 2 2 2 2 2 2 2 2 2 2 2 2 2 2 2 2 2
left_child=2 3 5 14 16 35 9 32 -8 21 34 -12 40 25 42 -4 18 30 -3 20 -9 23 -23 -6 36 26 -14 28 -10 37 -15 -32 -5 -34 48 -1 -25 38 -29 -40 -7 -42 43 44 47 -46 -47 -2 50 51 53 -50 -52 -11 -55 -38 57 -54 -58 61 -61 -24
right_child=1 4 15 7 6 12 8 19 27 10 11 -13 13 17 -16 -17 -18 -19 -20 -21 -22 22 59 24 -26 -27 -28 29 -30 -31 31 -33 33 -35 -36 -37 55 -39 39 -41 41 -43 -44 -45 45 46 -48 -49 49 -51 52 -53 56 54 -56 -57 58 -59 -60 60 -62 -63
leaf_value=-0.011597376515212568 0.038800900842185904 0.035813620530301252 -0.044111864869649381 -0.018539174117170314 0.041062929351196535 -0.026626000399056788 0.003687797411258794 -0.0051337586625265167 0.014351145558045756 0.0050222321330453713 -0.0023988190780069177 -0.031554954463764863 0.0013219217091621964 -0.011423261605048172 -0.0041374923752071149 -0.03476907260409632 0.0021278322511977966 -0.04570906925264228 -0.013869618362811149 -0.015733662501023052 0.08521505726112788 -0.00011842414168927333 0.0064688678786149799 0.01376990082563638 0.028670720198846852 0.13994926107744507 0.13416162313395005 0.016167419915570875 -0.017899190557762814 -0.0082707580604252564 -0.013635921092149166 0.15712599904802282 -0.0081792671686631187 0.11749250435125375 0.0057251415115212034 0.012665411819678736 -0.036271154776333601 0.032230111057216397 0.01043483531982644 -0.024754018069280487 -0.020555683650521697 0.026043600900763905 0.00083509899340499351 0.0051344856583342797 0.03260785059398074 0.15666256477684681 0.04627461948725306 -0.0081390845142261248 -0.021031172586843162 0.0067265691808966995 -0.0040883556574771076 -0.003575767222525113 0.032169817417756506 0.042878199660448479 0.0043384886276567197 0.010866202114536417 0.052189673779740223 -0.018740178273507595 0.0085514960503278673 -0.0081835947454963736 0.0072472180060047858 0.025501854519750691
leaf_weight=368.74142264202237 12.790822600945829 9.5031947363167983 361.42531209951267 564.49264856055379 36.548420980572701 1050.6067893328145 468.83635770529509 1362.962875906378 48.934854388237 1025.4060288332403 344.41413614153862 46.193022396415472 8.5491181183606368 7.7662770943716186 931.7473136652261 1009.5035302909091 8743.8407253604382 12.031204643659292 134.10303854942322 213.1747628627345 3.9284363724291316 735.29246427118778 130.20057566463947 49.192838486284018 47.536405324935913 1.7371316347271193 1.5230931052938093 1064.4312962293625 43.315477564930916 38.1092599183321 1.5196085497736933 1.8242510445415971 198.58194111566991 1.9794241162016977 3409.0445174649358 36.408800214529037 19.492537133395672 63.490806967020035 42.250430315732956 41.962900042533875 579.79937142226845 11.635066267102955 1269.1288785357028 243.86135682277381 15.095826262608172 3.4945716727524987 4.4836478466168046 23.678991596214473 94.611804030835629 162.00286321341991 510.94575475901365 219.75532846152782 10.598927408456801 32.85892940312624 43.310370653867722 13.111126631498335 16.949363686144352 23.440256956964731 20.619975984096527 100.59827542304993 5560.2682899013162 117.16914041340351
leaf_count=18440 208 244 50564 34794 303 104333 2001 46072 197 8148 1663 304 630 487 27139 135341 92404 963 3324 10245 168 5820 638 462 432 156 112 4482 180 158 109 123 10670 124 15945 899 180 279 177 178 45706 938 26740 3932 343 115 151 594 817 1144 5133 1905 111 316 263 120 109 228 139 490 25184 560
internal_value=-0.000366408 0.00292018 -0.0273196 -0.00449703 0.00445307 -0.0207847 0.00599502 -0.00932227 0.0110442 0.00527832 0.00355363 -0.0058668 -0.0235309 0.00348626 1.97325e-05 -0.0372388 0.00192271 -0.0158812 -0.0105244 -0.00633474 -0.00486422 0.0067871 0.00650541 0.0180281 0.0114533 0.0416728 0.0230226 0.0136091 -0.00074061 0.0146719 0.0160932 0.0799292 -0.0154843 -0.00685611 0.0042153 -0.00940208 0.00136353 0.015398 0.0144605 -0.00704878 -0.0241092 -0.0196263 0.00248623 0.0093738 0.0266143 0.0552663 0.0965858 0.00824823 0.00183047 -0.003542 0.00335321 -0.00885006 -0.0019039 0.00613782 0.0210642 -0.0171873 0.013597 -0.00269386 0.0284578 0.00733059 0.00697198 0.0155109
internal_weight=31770.8 28317.7 3453.07 4849.4 23468.3 2082.14 14580.9 2345.12 1811.33 12769.6 5960.15 390.607 1676.99 34.9507 2504.28 1370.93 8887.45 23.1413 143.606 1580.07 1366.89 6809.41 6643.53 165.881 129.333 11.8093 10.0722 1342.5 92.2503 1250.24 11.1101 3.34386 765.054 200.561 5569.54 405.15 81.7965 1212.14 1148.64 84.2133 1642.04 591.434 1572.53 303.405 59.5439 23.074 7.97822 36.4698 2160.5 476.37 1684.13 314.367 582.554 1101.58 76.1693 32.6037 71.6085 34.0392 37.5693 5908.24 5660.87 247.37
internal_count=694134 335333 358801 161295 174038 172896 78066 102073 7652 70414 36225 1967 153557 2580 59222 185905 95972 1682 3568 56485 46240 34189 32692 1497 1194 898 742 5651 377 5274 719 232 45588 10794 34258 19339 762 5116 4837 355 150977 46644 32083 5343 1411 609 266 802 18313 3866 14447 2722 5720 8727 579 300 587 339 248 26872 25674 1198
is_linear=0
shrinkage=0.05


Tree=49
num_leaves=63
num_cat=0
split_feature=4 2 2 4 7 2 4 4 3 1 1 1 3 2 4 3 8 1 1 3 1 0 2 2 2 3 2 1 2 1 3 0 7 1 8 3 3 1 4 2 1 1 1 8 1 8 1 3 3 0 8 1 2 0 8 3 3 1 1 1 3 0
split_gain=1027.69 145.198 66.703 53.4017 33.701 29.2321 25.0442 17.3536 16.961 15.6272 15.2908 14.2654 22.1461 13.8668 13.7195 12.3257 14.829 12.3015 11.4445 11.2218 10.8189 11.2108 11.6391 10.79 10.5612 12.5458 10.2975 10.239 10.1691 10.9975 18.326 10.2422 21.3318 9.42536 9.3351 9.10354 9.71135 19.8087 10.5881 11.3119 10.4122 9.77274 8.57617 8.5409 8.4965 10.2277 8.34934 17.1236 8.90618 11.2982 9.76661 14.9897 9.64354 8.79252 8.28007 8.15858 17.4935 7.96953 8.01812 8.62899 18.1186 15.5073
threshold=87.500000000000014 5177.7850000000008 1353.325 9.5000000000000018 3.5000000000000004 27136.745000000006 623.50000000000011 1.5000000000000002 173.50000000000003 31.500000000000004 34.500000000000007 61.500000000000007 175.50000000000003 5574.8050000000012 1.0000000180025095e-35 54.500000000000007 4.5000000000000009 19.500000000000004 8.5000000000000018 899.50000000000011 12.500000000000002 81.500000000000014 512.78500000000008 1950.1700000000003 3221.4250000000006 27.500000000000004 7242.4750000000013 24.500000000000004 3370.2700000000004 9.5000000000000018 63.500000000000007 15.500000000000002 2.5000000000000004 26.500000000000004 2.5000000000000004 2254.0000000000005 666.50000000000011 138.50000000000003 18.500000000000004 28633.675000000003 192.50000000000003 146.50000000000003 23.500000000000004 3.5000000000000004 8.5000000000000018 4.5000000000000009 44.500000000000007 574.50000000000011 147.50000000000003 39.500000000000007 2.5000000000000004 28.500000000000004 13947.795000000002 13.500000000000002 1.0000000180025095e-35 9.5000000000000018 16.500000000000004 245.50000000000003 62.500000000000007 91.500000000000014 632.50000000000011 9.5000000000000018
decision_type=2 2 2 2 2 2 2 2 2 2 2 2 2 2 2 2 2 2 2 2 2 2 2 2 2 2 2 2 2 2 2 2 2 2 2 2 2 2 2 2 2 2 2 2 2 2 2 2 2 2 2 2 2 2 2 2 2 2 2 2 2 2
left_child=1 3 6 14 -5 11 8 33 -2 28 15 19 -13 -11 44 16 20 -10 -17 43 21 -6 -23 -20 -22 34 -14 -25 29 30 31 32 -4 -7 -26 36 37 42 39 -38 41 -39 -9 46 -1 -46 48 -48 49 50 -3 52 -52 -50 -8 -34 -57 58 -28 60 -60 -61
right_child=2 5 9 4 10 7 54 35 17 13 -12 12 26 -15 -16 18 -18 -19 23 -21 24 22 -24 27 25 -27 57 -29 -30 -31 -32 -33 55 -35 -36 -37 38 40 -40 -41 -42 -43 -44 -45 45 -47 47 -49 53 -51 51 -53 -54 -55 -56 56 -58 -59 59 61 -62 -63
leaf_value=0.01697424991134994 -0.027041181925152535 0.0062233384297394534 -0.028232663868508059 -0.028153764077683299 -0.0036859685816475474 0.038768838737350361 -0.044064276273112948 -0.020218072318036847 0.13728619041599685 -0.033006078142177674 -0.013503155201775681 -0.0060241626236938453 -0.0052245483056650409 -0.010045150411008688 -0.0020931031800084437 0.05252318430270532 0.025288554359393867 -0.0048096108549714155 -0.0088641130242612491 -0.047958259471985017 -0.016381106715495041 -0.018114437330156843 0.14652304609375855 0.013309428799037976 -0.014042905208826565 -0.0064856108219452108 -0.01405901538139767 -0.0019470969309217522 0.00029711871069880202 -0.018528110210202568 0.1621088067368357 -0.01375385440154802 0.21940750700715339 0.0082573979285043946 0.065680146101413622 -0.013300227624488953 0.041132990078646577 -0.015898141379956886 -0.012223529475100171 0.0086882937620470779 -0.038069474875937981 0.00021522507624808986 0.0049514153745767731 0.0071058118564554188 -0.0020721062117862398 0.0084057817815061595 -0.00079307455363462941 0.07007753012243341 0.016539280727611561 0.030625820805967138 0.0023560469471338927 -0.0092784874224077843 0.027480993086877827 -0.0039911532920342196 -0.034785254779994355 -0.044937715134237818 0.17086190699969239 -0.034366600623587762 0.0047945988442009164 0.002159635873093666 0.030071717553129557 -0.019554800943647078
leaf_weight=125.63961588032544 956.05998297315091 880.73831901699305 4.8154863435775024 217.86228327825665 360.25977044459432 25.432586945593357 335.28303839825094 34.046328887343407 2.5605497034266582 183.840874905698 788.53537334967405 899.84232893586159 413.57502523902804 103.66652471758425 2353.7993437945843 10.008691415190695 31.083794759586453 3.3969021951779723 277.92506673559546 9.9714229330420476 549.44245906826109 1.745308395475148 2.4300278387963772 171.34553540777415 5.2293343003839281 103.77209876663983 67.507531293667853 305.47735324688256 159.69219496147707 283.16685097711161 1.7796719032339741 27.192127826157957 1.3823257684707639 5251.7294664308429 11.324101623147724 72.405876472592354 27.526404727250338 133.24931864254177 58.844058346003294 1123.6936682499945 24.369522225111723 317.66968943178654 3096.123946829699 2327.4133785879239 469.76897156238556 460.62198056280613 1148.0009552240372 8.4864205904304963 268.44094172492623 37.460518097504973 242.54584672208875 328.64571012929082 45.37579083442688 64.217648366466165 927.99890415510163 1.6326468908227982 1.9298569220118222 14.15300111286342 2207.6516020642594 3160.7020398490131 73.244851185008883 84.280895916745067
leaf_count=2003 94654 9067 444 18039 18344 141 48507 347 205 14958 29959 9760 6407 4692 54505 494 608 311 14645 77 27336 139 127 5493 93 2859 605 10495 7576 24244 146 2274 175 22797 297 320 161 669 396 5083 125 1550 16895 18861 8741 4323 15858 88 3111 591 4159 5799 558 844 128968 157 147 94 19235 23196 485 897
internal_value=-0.000351866 0.00255682 -0.0282249 -0.00418537 -0.00925418 0.00443315 -0.0326143 0.00641688 -0.0265116 -0.0155157 -0.00767884 0.00279092 0.00129013 -0.0247508 2.97635e-05 -0.0051659 -0.00864258 0.0566968 -0.000315944 0.00472732 -0.00966959 -0.00271851 0.0777204 -0.00103013 -0.0134434 0 0.00238414 0.00352647 -0.00998806 -0.0151045 0.00977952 0.00189052 0.0456801 0.00840612 0.0402618 0.00426808 0.00453355 0.00323033 0.00841184 0.00947192 -0.0062752 -0.00453776 0.00467542 0.00482732 0.00476593 0.0031103 0.00307181 -0.000262682 0.00513942 0.00352683 0.00284352 -0.00197652 0.00634121 0.012561 -0.0372552 0.117783 0.072072 0.00294628 0.0030422 0.00325228 0.00560978 0.00159353
internal_weight=31688 28693.6 2994.4 6246.27 2836.44 22447.3 2225.3 10165.1 962.017 769.099 2618.58 12282.3 6920.96 287.507 3409.83 1830.04 1065.29 5.95745 764.757 5361.3 1034.2 364.435 4.17534 754.748 669.768 120.326 6021.11 476.823 481.591 321.899 38.7321 36.9524 9.76032 5277.16 16.5534 4887.93 4815.52 3605.46 1210.06 1151.22 475.289 450.919 3130.17 5351.33 1056.03 930.391 3023.91 1156.49 1867.42 1534.77 1497.31 616.567 287.922 332.659 1263.28 4.94483 3.5625 5607.54 5593.39 5525.88 2280.9 3244.98
internal_count=694134 366676 327458 198500 128928 168176 272645 48484 95170 54813 110889 119692 60679 19650 69572 80930 49803 516 31127 59013 49195 18610 266 30633 30585 3249 50919 15988 35163 27587 3343 3197 923 22938 390 25546 25226 19586 5640 5244 2344 2219 17242 58936 15067 13064 40075 15946 24129 20174 19583 10516 4717 3955 177475 479 304 44512 44418 43813 19720 24093
is_linear=0
shrinkage=0.05


Tree=50
num_leaves=63
num_cat=0
split_feature=6 2 4 4 6 5 5 3 2 4 3 2 0 6 4 4 4 7 2 6 6 5 5 0 2 6 0 3 3 2 0 4 6 6 3 2 0 4 0 3 5 2 4 3 5 6 5 5 3 5 2 3 5 3 0 5 2 2 5 0 4 3
split_gain=964.349 120.302 84.0594 58.0905 28.0699 23.211 20.5365 16.8493 15.5604 13.8187 13.2601 12.9852 12.0762 10.9968 10.9858 10.8333 16.1272 9.53732 9.3614 9.2612 9.21171 8.79229 8.46856 8.3805 9.84749 9.80782 9.68341 8.24176 12.1882 11.7479 10.3095 9.795 8.15759 10.9883 9.36769 11.4292 9.40084 7.68442 7.43071 7.53543 7.39456 7.28839 8.0396 7.2174 7.13128 7.01623 17.3115 11.7608 12.8346 18.1178 10.365 10.0234 13.4909 7.73384 8.0494 7.2922 11.0128 9.14783 8.2732 7.39208 7.37822 7.15805
threshold=131.29000000000005 7242.4750000000013 516.50000000000011 15.500000000000002 14765.125000000002 34.500000000000007 1.5000000000000002 258.50000000000006 3521.6800000000007 16.500000000000004 83.500000000000014 126.605 1.5000000000000002 22.005000000000006 90.500000000000014 197.50000000000003 257.50000000000006 1.5000000000000002 2289.3550000000005 8.8400000000000016 109.04500000000002 2.5000000000000004 2981.0000000000005 16.500000000000004 1033.4150000000002 3592.0200000000004 81.500000000000014 28.500000000000004 45.500000000000007 3291.5600000000004 39.500000000000007 34.500000000000007 2434.4100000000003 5240.9400000000014 28.500000000000004 3597.7800000000002 3.5000000000000004 111.50000000000001 72.500000000000014 76.500000000000014 175.50000000000003 13423.850000000002 166.50000000000003 19.500000000000004 12.500000000000002 47875.92500000001 109.50000000000001 125.50000000000001 411.50000000000006 233.50000000000003 109266.49000000001 942.50000000000011 90.500000000000014 311.50000000000006 1.0000000180025095e-35 189.50000000000003 21004.765000000003 78811.665000000023 185.50000000000003 10.500000000000002 1.0000000180025095e-35 1101.5000000000002
decision_type=2 2 2 2 2 2 2 2 2 2 2 2 2 2 2 2 2 2 2 2 2 2 2 2 2 2 2 2 2 2 2 2 2 2 2 2 2 2 2 2 2 2 2 2 2 2 2 2 2 2 2 2 2 2 2 2 2 2 2 2 2 2
left_child=2 3 6 32 37 -6 8 11 -1 22 12 20 13 15 23 -10 -17 -13 -9 -19 -8 -20 45 -5 26 27 -25 29 31 -26 43 -29 34 -34 35 -2 -37 -3 44 -40 -11 -39 -43 -31 -30 50 -47 -48 49 53 55 -52 -53 54 -49 58 -57 60 59 -7 61 -58
right_child=1 4 -4 14 5 9 7 18 10 40 -12 17 -14 -15 -16 16 -18 19 21 -21 -22 -23 -24 24 25 -27 -28 28 38 30 -32 -33 33 -35 -36 36 -38 41 39 -41 -42 42 -44 -45 -46 46 47 48 -50 -51 51 52 -54 -55 -56 56 57 -59 -60 -61 -62 -63
leaf_value=-0.024102890413402647 0.0038028766894180736 0.003308116155715757 -0.035368422163184601 -0.0099341464059195719 -0.0022821335341512623 0.0087153732601244708 0.0061291277573253195 0.11360735113597405 0.20148436600418235 -0.0020014334797527596 -0.021977858163688677 0.079012747661260263 0.0013697498875131116 -0.00084146342476501947 -0.016792606730998652 -0.045931181758373053 0.1458780465140159 0.087524063286799458 0.082774171168072785 -0.015786581604893987 0.091367976387574365 -0.017437781421180198 -0.012802017465298183 -0.01709229878215407 0.0040958885167277376 -0.027858225077874905 0.061444552088222054 -0.00030651216118626442 -0.0031655848549833805 0.015342839298757488 -0.0096441672870311822 -0.028699571315846419 0.0059718739767204987 -0.012147415972605583 -0.0015694005792069754 0.057565644146651718 -0.0038209601319726255 -0.035559443962446292 -0.0038088982538778677 0.096989980725152858 -0.035182087233441885 -0.018447138313344255 0.046316453686548881 0.089430899012943613 0.010492116004875231 0.0037042421178315279 0.028269795342359252 0.013017122573014381 0.0141515873553521 -0.032560410533366717 0.0063223752153555267 -0.04245285480069412 -0.0033259796850895191 0.024736323759624881 -0.019840012799246375 0.02703275473051843 -3.6079726189453024e-05 0.015462808223224912 0.037586428072259509 0.025950829055954489 -0.0051056481292392382 0.01250580463809816
leaf_weight=1273.6169178858399 520.10800714790821 13165.339708697051 1358.5870830747299 1353.2423024820164 607.7063605338335 3025.8681149184704 43.717474191449583 3.5162052987143388 1.8819346502423266 176.46509194374084 55.942262015305459 2.5767587898299089 46.816152116283774 4.0933146011084318 363.9098260756582 1.9782050522044299 2.1884682718664408 2.0660178940743199 3.2637355709448439 524.25837159901857 3.339059808291494 6.0480911582708359 46.9690161049366 154.79802987352014 82.481381166726351 33.411181714385748 3.904990470968186 54.163018669933081 370.9742389600724 5.0277373678982284 5.9946829453110686 70.129679828882217 953.54977502673864 91.467550024390221 3391.0444800872356 18.261485306546096 9.203877314925192 24.705959980376065 3.2512196712195864 3.9291506474837661 18.516345791518688 13.296652478165926 7.335472308099269 10.799392143264411 128.6011522654444 602.47523356974125 128.30904982984066 41.739927098155022 1189.6801904439926 35.32220470905304 271.25589853525162 25.524385184049606 160.20646286010742 44.176229521632195 33.469337999820709 50.444925874471664 288.85882838070393 127.14316849410534 25.67928472161293 63.763193726539612 302.38752907514572 186.73835776746273
leaf_count=122102 10893 105793 195845 48377 3638 12615 1942 163 123 902 4245 82 2963 241 21590 135 153 143 180 33086 79 262 197 8388 3176 437 237 1667 13011 113 161 2752 8827 600 68511 219 182 827 132 131 108 342 173 246 2790 2534 529 168 5038 144 1135 110 648 180 138 211 1179 514 105 287 1280 754
internal_value=-0.000356305 0.00264076 -0.0257904 -0.00272499 0.00462187 0.00707598 -0.0191988 -0.0113552 -0.022525 0.00790756 -0.0046747 -0.0126271 0.012241 0.0614321 -0.00871459 0.103716 0.054699 -0.0148709 0.0450222 -0.015355 0.0124645 0.0176609 0.00829254 -0.00742279 -0.00375245 -0.00140359 -0.0150909 -0.000191186 -0.00235046 0.0128146 0.0453721 -0.0163771 0.000452558 0.00438015 -0.000588348 0.00547722 0.0368738 0.00323698 0.00108256 0.0512368 -0.00519447 -0.0172725 0.00444985 0.0664537 0.000341583 0.00844354 0.0108564 0.0137785 0.0123897 -0.00112728 0.00733639 0.000185106 -0.00874992 0.00815037 -0.00154537 0.00813792 0.00430655 0.00303159 0.00931136 0.00907352 0.00099185 0.00487945
internal_weight=31625.5 28291.6 3333.89 7628.25 20663.4 7452.7 1975.3 588.786 1386.52 6844.99 112.9 575.958 56.9581 10.1419 2644.62 6.04861 4.16667 528.901 12.828 526.324 47.0565 9.31183 6650.01 2280.71 927.466 768.763 158.703 735.352 631.048 104.303 21.8218 124.293 4983.64 1045.02 3938.62 547.573 27.4654 13210.7 506.756 7.18037 194.981 45.3381 20.6321 15.8271 499.575 6603.04 2075.17 1472.7 1344.39 154.708 4527.87 456.987 185.731 119.385 75.2093 4070.88 955.573 905.128 3115.31 3089.63 777.985 475.597
internal_count=693733 331989 361744 192440 139549 32414 165899 35937 129962 28776 7860 35332 3615 652 103208 411 288 33311 605 33229 2021 442 27766 81618 33241 24616 8625 24179 20483 3696 520 4419 89232 9427 79805 11294 401 107135 16064 263 1010 1342 515 359 15801 27569 8731 6197 5668 630 18838 1893 758 486 306 16945 3938 3727 13007 12902 3213 1933
is_linear=0
shrinkage=0.05


Tree=51
num_leaves=63
num_cat=0
split_feature=6 8 4 8 6 4 6 4 1 5 5 1 8 1 6 1 4 5 1 5 5 6 5 6 4 1 4 1 6 6 5 5 5 4 7 4 0 5 1 1 1 1 1 0 1 6 5 5 6 5 5 4 0 6 5 5 1 1 1 5 5 1
split_gain=892.047 116.637 82.3147 41.3799 26.9186 19.5661 17.0133 13.7927 13.3147 12.7981 11.9773 11.0694 10.3168 9.95054 9.89021 9.52804 14.1597 9.49151 9.51434 9.39697 9.07446 9.04419 9.01859 8.56232 8.50551 8.38206 8.65905 8.36054 11.284 12.1052 8.66484 8.1987 7.9792 7.64546 7.48908 11.6748 7.37384 7.32352 7.23911 7.61672 7.19323 7.38019 11.1592 10.9285 7.32703 16.4114 11.2828 10.5707 11.0682 7.32459 7.18496 6.98829 6.69043 6.50948 11.36 11.0065 15.6163 11.6791 13.9548 10.8684 10.2421 9.25895
threshold=131.29000000000005 4.5000000000000009 516.50000000000011 2.5000000000000004 14765.125000000002 16.500000000000004 681.3900000000001 49.500000000000007 88.500000000000014 52.500000000000007 140.50000000000003 75.500000000000014 1.0000000180025095e-35 61.500000000000007 67270.12000000001 23.500000000000004 32.500000000000007 26.500000000000004 19.500000000000004 27.500000000000004 2.5000000000000004 83079.150000000009 82.500000000000014 4642.4650000000011 26.500000000000004 30.500000000000004 117.50000000000001 56.500000000000007 2613.1550000000002 1955.8800000000003 135.50000000000003 24.500000000000004 2981.0000000000005 16.500000000000004 3.5000000000000004 162.50000000000003 69.500000000000014 37.500000000000007 15.500000000000002 2.5000000000000004 227.50000000000003 212.50000000000003 198.50000000000003 1.0000000180025095e-35 181.50000000000003 11387.460000000001 121.50000000000001 416.50000000000006 10349.92 169.50000000000003 35.500000000000007 107.50000000000001 27.500000000000004 47875.92500000001 109.50000000000001 118.50000000000001 199.50000000000003 139.50000000000003 154.50000000000003 125.50000000000001 121.50000000000001 172.50000000000003
decision_type=2 2 2 2 2 2 2 2 2 2 2 2 2 2 2 2 2 2 2 2 2 2 2 2 2 2 2 2 2 2 2 2 2 2 2 2 2 2 2 2 2 2 2 2 2 2 2 2 2 2 2 2 2 2 2 2 2 2 2 2 2 2
left_child=2 3 5 7 13 20 15 8 22 11 25 14 -4 17 19 16 52 18 -3 -6 -1 -13 -2 -15 -10 26 38 37 29 50 -30 51 33 53 35 -7 -36 -19 39 -8 41 42 44 49 47 -46 -47 -25 -49 -44 -29 -17 -5 55 61 56 -11 -57 -59 -56 -60 -55
right_child=1 4 12 6 9 34 10 -9 24 32 -12 21 -14 23 -16 31 -18 27 -20 -21 -22 -23 -24 40 -26 -27 -28 28 30 -31 -32 -33 -34 -35 36 -37 -38 -39 -40 -41 -42 -43 43 -45 45 46 -48 48 -50 -51 -52 -53 -54 54 59 57 -58 58 60 -61 -62 -63
leaf_value=-0.014327025194757185 0.0025560876528029292 0.013094142413336765 -0.042670678071677313 -0.00084813557228541532 -0.0023071947975055215 -0.035191276131564815 0.037759577273983019 -0.022849271815441455 -0.0073301839850686669 0.010817223667677537 -0.054994236278301883 -0.0039339994922130165 -0.032269315692920256 -5.4614652425575915e-05 -0.01684636646945321 -0.011265028335277281 -0.011542849850779652 0.011276338253289348 0.0015056474980359635 0.013288952864070358 0.001166934451134924 0.026352853465614359 -0.020738068322788353 0.0037590241481066226 0.0076542085766244375 -0.0046810508007556597 -0.022053510160444562 -0.017082815213690709 0.022230761616060763 -0.035835498454037079 -0.010240642046274744 0.039584812219708221 -0.012190482506522545 -0.0080653875135619068 -0.018491575418646596 -0.021184502356177679 0.0021531545481417685 0.0037110850163121125 0.004665732374918039 -0.0058079843881144178 0.017003170867405541 -0.013398619420119051 0.019081657884102363 -0.0033844591953222946 -0.018312494622710788 -0.009852220178540325 0.038434071126738863 0.007111615104506407 -0.041821797164001112 0.055423739810367106 0.034072747416912262 -0.027738474423612703 0.027548526990290534 0.0062373549874733805 0.027226980580941359 -0.001244452263821404 -0.01494491600706609 0.020257597707776378 -0.02678667362198971 0.011887027486861918 0.0059364045851895263 -0.021611327746487486
leaf_weight=272.47301453351974 4820.513375453651 202.58766754902899 321.41281394474208 529.43912638630718 128.72766848653555 189.9482031557709 10.24666336737573 59.050816053524613 599.98096106015146 1925.7903373837471 10.745705887675284 532.1787678450346 990.60307909641415 2414.7114049494267 38.6049744784832 953.32369883917272 471.0159052554518 519.57692991197109 1418.311415201053 380.25663217902184 143.7560377176851 25.716473698616028 41.769443806260824 4806.9491143450141 112.05257641337812 1548.4325073026121 38.970291814766824 10.930483229458334 250.12416740506887 20.380156092345715 22.105219900608063 7.5038254745304576 46.86664679646492 68.764457792043686 567.79534749966115 718.40420946385711 46.332427776418626 840.41824009269476 728.10806124657393 307.33080148883164 97.45115539431572 65.234704367816448 36.27664403617382 30.142606660723686 108.02723026275635 21.774995997548103 26.670962229371071 20.451376602053642 25.952313095331192 23.195323675870895 17.744355943053961 69.531033455394208 21.48457470908761 461.03143282234669 127.058244779706 575.22617296874523 60.432745411992073 179.67355038225651 24.32326927781105 1335.3585526496172 1046.3137692064047 31.749456241726875
leaf_count=14983 70940 2193 50668 18312 708 19424 219 2324 6212 7950 96 2352 145177 24258 185 39352 28051 4251 15471 1653 5231 114 331 25205 1244 25871 1415 160 1517 233 126 199 197 319 46322 75947 3992 6016 14014 6733 438 316 178 154 571 100 118 116 124 106 217 4380 1006 1902 525 2393 253 734 100 5640 4265 132
internal_value=-0.00034196 0.00250765 -0.0251479 -0.00172568 0.00494173 -0.0185953 -0.00519191 0.00116301 0.00141869 0.00736817 -0.00253754 0.00242553 -0.0348243 0.0033968 0.00747737 -0.00860862 -0.00517839 0.005693 0.00295784 0.00933502 -0.00896476 -0.00252448 0.00235453 0.00240838 -0.00496433 -0.00231948 0.00104735 0.00832663 0.0155917 -0.00639492 0.0195729 -0.0120051 0.0082961 0.00846169 -0.0212242 -0.0241226 -0.0169258 0.00660563 0.00191507 -0.00437509 0.00353955 0.00328421 0.00349887 0.0209875 0.00318462 -0.00745134 0.0166523 0.00352871 -0.0201791 0.033409 0.0144075 -0.0123923 0.000254984 0.00865976 0.011011 0.00745218 0.0100302 0.00464415 0.00735718 0.013225 0.00518588 0.00442892
internal_weight=31547.3 28296.6 3250.73 10329.5 17967.1 1938.71 4696.13 5633.37 5574.32 6988.07 2643.83 1105.48 1312.02 10979 547.589 2052.3 1021.94 3302.18 1620.9 508.984 416.229 557.895 4862.28 7676.84 712.034 2633.09 1084.66 1681.28 321.284 49.055 272.229 1030.36 5882.59 5835.72 1522.48 908.352 614.128 1360 1045.69 317.577 5262.13 5164.68 5099.44 89.6146 5009.83 156.473 48.446 4853.35 46.4037 59.472 28.6748 1022.85 550.924 5766.96 1955.2 3811.76 1986.22 1825.54 1250.31 1462.42 1070.64 492.781
internal_count=693733 331989 361744 220699 111290 165899 139648 81051 78727 29422 48348 5012 195845 81868 2546 91300 47369 30184 17664 2361 20214 2466 71271 51684 7456 48252 22381 12520 2253 610 1643 43931 24410 24213 145685 95371 50314 10267 20966 6952 27426 26988 26672 438 26234 789 218 25445 240 284 377 43732 19318 23894 8199 15695 8203 7492 5099 6165 4365 2034
is_linear=0
shrinkage=0.05


Tree=52
num_leaves=63
num_cat=0
split_feature=6 8 8 8 6 2 7 2 1 3 1 2 3 1 3 1 2 3 2 2 6 0 1 0 3 3 8 1 3 3 0 3 2 3 1 2 2 6 1 1 2 6 0 1 2 2 3 6 1 2 3 3 3 1 3 1 2 6 3 1 1 3
split_gain=824.704 105.145 70.7615 37.5615 24.3863 20.5321 18.9892 15.2015 15.3207 17.0972 15.0914 19.8003 13.4067 12.6249 14.9238 12.3804 13.6556 12.7028 12.3201 10.9119 14.499 10.5829 10.1007 11.827 11.0606 9.82554 9.80874 9.36988 9.27672 9.64588 13.68 9.16007 12.2556 9.0754 8.90499 11.5261 9.2942 9.1299 10.4211 8.76709 8.59585 13.3921 8.43059 9.13098 25.0474 8.42429 8.53004 7.89098 12.8308 9.11669 7.86025 8.75545 7.75254 11.3934 7.67041 9.47298 7.88553 13.7536 7.64356 7.54802 7.09194 7.36847
threshold=131.29000000000005 4.5000000000000009 1.5000000000000002 2.5000000000000004 14765.125000000002 9079.6700000000019 3.5000000000000004 1836.7900000000002 10.500000000000002 61.500000000000007 42.500000000000007 2599.5100000000007 278.50000000000006 83.500000000000014 278.50000000000006 88.500000000000014 5861.3050000000012 19.500000000000004 176.84000000000003 10241.440000000001 77.735000000000014 69.500000000000014 7.5000000000000009 1.5000000000000002 111.50000000000001 391.50000000000006 1.0000000180025095e-35 29.500000000000004 97.500000000000014 93.500000000000014 1.0000000180025095e-35 27.500000000000004 7242.4750000000013 113.50000000000001 61.500000000000007 13423.850000000002 34240.595000000008 1658.6600000000003 16.500000000000004 11.500000000000002 1193.8700000000001 1581.8900000000001 1.0000000180025095e-35 7.5000000000000009 876.08000000000015 2069.5650000000005 316.50000000000006 1658.6600000000003 25.500000000000004 6179.2600000000011 485.50000000000006 703.50000000000011 173.50000000000003 43.500000000000007 587.50000000000011 45.500000000000007 23137.850000000002 7439.2750000000005 45.500000000000007 197.50000000000003 60.500000000000007 45.500000000000007
decision_type=2 2 2 2 2 2 2 2 2 2 2 2 2 2 2 2 2 2 2 2 2 2 2 2 2 2 2 2 2 2 2 2 2 2 2 2 2 2 2 2 2 2 2 2 2 2 2 2 2 2 2 2 2 2 2 2 2 2 2 2 2 2
left_child=2 3 26 15 34 10 7 22 9 -9 11 -5 18 14 27 16 17 40 21 28 -21 -8 23 -4 -25 45 -1 -7 29 -20 -31 32 39 47 37 59 -37 38 -3 -13 -2 -42 43 44 -28 -14 -47 48 -33 58 -15 -52 -24 -54 55 -18 57 -57 -49 -36 61 -39
right_child=1 4 6 5 -6 13 12 8 -10 -11 -12 31 25 50 -16 -17 54 -19 19 20 -22 -23 52 24 -26 -27 42 -29 -30 30 -32 33 -34 -35 35 36 -38 60 -40 -41 41 -43 -44 -45 -46 46 -48 49 -50 -51 51 -53 53 -55 -56 56 -58 -59 -60 -61 -62 -63
leaf_value=-0.042328045746257842 0.0016721338215787758 0.015287525569319636 0.0056555507807449865 -0.0092019779961649961 0.0069994105806556409 0.009845551926922342 -0.0015367785245552655 0.019827984799237891 -0.014495961422412535 0.20473144788612985 -0.013577386485451304 0.0033525385890236037 0.13591009876079202 -0.017977662897030022 0.019677884582244266 -0.0050336154065202202 0.0072269007016543402 -0.0027277130588452998 -0.01490322922050835 0.099541506169964156 -0.034124020573681593 0.056890348330823376 -0.030128630796018904 -0.022868403252839915 0.11041384464384402 -0.016728983612781464 -0.0046556445972655656 -0.002171440531601647 -0.028073048017322466 0.16509466605830281 0.0085885949878214182 0.0068022258446134359 -0.038678729800080656 0.0063460364572342429 -0.0009600414161658402 0.0047250136703508618 -2.5596780120545244e-05 0.016573657204021316 -0.0018575624754216678 0.032822334367744295 0.04372041453194541 0.00020185870721191215 -0.033279089437622776 -0.035026776243553492 0.2486608384271036 -0.03099301741988841 0.081506056484705422 -0.03574002804409894 -0.0072903117064738975 -0.00076053410874883903 0.025464108679484062 -0.019758551916851691 0.10664577178091794 -0.046139155522060035 0.023819196007838953 0.00091437937406049134 0.0066690759361212465 -0.018091916156549107 -0.011901810711701056 0.037379389542826671 0.021079946428370799 0.0055864579257029149
leaf_weight=308.15115887066349 92.761753672733903 102.71355482563376 42.074594740290195 1494.6603104714304 6988.2614592313766 212.00667286384851 61.7783929919824 16.201539208181206 159.39818286895752 1.2699032700620581 680.6512585086748 50.752956539392471 2.8127805609256011 129.21830378845334 116.39612546935678 716.78888250701129 1175.9775885557756 1669.2518673175946 628.32394218910486 4.5507122706621868 3.4561145231127739 8.7392691010609251 601.98829863686115 353.36913236696273 1.4536436861380924 5.9577540205791584 35.649745462462306 688.6605081371963 145.55272531509399 1.520312514156102 10.856823724694548 279.89614115655422 10.304281897842882 252.75906424690038 2222.3375870250165 4074.5956844799221 1374.8635461106896 163.86936108767986 641.40905427932739 50.98430133331567 40.563692910596728 31.687007907778025 736.64814114244655 29.736171296797693 0.90286622196435828 2.8909244919195771 3.6705400310456753 48.175725854933262 381.22996811103076 119.40472165308893 25.444007467478514 18.233727771788836 2.4448962407186619 2.2090502036735415 48.189757054671645 1233.2454769043252 527.28372078575194 103.02545469254255 115.15084932371974 12.807080909609793 84.318847864866257 2321.3583936318755
leaf_count=50668 2256 1250 2870 66001 29422 2996 3317 1297 14468 93 21707 1197 121 2104 1379 7643 11022 39365 46709 257 185 765 66249 39834 148 307 3860 9752 10430 98 811 8599 190 6633 21191 23550 6853 1265 10047 1237 753 339 114139 4175 113 162 196 903 12697 1654 338 214 235 237 363 15216 3450 644 2047 90 592 17030
internal_value=-0.000328209 0.00238134 -0.0245055 -0.00164328 0.00468915 -0.00495783 -0.0190143 -0.0231653 -0.00959707 0.0346408 -0.00689468 -0.00526989 -0.0134392 0.000708762 0.00283642 0.00110328 0.0019981 -0.00141683 -0.0142662 -0.0160459 0.0415193 0.00570361 -0.0255504 -0.0193029 -0.0222773 0.0326698 -0.0346819 0.000652449 -0.0166437 -0.0140355 0.0293824 -0.000774745 0.0128834 -0.00205873 0.00322071 0.00228527 0.00352557 0.00538842 0.000504045 0.0181878 0.0118073 0.0247302 -0.0317363 -0.0144923 0.00212633 0.0644379 0.0314682 -0.00431521 -0.00131637 -0.0113069 -0.0117727 0.00646921 -0.0296258 0.0336278 0.00402834 0.00371215 0.00149125 -0.000548494 -0.0189814 -0.000736462 0.00680088 0.00631357
internal_weight=31470.8 28299.2 3171.61 10312.7 17986.5 4673.93 2060.52 1180.41 176.87 17.4714 3483.97 2803.32 880.11 1189.96 1017.06 5638.78 4921.99 1834.26 864.778 794.261 8.00683 70.5177 1003.54 396.897 354.823 15.332 1111.09 900.667 786.254 640.701 12.3771 1308.66 112.042 1196.62 10998.3 7684.6 5449.46 3313.67 744.123 101.737 165.012 72.2507 802.937 66.2888 36.5526 9.37425 6.56146 943.857 661.126 282.731 172.896 43.6777 606.642 4.65395 3087.72 3039.53 1863.55 1336.27 163.327 2235.14 2569.55 2485.23
internal_count=693733 331989 361744 220699 111290 139648 188789 125431 15858 1390 122865 101158 63358 16783 14127 81051 73408 42713 62572 58490 442 4082 109573 42852 39982 786 172955 12748 58048 47618 909 35157 2624 32533 81868 51684 30403 30184 11297 2434 3348 1092 122287 8148 3973 479 358 25900 21296 4604 2656 552 66721 472 30695 30332 19310 15860 2950 21281 18887 18295
is_linear=0
shrinkage=0.05


Tree=53
num_leaves=63
num_cat=0
split_feature=5 6 4 4 8 6 5 6 2 2 5 2 3 3 2 0 8 3 6 3 3 6 4 6 2 3 5 6 5 4 0 6 5 4 8 3 5 5 5 6 2 3 5 5 4 5 2 3 6 5 2 6 3 6 4 3 0 0 2 5 3 4
split_gain=766.174 106.225 62.2771 27.5214 26.9578 19.6848 15.5846 15.0068 15.0332 14.9767 14.5586 14.4515 13.267 11.7553 10.3183 9.94258 9.93139 9.73457 9.53761 9.5167 9.41461 9.34141 8.74467 8.04241 10.2673 7.86093 7.82555 7.74889 7.60887 9.90673 8.34786 16.4804 7.54179 8.28994 8.52422 7.48632 17.4292 10.2234 12.6001 8.54408 13.2662 10.0515 17.7338 8.96521 10.7056 9.49094 12.5787 9.72654 8.28398 8.27723 12.1689 8.58305 7.45268 15.0091 7.3821 7.23866 8.54333 8.93906 8.829 7.79436 7.22238 7.00493
threshold=1.5000000000000002 1351.7300000000002 516.50000000000011 15.500000000000002 4.5000000000000009 21369.865000000002 102.50000000000001 159.00500000000002 3521.6800000000007 7443.6900000000014 44.500000000000007 1762.6700000000003 355.50000000000006 83.500000000000014 3291.5600000000004 1.5000000000000002 1.0000000180025095e-35 494.50000000000006 22.005000000000006 45.500000000000007 616.50000000000011 299.04000000000002 99.500000000000014 22815.745000000006 136133.35500000001 31.500000000000004 10.500000000000002 8.8400000000000016 4.5000000000000009 99.500000000000014 1.0000000180025095e-35 328.49500000000006 12.500000000000002 26.500000000000004 2.5000000000000004 776.50000000000011 300.50000000000006 486.50000000000006 78.500000000000014 83079.150000000009 109266.49000000001 899.50000000000011 155.50000000000003 197.50000000000003 1.5000000000000002 254.50000000000003 136133.35500000001 1847.5000000000002 182341.33500000005 586.50000000000011 78811.665000000023 67270.12000000001 27.500000000000004 3592.0200000000004 42.500000000000007 37.500000000000007 69.500000000000014 82.500000000000014 1910.9350000000002 2.5000000000000004 245.50000000000003 197.50000000000003
decision_type=2 2 2 2 2 2 2 2 2 2 2 2 2 2 2 2 2 2 2 2 2 2 2 2 2 2 2 2 2 2 2 2 2 2 2 2 2 2 2 2 2 2 2 2 2 2 2 2 2 2 2 2 2 2 2 2 2 2 2 2 2 2
left_child=2 3 7 20 6 19 11 8 -1 21 17 -3 28 15 -13 18 -4 23 61 -6 -2 27 52 -7 -25 54 -22 -5 29 30 31 -11 -30 34 -34 36 -12 38 -37 40 -40 42 -42 44 -43 -45 -47 -48 49 50 -39 -51 53 -16 -23 -29 -57 58 59 -58 -24 -10
right_child=1 4 16 9 5 10 -8 -9 13 12 35 14 -14 -15 22 -17 -18 -19 -20 -21 26 25 60 24 -26 -27 -28 55 32 -31 -32 -33 33 -35 -36 37 -38 48 39 -41 41 43 -44 45 -46 46 47 -49 -50 51 -52 -53 -54 -55 -56 56 57 -59 -60 -61 -62 -63
leaf_value=-0.022312807026021494 -0.0012195256739826509 0.046934692891384522 -0.041687866019045117 0.076298938973707972 0.014351320068373842 0.022184405597030558 -0.02118301619816125 -0.0070020207492615637 0.16457837945188353 0.1558674728962765 0.0074019367851261859 -0.0098882839682433079 -0.026618513767686813 -0.019748305496366469 0.031697152028969638 0.0019408701388930515 -0.031095178409059371 -0.026117688743332496 0 0.0033706584646392176 0.072486610887975575 0.010938925771322192 -0.025826480753574674 -0.0064534362514990957 0.017586234172185487 -0.0085736286120515152 0.012442182943005056 -0.020811837350791392 -0.0047770543533081277 -0.020433966433290762 0.016683312829152717 0.026909797859594842 0.082016969408801363 -0.0021999063627799213 0.0036045185772275363 -0.0054051131538720215 -0.0084010881714758675 -0.038010040948044062 0.016063356907904742 0.02002255935578361 0.041199478905205179 -0.013122313247405008 -0.0062854374861600788 0.024780870058575155 0.0087230780058842692 -0.024091329326068729 -0.007000761438048158 0.036174161220456386 0.017531653291205547 0.011371203885511589 0.0027356066320455767 -0.0058945084573424761 0.0011795475353931668 -0.0034394469008329509 -0.007815933286668025 -0.011623526409839593 -0.044431971318543206 -0.0031888217718691321 0.18655589997359301 0.10299575454059991 0.033874326380861526 0.051853350392905943
leaf_weight=1232.9973731865175 3256.2635952346027 16.955314854159951 297.07749024778605 2.2635120502673081 200.84557268023491 38.009439095854759 80.394376976415515 236.62348301801831 2.2198517732322198 3.2815975444391361 2495.9588062018156 215.49449023976922 35.364240936469287 56.795725666917861 59.252874374389648 48.214764911681414 931.19035715283826 37.982050389051437 4.8474212186411023 11957.006003942341 7.0349468812346485 109.38141482509673 45.818217646330595 250.33323229849339 53.837022311985493 1140.3912326125428 24.247872991487384 265.92112624831498 152.086051562801 14.801714320667086 70.626833819784224 10.021044004708527 8.4131830669939536 15.912166913971303 6.0951982550323001 93.905731648206711 187.21660654246807 31.400414600968361 608.169223934412 370.3124083429575 46.005839422345161 143.77400544285774 33.958725973963737 68.368394374847412 91.562670260667801 33.421097233891487 25.048674210906029 26.705936908721924 88.423642978072166 174.59209583699703 43.287114858627319 121.92807865142822 5141.4561161473393 61.788879511877894 100.45183176081628 502.76128292270005 1.5221699760295435 7.4774023168720305 1.3746593836694954 1.8520273929461835 5.5390682071447364 4.283548129722476
leaf_count=125033 78285 259 50598 186 1586 175 608 12987 123 151 10275 3928 963 4486 793 3108 145196 171 289 75783 138 3842 963 1178 259 41399 328 19662 3647 660 2267 272 159 335 122 391 777 128 2463 1605 189 600 142 286 371 138 107 113 386 718 183 525 54235 688 4825 33366 125 564 88 134 84 288
internal_value=-0.000315185 0.00213526 -0.025207 -0.00394665 0.00366272 0.00464443 0.000656997 -0.0186523 -0.0206909 -0.0079582 0.00726455 0.000974848 0.00217623 -0.00345725 0.000832166 0.0119995 -0.0336645 -0.00213481 0.0538988 0.00355258 -0.000955422 -0.00946456 0.00126803 0.000519544 -0.00217769 -0.00693644 0.0262924 -0.0138153 0.00582298 0.0169976 0.023675 0.0600207 -0.000200815 0.0224547 0.0496671 0.00802851 0.00629716 0.0103473 0.0123005 0.013453 0.0111879 0.00485098 0.0209888 0.0015152 -0.00460157 0.0109198 -0.000163533 0.0152083 0.00378588 0.000494258 -0.0143559 0.00425515 0.00146946 0.0137315 0.0019373 -0.0140927 -0.01061 0.0304162 0.0833353 0.0356843 -0.019237 0.0929974
internal_weight=31400.5 28586.3 2814.25 5737.55 22848.8 17222.1 5626.7 1585.98 1349.36 2450 5064.2 5546.3 316.602 116.361 5529.35 59.5656 1228.27 380.162 11.3508 12157.9 3287.55 2133.4 5313.86 342.18 304.17 1350.22 31.2828 783.172 281.238 98.7312 83.9295 13.3026 182.507 30.4205 14.5084 4684.04 2683.18 2000.86 1541.23 1447.33 1077.01 468.845 79.9646 388.881 235.337 153.544 85.1757 51.7546 459.631 371.208 74.6875 296.52 5262.5 121.042 209.833 780.909 514.988 12.2263 4.74886 3.3742 51.3573 6.5034
internal_count=693733 351625 342108 191518 160107 98549 61558 146314 133327 112767 21180 60950 8576 8294 60691 3808 195794 1783 700 77369 78751 104191 56763 1612 1437 50066 466 54125 7613 3350 2690 423 4263 616 281 19397 11052 8345 6405 6014 4409 1946 331 1615 971 644 358 220 1940 1554 311 1243 55716 1481 8667 53939 34277 911 347 259 1047 411
is_linear=0
shrinkage=0.05


Tree=54
num_leaves=63
num_cat=0
split_feature=5 6 4 4 6 3 6 2 1 2 3 1 2 3 1 3 2 5 1 3 5 6 2 1 2 2 5 1 2 3 0 5 1 0 4 6 3 4 1 2 5 2 4 1 3 3 5 6 2 5 3 4 1 3 2 6 3 1 0 5 5 6
split_gain=708.606 95.9298 60.8279 25.1772 24.3401 15.1973 14.1947 14.209 15.548 13.6985 12.1875 11.2555 20.3518 11.8533 18.9931 19.3696 16.3008 13.0025 11.0975 11.955 11.2409 14.266 13.0747 10.7152 17.4354 10.4612 10.4325 10.3054 10.2968 10.2329 10.0457 9.7647 9.43373 9.27767 8.99443 13.347 8.93931 8.49128 10.5936 17.6474 10.3122 8.34994 8.25234 8.6144 13.8409 11.3392 12.1261 9.09451 9.69221 8.89255 15.0311 7.89304 7.80778 14.3797 7.77761 8.30869 7.75705 9.72291 14.2834 8.15206 7.73921 10.2056
threshold=1.5000000000000002 1351.7300000000002 516.50000000000011 15.500000000000002 11387.460000000001 137.50000000000003 159.00500000000002 3521.6800000000007 29.500000000000004 7443.6900000000014 355.50000000000006 44.500000000000007 3370.2700000000004 185.50000000000003 87.500000000000014 616.50000000000011 22017.785000000003 49.500000000000007 22.500000000000004 169.50000000000003 11.500000000000002 307.38500000000005 821.3850000000001 8.5000000000000018 538.0100000000001 68898.005000000019 34.500000000000007 40.500000000000007 2391.4200000000005 115.50000000000001 4.5000000000000009 28.500000000000004 63.500000000000007 1.5000000000000002 5.5000000000000009 63.410000000000004 60.500000000000007 48.500000000000007 4.5000000000000009 1054.3550000000002 17.500000000000004 2716.0150000000003 99.500000000000014 61.500000000000007 833.50000000000011 135.50000000000003 67.500000000000014 7439.2750000000005 55344.990000000013 13.500000000000002 191.50000000000003 3.5000000000000004 24.500000000000004 97.500000000000014 4724.0350000000008 162.63500000000002 141.50000000000003 20.500000000000004 37.500000000000007 14.500000000000002 10.500000000000002 754.6500000000002
decision_type=2 2 2 2 2 2 2 2 2 2 2 2 2 2 2 2 2 2 2 2 2 2 2 2 2 2 2 2 2 2 2 2 2 2 2 2 2 2 2 2 2 2 2 2 2 2 2 2 2 2 2 2 2 2 2 2 2 2 2 2 2 2
left_child=2 3 6 11 42 25 7 23 -9 27 -11 12 18 26 15 16 17 54 19 -2 41 22 -22 24 29 32 36 28 37 -1 52 -7 -6 -34 35 -26 -13 38 39 -5 -40 -20 43 44 47 46 -45 -3 49 50 -49 -21 60 -54 55 -15 57 58 -30 -58 61 -14
right_child=1 4 -4 9 5 31 -8 8 -10 10 -12 13 30 14 -16 -17 -18 -19 20 51 21 -23 -24 -25 34 -27 -28 -29 56 -31 -32 -33 33 -35 -36 -37 -38 -39 40 -41 -42 -43 -44 45 -46 -47 -48 48 -50 -51 -52 -53 53 -55 -56 -57 59 -59 -60 -61 -62 -63
leaf_value=-0.020289362143981221 0.0014067978245897474 0.0029776125359420431 -0.033091255316968576 0.01192629040860317 0.0028849968834289818 -0.0019023117780937598 -0.0066978107231412806 0.015778774824639845 -0.020826394882758611 0.0054923614548862965 -0.025928899861180729 0.057045724657458441 0.045095506611337662 0.059278807925005672 -0.013182156769276088 0.085734868151892699 0.072204612035401988 0.045885123647245327 -0.014684032667414252 0.015361017308093914 0.0024503228543229349 -0.0016651490712620565 0.077047857027922995 -0.025050417249586978 0.14598632763663452 -0.016635137895568135 0.012307980281024887 -0.015402223004066816 0.017002031773341499 0.10637033158534676 -0.001098213512533646 0.0063965099269748032 -0.038106428988124177 0.0039272620651571088 0.0025807159667397949 -0.0099675084841441067 -0.013004983168184985 -0.015108028403540211 -0.0085982374716878033 0.15943782448668717 0.026608034397754939 0.0012003754610882772 -0.017429471304768695 -0.011881865579565993 -0.05016792304192913 0.0014865122495236311 0.028784469474827903 -0.014577339663028394 0.046034424949916587 0.0097692831748882152 0.045795796455707402 0.10128222436824375 -0.00029491658678277471 0.022938076580163561 0.0071956206127292005 -0.013605380702095372 0.010491902254884491 -0.0074851713003742468 -0.025168636667702849 0.084786811180399324 0.083367411820947757 0.0060136538012771062
leaf_weight=337.21735282381997 1017.3451118404046 5018.3784440532327 1188.1265768948942 14.997959354892375 522.34103643521667 369.56065399572253 235.04798801615834 55.396227818913758 60.573586690239608 282.78854894917458 34.514118305407465 4.47378344554454 31.406430562026799 3.9661334594711652 164.71091119386256 7.6870077867060891 8.8752655740827304 17.136827521026134 349.11564348265529 6.3635522462427598 12.320983450859787 273.63261650688946 11.393576238304375 799.38588713854551 2.6916160676628342 100.40444247424603 46.571526650339365 494.57604446215555 99.614768444560468 1.492259454447775 138.50496431533247 8157.3271792754531 29.151618726551533 23.426467917859554 63.009355099871755 2.5645459070801735 498.2895532855764 469.16049338877201 532.23096330277622 2.2681598011404267 21.486662080511451 107.65749158989638 53.520184421911836 251.716682985425 11.803489841520785 7498.2855561077595 19.613208677619696 79.833397783339024 16.956138525158167 707.48987605795264 11.713420473039148 4.7848205538466573 138.63422536756843 127.3343440964818 180.97806338500232 91.113695180043578 51.389897023327649 399.62548803817481 24.97353841457516 3.9162949193269005 6.0538361556828013 36.358403727412224
leaf_count=35162 25775 54595 195794 891 2975 2199 12987 3363 4931 7613 963 120 651 169 3098 108 111 206 11688 104 219 4836 221 82900 134 577 605 21314 3502 127 3527 34749 131 114 6602 108 12215 32227 27048 75 576 2980 1240 2403 87 56126 140 728 109 3844 90 128 2921 2568 3741 2139 1875 15603 978 102 80 541
internal_value=-0.000302202 0.00202785 -0.0245651 -0.00376528 0.00347595 0.00546427 -0.0180555 -0.02007 -0.0032993 -0.00762224 0.00205172 -0.000908459 0.00105929 -0.00525848 0.000520541 0.00782488 0.00579799 0.00374682 -0.00139562 0.00197879 -0.00600403 0.00154712 0.0386734 -0.0216776 -0.0150359 -0.00174993 -0.0102582 -0.00907648 -0.00714096 -0.0196853 0.0102176 0.00603623 0.000843382 -0.0193113 0.00795498 0.0701956 -0.0123605 -0.0101175 -0.00600629 0.0323985 -0.00721849 -0.0109298 0.00213702 0.00221442 0.00366464 0.00112254 -0.00891434 0.00377527 0.00867377 0.00786903 -0.0067565 0.053255 0.0148439 0.0108137 0.00109723 -0.0104535 -0.00178905 -0.00367667 0.00849548 0.0159866 0.0292629 0.02424
internal_weight=31333.3 28587.8 2745.51 5716.25 22871.5 9202.21 1557.38 1322.33 115.97 2431.54 317.303 3284.71 2260.91 1023.8 474.468 309.757 302.07 293.195 1782.61 1028.49 754.12 297.347 23.7146 1206.36 406.975 675.324 549.335 2114.24 1619.66 338.71 478.292 8526.89 574.919 52.5781 68.2655 5.25616 502.763 1040.14 570.984 17.2661 553.718 456.773 13669.3 13615.8 5846.17 7769.62 271.33 5834.37 815.993 799.037 91.5468 11.1484 339.787 265.969 276.058 95.0798 579.52 524.214 124.588 55.3062 73.8187 67.7648
internal_count=693733 351625 342108 191518 160107 40745 146314 133327 8294 112767 8576 78751 56239 22512 9572 6474 6366 6255 45951 26007 19944 5276 440 125033 42133 3797 12940 104191 82877 35289 10288 36948 3220 245 6844 242 12335 60817 28590 966 27624 14668 119362 118122 59453 58669 2543 59366 4771 4662 818 232 6761 5489 6049 2308 22060 20083 4480 1977 1272 1192
is_linear=0
shrinkage=0.05


Tree=55
num_leaves=63
num_cat=0
split_feature=6 5 4 2 1 4 6 1 8 6 4 2 6 1 0 8 2 2 6 6 5 4 1 6 4 6 5 1 2 2 2 6 2 6 5 0 2 1 4 8 1 2 1 2 2 1 0 5 5 2 8 1 5 6 6 5 2 6 0 4 5 4
split_gain=643.808 99.8793 58.143 27.8436 30.0211 28.6753 22.9906 13.5371 19.6477 19.7095 12.9439 14.9518 11.7318 11.3971 11.2424 11.2037 10.7828 10.7488 11.8847 16.7295 11.4873 12.6051 10.9375 11.5848 13.2223 10.554 10.5408 11.6614 13.4195 11.3482 10.0019 14.5662 9.69414 13.14 9.49864 9.80868 15.538 11.2611 10.7628 9.33635 8.82571 11.9451 13.7014 8.55923 9.11379 11.3117 11.0588 8.95706 12.707 8.09691 14.229 8.88386 7.96666 17.8684 11.5284 10.142 9.81019 7.89802 7.86379 7.79561 10.643 7.79209
threshold=79.995000000000019 12.500000000000002 703.50000000000011 5177.7850000000008 21.500000000000004 56.500000000000007 6915.7850000000008 44.500000000000007 2.5000000000000004 5409.0600000000013 16.500000000000004 10241.440000000001 56.940000000000005 51.500000000000007 2.5000000000000004 1.0000000180025095e-35 1950.1700000000003 3154.1800000000007 530.0100000000001 485.49500000000006 3.5000000000000004 9.5000000000000018 9.5000000000000018 88.02500000000002 6.5000000000000009 18773.655000000002 254.50000000000003 172.50000000000003 6681.2600000000011 2030.5500000000002 4306.3400000000011 2434.4100000000003 10575.630000000001 5592.5850000000009 8.5000000000000018 1.0000000180025095e-35 7871.4500000000016 32.500000000000007 1.5000000000000002 3.5000000000000004 52.500000000000007 2599.5100000000007 20.500000000000004 4944.5650000000014 9079.6700000000019 89.500000000000014 8.5000000000000018 139.50000000000003 25.500000000000004 46167.575000000004 2.5000000000000004 94.500000000000014 38.500000000000007 5071.4100000000008 4642.4650000000011 51.500000000000007 13947.795000000002 1581.8900000000001 155.50000000000003 1.0000000180025095e-35 445.50000000000006 119.50000000000001
decision_type=2 2 2 2 2 2 2 2 2 2 2 2 2 2 2 2 2 2 2 2 2 2 2 2 2 2 2 2 2 2 2 2 2 2 2 2 2 2 2 2 2 2 2 2 2 2 2 2 2 2 2 2 2 2 2 2 2 2 2 2 2 2
left_child=2 3 10 4 5 17 13 8 9 34 -1 40 -13 -3 25 -4 -7 22 19 20 21 -19 23 24 -2 49 29 28 -28 -15 31 -31 -10 -34 35 36 38 -38 -5 -35 41 58 -43 47 -45 52 -47 48 -32 51 -51 -9 -46 54 56 -56 -54 -25 -12 -8 -61 -6
right_child=1 6 15 7 61 16 59 14 32 -11 11 12 -14 26 -16 -17 -18 18 -20 -21 -22 -23 -24 57 -26 -27 27 -29 -30 30 43 -33 33 39 -36 -37 37 -39 -40 -41 -42 42 -44 44 45 46 -48 -49 -50 50 -52 -53 53 -55 55 -57 -58 -59 -60 60 -62 -63
leaf_value=-0.0075174369616025014 0.12125317161310203 0.0041764029138361084 -0.042102528253151139 0.032557907423918155 -0.0098429127277519998 -0.018548321111519502 0.0065688885961463139 0.0014067064479111793 -0.0048261291643662101 -0.0085162477742068091 -0.022711768448773536 0.011203493149148203 0.13943918281254739 0.027602007578446927 -0.0087799783641842929 -0.030181852919435162 -0.00039864937187456114 0.10042206613935936 0.0068398625363659 0.14209653147257864 -0.02147672691663384 0.01578976207627323 -0.0034262078089318487 0.0068823526467915565 -0.0062388761891709055 0.064728026559741969 0.0025465423346625465 -0.017891286757400586 0.050933954289015475 -0.012410819808059886 -0.0027054620370415661 0.023849698978751124 0.012646814801487317 0.0018278390707547297 0.008256530023774817 0.017471191656395987 -0.0165987396969089 0.054567666772335412 0.10723676155089008 -0.03102280853184863 -0.043969496907909855 0.017613521677814669 -0.016967899987527062 -0.0032726506117535833 0.0023755532308379775 -0.00040242466350212691 -0.018347886618410133 -0.04280772262918995 0.027774525354728481 0.064132305123152142 -0.005783892890419709 -0.017017670239118241 0.021266475498142409 0.00078519641123692108 0.059867720004107866 0.015431047622062996 -0.0077544963848222145 -0.021379609509692657 -0.0067796708744074941 0.0042819643926584952 -0.0072177827339754341 -0.027714588588169053
leaf_weight=249.75868525356054 4.505376832559703 3048.9303398020566 270.37226727837697 8.8153638467192668 1943.1381167015061 295.40485771838576 4607.1965798586607 523.20885541802272 578.90898131299764 107.51565859466791 1022.0633851257153 12.792434336617587 2.001185721717774 37.551756171509624 542.99822412617505 770.86224582744762 113.96785257849842 7.1177302263677218 193.71270364336669 3.4946056976914397 8.398264065384863 11.841129528358577 916.05899690650403 393.26955464202911 3.4974942989647388 6.3354368805885306 25.986613053828478 16.405052028596401 32.505421951413155 274.84810286015272 57.835344452410936 30.623377088457346 223.83951256703585 62.022395882755518 246.2969161234796 190.24326971080154 12.380694108083846 9.8414907418191415 11.607519810087977 32.893045546486974 39.388207138050348 43.001820086035877 84.911670718807727 1412.2470727339387 1674.0343940556049 2170.621993387118 89.322958743199706 6.8535106517374507 82.522278472781181 13.246755508705975 15.712062314152716 74.641723347362131 111.10606765002012 245.79349839687347 30.295488677918911 23.018133200705051 39.093470308929682 26.20888976752758 84.906073924154043 7859.833964958787 206.08071733266115 63.250501638278365
leaf_count=13718 125 36564 50043 94 72135 22526 19925 9554 12007 879 116717 822 111 612 11364 130398 5318 215 3326 83 250 528 32061 13044 267 48 191 101 198 4872 1217 293 3469 694 2737 2796 121 112 165 349 3763 2852 7365 17266 14541 17240 926 61 1034 112 186 1689 893 1500 201 150 288 387 10351 37581 896 4658
internal_value=-0.00022998 0.00191869 -0.0241549 -0.00345568 -0.00610078 -0.00172557 0.00353599 0.000503316 0.00367961 0.010795 -0.0179716 -0.0199925 0.0297059 0.00166287 -0.00350108 -0.0332858 -0.0135091 0.00134813 0.0114717 0.0402767 0.0266179 0.0481858 -0.000340973 0.00625801 0.0655289 0.00101899 0.00045719 0.0190922 0.029563 0.000234053 6.83318e-05 -0.00875274 -0.000965998 0.00602824 0.0151391 0.0223899 0.0441235 0.0147978 0.0755616 -0.00952463 -0.0205757 -0.0198219 -0.00529862 0.000522737 0.00021933 0.0013456 -0.0011147 0.0124253 0.0151865 0.000356854 0.0261367 -0.000887679 0.00396646 0.00988093 0.020836 0.0408406 0.0136796 0.00509996 -0.021495 0.00492634 0.00398744 -0.0104102
internal_weight=31307.1 28727.1 2580.06 6644.37 3983.87 1977.48 22082.7 2660.51 1484.36 586.701 1538.82 1289.06 14.7936 9409.59 1176.14 1041.23 409.373 1568.1 224.564 30.8517 27.3571 18.9589 1343.54 427.481 8.00287 633.145 6360.66 74.8971 58.492 6285.77 6248.22 305.471 897.664 318.755 479.185 232.888 42.6451 22.2222 20.4229 94.9154 1274.27 1234.88 127.913 5942.74 5795.53 4383.29 2259.94 147.211 140.358 626.809 28.9588 597.851 2123.34 449.307 203.513 53.3136 150.2 419.478 1106.97 12673.1 8065.91 2006.39
internal_count=693989 357849 336140 201299 154923 78130 156550 46376 23423 6904 155699 141981 933 98148 22953 180441 27844 50286 4402 1076 993 743 45884 13823 392 11589 61584 490 389 61094 60482 5165 16519 4512 6025 3288 492 233 259 1043 141048 137285 10217 55317 53005 35739 18166 2312 2251 11541 298 11243 17573 3032 1532 351 1181 13431 127068 58402 38477 76793
is_linear=0
shrinkage=0.05


Tree=56
num_leaves=63
num_cat=0
split_feature=6 8 4 8 4 6 0 4 8 1 1 3 1 3 3 3 6 1 1 6 4 1 3 6 0 3 6 1 1 4 3 6 3 1 1 1 0 3 6 6 0 6 1 1 0 1 3 0 1 1 6 1 4 3 3 1 3 4 1 1 1 3
split_gain=594.895 80.6969 56.6621 43.0389 16.1879 13.8394 12.4868 12.2383 11.2583 11.1045 10.2207 9.47886 9.05126 15.6111 8.69624 16.5183 9.0559 19.7161 8.5222 8.34334 8.27951 7.95342 14.3774 12.627 11.1545 9.65951 9.50947 8.95943 14.3526 8.16028 9.57714 7.80514 8.67615 12.3578 10.9852 7.62113 7.59196 7.42376 6.90155 17.6676 6.88796 10.2414 7.46915 7.24053 6.83961 7.35358 14.1932 6.76197 6.6703 6.5292 12.5718 7.03265 8.43317 8.60638 10.2641 6.51711 8.90836 12.775 21.5014 16.5357 8.67518 8.55432
threshold=79.995000000000019 4.5000000000000009 703.50000000000011 2.5000000000000004 87.500000000000014 21369.865000000002 76.500000000000014 16.500000000000004 1.0000000180025095e-35 7.5000000000000009 2.5000000000000004 776.50000000000011 152.50000000000003 1847.5000000000002 204.50000000000003 230.50000000000003 56.940000000000005 52.500000000000007 201.50000000000003 299.04000000000002 4.5000000000000009 88.500000000000014 242.50000000000003 485.49500000000006 15.500000000000002 267.50000000000006 9472.2050000000017 62.500000000000007 50.500000000000007 1.0000000180025095e-35 298.50000000000006 36582.685000000005 147.50000000000003 107.50000000000001 56.500000000000007 21.500000000000004 113.50000000000001 574.50000000000011 328.49500000000006 437.13000000000005 1.0000000180025095e-35 1016.4250000000001 26.500000000000004 43.500000000000007 1.0000000180025095e-35 8.5000000000000018 18.500000000000004 2.5000000000000004 110.50000000000001 252.50000000000003 109791.10500000001 227.50000000000003 1.5000000000000002 1101.5000000000002 1847.5000000000002 128.50000000000003 286.50000000000006 44.500000000000007 58.500000000000007 46.500000000000007 29.500000000000004 52.500000000000007
decision_type=2 2 2 2 2 2 2 2 2 2 2 2 2 2 2 2 2 2 2 2 2 2 2 2 2 2 2 2 2 2 2 2 2 2 2 2 2 2 2 2 2 2 2 2 2 2 2 2 2 2 2 2 2 2 2 2 2 2 2 2 2 2
left_child=2 3 7 9 6 12 10 -1 -4 38 -5 18 13 -3 36 16 17 -16 31 -12 -14 22 40 27 26 -26 29 28 -24 30 -25 -7 34 -34 -33 -17 -9 -6 -2 -40 -11 42 -42 -43 45 46 -10 -29 -35 51 -51 -13 53 -53 -55 56 60 -58 59 -59 61 -21
right_child=1 5 8 4 37 11 -8 14 44 21 19 49 20 -15 15 35 -18 -19 -20 55 -22 -23 23 24 25 -27 -28 47 -30 -31 -32 32 33 48 -36 -37 -38 -39 39 -41 41 43 -44 -45 -46 -47 -48 -49 -50 50 -52 52 -54 54 -56 -57 57 58 -60 -61 -62 -63
leaf_value=-0.0071944741763808927 -0.0001535696367555033 0.0033916530435817919 -0.041743847692194573 0.020586388859547319 -0.013992520230543155 0.0072932087043231335 0.037528851963154454 -0.021280938711536832 -0.00093352665698442851 0.0042659563727088599 -0.0086832294762547516 0.0086230670105875342 0.00097565484853645861 0.03974228353012306 0.14453031606678279 0.075430123478853861 0.18952395004291148 -0.046980765893857523 -0.015909418174594639 -0.0044133563604134467 -0.0091183136841213545 -0.0039492499971659229 0.032889274289762398 -0.0036812822449156096 0.064141388424643328 0.016614543323246359 0.016528107664350099 0.046929667221049111 0.15752966709355865 -0.00061240806474748401 0.030552035754312052 -0.0013310175582498076 0.0085581612139365073 -0.021429594590609738 -0.035482718607933054 -0.028853391159017014 -0.0084291410097086465 0.087854095238506069 0.089928826386620545 0.016342331973480055 0.00053249853955538785 0.0038211693350213073 -0.0091531668636979525 -0.001771382579749555 -0.03080801956096382 -0.030767519002489991 0.16238525073620513 -0.048234031481875682 0.00017661411108024023 -0.0047357880786509437 0.017539337231460433 0.044898695017418638 -0.00038828307951598029 0.0054176070216665935 0.031151569329528048 -0.027749482411582545 0.00027432261006648487 0.030498130726285089 0.0088040066350408702 0.1453847911682524 -0.0063055235590081474 0.0032743990840680354
leaf_weight=247.97311438713223 39.129122127778828 11394.253657730296 259.34154713200405 40.821095520630479 494.94580670120195 1448.6495764106512 17.821603330783546 1111.6817045318894 22.38520796503872 961.3659879793413 937.4707352751866 1470.7864959090948 1387.4714442156255 29.540103301405907 2.4619860099628594 1.8820003210566962 1.3565754443407056 2.6970537658780813 51.040403172373772 828.77985784597695 237.82945827953517 705.74830341991037 6.3675326481461543 34.481971178203821 13.784721629694102 49.403225859627128 144.70634694397449 4.452301610261201 3.7213182235136628 447.4765413403511 49.13258645683527 85.268270395696163 621.15238443017006 37.342782765626907 32.610817223787308 14.125276003498582 129.86200708616525 1.6843132013455022 9.2852020887657982 65.856112416833639 327.51502434071153 1206.2272083722055 503.61877055373043 1111.0388860385865 701.05255757039413 23.46037855790928 1.3106147018261243 3.0414065914228559 768.7024095505476 211.02842009067535 90.314717456698418 35.492801338434219 49.80877049267292 83.458256185054779 73.238038569688797 27.120506081730127 196.06207166984677 7.0057960664853436 36.143440253101289 5.8831181731075048 1699.3816281445324 641.54426308255643
leaf_count=13718 1200 82101 50043 1417 30366 6061 844 124525 3788 12411 51498 6113 6779 143 204 135 95 246 211 22610 1496 7607 183 327 154 470 793 132 119 5278 400 404 2590 155 143 1212 15564 62 217 938 10314 14617 15346 12465 122334 4060 216 116 3177 885 402 150 205 357 318 459 2721 151 643 108 36877 15316
internal_value=-0.000221347 0.00182158 -0.0235164 -0.0016382 -0.00505505 0.00385114 -0.00409526 -0.0173866 -0.0327078 0.00132613 -0.00426506 0.00607211 0.00298968 0.00348643 -0.0193813 0.011227 0.077836 0.0444714 0.00430833 -0.00449831 -0.000498784 0.00100861 0.00172872 0.00806296 0.00705491 0.0271467 0.00516517 0.0498683 0.0804491 0.00205717 0.0163872 0.00465522 0.00217831 0.00325803 -0.0108434 -0.01589 -0.0199415 -0.0136194 0.0167513 0.0256093 0.000561267 -0.000568474 -0.00533083 0.00113764 -0.0295639 -0.0109366 0.00853396 0.0075214 -0.000820699 0.0087356 0.00192724 0.00993034 0.017848 0.022598 0.0174894 -0.00335679 -0.00316079 0.00601346 0.0288131 0.0840384 -0.00387193 -0.00105557
internal_weight=31248.6 28729 2519.59 10621 4934.66 18108 4438.03 1512.04 1007.55 5686.35 4420.21 5058.89 13049.1 11423.8 1264.07 22.5229 6.51562 5.15904 3044.77 4379.39 1625.3 5572.08 4866.33 756.568 738.985 63.1879 675.797 17.5826 10.0889 531.091 83.6146 2993.73 1545.08 1427.2 117.879 16.0073 1241.54 496.63 114.27 75.1413 4109.77 3148.4 831.134 2317.27 748.209 47.1562 23.6958 7.49371 806.045 2014.13 301.343 1712.78 241.998 192.189 156.696 3441.92 3414.8 245.094 49.0324 12.8889 3169.71 1470.32
internal_count=693989 357849 336140 246159 163072 111690 132644 155699 180441 83087 131800 21171 90519 82244 141981 1892 545 450 12741 130383 8275 80732 73125 7972 7422 624 6798 550 302 6005 727 12530 6469 5922 547 1347 140089 30428 2355 1155 65153 52742 25660 27082 130398 8064 4004 248 3332 8430 1287 7143 1030 825 675 78885 78426 3623 902 259 74803 37926
is_linear=0
shrinkage=0.05


Tree=57
num_leaves=63
num_cat=0
split_feature=4 5 4 2 2 2 4 7 3 8 0 5 2 3 2 3 4 2 3 2 8 0 3 3 0 0 4 4 5 2 3 3 2 0 0 2 2 3 0 3 2 3 4 2 3 3 2 4 5 2 0 2 3 2 2 2 0 5 5 3 2 3
split_gain=548.531 86.684 51.0975 26.1671 17.5166 17.1238 14.09 22.2598 11.4884 11.828 10.7313 10.5126 12.1251 9.9384 9.42842 9.36872 18.0483 14.5245 11.7671 9.32333 9.17726 9.12953 8.70176 13.1706 10.173 9.84006 8.47016 8.19518 8.06554 7.99921 7.96506 7.76402 18.4405 16.0969 13.5383 8.45935 9.28576 7.52588 7.50823 8.80274 7.49348 11.4162 11.6306 7.42419 7.2532 11.1208 17.4081 10.2361 9.25148 14.6239 6.66169 8.00327 7.08929 6.63812 11.2735 6.50429 11.231 12.2924 8.1881 8.25158 8.14862 7.0729
threshold=87.500000000000014 12.500000000000002 703.50000000000011 5177.7850000000008 2655.3200000000002 16281.775000000003 9.5000000000000018 3.5000000000000004 298.50000000000006 2.5000000000000004 85.500000000000014 8.5000000000000018 8316.2900000000027 13.500000000000002 15673.650000000001 321.50000000000006 36.500000000000007 6503.3450000000003 316.50000000000006 1950.1700000000003 1.0000000180025095e-35 155.50000000000003 109.50000000000001 104.50000000000001 9.5000000000000018 1.0000000180025095e-35 1.5000000000000002 4.5000000000000009 8.5000000000000018 377.98500000000007 28.500000000000004 6.5000000000000009 234.215 21.500000000000004 10.500000000000002 339.09500000000008 388.41000000000003 1472.5000000000002 78.500000000000014 82.500000000000014 465.78000000000003 21.500000000000004 210.50000000000003 23137.850000000002 345.50000000000006 648.50000000000011 5442.0850000000009 4.5000000000000009 127.50000000000001 12505.535000000002 23.500000000000004 1076.5550000000001 537.50000000000011 329.84000000000009 538.0100000000001 9079.6700000000019 25.500000000000004 6.5000000000000009 10.500000000000002 187.50000000000003 18417.425000000007 157.50000000000003
decision_type=2 2 2 2 2 2 2 2 2 2 2 2 2 2 2 2 2 2 2 2 2 2 2 2 2 2 2 2 2 2 2 2 2 2 2 2 2 2 2 2 2 2 2 2 2 2 2 2 2 2 2 2 2 2 2 2 2 2 2 2 2 2
left_child=1 3 4 6 21 30 13 -8 9 11 50 12 22 -1 -14 16 18 28 -10 20 -4 -2 23 25 -24 -5 -19 43 -17 -23 -3 32 -22 34 35 -34 -37 44 -6 -40 41 42 -31 -16 -32 -46 -47 48 49 -48 52 -52 -9 -36 -55 -11 57 60 59 -58 61 -57
right_child=2 5 19 8 38 -7 7 10 15 55 -12 -13 14 -15 27 17 -18 26 -20 -21 31 29 24 -25 -26 -27 -28 -29 -30 40 37 -33 33 -35 53 36 -38 -39 39 -41 -42 -43 -44 -45 45 46 47 -49 -50 -51 51 -53 -54 54 -56 56 58 -59 -60 -61 -62 -63
leaf_value=0.0067284969841140581 -0.021315275290509306 0.013555581360646439 -0.040807493799667083 0.055023015790914336 -0.0092319911155037057 0.0042936478497481471 -0.024798987496751596 -0.0087740566608908201 0.0016533166042286614 -0.006915179771724695 0.1007712032269472 -0.00044427728478271225 -0.005758639022256113 -0.0039780862804775947 0.066158068854981142 0.018858635156470464 0.10804090709836392 0.027718131767156453 0.071713754442721683 -0.010283859946463095 -0.027228780446443293 -0.012987963817266274 0.013928962985697558 0.094037854327099199 -0.035742535408396718 0.016068233526425783 -0.0031251141352142599 0.0037130619746571685 0.10259995876917463 0.26593541756109212 0.0017998969225965719 -0.03479055841626106 -0.030774980890706256 -0.017436374490273483 0.26446139522949386 0.21866233438206445 0.035784976160297133 0.029677098245594849 0 0.062806720732960813 0.0072440417686756757 -0.042586014628858845 0.052370273448648065 0.013904422998681438 -0.0044527337038104626 0.060483585280188261 0.0017789965706988924 -0.016092394648960999 -0.0019879689951971687 0.040311473217487515 -0.011160538259103204 0.0023494531101495696 0.078843708223837503 -0.03884872232364376 0.22737848307141426 -0.0055296819397700064 0.0053332475244300022 -0.0075138330462628791 0.063958792263545394 0.066952620549341035 0.021329722232131598 0.017216942763517387
leaf_weight=250.92990912683308 1006.4125127671286 132.67606468778104 254.56678881216794 20.060954917222261 324.46700060321018 13970.520413275808 190.05697883060202 1555.6937704347074 25.516435518860817 660.56091204751283 2.2057101512327781 600.09047265723348 142.32069379463792 1575.6696743033826 12.456872701644899 6.2054562820121628 6.724833730608224 27.061309810727835 7.798932882025837 50.013605470303446 323.52786258561537 66.972684803418815 64.830151286907494 7.0092403553426257 12.120874434709547 87.848296413198113 122.46671867184341 51.338441861793399 5.6594166196882725 1.006154573522511 6627.0454282220453 362.01054007187486 2.9769803024828452 12.384358863346277 1.0121128968894484 0.8296661814674734 3.3854633499868214 23.053528545424342 19.419140497222546 7.7283476907759896 17.215933369472623 1.177682210691273 1.8460793974809346 15.64061466604471 1084.9047193471342 14.318963676691054 53.132003672420979 50.518516985699534 94.893547847867012 46.271794032305479 161.56666235718876 339.38284192886204 2.2017658753320566 0.77732706768438198 0.62040204228833318 119.42182439286262 47.145116535015404 384.4765927772969 9.1021269187331182 6.0864417403936377 69.578427659347653 47.722859247587621
leaf_count=6522 113712 1451 49855 239 18869 69471 18018 74312 430 15452 127 7329 2041 42598 120 186 172 318 122 5853 58465 8425 1413 126 273 1373 2308 632 120 102 72763 64779 532 2241 183 149 589 150 892 286 1818 138 224 129 10010 156 440 525 551 324 11438 14400 94 141 111 2535 807 4642 107 98 1106 1197
internal_value=-0.000212541 0.00172672 -0.0228807 -0.00328388 -0.0168409 0.00323189 -0.00577116 -0.00841956 0.00067729 -0.000300016 -0.0069056 0.00377527 0.00990771 -0.00250424 0.00191767 0.0121361 0.033786 0.00671642 0.0183692 -0.0315037 -0.0326004 -0.0199621 0.0191105 0.0278306 0.00600387 0.0234007 0.00243822 0.0157237 0.0597439 -0.00446146 0.00140602 -0.0296351 -0.0242106 0.0198977 0.0682489 0.0319957 0.0771727 0.00120359 -0.00710715 0.0180461 0.0221171 0.0827307 0.135857 0.0374006 0.00112024 -0.0022271 0.00706968 0.00390174 0.00913166 0.0197883 -0.00702827 -0.00199918 -0.00864197 0.168868 0.0832733 -0.00337737 3.47383e-05 -0.00198934 0.0202571 0.0125848 0.0069616 0.00094141
internal_weight=31192.6 28734.3 2458.35 6636.95 1446.25 22097.3 4077.71 2251.11 2559.24 2357.81 2061.05 1013.72 413.626 1826.6 221.757 201.433 40.0402 161.393 33.3154 1012.11 962.092 1094.63 191.87 114.918 76.951 107.909 149.528 79.4359 11.8649 88.2185 8126.81 707.525 345.514 21.9863 9.60195 7.19211 4.21513 7994.14 351.614 27.1475 21.2458 4.02992 2.85223 28.0975 7971.08 1344.04 259.135 244.816 194.297 99.4038 2058.85 500.95 1557.9 2.40984 1.39773 1344.09 683.533 621.2 62.3337 53.2316 236.723 167.145
internal_count=693989 366625 327364 210784 144466 155841 167509 118389 43275 39619 100371 13675 6346 49120 2922 3656 724 2932 552 182898 177045 124419 3424 1738 1686 1612 2626 881 306 10707 86370 127190 62411 3946 1705 1270 738 84919 20047 1178 2282 464 326 249 84769 12006 1996 1840 1315 764 100244 25838 74406 435 252 25944 10492 9480 1012 905 4838 3732
is_linear=0
shrinkage=0.05


Tree=58
num_leaves=63
num_cat=0
split_feature=6 5 4 2 4 6 3 5 8 6 2 5 6 3 8 6 5 3 3 2 5 2 6 3 5 3 3 6 0 6 3 4 8 3 3 3 0 5 3 5 5 5 5 6 5 5 6 5 2 2 0 0 5 2 5 3 2 2 0 4 2 3
split_gain=509.765 73.6982 53.1174 22.2516 19.0105 18.2156 12.8911 12.2851 11.3625 10.493 12.2349 10.3598 13.8545 9.71159 11.6796 9.89628 10.1687 10.5254 9.39795 17.9643 11.6111 9.30365 9.48921 9.24135 10.8055 9.11772 9.61538 9.47505 8.44442 8.42883 11.4947 12.75 8.33396 12.1071 16.269 7.69013 7.66545 8.54455 7.54606 18.4566 16.1987 14.738 9.5788 8.15468 10.234 8.62183 8.06819 13.9442 7.42466 11.7238 8.71049 7.68844 7.27361 7.26321 7.15804 6.87246 11.4359 6.83415 6.81993 6.80216 6.66155 8.12675
threshold=79.995000000000019 12.500000000000002 703.50000000000011 5177.7850000000008 58.500000000000007 6915.7850000000008 27.500000000000004 2.5000000000000004 1.0000000180025095e-35 307.38500000000005 754.29500000000007 5.5000000000000009 3135.7150000000006 298.50000000000006 2.5000000000000004 5409.0600000000013 10.500000000000002 71.500000000000014 1101.5000000000002 15673.650000000001 141.50000000000003 1271.1550000000004 257.02500000000003 92.500000000000014 37.500000000000007 865.50000000000011 833.50000000000011 5409.0600000000013 2.5000000000000004 88.02500000000002 19.500000000000004 6.5000000000000009 3.5000000000000004 527.50000000000011 326.50000000000006 1614.5000000000002 9.5000000000000018 4.5000000000000009 1101.5000000000002 319.50000000000006 59.500000000000007 111.50000000000001 368.50000000000006 36582.685000000005 533.00000000000011 409.50000000000006 109791.10500000001 1301.0000000000002 61.025000000000013 431.82500000000005 119.50000000000001 321.50000000000006 1141.5000000000002 22017.785000000003 254.50000000000003 153.50000000000003 1728.0600000000002 21004.765000000003 1.0000000180025095e-35 663.50000000000011 6503.3450000000003 321.50000000000006
decision_type=2 2 2 2 2 2 2 2 2 2 2 2 2 2 2 2 2 2 2 2 2 2 2 2 2 2 2 2 2 2 2 2 2 2 2 2 2 2 2 2 2 2 2 2 2 2 2 2 2 2 2 2 2 2 2 2 2 2 2 2 2 2
left_child=2 3 7 4 6 9 11 48 -4 10 -3 29 -13 14 15 16 17 28 25 20 -20 22 -12 24 -7 26 54 -27 -5 30 31 -2 60 34 -34 -21 -9 -38 39 -25 -40 -42 57 -44 45 -45 47 52 -1 51 53 -50 -43 59 -11 56 -23 -41 -10 -51 -15 -62
right_child=1 5 8 13 -6 23 -8 36 58 18 21 12 -14 32 -16 -17 -18 -19 19 35 -22 55 -24 38 -26 27 -28 -29 -30 -31 -32 -33 33 -35 -36 -37 37 -39 40 42 41 46 43 44 -46 -47 -48 -49 49 50 -52 -53 -54 -55 -56 -57 -58 -59 -60 -61 61 -63
leaf_value=-0.0035678342474511453 0.13788765000532727 0.0027599209625773593 -0.041008808161702423 0.034640480671576039 -0.013045311150605827 0.0022909577192193019 -0.0055601585705438673 0.0092054643863091947 -0.0093689886008113833 0.0011893647161172523 0.033916464646301658 0.0075500259805087082 0.068041712821162323 0.041528046093027203 -0.0032765075405691382 -0.0084225578628225085 -0.002692399384844054 0.0055212736642817764 0.041488558895784393 -0.034376936145522972 -0.012237023934786677 -0.01382264823741082 0.11832716082438764 0.0044869344761674012 -0.014133842981337272 0.0057851045859514507 -0.028880706616631432 0.035798496888240557 0.010357873168897719 -0.0033367355372626315 -0.033615180588536062 0.0050167563403057574 0.090385575784030447 0.091999277801792512 -0.0044388195309794992 0.0022277845978509784 -0.033652647048760413 0.037194442948138846 0.038699462504634963 0.0050348289685419392 -0.0066853828138927615 0.0074036998364317465 0.005088476968069325 -0.023755305897070318 -0.025602278082451208 0.010894456422900621 0.016169930292225219 -0.015262086412233518 -0.025708224432067241 -0.016764076304565168 0.010826283563113629 0.090102084314263267 0.034517519826101795 0.059004535325856734 0.018691923631797645 -0.017553516937203948 0.098313174811253179 -0.023722462318379722 -0.029602799522228197 0.04234532323737504 0.025284085484072773 -0.0018646172861199834
leaf_weight=89.46343073155731 3.8460842072963697 41.722739370539784 239.26137118507177 63.3222570810467 672.35835248464718 341.27724476531148 2480.1906562503427 72.236548529006541 45.357950675766915 9041.903199782595 7.3269809260964411 257.10454876534641 9.7587226741015893 12.595372018404303 1424.7380436928943 143.72718860581517 254.68689583055675 477.69962521875277 20.108703443780541 63.013844281435013 19.745938502252102 4.0175920957699436 6.5592556642368436 10017.145399101079 141.41698434948921 89.547318391501904 26.348562963306904 37.486427456140518 84.395750972442329 493.3728372072801 3.3585336832329631 3.4920980222523212 5.7831915300339523 7.0339290266856542 19.170550706796348 18.22941017895937 24.035984153859321 5.0179188298061481 40.853805795311928 25.877493642270565 179.42885213345289 1135.1318901628256 204.4708309173584 25.163741424679756 62.912059560418129 61.859352096915245 277.46801295131445 67.965039700269699 425.85594970360398 808.74028587108478 30.86909665260464 1.3237683135084797 25.308565080165863 3.0815727226436129 58.739397089928389 7.1699237897992125 4.879281465895474 96.771311238408089 660.73996949847788 4.7568738167174152 34.812043351121247 129.75291274255142
leaf_count=10169 110 734 50043 710 45483 2016 85195 3557 8064 94344 161 4753 89 308 28618 1164 3271 7623 171 427 126 108 114 46269 676 729 192 214 1140 18794 215 284 129 127 437 122 1974 366 197 130 773 4780 898 105 260 261 1231 291 49358 85893 3259 171 108 181 386 183 137 407 122334 771 587 2262
internal_value=-0.00020417 0.00164873 -0.0222881 -0.0029966 -0.00538953 0.00302919 -0.00380436 -0.0163179 -0.0315344 0.00136568 0.0204149 0.00183779 0.00980549 0.000534161 -0.000347387 0.00372374 0.00571373 0.0091448 0.00121929 -0.0126096 0.0147811 0.0447498 0.0747069 0.00426587 -0.00251266 0.00140093 0.00121509 0.0147023 0.0208173 -0.00237164 0.0412975 0.0762467 0.0108739 0.03436 0.0176108 -0.0261094 0.000434064 -0.0211595 0.00453405 0.00402905 0.00760088 0.0068418 -0.00557401 -0.00138907 -0.0102535 0.000801918 0.00845725 0.00670989 -0.0175654 -0.0185436 -0.015121 -0.0253166 0.00800227 -0.0161092 0.00130309 0.0182473 0.0475291 -0.0176151 -0.0283116 -0.0164071 0.00658809 0.00385992
internal_weight=31141.8 28731 2410.74 6581.2 3923.48 22149.8 3251.12 1465.38 945.359 9446.8 71.6758 770.933 266.863 2657.72 2448.57 1023.83 880.105 625.418 9375.12 121.098 39.8546 29.953 13.8862 12703.1 482.694 9254.02 9126.99 127.034 147.718 504.07 10.6967 7.33818 209.148 31.9877 24.9537 81.2433 101.29 29.0539 12220.4 10494.2 1726.16 1685.3 477.055 354.406 149.935 87.0231 1505.87 1228.41 1364.09 1274.63 847.448 427.18 1160.44 816.579 9100.64 16.0668 8.89687 122.649 706.098 813.497 177.16 164.565
internal_count=693989 357849 336140 201299 154923 156550 109440 155699 180441 98148 1437 24245 4842 46376 42526 13908 12744 9473 96711 846 297 703 275 58402 2692 95865 94922 943 1850 19403 609 394 3850 693 566 549 5897 2340 55710 48330 7380 7183 2061 1524 626 366 6410 5179 149802 139633 90104 49529 4888 86845 94730 428 245 537 130398 86664 3157 2849
is_linear=0
shrinkage=0.05


Tree=59
num_leaves=63
num_cat=0
split_feature=6 5 4 2 4 6 3 5 6 2 4 6 2 2 2 3 0 0 4 3 4 2 2 6 4 6 2 3 4 0 5 2 2 0 0 3 6 2 2 3 2 3 2 2 0 2 3 5 3 3 4 2 4 7 0 2 2 0 0 3 2 3
split_gain=470.262 66.5405 51.4992 20.234 17.5409 16.5386 11.7093 11.4575 9.92225 10.5174 9.97225 10.3321 9.63074 9.38791 9.09973 8.52581 8.86633 8.7698 8.08716 7.72269 13.6782 11.8692 9.37225 7.78893 11.0445 10.827 7.09109 7.07837 7.01149 7.00546 7.86579 6.97231 11.2288 8.02693 6.73817 6.7093 8.21897 9.99872 6.64735 9.16387 20.6057 7.01765 13.5287 9.04347 6.62398 7.6498 6.56149 7.12054 6.45594 7.72236 6.93146 6.41139 6.09516 6.03506 18.0385 15.0648 7.6509 7.1276 9.2598 8.44363 6.63359 8.09178
threshold=79.995000000000019 12.500000000000002 703.50000000000011 5177.7850000000008 58.500000000000007 4390.2250000000013 27.500000000000004 2.5000000000000004 307.38500000000005 804.30500000000006 20.500000000000004 257.02500000000003 78811.665000000023 1011.1950000000002 114.70500000000001 298.50000000000006 14.500000000000002 2.5000000000000004 49.500000000000007 321.50000000000006 27.500000000000004 6341.6350000000011 46167.575000000004 1619.0550000000001 1.5000000000000002 2550.4850000000006 11309.090000000002 111.50000000000001 93.500000000000014 9.5000000000000018 4.5000000000000009 61.025000000000013 431.82500000000005 119.50000000000001 321.50000000000006 25.500000000000004 116.95500000000001 454.88500000000005 1950.1700000000003 14.500000000000002 2289.3550000000005 2.5000000000000004 293.22000000000008 377.98500000000007 7.5000000000000009 45.290000000000006 4.5000000000000009 2.5000000000000004 27.500000000000004 32.500000000000007 222.50000000000003 22017.785000000003 663.50000000000011 3.5000000000000004 1.0000000180025095e-35 770.7650000000001 2492.2050000000004 75.500000000000014 86.500000000000014 11.500000000000002 1836.7900000000002 20.500000000000004
decision_type=2 2 2 2 2 2 2 2 2 2 2 2 2 2 2 2 2 2 2 2 2 2 2 2 2 2 2 2 2 2 2 2 2 2 2 2 2 2 2 2 2 2 2 2 2 2 2 2 2 2 2 2 2 2 2 2 2 2 2 2 2 2
left_child=2 3 7 4 6 8 13 31 9 -3 11 -11 15 14 -2 -5 17 19 -7 20 -17 -21 23 24 -23 -25 -18 -13 -10 -9 -31 48 34 51 -33 46 -37 -38 41 40 -40 42 44 -44 45 -4 47 -16 -1 -50 -51 52 -34 54 55 -6 -57 60 59 -59 -55 -62
right_child=1 5 38 12 53 18 -8 29 28 10 -12 27 -14 -15 35 16 26 -19 -20 21 -22 22 -24 25 -26 -27 -28 -29 -30 30 -32 32 33 -35 -36 36 37 -39 39 -41 -42 -43 43 -45 -46 -47 -48 -49 49 50 -52 -53 -54 57 -56 56 -58 58 -60 -61 61 -63
leaf_value=-0.0069069974977783825 0.047935099504211987 0.0034102582785125271 -0.018012546414150763 -1.1190946645342414e-06 0.18560794271243092 0.0038074517227534399 -0.0053101197268851652 0.0086687631064034983 0.00057800606284676994 0.021618801535793299 -0.020351103346277682 0.12290045303955849 -0.027915380271455171 0.0074967408066953199 0.00025872340663954315 0.017786369760745751 0.092937465593975754 -0.0065306549892290957 -0.01384543418517023 0.073925516193424773 0.10461386162349351 0.024690713852212803 0.064223939769479932 0.054991034902890326 -0.024743922237024166 -0.0057627054589808324 0.021356264982756227 0.043591922530939131 -0.031456873791100605 -0.033067188415652239 0.034109065963788286 -0.025062898856971334 -0.016196509009600912 0.010175764623055349 0.078922961935553967 -0.0479360301456003 0.12252476460088919 0.01952119231656764 0.27015758932945871 -0.017143335025570083 -0.0052182120837841583 -0.034550035920095798 0.17366672638200428 0.009032494474745861 -0.028512179007178576 0.047830398000690548 -0.00830610728522411 0.051331148282413031 0.14410179691931307 0.11023574069440877 -0.030087259230069715 0.053073814072680497 0.038613122751478685 -0.019029286696114197 -0.032965940487734345 -0.046593547585928978 0.10261555338166978 0.12402987552101435 -0.0082624019422213018 0.02098103013965049 0.035663341182633618 -0.0092955952442193464
leaf_weight=83.708363790996373 8.2917305314913374 43.85245556384325 15.714421208016576 2423.9881218830124 1.5942272623069573 15810.819233156741 2467.4652757095173 72.863003789447248 6204.1067140251398 11.833024995401507 5.0767008848488322 6.6704870350658876 29.366675227880478 369.6493171826005 24.74016057793051 16.947052093222741 5.3841349687427273 69.398863126989454 64.930105034261942 6.5639257831498972 6.2256225161254397 15.59630363807082 6.0592772476375094 13.013917811214926 39.731267301831394 16.305623937398195 10.312965270131825 5.5304078254848719 17.02302030287683 23.260083599016074 5.2022787025198332 415.25547468988225 795.57176938978955 31.198037032503635 1.4464257694780815 3.2840491393581059 2.7715802546590593 14.629959995858369 0.83624324295670094 24.342299098614603 2.3401607628911734 630.80675296625122 1.2397650228813284 2.4298301306553185 232.62080989778042 6.0168545688502482 339.14423510432243 9.4315343191847187 1.4424785757437337 1.1426702197641132 2.8584660026244819 3.2608623709529629 4.9599584676325312 233.83583997376263 68.53576320130378 2.4034720291383569 1.2041198881343005 2.185856570024046 41.244346151594073 17.942707996349782 10.23469195794314 284.76826224615797
leaf_count=9494 272 774 3029 42259 162 78253 85195 3557 75719 235 223 107 324 9174 985 251 136 1332 644 155 141 221 77 159 1019 150 152 98 497 1974 366 49358 85893 3259 171 219 122 593 143 4400 393 124377 234 460 46247 1158 12670 210 189 94 392 181 771 18181 6448 216 86 134 2940 1072 453 15791
internal_value=-0.000195999 0.00156569 -0.0216586 -0.00285657 -0.00514812 0.0028749 -0.00362828 -0.0157603 0.000705012 0.0190254 0.0422847 0.055752 0.000505696 0.00174114 -0.00353555 0.000826055 0.0106008 0.00757003 0.00373485 0.015735 0.0416778 0.0094668 0.00467094 0.000278219 -0.0106992 0.0211291 0.0466582 0.0880047 0.00048904 0.000403277 -0.0205374 -0.0169854 -0.0179485 -0.0145851 -0.0246711 -0.00464332 0.0229567 0.0368188 -0.0309334 -0.00647469 0.071786 -0.0316842 -0.0246478 0.0691117 -0.0260468 0.000124298 -0.00619178 0.0146095 -0.00340178 0.0487495 0.0104787 -0.0155535 -0.0158459 -0.0125542 -0.0260843 0.062552 0.00328443 -0.0108512 0.00521312 0.0329766 -0.0127256 -0.00770731
internal_weight=31090.6 28732.1 2358.52 6562.25 3903.36 22169.8 3239.41 1442.17 6294.09 72.9631 29.1106 24.0339 2658.89 771.943 402.293 2629.53 205.539 189.842 15875.7 120.443 23.1727 97.2703 90.7064 84.6471 55.3276 29.3195 15.6971 12.2009 6221.13 101.325 28.4624 1340.84 1251.69 834.991 416.702 394.002 20.6856 17.4015 916.347 27.5187 3.1764 888.828 258.022 3.6696 254.352 21.7313 373.316 34.1717 89.152 5.44361 4.00114 803.793 800.532 663.949 73.7376 5.20182 3.60759 590.212 61.3729 20.1286 528.839 295.003
internal_count=693989 357849 336140 201299 154923 156550 109440 155699 77653 1437 663 440 46376 24245 15071 46052 3793 3505 78897 2173 392 1781 1626 1549 1240 309 288 205 76216 5897 2340 149802 139633 90104 49529 14799 934 715 180441 4936 536 175505 51128 694 50434 4187 13865 1195 10169 675 486 86845 86664 45483 6912 464 302 38571 4146 1206 34425 16244
is_linear=0
shrinkage=0.05


Tree=60
num_leaves=63
num_cat=0
split_feature=7 2 4 4 4 4 1 2 1 3 1 2 6 0 2 1 1 3 2 0 3 6 4 4 2 4 1 3 3 6 1 3 3 3 6 3 1 3 0 2 1 3 2 3 1 3 1 2 3 3 6 2 2 1 1 6 1 2 1 3 4 1
split_gain=429.593 69.255 41.0963 33.487 19.2794 11.9421 11.5248 13.2434 12.1053 13.9681 11.1356 11.7994 10.7977 10.5088 9.71304 11.9081 9.85841 11.696 10.7315 9.24288 11.5764 8.83792 30.7225 9.33382 11.225 8.69622 25.0847 14.2581 10.057 9.84909 11.4573 13.8614 10.2713 7.96108 12.2939 11.6922 12.3679 8.04226 7.95598 7.74273 11.8161 10.1648 12.5581 12.4553 14.6911 11.0068 8.09373 7.71457 11.9853 10.4986 8.39134 7.64867 10.783 7.60204 7.6089 10.296 7.48452 7.45964 7.31657 12.159 10.8902 12.217
threshold=3.5000000000000004 10241.440000000001 1023.5000000000001 50.500000000000007 7.5000000000000009 1.0000000180025095e-35 42.500000000000007 2599.5100000000007 28.500000000000004 212.50000000000003 37.500000000000007 912.79500000000007 366.85500000000008 12.500000000000002 3521.6800000000007 38.500000000000007 18.500000000000004 181.50000000000003 551.68500000000006 561.50000000000011 7.5000000000000009 1.0000000180025095e-35 197.50000000000003 188.50000000000003 5177.7850000000008 5.5000000000000009 149.50000000000003 648.50000000000011 942.50000000000011 1658.6600000000003 89.500000000000014 404.50000000000006 724.50000000000011 113.50000000000001 3216.8850000000007 114.50000000000001 38.500000000000007 157.50000000000003 8.5000000000000018 136133.35500000001 294.50000000000006 233.50000000000003 12085.960000000001 135.50000000000003 55.500000000000007 278.50000000000006 28.500000000000004 11687.245000000001 114.50000000000001 115.50000000000001 3902.3450000000007 15673.650000000001 12956.745000000001 116.50000000000001 106.50000000000001 13942.755000000003 229.50000000000003 7242.4750000000013 89.500000000000014 242.50000000000003 15.500000000000002 58.500000000000007
decision_type=2 2 2 2 2 2 2 2 2 2 2 2 2 2 2 2 2 2 2 2 2 2 2 2 2 2 2 2 2 2 2 2 2 2 2 2 2 2 2 2 2 2 2 2 2 2 2 2 2 2 2 2 2 2 2 2 2 2 2 2 2 2
left_child=2 3 4 5 -1 -2 7 8 9 -7 13 -12 -5 -10 16 21 17 18 19 -6 -21 22 23 -16 -25 29 28 -28 58 30 -3 -32 -33 -9 35 -35 -37 -36 -30 40 41 43 -43 44 47 51 -45 48 50 -49 -31 52 -44 54 -53 -56 -29 -8 59 60 -27 -62
right_child=1 25 -4 12 14 6 57 33 10 -11 11 -13 -14 -15 15 -17 -18 -19 -20 20 -22 -23 -24 24 -26 26 27 56 38 39 31 32 -34 34 37 36 -38 -39 -40 -41 -42 42 45 46 -46 -47 -48 49 -50 -51 -52 53 -54 -55 55 -57 -58 -59 -60 -61 61 -63
leaf_value=-0.0011445544041845301 0.0027250554520561483 0.023122094863724921 -0.0307276352044508 -0.013931965052535756 -0.02302780101840091 -0.0016087545333779354 -0.0061835789947422195 0.00077157461625566447 -0.019815176598222392 0.052904830359324001 0.071701579635895921 -0.00063663914702888477 -0.0046140788855310129 0.0053439869869933918 0.048644703869948881 -0.033628416097416167 -0.029629695030553984 0.1052574361705768 -0.0097906218188225248 0.001268383358115338 0.20201765910943972 -0.021599680471315771 0.0030041314244038321 0.0862529820159494 0.27063977891524543 0.0047328323526761211 -0.024746687202012202 -0.001387207311357364 0.028137543477167799 -0.018391628592843989 -0.022980338047982229 0.040329137162419246 -0.018407880481980134 0.069511618942565009 -0.017393210787076837 0.015951599559104808 -0.0024215079856146106 0.0079171752257556002 -0.0048152022649059758 0.0070978451991089266 -0.02413874348943745 -0.0075613450272729258 0.01325856519541622 0.037033726291514239 -0.0098069713894824127 0.0034475689770664198 0.0079482971963491661 0.0059126281881984851 0.049777302033118177 -0.0090199028687104384 0.017281603901014991 -0.00072394539063980233 -0.0228041117195712 -0.016510143151668849 0.0025810580939309158 0.047145017396962079 -0.029122610656224613 -0.0012040802322028418 -0.00068810102263195793 0.0081665867036377453 0.0012936762336963222 -0.010311752446323368
leaf_weight=178.14899952709675 1860.054293230176 136.88180576078594 848.12698570173234 665.09627069858834 469.7979278229177 1523.8334497287869 1790.6103013642132 1895.2493416694924 252.55393231660128 11.738098831847308 5.9073491515591732 89.555405612103641 587.93219545576721 49.264559140428901 2.9168265750631681 21.161969014443457 221.63060191832483 1.8239524094387878 265.4613674567081 2.8036093809641893 0.89057912956923235 15.367443362250922 33.385227381251752 2.0893050609156494 1.610903102904558 1224.4155159285292 123.5153799704276 242.06128677725792 65.421645743772388 21.56481409445405 36.605065826326609 22.92361724190414 10.792060948908327 8.4495791848748905 70.61810203269124 299.00662305857986 131.35418189130723 56.035862367600203 25.052293181419373 1487.8031054958701 39.075539708137512 300.21959158033133 26.622359380125999 24.240790776908398 224.97584959864616 7359.7607967704535 1853.7341928109527 542.08759282529354 22.108445756137371 150.0574001967907 67.776904188096523 546.08595275133848 90.437122836709023 68.233814015984535 36.875072412192822 20.117766037583351 27.010208350606263 1301.794006598182 1552.3100231522694 972.44784832838923 764.32025069091469 321.99679904989898
leaf_count=6400 20235 1758 172732 58194 62966 58898 40118 35515 8896 329 207 3244 21648 2314 195 2092 27936 141 30950 354 114 731 2468 144 102 9237 984 1381 348 186 523 295 124 186 612 6038 2738 472 151 6404 168 2239 194 133 1315 35263 10242 3074 153 833 397 2728 599 333 206 84 175 16582 11299 7418 8780 3516
internal_value=-0.000238306 0.0013303 -0.0222712 -0.00188907 -0.0163723 -0.000859371 -0.00175069 -0.00010361 -0.00320197 -0.00118537 -0.0109817 0.00385776 -0.00956464 -0.0156916 -0.0189782 -0.00176009 -0.0203419 -0.0175527 -0.0178768 -0.0223967 0.0550308 0.0103683 0.0227972 0.120384 0.172852 0.00318428 0.00147784 -0.0106816 0.00244813 0.00387727 0.0146975 -0.00163974 0.0213813 0.00232811 0.00753518 0.0114994 0.0103329 -0.00615821 0.0189625 0.00370273 0.0032589 0.00335384 0.0024753 0.00590555 0.00147674 0.00284581 0.00832834 0.0046428 0.0168538 0.00266719 0.00860416 -0.00276526 -0.0145555 -0.000700029 0.00108292 0.0184542 -0.00419973 -0.00408911 0.00213772 0.00347529 0.00149858 -0.00214234
internal_weight=31071.8 29006.6 2065.22 10599.1 1217.09 9346.03 7485.97 4393.57 1932.85 1535.57 397.281 95.4628 1253.03 301.818 1038.94 76.5317 962.408 740.777 738.953 473.492 3.69419 55.3697 40.0023 6.61703 3.70021 18407.5 5318.55 392.587 4925.96 13089 207.203 70.3207 33.7157 2460.71 565.464 438.81 430.361 126.654 90.4739 12881.8 11394 11354.9 8448.35 2906.55 1028.57 8148.13 1877.97 803.595 111.45 692.145 89.3417 788.372 117.059 671.313 603.079 56.9928 269.071 3092.4 4835.49 3283.18 2310.73 1086.32
internal_count=694091 386766 307325 276226 134593 196384 176149 119449 73888 59227 14661 3451 79842 11210 128193 5732 122461 94525 94384 63434 468 3640 2909 441 246 110540 43289 2540 40749 67251 2700 942 419 45561 10046 8962 8776 1084 499 64551 58147 57979 41646 16333 5958 39407 10375 4643 736 3907 583 4144 793 3351 3018 290 1556 56700 40250 28951 21533 12296
is_linear=0
shrinkage=0.05


Tree=61
num_leaves=63
num_cat=0
split_feature=7 2 4 4 4 4 8 1 2 1 3 1 4 2 4 1 6 2 8 1 1 4 1 3 6 6 1 3 2 1 1 1 3 1 1 4 3 6 6 2 2 3 3 8 6 3 1 2 3 4 1 3 3 6 1 3 3 3 2 4 6 8
split_gain=396.449 62.4778 39.7971 30.5986 18.0617 10.783 10.5443 10.4505 11.966 11.0936 12.0389 10.2655 10.2083 12.0494 15.2982 18.7556 10.0267 9.96424 7.93616 8.66024 7.9313 15.289 13.7354 13.1491 12.9257 11.4457 19.8985 10.6294 10.6218 11.6286 10.2354 18.5543 9.69604 15.1946 14.9264 8.85874 10.1164 9.59591 9.19853 8.85605 8.78676 8.42528 17.0025 7.90403 7.74135 7.56737 7.56172 10.9673 8.74506 7.51538 7.39695 7.31558 7.1052 10.9702 9.81668 7.34477 7.12735 7.01489 9.48239 10.3494 14.8366 9.7739
threshold=3.5000000000000004 10241.440000000001 1023.5000000000001 50.500000000000007 8.5000000000000018 1.0000000180025095e-35 1.0000000180025095e-35 42.500000000000007 2599.5100000000007 28.500000000000004 212.50000000000003 37.500000000000007 178.50000000000003 3521.6800000000007 197.50000000000003 37.500000000000007 366.85500000000008 912.79500000000007 2.5000000000000004 3.5000000000000004 89.500000000000014 5.5000000000000009 149.50000000000003 648.50000000000011 16536.615000000002 227.02000000000001 70.500000000000014 942.50000000000011 36489.165000000008 140.50000000000003 156.50000000000003 174.50000000000003 135.50000000000003 54.500000000000007 29.500000000000004 24.500000000000004 254.50000000000003 2204.0900000000006 446.34000000000009 20116.000000000004 12505.535000000002 574.50000000000011 360.50000000000006 4.5000000000000009 3692.4500000000003 440.50000000000006 19.500000000000004 1054.3550000000002 141.50000000000003 192.50000000000003 55.500000000000007 100.50000000000001 113.50000000000001 3216.8850000000007 38.500000000000007 157.50000000000003 143.50000000000003 27.500000000000004 5442.0850000000009 45.500000000000007 1178.9400000000003 4.5000000000000009
decision_type=2 2 2 2 2 2 2 2 2 2 2 2 2 2 2 2 2 2 2 2 2 2 2 2 2 2 2 2 2 2 2 2 2 2 2 2 2 2 2 2 2 2 2 2 2 2 2 2 2 2 2 2 2 2 2 2 2 2 2 2 2 2
left_child=2 3 4 5 -1 -2 -4 8 9 10 18 -11 -6 46 15 49 50 -13 -7 -20 25 24 27 -24 -22 26 -3 -23 29 -26 -31 -32 33 40 44 37 -37 38 -36 41 51 42 -39 -21 -34 -40 47 48 -14 -15 -5 -27 57 54 -54 56 -55 -10 -59 61 -61 -60
right_child=1 20 6 16 12 7 -8 -9 52 11 -12 17 13 14 -16 -17 -18 -19 19 43 21 22 23 -25 28 32 -28 -29 -30 30 31 -33 34 -35 35 36 -38 39 45 -41 -42 -43 -44 -45 -46 -47 -48 -49 -50 -51 -52 -53 53 55 -56 -57 -58 58 59 60 -62 -63
leaf_value=-0.0013765194640319204 0.002583549894349764 0.021311286708561909 -0.039614288472368378 -0.012050733704159704 -0.026230721985301138 0.0040775610255432649 -0.026687732257933701 -0.0038989060458556307 0.010832936334889824 -0.01513038102606374 0.04791038237472553 0.063962541456855801 -0.017860062480996513 0.065991721883194701 -0.0051083865772706153 -0.046964428221648188 -0.0044027684064243591 -0.00060520684961771251 0.021811167601920048 -0.006628909683334668 0.0010623335105381024 -0.00065394099951689036 -0.023822329370765373 -0.0039978574933217997 -0.011276331135989318 0.0052763027933752631 0.16909519172319343 0.018575223085648313 0.0056146801823801591 0.03160539839567366 -0.032215723917817615 0.019575492986496228 0.060802069840240142 -0.0069614889237698697 -0.038490508705217447 -0.0069065542880500019 0.0082574135060984512 0.0034354042688071601 0.013364121811422665 0.0067099452545389647 0.001466904362153282 0.022818779047856137 -0.012080658336464109 0.0048714598605294739 0.019474084592205201 0.045258891408060158 -0.0272907906051656 0.002885291575381828 0.079441192340012845 0.17914290692681431 -0.034285758914767803 0.020155756044216391 0.015687835798190709 -0.0083345785817755379 -0.00050442989022337909 0.0074793894246899103 -0.047644363506395546 -0.0034383714235471756 -0.00055555064351518236 0.10801399113645621 0.013233134243571386 0.012288960630162736
leaf_weight=184.05745234061033 1863.7442684620619 15.05008272547275 217.58847213443369 616.04899615934119 298.13878318434581 445.25719380099326 605.12231442006305 3081.5633618235588 157.5311828693375 297.5014987802133 12.308446755632756 6.2924011759459963 434.07363674044609 5.0320235425606352 47.301542455796152 2.7271377947181463 585.41328299418092 89.50284025259316 31.72787557169795 864.5659322431311 4191.0072251390666 1551.7484223796055 121.93749563070014 268.67621156014502 196.8697921037674 255.12525882571936 2.6211600629612795 75.249692066572607 4091.2630504667759 34.438749074935913 29.10382904112339 42.267306104302406 14.335307309404014 444.91716257855296 7.950154546648263 311.89253028295934 169.61212758533657 1654.4954261407256 279.54012834094465 2926.8990792408586 1292.0337601108477 48.787309069186449 197.45888363197446 180.02386378124356 57.415460098534822 20.024368669837713 143.25049652718008 78.688651037402451 2.2062679049558929 2.2902038879692554 40.070391518063843 123.14265367947519 310.00819665193558 55.066495217382908 133.21730335894972 56.347589507699013 14.680152155458925 978.32068157196045 534.41672534588724 5.529607254080477 16.235127273947001 204.43630036711693
leaf_count=6843 20235 712 49876 55088 31244 12448 122856 56700 2396 11210 329 207 62296 302 3969 275 21648 3244 1243 42467 23261 11299 984 1556 811 2397 118 407 17011 140 119 173 167 3270 217 3611 1712 11254 3732 14545 9689 293 1302 2740 366 217 19448 9891 195 130 3106 1177 6180 487 2782 472 125 23309 7763 174 248 1625
internal_value=-0.00022856 0.00126312 -0.0216429 -0.00179894 -0.0158161 -0.000817858 -0.030117 -0.00166668 -9.96303e-05 -0.0030524 -0.00112756 -0.0105445 -0.0184325 -0.0151732 0.00673512 0.0624753 -0.00917357 0.00364612 -0.00153065 -0.0038555 0.00302177 0.00212976 -0.00178515 -0.0102038 0.00305043 0.00423028 0.0443415 0.000233434 0.0049455 -0.004082 0.00925456 -0.00148957 0.00413824 0.0012448 0.00521324 0.00492238 -0.00155399 0.00553063 0.0141024 0.00498331 0.00343398 0.00232166 0.00177779 -0.00464188 0.0278738 0.0155272 -0.0170905 -0.0142385 -0.0173385 0.103993 -0.0134213 0.0101375 0.00220616 0.00710529 0.0108107 -0.00587814 -0.0167364 0.000732514 -0.000180183 0.00400389 0.037926 0.00299287
internal_weight=31024.1 29003.7 2020.48 10579.8 1197.77 9338.28 822.711 7474.53 4392.97 1927.18 1533.88 393.297 1013.71 715.57 57.3509 10.0494 1241.53 95.7952 1521.57 1076.32 18423.9 10602.6 2017.61 390.614 8584.95 7821.3 17.6712 1627 4393.94 302.68 105.81 71.3711 7803.63 2115.22 5688.41 5616.66 481.505 5135.16 307.515 4827.64 1670.3 1900.74 1851.95 1044.59 71.7508 299.564 658.219 514.969 436.28 7.32223 656.119 378.268 2465.79 569.32 443.226 126.094 69.7466 1896.47 1738.94 760.618 21.7647 738.853
internal_count=694091 386766 307325 276226 134593 196384 172732 176149 119449 73888 59227 14661 127750 96506 4676 707 79842 3451 58898 46450 110540 55761 14246 2540 41515 54779 830 11706 18254 1243 432 292 53949 16533 37416 36883 5323 31560 4166 27394 13263 12849 12556 45207 533 3949 91830 72382 62491 432 58194 3574 45561 10046 8962 1084 612 35515 33119 9810 422 9388
is_linear=0
shrinkage=0.05


Tree=62
num_leaves=63
num_cat=0
split_feature=7 4 4 5 4 1 3 5 1 0 5 3 3 3 1 3 1 3 8 5 4 5 1 1 3 4 1 8 4 1 1 1 3 4 3 4 5 4 5 3 3 3 8 3 1 5 1 3 1 5 0 1 1 1 1 5 4 3 5 1 1 5
split_gain=365.665 49.8189 38.4743 18.5634 16.9237 16.5468 17.688 15.6426 14.4132 13.8805 15.2772 14.8596 12.3911 14.556 12.1079 14.9847 15.7836 13.4355 10.4994 10.0572 9.33408 9.32711 9.24004 9.17335 9.29504 8.77605 8.71296 8.69096 22.3508 8.39434 8.36332 10.5697 12.6622 8.18393 7.75094 11.9538 7.59533 7.54307 7.49482 7.46707 20.6853 8.48594 13.3037 11.3259 19.0891 14.1017 11.611 11.2862 10.7841 12.2084 16.6373 10.6058 11.374 9.04499 8.9517 14.7694 9.51408 8.22798 7.90695 22.6546 16.5519 11.068
threshold=3.5000000000000004 16.500000000000004 1023.5000000000001 3.5000000000000004 7.5000000000000009 171.50000000000003 242.50000000000003 27.500000000000004 152.50000000000003 1.5000000000000002 19.500000000000004 331.50000000000006 307.50000000000006 270.50000000000006 27.500000000000004 574.50000000000011 64.500000000000014 116.50000000000001 1.0000000180025095e-35 3.5000000000000004 178.50000000000003 7.5000000000000009 50.500000000000007 8.5000000000000018 45.500000000000007 2.5000000000000004 20.500000000000004 3.5000000000000004 51.500000000000007 54.500000000000007 131.50000000000003 81.500000000000014 143.50000000000003 117.50000000000001 485.50000000000006 3.5000000000000004 6.5000000000000009 3.5000000000000004 12.500000000000002 115.50000000000001 135.50000000000003 227.50000000000003 2.5000000000000004 202.50000000000003 40.500000000000007 173.50000000000003 92.500000000000014 278.50000000000006 82.500000000000014 115.50000000000001 1.0000000180025095e-35 113.50000000000001 107.50000000000001 109.50000000000001 62.500000000000007 32.500000000000007 8.5000000000000018 286.50000000000006 64.500000000000014 103.50000000000001 74.500000000000014 35.500000000000007
decision_type=2 2 2 2 2 2 2 2 2 2 2 2 2 2 2 2 2 2 2 2 2 2 2 2 2 2 2 2 2 2 2 2 2 2 2 2 2 2 2 2 2 2 2 2 2 2 2 2 2 2 2 2 2 2 2 2 2 2 2 2 2 2
left_child=2 7 4 23 -1 6 22 8 14 10 11 12 13 21 17 30 -17 25 -4 26 -6 -8 33 24 -3 -2 37 28 -26 -11 31 32 36 -5 35 -32 -16 -19 -27 -9 -41 42 -42 45 -45 53 48 -43 54 50 -50 52 -48 -44 55 -46 -56 -49 59 -59 -60 -61
right_child=1 3 18 5 20 -7 9 39 -10 29 -12 -13 -14 -15 15 16 -18 19 -20 -21 -22 -23 -24 -25 27 38 -28 -29 -30 -31 34 -33 -34 -35 -36 -37 -38 -39 -40 40 41 47 43 44 46 -47 51 57 49 -51 -52 -53 -54 -55 56 -57 -58 58 60 61 -62 -63
leaf_value=-0.0010210707489152399 0.0061090586664433386 -0.00098993961993491851 -0.039180778408744107 -0.00088706886588833095 -0.025258749702141814 -0.03990228964930273 0.0036054472015576663 0.00717968861200401 -0.031636540517147829 0.014395589714870398 0.0046760095797961703 0.0066945030910327778 0.091840815275244708 0.0055432344604935992 -0.0091202943434948048 0.055076589793322916 0.0079342582242688722 0.036488670715430646 -0.026050327212760072 0.013614493117063954 -0.014641452373780929 0.080564555909210467 -0.0074760855668190218 -0.010311801783647318 0.027381376546989925 -0.0025208914437367699 0.016745736582683832 0.0012580265076708658 0.2381081154421866 -0.0013691408656633349 0.03991149023176279 -0.00642066428888726 0.0023912910164484683 -0.020452910799044616 0.056460702828019932 -0.022922489326199127 -0.0015454921251471584 0.13545276256445116 0.0078500487701399294 -0.0087578491556834764 -0.0067247515658418813 -0.0018681190289361071 0.0057252058488264602 0.060218299968340973 0.059194948162825028 -0.041442082227626305 -0.00069204239464709899 0.013432789376532204 0.062606638289144756 -0.0080800904728491746 0.01945609729340923 0.025672373206908506 -0.041937709472715572 -0.023441078140483684 0.00057290998361798548 0.013271701943493003 0.032894560452336054 0.0052971718035038501 -0.009211192628882741 -0.012312981331936658 0.004285591924545187 -0.0012972566707468687
leaf_weight=177.73808479029685 965.98568798787892 137.58468083757907 209.21040088729933 2158.3215650692582 296.67719012266025 27.8935940079391 5.2858720198273685 1042.9465377423912 34.87855552136898 100.40708857867867 136.22493341192603 38.650084895081818 12.188702319748698 22.235386863350868 389.27982400078326 22.389677593484521 86.397154713049531 3.8164368309080619 589.34057962382212 131.75115929730237 704.99559312360361 17.227167249657214 863.63954246602952 1059.3767215642147 4.9983857050538045 868.65985962282866 7.8696394236758342 6.6321385535411537 1.6301482846029101 526.35962827550247 14.741007806733252 818.409224845469 2332.9625701988116 54.739870830439031 11.34556885063648 15.272154914215205 2226.1679904805496 4.4336430206894875 217.73747363686562 377.00437308102846 190.30889761634171 1277.152827847749 1406.9065075442195 20.398838680237532 21.283760473132133 16.289391148835421 98.768806532025337 189.50540966913104 35.644255980849266 19.092836976051331 61.324829999357462 29.574447005987167 20.086107760667801 26.933862145990133 192.51684863120317 100.36460939049721 25.776401739567518 1553.2835782319307 234.49271949380636 269.34426130354404 6971.0135883241892 1494.0648487955332
leaf_count=6400 14075 10663 49876 56243 31687 343 177 7691 454 1495 1158 789 224 422 12578 211 836 90 122856 1808 96506 272 15814 76332 289 26291 271 538 129 5904 155 9570 28299 2811 132 207 29729 155 2719 2628 1548 7518 8668 121 146 82 548 1113 203 94 377 170 114 156 1115 566 179 9153 1207 1992 31739 8455
internal_value=-0.00021917 0.00119943 -0.0210193 -0.00324758 -0.0152703 -0.00159085 -0.00131702 0.00216523 0.000388074 0.005026 0.0154785 0.0308004 0.0470358 0.0345427 0.000526683 -0.000650179 0.0177243 0.00369368 -0.0295011 0.0182505 -0.0177933 0.0628122 -0.00308882 -0.00866826 0.00284032 0.00264161 0.0555162 0.0426649 0.0827169 0.00115026 -0.000995492 -0.00115717 -0.000285522 -0.00137419 0.0213751 0.00780252 -0.00267513 0.0912566 -0.000437198 0.00308921 0.00279724 0.00310327 0.00591153 0.00707317 0.012705 0.00464236 0.0110835 0.00257219 0.0150372 0.0282178 0.0354172 -0.00103122 -0.00773386 0.00517225 0.0105155 0.0213896 0.00442571 0.00310209 0.00291543 0.000893201 0.00384554 -0.00298324
internal_weight=30977.5 28999.6 1977.96 5173.4 1179.41 3963.17 3935.28 23826.2 8152.1 858.579 231.812 95.5872 56.9371 44.7484 8117.22 5916.97 108.787 2200.25 798.551 147.871 1001.67 22.513 3076.7 1210.22 150.845 2052.38 16.1197 13.2607 6.62853 626.767 5808.18 5766.82 4948.41 2213.06 41.3587 30.0132 2615.45 8.25008 1086.4 15674.1 14631.1 14254.1 2265.27 2074.96 624.832 1450.13 604.433 11988.9 456.004 116.062 96.9691 148.429 118.855 1433.84 339.942 121.648 218.293 10711.7 10522.2 3316.69 7205.51 1763.41
internal_count=694091 386766 307325 173603 134593 85652 85309 213163 127580 10441 3042 1884 1095 871 127126 81717 1047 45409 172732 2324 128193 449 74868 87951 11619 43085 516 956 418 7399 80670 80176 70606 59054 494 362 42307 245 29010 85583 77892 75264 14087 12539 3633 8906 3512 61177 2680 674 580 832 662 8824 2006 712 1294 53659 52546 19600 32946 10447
is_linear=0
shrinkage=0.05


Tree=63
num_leaves=63
num_cat=0
split_feature=4 2 4 4 6 1 3 2 4 1 2 1 2 1 3 3 2 1 0 1 8 3 2 1 0 2 0 0 3 1 2 4 2 4 1 6 0 6 0 4 2 6 3 1 3 3 6 1 4 1 4 6 3 3 2 1 1 1 3 3 3 1
split_gain=330.434 58.3032 35.5996 23.0517 13.4645 11.9046 14.2565 15.6043 11.1984 10.9051 9.44623 10.4582 8.54685 11.2602 19.4643 9.41814 8.46886 16.4666 17.8117 22.2978 8.52119 8.68941 8.79646 9.36813 16.7141 8.4176 14.5141 8.80871 9.0288 8.30743 9.24157 11.0538 13.4114 8.09259 7.94882 13.7032 16.2882 12.9544 9.63043 9.42756 7.92362 16.447 7.90976 7.59126 7.58999 7.57827 7.39079 7.31911 12.8617 13.1368 11.2777 11.0252 10.5257 9.63085 9.58298 10.4529 9.20619 16.7784 8.80266 7.31711 7.23148 14.7743
threshold=111.50000000000001 5177.7850000000008 1023.5000000000001 5.5000000000000009 293.05000000000007 30.500000000000004 113.50000000000001 2492.2050000000004 21.500000000000004 21.500000000000004 10241.440000000001 51.500000000000007 3521.6800000000007 22.500000000000004 93.500000000000014 100.50000000000001 1469.7450000000001 22.500000000000004 1.0000000180025095e-35 16.500000000000004 1.0000000180025095e-35 15.500000000000002 234.215 4.5000000000000009 68.500000000000014 358.63000000000005 147.50000000000003 561.50000000000011 5.5000000000000009 15.500000000000002 591.47000000000014 210.50000000000003 420.91000000000003 166.50000000000003 25.500000000000004 935.3950000000001 1.5000000000000002 588.29000000000008 119.50000000000001 182.50000000000003 1910.9350000000002 681.3900000000001 1.5000000000000002 183.50000000000003 397.50000000000006 209.50000000000003 274.94500000000005 89.500000000000014 5.5000000000000009 171.50000000000003 17.500000000000004 16536.615000000002 991.50000000000011 1171.5000000000002 36489.165000000008 140.50000000000003 156.50000000000003 174.50000000000003 601.50000000000011 123.50000000000001 135.50000000000003 54.500000000000007
decision_type=2 2 2 2 2 2 2 2 2 2 2 2 2 2 2 2 2 2 2 2 2 2 2 2 2 2 2 2 2 2 2 2 2 2 2 2 2 2 2 2 2 2 2 2 2 2 2 2 2 2 2 2 2 2 2 2 2 2 2 2 2 2
left_child=1 3 12 9 46 6 -6 -8 -9 40 11 44 13 14 25 33 20 18 19 -18 -4 22 42 24 -24 27 -27 -2 -29 30 31 32 -28 -16 35 36 39 -38 -36 -14 -1 -42 -22 -13 -3 -7 -5 60 51 52 58 -49 -50 -54 55 -53 -57 -58 -51 -10 61 -12
right_child=2 10 16 4 5 45 7 8 59 -11 47 43 34 -15 15 -17 17 -19 -20 -21 21 -23 23 -25 -26 26 29 28 -30 -31 -32 -33 -34 -35 38 -37 37 -39 -40 -41 41 -43 -44 -45 -46 -47 -48 48 49 50 -52 54 53 -55 -56 56 57 -59 -60 -61 -62 -63
leaf_value=0.0012931864093769466 -0.022509541561111235 0.0029917295618968956 -0.038683628175943043 -0.0093767993890043807 -0.0020317319321543261 -0.0095225122433833242 -0.0077929557361357833 0.056132506302643409 0.058825084907893191 -0.0022730987935848119 0.0035913301268057775 -0.0020021355294959739 0.012685325475341304 -0.0272074977395113 0.20530018756826596 0.017926544226411871 0.25734239951866128 -0.033960820521607003 0.005646886442664598 -0.041621360727500528 -0.016503821597187961 -0.038030625230401037 0.052857778524824622 -0.019012370702655421 -0.041630006381217166 -0.01276652230323003 -0.0056136466941019694 -0.0055847541531255243 0.14913890093371823 0.15318397105772541 -0.0061429991736752891 0.015653434410577673 0.19174999960605527 0.047023172823431193 -0.015238728691437487 -0.029739732112091286 0.0030922724236183332 0.10300051344844977 0.11067601839019259 0.14307624499090879 0.035277336654728153 0.0055295235324789799 -0.031968768855739529 -0.05139517307605343 -0.025601290497478786 0.0039662960996711101 -0.02771407287104391 0.00092805827696925433 -0.0012840123443828991 -0.038578577037219813 -0.046451134109993159 -0.010892899738316177 0.032964447063569643 0.001698371465079682 0.0051500056255714089 0.02972300398375374 -0.030940599423283928 0.018335745007892115 -0.0050009913283104836 0 0.0048640058733176571 -0.0066779961508224954
leaf_weight=731.99983070511371 285.78624368272722 2151.4367564572021 200.20247845491394 1107.9664545194246 1199.0201967917383 850.02251433674246 36.397267675958574 28.713172869756818 6.6519605433568385 1696.9007373554632 1669.5865016188473 2252.2748501086608 2.2540615247562519 189.62963376985863 1.2678859326988487 15.959474582225083 1.5249512447044282 31.883498912677169 23.757844835985452 0.93047130713239301 135.08300093840808 127.74010963412002 13.962492212187501 45.059843736700714 6.872674942482262 412.86221588496119 1.2369746747426744 2.3557343701831992 1.4033106351271269 1.1273293304257084 14.770481680054216 6.7134614121168852 2.3762710643932223 2.4665060518309474 89.432407531421632 16.065614039078355 37.867625551763922 3.4634306821972123 1.437336335889994 4.0218468098901212 56.173753095790744 270.88620530441403 222.17180159967393 7.7151065338402978 23.329710892401636 118.0436127372086 58.090282993391156 4194.527694998309 1715.831952046603 22.531218983232975 23.59126640111208 196.62314349412918 43.732718300074339 57.068415424786508 4089.2219007909298 34.548234611749649 28.996163457632065 42.37804202735424 146.85834370553493 24.80740787088871 5705.1585032837465 442.88915507309139
leaf_count=16676 42042 29602 48926 90224 39733 26374 1200 577 182 29768 13284 31109 117 23185 114 1661 244 4356 3503 155 28892 27628 2806 9688 1458 51546 126 306 161 114 1531 872 223 331 6345 484 2304 137 55 228 1367 3002 47783 80 248 3247 3040 23262 12296 159 285 811 231 300 17011 140 119 173 782 672 37519 3297
internal_value=-0.000210127 0.00111225 -0.0204011 -0.0031936 -0.00592971 -0.00367751 -0.000538929 0.0179271 0.0335547 0.000209685 0.00227819 0.000205366 -0.0145019 -0.0162984 -0.013524 0.0353343 -0.0283567 -0.0098147 0.0193819 0.144899 -0.0297828 -0.0265326 -0.0230416 -0.00614525 0.0214013 -0.0148561 -0.0104658 -0.0214907 0.0532483 0.0254755 0.0189555 0.0550484 0.124506 0.106017 -0.00356263 0.0099303 0.0234566 0.0118134 -0.0130726 0.0979626 0.00419234 0.0106633 -0.0261415 -0.00217523 0.00268154 -0.00787232 -0.0102969 0.00277714 0.00191994 -0.00167923 -0.0140796 0.00276291 -0.00035848 0.015332 0.00451416 -0.00406225 0.0085686 -0.00162837 -0.00951691 0.0126768 0.00393829 0.00143574
internal_weight=30935.7 29034 1901.69 6185.67 3429.71 2263.66 1295.59 96.5698 60.1725 2755.96 22848.3 4434.76 1092.5 937.956 748.326 19.6939 809.189 58.0968 26.2133 2.45542 751.092 550.89 423.15 65.895 20.8352 728.632 439.087 289.545 3.75905 26.2245 25.0972 10.3267 3.61325 3.73439 154.542 63.6726 47.607 41.3311 90.8697 6.27591 1059.06 327.06 357.255 2259.99 2174.77 968.066 1166.06 18413.5 10595.9 2009.61 192.981 8586.3 1816.63 100.801 4391.77 302.546 105.922 71.3742 169.39 31.4594 7817.63 2112.48
internal_count=694091 386770 307321 216062 165249 71985 42364 2631 1431 50813 170708 61039 131882 122212 99027 2106 175439 8258 3902 399 167181 118255 90627 13952 4264 96921 54412 42509 467 2866 2752 1221 349 445 9670 3270 2786 2441 6400 345 21045 4369 76675 31189 29850 29621 93264 109669 55569 14053 1226 41516 12827 531 18254 1243 432 292 941 854 54100 16581
is_linear=0
shrinkage=0.05


Tree=64
num_leaves=63
num_cat=0
split_feature=5 4 2 5 2 1 3 2 1 1 1 1 6 6 2 6 6 5 1 5 2 1 3 5 4 1 6 2 1 0 1 0 3 3 2 4 2 5 6 6 3 0 1 3 3 3 3 6 1 1 5 2 6 6 5 6 4 4 3 3 1 3
split_gain=310.446 45.6865 41.9527 17.7458 12.0799 13.4989 25.4246 13.3837 13.0429 13.4725 16.1577 11.0765 12.9209 31.232 10.5196 18.766 10.4207 10.4015 18.4362 11.6062 10.1714 10.2673 15.1657 12.0192 10.2186 10.2578 35.4145 10.1074 15.9127 19.0718 9.89865 9.62077 9.61072 23.91 9.9664 9.55462 13.0704 9.53282 9.03221 8.96481 8.78133 8.60309 8.58889 8.4763 9.78086 8.37338 8.19863 8.19397 11.3177 25.3863 8.05856 17.9787 9.31913 12.3339 8.01258 9.1131 8.00537 7.74337 7.47819 10.3405 7.46796 7.4361
threshold=1.5000000000000002 845.50000000000011 10241.440000000001 3.5000000000000004 2492.2050000000004 19.500000000000004 151.50000000000003 551.68500000000006 19.500000000000004 7.5000000000000009 8.5000000000000018 24.500000000000004 19.915000000000003 16.570000000000004 1950.1700000000003 1039.1450000000002 66.605000000000004 48.500000000000007 30.500000000000004 72.500000000000014 3024.5200000000004 51.500000000000007 601.50000000000011 25.500000000000004 26.500000000000004 36.500000000000007 2148.8650000000002 1469.7450000000001 15.500000000000002 1.0000000180025095e-35 8.5000000000000018 561.50000000000011 684.50000000000011 494.50000000000006 876.08000000000015 1.5000000000000002 6864.7800000000007 11.500000000000002 576.95000000000016 3902.3450000000007 95.500000000000014 87.500000000000014 7.5000000000000009 147.50000000000003 397.50000000000006 5.5000000000000009 58.500000000000007 232.24500000000003 97.500000000000014 70.500000000000014 65.500000000000014 7049.3100000000004 1775.6400000000001 2316.3550000000005 5.5000000000000009 84.905000000000015 25.500000000000004 1.0000000180025095e-35 100.50000000000001 155.50000000000003 52.500000000000007 141.50000000000003
decision_type=2 2 2 2 2 2 2 2 2 2 2 2 2 2 2 2 2 2 2 2 2 2 2 2 2 2 2 2 2 2 2 2 2 2 2 2 2 2 2 2 2 2 2 2 2 2 2 2 2 2 2 2 2 2 2 2 2 2 2 2 2 2
left_child=1 4 3 11 5 6 7 31 9 -6 16 14 13 -13 56 42 -11 18 41 32 37 22 23 43 25 26 -25 -3 29 -29 -9 57 33 34 -19 36 58 38 54 -28 -17 -5 -16 -22 -45 -33 -12 48 49 60 -36 52 -52 -54 -20 -56 -2 -1 -21 -60 -4 -44
right_child=2 27 47 17 8 -7 -8 30 -10 10 46 12 -14 -15 15 40 -18 19 20 35 21 -23 -24 24 -26 -27 39 28 -30 -31 -32 45 -34 -35 50 -37 -38 -39 -40 -41 -42 -43 61 44 -46 -47 -48 -49 -50 -51 51 -53 53 -55 55 -57 -58 -59 59 -61 -62 -63
leaf_value=0.012445120541500182 -0.0015075016380034186 -0.029331352104542015 0.047860683795902637 0.0019558323204374771 -0.030664459206468493 -0.025227709193004183 0.094913887893393958 0.0083491654942040323 -0.011111974967194418 0.19939677635576303 0.005574152468969848 -0.02745605153744457 -0.01416761595442597 0.26305079228298378 0.072247549162753319 -0.024090386506199973 0.041863079725932499 0.055197951327219212 -0.020846504282346259 0.025141855853352598 -0.0036604581415881649 -0.004812593005525851 0.080399513428299735 0.10772113999448946 -0.029205051356801098 0.0060602599243678081 -0.0089700659832783521 0.19013161392063105 -0.026019050925648581 0.016597458926937172 -0.01028880240246534 0 -0.035667673216865127 0.066081788558151597 0.0036715946555182693 -0.0086843900628894733 0.011830687157071916 -0.0028791360749850564 -0.027779195487209925 0.030697894468422221 0.043612894314058105 -0.036730975452400401 0.0093423591283669297 0.0060680896356525623 -0.044065574038128316 0.15663690085634926 0.046839808788958451 0.0025900913850080902 -0.028557234350564217 0.18395111352153748 0.0054590325392346629 -0.0051936955172808387 0.09253541435345336 0.032515867188234036 0.084562872783967388 -0.0042124566171046277 -0.012826380186992904 -0.019518091029533401 -0.021745707232057508 0.00021904627833787378 -0.047900298848058673 0.064258954472756286
leaf_weight=19.383310740813613 325.48692904319614 730.39045681012794 6.9376153033226746 3002.935860236641 14.744614976923911 258.04681618325412 5.3876628000289193 93.817827527876943 172.96757178334519 1.8984464998356987 51.969252400565892 2.4879811191931362 430.89963097311556 1.3347974861972032 5.9460929520428172 56.844902856275439 2.5760220000520349 10.999367464333771 97.799874281976372 20.150708556175232 1253.501333238557 1983.0777235464193 5.7900513205677262 11.542186100035904 16.337152859196067 225.05710335820913 26.897831436246634 1.7704549967311312 25.064208866329864 11.108510077465324 292.26126411138102 2.0202276823110874 11.420596364885567 18.519946336746216 368.65803722664714 235.5350582767278 245.57617503404617 336.58493274450302 95.992800286971033 29.752397991716862 5.0901677310466757 14.327764851506798 167.48752603540197 380.10415954049677 9.8651774032041413 1.3483396088704465 15.730612704996018 18422.644497223198 4.675857479684054 3.0821512788534156 17.647462457418442 43.535752296447754 11.845161240547894 32.755834948271513 2.8445832240395239 149.52097180625424 302.33966664224863 537.00715767452493 76.503453865647316 176.83866496384144 2.7299308888614178 6.3449818184599271
leaf_count=696 14064 167924 267 66058 706 32215 395 9036 14475 127 3047 219 25291 120 219 1563 103 111 5281 138 23965 35147 77 139 266 2218 256 220 5200 2062 33707 260 103 177 3397 2351 1497 7354 3050 192 118 763 7189 6988 154 131 901 109108 196 111 198 316 107 282 152 6265 24238 70913 586 1347 115 220
internal_value=-0.000201571 -0.0181386 0.00119884 -0.00137109 -0.0129639 -0.0150667 -0.0123027 -0.0129286 -0.00315812 0.0126071 0.0215464 -0.00681845 -0.0133385 0.0768254 -0.00355189 0.00529813 0.112693 -0.000573236 -0.00127008 0.00361576 -0.00325411 -0.0022764 0.000288726 4.45648e-05 0.00908275 0.0112421 0.0282366 -0.0280237 -0.00270964 0.0421193 -0.00574581 -0.017872 0.00939908 0.0104372 0.00829081 -0.000328244 0.00345479 -0.00889059 -0.0147188 0.0117926 -0.0183842 0.00176926 0.0134904 -0.0016554 0.00477605 0.0648824 0.0152913 0.00262291 0.0368174 0.0612178 0.00718138 0.0193508 0.0365778 0.0487391 -0.00967828 -0.0024679 -0.00696742 -0.0183935 -0.00404944 -0.00640004 0.0200942 0.0114114
internal_weight=30893.7 2237.49 28656.3 10216.2 1469.16 1209.27 951.226 945.838 259.887 86.9189 72.1743 1304.26 434.722 3.82278 869.54 241.714 4.47447 8911.92 7641.93 1269.99 4624.67 3941.93 1958.85 1953.06 309.587 293.25 68.1924 768.334 37.9432 12.879 386.079 559.759 515.382 503.962 485.442 754.604 519.069 682.743 346.158 56.6502 61.9351 3017.26 179.779 1643.47 389.969 3.36857 67.6999 18440.1 17.4256 12.7497 474.442 105.784 62.2485 44.601 250.165 152.366 627.827 556.39 273.493 253.342 9.66755 173.833
internal_count=694091 342118 351973 242176 166712 147353 115138 114743 19359 4884 4178 73241 25630 339 47611 9309 230 168935 158325 10610 91504 69402 34255 34178 3071 2805 587 175406 7482 2282 42743 72000 4691 4588 4411 5919 3568 22102 14748 448 1681 66821 7628 31107 7142 391 3948 109797 689 493 4300 903 587 389 11698 6417 38302 71609 2071 1933 382 7409
is_linear=0
shrinkage=0.05


Tree=65
num_leaves=63
num_cat=0
split_feature=5 4 8 8 1 2 1 4 1 2 1 6 4 1 8 2 0 5 2 1 6 5 5 5 0 1 0 6 1 2 0 4 5 5 5 0 5 1 5 5 1 5 5 5 5 2 1 6 2 1 2 0 5 2 2 1 1 1 2 5 5 1
split_gain=310.442 44.2396 42.4941 18.3736 15.5384 13.9423 15.1213 12.8566 11.7156 11.8269 17.7986 11.6928 10.809 10.4549 10.4532 9.84693 9.57634 9.30467 10.1671 11.3662 9.2745 8.70192 8.72941 8.02348 8.01997 7.93384 9.9714 7.92416 7.78124 25.07 18.1704 10.8511 7.57032 7.06461 7.40891 7.03862 6.99302 9.51391 13.4336 13.3175 16.3219 14.206 19.9263 9.60334 8.29889 6.95677 8.94275 8.86722 6.93926 9.20412 9.2836 6.87844 6.76577 6.63879 8.22688 19.978 8.62341 18.6359 6.59324 6.49383 9.63499 8.64116
threshold=1.5000000000000002 623.50000000000011 4.5000000000000009 2.5000000000000004 8.5000000000000018 2492.2050000000004 41.500000000000007 49.500000000000007 2.5000000000000004 2655.3200000000002 28.500000000000004 47875.92500000001 1.0000000180025095e-35 4.5000000000000009 1.0000000180025095e-35 15080.935000000001 54.500000000000007 102.50000000000001 5304.4100000000008 30.500000000000004 3902.3450000000007 46.500000000000007 32.500000000000007 94.500000000000014 561.50000000000011 75.500000000000014 3.5000000000000004 150.03500000000003 6.5000000000000009 538.0100000000001 16.500000000000004 2581.5000000000005 140.50000000000003 6.5000000000000009 20.500000000000004 6.5000000000000009 2981.0000000000005 232.50000000000003 319.50000000000006 268.50000000000006 247.50000000000003 727.50000000000011 1224.0000000000002 1224.0000000000002 533.00000000000011 6179.2600000000011 27.500000000000004 1475.5400000000002 4506.3700000000008 36.500000000000007 8086.4300000000012 153.50000000000003 6.5000000000000009 109266.49000000001 136133.35500000001 104.50000000000001 229.50000000000003 205.50000000000003 13423.850000000002 533.00000000000011 409.50000000000006 143.50000000000003
decision_type=2 2 2 2 2 2 2 2 2 2 2 2 2 2 2 2 2 2 2 2 2 2 2 2 2 2 2 2 2 2 2 2 2 2 2 2 2 2 2 2 2 2 2 2 2 2 2 2 2 2 2 2 2 2 2 2 2 2 2 2 2 2
left_child=1 5 3 4 -2 12 -7 17 -5 -10 -11 53 13 -1 15 -3 32 18 25 20 45 22 -13 -21 27 -6 -27 51 29 -16 31 -31 -12 -18 -35 -33 37 38 -23 -39 -41 44 -43 59 -42 46 52 -47 -30 50 -50 -14 -20 -4 55 -55 57 -56 -8 60 61 -40
right_child=2 14 11 8 7 6 58 -9 9 10 16 21 24 -15 28 -17 33 -19 19 23 -22 36 -24 -25 -26 26 -28 -29 48 30 -32 35 -34 34 -36 -37 -38 39 43 40 41 42 -44 -45 -46 47 -48 -49 49 -51 -52 -53 -54 54 56 -57 -58 -59 -60 -61 -62 -63
leaf_value=0.046654549815905284 0.017043119784447832 -0.03842351217511223 0.0025293869968202221 0.025277632678139407 -0.0021495368604358784 0.0041920239213597077 -0.03081363687581877 -0.025481748415384843 -0.0071116724608915952 0.0041427096435227668 -0.0044775557760633328 0.0099668700527983101 -0.018894859537939374 -0.010771139209360616 -0.022477128383694558 0.13611452867240123 -0.017891914116250952 -0.018428757857301126 0.052461853540969716 0.00097978826879356238 0.0028270143026163526 0.0081051403970347369 -0.018801174281016235 0.04341547559472346 0.11065867251222072 -0.043680412231827198 0.014029488316920176 -0.0048346630360939068 -0.032998008095294649 0.033170754366354548 -0.0031597084635962857 0.10377130419856516 -0.052687182046227105 0.070322225684924647 0.0024712787051589633 0.26876114997674055 -0.01232517729492272 -0.0042401493841821838 -0.037289822456168735 0.04740252288200765 0.016932872186162486 -0.041579497140028385 0.020793537009894975 0.02209769636086888 0.050770634503019045 -0.011332376510450437 0.068304780753296754 0.017868597840344454 0.16640659522377929 -0.045447494801528356 -0.038407310236183191 -0.0028088183030027108 0.007793051229401742 0.020406523826237796 0.0014554891658046594 -0.0159886830948309 -0.018774597361580488 0.045956056709533788 0.024436591245218502 -0.016159067838059461 0.012582437113767907 -0.0018282132392472448
leaf_weight=13.549264369532464 141.91928951488808 191.83162974822335 15520.901191506535 34.948119262233377 1504.2342862961814 201.14468244416639 50.943195171188563 47.854722692631185 1660.5116909756325 876.77522584795952 2108.7452473193407 43.289328783750534 896.19140291726217 18.602842206135392 375.01690882677212 0.70373384840786357 6.1134184198454049 63.928248757496476 12.003066061064599 3463.913001681678 242.11196616292 1448.4678607881069 66.587403327226639 11.081092983484266 1.140962648205458 24.511099501512945 10.5368833290413 138.05806703027338 218.09858100255951 2.8951594196259967 8.6075572548434121 2.1713460646569733 8.0957818124443275 10.376587566919627 6.7983669508248559 1.1538789495825765 45.522772192955017 59.792259186506271 23.884016484022141 49.798150926828384 73.731303155422211 22.947356179356575 28.629051893949509 32.544107049703598 24.404480427503586 32.596477212384343 13.27775179967284 123.94214256480336 1.5151570201851421 1.9758406700566409 0.7400906984694301 72.617142812348902 29.649040825664997 45.622044652700424 197.79306463897228 212.84236726164818 38.54333108663559 26.64789767563343 5.8617665143683544 106.93080987036228 76.607106402516365 61.76515805721283
leaf_count=383 2694 50488 100190 1091 37386 13760 4920 1914 85775 19513 49716 224 116565 793 83447 101 243 456 172 35715 1810 6081 292 76 112 676 342 9913 48314 524 1790 381 73 201 91 223 188 261 98 229 334 99 130 145 113 484 178 1157 266 375 116 9778 335 201 851 887 160 110 375 451 327 268
internal_value=-4.02509e-05 -0.0181276 0.00135075 -0.00119303 0.000710415 -0.0127437 -0.00222251 0.000293795 -0.00350513 -0.0037218 -0.00185417 0.00280876 -0.0151192 0.0133433 -0.0274726 -0.0376893 -0.0043134 0.000518137 0.000740904 0.0020912 0.00953582 0.00625932 -0.00742289 0.00111779 -0.0159508 -0.002702 -0.0261976 -0.0160958 -0.0242456 -0.0199439 0.0435112 0.107912 -0.00466677 0.0274758 0.043924 0.168659 0.00699363 0.00743436 0.00610489 0.0163827 0.0225873 0.0142736 -0.00688745 -0.00348029 0.0254417 0.0171882 0.0325378 0.0117527 -0.0317536 0.0305155 0.0982942 -0.0176947 0.02088 0.00234277 -0.0032018 -0.00953975 0.00300948 0.00677943 -0.0249915 -0.00659823 -0.000260539 -0.0118073
internal_weight=30844 2202.82 28641.2 10433.9 5721.56 1398.11 257.95 5579.64 4712.36 4677.42 3016.9 18207.3 1140.16 32.1521 804.71 192.535 2140.13 5531.79 5467.86 3928.57 453.58 2164.9 109.877 3474.99 1108.01 1539.28 35.048 1106.87 612.175 389.845 14.8279 6.22038 2116.84 23.2884 17.175 3.32523 2055.02 2009.5 1750.2 259.303 199.51 149.712 51.5764 301.731 98.1358 211.468 54.9299 156.539 222.33 4.23109 2.25525 968.809 41.6521 16042.3 521.449 258.464 262.984 224.441 56.805 269.187 162.256 85.6492
internal_count=694361 342624 351737 240098 83395 156599 19055 80701 156703 155612 69837 111639 137544 1176 186025 50589 50324 78787 78331 39927 4136 9240 516 35791 136368 38404 1018 136256 135436 86365 2918 1128 49789 535 292 604 8724 8536 7370 1166 905 676 229 1289 447 2326 685 1641 49071 757 382 126343 507 102399 2209 1088 1121 961 5295 1144 693 366
is_linear=0
shrinkage=0.05


Tree=66
num_leaves=63
num_cat=0
split_feature=7 8 8 8 0 7 1 2 1 6 0 2 1 3 1 3 2 1 2 1 1 6 1 3 6 0 6 0 2 3 1 2 3 1 6 3 1 3 3 6 2 6 1 6 3 6 1 1 0 2 1 1 6 0 2 1 1 3 2 3 2 0
split_gain=287.475 43.5479 29.261 20.2902 19.4977 17.0287 14.2142 12.4145 18.2115 10.608 10.4918 9.46562 10.3189 9.20531 13.6484 10.9362 11.7246 9.21997 9.0139 15.5906 12.1674 8.73578 8.69213 9.60894 15.3566 8.57107 8.38857 17.8953 28.2626 8.87742 8.28818 12.0174 8.26451 10.6044 8.26256 8.19757 10.1056 8.05475 7.64663 8.12617 8.82008 7.89273 17.7751 7.63142 8.07049 12.7215 11.1576 8.9847 7.61465 7.30827 12.1397 9.47776 7.25428 9.08103 9.29248 7.22001 7.21096 6.92 9.0272 6.71013 6.66859 6.6493
threshold=3.5000000000000004 4.5000000000000009 1.0000000180025095e-35 2.5000000000000004 3.5000000000000004 1.5000000000000002 8.5000000000000018 2655.3200000000002 25.500000000000004 47875.92500000001 71.500000000000014 5861.3050000000012 82.500000000000014 113.50000000000001 33.500000000000007 121.50000000000001 4210.3950000000013 92.500000000000014 1950.1700000000003 16.500000000000004 42.500000000000007 4264.2000000000016 19.500000000000004 44.500000000000007 553.67500000000007 21.500000000000004 33.215000000000011 4.5000000000000009 1076.5550000000001 157.50000000000003 31.500000000000004 5574.8050000000012 215.50000000000003 85.500000000000014 3492.9750000000004 60.500000000000007 9.5000000000000018 41.500000000000007 632.50000000000011 109.04500000000002 15080.935000000001 128.89500000000001 68.500000000000014 336.62500000000006 141.50000000000003 738.23500000000013 28.500000000000004 27.500000000000004 9.5000000000000018 706.83500000000015 7.5000000000000009 20.500000000000004 1129.5400000000002 13.500000000000002 18417.425000000007 2.5000000000000004 3.5000000000000004 200.50000000000003 68898.005000000019 173.50000000000003 647.15500000000009 2.5000000000000004
decision_type=2 2 2 2 2 2 2 2 2 2 2 2 2 2 2 2 2 2 2 2 2 2 2 2 2 2 2 2 2 2 2 2 2 2 2 2 2 2 2 2 2 2 2 2 2 2 2 2 2 2 2 2 2 2 2 2 2 2 2 2 2 2
left_child=2 3 -1 6 18 49 -2 22 -9 -3 13 21 -13 25 15 16 -15 38 19 55 59 30 23 56 26 52 27 28 -25 -28 31 -8 -21 -34 -18 36 -29 -24 39 40 -16 42 -41 -17 48 46 -46 -47 -45 50 -6 -51 53 54 -10 -4 -5 58 -11 -20 -57 -33
right_child=1 9 4 7 5 -7 11 8 10 57 -12 12 -14 14 17 43 34 -19 20 32 -22 -23 37 24 -26 -27 29 35 -30 -31 -32 61 33 -35 -36 -37 -38 -39 -40 41 -42 -43 -44 44 45 47 -48 -49 -50 51 -52 -53 -54 -55 -56 60 -58 -59 -60 -61 -62 -63
leaf_value=-0.038290538146958292 0.016825838249535079 0.0022231855631302737 0.010741513165810951 0.011982779446000647 -0.012004073021465117 -0.026307409231775075 2.2284960637384532e-06 0.0050885404911524997 -0.0035255246736204948 0.023432774518122555 0.044178089556499343 0.0030746092554855779 -0.0031549905808631708 0.10592445959880203 -0.031701596951396065 -0.034717708692636177 -5.5951537846262922e-05 -0.014809030460750836 0.014592122013159004 -0.032004871467780485 -0.028638197088928386 -0.047397240614001912 -0.022494361331867739 0.051612025908481997 -0.017391692977970951 0.0038047287988137255 0.0053860089955654854 0.17248568752555513 0.31692180058661068 0.062941512741411271 -0.0060111250709832496 0.069333839562423658 0.22362150267672526 -0.038067266646593295 0.075082404468738886 -0.027404237503848367 0.01972462167811052 -0.0086279582964300713 0.032053605468227428 0 0.099064534138342319 -0.0017041731906311574 0.18002817005623678 -0.03069704362321124 0.13453463738703195 -0.028090475786949565 0.029213161851584749 0.022856338818722122 0.020749525010302972 0.001094960783293629 -0.030154254679865041 -0.020210331907279666 -0.01485393687830891 -0.02680384105022568 0.060690620242285359 -0.015373544764901902 -0.0077698043178797893 0.0067308294529086965 -0.0097583114703147927 0.12540418612953902 0.0044692339439971491 0.011758329569270129
leaf_weight=181.43326054746285 133.22642578138039 16059.619748650119 54.643982571084052 48.872725337278098 259.99482472566888 605.06515981489792 861.21845866786316 746.53424331080168 339.20446687843651 24.293313935399055 11.195237223058937 2990.681412876118 853.90434278547764 5.9164705555886057 32.025858001317829 9.6496883854269964 11.355197167024018 149.1076769111678 63.330771889071912 84.428625819273293 18.59013814246282 10.803198952227829 124.05140162073076 4.2992965201847282 62.01755643915385 130.06785486824811 176.99644889775664 1.2454729988239686 1.2607150152325628 6.8897028407081953 844.96495353104547 9.4355627624318021 0.63004602026194223 0.71655327174812555 5.2069488242268553 6.8249589325860143 6.3116958145983517 695.40227705426514 16.511396272107959 4.82626162841916 1.2310787793248881 1132.7262861542404 1.8452082192525265 17.414256171323363 4.1843466404825431 11.017012452706693 6.6657776581123471 38.180083204060793 12.010223252698777 134.70945779047906 144.15682074381039 84.6972048394382 390.10841032117605 43.057539855130017 5.6226770477369419 146.70776918251067 770.63092864025384 2011.2938643246889 126.31512139737606 1.313207157421856 58.966326273512095 11.21391410473734
leaf_count=49817 2712 102399 4843 2211 46750 110241 21213 17978 13910 109 304 29054 8855 216 2645 534 262 3048 4863 12631 2214 102 7437 380 1916 3711 11252 128 122 317 21769 102 102 122 53 718 707 42452 192 333 60 24496 106 329 117 147 198 549 252 17087 22780 11547 6035 1949 141 19154 45778 8570 561 88 5528 165
internal_value=-3.94829e-05 0.00117749 -0.0192066 -0.00134666 -0.017113 -0.0203208 0.000690914 -0.00366265 -0.00172139 0.00266634 -0.00386046 0.000304645 0.00168963 -0.00409155 -0.00162835 0.0143958 0.0458447 -0.00308906 -0.00791878 -0.0114765 0.00681065 -0.00275674 -0.00684525 -0.0039026 0.00434496 -0.00804547 0.0109884 0.0417653 0.11719 0.00760267 -0.00247184 0.000913967 -0.0299639 0.0879096 0.0235754 0.0116537 0.0474775 -0.0107357 -0.00161419 -0.0020952 -0.0264286 -0.00137831 0.0524194 0.00717448 0.0117822 0.022307 0.0711447 0.0113122 -0.00952953 -0.0145004 -0.0184963 -0.00711217 -0.0100333 -0.00516954 -0.00244664 -0.00535655 -0.0065844 0.00595575 -0.00435938 0.0171107 -0.00966096 0.0385152
internal_weight=30806.8 28967.4 1839.38 10745.9 1657.95 1228.62 5715.45 5030.47 3125.66 18221.5 2379.13 5582.22 3844.59 2367.93 1459.87 121.6 22.4786 1338.27 429.327 346.093 83.2341 1737.64 1904.8 1085.35 265.846 908.061 203.828 19.9421 5.56001 183.886 1726.83 881.868 85.7752 1.3466 16.5621 14.3821 7.55717 819.454 1189.17 1172.65 33.2569 1139.4 6.67147 99.1214 89.4717 60.0472 10.8501 49.1971 29.4245 623.558 404.152 219.407 777.993 387.885 344.827 260.318 819.504 2161.9 150.608 64.644 205.674 20.6495
internal_count=694361 386594 307767 274955 257950 208405 83972 190983 77565 111639 59587 81260 37909 59283 33537 2657 531 30880 49545 42380 7165 43351 113418 63529 15540 25746 13624 2055 502 11569 43249 21480 12855 224 315 1553 835 49889 27832 27640 2705 24935 439 2126 1592 1011 315 696 581 98164 69530 28634 22035 16000 14051 29525 47989 9240 670 4951 24682 267
is_linear=0
shrinkage=0.05


Tree=67
num_leaves=63
num_cat=0
split_feature=6 4 8 8 1 4 2 8 1 1 6 4 2 1 3 1 3 2 1 2 0 0 0 3 1 2 0 6 3 1 4 2 1 3 2 1 4 2 3 0 2 3 2 1 3 3 3 2 6 1 0 0 1 2 2 6 3 6 1 2 0 6
split_gain=260.027 48.8392 30.9548 13.4032 12.3766 12.1288 11.9795 11.5498 11.1264 9.82599 9.71659 9.07828 8.85262 11.9561 14.8121 10.3879 10.543 11.4397 8.7324 21.5524 8.19074 8.13914 8.28714 7.94389 7.64488 23.0983 14.2301 7.43486 7.4223 11.3078 9.47914 9.13349 7.40011 11.967 8.54257 7.27973 7.21369 6.93049 6.89167 6.73941 6.67696 7.12994 6.67533 7.74472 7.51876 6.52907 11.2702 9.19826 7.69063 6.5014 15.0918 9.35995 6.47768 9.64117 6.86647 7.71394 7.77492 6.80333 6.8465 9.49002 6.44729 6.36907
threshold=124.93000000000002 623.50000000000011 4.5000000000000009 2.5000000000000004 7.5000000000000009 6.5000000000000009 4115.4500000000016 1.0000000180025095e-35 45.500000000000007 92.500000000000014 47875.92500000001 49.500000000000007 2655.3200000000002 25.500000000000004 114.50000000000001 33.500000000000007 121.50000000000001 5712.7400000000007 63.500000000000007 3087.6500000000001 21.500000000000004 54.500000000000007 37.500000000000007 141.50000000000003 6.5000000000000009 538.0100000000001 16.500000000000004 530.0100000000001 39.500000000000007 18.500000000000004 586.50000000000011 169.95500000000001 4.5000000000000009 28.500000000000004 722.24500000000012 8.5000000000000018 2581.5000000000005 632.56500000000017 1614.5000000000002 561.50000000000011 11309.090000000002 248.50000000000003 4506.3700000000008 36.500000000000007 47.500000000000007 45.500000000000007 99.500000000000014 4407.0950000000003 507.05000000000007 20.500000000000004 1.5000000000000002 58.500000000000007 81.500000000000014 5861.3050000000012 8316.2900000000027 2094.9300000000003 171.50000000000003 4390.2250000000013 31.500000000000004 5304.4100000000008 9.5000000000000018 1408.2250000000001
decision_type=2 2 2 2 2 2 2 2 2 2 2 2 2 2 2 2 2 2 2 2 2 2 2 2 2 2 2 2 2 2 2 2 2 2 2 2 2 2 2 2 2 2 2 2 2 2 2 2 2 2 2 2 2 2 2 2 2 2 2 2 2 2
left_child=1 5 3 4 -2 18 8 -3 28 12 -4 38 -5 27 20 16 17 -16 -1 -20 -15 22 -17 60 25 -9 36 45 32 30 -30 -31 33 39 -34 -32 -27 -37 52 -7 41 -25 -26 44 -44 48 -47 -48 -14 50 -8 -51 53 57 -54 61 -57 58 59 -6 -18 -56
right_child=2 7 10 9 11 6 49 24 -10 -11 -12 -13 13 14 15 21 23 -19 19 -21 -22 -23 -24 40 42 26 -28 -29 29 31 35 -33 34 -35 -36 37 -38 -39 -40 -41 -42 -43 43 -45 -46 46 47 -49 -50 51 -52 -53 54 -55 55 56 -58 -59 -60 -61 -62 -63
leaf_value=-0.002377268760231901 0.017545407373182935 -0.037702349645628977 0.002089568396959438 -0.0056604063286731336 0.00029443412005544578 -0.010052279386814054 0.12322823100421161 -0.021281342309294626 -0.037360522819096069 -0.015812485909816747 0.0056632787641748197 -0.021265814653501948 0.023745127202020946 -0.0097607779145073292 0.089067675887366221 -0.0006153508073240046 -0.031657045840887653 0.012577464874791503 0.15169436551503951 -0.023596451579736274 0.0037185512941329138 0.039848700249392972 -0.031386527047090204 0.016406465731289337 -0.032003937158394717 0.031837514092263645 -0.0018031449686565131 0.0023110314264851392 0.00077246669767193333 0.12844743035987252 0.23615299995584513 -0.014407593794924262 -0.023245771781938086 0.069900390946674454 -0.01014556662206505 -0.041735836638705101 0.13925126265047921 0.13180042722779997 0.047972246262262742 0.10452573231589464 0.042493939357853755 -0.034724198769588314 0.028157757462508259 -0.045004252654552546 0.22481493785778808 -0.0050033583220440887 0.080694263351960532 -0.00065272646343499368 0.10462352047986195 -0.0066957607836265771 0.010146234200578893 0.10490547645843551 -0.016895006711105654 0.0029696427129001514 -0.0029395068505844082 -0.039134565304114022 -0.003422118360022334 -0.045111107032896627 -0.0049081092582894149 0.023994670260221344 0.013696163947872975 0.017762141385363757
leaf_weight=235.63306620065123 106.79425982991233 177.0438699782826 16066.573147678748 1491.6323948064819 823.3774088807404 131.53854751866311 3.3388227047398713 359.63673274964094 50.09201824106276 143.91324615105987 2159.9184552207589 47.964707920793444 52.372275381349027 756.01322326436639 9.0776232518255728 1110.404723755084 18.450547997839752 10.923516813665627 3.0429090997204176 3.8256575698032975 131.79788118973374 12.085371254011987 22.233873574063182 39.282024350017309 206.33742609573528 2.9435045891441396 8.3648726604878885 618.57231990899891 156.99430762883276 1.0169871910475183 0.598305463790893 313.48711863253266 386.83649778319523 4.888223626650869 186.21619673911482 1.0730384294874968 3.8555780067108572 0.9984099376015364 7.555000662803649 1.1897141821682442 19.355456521734595 8.1066516535356623 1.8114166320301586 1.8097319821827111 0.62692555459216226 53.916998970322311 7.8379669198766333 5.9633924439549446 3.0763830728828898 70.610228000208735 21.98705018311739 1.8270379370078433 85.144762446172535 2944.9822871126235 67.78090737760067 15.541397754102944 652.43428951874375 8.9202862791717035 792.48968953359872 44.451841525733471 13.307787128724156 81.115714710205793
leaf_count=10119 2007 50569 102260 72617 18762 18238 148 83442 5515 2822 9240 1855 2203 19971 244 23968 405 161 74 156 3468 227 465 892 48308 522 1787 11727 18774 120 103 36667 51933 677 22516 192 603 165 56 108 205 149 286 372 94 2285 314 207 84 5934 1219 126 1971 28366 1332 137 5154 86 19935 548 313 1158
internal_value=-3.90204e-05 -0.0160689 0.00127874 -0.000925476 0.000691805 -0.0110342 -0.0129059 -0.0264612 -0.0142405 -0.00295463 0.00251337 0.000367565 -0.0025311 -0.000915634 -0.00280465 0.000670123 0.014758 0.0478121 -0.000726586 0.0544057 -0.00775391 -0.000785065 -0.00122653 0.00795385 -0.0230471 -0.0187202 0.0414344 0.00455541 -0.0132557 -0.00838659 0.00242276 -0.0138891 -0.0164958 -0.00602528 -0.019 0.0941311 0.0946092 0.0418215 0.0005567 -0.00890969 0.017771 0.00749969 -0.0307117 0.030197 0.0875551 0.0157756 0.0052541 0.0454337 0.0285027 0.0038989 0.025677 -0.00367124 0.000489985 0.00124835 -0.00338354 -0.00196719 -0.00426624 -0.00178548 -0.00154699 0.00151679 -0.0125123 0.00830911
internal_weight=30771 2337.62 28433.4 10206.9 5678.55 1575.19 1332.69 762.43 1234.93 4528.32 18226.5 5571.76 4384.41 2892.78 2151.04 1263.23 118.504 20.0011 242.502 6.86857 887.811 1144.72 1132.64 98.5025 585.386 374.801 15.164 741.739 1184.84 474.168 159.664 314.504 710.669 137.616 573.053 2.66975 6.79908 2.07145 5523.79 132.728 66.7441 47.3887 210.586 4.24807 2.43834 123.167 67.7184 13.8014 55.4487 97.7631 25.3259 72.4373 5516.24 4614.22 902.017 816.872 667.976 1669.24 1660.32 867.829 31.7583 148.897
internal_count=694361 358767 335594 224094 81367 172784 162435 185983 155008 142727 111500 79360 139905 67288 50468 27029 2369 405 10349 230 23439 24660 24433 1964 135414 86354 2912 16820 149493 56021 19234 36787 93472 19023 74449 460 1125 357 77505 18346 1246 1041 49060 752 380 5093 2806 521 2287 7427 1367 6060 77449 67697 9752 7781 5291 39331 39245 19310 718 2490
is_linear=0
shrinkage=0.05


Tree=68
num_leaves=63
num_cat=0
split_feature=5 4 5 2 1 1 2 6 4 4 6 2 2 8 1 2 0 5 4 4 6 1 4 1 2 4 5 5 2 6 6 2 6 6 1 2 1 2 5 6 6 0 4 2 6 0 5 6 1 5 1 5 2 5 5 5 5 1 1 5 6 6
split_gain=244.097 38.4444 31.8135 11.6861 12.924 11.5874 19.0679 11.4381 11.8304 10.4913 11.2239 10.0261 21.6507 11.6814 9.64244 21.318 10.9094 9.6142 9.43445 9.10147 9.03763 8.74252 8.40955 7.53774 8.62251 7.50646 9.52007 11.8549 18.3555 8.49442 17.8491 7.45345 7.43261 7.39584 26.069 7.37031 7.34862 8.1191 7.29903 11.1418 15.0659 10.0195 9.28438 7.29895 6.99612 8.23267 6.88906 7.26273 8.75169 18.508 15.4981 13.9985 7.827 12.7823 12.4847 10.369 6.8145 8.68902 8.24512 6.69307 6.69236 7.12265
threshold=1.5000000000000002 623.50000000000011 12.500000000000002 2492.2050000000004 41.500000000000007 21.500000000000004 4831.3050000000012 19.915000000000003 75.500000000000014 1.5000000000000002 279.82000000000005 2837.4300000000007 2962.1900000000005 1.0000000180025095e-35 6.5000000000000009 538.0100000000001 16.500000000000004 29.500000000000004 1.0000000180025095e-35 2.5000000000000004 257.02500000000003 8.5000000000000018 7.5000000000000009 43.500000000000007 1950.1700000000003 78.500000000000014 3.5000000000000004 5.5000000000000009 1692.2950000000003 136.49000000000004 189.63000000000002 2289.3550000000005 2148.8650000000002 49.905000000000008 35.500000000000007 17649.240000000002 8.5000000000000018 857.17000000000007 5.5000000000000009 287.32000000000005 257.02500000000003 4.5000000000000009 5.5000000000000009 1076.5550000000001 150.03500000000003 153.50000000000003 2981.0000000000005 47875.92500000001 233.50000000000003 268.50000000000006 264.50000000000006 727.50000000000011 273750.53000000009 173.50000000000003 150.50000000000003 230.50000000000003 81.500000000000014 59.500000000000007 191.50000000000003 445.50000000000006 1206.0400000000002 496.64000000000004
decision_type=2 2 2 2 2 2 2 2 2 2 2 2 2 2 2 2 2 2 2 2 2 2 2 2 2 2 2 2 2 2 2 2 2 2 2 2 2 2 2 2 2 2 2 2 2 2 2 2 2 2 2 2 2 2 2 2 2 2 2 2 2 2
left_child=1 3 5 18 -5 19 7 8 -7 17 20 13 -13 -3 15 -15 -17 -4 21 35 22 -1 -11 24 25 -9 -27 28 29 -28 -31 36 -33 34 -26 -2 37 -21 -25 40 43 42 -42 -40 45 -20 47 -19 52 -50 -51 -52 55 54 -54 56 57 -49 -58 -12 61 -35
right_child=2 11 9 4 -6 6 -8 23 -10 10 59 12 -14 14 -16 16 -18 46 44 31 -22 -23 -24 38 33 26 27 -29 -30 30 -32 32 -34 60 -36 -37 -38 -39 39 -41 41 -43 -44 -45 -46 -47 -48 48 49 50 51 -53 53 -55 -56 -57 58 -59 -60 -61 -62 -63
leaf_value=0.032480808589880679 0.0055015026015136637 -0.03814204400554496 -0.00012727705614806194 0.0039613966423192558 -0.023574029812826119 0.0086393380117512977 -0.00058855051897348525 -0.014015911879847874 0.1699984567568753 0.043860794005320995 0.001089793279409533 0.23165506174256972 -0.0016953380882835077 -0.020663150129546178 -0.032005993808212695 0.085947737980882913 0 0.0033851862199132869 -0.017441423605046701 -0.0021403723243608019 0.080882822530979809 -0.021112642342195568 -0.015148304115176803 -0.022986011986686108 -0.031944523215029004 -0.0095076543200795106 -0.046052504360017815 -0.012415015661230908 0.20192558510152203 0.2156285856471406 0.011220870577461928 0.0077888303049325801 -0.0035411994293231721 -0.0071679431894450243 0.19687728608670807 0.044658515504844593 -0.0061545636668495106 0.018478205266448038 0.0856220899936396 -0.013130686915004151 0.042222870848276223 -0.00073913395022262595 0.16840712056126994 -0.009505781104798142 -0.003848526365990132 6.507210888288821e-05 -0.015043672234332115 0.023950508767936848 -0.011903994237327888 0.041363322093201919 0.027535435430550415 -0.011921674033157137 -0.0058542339174332591 0.0082491807547696895 -0.046341554083677419 -6.1163919112867002e-05 0.01697560129395306 -0.0047109718232769444 -0.0019523050517877569 -0.01134369230489423 -0.011970276840710333 0.0025586850741422672
leaf_weight=20.575841747224331 578.19986918196082 166.96374594909139 1761.3508147429675 201.9359309063293 53.866855259984732 3.261542137246578 2437.4131358112209 389.08771048625931 1.7142347171902654 12.69936733692885 11855.468027217314 0.96412480482831497 14.493279486196114 352.1672678119503 195.46260184794664 6.8695940678007883 7.9302645134739578 7073.0704882740974 857.1136238463223 154.25960391247645 6.9924748754128805 11.843926567584274 11.190672068856655 139.39056374272332 3.1112937983125439 29.408051289152354 2.1511723790317792 6.6827458543702951 2.0772712100297213 1.4028088329359887 3.937424426432699 370.58108282648027 236.70753390341997 323.8126425743103 1.9200429134070871 12.218047849833964 729.05660207523033 68.828274895902723 2.0878091240301755 203.43994540441781 3.0946409124881011 3.0807080622762442 3.0887429257854819 25.31473916163668 135.20334553252906 72.245943184476346 47.374572545289993 34.438918828964233 44.164954572916031 74.492761388421059 52.038776144385338 39.227912664413452 100.65777802467346 144.97588627040386 23.520313546061516 282.08629679679871 413.46071624755859 112.27959561347961 66.27026104927063 109.07158622890711 191.30091995559633 448.28075327072293
leaf_count=619 9528 49511 15661 13760 5295 224 44052 19324 182 226 97150 194 2698 83447 47401 1062 1712 36099 116565 9545 162 557 469 8323 264 3009 215 481 156 125 292 10550 3269 16504 163 87 40315 2600 91 6827 97 155 147 1259 9913 9890 197 147 196 352 245 175 428 652 103 1209 1745 465 292 496 3902 13582
internal_value=-3.84483e-05 -0.0165023 0.00116728 -0.0114714 -0.00182441 -0.00194662 -0.00346747 -0.00738975 0.0674692 0.00205908 0.0010542 -0.0256297 0.0139335 -0.0264768 -0.0229988 -0.0181801 0.0403103 0.00323235 -0.013716 0.00103996 0.0311148 0.012743 0.0160632 -0.00760527 -0.00590746 -0.011761 0.00733327 0.0379856 0.0734668 0.0349974 0.0688117 -0.000959112 0.00336455 -0.00327356 0.0565384 0.00632771 -0.00372211 0.00420401 -0.0138665 -0.00854406 0.0167348 0.0715011 0.107728 -0.00179119 -0.0145276 -0.0160753 0.00392844 0.00403544 0.00734589 0.0167613 0.0244316 0.0105269 0.00566205 -0.00181132 -0.0135942 0.0078815 0.0114655 0.00199435 0.0143506 0.000975935 -0.00359695 -0.00151455
internal_weight=30737.4 2097.64 28639.7 1352.79 255.803 6374.91 4225.06 1787.65 4.97578 22264.8 11995.4 744.851 15.4574 729.393 562.43 366.967 14.7999 10269.4 1096.98 2149.85 30.8825 32.4198 23.89 1782.67 1403.17 434.747 45.6595 16.2514 9.56868 7.49141 5.34023 1559.43 607.289 968.426 5.03134 590.418 952.144 223.088 379.497 240.107 36.6666 9.26409 6.18338 27.4025 1064.56 929.36 8508.06 8460.68 1387.61 209.924 165.759 91.2667 1177.69 269.154 124.178 908.536 626.449 146.719 479.731 11964.5 963.394 772.093
internal_count=694361 342624 351737 156599 19055 195268 119374 75322 406 156469 98503 186025 2892 183133 133622 86221 2774 57966 137544 75894 857 1176 695 74916 58017 23602 4278 1269 788 632 417 66279 13819 34415 427 9615 52460 12145 16899 8576 1749 399 244 1350 136368 126455 42305 42108 6009 968 772 420 5041 1183 531 3858 2649 612 2037 97646 33988 30086
is_linear=0
shrinkage=0.05


Tree=69
num_leaves=63
num_cat=0
split_feature=7 5 4 4 8 1 4 4 5 5 3 3 3 8 1 0 1 4 3 3 1 8 3 1 3 5 3 3 8 3 5 4 3 0 3 5 1 5 3 1 1 3 3 1 1 3 3 1 1 3 1 5 3 1 4 5 3 1 3 5 5 3
split_gain=227.271 33.7342 28.8258 12.4659 11.3117 11.0842 10.5228 9.43581 9.20958 8.82245 8.28745 8.01819 7.44957 21.9974 7.21193 8.76024 7.18188 7.02939 6.9676 6.68468 7.11159 6.65122 10.6699 8.90228 16.1036 10.2515 8.16216 6.62449 10.1932 8.12304 7.56468 6.45381 8.37824 8.79759 6.23226 6.22737 6.72292 10.5698 25.264 9.86033 8.14572 9.53471 8.08863 7.67957 7.79062 6.64576 6.63793 6.42505 6.35489 6.22446 6.22245 6.19161 8.26079 11.9059 7.92442 6.69134 6.12029 6.07987 10.1155 9.6754 8.82661 10.6899
threshold=3.5000000000000004 12.500000000000002 623.50000000000011 1.0000000180025095e-35 1.0000000180025095e-35 21.500000000000004 56.500000000000007 1.5000000000000002 2.5000000000000004 29.500000000000004 42.500000000000007 632.50000000000011 110.50000000000001 3.5000000000000004 6.5000000000000009 2.5000000000000004 28.500000000000004 89.500000000000014 98.500000000000014 163.50000000000003 94.500000000000014 2.5000000000000004 34.500000000000007 4.5000000000000009 19.500000000000004 2.5000000000000004 24.500000000000004 274.50000000000006 2.5000000000000004 233.50000000000003 5.5000000000000009 168.50000000000003 47.500000000000007 18.500000000000004 215.50000000000003 2981.0000000000005 227.50000000000003 268.50000000000006 1171.5000000000002 294.50000000000006 217.50000000000003 1101.5000000000002 991.50000000000011 221.50000000000003 225.50000000000003 3146.0000000000005 1348.5000000000002 268.50000000000006 240.50000000000003 45.500000000000007 44.500000000000007 445.50000000000006 684.50000000000011 159.50000000000003 4.5000000000000009 39.500000000000007 6.5000000000000009 59.500000000000007 106.50000000000001 33.500000000000007 61.500000000000007 942.50000000000011
decision_type=2 2 2 2 2 2 2 2 2 2 2 2 2 2 2 2 2 2 2 2 2 2 2 2 2 2 2 2 2 2 2 2 2 2 2 2 2 2 2 2 2 2 2 2 2 2 2 2 2 2 2 2 2 2 2 2 2 2 2 2 2 2
left_child=2 5 3 -1 -4 6 12 9 11 -3 -10 -7 18 -14 15 -6 -12 51 21 50 -21 -2 23 24 -23 26 -26 28 29 -22 34 32 33 -5 -30 36 40 38 48 42 57 -42 -39 -43 -45 -41 -44 -40 -38 -8 -18 52 53 -9 -55 -54 -25 59 -59 -11 61 -60
right_child=1 7 4 31 14 8 49 17 10 35 16 -13 13 -15 -16 -17 19 -19 -20 20 27 22 -24 56 25 -27 -28 -29 30 -31 -32 -33 -34 -35 -36 -37 37 39 47 45 41 43 46 44 -46 -47 -48 -49 -50 -51 -52 -53 55 54 -56 -57 -58 58 60 -61 -62 -63
leaf_value=0.005135027889267809 0.0066953022593615368 -0.00015332853356578031 -0.036876197663360248 -0.010535095515096297 0.0063261427616129228 -0.011071368096049949 -0.009820265217770862 0.00095626594321265043 -0.01273510536007269 0.018799879882476098 0.0021799502441061619 0.085649996713481086 0.010635070005025411 0.12156051513718738 -0.029508177878076126 -0.020086831274996494 -0.0030017359003694228 -0.02414285120529067 -0.024521329946849461 0.001505651631690033 0.00048257607907126648 0.0037122566464350571 0.0054191841931538519 0.04949151962067963 0.19040322391682293 0.013203787889706093 0.052625072774546866 -0.020322578721032891 0.088909239589798794 0.06697342127393946 -0.038693742772971884 -0.010709477273238659 -0.042100770011234169 -0.028563967041807928 -0.016410138380795827 -0.014323132451807476 0.038884607279138679 -0.0091387390019786654 -0.0069287465218482672 -0.020500825209443255 -0.024876045396728511 -0.018674259362150662 0.036200449451001614 0.025070343096544559 -0.011090058977021686 0.010966641712079069 0.016593096621020296 -0.03515681803787734 0.0076275999932751666 0.0024919613836202519 -0.0088527825523071063 -0.010803571401184093 0.015789672885174189 -0.0026800314109916221 -0.020475147790796872 0.0036852274075085895 -0.006446419977300214 -0.029622066187116398 -0.00030359954373453688 0.00523778671792916 0.0043544705584280755 0.02499805639903779
leaf_weight=94.272899196483195 541.64243904780596 1760.4556501600891 162.37977760122158 202.07793225906789 34.368728314060718 423.21625194442458 325.26642142701894 10205.993449798785 200.3319406369701 151.38314190879464 722.883980571758 2.0434351442381731 76.845971511676908 4.6634089667350045 198.45543734170496 327.19956200663 1324.2097848816775 27.616580010391772 24.806854533962905 882.52072936156765 10.060238964390011 56.373023692518473 517.47900155186653 4.8112958222627631 2.3814868908375484 3.6892143981531262 2.3072752477601171 75.833495442289859 2.3831931883469251 8.5993847139179689 14.436965976841746 588.68313912022859 36.497773548588157 102.9582530152984 3.0354805532842875 47.277468666434288 37.85315303504467 24.808935895562172 118.10476411879063 30.206348821520805 54.004897981882095 31.50212350487709 54.535526007413864 39.563787072896957 23.553297236561775 37.339536920189857 220.94270499050617 24.4439886957407 29.358808323740959 149.08021275629289 695.22087956545874 108.8101956769824 125.73131250031292 156.68124852329493 104.94899314269423 1273.1787468083203 606.9521467294544 23.431926362216473 1811.9462520964444 1021.1386001035571 4688.2226183488965 42.626045525074005
leaf_count=2445 11004 15654 49817 17705 7523 32212 26723 88676 6346 1043 19285 83 1890 63 49073 78846 35941 716 727 18724 210 1923 19501 189 124 98 128 1775 95 190 340 85490 4065 12803 129 197 167 105 501 132 233 134 235 172 103 164 982 101 127 10506 18754 496 1052 781 723 6059 23175 138 10152 5925 21469 222
internal_value=-3.77998e-05 0.00101865 -0.0175516 -0.0121468 -0.0252068 -0.00209715 0.00069667 0.00195339 -0.0035809 0.00306598 -0.00282441 -0.0105748 0.00240883 0.0171839 -0.0218083 -0.0175613 -0.00229177 0.00100075 0.00172096 -0.00336515 -9.90895e-06 0.00210031 1.12645e-05 -0.00411816 0.0134746 0.0777542 0.126163 -0.0117415 0.0050334 0.0315854 -0.0197019 -0.0139039 -0.0193907 -0.0166441 0.0297762 0.00373237 0.00383397 0.00904606 6.47766e-05 0.0141527 0.00345154 -0.0081291 0.0180366 0.00139277 0.0115011 -0.00304112 0.0205046 -0.0118255 0.0253372 -0.00594046 -0.00501887 0.00105935 0.00116864 0.000685791 -0.00984247 0.00477778 -0.0059903 0.0036747 0.00308103 0.00699449 0.00319936 0.000276562
internal_weight=30703.6 28956.7 1746.89 1024.49 722.404 6681.07 2316.3 22275.7 4364.78 10272.7 3939.52 425.26 1841.95 81.5094 560.024 361.568 3739.18 12003 1760.44 3016.3 996.869 1735.64 1193.99 676.514 64.751 8.37798 4.68876 114.349 38.5153 18.6596 19.8556 930.217 341.534 305.036 5.41867 8512.24 8464.97 577.594 209.761 367.833 7887.37 148.624 300.287 94.6192 63.1171 67.5459 275.478 142.549 67.212 474.347 2019.43 11975.3 11866.5 10467.6 261.63 1398.91 611.763 7738.75 6566.23 1172.52 6542.79 1854.57
internal_count=694361 386594 307767 122508 185259 230135 96051 156459 134084 57956 101789 32295 58822 1953 135442 86369 95443 98503 56869 76158 21463 56142 45138 25637 2273 350 252 2739 964 400 564 120063 34573 30508 224 42302 42105 2514 896 1618 39591 642 1322 409 275 296 1217 602 294 37229 54695 97787 97291 90180 1504 7111 23364 38949 31981 6968 31843 10374
is_linear=0
shrinkage=0.05


Tree=70
num_leaves=63
num_cat=0
split_feature=5 4 2 2 8 1 2 3 2 1 2 2 1 4 2 1 1 3 1 2 1 5 5 3 5 3 1 2 3 1 5 5 5 5 4 3 3 1 2 5 3 1 3 5 3 1 2 2 3 3 5 3 1 2 8 5 1 4 5 1 2 1
split_gain=214.261 32.1123 26.0228 12.2561 9.62952 8.63881 12.3692 13.066 11.4691 12.2818 10.9881 8.08655 7.76135 7.64765 8.90958 15.0193 9.68766 8.90934 8.09583 10.6541 8.66411 11.4626 9.34087 11.8489 9.51981 12.3926 19.544 10.5193 9.238 9.02172 10.6163 8.53602 11.7036 8.05369 7.90385 7.54156 24.8451 14.4329 19.2855 9.98321 9.04228 8.91019 7.23794 7.19016 8.01216 7.85612 7.09203 8.21253 9.81404 7.09175 12.424 13.3281 11.6373 8.30911 7.03297 7.0057 11.1717 6.84973 10.88 10.2906 7.93048 15.0796
threshold=1.5000000000000002 516.50000000000011 10241.440000000001 50481.130000000012 1.0000000180025095e-35 8.5000000000000018 538.0100000000001 14.500000000000002 1409.7150000000004 19.500000000000004 564.47500000000014 88.430000000000021 5.5000000000000009 58.500000000000007 4210.3950000000013 39.500000000000007 62.500000000000007 80.500000000000014 18.500000000000004 3758.8400000000006 51.500000000000007 486.50000000000006 41.500000000000007 865.50000000000011 70.500000000000014 574.50000000000011 146.50000000000003 4724.0350000000008 161.50000000000003 83.500000000000014 51.500000000000007 84.500000000000014 47.500000000000007 41.500000000000007 59.500000000000007 254.50000000000003 236.50000000000003 39.500000000000007 6018.7100000000009 23.500000000000004 632.50000000000011 37.500000000000007 215.50000000000003 6.5000000000000009 34.500000000000007 31.500000000000004 377.98500000000007 420.91000000000003 44.500000000000007 360.50000000000006 56.500000000000007 163.50000000000003 110.50000000000001 6864.7800000000007 4.5000000000000009 61.500000000000007 45.500000000000007 2.5000000000000004 4.5000000000000009 243.50000000000003 11309.090000000002 116.50000000000001
decision_type=2 2 2 2 2 2 2 2 2 2 2 2 2 2 2 2 2 2 2 2 2 2 2 2 2 2 2 2 2 2 2 2 2 2 2 2 2 2 2 2 2 2 2 2 2 2 2 2 2 2 2 2 2 2 2 2 2 2 2 2 2 2
left_child=1 3 11 5 -3 6 -1 10 42 -10 12 -2 -8 18 15 17 -16 -15 31 43 28 22 -22 24 27 26 -26 29 55 30 -24 32 33 46 -17 36 37 39 -39 -30 -37 -38 -7 45 -45 -20 -13 48 -48 50 53 -52 -51 -29 -49 -21 -57 58 -4 -59 61 -60
right_child=2 4 57 -5 -6 8 7 -9 9 -11 -12 13 -14 14 16 34 -18 -19 19 20 21 -23 23 -25 25 -27 -28 49 35 -31 -32 -33 -34 -35 -36 40 41 38 -40 -41 -42 -43 -44 44 -46 -47 47 54 -50 52 51 -53 -54 -55 -56 56 -58 59 60 -61 -62 -63
leaf_value=-0.010416896285477718 0.02683279417545506 -0.03487303067157254 0.036970976436045182 0.12188887788914315 -0.021023272283075413 -0.019705274095238139 0.15466331509540643 0.026217953161845366 0.0045424332820462963 -0.01404228780903421 -0.013976322095817926 -0.0070175890999888664 -0.005694584090373921 -0.010005849918370819 0.0063300914326674014 0.077187631445324478 -0.023267032173595433 0.007978424819393445 -0.0044691396156834907 0.0010823260059033475 -0.0045729924010677082 0.060792094253083753 0.052078178404041477 0.038114573857909645 -0.0033987172211789188 -0.029215757268395079 0.051978072330391846 -0.023774025120189266 0.012768980909125097 0.07373227434550482 -0.010554339919493137 -0.06030247354476137 0.039350904106801379 -0.046949895308466563 -0.036175894018381956 -0.0066906206009366646 0.015394703273393673 0.019224450587848996 -0.012674993949411141 0.045981010178236109 0.048089445748668483 0.077141053015076455 0.062999129415132679 -0.017641127492894874 -0.0015265109494202317 -0.015048643031786655 0.017316138697503362 0.0015412822602117833 0.0986275277521656 0.031667588560405038 0.042871988970594785 0.0028062064213108498 -0.01016194685818929 -0.00047930954886047045 0.011818715365550297 -0.024050060479157195 0.01435537167894081 0.0011404108087140511 0.014907735976031292 -0.022583905766327381 0.0026142088409498968 -0.017224127269958128
leaf_weight=291.65830546105281 25.774991923011839 160.72926068771631 23.365762986242771 1.6283375844359387 604.84059234661981 467.31528775161132 1.6043592495843761 55.741948831360787 135.26078966353089 257.15765568148345 50.056007992941886 179.05236701667309 1.2379015483893452 361.39347430574708 195.62711690645665 1.4606622369028617 32.063130009453744 84.681379482615739 506.6872727656737 2116.3697644760832 1712.9255175972357 7.0917773693799964 11.940958460792901 21.691938560456038 434.32657114043832 43.760213680565357 16.434899020940065 54.174912597984076 78.855567716062069 9.5566313453018648 15.156730480492113 5.3063710480928412 21.291673826053739 8.2130676098167879 58.677926930133253 105.57556819729507 8.8893344737589377 78.263186774216592 119.73729708883911 32.106546379625797 8.0008950708433968 18.678903590887785 2.5375235630199304 81.106040502898395 1575.5720712337643 270.16257273545489 29.846131697297096 1235.4862265801057 4.2055605556815854 49.590281829237938 29.23279345408082 72.112212020903826 24.701889056712389 131.47885794565082 192.6586230378598 65.687992475926876 26.33683044090867 8257.9243873064406 275.52065263688564 45.844601401127875 9815.5101596452296 41.867413118481636
leaf_count=36801 1134 50704 269 67 145560 62482 143 5119 10878 26287 4024 6961 142 27287 6465 86 1409 5423 22796 33218 30530 43 142 168 3265 342 130 611 1229 116 153 38 164 67 4372 1372 115 1508 1490 254 90 276 219 1739 33863 13999 1114 34858 156 465 223 622 246 1094 1905 434 180 59258 2016 259 47525 314
internal_value=-0.000157104 -0.0158547 0.00095599 -0.0109519 -0.0239417 -0.0111369 -0.00504539 0.00932542 -0.013958 -0.00762415 -0.00839675 -0.00107569 0.0853028 -0.00114741 -0.00606384 -0.00975978 0.00213192 -0.00657955 -0.000763061 -0.00144682 -0.000186809 -0.00221994 -0.00239425 0.00168281 0.000787543 -0.00383819 -0.00135749 0.00654796 0.00182584 0.0320521 0.0169517 0.00238581 0.0025915 0.00211161 -0.0332159 0.0083543 0.0121161 0.00802952 -3.75961e-05 0.0224565 -0.00274874 0.0575394 -0.0192347 -0.00418504 -0.00231947 -0.00815624 0.00236301 0.00351553 0.0277643 0.00393849 0.000354573 0.0144433 0.0176972 -0.00731291 0.00293195 0.00049265 -0.0130008 0.00207466 0.0029458 0.00100856 0.00286648 0.0106493
internal_weight=30651.7 2029.77 28622 1264.2 765.57 1262.57 400.299 108.64 862.271 392.418 52.8983 10161.9 2.84226 10136.2 733.904 506.213 227.69 446.075 9402.27 7726.21 5292.68 2634.18 2627.08 914.159 892.467 494.522 450.761 397.945 2658.5 36.6543 27.0977 1676.06 1670.75 1649.46 60.1386 450.107 336.531 308.963 198 110.962 113.576 27.5682 469.853 2433.53 1656.68 776.85 1641.25 1462.2 34.0517 361.291 286.999 101.345 74.2922 185.654 1428.14 2208.39 92.0248 18460 10156.3 8303.77 10132.9 317.388
internal_count=694219 342426 351793 146162 196264 146095 46229 9428 99866 37165 4309 242152 285 241018 45042 37168 7874 32710 195976 150713 78316 38150 38107 7577 7409 3737 3395 3672 40166 411 295 45263 45225 45061 4458 6334 4872 4481 2998 1483 1462 391 62701 72397 35602 36795 44994 38033 1270 3261 2550 845 711 1705 36763 33832 614 109641 50124 59517 49855 2330
is_linear=0
shrinkage=0.05


Tree=71
num_leaves=63
num_cat=0
split_feature=4 2 4 4 6 2 6 1 2 3 2 2 6 4 0 6 6 1 8 6 2 6 6 3 2 1 1 3 1 3 4 6 6 0 4 3 1 3 4 6 4 8 1 3 3 1 6 2 6 2 2 1 1 6 2 4 6 3 1 1 3 3
split_gain=191.686 29.2479 27.1059 13.4883 11.4088 10.2302 9.4091 9.28101 11.175 10.0542 10.0515 9.33384 16.5406 10.0885 8.49516 9.76842 9.17975 8.42813 8.21477 10.9244 8.04811 9.20926 7.71043 7.7083 9.09953 7.28558 7.10037 12.8466 13.6928 16.3738 10.8408 10.2596 9.39985 21.4661 21.2054 15.3246 10.8686 10.2412 7.19874 10.8718 6.99193 6.87536 6.83022 11.4921 6.58879 11.9983 14.9305 9.95217 9.89973 9.44108 10.4384 15.8874 11.3706 8.39409 11.4945 12.8771 9.02076 7.93381 7.83554 10.0901 8.54514 7.72676
threshold=101.50000000000001 7242.4750000000013 445.50000000000006 16.500000000000004 320.40500000000003 804.30500000000006 6669.4150000000009 52.500000000000007 6681.2600000000011 197.50000000000003 2030.5500000000002 1591.4150000000002 417.84500000000008 3.5000000000000004 25.500000000000004 1379.1500000000003 1234.0700000000004 50.500000000000007 1.0000000180025095e-35 2978.5900000000006 5442.0850000000009 3592.0200000000004 1408.2250000000001 290.50000000000006 5057.9050000000007 33.500000000000007 39.500000000000007 54.500000000000007 11.500000000000002 58.500000000000007 27.500000000000004 268.36500000000007 185.87500000000003 3.5000000000000004 77.500000000000014 92.500000000000014 28.500000000000004 55.500000000000007 24.500000000000004 209.00500000000002 13.500000000000002 4.5000000000000009 55.500000000000007 173.50000000000003 562.50000000000011 122.50000000000001 9472.2050000000017 23137.850000000002 47875.92500000001 109266.49000000001 136133.35500000001 227.50000000000003 205.50000000000003 5778.7350000000015 15080.935000000001 15.500000000000002 1817.5700000000004 574.50000000000011 82.500000000000014 102.50000000000001 648.50000000000011 803.50000000000011
decision_type=2 2 2 2 2 2 2 2 2 2 2 2 2 2 2 2 2 2 2 2 2 2 2 2 2 2 2 2 2 2 2 2 2 2 2 2 2 2 2 2 2 2 2 2 2 2 2 2 2 2 2 2 2 2 2 2 2 2 2 2 2 2
left_child=1 3 -2 6 23 -6 7 8 9 -1 11 12 41 -13 44 16 42 20 19 -4 21 -11 -19 26 -25 -22 27 -5 29 -29 -31 32 37 34 35 -34 -37 -30 39 -35 -12 -9 43 -16 -3 53 -47 61 49 57 -51 52 -52 54 56 58 -46 -49 -56 -60 -61 -48
right_child=2 14 18 4 5 -7 -8 10 -10 17 40 13 -14 -15 15 -17 -18 22 -20 -21 25 -23 -24 24 -26 -27 -28 28 31 30 -32 -33 33 38 -36 36 -38 -39 -40 -41 -42 -43 -44 -45 45 46 47 48 -50 50 51 -53 -54 -55 55 -57 -58 -59 59 60 -62 -63
leaf_value=-0.00023848752443839861 -0.010328867642882097 0.0011348139526268272 -0.03455033125791248 -0.012960625627166655 0.021142596453446516 -0.0030293143677444486 -0.05647748791760742 -0.0051378069108148671 0.013086942735722727 0.010825778939461052 -0.0040890744111113471 0.064575367649598994 -0.049768815449619579 -0.0033298101113998974 0.020103162173193301 0.0068916359310054066 0.098868883336638486 0.08501491825042333 -0.020131661127215709 0.032616509217441879 0.028251419866394584 0.064722087495005395 0.011156305971930945 0.0025331946337942618 0.11186285467939885 -0.024199125144536746 -0.021244288799429353 0.20584917547663573 0.074810163312504077 0.13948487038996515 0.0042079440111395727 -0.025468844034311124 0.0056982999341475124 0.13263186770077592 0.22200279782112259 0.21152812485852382 0.055016502050591942 -0.0064072176548590643 -0.0074150767736606621 0.0042976643979173003 -0.022577986258531385 0.06928408994654521 -0.029499989306650903 0.11418435191096464 -0.02715047862849454 -0.0040216953589097678 0.032845024533647703 0.024669480567941427 0.006639040757960471 -0.015740673160998503 0.0031046273326654052 -0.025919814014114858 0.040696788317361635 0.0056367813048037209 0.06353802628987272 -0.012351675501475118 0.011352919658168713 0.0018917337423015506 0.0038078093155104204 0.066637767943678733 0.023747507249587602 0.0039959406792083882
leaf_weight=3783.4840743127279 924.88875868124887 14999.227717059664 175.72398723126389 471.71059689903632 44.84015866369009 1627.6618105936795 7.3581149019300929 5.5004071313887852 178.91938251722604 123.12242269143462 1158.9207518473268 15.363696565851571 10.523458326235412 8.2384734246879798 21.300457758829005 254.41704640723765 4.8257340788841239 7.1463493555784208 643.34814418968745 6.1177604366093865 8.4583474546670896 8.4352284669876081 7.310857281088829 6.451581400819121 2.6628350298851728 28.40665851905942 120.63636183086783 1.4594704997725774 3.8881780244410029 1.7389624603092659 8.0907377181574684 37.539480810053647 8.7413040394894761 2.3534497842192641 1.9172675479203451 1.8052045814692963 3.2053719190880656 137.03820448508486 36.977937931660563 5.3282001009210944 53.55956045165658 6.6557680610567331 4.7502267565578213 3.800014021806418 18.301064122468233 837.53481110651046 50.088587746024132 38.903808206319809 1209.2704170495272 163.4123175367713 93.747387394309044 37.730718940496445 25.646583646535873 879.26863441616297 18.993155904114246 16.986123383045197 86.696651108562946 2049.2993690297008 29.051663987338543 19.816866796463728 29.635073568671942 44.04960073530674
leaf_count=86013 108236 108386 52541 45654 2202 51166 45 241 2032 2221 18105 236 142 246 574 2641 82 163 154170 80 77 52 89 407 146 364 9377 121 372 116 635 2086 542 153 149 102 192 12592 2394 291 1420 80 132 95 272 5453 222 168 5277 681 397 157 105 3952 130 185 687 8613 211 142 211 196
internal_value=-0.000150705 0.000823101 -0.0162182 -0.00176148 -0.00477991 -0.00237705 -0.000352606 -0.000274218 0.000866639 0.000313814 -0.00403496 0.0187872 -0.00392559 0.0407477 0.00180295 0.0103166 0.0352094 0.0117612 -0.022811 -0.0322464 0.0085647 0.014366 0.0483421 -0.00949263 0.0358845 -0.0119857 -0.00999371 -0.00810375 0.00103887 0.0546123 0.0298069 -0.00149472 0.0029627 0.0194754 0.0696343 0.046581 0.115418 -0.00407951 0.00164877 0.0454575 -0.00491171 0.0354347 0.0244554 0.0349413 0.00168346 0.00313943 0.0020054 0.00336665 0.00294711 0.00109137 -0.00689314 0.00228081 0.0112488 0.00783006 0.0165873 0.0275473 0.00457477 0.00231964 0.0345554 0.0274078 0.0411356 0.0194174
internal_weight=30622.3 28872.2 1750.08 7935.45 2524.05 1672.5 5411.4 5404.05 4145.28 3966.36 1258.76 46.2818 22.6796 23.6022 20936.8 289.093 34.6764 182.88 825.19 181.842 168.423 131.558 14.4572 851.545 9.11442 36.865 842.431 721.794 250.084 11.2892 9.8297 238.795 201.255 60.3287 15.6691 13.7519 5.01058 140.926 44.6596 7.68165 1212.48 12.1562 29.8507 25.1005 20647.7 5648.43 4549.68 3712.15 3618.01 2408.74 320.537 157.125 119.394 1098.75 219.481 114.483 104.998 2088.2 97.4968 78.5036 49.4519 94.1382
internal_count=694219 379192 315027 240223 128697 53368 111526 111481 91011 88979 20470 945 463 482 138969 3524 883 2966 206791 52621 2714 2273 252 75329 553 441 74776 65399 19745 872 751 18873 16787 3823 985 836 294 12964 2838 444 19525 321 801 669 135445 27059 21269 15816 15398 10121 1340 659 502 5790 1838 879 959 8781 694 564 353 418
is_linear=0
shrinkage=0.05


Tree=72
num_leaves=63
num_cat=0
split_feature=5 4 2 2 8 6 2 5 3 5 5 2 6 3 2 3 3 3 5 6 3 6 6 6 3 3 2 0 0 2 5 6 3 6 6 6 2 3 4 6 3 4 6 6 3 2 5 3 2 3 2 3 5 6 3 5 3 2 4 3 0 3
split_gain=181.485 28.6534 21.3344 11.5231 9.2061 8.84383 7.15057 7.08729 8.14581 8.58205 14.5894 17.3699 12.4818 11.8745 8.46857 8.99424 8.34282 17.7024 8.17068 7.99954 7.40673 7.10177 7.07246 13.8088 6.68783 6.40462 10.408 10.4498 9.18334 6.42511 6.33431 8.91305 8.43975 6.22884 14.7234 6.20959 8.13915 31.6332 6.95778 6.1999 8.42919 7.67546 6.19217 10.465 7.30061 10.7024 15.3579 7.16688 16.6908 7.57232 7.44306 8.65473 12.8345 7.26816 8.6914 8.32028 13.0936 16.1746 12.9426 13.6811 10.4622 7.39851
threshold=1.5000000000000002 516.50000000000011 10241.440000000001 12085.960000000001 1.0000000180025095e-35 8037.6150000000007 88.430000000000021 42.500000000000007 865.50000000000011 72.500000000000014 65.500000000000014 7049.3100000000004 7439.2750000000005 360.50000000000006 9079.6700000000019 218.50000000000003 239.50000000000003 145.50000000000003 56.500000000000007 2899.4400000000005 200.50000000000003 2824.0100000000007 1817.5700000000004 2434.4100000000003 432.50000000000006 2.5000000000000004 225.80500000000004 57.500000000000007 10.500000000000002 1193.8700000000001 163.50000000000003 2434.4100000000003 574.50000000000011 6419.8450000000003 5778.7350000000015 19.915000000000003 477.83500000000009 46.500000000000007 87.500000000000014 5409.0600000000013 274.50000000000006 1.0000000180025095e-35 3692.4500000000003 3592.0200000000004 67.500000000000014 5861.3050000000012 22.500000000000004 648.50000000000011 7652.3150000000014 751.50000000000011 5304.4100000000008 27.500000000000004 4.5000000000000009 2749.2050000000004 151.50000000000003 25.500000000000004 147.50000000000003 4306.3400000000011 7.5000000000000009 118.50000000000001 15.500000000000002 440.50000000000006
decision_type=2 2 2 2 2 2 2 2 2 2 2 2 2 2 2 2 2 2 2 2 2 2 2 2 2 2 2 2 2 2 2 2 2 2 2 2 2 2 2 2 2 2 2 2 2 2 2 2 2 2 2 2 2 2 2 2 2 2 2 2 2 2
left_child=1 3 5 -1 -3 6 -2 35 9 10 13 -12 30 14 15 20 17 -16 22 -17 -9 -20 -15 -24 -25 26 -6 28 -28 -27 32 -32 33 34 -11 36 -8 -38 42 40 -33 -42 43 47 -44 46 -46 50 49 -49 51 52 -37 55 -55 61 57 60 59 -59 -57 -53
right_child=2 4 -4 -5 25 -7 7 8 -10 12 11 -13 -14 18 16 19 -18 -19 21 -21 -22 -23 23 24 -26 29 27 -29 -30 -31 31 39 -34 -35 -36 38 37 -39 -40 -41 41 -43 44 -45 45 -47 -48 48 -50 -51 -52 53 -54 54 -56 56 -58 58 -60 -61 -62 -63
leaf_value=-0.010821697886039591 0.02510021282394136 -0.033772384637138449 0.0018774672689802264 0.026264721074696851 -0.01285505236529429 -0.020725510294158478 -0.0076453864106909471 -0.00046277091852843576 0.029151418484752657 -0.0051870603141916634 0.037579131712312225 -0.0021427495953775999 0.032000093828488681 0.067461416547239139 0.038925521870837893 -0.0043091769864945307 0.042011380979503327 -0.022204625695612105 -0.026406802191176543 -0.032248376226847196 0.029476576793757498 0.027791289996731468 -0.023938076756962703 0.069713181338867877 0.017271138144044958 -0.024875509721753095 0.026147108969966932 -0.042521101780817756 0.2268286042477976 -0.0042496027105235331 -0.029302301911513853 0.04260000231814029 -0.034297156406322374 -0.024633086477635197 0.034598232261430592 -0.0040730802418301485 0.23034393418852869 -0.0035283549309753979 -0.0086326884287878051 -0.0041608493504566128 0.022049205364364562 -0.012453596377433035 0.0011926692621311362 0.021283192021883945 -0.010330384389595392 -0.011253542973870179 0.067841103610323264 0.095637497294028817 -0.022273955337436608 0.024155942823983874 0.0011080692813398071 -0.0034469601193629416 0.008107498201981948 -0.020610685189580036 0.026248463888953112 0.0028876605190916219 -0.0098859292603069929 0.033485536410345136 -0.005786870787956532 0.11299915798164382 0.048540069335808012 -0.040863905973855197
leaf_weight=1219.1689882255159 26.331314086914062 150.03337058797479 18480.994969555177 21.142197537235916 143.43605493358336 56.293963452801108 5.9208176261745376 339.18592075072229 27.589178554713726 440.35962616838515 69.644983163103461 45.065441876649857 25.676930733025074 11.674283798784016 20.945682197809219 67.779343800619245 21.573010999709368 26.923594642430544 13.358500458300115 41.624062437564135 21.880136221647263 10.849555648863314 11.012564327567814 12.022274632006885 13.019662730395792 391.14475280139595 1.2085295636206863 1.202939028618857 1.1631684685125945 42.499814462615177 16.555938629433513 24.067989304661751 25.190363209694624 36.141833066940308 24.429398510605097 411.80646911822259 2.0342110311612487 4.3479509865865111 332.00419507455081 53.265988692641258 39.376466013491154 26.966692160815001 248.53178709931672 53.02564587816596 15.020616536960008 438.3051853813231 10.568302363157271 7.2219969155266908 10.747804528102277 8.1743403514847142 2559.0041058771312 3531.1067613707855 454.54430609382689 98.574078980833292 10.82328939437866 215.67130383476615 114.22000888735056 15.584458019584419 9.6513648964464647 8.533591475337742 13.256508620455859 13.187722691334782
leaf_count=145099 1134 50704 109641 1063 36760 344 500 3234 210 3843 632 336 132 144 126 785 174 191 138 349 232 87 117 106 107 98915 220 289 231 9145 168 163 220 206 155 18790 175 346 24142 305 247 225 2117 492 150 3576 90 117 142 146 42715 118789 8601 1147 122 2915 1839 182 190 109 307 343
internal_value=-0.000144266 -0.0148193 0.000866186 -0.0101834 -0.0226791 -0.000976343 -0.000865397 -0.00093412 0.00227738 0.00175652 0.00558114 0.0219421 -0.00213934 0.00250251 -3.23537e-05 -0.00244842 0.0162445 0.00446464 0.0215706 -0.0150044 0.00134533 -0.00189623 0.0335566 0.0222838 0.0428238 -0.0197988 -0.0107051 0.072207 0.131787 -0.022867 -0.00342828 0.00525655 -0.00608328 -0.00464795 -0.00307819 -0.00148276 0.0338529 0.0726468 -0.0015344 0.00929115 0.0172675 0.00795187 -0.00124796 -0.000825877 -0.00570439 -0.00940974 0.0218985 -0.000983515 0.0250916 0.0584094 -0.00107595 -0.00221828 0.00231208 -0.00319332 -0.0159092 -0.00283689 0.00421891 0.0103721 0.042645 0.0621764 0.00557312 -0.00358874
internal_weight=30592.7 1971 28621.7 1240.31 730.689 10140.7 10084.4 10058 1466.18 1438.59 726.559 114.71 712.031 611.849 539.912 470.469 69.4423 47.8693 71.9368 109.403 361.066 24.2081 47.7288 36.0545 25.0419 580.655 147.011 3.57464 2.3717 433.645 686.354 160.233 526.121 500.931 464.789 8591.87 12.303 6.38216 8579.56 143.677 90.4111 66.3432 8247.56 7535.13 712.426 463.894 25.5889 7482.11 26.1441 15.3963 7455.96 4896.96 866.351 4030.61 109.397 3921.21 376.917 262.697 33.7694 24.118 228.928 3544.29
internal_count=694219 342426 351793 146162 196264 242152 241808 240674 12632 12422 6758 968 5664 5790 5091 4600 491 317 699 1134 3466 225 474 330 213 145560 37500 740 451 108060 5532 1108 4424 4204 3998 228042 1021 521 227021 940 635 472 202879 196946 5933 3816 240 196454 405 263 196049 153334 27391 125943 1269 124674 5542 3703 481 291 3222 119132
is_linear=0
shrinkage=0.05


Tree=73
num_leaves=63
num_cat=0
split_feature=5 4 2 2 1 8 0 1 2 3 2 3 2 4 4 2 1 2 1 5 5 1 3 5 4 5 5 0 4 1 1 2 2 1 3 3 2 2 2 1 2 0 1 3 0 4 5 1 2 1 1 5 3 2 3 1 1 3 2 5 1 1
split_gain=166.247 27.2063 19.2713 10.6383 11.0155 9.4901 8.54851 8.04774 9.63648 12.4677 8.04487 8.29636 7.46695 7.49585 7.35084 7.04403 6.83739 13.9543 9.60402 9.83062 7.67425 12.6825 7.61975 7.47017 7.37113 7.16203 7.80054 7.32681 7.09505 11.7789 6.57225 6.33289 6.56727 6.31184 17.8182 10.8097 8.08539 7.89909 6.1672 15.2647 14.6005 10.0158 8.4435 7.32092 6.15726 6.08509 9.43514 9.23668 7.15033 13.4301 6.91982 6.01206 14.957 12.9743 6.99174 16.9608 6.79475 9.90119 7.61844 15.9984 6.7753 6.67668
threshold=1.5000000000000002 445.50000000000006 10241.440000000001 12085.960000000001 48.500000000000007 1.0000000180025095e-35 3.5000000000000004 8.5000000000000018 538.0100000000001 14.500000000000002 1989.6000000000001 215.50000000000003 564.47500000000014 123.50000000000001 7.5000000000000009 358.63000000000005 17.500000000000004 3758.8400000000006 51.500000000000007 44.500000000000007 6.5000000000000009 41.500000000000007 34.500000000000007 189.50000000000003 99.500000000000014 84.500000000000014 47.500000000000007 155.50000000000003 1.5000000000000002 50.500000000000007 6.5000000000000009 3676.7850000000003 3597.7800000000002 19.500000000000004 177.50000000000003 49.500000000000007 969.5150000000001 398.66500000000008 1469.7450000000001 6.5000000000000009 2289.3550000000005 15.500000000000002 15.500000000000002 233.50000000000003 51.500000000000007 2.5000000000000004 4.5000000000000009 243.50000000000003 11309.090000000002 116.50000000000001 138.50000000000003 70.500000000000014 865.50000000000011 4831.3050000000012 574.50000000000011 146.50000000000003 95.500000000000014 440.50000000000006 7242.4750000000013 66.500000000000014 78.500000000000014 62.500000000000007
decision_type=2 2 2 2 2 2 2 2 2 2 2 2 2 2 2 2 2 2 2 2 2 2 2 2 2 2 2 2 2 2 2 2 2 2 2 2 2 2 2 2 2 2 2 2 2 2 2 2 2 2 2 2 2 2 2 2 2 2 2 2 2 2
left_child=1 3 16 4 6 -3 10 8 -8 12 11 -1 13 -10 -11 -9 25 20 23 24 21 -18 -22 -19 -20 26 27 -2 29 -23 -29 32 -12 34 35 36 -17 -37 42 40 41 -40 -7 -44 -16 46 -4 -47 49 -48 -51 53 54 -21 55 -53 57 58 59 -55 61 -60
right_child=2 5 45 -5 -6 38 7 15 9 14 31 -13 -14 -15 44 33 17 18 19 51 22 28 -24 -25 -26 -27 -28 30 -30 -31 -32 -33 -34 -35 -36 37 -38 -39 39 -41 -42 -43 43 -45 -46 47 48 -49 -50 50 -52 52 -54 56 -56 -57 -58 -59 60 -61 -62 -63
leaf_value=-0.0077324121978216576 0.0015679012756923195 -0.033208250533384616 0.033797035322820468 0.025260481130067455 -0.03688079647908913 -0.018111428253624242 -0.010851872083352407 -0.032018607091768847 -0.0069692661606935852 0.1323428577297926 0.020134129742410786 0.12915648110262104 -0.017653807963519268 0.1646883857871238 0.0065504040649886118 -0.024195098930671725 -0.0056761318360737979 0.0017353184876861402 -0.0040481981699668438 0.03525716555223208 -0.015670005242496201 -0.029815010780275139 -0.0015772394561750791 0.036621057099806099 -0.042350981036395285 -0.059370984116687169 0.034135809856839505 0.0066319284106176133 -0.025879078926595529 0.064399210577375007 0.15658883867230866 -0.0048071075723461571 0.13246896376058098 -0.020393679677103354 0.12107269154541954 0.12455359879827486 -0.0049554963110677308 0.0054118778148180237 0.27714082854585714 -0.0098266999162905724 -0.014882133139822029 0.046188186054176447 -0.03938792549229593 0.15294942986905699 0.045279704460993518 0.00090323428687068296 0.01384780329412144 -0.021630329811362224 0.0022878371254531956 -0.037574257750391221 0.0030463062141537585 -0.0029443997139760605 0.042227018372875957 -0.01448906354739715 -0.021377891576881008 0.047828633523570009 -0.0086227028488941159 0.048466279863037386 0.020727139791937341 0.048471751473329515 0.028635421676071006 -0.0075961708263417808
leaf_weight=211.5729011441581 1749.065401175525 145.08129589329474 24.109640181064606 21.409220654517412 37.388072543311864 518.98592120688409 204.98021268891171 57.76149670407176 1.2717459257692092 1.5345024038106192 45.012569604907185 1.00915968697518 34.997868943028152 1.0622053900733588 24.358984943013638 116.72979144053534 899.44609107892029 2863.1640719072893 1808.5006606802344 36.874486304819584 101.8546895859763 7.2171658184379321 1655.0646519679576 15.344237163662909 12.579661625903098 4.6534632481634608 18.662466628476977 1.644344592932611 122.16626783204265 5.9278426375240088 1.3467926285229621 33.567606991622597 1.264104630332439 196.27175331301987 2.5155008155852547 1.3293387950398017 104.10333597566932 62.406451042275876 1.1206596670672295 34.7585017636884 1.588485623244196 0.93681275052949775 60.92557553621009 0.39232361852191289 18.153761952649802 8277.0684630321339 278.5601608492434 45.613301403820515 9826.5371781513095 20.107983611524105 21.329305682331324 434.69652469456196 18.933891464024782 74.544349335134029 46.472446884959936 16.990700665861368 80.062797501683235 14.288933731615542 36.660481952130795 11.54772377386689 45.964138459414244 47.548676267266273
leaf_count=22121 58438 50704 269 1048 4520 130886 28818 9038 105 73 4163 67 3289 126 2291 16361 47906 46673 32910 395 2266 238 37099 85 795 35 141 133 8081 192 98 2082 91 23834 154 189 10604 6765 115 7059 221 172 15604 96 1830 59258 2016 259 47525 163 151 3294 127 784 367 130 775 121 237 96 370 366
internal_value=-0.000138385 -0.0142932 0.000822044 -0.00952095 -0.0101708 -0.021649 -0.00927144 -0.0118693 -0.00506256 0.0094538 -0.0019018 -0.00699865 -0.0116951 0.0726562 0.0274775 -0.0154605 -0.000930428 -0.00152949 -8.1248e-05 -0.00223264 -0.00441413 -0.00783205 -0.00239794 0.00192428 -0.00431784 0.0018862 0.00205335 0.00170683 -0.0221112 0.0124596 0.0786506 0.0115976 0.0235895 -0.0134652 -0.00870561 -0.0099125 -0.0151543 0.00816637 -0.0189255 0.00035089 0.0963852 0.181315 -0.0202096 -0.0378289 0.0232733 0.00178237 0.00260303 0.000778878 0.00252809 0.00988702 -0.016588 0.00215364 -0.00125614 0.00724094 -0.00292701 -0.00101329 0.00388867 0.00825692 0.00555596 -0.00593954 0.0131958 0.00468504
internal_weight=30567 1942.49 28624.5 1178.7 1157.29 763.79 1119.9 827.477 286.359 81.3791 292.426 212.582 37.3318 2.33395 44.0472 541.118 10131.2 8355.85 5564.17 2685.67 2791.68 1034.76 1756.92 2878.51 1821.08 1775.37 1770.72 1752.06 135.311 13.145 2.99114 79.8443 46.2767 483.356 287.084 284.569 220.833 63.7358 618.708 38.4045 3.64596 2.05747 580.304 61.3179 42.5127 18493.3 10170.6 8322.68 10146.5 319.997 41.4373 864.585 517.094 347.492 498.16 451.687 310.617 230.554 216.265 86.0921 130.173 84.2092
internal_count=694219 342426 351793 137569 136521 204857 132001 103477 36532 7714 28524 22188 3520 231 4194 66945 242152 183307 87525 40767 95782 56417 39365 46758 33705 58845 58810 58669 8511 430 231 6336 4254 57907 34073 33919 26965 6954 154153 7567 508 287 146586 15700 4121 109641 50124 59517 49855 2330 314 7062 3918 3144 3791 3424 2749 1974 1853 880 973 603
is_linear=0
shrinkage=0.05


Tree=74
num_leaves=63
num_cat=0
split_feature=5 4 2 2 1 8 6 2 3 1 3 6 2 6 4 4 2 4 3 2 6 6 4 6 4 2 1 1 2 5 1 5 6 3 5 3 3 6 1 5 5 6 2 3 1 6 6 1 3 6 5 5 5 1 5 6 2 6 2 1 5 1
split_gain=152.282 25.7688 17.3951 9.29162 10.7233 8.73155 8.23824 8.11797 14.8699 11.8718 11.6023 9.75914 8.17326 7.46103 15.9864 6.64104 9.35687 9.26303 6.57271 11.7383 9.47253 6.97004 6.81177 6.43254 6.72448 8.94003 11.5838 8.16432 8.96318 9.14515 8.2795 9.76819 10.1112 15.5445 10.0079 9.69486 16.3202 9.60064 10.2373 15.4743 8.05716 9.63223 7.99537 7.80418 7.72362 18.8885 8.19014 7.43438 8.31998 7.0916 6.86857 7.92453 7.65011 6.83102 7.96696 7.89317 10.321 7.03156 6.87248 15.0048 14.7228 9.86998
threshold=1.5000000000000002 516.50000000000011 10241.440000000001 12085.960000000001 48.500000000000007 1.0000000180025095e-35 8037.6150000000007 1910.9350000000002 173.50000000000003 8.5000000000000018 187.50000000000003 162.63500000000002 538.0100000000001 171.59500000000003 64.500000000000014 501.50000000000006 61.025000000000013 508.50000000000006 12.500000000000002 578.02500000000009 227.02000000000001 39.895000000000003 346.50000000000006 8.8400000000000016 58.500000000000007 2777.1150000000002 56.500000000000007 18.500000000000004 3758.8400000000006 486.50000000000006 51.500000000000007 189.50000000000003 2899.4400000000005 632.50000000000011 10.500000000000002 261.50000000000006 230.50000000000003 1106.8950000000002 40.500000000000007 15.500000000000002 44.500000000000007 2094.9300000000003 4210.3950000000013 78.500000000000014 54.500000000000007 507.05000000000007 4791.7700000000013 39.500000000000007 215.50000000000003 1581.8900000000001 84.500000000000014 47.500000000000007 41.500000000000007 44.500000000000007 22.500000000000004 2094.9300000000003 4210.3950000000013 2316.3550000000005 8086.4300000000012 41.500000000000007 9.5000000000000018 36.500000000000007
decision_type=2 2 2 2 2 2 2 2 2 2 2 2 2 2 2 2 2 2 2 2 2 2 2 2 2 2 2 2 2 2 2 2 2 2 2 2 2 2 2 2 2 2 2 2 2 2 2 2 2 2 2 2 2 2 2 2 2 2 2 2 2 2
left_child=1 3 6 4 7 -3 23 8 9 12 -10 -11 15 14 -13 -1 17 -17 19 20 21 -14 -20 -2 27 47 44 50 -29 30 31 32 33 35 -34 36 43 -38 -39 -40 -32 -42 -36 -30 46 -46 -27 48 49 -26 51 52 -25 58 -55 56 -56 -57 -45 61 -61 -60
right_child=2 5 -4 -5 -6 -7 -8 -9 10 11 -12 13 18 -15 -16 16 -18 -19 22 -21 -22 -23 -24 24 25 26 -28 28 29 -31 40 -33 34 -35 42 -37 37 38 39 -41 41 -43 -44 53 45 -47 -48 -49 -50 -51 -52 -53 -54 54 55 57 -58 -59 59 60 -62 -63
leaf_value=-0.010033313550351787 0.058811092908618245 -0.032635018809205232 0.0016921566468431203 0.022549706539009638 -0.036600363120599902 -0.018607635599582562 -0.020032016729770508 -0.0014242527014639659 0.18530981442618794 -0.019129578575249995 0.026200969868048707 0.15236627199787053 0.039515624714156386 -0.0024675373089936975 -0.026495636617127463 0.27643822232249593 -0.0039901022713185212 0.013233618401061645 0.026774912547932451 -0.019736140095714463 -0.043363029304150189 0.20176121677454362 -0.031020517978189499 0.0027136418232531364 -0.010522112392994838 0.004477001419435374 -0.021766582190320814 -0.0036671899023007336 -0.0011597946809523097 0.055375718719145678 -0.0039908268111869261 0.047436519533109942 -0.016338413200823968 0.087191877635868359 -0.030453291102862573 -0.017242410136601473 -0.0024778120975353641 0.010133504965392559 0.13297674357512443 0.028319355508748558 0.0166107876192657 0 0.0002791987575949941 0.0068840905573438055 0.17686976098098228 -0.0081882777522624944 -0.042337397721889047 -0.036733984163826554 0.078154389091528817 0.045831548052907366 -0.058044317570073493 0.032940754941836473 -0.046081118423223634 -0.0035218628311381762 0.042673679051259156 0.069242941169869718 -0.027178755852414749 0.01815173777009451 0.023796271462243022 0.0057670870811701337 0.087555645830291851 -0.011403678380312979
leaf_weight=275.43517589755356 4.4244362805038682 140.37040808796883 18504.263421103358 22.187307286076248 36.685981787275523 558.8840609784238 55.7940793056041 265.40919509949163 1.3838000716641534 469.03473940864205 5.7354229888878763 2.3618766199797383 1.5672892229631536 48.754780658520758 2.4062154167331755 0.66523838508874111 2.2771378415636718 0.68750819005072117 44.422784972470254 29.07483937824145 1.1810547374188898 1.2866733055561779 5.5959716802462927 1654.7730911867693 338.66167118074372 282.49089089408517 50.701608248520643 2407.23917796975 537.41670006606728 7.3499747216701499 1758.008306292817 11.639313407242296 113.67546627111733 5.5064776008948675 21.625912416726351 53.050152223557234 9.1079172194004077 7.63310428708792 7.3805733211338502 7.0985147804021835 98.828507423400879 743.1149725690484 809.00803203135729 620.19706844072789 2.0967685584910205 3.5538997212424874 9.548290213569997 25.828425551299006 2.6125243143178514 5.5479584680870166 4.5335015766322604 21.553752154111862 7.9616396427154532 265.0070071965456 7.5738838203251388 9.1681025363504869 16.803392264991999 26.786100152879953 53.330166140571237 9.1616706205531973 14.2712016236037 31.452093745581806
leaf_count=36088 266 50704 109641 1063 4636 145560 344 22682 146 68157 413 181 183 3841 273 114 419 118 4173 2645 65 120 845 45646 28255 11311 2453 72371 10242 43 31128 63 1252 68 194 909 230 107 112 93 1125 5776 6392 12201 155 109 168 2369 164 201 36 160 67 5773 105 121 246 293 779 168 176 481
internal_value=-0.000132638 -0.0137813 0.000780494 -0.00937522 -0.0099745 -0.0214349 -0.000885722 -0.00912305 -0.0114081 -0.0119947 0.0599589 -0.0168202 -0.00501621 0.00332232 0.0623865 -0.00912382 0.0569663 0.15623 0.0087075 -0.00845196 0.0701594 0.118709 0.0201602 -0.0007789 -0.000806186 -0.0054588 0.000285579 -0.000446427 -0.00114139 1.71227e-05 -6.06749e-05 0.00191243 0.00170689 0.00403369 -0.0024297 0.00375221 0.00444281 0.0402025 0.0579395 0.0825566 -0.00206373 0.00195418 -0.000518486 0.00373555 0.00406427 0.0614925 0.00291531 -0.0108413 -0.00888856 -0.00958624 0.00269911 0.00286901 0.00247423 0.00623682 0.000197178 0.0165947 -0.00518605 0.0314743 0.0089271 0.0205726 0.0559512 0.010681
internal_weight=30541.2 1915.41 28625.8 1216.15 1193.97 699.254 10121.5 1157.28 891.871 884.751 7.11922 522.558 362.194 53.5229 4.76809 279.065 3.62988 1.35275 83.1286 33.1099 4.03502 2.85396 50.0188 10065.7 10061.3 721.042 348.391 9340.26 7651.43 5244.19 5236.84 2636.89 2625.25 1680.94 944.309 1675.44 1622.39 31.2201 22.1122 14.4791 2599.95 841.943 830.634 1591.17 297.69 5.65067 292.039 372.651 346.822 344.21 1688.82 1684.29 1662.73 1053.75 325.338 60.3315 24.3773 35.9542 728.412 108.215 23.4329 84.7823
internal_count=694219 342426 351793 146162 145099 196264 242152 140463 117781 117222 559 72452 44770 4295 454 36739 651 232 8031 3013 368 303 5018 241808 241542 45185 14196 196357 150448 78077 78034 40005 39942 32104 7838 32036 31127 542 312 205 38029 6901 6586 30585 11743 264 11479 30989 28620 28456 45909 45873 45713 20343 6538 765 351 414 13805 1604 344 1260
is_linear=0
shrinkage=0.05


Tree=75
num_leaves=63
num_cat=0
split_feature=7 0 8 7 2 2 4 3 4 3 2 3 2 4 0 2 2 3 3 2 2 3 3 3 6 3 0 2 6 6 6 3 8 0 3 0 4 2 2 7 4 0 3 2 2 2 4 2 2 6 2 3 3 2 4 0 8 6 6 3 3 3
split_gain=127.177 24.5463 19.3239 16.7221 14.1411 10.8041 10.6072 10.1483 9.51853 9.41418 9.33351 8.09682 7.8321 9.01084 12.5083 14.2061 7.35843 10.552 7.2612 10.4792 7.20718 11.4613 7.09452 8.33564 8.38537 6.76794 6.72553 6.70503 6.32374 5.71994 15.1397 6.53141 5.53683 5.28202 5.1613 9.13654 7.1888 17.9507 7.72485 6.98309 9.77313 5.71779 5.3157 6.78205 21.0222 15.4108 7.05629 13.9515 5.21709 5.15938 8.54364 5.21011 4.97398 8.12891 6.63155 8.08546 6.85463 7.40444 6.44909 6.00412 7.14329 21.6408
threshold=3.5000000000000004 7.5000000000000009 4.5000000000000009 1.5000000000000002 177921.78000000003 2599.5100000000007 54.500000000000007 32.500000000000007 407.50000000000006 20.500000000000004 1529.075 143.50000000000003 738.03000000000009 2582.5000000000005 30.500000000000004 1836.7900000000002 1469.7450000000001 9.5000000000000018 2.5000000000000004 11.785000000000002 177921.78000000003 215.50000000000003 212.50000000000003 233.50000000000003 63.410000000000004 1472.5000000000002 98.500000000000014 114.70500000000001 1039.1450000000002 41902.980000000003 56324.710000000006 991.50000000000011 1.0000000180025095e-35 2.5000000000000004 27.500000000000004 1.0000000180025095e-35 312.50000000000006 804.30500000000006 284.38000000000005 1.5000000000000002 219.50000000000003 3.5000000000000004 24.500000000000004 1353.325 738.03000000000009 1836.7900000000002 63.500000000000007 443.07500000000005 591.47000000000014 39.910000000000004 88.430000000000021 25.500000000000004 22.500000000000004 1011.1950000000002 29.500000000000004 35.500000000000007 2.5000000000000004 935.3950000000001 874.62000000000012 169.50000000000003 286.50000000000006 258.50000000000006
decision_type=2 2 2 2 2 2 2 2 2 2 2 2 2 2 2 2 2 2 2 2 2 2 2 2 2 2 2 2 2 2 2 2 2 2 2 2 2 2 2 2 2 2 2 2 2 2 2 2 2 2 2 2 2 2 2 2 2 2 2 2 2 2
left_child=1 7 4 12 5 6 52 8 9 -1 11 -9 26 -14 -15 -16 18 -18 19 -10 -4 -22 27 -24 -25 -7 -3 49 34 31 -31 -23 -5 -21 36 39 38 41 -11 40 -36 -38 -40 44 46 -45 -44 -48 -49 51 -51 -8 53 -2 56 -56 -55 -58 -57 -54 61 -61
right_child=2 3 20 32 -6 25 22 10 16 28 -12 -13 13 14 15 -17 17 -19 -20 33 21 29 23 24 -26 -27 -28 -29 -30 30 -32 -33 -34 -35 35 -37 37 -39 42 -41 -42 -43 43 45 -46 -47 47 48 -50 50 -52 -53 59 54 55 58 57 -59 -60 60 -62 -63
leaf_value=-0.00048363678459468936 -0.0022401389755573923 -0.023354563495122493 0.0013765896857990175 -0.038361386753378933 -0.029661116078212809 -8.901587796645556e-05 -0.016546432525629502 -0.027846964094007401 -0.03939931894855582 -0.037403107253958727 -0.0033939790704030463 0.041604059554624061 -0.0044151602333330929 -0.03898961593934603 0.066171767435774256 0.45818985313638882 0.16036669414113125 0.0055943358402666945 -0.01924348741834175 0.073763794366856081 -0.017287810661531074 0.031268088364828375 0.14187307018346715 0.1096676836283061 -0.02534066444411703 0.036359960352891081 -0.0097349273327671307 -0.011290801024215723 0.11617807760791694 -0.019708602517794802 0.0071827563082833184 -0.00035429955116168208 -0.022906528308566123 0.002586915141939615 0.15060307708390375 -0.024646903180456883 -0.043512602238412745 0.26604504611568197 0.01474262622608695 -0.0016535236610317661 -0.010617829520205506 0.11519225315692115 0.037459859528535595 0.2342970725485318 -0.048619416731455228 0.028721761487508241 0.31757384369091651 -0.037108533697232646 0.14627119080405795 -0.00087825160981453451 0.1843283859838204 0.093209400873442094 -0.004074796446009059 0.018542708336302196 0.052094410425125887 -0.040030247097440429 0.0078973446882665416 -0.0284926957462407 0.046485216597712133 0.0079085962938372396 -0.019235485966226047 0.10661125110916175
leaf_weight=178.80755610577762 295.86510928301141 176.73059037933126 17118.524251949042 68.655313752125949 42.927409881725907 8014.2875609404873 4.6207919847220165 99.95839145523496 5.4622246061917421 4.3964392757043234 98.313338035251945 4.2380391659680745 160.97180822910741 0.79794423631392319 0.75992494588717796 0.29345815745182335 1.3214218171779055 5.2636002148501575 105.24170010979287 6.3532132841646654 52.204781502485275 46.892768047749996 1.4578798902221013 1.4597414513118563 4.2072593062184751 12.6558247981593 190.22740908083506 532.69960499857552 1.6628289651125658 55.271916449069977 931.57233592867851 24.545384936034679 429.19570108759217 4.63712835800834 2.3730883719399603 13.822609607130287 1.3795586735941467 1.0061315945349631 18.133648155722771 4.1305137858726084 1.4074239083565769 0.80667394492775191 2.162639716640113 1.4781048377044492 4.0978158600628376 2.3943226970732212 0.85144563252106342 0.65888070454820968 0.66309725074097514 1.1094753984361889 1.1778087457641957 1.2921102338004855 1504.127610553056 62.684267535805702 19.200889789033685 5.3181311786174756 39.097001813352108 21.540551403537393 3.4564119875431061 49.204127058386803 15.251329962629823 6.1880007628351441
leaf_count=11483 11531 34586 106597 25737 294 139843 554 18127 1480 482 12251 688 23221 287 288 91 128 1017 29211 1594 229 205 113 135 280 125 44701 50746 36 233 4065 103 95510 1250 137 1802 241 143 1695 294 201 147 179 138 400 132 138 104 101 117 131 146 64480 979 791 273 1352 379 100 1851 449 191
internal_value=-0.000118226 -0.0138455 0.000641814 -0.0184657 -0.00105113 -0.000934478 -0.00375597 -0.0055202 -0.000563873 0.00529356 -0.0145099 -0.024937 -0.0122605 -0.0030934 0.103607 0.209975 -0.0115678 0.0393349 -0.0143933 0.0162585 0.00163022 0.00553498 -0.00992783 0.0391599 0.00986725 -3.04728e-05 -0.0163125 -0.0105908 0.0221656 0.00666707 0.00566969 0.0203478 -0.0250551 0.0444773 0.0192766 0 0.0303612 0.101551 0.0234224 0.0423733 0.0905677 0.0153363 0.0324648 0.0578465 0.0312021 0.112371 0.10716 0.169618 0.0551754 0.0338691 0.0961235 0.00775757 -0.00208027 0.00256682 0.0119952 0.0339763 0.00694484 -0.00497296 -0.00524743 -0.00340308 0.0108138 0.0191973
internal_weight=30467.5 1598.65 28868.8 1027.63 10639.8 10596.9 2569.96 571.022 368.512 240.233 202.51 104.196 529.781 162.823 1.85133 1.05338 128.279 6.58502 121.694 16.4526 18229 1110.49 548.025 7.12488 5.667 8026.94 366.958 540.9 61.4252 1058.28 986.844 71.4382 497.851 10.9903 59.7624 21.7336 38.0288 3.19236 34.8364 7.91103 3.78051 2.18623 30.44 12.3063 8.43388 3.87243 4.33606 2.17342 1.32198 8.20019 2.28728 5.9129 2021.93 447.162 151.297 27.9754 123.322 60.6376 8.77454 1574.77 70.6435 55.3921
internal_count=694312 308020 386292 224421 274860 274566 134598 83599 52533 17853 31066 18815 103174 23887 666 379 34680 1145 33535 4324 111432 4835 52222 528 415 139968 79287 51694 6370 4606 4298 308 121247 2844 6334 2434 3900 531 3369 632 338 388 2887 1192 922 270 522 343 205 948 248 700 82376 15405 3874 1164 2710 1731 373 66971 2491 2042
is_linear=0
shrinkage=0.05


Tree=76
num_leaves=63
num_cat=0
split_feature=7 0 2 7 3 3 2 3 2 7 3 2 0 4 2 2 6 2 3 3 5 5 3 5 3 3 5 3 6 6 5 3 3 5 3 6 2 5 3 5 3 3 2 5 6 3 6 5 2 4 0 5 4 5 4 5 5 3 2 5 3 3
split_gain=116.484 22.9937 17.4538 15.9729 9.37991 9.66199 13.0853 9.34147 8.79727 8.77023 12.4706 14.4261 10.2157 8.07794 8.06654 7.65075 7.61774 10.6837 10.0229 7.92788 10.2931 8.12335 7.54856 7.48268 8.17452 7.40885 7.36167 14.4049 15.6882 11.1882 10.3358 13.8252 9.24931 9.21221 9.10528 8.75263 12.8675 20.0793 9.15676 21.5738 7.64834 7.97561 18.6452 12.057 14.0102 9.81152 7.45907 9.15124 7.30526 7.50365 11.3748 7.09235 7.49573 7.03303 7.02909 10.5726 11.4867 10.9265 8.95732 8.59302 11.4451 7.46198
threshold=3.5000000000000004 7.5000000000000009 3447.6850000000004 1.5000000000000002 254.50000000000003 264.50000000000006 2289.3550000000005 32.500000000000007 1529.075 2.5000000000000004 1.5000000000000002 28.775000000000002 1.0000000180025095e-35 72.500000000000014 1409.7150000000004 114.70500000000001 22815.745000000006 78811.665000000023 270.50000000000006 303.50000000000006 120.50000000000001 81.500000000000014 20.500000000000004 2.5000000000000004 25.500000000000004 143.50000000000003 80.500000000000014 1041.5000000000002 41902.980000000003 109791.10500000001 230.50000000000003 865.50000000000011 425.50000000000006 62.500000000000007 751.50000000000011 26830.130000000005 91937.650000000009 288.50000000000006 537.50000000000011 375.50000000000006 384.50000000000006 899.50000000000011 109266.49000000001 167.50000000000003 47875.92500000001 1041.5000000000002 32681.165000000005 34.500000000000007 738.03000000000009 2582.5000000000005 141.50000000000003 71.500000000000014 3.5000000000000004 4.5000000000000009 3.5000000000000004 271.50000000000006 464.50000000000006 1101.5000000000002 273750.53000000009 438.50000000000006 2254.0000000000005 1847.5000000000002
decision_type=2 2 2 2 2 2 2 2 2 2 2 2 2 2 2 2 2 2 2 2 2 2 2 2 2 2 2 2 2 2 2 2 2 2 2 2 2 2 2 2 2 2 2 2 2 2 2 2 2 2 2 2 2 2 2 2 2 2 2 2 2 2
left_child=1 7 4 48 13 6 -6 9 25 22 11 -11 -13 -2 -12 23 17 -4 -18 20 21 -20 -1 24 -15 -9 27 28 34 32 40 35 -30 -31 46 -32 38 -38 -37 -40 -28 -42 45 -44 -45 -43 47 -21 -3 -50 -51 52 -34 -24 55 57 58 -33 59 60 -57 -59
right_child=2 3 16 -5 5 -7 -8 8 -10 10 14 12 -14 15 -16 -17 18 -19 19 26 -22 -23 53 -25 -26 -27 30 -29 29 33 31 54 51 -35 -36 36 37 -39 39 -41 41 42 43 44 -46 -47 -48 -49 49 50 -52 -53 -54 -55 -56 56 -58 61 -60 -61 -62 -63
leaf_value=-0.00072888789319465604 -0.0019668307543606461 -0.01575726501920199 0.00083489352258501895 -0.024416608486155213 0.13420771342603846 0.0077781721509911353 0.010792292474461868 -0.027209021201243605 -0.0032353686403248667 -0.012691507394712039 -0.019534886387664843 0.148069003195441 0.010626043737144326 -0.01482572241535429 0.033625659258484965 -0.0097703167618461637 -0.0019460381451936915 -0.007590480757903504 0.013661679379264749 -0.027780437066437659 -0.0078353789438433772 0.042305078703325338 0.016349007624109929 0.15689928901143715 0.12091015491546815 0.037992027258424266 -0.0028759914932629817 0.030034278365002248 -0.0030710430766341316 0.032493267241176425 0.0139042770486177 0.017887677309355639 -0.045348999950753879 -0.010653180664868155 -0.017967383706272579 -0.0044364571895177249 0.024066172064397238 -0.013623340874290429 -0.054650909283139197 -0.0093744522246768571 0.010528657532494171 -0.00050525910871677005 -0.01010098061575544 -0.021041914436407683 0.014294133304008382 0.021129265873914629 0.015925153256644457 0.0038244627867976299 -0.0042132604829253611 0.030753676507828859 0.33701365019373819 -0.0084393752800530405 -0.01683493306046794 0.13343785038613559 -0.010971019630804968 0.01313424845626115 0.0029677576645014024 -0.027802824373762094 0.034285755875829355 0.039180806439992125 -0.021729295362198954 0.0054621871739409565
leaf_weight=165.53291698545218 3545.6077592982911 361.09652363299392 19417.965427691117 485.674691648921 3.6240618447773141 88.863478011917323 5.3536491813138127 97.25864699203521 97.989790694089606 6.7977259240578842 110.11092616640963 3.3971800659783185 2.3657260981854051 4.3940009872894725 7.4752877664286634 458.97574170632288 887.60470101982355 383.49141992069781 89.628513485193253 24.828824356198311 38.237005636096001 34.699395015835762 71.415229461621493 1.1050033164210615 1.3585097684990612 4.4136473413091144 182.67893267422915 35.815310217440128 79.853558771312237 23.109745144844055 43.295078903436661 28.50152875483036 51.184790059924126 26.180369436740875 45.995394662022591 66.791134268045425 57.230096563696861 91.985308051109314 44.840141162276268 64.393219277262688 1070.8667482435703 75.119799420237541 242.75638197362423 34.97255651652813 138.69522209465504 169.84577043354511 120.78116618096828 280.04498910903931 160.27438696520403 1.7540343233849847 0.2874253881163894 47.295799985527992 43.526768170297146 1.222508456557988 67.562462076544762 148.904171615839 410.18836969137192 57.043554231524467 55.504164084792137 24.623595580458641 27.775789558887482 23.545405849814415
leaf_count=14118 123960 79287 191539 121247 99 2015 146 18127 12251 1623 26065 250 580 543 975 44396 4167 2016 397 131 158 141 8906 96 142 688 748 153 353 105 179 121 218 107 193 280 245 387 182 267 4427 306 1024 142 615 691 514 1162 23221 588 78 193 198 16 296 636 1769 245 264 104 120 102
internal_value=-0.000113248 -0.013345 0.00060951 -0.0178763 -0.00240783 0.0128713 0.0620922 -0.00528396 -0.0139912 -0.000547758 -0.0109926 0.0360553 0.0936438 -0.00278206 -0.0160871 -0.00897452 0.00111055 0.000671431 0.00286398 0.00391466 0.0147398 0.0217237 0.00514099 0.0429444 0.0178935 -0.0242949 0.00346245 -0.000882362 -0.00238363 -0.0119686 0.00454585 0.000928002 -0.0167629 0.00949969 0.00311756 -0.00714469 -0.00996546 0.00080505 -0.0191192 -0.0280391 0.00683323 0.00786013 0.00353097 -0.00289809 0.00714151 0.014477 0.00541138 0.00122591 -0.0117945 -0.00294376 0.0899321 -0.0244193 -0.0323291 0.0185691 0.00446079 0.00581189 0.00817587 -0.00859032 0.0164707 0.0115193 0.00761589 -0.0180272
internal_weight=30443.7 1577.07 28866.6 1009.09 4109.28 97.8412 8.97771 567.98 199.662 368.318 130.147 12.5606 5.76291 4011.44 117.586 465.833 24757.4 19801.5 4955.91 4068.3 162.565 124.328 238.171 6.85751 5.75251 101.672 3905.74 778.617 742.801 271.151 3127.12 1212.18 221.861 49.2901 471.65 368.535 325.24 149.215 176.024 109.233 1914.94 1732.26 661.39 416.424 173.668 244.966 425.655 304.874 523.412 162.316 2.04146 142.007 94.7116 72.6377 843.649 776.087 666.996 109.09 256.808 201.304 176.68 80.589
internal_count=694312 308020 386292 224421 171397 2260 245 83599 31066 52533 29493 2453 830 169137 27040 45177 214895 193555 21340 17173 696 538 23040 781 685 18815 16477 3327 3174 1174 13150 5197 962 212 2000 1540 1361 632 729 449 7953 7205 2778 1781 757 997 1807 1293 103174 23887 666 609 416 8922 3657 3361 2893 468 1124 860 756 347
is_linear=0
shrinkage=0.05


Tree=77
num_leaves=63
num_cat=0
split_feature=4 2 2 3 8 3 3 6 0 6 2 4 6 0 2 4 3 6 3 3 3 3 6 6 2 3 0 3 6 2 3 0 6 3 2 6 6 6 6 2 6 6 6 0 3 2 2 4 2 2 2 3 2 2 4 4 3 2 3 3 0 6
split_gain=106.966 20.7929 17.0648 11.1814 10.3776 9.17647 9.10987 8.74874 9.89747 7.62346 8.18729 7.58888 8.93518 7.36768 10.1123 7.02473 9.17935 19.8596 10.7311 29.8217 6.78818 13.8058 8.99112 6.92938 6.79708 13.7904 6.75456 6.74341 10.3076 14.6088 9.02471 7.78936 15.5801 11.7054 8.9068 7.66848 7.56836 7.45576 12.4346 14.3722 7.87189 7.39719 8.60254 6.30656 7.11117 7.05842 7.36314 6.28635 6.20695 6.0479 6.63336 10.5355 8.41791 6.03898 10.1629 6.03233 8.55316 6.57988 5.94201 8.42905 5.79145 5.77409
threshold=105.50000000000001 477.83500000000009 3447.6850000000004 17.500000000000004 1.0000000180025095e-35 218.50000000000003 254.50000000000003 104.90500000000002 1.5000000000000002 131.29000000000005 196.71000000000001 761.50000000000011 2978.5900000000006 9.5000000000000018 604.87500000000011 131.50000000000003 171.50000000000003 390.91000000000003 230.50000000000003 215.50000000000003 562.50000000000011 587.50000000000011 4791.7700000000013 21369.865000000002 61411.715000000004 2254.0000000000005 204.50000000000003 397.50000000000006 15611.660000000002 32232.585000000003 372.50000000000006 1.0000000180025095e-35 128.89500000000001 189.50000000000003 3758.8400000000006 182341.33500000005 1508.5450000000003 13942.755000000003 8037.6150000000007 19241.770000000004 8735.4850000000024 182341.33500000005 67270.12000000001 18.500000000000004 264.50000000000006 2655.3200000000002 3221.4250000000006 81.500000000000014 32232.585000000003 1469.7450000000001 2962.1900000000005 13.500000000000002 2114.1050000000005 2030.5500000000002 248.50000000000003 10.500000000000002 440.50000000000006 27136.745000000006 466.50000000000006 475.50000000000006 1.5000000000000002 2899.4400000000005
decision_type=2 2 2 2 2 2 2 2 2 2 2 2 2 2 2 2 2 2 2 2 2 2 2 2 2 2 2 2 2 2 2 2 2 2 2 2 2 2 2 2 2 2 2 2 2 2 2 2 2 2 2 2 2 2 2 2 2 2 2 2 2 2
left_child=2 4 6 13 -2 -6 9 8 -8 10 -1 15 26 14 -3 -5 -17 18 19 53 27 22 -22 24 -23 -26 -13 30 29 37 31 32 33 34 -4 47 -32 38 58 60 -41 42 -30 44 -9 -46 -47 -34 -25 -16 51 52 -51 54 -18 56 -42 -58 -29 61 -40 -60
right_child=1 3 20 11 5 -7 7 43 -10 -11 -12 12 -14 -15 49 16 17 -19 -20 -21 21 23 -24 48 25 -27 -28 28 41 -31 36 -33 35 -35 -36 -37 -38 -39 39 40 55 -43 -44 -45 45 46 -48 -49 -50 50 -52 -53 -54 -55 -56 -57 57 -59 59 -61 -62 -63
leaf_value=0.0033980914243756295 -0.033364576499715408 0.083836232900228819 0.13453573351432302 -0.016543614026759853 -0.016619097189867572 0.12508709140286642 0.13972724025522107 0.057181583022193054 0.0032149656713091365 -0.0017451555966878495 -0.010163116257358072 -0.027614416663772779 0.036581237565338535 0 -0.0063889697679258397 -0.005898727254473329 -0.0431852662190104 0.11815562261308513 -0.037964000184694674 0.20212260552323094 -0.0075702521481451155 0.0011265215052997178 0.015447212699478498 0.024578104748547602 -0.0092208486834109721 0.03063980001486773 0.16031277003155078 -0.007041830200511608 0.0031463716396373854 -0.011601296215100487 -0.019133407294735387 1.6453281414210236e-05 0.0025381756379355617 0.13640503516661981 0.0049867121021241198 -0.021879477698179248 0.0079750776491926776 -0.02304057958921514 -0.016025379396045199 0.032528045250679559 0.020899875867360626 0.023272947679061816 -0.010181859126183222 -0.041570107286642108 -0.006648066126148152 0.038502961908911948 -0.0085848220471243988 -0.0322122001114057 0.0034872357631363948 0.067676041331868803 -0.011656711542953078 -0.015652977758769518 0.24661564168761527 -0.032545646972654378 0.14269295563298165 0.033899587829702725 0.0084093626294537895 -0.013378116014781522 -0.011008132548702464 -0.0018988858682843996 0.010770324772401665 0.026983654446584123
leaf_weight=138.09275588486344 104.87430038768798 6.6112749776802984 1.5183760318905095 155.54727127263322 660.63551885774359 1.0375882703810919 2.713841118849813 7.9811744978651395 2.6692934059537947 3386.485432063695 561.95129305263981 88.481295107398182 5.8244931083172551 73.319639215245843 13.788309354567902 430.62529849121347 1.2713981526903864 4.5894506489858022 8.6017056421842408 2.0757173309102646 48.995859887450933 2320.6330176023766 301.57819888740778 35.34327544271946 314.56144203059375 23.161563880741596 0.37514971825294097 565.40944827627391 966.08370756357908 452.49399107508361 26.672478906810284 10304.419003539253 4903.2343540042639 3.3627312341704956 7.942771281581372 32.47771205753088 617.70161782577634 38.43428647518158 76.144941665232182 43.13676705956459 70.287776201963425 40.286294057965279 138.20191289484501 5.6374211702495804 40.531418215483427 25.551278359256685 11.999057292006908 12.929024018347262 2630.9480609670281 2.0115251545794304 2.6967819444835186 1.6222899144049732 1.0771930450573561 6.0238206097856164 1.4527027662843464 22.443877011537552 85.846841260790825 57.943604424595833 12.616009730845688 436.20839527528733 27.106221735477448 44.531640037894249
leaf_count=10196 41600 1442 107 12725 157313 96 90 172 163 107966 52024 23575 69 12222 2692 57448 144 151 912 192 510 12850 1372 146 1452 103 116 5060 4068 2408 579 119040 39086 182 519 137 3622 168 364 220 319 171 585 184 787 471 227 447 11138 200 212 211 100 695 167 121 391 260 187 3689 151 298
internal_value=-0.000108158 -0.0128067 0.000583968 -0.0071883 -0.0187061 -0.0163705 -0.00236833 0.0127524 0.074241 -0.00272908 -0.00748075 -0.00942226 -0.0226124 0.00832724 0.0301916 -0.00736403 -0.00420945 0.0257737 0.00319799 0.0364158 0.00108499 0.00260254 0.0122148 0.00196852 0.000160108 -0.00646408 -0.0265855 0.000631123 -0.00151077 -0.00373868 0.0010457 0.000800653 0.00242831 0.0572715 0.02749 0.00228402 0.00684243 -0.00133095 -0.000747159 0.00696885 0.012861 0.00224668 0.00147304 0.00901141 0.0124271 0.00772126 0.0233406 0.00244512 0.00376959 0.0129095 0.0491028 0.0844428 0.137426 -0.00417817 0.0557117 0.00924076 0.00661757 -0.000338841 -0.00354283 0.000457681 -0.00893879 0.0185046
internal_weight=30418.8 1572.54 28846.3 805.995 766.547 661.673 4183.61 97.0835 5.38313 4086.53 700.044 704.868 94.6809 101.127 27.8074 610.187 454.64 24.0148 19.4253 10.8236 24662.7 5675.22 350.574 5324.65 2658.36 337.723 88.8564 18987.4 3077.18 1932.6 15910.3 15265.9 4961.46 12.8239 9.46115 4948.64 644.374 1480.11 1441.68 382.91 279.659 1144.57 1104.29 91.7003 86.0629 78.0818 37.5503 4916.16 2666.29 21.1961 7.40779 4.71101 3.08872 8.74792 2.7241 236.522 214.078 143.79 1058.77 493.356 103.251 57.1476
internal_count=694312 312282 382030 113273 199009 157409 172280 2094 253 170186 62220 96194 23760 17079 4857 72434 59709 2261 2110 1198 209750 27571 1882 25689 14405 1555 23691 182179 18460 13636 163719 159518 40478 808 626 39670 4201 11228 11060 1826 1311 4824 4653 1841 1657 1485 698 39533 11284 3415 723 511 300 1006 311 1091 970 651 9234 4174 515 485
is_linear=0
shrinkage=0.05


Tree=78
num_leaves=63
num_cat=0
split_feature=7 0 7 8 2 3 4 2 6 2 4 7 3 2 4 3 2 6 3 2 0 4 3 0 0 2 3 2 6 4 3 6 4 8 6 6 6 3 4 4 0 0 2 6 2 6 3 4 0 3 2 4 0 4 0 2 6 6 4 2 2 3
split_gain=98.5673 20.8804 15.2762 15.1236 13.0874 8.58204 8.34129 8.25577 8.11744 10.0665 13.7085 7.74407 11.2786 12.1581 7.70864 6.94271 6.92621 6.49782 6.48467 6.40869 6.72185 6.55571 10.496 7.01329 6.26069 5.85359 9.76286 5.78819 10.8399 5.48063 5.47945 7.44449 12.5585 5.42193 5.2464 13.368 6.37228 4.91896 6.79787 6.51606 7.04206 4.87301 5.80988 8.49217 8.1772 6.19814 11.3328 12.9705 5.91197 6.16282 9.45877 6.77387 11.1611 6.98913 6.93883 6.06266 5.18334 8.91606 5.16761 7.01841 32.2377 13.298
threshold=3.5000000000000004 7.5000000000000009 1.5000000000000002 4.5000000000000009 177921.78000000003 32.500000000000007 105.50000000000001 1529.075 8.8400000000000016 551.68500000000006 178.50000000000003 2.5000000000000004 1.5000000000000002 14.120000000000003 154.50000000000003 20.500000000000004 1409.7150000000004 2262.3050000000003 143.50000000000003 738.03000000000009 98.500000000000014 2582.5000000000005 85.500000000000014 71.500000000000014 1.0000000180025095e-35 177921.78000000003 215.50000000000003 28633.675000000003 14765.125000000002 131.50000000000003 171.50000000000003 204.29000000000005 192.50000000000003 1.0000000180025095e-35 41902.980000000003 56324.710000000006 32681.165000000005 84.500000000000014 370.50000000000006 600.50000000000011 26.500000000000004 23.500000000000004 1244.0700000000002 1817.5700000000004 20116.000000000004 27.910000000000004 56.500000000000007 62.500000000000007 40.500000000000007 18.500000000000004 3291.5600000000004 41.500000000000007 26.500000000000004 51.500000000000007 30.500000000000004 4611.5500000000011 530.0100000000001 382.89500000000004 97.500000000000014 1381.4100000000003 1910.9350000000002 47.500000000000007
decision_type=2 2 2 2 2 2 2 2 2 2 2 2 2 2 2 2 2 2 2 2 2 2 2 2 2 2 2 2 2 2 2 2 2 2 2 2 2 2 2 2 2 2 2 2 2 2 2 2 2 2 2 2 2 2 2 2 2 2 2 2 2 2
left_child=1 5 19 4 6 11 27 18 9 10 14 15 13 -13 -8 -1 -14 -17 -7 20 37 -21 23 -23 -15 -5 -27 28 41 -10 -31 -32 -33 -4 36 -36 -28 -3 -39 40 -40 58 -43 45 -45 46 47 -44 49 -47 -51 54 55 -54 -52 -53 57 -56 -2 -60 61 -61
right_child=3 2 33 25 -6 7 8 -9 29 -11 -12 12 16 24 -16 17 -18 -19 -20 21 -22 22 -24 -25 -26 26 34 -29 -30 30 31 32 -34 -35 35 -37 -38 38 39 -41 -42 42 43 44 -46 48 -48 -49 -50 50 51 52 53 -55 56 -57 -58 -59 59 60 -62 -63
leaf_value=-0.00054985653751012705 -0.0013066497546178986 -0.023289064590909226 -0.037203254972078353 0.001199226892965067 -0.028715820725171072 -0.026302802498473478 0.075640126906534488 -0.0027768980982265899 -0.016331828539976636 0 -0.011666452197576699 -0.0279258796871731 -0.018534419548298306 0.10991177194280262 0.28430044647614022 0.016070099541069874 0.02971618078449801 0.14612409834588649 0.03309928652379223 -0.0037867692171865835 -0.0079505365831407295 -0.042463470685629716 0.31010458357984794 0.14778029888038166 0.018820817262190377 -0.016167148023878898 0.0055323444222197121 0.0030148446015192463 -0.021655491229769327 -0.0065399915825894682 -0.023466447884521558 0.091465064837893684 -0.0090852226271491855 -0.021230577521071537 -0.018812397430785659 0.0064649109179325762 0.035689696376178089 -0.025580403358262494 0.25095707549875551 -0.034971095656124933 0.017557184050040728 -0.0049787526120157301 0.2428996089366364 -0.0045424450882194153 0.021455727608939851 0.046608019291594388 -0.019445514866421727 0 -0.00039074821067664589 0.0020176088450201092 0.023044519621806831 0.040815881623303886 0.076291658569914031 0.031502396099759709 -0.010780501971074247 -0.036949847922549656 -0.014475080317867935 0.10943960856741775 -0.02021086957261721 0.014495239168274757 0.006815954930406553 0.20111765120407751
leaf_weight=164.95316883525811 8141.636581230443 163.43209235440008 62.560607595136389 17131.962738633156 42.169823996722698 93.650658341590315 1.0902883205562819 97.053281881380826 161.94456659536809 6.9568135673180223 1.4513264638371763 4.7974519568961105 106.73833306063898 4.5268636555410904 0.94582711672410358 72.41514065512456 7.8301839770283541 0.88609371520578761 4.6749565931968382 158.81754277134314 182.23743408336304 1.2024805040564381 0.31634688097983588 0.6576329784002154 3.5219582987483591 51.92746601998806 39.754060812294483 1014.4884289614856 62.782257381826639 176.36714065587148 5.8007076447829631 6.5090965600684267 5.6712814467027783 404.65726414625533 55.244532600045204 928.05027365684509 31.954036191105843 2.3151332498528054 0.72969231009483315 0.55813833000138391 0.63682170677930117 199.85552655858919 1.2631921293213957 276.71401058509946 33.824316993355751 12.581427695229648 1.8289084793068466 0.94916049577295769 129.07583924336359 148.7731041861698 53.468926069326699 3.6929762712679786 13.517157378606496 26.890721146482974 3.86202623322606 7.1592265302315354 28.948447493836284 2.383089167997241 10.139936518855391 1.4369765031151462 29.114932294469327 3.2771032182499766
leaf_count=14118 193253 33868 25737 106597 294 18127 143 12251 13315 850 216 1191 26065 361 125 8911 975 11 688 23221 44701 416 88 162 901 229 175 7348 452 17166 625 253 180 95510 233 4065 133 329 122 159 108 15857 125 3676 284 419 187 105 5747 7065 1335 162 390 958 182 214 649 78 1136 134 1619 318
internal_value=-0.000103576 -0.0124318 -0.0168441 0.000553885 -0.00094617 -0.00472881 -0.000834684 -0.0131863 -0.0082434 0.0349 0.102932 -0.000193894 -0.0101524 0.0339827 0.18368 0.00511282 -0.0151701 0.0179073 -0.0233969 -0.010847 -0.0146477 -0.00255141 0.0816032 0.0263533 0.0713864 0.00142732 0.00495252 -0.000567938 -0.000963879 -0.00953156 -0.0038339 0.0223216 0.0445481 -0.0233875 0.00599821 0.0050379 0.0190715 -0.0218878 0.0302683 0.0978627 0.154212 -0.000820816 0.00257734 0.00461164 -0.00168859 0.00912639 0.0701853 0.14408 0.00852523 0.0123605 0.0108351 0.0201665 0.0346716 0.04676 0.0116944 -0.0098988 -0.0054243 0.0353084 -0.00121367 0.0158534 0.0268384 0.146752
internal_weight=30394.6 1539.17 978.121 28855.5 10616.6 561.048 10574.4 195.379 366.737 10.4443 3.48744 365.669 127.415 12.8463 2.03612 238.254 114.569 73.3012 98.3256 510.903 349.909 160.994 2.17646 1.86011 8.04882 18238.9 1106.93 10207.7 9193.18 356.293 194.348 17.9811 12.1804 467.218 1055 983.295 71.7081 167.672 4.23979 1.92465 1.36651 9130.39 944.788 744.933 310.538 434.394 4.04126 2.21235 430.353 301.277 288.696 139.923 51.2601 40.4079 88.6625 10.8522 35.1936 6.24512 8185.61 43.9689 33.829 4.71408
internal_count=694312 308020 224421 386292 274860 83599 274566 31066 32873 1334 484 52533 29493 2453 268 23040 27040 8922 18815 103174 79287 23887 666 578 1262 111432 4835 241693 234345 31539 18224 1058 433 121247 4606 4298 308 34586 718 389 230 233893 37433 21576 3960 17616 417 230 17199 11452 11033 3968 1724 1348 2244 376 909 260 196460 3207 2071 452
is_linear=0
shrinkage=0.05


Tree=79
num_leaves=63
num_cat=0
split_feature=7 0 7 8 1 2 1 3 2 2 1 4 2 1 0 0 3 0 2 2 3 1 0 4 4 3 0 3 3 4 1 1 1 4 1 2 3 3 1 3 3 3 1 1 3 4 4 0 0 2 2 1 2 2 1 0 2 2 1 4 1 3
split_gain=90.1339 19.4991 14.5224 13.6603 13.255 12.0401 8.67897 20.4211 13.1787 8.98601 11.8466 8.72043 8.41469 9.41871 8.23492 10.0148 8.167 11.7751 8.39332 12.85 7.51648 7.36308 6.95218 10.5868 13.9149 9.53042 6.8307 10.1038 7.0239 6.91715 6.82762 10.5359 7.59824 6.45923 7.16249 7.31552 9.82342 6.31183 10.2501 29.0125 33.7973 6.07604 7.14614 7.95559 7.05863 9.17546 7.89711 6.347 7.18028 6.08002 6.05071 5.97813 5.97806 6.82492 10.3742 7.92016 12.059 5.95897 10.6743 8.68203 7.06643 6.79462
threshold=3.5000000000000004 7.5000000000000009 1.5000000000000002 4.5000000000000009 20.500000000000004 177921.78000000003 29.500000000000004 78.500000000000014 2896.6700000000005 22017.785000000003 43.500000000000007 51.500000000000007 551.68500000000006 2.5000000000000004 70.500000000000014 79.500000000000014 153.50000000000003 18.500000000000004 2962.1900000000005 3521.6800000000007 95.500000000000014 27.500000000000004 9.5000000000000018 41.500000000000007 117.50000000000001 101.50000000000001 21.500000000000004 84.500000000000014 94.500000000000014 32.500000000000007 327.50000000000006 294.50000000000006 302.50000000000006 105.50000000000001 31.500000000000004 1591.4150000000002 70.500000000000014 75.500000000000014 63.500000000000007 215.50000000000003 233.50000000000003 86.500000000000014 25.500000000000004 18.500000000000004 98.500000000000014 87.500000000000014 49.500000000000007 9.5000000000000018 18.500000000000004 4506.3700000000008 1658.1350000000002 22.500000000000004 114.70500000000001 1950.1700000000003 20.500000000000004 36.500000000000007 7049.3100000000004 738.03000000000009 20.500000000000004 2582.5000000000005 8.5000000000000018 49.500000000000007
decision_type=2 2 2 2 2 2 2 2 2 2 2 2 2 2 2 2 2 2 2 2 2 2 2 2 2 2 2 2 2 2 2 2 2 2 2 2 2 2 2 2 2 2 2 2 2 2 2 2 2 2 2 2 2 2 2 2 2 2 2 2 2 2
left_child=1 4 57 5 12 6 7 11 33 10 20 21 13 -1 16 -16 18 -18 22 -20 -10 -2 -9 25 -25 26 28 -28 -24 -29 31 -5 -33 -8 35 36 -35 50 39 -39 -41 42 43 -21 -43 46 49 -45 -49 -46 -6 -47 -13 -54 55 56 -55 60 61 -60 -3 -59
right_child=3 2 -4 30 37 -7 8 14 9 -11 -12 52 -14 -15 15 -17 17 -19 19 41 -22 -23 23 24 -26 -27 27 29 -30 -31 -32 32 -34 34 -36 -37 -38 38 -40 40 -42 44 -44 47 45 51 -48 48 -50 -51 -52 -53 53 54 -56 -57 -58 58 59 -61 -62 -63
leaf_value=0.010680391745317874 0.0013333688012389119 -0.0098432088057531161 -0.022753435899894165 0.0013959874589737796 -0.039141918817832952 -0.027765362466552646 -0.0076104717825512536 -0.0089677355861540551 -0.0025359745502350414 0.0023087484711625198 -0.0040292149734958756 0.034800015984768944 0.0082311879835726184 -0.011721719101748332 0.12126292806355632 0.019896576103516403 0.025504981761158396 -0.009011343234567688 0.034859133867398334 -0.0085905228465574524 0.0043687162809305461 -0.0097034906228182227 0.038802993335562037 -0.026123204219038101 0.04987369593576553 -0.0016012139872187839 0.0075634509326521857 0.061040176388571836 -0.036216723811833391 0.16260194498898203 0.027016901937690158 -0.038847334236564252 -0.0053788826867868129 -0.0088774133471225519 -0.040973649102844706 -0.031047666447283507 0.17986058715275732 -0.0036220321070658751 -0.045530455901318413 0.39624800592459852 0.014101011980328143 -0.0086800177112976006 0 0.057603391069969714 -0.012163045441666562 0.0072330385243151336 -0.027453102540989201 -0.023195722435863653 0.048451070412517283 0.013769254889234143 -0.011034341428836553 0.09712599151727086 -0.011166690391602979 0.026359743816025641 -0.01211837124568574 -0.0058467629271114416 -0.021306885687067359 -0.00034577710968962833 -0.022995780762330938 0.14610469882473365 -0.026220759313962373 0.029075701237579139
leaf_weight=62.399485675850883 2262.2692858325318 255.12769371620379 456.53808505949564 18145.409417461604 45.497313953703269 41.454628080129623 584.92869292153046 147.87629782152362 713.09498378122225 1421.449372313451 3099.3091179027688 8.6914381396491063 174.8581643155776 186.299049441237 3.364400173071771 8.963983634952454 116.48382666613907 31.053312106058002 44.561743582598865 9.7806769963353855 879.68704594555311 161.77570472611114 13.766147475689655 30.539146468508989 7.3704194235615423 21.166605092119426 4.1421880330890399 4.3449779902584851 3.8753664763644329 3.1747614955529571 25.80417837202549 26.584979645907879 47.822911635041237 1.3450282854028039 27.320696847746149 2.9812340612988919 1.2028528354130683 40.693543774541467 12.106319573475046 0.90567405335605089 1.4483430047985164 89.478928894270211 31.207903218455613 23.202715530060232 26.937232793308794 3.2846796342637381 15.866072505712507 6.5343426251783949 7.1893738913349807 133.14370571449399 34.225515093654394 4.6067968495190144 352.73684353614226 72.502768570091575 109.63643777696416 59.717187443748116 16.039849190041423 80.978035458130762 53.265347389271483 0.66412303666584094 89.765619341284037 25.663553490303457
leaf_count=8155 68108 60582 121247 110995 9478 294 28410 6172 15203 10757 57669 946 19032 33746 161 475 2165 822 1347 170 16121 4307 650 2128 816 939 200 193 177 165 112 117 208 171 3327 316 151 6493 2140 69 211 1479 512 346 569 119 380 122 145 1598 4275 210 35589 3468 5189 2388 386 11791 8514 185 18705 3397
internal_value=-9.92782e-05 -0.0119643 -0.0162801 0.000525812 -0.00451897 -0.000900691 -0.000794561 0.001103 -0.00187647 -0.00117218 -0.00222781 -0.000756678 -0.000158819 -0.00607881 0.00825533 0.0487147 0.00760293 0.018205 0.00511773 0.00957096 0.00127435 0.000594359 -0.00232241 0.00873756 -0.0111239 0.0237475 0.0421707 0.0719177 0.0219301 0.106146 0.00135546 0.00131869 -0.0174399 -0.00883674 -0.0304307 0.0205785 0.0817649 -0.018164 -0.00503467 0.00631725 0.17332 0.00633935 0.0186584 0.0310151 0.0028037 0.00842198 0.00600688 0.0416353 0.0140548 0.00936948 -0.0271667 0.0608941 -0.00605197 -0.00664723 -0.000444438 0.00815695 0.017654 -0.0104202 -0.00242407 -0.0205543 -0.0141267 0.00670834
internal_weight=30374.1 1520.44 962.002 28853.7 558.433 10608.1 10566.6 3835.29 6731.32 6113.54 4692.09 3043.37 423.557 248.699 791.916 12.3284 779.587 147.537 632.05 395.794 1592.78 2424.04 236.256 88.3796 37.9096 50.47 29.3034 11.6619 17.6415 7.51974 18245.6 18219.8 74.4079 617.779 32.8498 5.52912 2.54788 134.877 55.1539 43.0476 2.35402 351.232 77.915 46.7071 273.317 183.838 175.947 36.9264 13.7237 160.081 79.7228 7.89148 619.325 610.633 257.896 148.26 88.5426 505.464 160.571 53.9295 344.893 106.642
internal_count=694312 308020 224421 386292 83599 274860 274566 142441 132125 99750 88993 120381 60933 41901 22060 636 21424 2987 18437 6997 31324 72415 11440 5268 2944 2324 1385 558 827 358 111432 111320 325 32375 3965 638 322 22666 8913 6773 280 5650 1295 783 4355 2876 2547 613 267 2167 13753 329 47966 47020 11431 6242 3854 103174 23887 8699 79287 15188
is_linear=0
shrinkage=0.05


Tree=80
num_leaves=63
num_cat=0
split_feature=4 8 2 2 1 1 1 7 0 7 2 5 0 1 0 2 2 5 2 2 0 1 5 4 4 5 8 4 2 4 5 1 1 5 5 0 5 0 0 2 5 1 2 1 1 5 5 5 5 1 1 1 2 5 2 5 5 5 2 1 1 2
split_gain=94.6559 17.7518 15.052 12.7203 17.2276 11.8551 10.2728 10.7766 10.7408 9.26393 7.59586 7.46979 9.97597 9.78154 8.7067 7.64672 9.34259 9.51859 7.54462 7.2449 7.23983 8.60265 10.0026 11.0435 8.33767 8.31597 10.6737 13.0332 12.1988 9.08019 7.14852 9.38735 7.47533 7.14169 6.85743 6.83759 6.4577 6.34378 6.27172 6.12972 6.10276 9.76801 18.7117 10.4616 9.96453 13.3222 12.3272 8.28487 7.84369 11.1606 19.0758 9.4827 13.3068 7.428 6.89321 16.469 9.33858 27.4372 7.79123 6.67595 10.0536 10.1584
threshold=87.500000000000014 1.0000000180025095e-35 5177.7850000000008 1353.325 31.500000000000004 18.500000000000004 8.5000000000000018 3.5000000000000004 82.500000000000014 1.5000000000000002 512.78500000000008 12.500000000000002 14.500000000000002 21.500000000000004 71.500000000000014 3676.7850000000003 3758.8400000000006 5.5000000000000009 2896.6700000000005 15080.935000000001 1.0000000180025095e-35 33.500000000000007 9.5000000000000018 55.500000000000007 68.500000000000014 7.5000000000000009 2.5000000000000004 14.500000000000002 7652.3150000000014 1.5000000000000002 13.500000000000002 64.500000000000014 54.500000000000007 8.5000000000000018 13.500000000000002 31.500000000000004 658.50000000000011 4.5000000000000009 55.500000000000007 55344.990000000013 251.50000000000003 152.50000000000003 50481.130000000012 176.50000000000003 190.50000000000003 219.50000000000003 73.500000000000014 57.500000000000007 309.50000000000006 172.50000000000003 131.50000000000003 294.50000000000006 177921.78000000003 50.500000000000007 177921.78000000003 167.50000000000003 173.50000000000003 201.50000000000003 109266.49000000001 130.50000000000003 112.50000000000001 177921.78000000003
decision_type=2 2 2 2 2 2 2 2 2 2 2 2 2 2 2 2 2 2 2 2 2 2 2 2 2 2 2 2 2 2 2 2 2 2 2 2 2 2 2 2 2 2 2 2 2 2 2 2 2 2 2 2 2 2 2 2 2 2 2 2 2 2
left_child=2 19 6 5 -5 9 8 -8 34 -3 -10 13 30 15 -15 -9 17 -17 -14 -2 25 22 -22 -24 -25 26 27 28 29 -4 31 32 -13 -27 -1 36 -23 -11 39 -6 41 59 43 53 45 46 -44 -45 -42 50 -50 -51 -53 -43 56 -56 -46 -58 -59 60 -35 -62
right_child=1 3 20 4 38 -7 7 11 10 37 -12 12 18 14 -16 16 -18 -19 -20 -21 21 35 23 24 -26 33 -28 -29 -30 -31 -32 -33 -34 40 -36 -37 -38 -39 -40 -41 48 42 44 47 54 -47 -48 -49 49 51 -52 52 -54 -55 55 -57 57 58 -60 -61 61 -63
leaf_value=0.002944425065423255 -0.030365345709382003 -0.0055594013193161831 0.031599549134887099 0.002893982115893339 -0.018483828429006303 -0.027047374923025461 -0.01616076242819613 -0.001528686571221185 0.0082942259757355814 -0.0036087523672094983 0.16044047142866516 0.0115404764277854 0.026330473067074946 -0.0059982754623768017 0.086540067704395665 0.0070188267914604629 0.0071442884033889112 0.10626054582878795 0.002747707469748879 0.024099255864149141 -0.00093437816607140612 0.00029386798737593672 0.0069172423231979169 0.071512116099559694 0.0066162770587476459 -0.015350372346723169 0.0046194012803806236 -0.010770967962401975 0.021903757688320327 0.10281987629236081 -0.0013153607071661605 -0.043638328020169342 0.064096479853644819 0.0028373280767040061 0.028410627052098882 -0.013274117887661111 -0.013520741944003566 -0.018556121587904813 0.027015887535481786 0.067597839051807065 0.012631712726193931 0.0036587012036157205 -0.0093830213008696678 -0.025569617153225411 -9.4959747939889612e-05 -0.029261354269617981 0.012896310751121444 0.0019234799288844178 0.0071820622787873633 0.010141290523934768 -0.016278434665024863 -0.029746577427060147 0.011895216823421166 -0.01778113238238322 -0.014680222931466404 0.023615394803287212 -0.045004235912600152 -0.0097519347831086685 0.024236987007645615 0.0066808590987752162 -0.0042148479266244402 0.0219192688523164
leaf_weight=542.53121384838596 141.0395339585375 415.03424619440921 8.2994730956852454 353.00023148022592 184.56152892345563 133.58354040863924 136.62819122662768 1192.5663234097883 1.6007135189138346 87.997322930721566 1.7872431613504884 102.94533293507993 62.304371364414692 1786.5849833465181 2.4390058624558142 4.9328554766252619 134.88206223584712 4.8952389098703861 75.51477999612689 6.207652114564552 537.53754432406276 12027.111321540549 773.31363958120346 11.727929368615152 8.8621702231466752 58.230873115360737 162.7449774411507 16.278893491253257 34.165560495108366 10.67046341486275 1702.1568943131715 7.1205380549654356 7.2132319435477248 4620.5565056111664 27.762779034674168 94.839889855124056 85.08296225965023 388.09651631396264 8.085515456972642 1.9715208373963822 292.84323709458113 46.597962619736791 73.54735903814435 30.995140011422336 216.67562665045261 23.337856143712997 388.60929942131042 229.35745321214199 184.20446782559156 486.29398867487907 163.18217276036739 37.996141836047173 38.359128832817078 284.97800877690315 47.715594574809074 67.614073768258095 51.963596150279045 46.452846229076385 26.2825957685709 848.14553423784673 825.92772572673857 38.788923785090446
leaf_count=25346 52352 83975 94 32831 17569 25547 13134 50690 181 20774 81 2056 1746 75353 126 133 2677 83 1631 211 8954 94823 6075 147 116 797 3515 285 413 176 24489 207 196 29858 293 1276 371 93948 393 64 1286 383 353 304 924 101 1631 1101 804 2113 694 163 171 1420 211 308 215 190 111 4267 4489 169
internal_value=-1.13301e-05 -0.0114056 0.000671391 -0.00984479 -0.00367929 -0.0131342 -0.00160491 -0.00230351 0.00474262 -0.0110401 0.0922879 -0.00192979 0.000490291 -0.00344647 -0.00586449 -0.000207676 0.0106379 0.0575258 0.0134565 -0.0280205 0.00124755 0.000507816 0.00432406 0.00789042 0.043989 0.00231688 0.0116646 0.02808 0.0400744 0.0722518 -0.000489811 0.0114403 0.0150822 0.00207847 0.00419769 9.11297e-05 0.000196303 -0.0158052 -0.015623 -0.0175115 0.00219108 0.001683 -0.0018947 -0.00886256 0.00247798 0.00746725 0.00933871 -0.00133895 0.00550965 0.00321119 -0.00382545 0.00756449 -0.00877311 -0.0147528 -0.00281535 0.00772896 -0.00639348 -0.0172888 0.00247756 0.00255042 0.00191075 -0.00303436
internal_weight=30412.7 1719.58 28693.2 1572.33 547.619 1024.71 5793.87 5220.18 573.682 891.128 3.38796 5083.56 1957.26 3126.3 1789.02 1337.28 144.71 9.82809 137.819 147.247 22899.3 13538.5 1331.44 793.904 20.5901 9360.82 232.159 69.4144 53.1355 18.9699 1819.44 117.279 110.159 9128.66 570.294 12207 12112.2 476.094 194.619 186.533 9070.43 7867.55 1534.13 591.929 942.199 485.495 462.157 260.353 1202.88 910.036 347.387 562.649 76.3553 331.576 456.704 115.33 341.375 124.699 72.7354 6333.42 5485.27 864.717
internal_count=694394 327664 366730 275101 50857 224244 198422 172521 25901 198697 262 159387 30325 129062 75479 53583 2893 216 3377 52563 168308 111762 15292 6338 263 56546 4483 968 683 270 26948 2459 2252 52063 25639 96470 95194 114722 18026 17633 51266 46035 7252 3208 4044 2085 1984 1405 5231 3945 1498 2447 334 1803 1959 519 1440 516 301 38783 34516 4658
is_linear=0
shrinkage=0.05


Tree=81
num_leaves=63
num_cat=0
split_feature=4 4 2 3 2 3 3 2 2 2 4 5 3 2 3 2 2 5 3 2 3 3 2 3 4 4 3 3 2 3 4 7 3 7 4 6 2 7 2 3 6 3 3 5 3 5 6 6 6 2 2 6 2 5 6 6 2 5 3 3 3 5
split_gain=86.4319 16.8693 13.5929 7.83901 15.7764 12.7232 9.82024 7.81277 11.6967 7.61486 9.46739 7.35204 9.57532 7.99067 10.3621 7.33923 7.78145 6.48567 7.34046 7.00241 6.47688 6.33743 6.24149 8.93461 6.06045 7.38473 11.8148 15.6525 14.1534 6.00961 5.83268 5.32372 4.95962 5.41846 12.1019 6.60157 9.43175 5.70628 7.85598 5.35382 5.10969 4.92221 4.91216 13.4509 9.92298 9.67819 8.97396 6.62297 6.23975 8.02953 13.5442 19.6851 9.05664 9.14728 8.68862 8.08265 20.9669 10.579 8.66879 7.68281 10.2722 8.77163
threshold=87.500000000000014 1023.5000000000001 5177.7850000000008 15.500000000000002 150.71000000000001 1.5000000000000002 6.5000000000000009 2155.9800000000005 3024.5200000000004 157.15500000000003 2581.5000000000005 12.500000000000002 666.50000000000011 1353.325 173.50000000000003 31.145000000000003 41.215000000000011 12.500000000000002 648.50000000000011 4944.5650000000014 224.50000000000003 15.500000000000002 15080.935000000001 294.50000000000006 162.50000000000003 197.50000000000003 26.500000000000004 18.500000000000004 1950.1700000000003 355.50000000000006 109.50000000000001 1.5000000000000002 6.5000000000000009 3.5000000000000004 8.5000000000000018 89.805000000000021 241.88500000000002 1.5000000000000002 176.84000000000003 61.500000000000007 59.050000000000004 1.5000000000000002 776.50000000000011 533.00000000000011 803.50000000000011 61.500000000000007 12547.26 8037.6150000000007 47875.92500000001 109266.49000000001 91937.650000000009 41902.980000000003 136133.35500000001 193.50000000000003 32681.165000000005 21369.865000000002 61411.715000000004 94.500000000000014 942.50000000000011 1847.5000000000002 865.50000000000011 85.500000000000014
decision_type=2 2 2 2 2 2 2 2 2 2 2 2 2 2 2 2 2 2 2 2 2 2 2 2 2 2 2 2 2 2 2 2 2 2 2 2 2 2 2 2 2 2 2 2 2 2 2 2 2 2 2 2 2 2 2 2 2 2 2 2 2 2
left_child=2 11 17 4 5 15 9 -8 -9 10 -6 12 13 14 30 -3 -17 18 32 21 -16 -19 -5 -24 -15 26 27 -26 -29 -21 -2 -28 -1 34 35 37 -37 38 -34 -38 -40 -11 43 -4 45 47 -47 -44 49 50 51 55 -51 54 -54 56 -46 58 -58 60 -57 -62
right_child=1 3 42 22 6 -7 7 8 -10 41 -12 -13 -14 24 20 16 -18 19 -20 29 -22 -23 23 -25 25 -27 31 28 -30 -31 -32 -33 33 -35 -36 36 39 -39 40 -41 -42 -43 44 -45 48 46 -48 -49 -50 52 -52 -53 53 -55 -56 59 57 -59 -60 -61 61 -63
leaf_value=0.0065350239913472691 -0.025035065624452124 -0.011340931437489852 0.00094091960415712344 -0.029834117373519705 0.29576478104192144 -0.029222059604018358 -0.012015159109340654 0.18592947654765049 -0.014903740417485455 -0.046288816471021316 0.012354765561682149 -0.035405126082741371 0.12158493360122634 -0.0068938483081942663 0.10135354617100455 0.11129512394546814 0.0053967072171817194 0.047321511020685408 0.073365727629907382 -0.013920594982885096 0 0.0013703294317500907 0.065543750195149963 -0.050733184892061335 0.0038820219544223201 -0.0022539919899363246 0.031033690544877673 -0.0046865479358442416 0.19077514822837432 0.024650411708331627 -0.009769342207901606 -0.0014717475548016209 0.099896102160756464 -0.0026650759271044347 -0.022285771278094724 0.092526080426677482 0.0025752638153654799 -0.022836908970016407 -0.027098006722621006 0.059644128810275102 0.05233691759355831 0.025754138036349031 0.015056755145760388 -0.025516642638022832 0.0016453771661168845 0.00083810730708332973 0.028170859766815638 -0.025201941267895264 0.0055457801419289228 -0.01714233328154478 0.016230183833562475 -0.030636465999389295 -0.022594643129924111 0.024384874805012821 0.0074223904100915276 -0.0084992035473884925 -0.028229637558853649 -0.030908327859805292 0.011230508588243086 -0.0065508061225915742 -0.011248561103494065 0.015338882532026652
leaf_weight=136.566969294101 71.159752788953483 113.50027857581154 19396.245906412601 149.66860558814369 0.47821482270955928 167.62800209433772 63.051209425553679 1.1682055201381438 1.565755240852013 2.440859904279935 0.70014613750390708 23.18111517932266 1.3429284170269955 300.61270154966041 3.1882043494842938 2.3774084274191392 6.1981234564445913 7.4414410255849353 3.0609378963708869 116.23784638755023 2.9773163292557001 1855.8587726913393 4.037060970440506 2.6187306554056704 4.461822933983056 135.96406875317916 18.884080447722226 1.2112287394702432 3.2085126242600381 10.882411401718853 552.65366029599681 36.621234129648656 2.2096998728811732 3433.8918313332833 112.02047000639141 3.3345950609073034 54.001018490642309 35.767757051158696 6.5768868867307884 4.3743792604655019 2.796475593931973 29.513242799090222 18.19611734803766 48.045657053589821 1150.1479048170149 42.929054576903582 102.94606849551201 22.819216355681419 1010.9425199106336 124.98973389714956 151.93947578035295 48.673435196280479 43.595892004668713 33.030522242188454 53.364431202411652 66.201678454875946 21.678755328059196 79.075224831700325 38.3184381313622 88.732559405267239 33.929072946310043 331.65036088228226
leaf_count=6978 9092 36403 152079 47648 162 58257 20557 159 213 631 237 648 77 20878 300 748 1881 76 83 1625 234 28832 147 143 325 18034 2130 141 206 134 96556 3301 83 141116 14892 94 1574 2294 361 152 128 8556 147 207 5977 228 429 103 4489 521 633 201 199 136 220 269 100 331 190 363 139 1347
internal_value=-1.14422e-05 -0.0109641 0.000637513 -0.018222 -0.0143852 -0.0202723 0.0028091 -0.00831448 0.0726795 0.0250042 0.145422 -0.00753555 -0.00695749 -0.00712528 -0.010875 -0.00792809 0.0362759 -0.00152769 -0.00274047 0.000781894 0.0529792 0.00155906 -0.027713 0.0189805 -0.00239871 0.00432106 0.0182649 0.0715628 0.137184 -0.0105626 -0.0115225 0.00953329 -0.00280516 -0.00315569 -0.0107488 0.00106511 0.0118749 -0.0129127 0.017238 0.00703193 -0.00256907 0.0199678 0.00118453 0.000875157 0.00292004 0.0141282 0.0201675 -0.00722671 0.00227875 0.000818394 0.00188064 0.000703946 -0.0075345 0.00167133 -0.00603191 0.00155127 -0.000568462 -0.0189012 -0.00296766 0.00681017 0.00956835 0.0128553
internal_weight=30392.9 1700.41 28692.5 544.946 388.621 289.704 98.9176 65.7852 2.73396 33.1325 1.17836 1155.47 1132.29 1130.94 629.979 122.076 8.57553 5785.02 3794.6 1990.42 6.16552 1863.3 156.324 6.65579 500.964 200.351 64.3869 8.88156 4.41974 127.12 623.813 55.5053 3791.54 3654.97 221.081 109.061 61.71 47.3508 11.5831 58.3754 9.37336 31.9541 22907.5 19444.3 3463.16 186.89 145.875 41.0153 3276.27 2265.33 2010.35 1858.41 254.981 129.991 96.9603 1809.73 1289.22 139.072 59.9972 520.514 431.781 365.579
internal_count=694394 327664 366730 175742 127804 97289 30515 20929 372 9586 399 151922 151274 151197 106182 39032 2629 198422 167755 30667 534 28908 47938 290 45015 24137 6103 672 347 1759 105648 5431 167672 160694 19578 4686 1820 2866 572 1726 489 9187 168308 152286 16022 907 657 250 15115 10626 9550 8917 1076 555 419 8716 6598 621 290 2118 1755 1486
is_linear=0
shrinkage=0.05


Tree=82
num_leaves=63
num_cat=0
split_feature=4 8 2 2 3 5 0 0 2 2 7 3 5 8 4 4 2 3 5 4 5 3 3 2 0 3 2 5 3 5 2 5 5 3 2 3 2 2 3 5 2 2 2 3 5 5 2 2 5 5 3 2 3 5 5 5 5 5 5 2 3 5
split_gain=78.9268 16.534 12.3157 10.8646 11.748 9.08211 8.84273 7.83319 10.4509 21.218 7.1248 6.88106 6.73437 10.3092 8.58898 6.94566 11.8261 6.60415 12.225 6.79559 6.70371 12.9264 7.08823 6.42911 6.34976 9.45164 5.77251 5.76299 6.39212 7.76716 13.6167 8.99161 13.0419 7.32272 10.0019 6.51948 6.88826 6.40196 8.21942 7.74954 6.05285 8.03134 5.93564 5.75836 5.72295 6.78207 5.52227 6.102 11.3428 13.3306 6.60089 7.6476 7.09018 8.34881 6.79809 7.19288 6.34547 5.90491 6.50524 5.50676 5.44038 5.39744
threshold=87.500000000000014 1.0000000180025095e-35 3676.7850000000003 1353.325 173.50000000000003 12.500000000000002 1.0000000180025095e-35 82.500000000000014 989.58500000000015 512.78500000000008 1.5000000000000002 666.50000000000011 7.5000000000000009 2.5000000000000004 14.500000000000002 1.5000000000000002 10241.440000000001 466.50000000000006 239.50000000000003 9.5000000000000018 145.50000000000003 298.50000000000006 458.50000000000006 15080.935000000001 71.500000000000014 116.50000000000001 1054.3550000000002 201.50000000000003 899.50000000000011 52.500000000000007 39261.270000000011 79.500000000000014 98.500000000000014 1101.5000000000002 50481.130000000012 865.50000000000011 68898.005000000019 177921.78000000003 1614.5000000000002 165.50000000000003 109266.49000000001 42534.970000000008 18417.425000000007 65.500000000000014 360.50000000000006 658.50000000000011 7871.4500000000016 136133.35500000001 805.00000000000011 1224.0000000000002 1614.5000000000002 177921.78000000003 1348.5000000000002 309.50000000000006 522.50000000000011 390.50000000000006 277.50000000000006 261.50000000000006 219.50000000000003 5177.7850000000008 648.50000000000011 150.50000000000003
decision_type=2 2 2 2 2 2 2 2 2 2 2 2 2 2 2 2 2 2 2 2 2 2 2 2 2 2 2 2 2 2 2 2 2 2 2 2 2 2 2 2 2 2 2 2 2 2 2 2 2 2 2 2 2 2 2 2 2 2 2 2 2 2
left_child=2 23 7 4 10 11 12 60 9 -9 24 43 13 14 15 -4 59 20 -19 44 22 -22 -8 -2 -3 -26 -6 28 35 30 42 -31 40 34 -34 -14 -37 39 -39 61 41 -33 -30 -5 -20 -46 -29 -48 50 -50 52 -52 53 57 55 56 -53 58 -49 -17 -1 -35
right_child=1 3 6 5 26 -7 17 8 -10 -11 -12 -13 27 -15 -16 16 -18 18 19 -21 21 -23 -24 -25 25 -27 -28 46 29 31 -32 32 33 37 -36 36 -38 38 -40 -41 -42 -43 -44 -45 45 -47 47 48 49 -51 51 54 -54 -55 -56 -57 -58 -59 -60 -61 -62 -63
leaf_value=-0.0020437046798196501 -0.029325412970656828 -0.012824337368740746 0.015945617888359648 0.0028315508426695942 0.076892391819954053 -0.03577017179891908 -2.6015718538528263e-06 0 -0.016057705802049134 0.23506269356587561 -0.016569132331825175 0.09987969153869497 0.0017061839555069349 0.0036541874197784825 -0.0052325924205543339 0.023858796846095161 0.0054046182361409158 0.0034612765269483679 -0.0095175923617654076 -0.028426848850356141 -0.0209662235843249 0.00011377709954377254 -0.015114369629866262 0.021194527490420917 -0.0014905775924535869 0.1956376463182673 -0.021035846807684149 0.022480941827420418 0.012619787680896753 -0.018719628081941862 0.033300945099732075 0.00021842775489735531 0.0034098395648292056 -0.0035499483474547657 -0.021849727721266712 0.02838169463824149 -0.00060343812367385553 0.02485034645892966 -0.0097478030627691278 -0.018138432739464971 -0.0071932989921203883 0.035355882539812644 -0.032479476741140871 -0.0076658581973170232 0.007814614531994675 -0.010161012660445026 0.0023103428105463804 0.033678145089164731 -0.035853958097991905 0.0062603877362290691 0.043463846235857348 0.0015290504933144406 -0.010654297424847019 -0.00024693448625553164 0.038282447293918082 -0.01662556006945529 0.037578348349263442 0.041990705254026248 0.00071840572061641743 0.081826698666533221 0.035410374101502273 0.017604028058491032
leaf_weight=4255.648023054935 134.12283414346166 276.60995021206327 35.229486174881458 262.77475471491925 5.3820702307857564 20.676296875812113 10898.788000381552 2.056328551843762 3.0064347893930972 1.6476109479553995 529.92843989445828 1.5487536673899729 7039.5506471600384 225.49375718552619 19.692906650714576 5.8002407047897604 11.412696983665226 2848.7161629665643 215.21380171179771 29.428348522633314 113.81181800737977 199.83614164218307 78.058759461157024 6.4225504186470053 183.65867624478415 0.50987147307023306 1.9250042568892238 42.526936486363411 13.013895953074099 95.979333441704512 37.405760433524847 26.294979251921177 57.798044592142105 142.28474952280521 119.43417029082775 47.009972158819437 35.690355807542801 46.23839370906353 26.944560155272484 75.588799715042114 22.847497254610062 43.788657054305077 16.078673934563994 258.77331153536215 155.91212098300457 78.843806602060795 1141.5053666085005 25.168998390436172 26.798949792981148 61.857829019427299 32.74681781232357 27.390020117163658 40.436401098966599 69.569609135389328 24.021456941962242 21.435945644974709 22.385382652282715 27.724549755454063 37.530410826206207 17.753161571919918 9.6039163954555971 38.123078539967537
leaf_count=165359 52352 54537 404 26408 497 526 117599 231 138 99 128530 125 45595 5411 400 150 156 15593 961 172 597 1000 508 211 40420 74 186 245 132 469 198 134 266 612 503 242 154 209 118 325 94 183 120 23798 689 336 4861 114 117 275 146 127 191 313 118 103 110 125 167 273 123 165
internal_value=-1.14974e-05 -0.0105371 0.000605541 -0.0090344 -0.0121343 -0.00333467 0.00103896 -0.00187073 0.0516836 0.106959 -0.0126062 -0.00203645 0.00220107 0.00939198 0.0237102 0.0318969 0.0477344 0.000259508 0.00221707 -0.00516507 -0.000317098 -0.00752372 -0.000110657 -0.0269678 -0.00803512 -0.000811819 0.0504831 0.00196135 0.00140501 -0.00294529 0.0133486 -0.00451247 -0.00222624 -0.0053936 -0.0135867 0.00187107 0.0158268 -0.000964392 0.0120478 -0.00470703 0.0149672 0.0222628 -0.01216 -0.00236777 -0.00362665 0.00175438 0.00469748 0.00420762 0.00938667 -0.00643955 0.013675 0.0225643 0.00796554 0.0127064 0.0152873 0.00741747 0.0178845 0.0227169 0.0140614 0.0679242 -0.00195737 0.000899804
internal_weight=30373.5 1682.33 28691.1 1541.79 998.014 543.773 24419.2 4271.96 6.71037 3.70394 990.707 523.097 9800.55 315.382 89.8885 70.1956 34.9661 14618.6 3328.11 479.398 11290.5 313.648 10976.8 140.545 460.778 184.169 7.30707 9485.17 7884.07 761.821 66.4983 695.322 599.343 506.412 177.232 7122.25 82.7003 329.18 73.183 255.997 92.9311 70.0836 29.0926 521.548 449.97 234.756 1601.1 1558.57 417.066 88.6568 328.41 127.98 200.43 159.994 95.2328 71.2113 49.7754 90.424 62.6994 23.5534 4265.25 180.408
internal_count=694394 327664 366730 275101 224244 50857 200780 165950 468 330 223561 50331 63325 6794 1383 983 579 137455 17751 2158 119704 1597 118107 52563 95031 40494 683 56531 49519 3528 450 3078 2609 2198 769 45991 396 1429 327 1102 411 317 252 50206 1986 1025 7012 6767 1906 392 1514 604 910 719 458 340 237 406 281 423 165482 777
is_linear=0
shrinkage=0.05


Tree=83
num_leaves=63
num_cat=0
split_feature=4 4 2 1 2 0 1 3 7 6 6 0 3 1 2 3 4 2 3 6 2 4 1 4 2 0 0 3 3 0 0 2 4 2 2 1 1 0 3 3 2 1 2 1 1 2 3 2 0 2 1 6 0 1 3 1 1 3 2 3 6 1
split_gain=72.0049 14.979 11.2471 9.90157 23.1152 12.0938 9.19674 11.545 9.21913 11.1438 9.05234 20.2354 8.73736 8.1818 12.8819 10.8419 10.5999 26.7718 7.90477 7.1601 6.89063 11.6817 6.87482 6.68668 6.63709 8.49844 9.93636 10.6678 13.2562 6.62737 6.49733 16.0535 16.8094 6.79336 10.1115 6.44372 6.3997 6.38588 6.27005 6.26149 6.17196 6.15848 6.15217 7.90255 13.4607 5.95981 5.95532 5.89071 5.93373 9.57817 6.80428 5.79403 5.74662 7.95739 7.43626 8.7183 7.61698 8.28016 7.83924 10.8684 8.89359 8.21951
threshold=87.500000000000014 1023.5000000000001 5177.7850000000008 6.5000000000000009 234.215 23.500000000000004 8.5000000000000018 47.500000000000007 3.5000000000000004 640.05000000000007 350.04500000000002 2.5000000000000004 2.5000000000000004 31.500000000000004 1353.325 206.50000000000003 677.50000000000011 2837.4300000000007 666.50000000000011 2824.0100000000007 9612.7750000000033 103.50000000000001 18.500000000000004 146.50000000000003 329.84000000000009 3.5000000000000004 2.5000000000000004 36.500000000000007 52.500000000000007 7.5000000000000009 16.500000000000004 311.41500000000002 2581.5000000000005 488.92000000000002 564.47500000000014 9.5000000000000018 13.500000000000002 82.500000000000014 49.500000000000007 93.500000000000014 65.910000000000011 7.5000000000000009 4407.0950000000003 74.500000000000014 60.500000000000007 19241.770000000004 432.50000000000006 210.34000000000003 1.0000000180025095e-35 14.120000000000003 1.5000000000000002 4390.2250000000013 1.0000000180025095e-35 30.500000000000004 466.50000000000006 179.50000000000003 74.500000000000014 449.50000000000006 42534.970000000008 171.50000000000003 22815.745000000006 89.500000000000014
decision_type=2 2 2 2 2 2 2 2 2 2 2 2 2 2 2 2 2 2 2 2 2 2 2 2 2 2 2 2 2 2 2 2 2 2 2 2 2 2 2 2 2 2 2 2 2 2 2 2 2 2 2 2 2 2 2 2 2 2 2 2 2 2
left_child=2 13 6 4 12 30 7 37 9 -8 11 -9 47 14 15 22 18 -18 -15 20 -16 -22 23 39 35 26 -26 41 -29 -24 33 32 -32 -6 -35 -25 -11 -1 -31 -2 -14 -28 46 44 -44 -23 -5 48 49 -3 -51 -10 -4 -54 56 -56 57 -55 60 -60 -58 -61
right_child=1 3 52 42 5 -7 8 10 51 36 -12 -13 40 16 19 -17 17 -19 -20 -21 21 45 29 24 25 -27 27 28 -30 38 31 -33 -34 34 -36 -37 -38 -39 -40 -41 -42 -43 43 -45 -46 -47 -48 -49 -50 50 -52 -53 53 54 55 -57 58 -59 59 61 -62 -63
leaf_value=0.0025431931916501944 -0.019902236031807623 -0.044622095000235097 0.0020240291687968377 -0.029970066681197428 0.0070284384207743612 -0.0022704131736671364 -0.018917928678996207 0.1492558977719014 -0.0016183480004362681 0.076479904350291616 0.0070857033420582199 0.020272776267838674 -0.035499389989353196 -0.017899612841071728 0.0030073702753926701 0.0787511701475124 -0.040485724275904078 0.38622932915693003 0.087572541796510139 -0.025695751340561054 0.12322551094926051 0.035766000909022502 -0.039093976220136446 -0.0071018324038852887 0.011123289195537943 -0.002643191894243474 0.14428429995188338 0.28259832110403282 0.007806687473772298 -0.028467032976482971 0.52094400113604089 0.031444097597380004 0.047476070650292475 0.19050644057943356 0.043927102732331386 -0.032152036229429352 -0.0093912819296779609 0.067860029708601347 0.0064254621061155051 0.065882545973797321 -0.014469365531244963 0.003797489851785134 0.0050127290528409326 -0.049971798472366165 0.17452632392573797 -0.036245734378343275 0.13533244891148155 0.17076837442486659 -0.011166990808702301 0.15603063864274269 0 -0.030163775481918811 0.0046109407936898222 0.00045620823524613826 0.0034073912990776377 -0.0029189030208936618 -0.0032550013394153721 0.032380604727996136 -0.025789936188724973 0.010375942743746081 -0.024547243483705912 -0.00019966414828647899
leaf_weight=543.79420849075541 111.67229412682354 1.7021242573391635 9371.9856841675937 166.25823362451047 9.5140490960329824 26.170483011985198 124.01226717093959 4.6074295211583403 5045.1256618970074 4.9046823335811478 13.730889028869568 9.0189824933186156 79.131245962111279 201.06036495277658 298.48175909486599 3.3647391521371892 0.93258765107020625 0.47281721327453852 1.6793899801559735 20.365040425211191 3.0313903326168683 10.202702965587376 36.455930502386764 157.64119792892598 25.944132349686697 173.15872737276368 0.92785578430630167 1.1017123798374084 0.76111976173706342 25.532804414397106 0.33775355573743526 1.7372414832934735 0.41217751754447818 1.3539727330207805 7.8384105931036174 30.846044572768733 3.6302479831501842 3.6753235990181556 25.445305509725586 2.0473282281309357 64.651711138430983 3.5970542877912521 11.045048640342431 5.0786206817720077 1.2210995857603837 3.8353303261101237 0.43900117091834445 0.35268984897993405 146.35223496612161 1.8391213093418628 1.0440240490715951 17.761017929762602 1042.0129617946222 5219.4399027796462 2625.3296935493127 686.20856390334666 2910.1933258650824 20.29623194411397 35.045762961730361 246.79183758608997 49.868774861097336 714.71356556005776
leaf_count=24664 15098 489 56546 58197 2824 8191 12873 144 159255 135 284 555 29212 19651 27904 172 256 97 67 444 83 438 6546 30477 4451 29605 151 208 140 4435 95 501 125 334 1239 6497 126 254 4229 206 23220 616 949 573 135 151 107 113 48798 380 260 132 12042 52554 14316 3168 24700 148 175 1163 214 3282
internal_value=-1.12981e-05 -0.0101197 0.000575163 -0.0170998 -0.0120402 0.0203051 -0.00139749 0.00460041 -0.00206214 -0.0150793 0.0362556 0.0650191 -0.0172542 -0.00688646 -0.00489655 -0.00929622 -0.0159633 0.115872 -0.0169585 0.00292782 0.00479853 0.0356281 -0.00981557 -0.00756772 -0.00446567 0.00172872 0.0252333 0.0807164 0.178989 -0.0227873 0.0482965 0.123738 0.302803 0.0373954 0.0678731 -0.0112427 0.0396906 0.00300313 -0.0109744 -0.0182574 -0.0260947 0.036183 -0.0264751 0.00158493 0.0235671 0.0156208 -0.0294239 -0.00880768 -0.00937318 0.0458306 0.100613 -0.00172007 0.00107197 0.000413089 6.29389e-05 0.00209491 -0.000668232 0.000581438 -0.0023244 0.00150765 -0.00361622 0.0025104
internal_weight=30357.2 1665.04 28692.1 526.479 342.437 47.3641 5770.26 574.827 5195.43 132.547 27.3573 13.6264 295.073 1138.56 934.412 598.496 204.145 1.4054 202.74 335.916 315.551 17.0694 595.132 507.697 393.978 205.491 32.3319 6.38774 1.86283 87.434 21.1936 2.48717 0.749931 18.7064 9.19238 188.487 8.53493 547.47 50.9781 113.72 143.783 4.52491 184.042 17.3448 12.2661 14.038 166.697 151.29 150.938 4.58527 2.88315 5062.89 22921.9 13549.9 12507.9 3311.54 9196.35 5239.74 3956.61 996.551 2960.06 961.505
internal_count=694394 327664 366730 175742 115781 13309 198422 25901 172521 13134 983 699 102472 151922 131851 102831 20071 353 19718 29020 28576 672 102659 87449 72145 35171 5566 1115 348 15210 5118 721 220 4397 1573 36974 261 24918 8664 15304 52432 767 59961 1657 1084 589 58304 50040 49927 1129 640 159387 168308 111762 99720 17484 82236 52702 29534 4620 24914 4445
is_linear=0
shrinkage=0.05


Tree=84
num_leaves=63
num_cat=0
split_feature=4 8 2 1 2 1 1 3 3 7 1 0 0 0 1 3 0 1 1 3 3 7 4 2 4 1 0 0 0 1 2 3 4 4 4 4 2 0 2 0 1 2 3 2 2 3 3 3 2 4 2 3 1 2 4 3 2 0 2 1 3 3
split_gain=65.705 15.3434 10.3007 10.148 9.40022 13.8112 11.7679 9.14868 8.64281 8.24394 8.03896 8.88474 10.0845 7.29461 7.20313 8.41518 7.97 11.7092 7.83378 8.18662 7.59871 7.06682 6.76317 6.41835 11.5077 7.1437 6.402 6.25962 6.08613 5.98127 9.65813 9.96258 6.8954 18.0044 7.70272 7.20191 8.22322 6.66721 5.92786 5.90278 8.31089 17.6001 6.81511 5.91196 8.79552 5.83554 10.0456 5.81691 10.0176 8.69471 5.76051 5.64936 6.6741 8.39373 10.1355 7.95318 9.94799 8.23306 8.07639 7.96633 7.67008 7.46467
threshold=87.500000000000014 1.0000000180025095e-35 3676.7850000000003 8.5000000000000018 1469.7450000000001 31.500000000000004 18.500000000000004 119.50000000000001 47.500000000000007 1.5000000000000002 6.5000000000000009 2.5000000000000004 32.500000000000007 1.0000000180025095e-35 33.500000000000007 466.50000000000006 11.500000000000002 32.500000000000007 158.50000000000003 1472.5000000000002 18.500000000000004 3.5000000000000004 210.50000000000003 2245.8300000000004 3.5000000000000004 13.500000000000002 33.500000000000007 82.500000000000014 55.500000000000007 10.500000000000002 5442.0850000000009 61.500000000000007 162.50000000000003 174.50000000000003 257.50000000000006 290.50000000000006 2155.9800000000005 10.500000000000002 15080.935000000001 31.500000000000004 6.5000000000000009 83.615000000000009 6.5000000000000009 500.21000000000009 632.56500000000017 32.500000000000007 17.500000000000004 1.5000000000000002 25.455000000000002 2581.5000000000005 93.095000000000013 258.50000000000006 44.500000000000007 2544.6300000000006 6.5000000000000009 50.500000000000007 217.92000000000004 23.500000000000004 1874.8050000000001 19.500000000000004 27.500000000000004 112.50000000000001
decision_type=2 2 2 2 2 2 2 2 2 2 2 2 2 2 2 2 2 2 2 2 2 2 2 2 2 2 2 2 2 2 2 2 2 2 2 2 2 2 2 2 2 2 2 2 2 2 2 2 2 2 2 2 2 2 2 2 2 2 2 2 2 2
left_child=2 38 3 8 6 26 7 9 27 -3 -10 -12 -13 -4 16 -16 -15 20 19 -17 -18 23 -9 45 -25 -26 29 -1 -7 30 31 32 -6 -34 -35 -36 -37 -38 -2 40 41 47 50 -44 -45 46 -5 48 -11 -50 -43 52 55 54 -54 59 -57 -58 -59 -23 -61 -55
right_child=1 4 13 21 5 28 -8 22 10 39 11 12 -14 14 15 18 17 -19 -20 -21 -22 51 -24 24 25 -27 -28 -29 -30 -31 -32 -33 33 34 35 36 37 -39 -40 -41 -42 42 43 44 -46 -47 -48 -49 49 -51 -52 -53 53 61 -56 56 57 58 -60 60 -62 -63
leaf_value=0.0026730326988238288 -0.028305729826298628 -0.004192263615233339 0.0019964762098749092 -0.034341823756202081 -0.010310315301156177 -0.015740536567926972 -0.02463049386275136 0.09951870029336829 0.0024038644717066029 -0.022991747874075638 0.10470031154944076 -0.0099289357236880191 0.1083904679534352 0.00093657177370814158 -0.00093319261693849259 0.0032403294829683529 -0.029036897872361408 0.038277626285597062 -0.0013085417661847 0.021651462606425073 0.007427827347674304 -0.0018871924876047979 0.00047666143868094961 0.064289660467779647 0.0566001682996378 -0.042924359119804176 -0.0071246578767492352 0.067119256296493165 0.0286117676373587 0.0053284880292087996 -0.036581358121778616 0.18454058711316068 0.24438471993969554 -0.030620363784564855 0.18661821496226061 -0.0078956182382483829 0.14805497462966655 0 0.01991173043093504 -0.01968033760826671 -0.016435059621253554 -0.044497349550653431 -0.0085256728232832868 0.12578483050155614 0.00033607239811410568 -0.035930359742147484 0.0038093565696023911 -0.031119930513094304 -0.014198060211305536 0.13314306846268698 0.048404774660744776 0.0090298951426013886 0.00997896860347465 -0.02615312890362689 -0.01431153629154611 0.088950227906857818 -0.00074361591643609855 -0.0019545375057935773 0.020878136566819618 -0.033607419513722314 -0.0081798107311605063 -0.0082279709387982798
leaf_weight=527.52676021493971 127.92544520646334 406.06035988195799 9813.0063769333065 27.781840146519244 5.0621726261451938 174.54271989967674 138.5883346577175 3.2243639742955557 12.537639085669072 7.6261803891975415 5.859127350151538 6.1272302786819619 2.4079262567684054 1207.1070526749827 9530.3534177672118 2094.5615748409182 14.547180931083856 30.483518484979868 1166.7957578459755 62.19322254229337 514.25223294552416 920.46241908613592 3.7951981022488326 6.7419981854036477 2.2213807990774495 7.6620830618776381 100.28348446101882 3.7028534379787734 7.9271259261295191 206.19326300919056 3.9567217542789868 1.1748786580283184 1.0852130069397379 2.9029054385609907 0.95390261616557825 3.6458582004997879 2.1628749500960116 1.0671296631917355 6.5168233434669665 229.16576934861951 128.71315443562344 1.6645109269302363 19.33249101112597 2.171183238271623 3.8429519347846508 34.427469260059297 44.71529575297609 31.932390242815018 1.5660410018172117 2.3541879367548972 23.220727916341275 107.1368064195849 106.4213119186461 84.286681548692286 71.845563564449549 3.0793629554100326 1481.8749000276439 66.368859236128628 91.610420556273311 31.995464164763689 421.89447657391429 191.29917797073722
leaf_count=24392 52352 84609 63325 2918 315 16957 27928 233 447 2248 118 263 132 15322 95143 11807 296 482 5549 311 8545 35149 344 215 130 763 7948 251 382 19345 200 87 67 285 90 470 201 147 211 59079 30227 506 5341 375 622 4038 4691 10170 385 575 5965 2199 2021 2595 4037 127 50565 4364 3735 1116 16265 5419
internal_value=-1.13918e-05 -0.00971796 0.000546186 -0.00172219 -0.00827467 -0.0027407 -0.0110876 -0.00890856 0.00455864 -0.00938099 0.0321585 0.057535 0.0237408 0.000941891 0.000233712 -0.000177341 0.00322759 0.00816234 0.00198854 0.00377454 0.00640994 -0.00267066 0.0474317 -0.0144303 0.0142345 -0.0197118 0.00337396 0.0031442 -0.0137717 0.00801053 0.0327706 0.0483622 0.0375585 0.058397 0.0370473 0.0628355 0.0425171 0.0994501 -0.0259183 -0.0140336 -0.00818691 0.00309419 0.0232785 0.00476804 0.0477591 -0.0189431 -0.010769 -0.0201103 0.00991423 0.0741509 0.0418374 -0.00226284 -0.00261308 -0.00826844 0.000158781 -0.00176051 0.000584657 0.000410259 0.0112591 -0.00456746 -0.00999027 -0.0137359
internal_weight=30341.9 1648.66 28693.3 4259.99 1514.22 510.958 1003.26 864.67 558.162 857.65 26.9319 14.3943 8.53516 24433.3 14620.3 12853.9 1766.39 559.283 3323.55 2156.75 528.799 3701.83 7.01956 123.55 16.6255 9.88346 328.488 531.23 182.47 228.205 22.0117 18.0549 16.8801 11.8179 10.7327 7.82977 6.87586 3.23 134.442 451.59 222.424 93.7107 50.2319 25.3466 6.01414 106.925 72.4971 43.4788 11.5464 3.92023 24.8852 3578.28 3471.14 453.853 178.267 3017.29 1642.93 1639.85 157.979 1374.35 453.89 275.586
internal_count=694394 327664 366730 165950 275101 46494 228607 200679 25603 200102 960 513 395 200780 137455 112810 24645 9323 17667 12118 8841 140347 577 12755 1108 893 29155 24643 17339 21207 1862 1662 1575 1260 1193 908 818 348 52563 115493 56414 26187 12809 6338 997 11647 7609 13378 3208 960 6471 127592 125393 14072 6058 111321 58791 58664 8099 52530 17381 8014
is_linear=0
shrinkage=0.05


Tree=85
num_leaves=63
num_cat=0
split_feature=6 8 8 5 3 2 2 6 3 2 5 2 2 3 6 2 3 5 3 6 3 3 4 4 5 3 2 4 5 5 5 6 3 7 5 2 3 2 2 3 2 2 4 3 3 8 3 5 3 6 4 2 5 5 4 2 2 4 6 7 2 4
split_gain=50.9703 17.2495 12.2721 12.9899 10.3939 7.53073 7.15602 6.90024 6.67457 6.3208 6.30384 6.3476 10.8807 9.67305 20.0242 9.62161 7.23433 9.30566 11.2306 7.71549 6.83044 5.80951 14.9571 6.90912 6.77154 8.46452 5.7728 5.56138 8.50312 5.8888 7.31269 5.48672 20.7037 5.37117 5.2972 5.38649 5.48509 5.28958 5.10094 11.4271 7.56654 6.45509 6.88428 6.68077 5.92595 11.5347 5.91472 9.84739 5.60703 6.31251 12.4226 6.03565 5.54541 12.874 9.88458 12.8323 17.8539 10.6562 5.4952 17.6161 15.6923 20.5598
threshold=124.93000000000002 1.0000000180025095e-35 4.5000000000000009 102.50000000000001 1614.5000000000002 431.82500000000005 2.5050000000000003 112.74500000000002 10.500000000000002 177921.78000000003 2981.0000000000005 1836.7900000000002 3676.7850000000003 38.500000000000007 3056.2250000000008 2962.1900000000005 57.500000000000007 65.500000000000014 99.500000000000014 771.02500000000009 153.50000000000003 115.50000000000001 390.50000000000006 501.50000000000006 2.5000000000000004 4.5000000000000009 103.58500000000001 74.500000000000014 46.500000000000007 21.500000000000004 19.500000000000004 128.89500000000001 99.500000000000014 1.5000000000000002 8.5000000000000018 1762.6700000000003 72.500000000000014 6018.7100000000009 3154.1800000000007 119.50000000000001 19241.770000000004 3846.1350000000007 351.50000000000006 115.50000000000001 60.500000000000007 4.5000000000000009 40.500000000000007 8.5000000000000018 215.50000000000003 43.030000000000008 58.500000000000007 787.61000000000013 4.5000000000000009 2.5000000000000004 62.500000000000007 1658.1350000000002 1169.1900000000003 19.500000000000004 27.910000000000004 3.5000000000000004 591.47000000000014 69.500000000000014
decision_type=2 2 2 2 2 2 2 2 2 2 2 2 2 2 2 2 2 2 2 2 2 2 2 2 2 2 2 2 2 2 2 2 2 2 2 2 2 2 2 2 2 2 2 2 2 2 2 2 2 2 2 2 2 2 2 2 2 2 2 2 2 2
left_child=1 7 3 4 9 6 -3 33 -7 27 11 34 15 14 -14 16 19 -18 -19 -13 -20 24 -23 -24 -8 -26 -27 -2 29 30 31 32 -29 -1 -4 -36 -37 -16 44 41 -41 42 -40 -43 46 48 -10 52 51 -50 -51 -46 53 58 55 56 -55 -58 59 -48 61 -61
right_child=2 5 10 -5 -6 8 21 -9 38 -11 -12 12 13 -15 37 -17 17 18 20 -21 -22 22 23 -25 25 26 -28 28 -30 -31 -32 -33 -34 -35 35 36 -38 -39 39 40 -42 43 -44 -45 45 -47 47 -49 49 50 -52 -53 -54 54 -56 -57 57 -59 -60 60 -62 -63
leaf_value=-0.013079732031938067 -0.00049431099693809596 0.0021498068479635425 -0.017821233310488179 -0.021135224233802059 0.057634924684694978 0.016096305449272492 -0.014372804317058667 0.16238276819335465 -0.0071478033744561331 -0.02100443905818444 -0.017326502638999205 0.059572046047522587 0.065979793069682366 0.0012453051331599585 0.026162844186204955 -0.013505327556832964 -0.010466501765992687 0.059101728597521601 -0.019263772164415448 0.0076109859649301538 0.017325785235458774 -0.0082708075849201763 0.28042710337506094 0.054688507290273775 0.067431642823815238 0.024244259883394289 -0.010133854880340102 -0.0064227440590727746 0.060676428537751639 -0.038609460017153097 0.069252345763221909 -0.0063278913323854052 0.25005040104969761 -0.036820713749682876 0.0080792033115646839 0.005929772098657536 0.063259150729501668 -0.0013695900387255093 0.038454798493706692 -0.020574036098432152 0.058658714169713702 0.0017877577849624003 -0.033860668991106291 0.092364933278230671 0.0026010604828683643 0.10115233853506032 -0.0028143566590797687 0.14145910728176411 -0.013791940326745035 0.0064226324416050322 0.16266550479313321 -0.018880055933984528 -0.049056612772860553 0.045075157933859314 -0.024718697925945311 -0.031153291763491062 0.093807979431897934 0.28445728152860145 -0.011574193984586478 0 0.034766282088519999 0.31496077073242601
leaf_weight=37.973308651009575 9411.5033887452446 98.232022128766403 18.305126145482063 79.202393554151058 7.497364103794097 39.694751267554238 624.10748551040888 0.37046897178515692 359.23666184744798 38.711825951933861 45.685812950134277 7.8977049216628066 17.079562336206436 17264.938430532813 24.419561356306076 233.36809894256294 174.57179130986333 10.416707083582876 21.344133660197258 71.865522757172585 31.269882339984179 4.7465851060114792 0.65482972911559023 0.85294540785253048 4.4528398727998129 15.348081029951571 57.651742115151137 3.5347909554839125 4.6782970223575822 13.642563132569192 3.1517230961471787 529.45375357335433 0.89810117566958059 68.38827649410814 291.26628917455673 8.0286721698939818 9.1417929623275977 59.391511380672455 30.181302289944142 49.996960585704073 3.0820441367104641 74.969267755979672 3.5412596357055 1.9982728098984797 38.485880260588601 2.096477258950471 72.796582023380324 1.1943597504869092 6.9206787806469929 4.2148442966863513 1.7744391779415307 202.67674790951423 4.8709682417102149 9.2831544727087039 4.1753944801166645 2.9549263566732398 1.9721474554389709 1.3926248298957942 64.3652139226906 0.92833957308903636 13.980990769341586 1.1318885916844008
leaf_count=17382 188491 28363 361 618 74 6429 138368 95 57071 278 193 162 152 98712 157 3086 2764 84 212 852 300 292 56 196 114 449 3046 435 83 303 74 33357 88 33163 3802 104 123 346 2533 4804 186 5834 618 188 5366 30 14640 50 695 209 146 26572 306 651 476 208 111 128 7406 97 1714 164
internal_value=-0.000108727 -0.00801334 0.000423281 -0.000976072 -0.000815906 -0.00685312 -0.0104512 -0.0275515 -0.00394105 -0.00086078 0.00119575 0.0012425 0.0011162 0.00133588 0.0167691 -0.00580053 -0.000116756 -0.00450662 0.0119113 0.0128866 0.00237912 -0.0122072 0.0352049 0.167181 -0.0126419 0.00124154 -0.00281424 -0.000781829 -0.00564434 -0.00622776 -0.00538881 -0.0058517 0.0488055 -0.0284119 0.00815022 0.00971306 0.0369318 0.00661441 -0.00477792 0.00323512 -0.0157777 0.0124034 0.0306353 0.00432105 -0.00643623 -0.0127019 -0.0034433 0.00396129 -0.0137005 0.0181238 0.0554448 -0.0154316 0.00293086 0.00445116 0.0423109 0.0606099 0.0825169 0.18009 -0.000428262 0.00759496 0.054868 0.181042
internal_weight=30292 1910.69 28381.3 10092.3 10013.1 1803.96 806.047 106.732 997.916 10005.6 18289 18243.3 17916.6 17365.8 100.891 550.734 317.366 237.603 63.0307 79.7632 52.614 707.815 6.25436 1.50778 701.56 77.4527 72.9998 9966.86 555.359 550.681 537.038 533.887 4.43289 106.362 326.742 308.437 17.1705 83.8111 958.221 163.769 53.079 110.69 33.7226 76.9675 794.452 256.169 538.283 179.047 254.073 12.91 5.98928 241.163 177.852 172.981 19.7782 15.6029 12.6479 3.36477 153.203 88.8378 16.0412 2.06023
internal_count=693367 358156 335211 223801 223183 307516 170884 50640 136632 223109 111410 111217 106827 99367 655 7460 4374 3360 596 1014 512 142521 544 252 141977 3609 3495 222831 34340 34257 33954 33880 523 50545 4390 4029 227 503 130203 14163 4990 9173 3151 6022 116040 33018 83022 25951 32988 1050 355 31938 25901 25595 1574 1098 890 239 24021 16615 1975 261
is_linear=0
shrinkage=0.05


Tree=86
num_leaves=63
num_cat=0
split_feature=6 8 8 5 3 1 5 1 2 2 3 1 5 2 3 3 1 6 2 3 3 5 1 1 5 5 6 5 2 3 6 1 1 5 1 5 5 3 5 3 3 5 5 3 1 2 2 1 5 5 5 6 2 2 3 3 1 2 3 6 1 3
split_gain=46.426 16.2595 11.0752 11.8978 9.04355 8.64381 16.5665 8.03597 24.9149 10.6191 9.73119 7.62795 12.8039 7.39121 12.6319 10.93 9.94943 7.97742 9.50893 7.28192 6.97812 6.43578 21.2246 8.31915 9.83288 10.6533 8.68339 7.96639 16.3373 10.6718 11.2912 11.7347 11.3216 9.22406 11.0102 8.52812 8.00813 18.4137 7.89282 7.8318 12.3264 8.10572 9.10682 7.61457 6.95625 6.72577 9.13914 6.42145 12.0083 8.97861 7.59769 8.46416 12.4506 9.26042 7.61942 6.79946 6.39034 6.36647 6.23975 7.76616 6.2543 13.7371
threshold=124.93000000000002 1.0000000180025095e-35 4.5000000000000009 102.50000000000001 1614.5000000000002 91.500000000000014 63.500000000000007 9.5000000000000018 431.82500000000005 465.78000000000003 254.50000000000003 135.50000000000003 79.500000000000014 11687.245000000001 189.50000000000003 248.50000000000003 100.50000000000001 41902.980000000003 109266.49000000001 115.50000000000001 97.500000000000014 309.50000000000006 172.50000000000003 167.50000000000003 1224.0000000000002 727.50000000000011 9472.2050000000017 334.50000000000006 50481.130000000012 2254.0000000000005 41902.980000000003 252.50000000000003 221.50000000000003 533.00000000000011 256.50000000000006 689.50000000000011 586.50000000000011 1250.5000000000002 409.50000000000006 537.50000000000011 587.50000000000011 353.50000000000006 445.50000000000006 751.50000000000011 210.50000000000003 50481.130000000012 109266.49000000001 79.500000000000014 77.500000000000014 353.50000000000006 35.500000000000007 1581.8900000000001 6503.3450000000003 4831.3050000000012 165.50000000000003 245.50000000000003 189.50000000000003 78811.665000000023 411.50000000000006 47875.92500000001 31.500000000000004 52.500000000000007
decision_type=2 2 2 2 2 2 2 2 2 2 2 2 2 2 2 2 2 2 2 2 2 2 2 2 2 2 2 2 2 2 2 2 2 2 2 2 2 2 2 2 2 2 2 2 2 2 2 2 2 2 2 2 2 2 2 2 2 2 2 2 2 2
left_child=1 -1 3 4 11 47 13 8 19 10 -9 58 -13 14 16 -16 -7 -15 -19 -3 -10 -8 23 24 25 26 -23 28 -24 33 35 32 -32 34 38 -31 -35 -38 44 -28 -41 -42 -43 -44 56 -40 -47 48 -4 50 54 55 53 -53 -49 -52 -29 -46 59 60 61 -2
right_child=2 7 5 -5 -6 6 21 9 20 -11 -12 12 -14 17 15 -17 -18 18 -20 -21 -22 22 27 -25 -26 -27 39 29 -30 30 31 -33 -34 36 -36 -37 37 -39 45 40 41 42 43 -45 57 46 -48 49 -50 -51 51 52 -54 -55 -56 -57 -58 -59 -60 -61 -62 -63
leaf_value=-0.026921811392149428 -0.0020188805985985382 -0.0074467052613783075 0.0024977848833962427 -0.020347113681226683 0.052741755452690935 0.053146486866284759 0.0021570744110853911 -0.020900642273782469 0.014196074641882925 -0.006995660963768845 0.12591406653295331 -0.018513557387843053 0.049515963266158557 -0.0015839792561468523 -0.035893767293753903 -0.0089191701489399668 -0.015216013161802664 -0.043875458544995805 -0.0075433396525938978 0.072947303135774064 0.09522336144592658 0.014739301383962629 -0.042212489528440644 -0.036476630898059859 0.020385018642355229 -0.032135444207043305 -0.025748738640544468 -0.0015898740169005146 0.0057522854254052425 -0.031198261720414011 -0.0033984577986909854 -0.0051826369316935461 0.03952672500463645 -0.021164801428663459 0.039195415267438402 0.00045991549555427142 0.036542225240054516 -0.0061292608912992784 0.037764586075817813 0.027319783009816995 -0.034516676028845679 0.010041503174185496 -0.032690342328630377 -0.0042772208151030102 0.0077860313997589886 -0.010406058838981005 0.027558960246372478 -0.021848213243603934 -0.0036873819819719408 0.035034787703793945 0.010124005530227589 0.008204551007748603 0.0073906449969779507 -0.035580238679466802 0.0012603908904508404 0.066552492163181473 0.034026014071443969 -0.02609137959968625 0.0051738966431943414 -0.020277983685099046 -0.0018960028303826645 0.0040243765739655527
leaf_weight=103.84341801609844 2064.0650653410703 622.30213509243913 5609.8038053810596 78.186913397163153 7.7847406081855288 13.200026545673611 5895.3409697115421 192.52182904398069 145.17361242137849 825.47384436381981 1.0278003797866393 102.5944419503212 7.2862006314098826 2643.8539010453969 45.313696753233671 224.07916674949229 8.6594618260860425 23.173202261328697 82.255839988589287 2.7192201784346244 2.6354017695412031 38.098055213689804 28.246870473027229 29.449076265096664 26.536741673946381 51.439753904938698 65.654745981097221 26.488415330648422 47.071854516863823 49.671166494488716 25.975307077169418 114.37537157535553 36.743236601352692 33.504425436258316 42.428793378174305 36.609666913747787 35.702853828668594 85.550329610705376 38.037376552820206 24.457807675004005 29.189872473478317 57.439365088939667 37.544950872659683 64.540177941322327 25.176697567105293 27.745412901043892 36.336359679698944 38.621716307476163 911.67919738218188 24.646052688360214 11.328998889774086 19.819590736180544 1085.5310005992651 30.073764339089394 450.97078576870263 10.503152303397654 23.466644912958145 30.221920266747475 435.92065964778885 51.570966668426991 5610.5057665996719 1726.4283479764126
leaf_count=50640 70117 138052 44679 618 74 162 27104 36126 21541 111350 67 1442 46 15296 551 2602 105 105 358 174 206 217 122 128 119 218 283 114 206 206 112 512 171 145 185 154 151 371 167 105 124 240 160 274 104 114 167 352 5027 107 140 196 5451 298 3650 121 100 137 4496 367 102583 44058
internal_value=-0.000103997 -0.00767967 0.000401868 -0.000928286 -0.000775848 0.00113527 0.0001561 -0.0065603 -0.00270581 -0.00947809 -0.0200306 -0.000818544 -0.0139161 -0.0029291 -0.0105062 -0.0134867 0.0258916 -0.00212423 -0.0156105 -0.00707733 0.015738 0.00148496 -0.00190392 -0.0108272 -0.00889301 -0.0110207 -0.00756877 0.00318407 -0.0122018 0.00492783 -0.00289021 0.00431387 0.0216923 0.0100281 0.0159672 -0.0177226 0.000401089 0.00641386 0.0111763 -0.010639 -0.00595202 -0.0103028 -0.00582194 -0.0147977 0.00151983 0.0210785 0.0110528 0.00234216 0.00163231 0.00510843 0.00465543 0.00686455 0.00626438 -0.0181056 -0.00055642 0.0376786 0.0150755 -0.0106189 -0.000672359 -0.00094255 -0.000835735 0.000732312
internal_weight=30276.6 1895.7 28380.9 10084.3 10006.2 18296.6 10103.6 1791.85 772.83 1019.02 193.55 9998.37 109.881 3040.54 291.252 269.393 21.8595 2749.28 105.429 625.021 147.809 7063.04 1167.7 424.351 394.901 368.365 316.925 743.353 75.3187 668.034 263.375 177.094 62.7185 404.659 249.902 86.2808 154.758 121.253 207.473 278.827 213.172 188.714 159.524 102.085 105.354 102.119 64.0818 8192.98 6521.48 1671.5 1646.85 1157.26 1135.42 49.8934 489.593 21.8322 49.9551 55.3986 9888.49 9452.57 9401 3790.49
internal_count=693367 358156 335211 223801 223183 111410 51389 307516 159973 147543 36193 223109 1488 19179 3420 3153 267 15759 463 138226 21747 32210 5106 1868 1740 1621 1403 3238 328 2910 1155 795 283 1755 1088 360 667 522 903 1186 903 798 674 434 455 448 281 60021 49706 10315 10208 6206 5945 494 4002 261 214 241 221621 217125 216758 114175
is_linear=0
shrinkage=0.05


Tree=87
num_leaves=63
num_cat=0
split_feature=4 2 1 8 0 2 1 8 1 3 1 3 4 1 1 1 2 1 3 1 0 2 2 3 1 2 1 3 3 4 2 4 3 0 3 3 1 2 4 1 1 3 3 2 1 1 3 2 2 3 2 1 3 3 2 1 3 3 1 3 3 4
split_gain=41.6662 15.3458 11.0339 10.584 9.45819 12.8581 9.18762 8.08949 7.7645 7.80211 12.4245 7.09089 11.9055 12.9552 7.58599 6.39907 7.49888 10.963 9.66395 9.37815 10.9843 8.43728 7.50506 6.88364 6.30052 8.00255 6.24867 6.35039 11.5817 17.5187 8.91313 6.08707 10.5925 5.88573 16.4295 17.7402 8.93162 14.2844 8.73661 5.88465 8.63391 6.28145 10.6982 6.72656 10.2369 14.4512 11.4328 8.79169 6.64379 15.613 5.73679 5.74785 5.69796 6.74986 11.6308 5.66443 8.03596 17.8838 5.55935 9.84009 25.6511 7.3539
threshold=75.500000000000014 525.78000000000009 9.5000000000000018 4.5000000000000009 289.50000000000006 302.16500000000008 135.50000000000003 1.0000000180025095e-35 93.500000000000014 574.50000000000011 57.500000000000007 94.500000000000014 390.50000000000006 41.500000000000007 9.5000000000000018 2.5000000000000004 1950.1700000000003 31.500000000000004 303.50000000000006 18.500000000000004 2.5000000000000004 78811.665000000023 7443.6900000000014 648.50000000000011 65.500000000000014 8818.9050000000007 90.500000000000014 215.50000000000003 230.50000000000003 166.50000000000003 5712.7400000000007 52.500000000000007 55.500000000000007 1.0000000180025095e-35 20.500000000000004 28.500000000000004 1.5000000000000002 28.775000000000002 494.50000000000006 327.50000000000006 294.50000000000006 562.50000000000011 601.50000000000011 13947.795000000002 195.50000000000003 152.50000000000003 684.50000000000011 15673.650000000001 10575.630000000001 865.50000000000011 15673.650000000001 187.50000000000003 189.50000000000003 202.50000000000003 1409.7150000000004 129.50000000000003 562.50000000000011 384.50000000000006 53.500000000000007 340.50000000000006 391.50000000000006 25.500000000000004
decision_type=2 2 2 2 2 2 2 2 2 2 2 2 2 2 2 2 2 2 2 2 2 2 2 2 2 2 2 2 2 2 2 2 2 2 2 2 2 2 2 2 2 2 2 2 2 2 2 2 2 2 2 2 2 2 2 2 2 2 2 2 2 2
left_child=3 4 -3 6 7 -6 15 -2 9 -5 -11 14 -13 -14 33 -1 19 18 21 20 31 -18 23 58 -12 -26 27 -4 29 -29 -30 -17 -33 34 36 38 37 -9 -36 40 41 -10 50 44 45 46 -44 -45 49 -48 -43 -52 -21 54 -54 -24 57 -57 59 -19 -61 -60
right_child=1 2 26 8 5 -7 -8 11 39 10 24 12 13 -15 -16 16 17 22 -20 52 -22 -23 55 -25 25 -27 -28 28 30 -31 -32 32 -34 -35 35 -37 -38 -39 -40 -41 -42 42 43 47 -46 -47 48 -49 -50 -51 51 -53 53 -55 -56 56 -58 -59 61 60 -62 -63
leaf_value=0.013475790815584516 -0.032844760525022006 0.0091230027440532581 -0.0060363476204973133 0.0019116473214509909 -0.001460030673941626 0.19962267625247118 -0.014425082360789676 -0.021830090477418476 -0.0011286876164735811 -0.018504804898549401 0.038844954580378899 -0.016376264195384318 0.17546780058749353 -0.040379528277739836 -0.024458877587001868 0.0039143733480062146 0.0025975938657474447 -0.0027926281824500023 0.035915777958818292 -0.0093282624944522989 -0.0052086552225744376 -0.045583798125919492 -0.00029205999292718893 0.039564145629937958 0.041703379818556707 0.0085925492546716619 -0.036078989984022612 0.013913261370091754 -0.03348674736906971 0.17313002557719748 0.019842219991453511 0.020128065603121262 0.15730666998801443 -0.012233323531067028 0.095133443816666385 -0.0012512820065651593 -0.018813530657201167 0.16838423321254195 0.39693997546942489 0.02419484707252615 -0.017109049031586117 -0.0099507251310329298 -0.025495768298740246 0.019719011988800585 0.027714157116039334 -0.03913047554649049 -0.0091728777814647951 0.0008007778760556368 -0.0060046406567949365 0.060456201083959209 0.012068733948586615 -0.012357388976863611 0.15351999215800788 0.0022713227309058841 -0.0053522232716860241 -0.010124508727869533 -0.016744290306747161 0.077610550550055626 -0.0049856815254252351 0.10639195502377899 -0.022108482197024625 -0.017984620999363373
leaf_weight=78.186725440900773 61.313618476386182 145.522430568235 866.49855949147604 8206.465915825218 117.12198423990048 0.70041159342508663 124.47276708576828 2.0151774480473317 4667.1429938599467 32.633635737001896 23.587580800056458 4.5588049669750026 2.1109214115422223 0.91811230708844949 138.006980788894 458.36211659759283 2238.9520396781154 1312.9826927529648 21.641171291470528 650.5558708619792 648.8074915157631 9.0130785107612592 3920.6092184511945 8.9375781081616861 20.078346021473408 204.43390686064959 16.551467656390741 5.2145371050573877 11.927710541989653 2.5595320875290781 22.343901699408889 9.7918651634827238 1.5818199454806734 384.46387099544518 0.58764661150053077 1.1247502020560203 14.549409586936234 1.7289669110905377 0.57097660866566002 25.233901619911194 72.534623727202415 36.979549802839756 38.946407800540328 62.214730024337769 16.656479973345995 39.902171432971954 16.154177181422714 4386.1943276040256 36.775013290345669 15.700653575360773 382.69951514340937 25.421635493636131 2.0916254161857095 18.281990245450288 2.2924236766993999 10.709608387202026 9.8819299396127445 12.31386158429086 450.97564542945474 7.1060596900060764 8.2568146837875229 144.19637882616371
leaf_count=3435 31444 19948 105189 60356 38489 153 1576 514 25906 180 129 506 311 250 34301 13126 46192 38001 258 35440 42570 93 41602 156 167 967 1400 236 1022 169 739 958 119 99971 95 234 3735 284 149 110 319 290 311 381 107 307 144 19631 247 109 1770 113 95 672 109 141 79 121 11742 158 194 5847
internal_value=-9.93826e-05 -0.00747594 -0.00365772 0.000367114 -0.0130694 -5.39964e-05 -0.000927666 -0.0155667 0.00108515 0.00219286 0.0103919 -0.0136281 0.03389 0.109246 -0.0143074 -0.000759446 -0.000871973 -0.000227834 0.00272352 -0.00380093 -0.000989304 0.00240017 -0.00136674 -0.00392046 0.0142188 0.0115932 -0.00567437 -0.00511106 0.0138082 0.0685017 0.00109299 0.00482777 0.040847 -0.010831 0.0150608 0.138553 -0.000750939 0.0668015 0.267559 0.000127508 6.47638e-05 0.000193547 0.00141468 0.000699063 -0.00923495 -0.0134579 -0.00386148 0.00106693 0.00836214 0.0250713 0.0088175 0.0105323 -0.00846413 0.0160504 0.0710638 -0.000117163 0.0205077 0.0367161 -0.00412716 -0.00232229 0.0373094 -0.00814591
internal_weight=30260.1 1800.39 1070.62 28459.8 729.772 117.822 10150 611.949 18309.8 8487.2 280.733 550.636 7.58784 3.02903 543.048 10025.5 9947.34 8155.58 2269.61 1791.77 1118.54 2247.97 5885.97 1932.46 248.1 224.512 925.096 908.544 42.0457 7.77407 34.2716 469.736 11.3737 405.041 20.5769 2.28337 18.2936 3.74414 1.15862 9822.56 9797.32 9724.79 5057.64 4612.54 164.135 147.478 107.576 4448.41 68.6298 31.8548 445.101 408.121 673.222 22.666 4.38405 3953.51 32.9054 23.0235 1923.52 1328.35 15.3629 595.172
internal_count=693367 339139 128703 354228 210436 38642 242684 171794 111544 61799 1443 140350 1067 561 139283 241108 237673 144584 46543 93089 56773 46285 98041 56098 1263 1134 108755 107355 2166 405 1761 14203 1077 104982 5011 478 4533 798 244 49745 49635 49316 23410 21237 1225 1118 811 20012 500 253 2173 1883 36316 876 204 41943 341 262 55942 38353 352 17589
is_linear=0
shrinkage=0.05


Tree=88
num_leaves=63
num_cat=0
split_feature=6 8 4 3 1 1 6 3 1 3 6 2 1 2 2 3 3 4 2 5 5 6 2 8 6 6 2 4 5 6 6 1 4 3 4 4 4 4 6 6 6 4 4 1 2 2 2 3 1 5 2 3 1 3 3 4 6 1 2 4 1 6
split_gain=38.9047 14.6789 9.46504 12.5444 17.81 13.5546 8.26444 8.31974 10.6525 9.12047 8.419 8.77159 7.08812 21.364 9.49154 7.87901 7.03128 10.3148 9.3192 6.92292 6.91523 12.7629 13.2912 8.26311 6.59906 8.84164 8.64552 7.39847 6.49275 10.4305 9.77468 15.8362 6.98379 6.48958 6.33737 6.16991 6.13776 9.03946 15.3309 12.6521 6.00194 5.94587 7.38583 7.30797 6.80998 19.4167 7.14776 5.72796 5.65819 7.31335 8.28 5.65067 5.76293 9.28443 15.5931 16.5468 14.0102 14.8658 16.711 5.76919 6.11376 5.86229
threshold=124.93000000000002 1.0000000180025095e-35 15.500000000000002 242.50000000000003 61.500000000000007 159.50000000000003 36582.685000000005 53.500000000000007 23.500000000000004 76.500000000000014 1999.4650000000001 13423.850000000002 9.5000000000000018 431.82500000000005 465.78000000000003 254.50000000000003 4.5000000000000009 37.500000000000007 551.68500000000006 7.5000000000000009 18.500000000000004 2094.9300000000003 9337.0800000000017 4.5000000000000009 150.03500000000003 227.02000000000001 4210.3950000000013 176.50000000000003 3.5000000000000004 131.29000000000005 139.26500000000001 15.500000000000002 42.500000000000007 60.500000000000007 146.50000000000003 150.50000000000003 20.500000000000004 25.500000000000004 274.94500000000005 185.87500000000003 112.74500000000002 192.50000000000003 152.50000000000003 11.500000000000002 377.98500000000007 339.09500000000008 169.95500000000001 64.500000000000014 126.50000000000001 16.500000000000004 9612.7750000000033 115.50000000000001 4.5000000000000009 28.500000000000004 37.500000000000007 573.50000000000011 12.835000000000003 2.5000000000000004 169.95500000000001 1.5000000000000002 3.5000000000000004 119.84000000000002
decision_type=2 2 2 2 2 2 2 2 2 2 2 2 2 2 2 2 2 2 2 2 2 2 2 2 2 2 2 2 2 2 2 2 2 2 2 2 2 2 2 2 2 2 2 2 2 2 2 2 2 2 2 2 2 2 2 2 2 2 2 2 2 2
left_child=1 40 -2 4 6 20 7 16 10 33 11 19 13 51 15 41 17 18 -4 36 21 23 -23 48 26 34 27 28 -18 -30 31 -31 -32 -10 -26 -19 -9 38 39 -38 -1 42 -14 -44 45 46 -45 -15 49 -5 -51 52 53 59 55 56 57 -55 -59 60 -3 -61
right_child=2 12 3 5 -6 -7 -8 8 9 -11 -12 -13 14 47 -16 -17 24 35 -20 -21 -22 22 -24 -25 25 -27 -28 -29 29 30 32 -33 -34 -35 -36 -37 37 -39 -40 -41 -42 -43 43 44 -46 -47 -48 -49 -50 50 -52 -53 -54 54 -56 -57 -58 58 -60 61 -62 -63
leaf_value=-0.026721258963108681 0.00078089322461264278 0.030103094535516697 0.016785186692702334 0.0034917642265920208 -0.01150628166985407 -0.023858403591562303 -0.028710703290425826 -0.019298769497288447 0.0026245392821175268 0.00054545218087592479 -0.0048405068873056825 0.09251662823588494 -0.015984410222072865 0.012287833181004043 -0.0064581290241240864 0.10388544612921341 -0.0035892248124644033 -0.026598444020025976 0.14868442432776124 0.028837959080677808 0.0016694225088600793 0.072734108207943501 0.017528268992756373 -0.051827039304941626 -0.023603916364344186 -0.0048003498504494493 0.12203190360968706 0.13910831386269992 -0.046197033434583035 0.019276842215806996 0.09265405582373637 0.26519588134267996 -0.045295040644786393 -0.011958448372244648 0.019276965287857644 0.086887029145781863 0.030147815784447404 0.0069037819163043556 0.020040404538309381 0.21917105202940901 0.142809791443475 -0.029944599579499964 -0.031108417166117092 0.17937896665782441 -0.0043098239220262955 0.28924344393197543 -0.0055320439170469778 0.059546722145011083 -0.034268339595842016 0.0047655416985679031 0.092163131975915136 0.060262872783933046 -0.012824632485578212 0.058700491128422495 -0.012156499150142806 -0.042406226730463153 0.024985888847743686 0.49082654884171939 0.10085952578621778 -0.0064345946561782308 -0.02661190530851807 0.12420769173171918
leaf_weight=98.698154979851097 23501.902259596158 21.583763061091307 2.8586289309896511 150.90901512699202 522.4371884081047 43.42488432303071 27.759372066706419 18.756594484206289 103.83067478053272 1592.9927656999789 88.970130749046803 3.3389412034302941 94.806378561537713 144.00413394533098 815.49706824379973 1.1856545624323178 38.466573372948915 6.5123374429531395 2.6456578085198998 48.663352233823389 632.72117780242115 12.023626551032065 117.90170165337622 6.7236975729465476 100.15323556307703 842.80600918130949 1.6346711460500944 0.95596520393155415 2.1731294789351505 1.3299723416566851 1.6439484665170314 1.3247891273349521 1.7984332414343951 281.89827870787121 9.2226652347017062 1.3562231222167609 1.7537470483221143 168.86412670952268 14.497771971859036 1.936475741676986 0.41811294155195255 81.913542071124539 3.030911529902367 0.55324375908821899 2.2925334703177214 0.93084595957770933 2.3594596965704113 6.6913264351896933 8.8925978019833547 6.0255464641377312 5.0426825098693371 3.0360600273124865 245.2088179201819 0.81753378221765061 5.383093993877992 1.1840479744132606 1.2133013042621312 0.73162900656461693 0.56178692262619734 330.84812219790183 5.9110538326203814 0.75756197841837902
leaf_count=50545 199258 558 213 4311 9743 548 215 723 3690 39308 1208 74 10023 21147 111350 67 4064 566 104 1440 5264 154 1162 128 8846 32939 93 182 185 101 116 103 161 9342 1182 187 117 8379 465 110 95 24384 570 105 410 170 464 600 297 151 82 174 49410 136 937 329 98 124 100 86136 157 67
internal_value=-9.52606e-05 -0.00708136 0.000364879 -0.00163994 -0.00291606 0.00340204 -0.00158183 -0.00135404 0.000292425 -0.00112215 0.00837636 0.012957 -0.00602853 -0.00240432 -0.00879904 -0.018968 -0.00513132 0.0306948 0.0825971 0.0118575 0.00466878 0.0108212 0.0227276 0.00207454 -0.00561771 -0.00654523 0.0121623 0.00804442 0.00496558 0.0449204 0.0784245 0.148983 0.0199285 -0.00802037 -0.0199282 -0.00556575 0.00780613 0.0105596 0.0440053 0.133824 -0.0258125 -0.019834 -0.0117993 0.0306495 0.0619662 0.101872 0.0327189 0.0144575 0.00425387 0.00641944 0.0455003 -0.00653084 -0.0068789 -0.00291179 0.0445884 0.112223 0.168389 0.243693 0.344429 -0.00424615 0.0176766 -0.00608371
internal_weight=30245.8 1869.62 28376.1 4874.25 3890.58 983.665 3368.14 3340.39 2325.5 1978.72 346.781 257.811 1770.5 767.932 1002.57 187.073 1014.88 13.3728 5.50429 254.472 940.24 307.519 129.925 177.594 1001.51 952.182 49.3275 47.6928 46.7368 8.27027 6.09714 2.65476 3.44238 385.729 109.376 7.86856 205.809 187.052 18.188 3.69022 99.1163 185.887 103.973 9.16699 6.13608 3.84355 2.9127 150.695 170.87 161.977 11.0682 617.237 614.201 368.992 9.89139 4.5083 3.32425 2.11095 1.29342 359.101 27.4948 331.606
internal_count=693367 358156 335211 135953 123856 12097 114113 113898 64856 52340 12516 11308 307516 159973 147543 36193 49042 1070 317 11234 11549 6285 1316 4969 47972 42967 5005 4912 4730 666 481 204 277 13032 10028 753 9794 9071 692 227 50640 36126 11742 1719 1149 739 569 21747 4841 4544 233 138226 138052 88642 1724 787 458 360 224 86918 715 86203
is_linear=0
shrinkage=0.05


Tree=89
num_leaves=63
num_cat=0
split_feature=6 8 4 3 3 3 3 5 6 8 3 2 4 2 5 6 6 2 3 2 3 5 2 6 3 2 3 2 3 2 3 4 7 4 3 3 2 3 2 4 4 4 3 8 2 4 6 6 6 6 6 3 4 4 6 4 5 3 3 4 2 3
split_gain=35.3928 13.7823 8.56315 11.3283 10.0419 10.954 10.3577 7.91797 9.61335 7.04277 6.59148 10.2949 17.2417 6.55317 10.6494 6.20471 6.19035 5.92231 9.66188 6.66218 6.0113 5.62167 6.08211 5.73585 5.57899 5.70363 5.52876 10.5075 10.3143 7.28681 6.99766 13.83 6.64477 10.4617 6.6018 6.44658 6.00599 8.60984 5.70805 16.0673 6.93002 7.19777 6.69326 5.45431 5.35473 9.34678 18.1137 9.03516 32.0256 10.1234 14.9359 6.72079 9.21817 8.40665 5.34301 11.9145 5.25245 5.19476 6.21748 8.42451 6.62371 6.00358
threshold=124.93000000000002 1.0000000180025095e-35 15.500000000000002 242.50000000000003 515.50000000000011 537.50000000000011 449.50000000000006 19.500000000000004 2493.0450000000005 4.5000000000000009 372.50000000000006 19241.770000000004 34.500000000000007 46167.575000000004 22.500000000000004 6669.4150000000009 36582.685000000005 3154.1800000000007 119.50000000000001 19241.770000000004 215.50000000000003 39.500000000000007 50481.130000000012 1351.7300000000002 195.50000000000003 109266.49000000001 75.500000000000014 632.56500000000017 83.500000000000014 465.78000000000003 87.500000000000014 85.500000000000014 1.5000000000000002 192.50000000000003 13.500000000000002 10.500000000000002 2155.9800000000005 7.5000000000000009 564.47500000000014 12.500000000000002 390.50000000000006 600.50000000000011 111.50000000000001 1.5000000000000002 3758.8400000000006 195.50000000000003 4.8900000000000015 37.020000000000003 48.405000000000008 79.995000000000019 95.865000000000009 59.500000000000007 251.50000000000003 351.50000000000006 99.930000000000021 83.500000000000014 2981.0000000000005 53.500000000000007 4.5000000000000009 37.500000000000007 551.68500000000006 60.500000000000007
decision_type=2 2 2 2 2 2 2 2 2 2 2 2 2 2 2 2 2 2 2 2 2 2 2 2 2 2 2 2 2 2 2 2 2 2 2 2 2 2 2 2 2 2 2 2 2 2 2 2 2 2 2 2 2 2 2 2 2 2 2 2 2 2
left_child=1 -1 56 16 6 -6 7 8 9 10 11 -5 -13 14 -7 -10 24 20 44 54 26 22 23 -8 25 57 29 28 -28 34 31 -30 33 -29 -3 36 -31 -38 40 -40 -32 42 -42 -36 45 46 -19 -48 -49 -50 -51 -47 -53 -54 -20 -56 -2 58 59 60 -4 -59
right_child=2 17 3 4 5 13 21 -9 15 -11 -12 12 -14 -15 -16 -17 -18 18 19 -21 -22 -23 -24 -25 -26 -27 27 32 30 35 38 -33 -34 -35 43 -37 37 -39 39 -41 41 -43 -44 -45 -46 51 47 48 49 50 -52 52 53 -55 55 -57 -58 61 -60 -61 -62 -63
leaf_value=-0.025174861067342402 0.00077462727180985832 -0.005394594846787653 0.015719219599941641 0.0044676488608341178 -0.04000159108909096 0.013286336323219973 -0.0182063677001792 -0.00051598239486287526 0.029448035580493515 -0.044996640745518769 -0.018861897657545892 0.095140639996634135 -0.0047568171898225769 0.0081271717172325241 -0.019769578556874071 0.00098422176063793824 -0.022485654163090799 0.17960082269650837 -0.026866911276576002 0.053286968144880147 0.023157901340728142 0.039230665212762618 -0.026298293256053103 0.029791511431324344 -0.0084406197344630059 -0.055582332547230745 -0.048559716484475907 0.072583156308056312 0.22625396830168676 0.013025624843303643 -0.013571111156003774 -0.0051136901848352406 -0.027582171926731559 -0.012068279244549538 -0.029968003871669358 -0.0031837185891771661 -0.001314980705545202 0.18459473957590852 0.24374412176737659 0 0.0082435899189902979 -0.011619089346542428 0.20804241811294438 -0.011879848481494842 0.0046247503252403125 -0.041236507539645861 -0.035248573956739797 0.24321548499091353 -0.030468199802738419 0.16312793448667737 0.0051555934860403997 -0.045803135453694716 0.15289257244334875 -0.0072184627316645407 -0.011463709661025572 0.14193861908059377 -0.016257117187061725 0.008209997988292762 -0.0053618281660601109 -0.0052945368163485659 0.12337036696176636 -0.001324867514421243
leaf_weight=96.587667815270834 23464.980240269098 472.05206801602617 2.9053931278176588 128.04405046999454 21.437893277965486 34.163117208983749 7.5574870249256483 403.28480515349656 78.381794083863497 7.1321209464222184 23.906196417286992 8.6117964703589696 8.3692419379949552 84.558051975443959 83.250913033261895 25.819619137793779 39.411080628633499 2.2867678501643303 40.279040019260719 3.2415793749969444 16.511460491688922 32.133186077699065 8.3716537915170175 31.244187522679567 367.04415494948626 4.8574365563690654 4.9946292291861054 3.9617945984937242 1.1628249855712085 32.970148978289217 10.826454021967949 1.2295324855949727 102.56132597126998 35.454268424073234 49.893551113782451 585.05886928993277 1.1130128335207694 1.1738988985307512 0.91542880143970196 2.0002855013590306 0.75471031665801946 1.4552249037660656 1.0595948395784942 270.28577434411272 81.963407158851624 6.2974598405417037 3.7912946930155185 1.771180068142711 5.3366633187979442 2.2380614243447781 4.3685611286200583 2.0126490546390414 1.8663920573890211 1.2931344027165321 6.4766611987724891 1.4579473678022621 45.229233860969543 177.78156492556445 996.20270587294362 7.8234104374423623 3.0380361648276448 2282.3426295882091
leaf_count=50640 199067 112101 213 3642 222 634 227 3472 762 136 669 138 173 511 713 193 285 176 4268 186 1170 220 66 319 6388 54 784 551 97 5336 1026 260 11865 6421 18935 89884 108 103 42 285 139 437 117 43487 6481 671 321 142 433 171 321 213 203 246 400 136 191 6634 47970 753 104 61455
internal_value=-9.11979e-05 -0.00677911 0.000346224 -0.00156224 0.00322026 -0.00608966 0.00595376 0.00395867 0.0104132 0.00325174 0.00534374 0.00937854 0.045873 -0.0024474 -0.0101059 0.0224508 -0.00277882 -0.00576541 0.00323994 -0.014665 -0.00669822 0.02306 0.0118795 0.0202916 -0.00257478 -0.00195354 -0.00701505 -0.015653 0.0144918 -0.00599306 0.0311435 0.109904 -0.0208751 -0.0032711 -0.0091722 -0.00192397 0.0187889 0.0957555 0.0191976 0.0817611 0.00541959 0.0683242 0.132315 -0.0147226 0.0114267 0.0290291 0.0497875 0.0316222 0.0505916 0.0198281 0.0610503 -0.00648114 0.0348669 0.0876172 -0.019438 0.0175167 0.00074158 -0.00187543 -0.00489528 0.0283001 0.0727043 -0.00063349
internal_weight=30234.6 1856.7 28377.9 4867.67 986.266 223.41 762.856 683.55 280.265 176.063 168.931 145.025 16.981 201.972 117.414 104.201 3881.41 1760.12 164.681 51.4552 1595.43 79.3065 47.1733 38.8017 3842 3474.95 1578.92 166.376 24.3987 1412.55 19.4041 2.39236 141.977 39.4161 792.231 620.316 35.2571 2.28691 17.0117 2.91571 14.096 3.26953 1.81431 320.179 113.226 31.2622 19.7925 17.5058 13.7145 11.9433 6.60662 11.4696 5.17218 3.15953 48.2136 7.93461 23510.2 3470.09 1009.97 13.7668 5.94343 2460.12
internal_count=693367 358156 335211 135953 12097 2080 10017 9185 5713 4758 4622 3953 311 1858 1347 955 123856 307516 14368 4990 293148 832 612 546 123571 117183 291978 22024 3187 269954 2403 357 18837 6972 174523 95431 5547 211 2046 327 1719 693 256 62422 9378 2897 1564 1388 1067 925 492 1333 662 449 4804 536 199258 117129 49040 1070 317 68089
is_linear=0
shrinkage=0.05


Tree=90
num_leaves=63
num_cat=0
split_feature=7 7 0 3 4 1 2 3 1 2 3 3 0 0 1 0 0 2 2 0 8 4 3 4 4 3 0 3 2 1 3 3 3 1 2 3 1 3 0 3 4 0 3 4 0 1 1 4 2 1 3 2 3 4 3 2 2 3 2 4 2 4
split_gain=49.7379 12.5865 17.5013 13.2054 7.92765 7.73665 8.94981 7.1106 17.9767 9.04644 7.3874 8.49944 9.33876 8.74433 8.57247 8.2556 9.19886 7.75139 9.10017 7.53203 6.67251 6.574 6.12268 7.95595 14.3632 10.2222 9.05063 6.11523 7.65241 7.84662 8.83536 5.807 18.2695 6.87563 12.5486 11.4262 7.50722 16.0498 20.0662 7.49139 8.31042 11.2403 14.02 17.8808 17.0808 11.9957 8.50473 7.24543 25.5069 22.8186 7.0353 5.66839 5.54777 5.52423 10.5833 5.69138 5.4685 8.82938 7.87841 14.1676 5.42687 8.71294
threshold=3.5000000000000004 1.5000000000000002 4.5000000000000009 28.500000000000004 1.0000000180025095e-35 9.5000000000000018 12085.960000000001 50.500000000000007 30.500000000000004 6681.2600000000011 113.50000000000001 61.500000000000007 60.500000000000007 5.5000000000000009 12.500000000000002 23.500000000000004 50.500000000000007 6179.2600000000011 10241.440000000001 82.500000000000014 1.0000000180025095e-35 105.50000000000001 44.500000000000007 13.500000000000002 20.500000000000004 116.50000000000001 3.5000000000000004 76.500000000000014 1910.9350000000002 13.500000000000002 68.500000000000014 233.50000000000003 215.50000000000003 20.500000000000004 706.83500000000015 75.500000000000014 4.5000000000000009 25.500000000000004 1.0000000180025095e-35 49.500000000000007 213.50000000000003 1.5000000000000002 52.500000000000007 304.50000000000006 26.500000000000004 17.500000000000004 13.500000000000002 677.50000000000011 2837.4300000000007 52.500000000000007 68.500000000000014 339.09500000000008 121.50000000000001 195.50000000000003 87.500000000000014 454.88500000000005 1529.075 52.500000000000007 1800.075 105.50000000000001 2492.2050000000004 4.5000000000000009
decision_type=2 2 2 2 2 2 2 2 2 2 2 2 2 2 2 2 2 2 2 2 2 2 2 2 2 2 2 2 2 2 2 2 2 2 2 2 2 2 2 2 2 2 2 2 2 2 2 2 2 2 2 2 2 2 2 2 2 2 2 2 2 2
left_child=1 31 3 -3 -2 6 22 -7 10 21 11 12 13 -9 -14 -15 -17 60 -19 -16 -4 -10 -6 -24 -25 26 -26 28 51 30 -30 32 33 34 36 -35 37 -1 -39 -36 -41 45 43 44 -43 46 -42 53 -49 -50 -47 -13 -20 54 -37 -55 -5 58 59 -58 -12 -62
right_child=4 2 20 56 5 7 -8 8 9 -11 17 27 14 15 19 16 -18 18 52 -21 -22 -23 23 24 25 -27 -28 -29 29 -31 -32 -33 -34 35 39 47 -38 38 -40 40 41 42 -44 -45 -46 50 -48 48 49 -51 -52 -53 -54 55 -56 -57 57 -59 -60 -61 61 -63
leaf_value=-0.0034281264185129128 0.0018765385351544384 0.0021964094486397901 -0.037482759437745441 -0.038982716591242604 0.0051845415157315911 -0.0031714191569806416 -0.040976159517301963 0.014603102661076296 -0.0026711528917837432 0.00010788127225385078 0.0071486745386104902 0.065808080290505985 -0.044978005297073992 -0.0054824297008049293 0.12103817365507093 0.020920335334982866 -0.042277141297131116 -0.010180089980370554 0.04143804908013804 0.015480881445119474 -0.017688623206231137 -0.019819507638497297 -0.00041753436815544429 0.13664196948837568 0.13994071548834705 -0.048720700317783722 0.02938167011229529 0.0040548271376659485 0 -0.0011300743337975317 0.098550921279380449 -0.049607067895057984 0.12175434460261103 -0.028743709323176009 0.0034494019241916511 0.12759192423299073 -0.013832479492743941 0.26049176298549576 0.035272574825410567 -0.0089222860501579713 0.14971848688483619 0.057446224159812466 0.015323355280597736 0.00536465871666873 0.38795796015647721 0.31870385890043762 -0.042865179538321752 -0.044859402059772416 0.38061406656508551 -0.032508417181111221 0.07864526252952779 -0.016130946842120769 0.0078431135219757201 0.1127040204245829 0 -0.012595564524867587 -0.0036172372033945175 -0.033447012834003344 0.0042176794788665282 0.24765538474632356 0.0023473416128834039 0.030928273890400509
leaf_weight=162.32507283997256 7495.5824751760811 208.91006373462733 48.254175511654466 31.177741814753972 446.08744713454507 1793.1144727028441 9.7693413943052274 229.93752379203215 2666.4417529543862 14456.145627033431 87.681276856455952 2.0303724159020922 1.513359381351618 159.17673963145353 4.5347967848647386 63.26914179418236 6.1945432135835281 75.501714789308608 14.462833380326627 2.897383086849004 403.52341338573024 57.09606881858781 19.845582782290876 3.3483301363885429 1.9905896242708028 3.6579060240183017 20.347919857129455 577.17439311556518 4.735148902051149 339.99730630568229 4.1495185783132911 6.8998280743835485 2.7841194937936953 67.458817900391296 124.59291105275042 2.1440117601305229 192.16004680108745 1.0210756544256572 9.8277619353029859 10.769648703746496 0.89853261248208927 0.82725272933021476 22.705067345290445 1.6957510428037492 0.81251053465530276 0.84803233179263748 1.2108826900366692 1.7926123330835246 0.82828191295266129 0.46650375588797033 0.67416034056805074 116.18466491857544 84.170465108938515 0.82068706443533201 5.9095079298131168 41.246067859930918 1.173971053212884 15.032848549191838 9.8202577140182239 0.90709013096056867 37.013964329846203 99.183042031247169
leaf_count=44347 46891 28847 27252 7373 21731 69901 130 6248 75725 106845 3792 146 115 6074 288 2792 350 954 127 198 106274 6318 506 146 115 178 1303 16730 119 7866 100 765 177 12611 17442 240 42238 72 1950 941 125 110 3333 304 105 132 176 653 179 148 99 7048 699 186 671 7083 121 2335 1054 219 496 2441
internal_value=3.41111e-05 -0.00924046 -0.0138221 -0.00364899 0.000477286 -1.28728e-05 0.00610118 -0.000161009 0.000121518 -0.000389806 0.00472353 0.00312286 0.00872593 0.0077192 0.0591257 0.000771026 0.01516 0.0107885 0.00283965 0.0813031 -0.0198217 -0.0030332 0.00704796 0.0238003 0.0402942 0.0272169 0.0400362 0.000608972 -0.0036382 7.40186e-05 0.0462083 -0.00424716 -0.00375331 -0.00431633 -0.00185346 -0.0150895 -0.0070301 0.000492833 0.0591121 0.00957299 0.0282601 0.0419082 0.0298909 0.124266 0.236976 0.123629 0.0399688 0.0021494 0.0752964 0.236525 0.226869 -0.0146269 0.0128568 -0.00239784 0.0351494 -0.00977101 -0.0247165 -0.00793459 0.0238843 0.109948 0.0169449 0.023205
internal_weight=30262.8 1379.52 718.8 267.022 28883.2 21387.7 505.047 20882.6 19089.5 17179.7 1909.81 1511.79 467.523 458.578 8.94554 228.64 69.4637 398.013 174.135 7.43218 451.778 2723.54 495.278 49.1903 29.3447 25.9964 22.3385 1044.27 467.097 348.882 8.88467 660.719 653.819 651.035 530.369 120.666 365.334 173.174 10.8488 165.035 40.4418 29.6722 26.0406 3.33551 1.63976 3.63161 2.10942 53.2077 3.0874 1.29479 1.52219 118.215 98.6333 50.1203 8.05352 42.0668 58.1119 26.9342 11.9013 2.08106 223.878 136.197
internal_count=693934 307562 173475 39949 386372 339481 24109 315372 245471 188888 56583 48074 16065 15464 601 9216 3142 8509 1780 486 133526 82043 23979 2248 1742 1596 1418 32009 15279 8085 219 134087 133322 133145 111374 21771 88607 46369 2022 22767 5325 4384 3852 519 215 532 301 9160 980 327 231 7194 826 8180 911 7269 11102 3729 1394 340 6729 2937
is_linear=0
shrinkage=0.05


Tree=91
num_leaves=63
num_cat=0
split_feature=7 8 0 7 1 7 2 4 1 6 2 6 0 4 2 0 6 4 4 1 2 4 4 6 2 6 2 6 2 1 1 2 2 2 2 2 2 6 8 1 2 0 8 0 2 0 2 1 1 1 2 1 1 1 4 2 4 0 1 6 1 2
split_gain=45.3723 11.9071 10.2996 11.3204 9.71065 7.6116 7.38717 7.15299 6.93209 11.1925 7.80594 9.02755 11.3864 15.5183 10.7991 13.6284 16.8618 9.51192 6.68076 6.12693 5.83055 8.14329 6.89451 18.5386 13.6916 5.73723 11.6616 10.5002 6.19811 17.5908 8.82186 5.57084 5.23256 5.75183 5.115 5.11412 4.93744 4.9259 8.23395 4.91459 4.89482 4.8189 5.24088 5.36495 4.77016 16.9861 4.72448 4.64284 14.8294 13.7303 4.80181 13.3648 7.94953 4.73765 4.63139 4.55186 6.25934 9.6621 5.78745 5.71916 4.48849 13.5659
threshold=3.5000000000000004 1.0000000180025095e-35 7.5000000000000009 1.5000000000000002 20.500000000000004 1.5000000000000002 1271.1550000000004 1.0000000180025095e-35 9.5000000000000018 1581.8900000000001 894.42000000000019 257.02500000000003 22.500000000000004 30.500000000000004 1409.7150000000004 40.500000000000007 128.89500000000001 162.50000000000003 55.500000000000007 18.500000000000004 114.70500000000001 57.500000000000007 49.500000000000007 39.910000000000004 88.430000000000021 708.94500000000005 3087.6500000000001 754.6500000000002 5712.7400000000007 65.500000000000014 48.500000000000007 821.3850000000001 1409.7150000000004 2716.0150000000003 2200.9150000000004 136133.35500000001 8086.4300000000012 601.04500000000019 2.5000000000000004 294.50000000000006 5574.8050000000012 27.500000000000004 2.5000000000000004 8.5000000000000018 2896.6700000000005 30.500000000000004 49.110000000000007 227.50000000000003 232.50000000000003 215.50000000000003 50481.130000000012 243.50000000000003 240.50000000000003 260.50000000000006 48.500000000000007 377.98500000000007 46.500000000000007 12.500000000000002 5.5000000000000009 723.65500000000009 207.50000000000003 61411.715000000004
decision_type=2 2 2 2 2 2 2 2 2 2 2 2 2 2 2 2 2 2 2 2 2 2 2 2 2 2 2 2 2 2 2 2 2 2 2 2 2 2 2 2 2 2 2 2 2 2 2 2 2 2 2 2 2 2 2 2 2 2 2 2 2 2
left_child=1 5 4 -4 6 44 -3 25 9 10 20 12 32 -14 15 -15 -17 18 41 -8 22 55 -9 46 -25 26 -2 -27 29 30 37 -6 -12 -34 -19 39 -30 38 -28 47 -21 42 43 -13 -1 -46 -24 49 -49 60 52 -52 -50 -53 -16 -22 59 -58 -59 -57 -29 -62
right_child=7 2 3 -5 31 -7 19 8 -10 -11 11 17 13 14 54 16 -18 34 -20 40 21 -23 23 24 -26 27 28 35 36 -31 -32 -33 33 -35 -36 -37 -38 -39 -40 -41 -42 -43 -44 -45 45 -47 -48 48 50 -51 51 53 -54 -55 -56 56 57 58 -60 -61 61 -63
leaf_value=-0.011696122190085076 0.0033221511524882657 -0.001569675343717555 -0.0058347735532368458 -0.018014220106113223 -0.03935780519723614 -0.037605353181007883 0.010339112332140493 0.008784643213632419 -0.00015334562694499678 -0.011741190643079935 -0.018883015180997744 0.014105434076018357 0.24075947243591025 -0.013014976341278232 0.088303070772632442 0.049862820087422509 0.26852279317467292 0.035033763363290983 -0.016813385603545828 0.036008706688942502 -0.0025214067820727073 -0.014587075395209143 0.073296324620224063 0.031133737825989119 0.2685325147319701 -0.032287168664998936 0.10714630403472025 0.0010846918513948308 -0.01340729560432969 0.11013056416846344 -0.016332446503482211 -0.0097287254710200152 0.07788745323689017 -0.022514390066672149 0.15650653426429473 0.0054955922770968564 0.027429870788305527 0.0018162402771921848 0.031905923957007962 -0.019699905036505292 0.1347297706413435 0.040248415022562226 0.00023892301043395848 0.062448025895286544 -0.04093548764079763 0.29305942894483111 -0.0211378852653725 0.040123839949901124 -0.030593905096781476 -0.018149713173402901 0.030356719488473478 -0.014004921397183595 0.0045695710786957042 0.0077143128492207589 -0.014609822545341905 0.012059548665285013 0.15177084940785546 0.093151150572893429 -0.0063007280797591977 -0.042169743139252987 0.033400963504387947 -0.0099849343280767385
leaf_weight=32.709809995954856 279.23833991587162 310.23572417791001 434.11006347183138 342.89879280072637 19.187471940880641 56.723931174608879 64.556563780875877 17.999685627873991 20878.460863216082 77.160138355568051 6.4398015870247054 23.676406813785437 1.2717035636305798 1.4985543342772851 1.3368833987042306 1.8932889869902285 1.7802114039659498 2.2324701528996225 19.161099036224186 7.9721465518232417 80.873951556626707 58.62207651999779 1.9191691044252346 1.1249410063028338 1.4668494921643285 22.843509789556265 4.8991215489804807 5932.4739859513938 14.081375109031798 6.9660331793129435 9.9145394507795555 95.760470449924469 4.1673610156867653 1.9878383108880369 1.5846980488859115 748.02480037510395 15.196856740862129 7.1397507339715949 15.248902473598717 28.083385646343231 1.5047624404542146 16.201164957135916 50.789404693990946 7.7127858866006127 0.98575878480914869 0.4823870207183063 3.6542191719636321 31.153597190976143 24.221958920359612 92.618701726198196 47.192363232374191 44.610510721802711 46.812395446002483 56.973392263054848 4.3224345922935754 105.67115370230749 1.8734715888276676 1.9820100734941659 4.6168006556108594 4.9638313166797152 39.389141380786896 32.82480987906456
leaf_count=16908 5028 48396 87674 95558 5165 32420 4489 879 315372 1180 441 343 81 145 81 213 162 170 1062 941 4105 6798 205 121 135 357 103 34737 301 160 250 15498 252 90 72 3353 242 128 353 122 58 555 1338 170 352 103 458 131 103 398 199 186 198 235 330 4073 120 118 322 90 172 135
internal_value=3.15958e-05 -0.00886849 -0.00761627 -0.0112177 -0.00199967 -0.0263665 0.00180358 0.00045302 -1.26861e-05 0.00575756 0.00890516 0.0183087 0.0458851 0.0803884 0.0590718 0.110671 0.16146 0.0126222 0.0100108 0.0159897 0.00405986 0.00175876 0.0265194 0.0644304 0.172334 0.00178166 0.00800939 0.00147354 0.0257332 0.0375693 0.0235896 -0.0147479 0.0119635 0.0448215 0.0894476 0.00158294 0.00764025 0.0382838 0.0508869 0.00112308 0.0534491 0.0152978 0.0102752 0.0263033 -0.00751269 0.0773066 0.0112175 0.00121629 0.00788259 0.000940961 0.00327416 0.00839459 -0.00737666 -0.0017789 0.00994393 0.00658024 0.0127991 0.0540974 0.0237687 0.00954542 0.00123655 0.0136242
internal_weight=30253.5 1367.13 1276.23 777.009 499.217 90.9019 384.269 28886.4 21386.4 507.984 430.824 146.056 24.6981 12.1031 10.8314 5.17205 3.6735 121.358 117.541 74.0335 284.768 258.603 26.1649 8.16518 2.59179 7499.91 352.685 7147.22 73.4466 44.1683 37.2023 114.948 12.595 6.1552 3.81717 7124.38 29.2782 27.2878 20.148 6376.35 9.47691 98.3798 82.1786 31.3892 34.178 1.46815 5.57339 6348.27 250.964 6097.31 219.811 148.776 71.0344 101.584 5.65932 199.981 119.107 8.47228 6.59881 110.635 6004.69 72.214
internal_count=693934 307562 257779 183232 74547 49783 53884 386372 339481 24109 22929 5505 1795 1012 931 520 375 3710 3468 5488 17424 15626 1798 919 256 46891 6565 40326 1537 994 834 20663 783 342 242 39969 543 584 456 36616 999 2406 1851 513 17363 455 663 36494 1052 35442 921 620 301 421 411 8828 4723 560 440 4163 35044 307
is_linear=0
shrinkage=0.05


Tree=92
num_leaves=63
num_cat=0
split_feature=4 4 4 2 1 3 4 1 4 4 3 2 1 2 6 5 2 5 2 3 3 1 6 3 5 6 2 1 6 3 2 2 2 1 6 6 1 2 1 2 4 2 3 3 1 6 3 6 2 6 2 3 2 3 4 2 1 3 4 6 1 3
split_gain=39.5481 8.8838 11.6338 9.08965 9.35594 10.6744 9.61938 8.42419 9.74604 10.3472 11.1991 8.02717 11.1316 11.535 10.2701 10.2634 9.23694 8.39331 8.56827 8.25992 8.10033 7.99338 7.9443 10.0037 11.7513 10.8818 14.6361 14.4757 10.9315 8.0784 6.94859 7.94957 14.272 12.6108 8.86849 8.84259 8.78798 8.1559 7.62168 6.81082 6.51907 6.34133 6.25751 6.60783 6.18909 6.17722 10.866 13.1818 7.0932 6.34485 6.12419 12.5938 9.36271 6.07336 6.0536 5.933 5.92939 23.4432 22.6958 14.4284 8.80334 7.55336
threshold=336.50000000000006 34.500000000000007 33.500000000000007 431.82500000000005 13.500000000000002 16.500000000000004 316.50000000000006 7.5000000000000009 332.50000000000006 328.50000000000006 27.500000000000004 2716.0150000000003 50.500000000000007 7652.3150000000014 3135.7150000000006 7.5000000000000009 7049.3100000000004 9.5000000000000018 25693.415000000005 290.50000000000006 239.50000000000003 35.500000000000007 588.29000000000008 84.500000000000014 2.5000000000000004 250.03500000000003 1381.4100000000003 27.500000000000004 168.04000000000005 175.50000000000003 2837.4300000000007 4611.5500000000011 5177.7850000000008 39.500000000000007 667.55000000000007 576.95000000000016 27.500000000000004 3291.5600000000004 20.500000000000004 39261.270000000011 57.500000000000007 1529.075 350.50000000000006 298.50000000000006 28.500000000000004 1083.4800000000002 197.50000000000003 1475.5400000000002 8550.9500000000025 564.93500000000006 604.87500000000011 37.500000000000007 551.68500000000006 137.50000000000003 78.500000000000014 1874.8050000000001 45.500000000000007 90.500000000000014 78.500000000000014 601.04500000000019 26.500000000000004 86.500000000000014
decision_type=2 2 2 2 2 2 2 2 2 2 2 2 2 2 2 2 2 2 2 2 2 2 2 2 2 2 2 2 2 2 2 2 2 2 2 2 2 2 2 2 2 2 2 2 2 2 2 2 2 2 2 2 2 2 2 2 2 2 2 2 2 2
left_child=1 2 -1 -3 5 41 40 -8 9 10 -9 21 14 -14 15 56 -16 18 42 30 53 22 23 -6 29 26 54 55 -29 -25 -17 34 33 36 35 37 -33 -32 -36 -22 50 -5 43 45 -40 48 47 -47 49 -15 51 52 -7 -19 -26 -28 60 58 59 -58 -13 -62
right_child=-2 3 -4 4 11 6 7 8 -10 -11 -12 12 13 17 16 19 -18 20 -20 -21 39 -23 -24 24 25 -27 27 28 -30 -31 31 32 -34 -35 38 -37 -38 -39 44 -41 -42 -43 -44 -45 -46 46 -48 -49 -50 -51 -52 -53 -54 -55 -56 -57 57 -59 -60 -61 61 -63
leaf_value=0.00051499529170297793 -0.011808477408617082 -0.01218743163090674 0.016814680219147685 0.00064889402392462174 -0.0058086300042410237 -0.011131802099438167 -0.041570873382289014 -0.040455857915706384 -0.038678686578375511 0.30823191111463799 0.17271986651980775 0.0072723397900206991 -0.019123126917000542 -0.0044583243226657713 -0.033971833401825004 0.068881650971100675 -0.0031728492755894603 0.0038950425621314187 0.043606475919936979 0.072757507995058271 0.0081703038587640497 -0.02080067904920567 -0.018949305450502087 -0.012888573627221437 -0.018360132463171419 0.011224850045851539 0.24943368581279982 -0.025373579914007585 0.12212270032417896 0.057186838321061667 -0.047742491130880742 0.038281439335419574 0.011612193801386726 0.0039970539733775014 0.033781699190721444 0.12338058294215835 0.12586164042367787 0.064769605640105449 -0.040122806257541409 -0.018177338737371637 0.0041869633535789449 -0.024705141726976843 -0.034933638929522642 0.052684610376473297 -0.0040465306779657153 0.10070391250854585 -0.019898935470169632 0.013357448595406994 -0.019944312890758369 0.086449857122781748 0.016081927909637635 0.14966916773487163 0.12214252405577396 -0.023711576348702194 0.079342121136838403 0.10036468421426321 0.22617544956771099 -0.00014103426457728652 -0.015805046728716975 0.059498541874587113 -0.015894978690652838 0.0011153098518714162
leaf_weight=26725.637491001049 689.31955316464882 218.90122305904515 109.84477494377643 77.906219149474055 401.47177195409313 5.2095913272351009 1.0167422657832492 0.9096676982007933 0.75555529724806536 0.73644818738102902 1.467530909925699 217.61326838424429 139.50738435564563 4.4118719007819882 27.643215278163552 5.2909587780013672 203.87868611700833 25.709291620180011 15.849230499006806 5.821227964013814 94.631099251098931 95.743702264502645 88.225422608666122 36.121238978113979 4.8440225645899764 22.403075826354325 1.8987640729174002 2.2843536054715514 2.5042196428403258 4.5275106173939994 2.8904150957241637 5.3895988035947102 111.776600651443 7.0612462051212779 9.1611161623150092 2.4769660104066133 6.9162656124681234 3.3514012349769473 17.10173898562789 32.962600525468588 182.67118826881051 35.738363169599324 9.2402202165685576 7.4937629704363635 39.809501526877284 6.422064218670136 10.659809619188307 13.40111020952463 31.90002925042063 3.159462247043848 78.034492917824537 2.6431742389686406 1.636062864679843 83.762970419600606 2.2090945825912058 1.5541915055364368 2.9669037512503547 31.332612350117415 3.0362199721857905 2.5912312157452106 115.49506307160482 148.70413831202313
leaf_count=282467 223325 36023 3134 8422 47504 458 120 137 112 104 195 8975 7432 277 432 183 2204 324 345 104 1202 10215 3832 4805 369 1254 137 217 189 351 141 112 1955 215 203 105 176 158 420 260 18356 1879 361 222 1193 138 190 245 1385 106 3634 201 140 1074 207 106 181 1818 264 78 6254 7309
internal_value=2.94939e-05 0.00030579 0.000581963 -0.00241618 -0.00155881 0.00556483 0.0108966 0.0798647 0.113278 0.151764 0.0907867 -0.00287177 -0.000782311 -0.00701984 0.00229286 0.00517629 -0.00688485 -0.00202898 0.00989649 0.0143131 -0.00721015 -0.0074259 -0.00515952 -0.00261012 0.0137028 0.033789 0.0662277 0.111145 0.0516582 -0.00483959 0.0126451 0.0111432 0.0185608 0.0581418 -0.00180391 0.045213 0.0885249 0.0119486 -0.00814269 0.00131558 0.00960182 -0.00729506 0.00363253 0.0083374 -0.0150265 0.00344697 0.0203718 0.0422693 -0.00951582 0.0334576 0.0208285 0.0587674 0.0212999 -0.017185 0.0122234 0.188458 0.00136373 0.0198562 0.0924985 0.151778 -0.000162132 -0.00630504
internal_weight=30245.6 29556.3 26835.5 2720.83 2501.93 388.725 275.08 4.88594 3.8692 3.11365 2.3772 2113.21 1449.42 479.111 970.308 738.786 231.522 339.604 102.538 217.047 237.066 663.787 568.044 479.818 78.3465 37.6977 15.2946 8.24153 4.78857 40.6487 211.226 205.935 131.144 19.3671 74.7911 8.71878 12.3059 6.24182 66.0724 127.594 270.195 113.645 86.6883 77.4481 56.9112 69.9543 30.483 19.8232 39.4714 7.57133 87.5233 9.48883 6.84565 109.472 7.05312 3.45296 521.739 39.927 8.59435 5.55813 481.812 264.199
internal_count=693934 470609 285601 185008 148985 33758 23457 668 548 436 332 115227 46041 13561 32480 29844 2636 6129 3269 4965 2860 69186 58971 55139 7635 2479 1225 649 406 5156 4861 4678 2458 503 2220 404 288 299 1816 1462 22789 10301 2924 2563 1613 2341 573 383 1768 383 4433 799 598 1398 576 243 24879 2341 523 259 22538 13563
is_linear=0
shrinkage=0.05


Tree=93
num_leaves=63
num_cat=0
split_feature=7 7 0 3 2 4 5 3 2 3 5 5 5 8 2 3 3 3 2 3 4 5 3 5 2 3 2 4 3 5 3 2 3 2 5 2 2 8 2 8 0 5 3 2 0 2 4 3 2 2 3 0 3 2 0 3 4 5 2 2 3 5
split_gain=38.1637 11.1306 15.1453 11.9883 6.52601 6.34174 7.16555 10.5645 9.09127 7.95178 8.2818 7.03461 11.4828 6.30209 5.81659 5.63403 14.8988 5.62255 5.9763 5.60487 5.84776 5.62114 5.48214 7.99743 5.2797 8.02237 6.25367 9.50092 5.23133 4.68955 4.66185 4.43976 4.39747 5.52135 5.69647 5.13664 6.65237 4.60938 4.35575 6.552 7.19823 6.73656 7.94682 7.56888 6.33148 8.06194 6.94389 11.6371 5.75314 6.43124 5.77881 6.02862 5.74511 13.0416 10.5608 16.1504 8.34577 6.45808 6.30532 8.81656 6.69451 5.22725
threshold=3.5000000000000004 1.5000000000000002 4.5000000000000009 28.500000000000004 49.110000000000007 1.0000000180025095e-35 189.50000000000003 326.50000000000006 78811.665000000023 1847.5000000000002 197.50000000000003 219.50000000000003 199.50000000000003 1.0000000180025095e-35 25.455000000000002 233.50000000000003 215.50000000000003 14.500000000000002 465.78000000000003 425.50000000000006 9.5000000000000018 230.50000000000003 1041.5000000000002 390.50000000000006 1529.075 52.500000000000007 1800.075 105.50000000000001 751.50000000000011 187.50000000000003 6.5000000000000009 39261.270000000011 1.5000000000000002 754.29500000000007 6.5000000000000009 69.91500000000002 157.15500000000003 1.0000000180025095e-35 20116.000000000004 2.5000000000000004 31.500000000000004 28.500000000000004 115.50000000000001 10952.565000000001 25.500000000000004 18417.425000000007 8.5000000000000018 397.50000000000006 564.47500000000014 176.84000000000003 10.500000000000002 51.500000000000007 311.50000000000006 16971.395000000004 1.5000000000000002 326.50000000000006 39.500000000000007 5.5000000000000009 13947.795000000002 10952.565000000001 340.50000000000006 31.500000000000004
decision_type=2 2 2 2 2 2 2 2 2 2 2 2 2 2 2 2 2 2 2 2 2 2 2 2 2 2 2 2 2 2 2 2 2 2 2 2 2 2 2 2 2 2 2 2 2 2 2 2 2 2 2 2 2 2 2 2 2 2 2 2 2 2
left_child=1 15 3 32 14 -6 29 -8 9 10 -9 12 -10 -4 -2 16 -1 18 -15 21 22 -12 23 28 -5 26 27 -26 31 30 -7 -21 35 37 -35 -3 -37 -34 39 40 41 -32 43 -43 46 48 -41 52 49 50 51 -46 -48 54 55 -54 -56 -58 59 60 -57 -44
right_child=4 2 13 24 5 6 7 8 11 -11 19 -13 -14 17 -16 -17 -18 -19 -20 20 -22 -23 -24 -25 25 -27 -28 -29 -30 -31 38 -33 33 34 -36 36 -38 -39 -40 44 -42 42 61 -45 45 -47 47 -49 -50 -51 -52 -53 53 -55 56 58 57 -59 -60 -61 -62 -63
leaf_value=-0.003551617372171933 -0.014374332766798351 0.0065108784296322962 -0.036336399708418454 -0.038279058503088152 0.0016480168518338589 0.016682151207877385 -0.022380005757320603 -0.029158601071189529 -0.0072576393825590224 -0.025691320610167136 -0.011076895627858827 -0.00054218015574681656 0.029347400096519885 -0.015395465951336011 0.070950361245589552 -0.049471737726333793 0.10463327226411789 -0.024310213771875103 0.0046382840350955501 -0.00026456640904800216 -0.027471323030271902 0.020130582519832615 0.005263166506739394 0.0072170564999304125 -0.0033977267634077105 -0.032597549948042787 0.0040605266073998605 0.1908435579628889 -0.024298433266818256 0.025850353823795705 0.0023601473446385446 -0.020758785075452098 -0.04838813651513417 0.011070466500067377 0.11152956448327978 0.13686642805827823 0.020339819563229077 -0.0030157244744991522 0.0010411801668673613 -0.00039365252246379454 -0.013254650034946575 0.018793580655350969 -0.020322458790090953 -0.018802242685948881 -0.002337233064000356 0.058433028113157641 -0.0031614529057120049 -0.016707387949060966 0.0042687527407539311 -0.015999533011199715 0.003517413349610084 0.13937806745684028 0.091305282480148076 -0.025319209090825013 -0.003844150641414374 -0.025441218626832948 -0.009944345142958326 0.068461624307762176 0.060264486774970094 -0.03700838216385937 0.051280873210268689 -0.0046641157396655379
leaf_weight=640.35196645918768 2.8020258741453272 10.373254637699572 44.252495901309885 29.416038970579393 7502.948025258258 42.411286634160206 73.51056314446032 32.940648479387164 34.461794123053551 51.08279300481081 20.845942378044128 313.49479790776968 55.597161471843719 201.28448774805292 5.972737324424088 6.507871745969168 3.0958058196119955 140.6943143340759 45.180775329237804 83.309454254806042 28.036694996058941 45.317487105727196 114.78865823894739 64.868106719106436 1.1680373670533328 14.337705451413056 9.8450276941293833 1.1440643353853372 67.216143317520618 17.655476145446301 3263.2499906469602 38.954728066921234 5.7697540901135644 51.895014714333229 1.3670604079961766 2.0224461415782562 3.2942946976982057 133.52526709460653 7721.7304245792329 4783.9023791123182 83.003161429427564 57.148786541074514 68.982320608571172 17.264831721782684 1.145616352092474 6.4589267615228882 3029.8458872388583 155.93822725676 655.27790861786343 68.228148066904396 10.083100403193383 1.743525994941592 9.7858953019604069 24.650304662063718 60.507017297670245 3.8812602935358944 3.7664528549648804 7.7137933801859617 6.2573305042460552 8.1927203303202969 9.4351135785691422 240.25765241682529
leaf_count=133145 132 1794 27252 7373 46877 1553 396 157 146 226 110 1345 237 63134 321 765 177 36178 6962 425 181 242 504 298 121 2335 1054 219 307 83 60571 161 3280 3963 11 192 145 19462 41580 58710 2663 811 788 113 116 86 119307 2210 31868 7618 1166 196 176 231 895 108 206 189 71 106 244 2642
internal_value=2.71911e-05 -0.00820356 -0.0126019 -0.00314858 0.000410669 0.000397322 -4.12993e-05 -0.00412159 -0.00270266 -0.00690274 -0.00495393 0.00298202 0.0152922 -0.0183766 0.0432855 -0.00348763 -0.00300716 -0.016302 -0.0117023 -0.00321641 -0.00546945 0.0102208 -0.00377783 -0.00787819 -0.0236916 -0.00722466 0.0223132 0.0945703 -0.0130735 0.000163792 0.000141123 -0.00684674 0.00235159 0.000245131 0.0139468 0.0277214 0.0672971 -0.00496433 0.000106235 -0.0004674 0.00128952 0.00162227 -0.00463987 0.00999028 -0.00120871 0.00320649 -0.00161413 -0.0033712 0.00270749 -0.00981993 0.0221732 0.0833135 -0.00271184 0.00739737 0.0148217 0.0362936 0.00351675 0.0424426 0.0164679 0.0032755 0.0285234 -0.00817863
internal_weight=30240.2 1345.53 695.57 264.158 28894.7 28885.9 21382.9 1024.42 950.914 547.361 496.278 403.554 90.059 431.412 8.77476 649.956 643.448 387.16 246.465 463.337 397.174 66.1634 369.137 254.348 55.9109 26.4948 12.1571 2.3121 189.48 20358.5 20340.9 122.264 208.247 192.557 53.2621 15.69 5.31674 139.295 20298.5 12576.7 3729.91 3646.9 383.654 74.4136 8846.81 742.937 8103.88 3319.97 736.478 81.2004 12.9722 2.88914 3164.04 134.19 109.54 37.5523 71.9873 11.4802 27.7664 21.5091 13.3164 309.24
internal_count=693934 307562 173475 39949 386372 385919 339042 4735 4339 2611 2385 1728 383 133526 453 134087 133322 106274 70096 2228 1876 352 1695 1191 11102 3729 1394 340 893 334307 334224 586 28847 26716 3974 2131 337 22742 332671 291091 67588 64925 4354 924 223503 41050 182453 123743 40964 9096 1478 312 121533 2226 1995 705 1290 395 529 458 352 3430
is_linear=0
shrinkage=0.05


Tree=94
num_leaves=63
num_cat=0
split_feature=7 8 1 2 3 1 2 3 2 7 3 2 1 5 4 4 5 3 1 2 3 5 1 5 5 5 3 2 1 2 3 1 2 3 3 4 2 5 2 2 3 3 5 2 3 3 2 1 3 5 1 5 3 4 3 3 2 3 5 2 1 2
split_gain=34.7598 10.5539 8.05107 13.5022 7.94665 9.07006 13.0005 14.4228 7.66284 7.20834 6.6924 17.5325 6.5887 7.65867 7.05746 5.767 6.52331 9.64487 8.85902 8.22592 7.28984 7.08483 7.00538 6.37069 10.44 6.11982 5.75823 6.69735 5.50831 8.01687 7.50843 14.4787 9.26476 6.98556 7.66099 7.34803 7.56621 8.25919 6.55364 8.41389 6.26012 10.023 7.69753 5.86305 5.47384 5.38205 6.95568 6.70406 7.04778 6.2143 6.42151 5.31275 5.29257 5.28894 5.08279 8.20448 13.4337 14.7488 11.5104 8.261 7.36376 7.20441
threshold=3.5000000000000004 1.0000000180025095e-35 20.500000000000004 538.0100000000001 82.500000000000014 60.500000000000007 454.88500000000005 94.500000000000014 1658.1350000000002 1.5000000000000002 215.50000000000003 5712.7400000000007 6.5000000000000009 4.5000000000000009 2582.5000000000005 1.0000000180025095e-35 189.50000000000003 326.50000000000006 201.50000000000003 78811.665000000023 2254.0000000000005 197.50000000000003 197.50000000000003 219.50000000000003 199.50000000000003 187.50000000000003 2.5000000000000004 34.885000000000012 9.5000000000000018 12085.960000000001 50.500000000000007 30.500000000000004 9079.6700000000019 113.50000000000001 61.500000000000007 1.5000000000000002 477.83500000000009 1.5000000000000002 6179.2600000000011 10241.440000000001 60.500000000000007 80.500000000000014 37.500000000000007 9612.7750000000033 425.50000000000006 76.500000000000014 1910.9350000000002 13.500000000000002 68.500000000000014 1.5000000000000002 28.500000000000004 118.50000000000001 94.500000000000014 9.5000000000000018 135.50000000000003 153.50000000000003 11309.090000000002 151.50000000000003 6.5000000000000009 15080.935000000001 44.500000000000007 68898.005000000019
decision_type=2 2 2 2 2 2 2 2 2 2 2 2 2 2 2 2 2 2 2 2 2 2 2 2 2 2 2 2 2 2 2 2 2 2 2 2 2 2 2 2 2 2 2 2 2 2 2 2 2 2 2 2 2 2 2 2 2 2 2 2 2 2
left_child=1 9 3 12 8 6 7 -6 -4 -1 -8 -12 14 -14 -3 -2 18 -18 22 20 21 -19 25 24 -21 28 27 -16 29 -17 -30 33 -33 34 35 43 37 -37 -35 -40 -34 42 -42 -32 -23 46 49 48 -48 50 -36 -24 -47 -46 61 56 57 60 59 -58 -56 -43
right_child=15 2 4 -5 5 -7 10 -9 -10 -11 11 -13 13 -15 26 16 17 19 -20 23 -22 44 51 -25 -26 -27 -28 -29 30 -31 31 32 40 38 45 36 -38 -39 39 -41 41 54 -44 -45 53 52 47 -49 -50 -51 -52 -53 -54 -55 55 -57 58 -59 -60 -61 -62 -63
leaf_value=-0.0065240191037780962 0.0015819009925214717 -0.0027841868917599811 -0.03514002829932391 0.0024986645903560404 -0.03119592834605231 -0.041043907059647097 -0.0014703023954577611 0.32478213883289819 -0.0099968066061819696 -0.036494923820108265 -0.0081007230926569366 0.21667837052145475 -0.017006816654186199 0.13936640668385081 -0.014115705075173519 0.0062120138995046268 -0.021451222566713751 -0.027279261170677173 -0.0087255271987728509 -0.0068874833338125581 -0.030987192378656173 0.0096613397862375921 0.036906687163721488 -0.00051504354472062686 0.028034013046548803 0.033549012004398887 -0.031060891075230735 0.03767794185783762 -0.0030012592566605713 -0.040063013649111072 0.034330646191588023 -0.0021623038969068465 -0.016335183607523032 0.015978362524332643 0.0057209589500398766 0.14291240984763148 0.0052582417675579134 0.018578736114484608 -0.0095845975750933482 0.012684717247498598 0.014737959768407791 -0.0017389934552441326 -0.012997095726801669 -0.011406510504588588 -0.0042086003680590978 0.0074348630244338732 0 -0.0010602658983501182 0.085746409686800557 -0.018661802042563399 0.13150041073562144 0.0023067665868422983 -0.0024489493900913513 -0.026443965840481833 -0.009343790129914608 0.00052522386812807822 0.0017378923255453563 0.081747226202540116 0.0015492732937524532 0.07758824755901049 0.025609687936988531 -0.020399882976679554
leaf_weight=33.399363578413613 7507.9723402354866 373.21631104964763 66.751679058885202 382.34895826596767 0.42748179752379556 11.687929245177655 45.074827294098213 0.56657559447921813 56.891524298815057 52.11550953972619 2.4723968515172596 1.199064628453925 216.52773149148561 0.68019450455903907 39.022650956874713 502.13340116944164 72.879470167681575 33.895595164969563 276.14900415670127 34.502490356564522 28.937926776707172 66.452561732381582 22.77438976848498 313.51634418219328 55.30405230820179 13.686260834336279 44.982593938475475 7.2973169027827671 1787.2514448361471 9.4126658141612989 40.873235712759197 4046.112803807715 54.122372661717236 226.94665525713935 15.032592978328466 1.969064719043671 415.54467212967575 4.2055266960524023 74.678324074484408 97.591253133490682 194.87117804028094 1154.4722715292592 28.42943862080574 8.2169242873787862 388.3980482891202 365.66148338909261 4.7529849829152209 339.54831968364306 4.5242895390838385 100.32730100583285 0.99969470570795316 22.208126127719879 214.05586506985128 28.762687217444181 19.526979237794876 9780.7195022865199 6.3298629596829405 9.9224523417651636 397.00479152798653 8.6463319435715658 62.659007237292826 54.130692359060049
leaf_count=17363 46891 82087 17030 52590 131 2238 7791 129 8190 32420 261 58 55682 13 12678 23979 396 162 1467 146 131 352 131 1345 237 66 16724 2177 69901 130 630 101926 471 6721 1918 259 14820 306 952 816 1783 9934 139 50 1779 10872 119 7866 100 5138 138 95 5858 187 212 63783 160 115 2667 162 726 336
internal_value=2.51428e-05 -0.0078633 -0.00669322 -0.00501141 -0.0163279 -0.00153695 0.00770975 0.178269 -0.0236288 -0.0248689 0.00377143 0.067783 -0.00923054 -0.0164302 -0.00585042 0.000389696 -2.8581e-05 -0.00392532 0.000166866 -0.00257311 -0.00657303 -0.00519246 0.000289393 0.00283412 0.0145693 0.000244859 -0.0183128 -0.00578475 0.000221686 0.0053431 8.71844e-05 0.000398775 -9.8059e-05 0.00450494 0.00295009 0.00824578 0.00609561 0.0606711 0.0103935 0.00300207 0.000611093 0.000689938 0.0111803 0.0265657 -0.00362878 0.000558624 -0.00344126 7.6822e-05 0.0417949 -0.0140218 0.0146404 0.0199784 0.00377693 -0.00575965 0.000485595 0.000846414 0.00706712 0.024327 0.00319115 0.046085 0.0172429 -0.00258053
internal_weight=30230.8 1334.66 1249.15 1064.08 185.071 61.4283 49.7403 0.994057 123.643 85.5149 48.7463 3.67146 681.727 217.208 464.519 28896.1 21388.1 1022.65 20365.5 949.77 546.447 517.509 20089.3 403.323 89.8065 20044.4 91.3026 46.32 20030.7 511.546 19519.1 17731.9 15816.9 1914.93 1515.71 470.809 421.719 6.17459 399.216 172.27 11770.8 11716.7 223.301 49.0902 483.613 1044.9 465.185 348.826 9.27727 116.36 16.0323 44.9825 579.717 417.161 11493.4 10284.8 504.089 92.1084 411.981 14.9762 82.186 1208.6
internal_count=693934 307562 257779 221951 35828 10608 8370 260 25220 49783 8110 319 169361 55695 113666 386372 339481 4735 334746 4339 2611 2480 333279 1728 383 333053 31579 14855 332987 24109 308878 238977 182414 56563 48074 16065 15385 565 8489 1768 80488 80017 1922 680 2318 32009 15279 8085 219 7194 2056 226 16730 1966 78095 67825 4042 1053 2989 322 938 10270
is_linear=0
shrinkage=0.05


Tree=95
num_leaves=63
num_cat=0
split_feature=5 8 2 3 3 1 2 1 3 2 6 0 6 2 3 1 1 3 1 0 2 0 2 1 3 6 3 6 2 1 0 0 2 2 2 3 0 0 1 1 3 8 0 0 0 2 8 1 0 0 6 3 2 6 3 0 2 2 3 1 3 2
split_gain=28.5578 9.10792 12.925 7.99194 11.4734 7.28975 16.2437 8.96937 10.1451 8.03632 6.67594 6.62531 21.4795 6.2797 5.96118 5.61484 5.58276 7.47954 7.95169 6.17609 6.24571 9.26846 9.66132 14.5032 6.26465 7.09767 12.0462 10.2812 15.1024 6.05166 5.42342 8.96459 8.36918 6.23129 6.07379 9.49916 19.1409 16.6744 5.69209 5.20231 7.23063 5.08004 8.83776 21.4642 7.75226 5.15398 5.01718 11.3863 7.70945 6.76969 7.19003 6.88098 6.79521 7.32102 8.39718 5.67329 5.12508 8.17777 7.81143 6.58164 6.05609 4.89211
threshold=1.5000000000000002 1.0000000180025095e-35 2896.6700000000005 133.50000000000003 99.500000000000014 19.500000000000004 1054.3550000000002 7.5000000000000009 49.500000000000007 234.215 1153.2450000000001 79.500000000000014 37.020000000000003 5177.7850000000008 2.5000000000000004 52.500000000000007 12.500000000000002 28.500000000000004 18.500000000000004 78.500000000000014 3024.5200000000004 16.500000000000004 3758.8400000000006 7.5000000000000009 94.500000000000014 518.90500000000009 19.500000000000004 168.04000000000005 2492.2050000000004 3.5000000000000004 1.0000000180025095e-35 9.5000000000000018 2200.9150000000004 1440.9300000000003 1381.4100000000003 19.500000000000004 34.500000000000007 24.500000000000004 9.5000000000000018 3.5000000000000004 34.500000000000007 3.5000000000000004 67.500000000000014 50.500000000000007 191.50000000000003 388.41000000000003 2.5000000000000004 15.500000000000002 5.5000000000000009 1.5000000000000002 143.03500000000003 59.500000000000007 2289.3550000000005 446.34000000000009 36.500000000000007 26.500000000000004 2338.6900000000005 5304.4100000000008 42.500000000000007 15.500000000000002 76.500000000000014 311.41500000000002
decision_type=2 2 2 2 2 2 2 2 2 2 2 2 2 2 2 2 2 2 2 2 2 2 2 2 2 2 2 2 2 2 2 2 2 2 2 2 2 2 2 2 2 2 2 2 2 2 2 2 2 2 2 2 2 2 2 2 2 2 2 2 2 2
left_child=1 2 -1 4 -4 6 7 9 61 -3 16 -10 -13 15 -2 -7 19 18 -18 20 24 -22 -23 -24 25 27 -27 29 -29 -8 32 -32 38 34 35 36 37 -33 -31 40 41 42 43 -11 -43 -45 47 48 -19 -48 56 52 53 54 -52 -56 -51 58 -58 -60 -61 -9
right_child=14 5 3 -5 -6 13 10 8 11 39 -12 12 -14 -15 -16 -17 17 46 -20 -21 21 22 23 -25 -26 26 -28 28 -30 30 31 33 -34 -35 -36 -37 -38 -39 -40 -41 -42 44 -44 45 -46 -47 49 -49 -50 50 51 -53 -54 -55 55 -57 57 -59 59 60 -62 -63
leaf_value=-0.026329032001969611 0.041162481885258104 -0.006545085940682864 0.057653329578918534 -0.041690648997042438 0.3253586848851317 -0.012794917229003642 0.11100331765274121 -0.025963100835714643 0.0029426660396499431 0.030351062721333928 -0.024695971692161024 0.0085150275444926971 0.28775146695660708 0.0036284677643303094 0.00052175925159662591 -0.041572593510404196 -0.026116271934424874 0.35805644013390803 0.064906595822062679 -0.007818785364444308 -0.032276808763801533 -0.033446583921947 -0.045793483362286058 0.11573790634248633 0.11702945594049535 0.015059891294000274 0.15323993345696207 -0.031522715354050893 0.12722945699483021 -0.006572015031888887 -0.0082609303047382569 0.083695661485010314 0.19438202258766779 0.017789491679116587 0.17050434341722973 0.013683468913200819 -0.015022737503091353 0.37025759033958522 0.11570794704636084 0.0014624373678792887 0.12260241077852425 -0.027044797934048931 -0.046946874847350023 0.10382770842420866 0.055931387130044835 0.36352994873798855 -0.023393241880395477 0.0012266460168971075 0.042564450000715799 -0.0070921277893911065 0.16697224813364239 0.079538065082034204 -0.015702574898260834 -0.044315304412853848 -0.0092824567668767753 0.10991893248766316 -0.0063387997683542977 -0.030428875165525917 0.0053123998820290026 0.11723711207280148 0.01532341501671 -0.012008359479345154
leaf_weight=82.388613227172755 8.9290763682220113 387.53963199094869 2.2135495734401047 1.0707299618516115 0.43228310637641687 280.66813663404901 2.3722598897293201 88.924358438467607 42.045139871770516 20.731156682828448 14.807886400260029 3.2967306063510469 0.78686110861599434 55.764316546497867 28556.97728224576 18.167222273536026 28.858978967415172 0.38958280277438406 2.494441245449706 18.811424575513229 10.902770618209617 3.3237980406265688 1.8406052114441989 4.6945138154551387 1.9793288519140322 3.6623390852473667 2.8325577359646559 13.272182871121911 1.581191163510083 2.3755597092676903 14.334384800866244 1.3926291407551641 1.1203759168274698 13.826959975063799 1.2584810995031137 6.1452436672989279 1.6004666986409573 0.85115119721740473 1.4043280333280561 124.13152294442989 1.631458056392147 10.940312126884235 3.0285373693332067 0.54881561407819279 3.6639155964367083 0.50393703486770391 14.789219906320794 1.8428232909645883 0.43945157830603421 37.100494511658326 1.7386932638473824 6.7879372630268326 7.2264522146433592 1.4366913195699451 2.5583852753043175 1.4579122597351668 5.7643901952542427 5.2463434832170597 3.4684609356336278 5.5549668949097395 2.1693607303313911 224.52810739423148
leaf_count=49541 311 104702 577 361 114 47749 235 25155 6788 2288 486 570 88 4623 350826 3492 3670 81 312 1979 594 220 127 261 145 176 135 912 79 201 1865 262 65 1923 202 982 294 163 194 21706 199 1678 1043 122 566 94 1271 566 154 5504 166 391 371 94 216 139 489 288 276 427 164 44929
internal_value=0.000169797 -0.00631579 -0.0221459 0.0675368 0.113469 -0.00541472 -0.00349891 -0.00661395 -0.012763 -0.00260293 0.00768057 0.00904498 0.0691078 -0.0116976 0.000534782 -0.0145745 0.00971774 0.0026327 -0.0185323 0.0180236 0.0234369 -0.000412659 0.0342934 0.0694848 0.0305714 0.0278145 0.077491 0.0223729 -0.0135508 0.0339146 0.0294342 0.0229603 0.0789983 0.0409689 0.0686145 0.0537201 0.114484 0.205692 0.0393809 0.00661416 0.0220303 0.0174414 0.0312007 0.0424587 -0.00564885 0.253232 0.00946905 0.0759934 0.218786 0.00747383 0.0132279 0.0381717 0.0179386 0.0521799 0.0774687 0.034392 0.00417508 0.0231733 0.0401315 0.0643511 0.0898156 -0.0159902
internal_weight=30172.6 1606.72 86.1052 3.71656 2.64583 1520.62 1166.02 912.3 359.581 552.719 253.715 46.1287 4.08359 354.6 28565.9 298.835 238.907 129.325 31.3534 109.583 90.7711 20.7617 9.85892 6.53512 70.0094 68.0301 6.4949 61.5352 14.8534 46.6818 44.3096 39.4093 4.90026 25.0749 11.248 9.98949 3.84425 2.24378 3.77989 165.18 41.0481 39.4167 24.8124 21.7839 14.6042 1.05275 97.9712 2.67186 0.829034 95.2993 80.5101 21.2061 14.4181 7.19168 5.75499 4.0163 59.304 22.2035 16.9572 11.1928 7.72433 313.452
internal_count=693601 342464 50593 1052 691 291871 236007 209928 77530 132398 26079 7446 658 55864 351137 51241 25593 14579 3982 11014 9035 1202 608 388 7833 7688 311 7377 991 6386 6151 5691 460 3826 1903 1701 719 425 395 27696 5990 5791 3547 2504 2244 216 10597 801 235 9796 8525 1377 986 615 521 355 7148 1644 1356 867 591 70084
is_linear=0
shrinkage=0.05


Tree=96
num_leaves=63
num_cat=0
split_feature=7 7 8 1 4 1 3 5 1 3 3 6 6 3 3 4 1 5 4 1 4 3 4 3 6 6 1 3 6 4 6 3 1 6 3 4 1 6 5 3 4 5 4 6 1 3 6 4 6 3 1 4 1 1 3 1 1 1 3 1 6 3
split_gain=30.7077 8.81201 9.61479 7.87617 6.08451 4.87645 5.03883 8.86844 4.77748 4.62369 4.60424 4.67639 4.29067 5.6647 24.9429 8.62809 4.55443 4.46375 4.30886 4.74708 7.17997 5.52445 4.95917 8.35556 8.19017 16.6876 6.95363 7.04032 9.22642 8.39992 7.32797 6.73558 7.42895 9.16441 7.39484 5.64683 8.73326 5.61775 4.89759 7.55889 5.24776 6.63046 7.24755 8.4477 7.94423 9.52171 4.28617 4.263 4.2397 4.19304 13.0063 6.2558 8.68148 5.20675 4.03434 3.96798 9.9669 4.63063 4.11646 13.5633 13.5163 13.6935
threshold=3.5000000000000004 1.5000000000000002 1.0000000180025095e-35 15.500000000000002 2583.5000000000005 38.500000000000007 89.500000000000014 1.5000000000000002 20.500000000000004 432.50000000000006 2.5000000000000004 69.905000000000015 8.8400000000000016 38.500000000000007 53.500000000000007 176.50000000000003 2.5000000000000004 1.5000000000000002 105.50000000000001 23.500000000000004 146.50000000000003 113.50000000000001 125.50000000000001 18.500000000000004 66.605000000000004 43.030000000000008 14.500000000000002 31.500000000000004 155.80500000000004 109.50000000000001 199.00500000000002 51.500000000000007 13.500000000000002 37.020000000000003 75.500000000000014 117.50000000000001 19.500000000000004 437.13000000000005 5.5000000000000009 48.500000000000007 156.50000000000003 1.5000000000000002 150.50000000000003 155.80500000000004 10.500000000000002 46.500000000000007 25.905000000000005 154.50000000000003 455.94000000000005 92.500000000000014 25.500000000000004 551.50000000000011 9.5000000000000018 25.500000000000004 108.50000000000001 327.50000000000006 294.50000000000006 302.50000000000006 562.50000000000011 95.500000000000014 4390.2250000000013 587.50000000000011
decision_type=2 2 2 2 2 2 2 2 2 2 2 2 2 2 2 2 2 2 2 2 2 2 2 2 2 2 2 2 2 2 2 2 2 2 2 2 2 2 2 2 2 2 2 2 2 2 2 2 2 2 2 2 2 2 2 2 2 2 2 2 2 2
left_child=1 5 -3 4 10 6 8 49 -1 -5 11 -4 13 17 15 -15 -14 -2 55 20 22 38 23 24 25 -20 -25 -28 -29 -30 -31 -24 34 -34 -33 36 -32 -26 40 -40 41 42 43 -22 -44 47 -42 -46 -37 50 -8 -51 -53 -54 -55 56 58 -58 -18 -60 -61 -62
right_child=12 2 3 9 -6 -7 7 -9 -10 -11 -12 -13 16 14 -16 -17 18 -19 19 -21 21 -23 31 26 37 -27 27 28 29 30 35 32 33 -35 -36 48 -38 -39 39 -41 46 -43 44 -45 45 -47 -48 -49 -50 51 -52 52 53 54 -56 -57 57 -59 59 60 61 -63
leaf_value=-0.0015535226385215324 -0.026257518556764944 -0.032608735843131224 -0.0009781328394701421 -0.022547199748511097 -0.023708349544586432 -0.022965389296622153 -0.017292652963662947 0.14787696373601822 -0.015466894121648714 0.1150294134630377 -0.0074188361363104628 0.027741818920609614 0.021327204159627685 0.22001979783967582 -1.8471163470127601e-05 0.036011723722259859 0.00026232433590074182 0.06393289354041197 0.015636035111812708 -0.012343245067048932 0.046998978125568497 0.070814651499680817 -0.037100280120863437 -0.028847044311627143 -0.016803664112808859 0.30079719246809472 -0.041186967100472524 -0.022325811749727302 -0.02391410738572718 0.15684929633341327 0.017016729617501166 0.15936548769356171 0.1156728234471483 -0.031595097973128775 -0.0047559656608619086 0.055334280503602701 0.13268273011613632 0.071490566521186752 0.0078978653076463012 0.12360788226817823 -0.041100504382649818 -0.0039724697542782199 -0.04613532862897838 0.24555491398173973 0.071823039785392451 -0.017213157604885117 0.0020186970563817728 0.22466027052177173 -0.032711737373134944 -0.001415591544426223 0.192329432229182 0.22484729188931257 -0.042985631548437896 0.18719808113170722 0.0077111471908263146 0.019852398080198713 -0.034446511849324651 -0.0081842863139777317 0.010243056887973608 -0.0090902471353705248 0.01288015076045633 0.0010738178383642102
leaf_weight=503.69735853897873 6.5139565251301992 49.10285183484666 57.770074111409485 109.51240414916538 49.395806189859286 29.372418429818936 1.7126728252042078 1.1351211331784714 70.435408339020796 0.50503656780347128 393.12737411889248 18.551569755189121 26.100652088178322 2.1176947704516338 7.9702768430579454 1.0563354741316286 22755.727818034589 1.6175202475860713 1.4158308408223077 136.71903478703462 1.4398998874239644 3.5808258473407468 26.579314812086523 23.223284489009529 4.6517510102130473 0.75433892058208574 6.0712638325057915 9.1440823036246019 3.9383138753473785 1.5880083707161237 3.5641825445927662 1.3289047083817416 1.1038696551695455 8.1939212186261994 1.2003533095121381 2.2589590349234641 3.160073765553534 2.7568377573043108 4.0623821560293427 2.1645036309491843 6.3609000169672063 7.6002817428670815 2.1397562599740922 0.91264479560777534 1.5354985464364292 1.7005654862150548 52.089547990588471 0.80891532497480501 3.1239832509309053 29.520634737564251 1.1363680411595849 0.62645228230394367 1.2737715225666764 0.53176146664191015 0.76263951102737337 26.465357622131705 26.794932162389159 46.770095080137253 436.05536139383912 308.21815858315676 259.41569181531668 4622.6544571593404
leaf_count=110011 863 32446 15760 24444 17970 5339 290 19 14037 115 81649 826 1034 236 873 130 323674 75 216 12211 196 215 2931 2318 529 106 566 1195 238 166 199 134 138 680 83 186 171 162 214 77 1009 688 244 73 200 191 5625 106 148 3690 205 115 311 140 186 125 123 210 2648 3055 1181 20606
internal_value=0.00016086 -0.00730149 -0.0112765 -0.00959801 -0.00700446 -0.00308307 -0.00211523 0.0157982 -0.00327154 -0.0217664 -0.00523154 0.00596459 0.000501985 0.0240284 0.0470842 0.163278 0.000486 -0.00715061 0.000466869 -0.00525391 -8.03999e-05 0.0107228 -0.00889224 -0.000458143 0.0423685 0.125843 -0.0079256 0.00675623 0.0179252 0.039088 0.0576099 -0.0231408 0.00785956 -0.012534 0.0823554 0.0430055 0.0732546 0.0159005 0.00791419 0.0502276 0.00425224 0.0294245 0.0594368 0.132937 0.0290129 0.0701259 -0.00265056 0.133637 0.0036603 0.0110396 0.0683083 0.00570692 0.071087 0.0246851 0.0931701 0.000532376 0.000514162 -0.0178515 0.000562004 0.00177314 0.0010604 0.00170244
internal_weight=30170.8 1318.17 677.965 628.862 518.845 640.205 610.832 36.6994 574.133 110.017 469.449 76.3216 28852.7 19.2758 11.1443 3.17403 28833.4 8.13148 28807.3 325.172 188.453 84.3957 104.057 65.6509 9.57876 2.17017 56.0722 32.8489 26.7776 17.6335 13.6952 38.4064 11.827 9.29779 2.52926 12.1072 6.72426 7.40859 80.8149 6.22689 74.588 16.1376 8.53728 2.35254 6.18474 4.04498 58.4504 2.34441 5.38294 35.5643 2.84904 32.7153 3.19462 2.56817 1.2944 28482.1 28455.6 73.565 28382.1 5626.34 5190.29 4882.07
internal_count=693601 307553 173210 140764 116205 134343 129004 4956 124048 24559 98235 16586 386048 2177 1239 366 383871 938 382837 31215 19004 8838 10166 6200 1013 322 5187 2869 2303 1108 870 3966 1035 818 217 704 370 691 8623 291 8332 1698 1010 269 741 497 6634 306 334 4937 495 4442 752 637 326 351622 351497 333 351164 27490 24842 21787
is_linear=0
shrinkage=0.05


Tree=97
num_leaves=63
num_cat=0
split_feature=7 8 1 3 3 1 2 4 3 7 2 1 2 2 3 2 2 1 1 4 4 2 4 7 3 4 3 8 2 2 3 4 4 2 2 2 1 2 2 5 1 2 2 1 3 3 2 3 3 2 4 3 3 5 5 5 2 5 3 3 3 2
split_gain=27.9247 8.19667 6.78365 7.44226 11.7569 6.30031 6.66303 11.479 12.2903 6.11797 5.978 7.49516 5.09296 4.74498 4.68918 6.47567 7.83564 4.64255 5.15311 6.71355 6.50068 5.30141 8.78036 4.35206 4.31577 4.72635 6.52785 4.24388 5.93278 3.99366 5.05027 3.86703 5.73412 18.3682 4.24739 3.80165 3.6396 5.49446 5.21909 8.3365 5.2712 11.6611 6.87143 7.89611 8.27745 10.4324 10.506 8.84655 8.76853 7.69157 7.16038 6.20395 9.17425 5.87425 5.70743 5.58438 6.56027 5.50258 8.05149 9.4107 14.5565 10.3878
threshold=3.5000000000000004 1.0000000180025095e-35 60.500000000000007 215.50000000000003 224.50000000000003 3.5000000000000004 189.75000000000003 245.50000000000003 34.500000000000007 2.5000000000000004 1271.1550000000004 15.500000000000002 15080.935000000001 203.21500000000003 1.5000000000000002 31.145000000000003 34.885000000000012 57.500000000000007 20.500000000000004 178.50000000000003 56.500000000000007 1440.9300000000003 5.5000000000000009 2.5000000000000004 10.500000000000002 445.50000000000006 15.500000000000002 3.5000000000000004 1559.1500000000003 367.72000000000008 5.5000000000000009 2583.5000000000005 2582.5000000000005 1076.5550000000001 1498.9550000000002 409.91000000000003 2.5000000000000004 52.810000000000009 377.98500000000007 44.500000000000007 9.5000000000000018 6864.7800000000007 3447.6850000000004 33.500000000000007 515.50000000000011 153.50000000000003 61411.715000000004 135.50000000000003 161.50000000000003 32232.585000000003 3.5000000000000004 286.50000000000006 258.50000000000006 11.500000000000002 20.500000000000004 13.500000000000002 1193.8700000000001 2.5000000000000004 7.5000000000000009 11.500000000000002 16.500000000000004 1381.4100000000003
decision_type=2 2 2 2 2 2 2 2 2 2 2 2 2 2 2 2 2 2 2 2 2 2 2 2 2 2 2 2 2 2 2 2 2 2 2 2 2 2 2 2 2 2 2 2 2 2 2 2 2 2 2 2 2 2 2 2 2 2 2 2 2 2
left_child=1 12 3 5 -5 6 9 13 24 -3 11 -7 23 -8 15 -11 -17 18 19 20 21 22 -12 -1 31 26 -26 28 29 -15 -31 32 34 -34 -9 -28 -2 -38 39 -39 41 55 -42 44 45 46 47 -44 -47 51 -49 52 -50 -43 -52 57 -57 58 -40 61 -61 -60
right_child=36 2 -4 4 -6 10 7 8 -10 14 17 -13 -14 27 -16 16 -18 -19 -20 -21 -22 -23 -24 -25 25 -27 35 -29 -30 30 -32 -33 33 -35 -36 -37 37 38 40 -41 42 53 43 -45 -46 48 -48 50 49 -51 54 -53 -54 -55 -56 56 -58 -59 59 60 -62 -63
leaf_value=-0.010843752420063505 0.018791235902796997 0.002787973397121446 -0.044972587872715367 0.14894777305013826 0.0046927739462733296 -0.0080035382227127815 0.073199642334501158 0.045553284713244442 0.19472800545996727 -0.011207275825705043 -0.014709533636278777 -0.021735978941701931 0.12567561038722946 -0.010730943503349806 -0.019611656152447726 0.22218927105314809 0.02546021604125627 0.087484215461997583 -0.010573803610247567 0.012332911825133961 -0.037153213505941023 -0.0063785795831609333 0.10826626777769528 -0.034568541767884223 -0.042331464955324485 -0.047174249989339972 0.012732050648190907 -0.032481280333275062 -0.044843607322101929 0.011607646512547004 0.075111357789656386 -0.011514340885135147 0.048431794447319487 0.3630205259182866 -0.043776690630634114 0.18048110755137348 0.042216694978767941 -0.008279246147228931 -0.041413781825385368 0.084162173405144258 -0.001691167758320535 -0.005957993536238014 0.0035980726822301213 0.00041281856073152796 -0.039305156986892298 0.041067143713069743 -0.025419889356060144 -0.035221806863950385 0.006512303912715265 0.043352165057094744 0.0030587593390522354 0.026205477506419474 -0.038866970572551125 -0.048874685823886953 -0.043974818713015396 0.050602929121469936 0.0071208880210647477 0.0022829699761154464 0.0819331654744615 -0.022286002192812966 0.022941527151739072 -0.011921374784212735
leaf_weight=37.081005650688894 27.014893153915182 147.32508121640421 10.988779264269395 1.8762244102545071 5.2496423209086061 503.35171066015027 1.9026150107383717 13.469026400707675 1.1240293812006701 23.228708635317162 2.8098073843866578 124.67603481258266 0.46757271746173401 10.868638085201384 76.232249834341928 0.45042698783799906 9.0723928583320212 1.351145741296931 105.45985786127858 90.479469629237428 15.453126968815921 34.583750951569527 2.7315248511731625 42.471114471671171 1.1497131758369499 3.1703782114200294 0.69397500995546557 10.842455377802251 5.2343507325276724 13.018254117108883 4.1629144013859323 2.7352369893342248 2.4344720945227887 0.50414860737510014 1.3395434513222415 0.76607475709170103 7.7780611799098542 217.3351749854628 5.8276045264210543 2.3585122898221007 3387.158759659389 22.085139499977231 2106.9831391749904 22302.686317292741 11.177001130767165 26.097889251075685 32.943322101607919 25.320036740973592 138.82777166832238 16.074420072138309 48.512495737988502 35.142379554919899 11.992460600100456 12.700860194861887 7.3186131492257109 16.193638784810901 19.302944850176573 259.92771357763559 10.436342956963925 22.827507053269073 78.237225726712495 3.9398421766236416
leaf_count=19585 1067 32937 2295 56 408 113210 159 3130 184 7880 86 31545 84 520 26258 115 2041 253 17383 11449 1582 1439 269 30176 184 825 130 1082 96 425 140 689 665 48 134 91 346 14112 301 24 141572 331 30673 179063 90 345 252 207 1567 96 783 337 132 76 67 187 174 6522 760 1538 5249 177
internal_value=0.000152428 -0.00699042 -0.00597392 -0.00561424 0.0449024 -0.0059194 -8.43269e-06 0.0132465 0.0388229 -0.00382828 -0.00812598 -0.0107407 -0.0225097 -0.00191385 -0.0128124 0.00287289 0.0374973 -0.00161061 -0.00214367 0.0039121 -0.00970442 0.000808542 0.045868 -0.0236002 0.0312472 -0.00608162 0.0418918 -0.00542377 0.00331145 0.0126026 0.0276292 0.0420027 0.0505493 0.114219 0.0368979 0.109881 0.000476584 0.000459183 0.000447594 -0.00722626 0.000506738 0.00586683 0.000420574 0.000709631 0.00339799 0.0035965 0.00254757 0.00297206 0.0137812 0.0102133 -0.0132045 0.00730016 0.00284748 -0.021866 -0.00308484 0.00819868 0.0271844 0.00641097 0.0152086 0.0181436 0.0126646 0.0559619
internal_weight=30165 1308.76 1228.74 1217.75 7.12587 1210.62 329.725 73.4158 27.3866 256.309 880.896 628.028 80.0197 46.0292 108.984 32.7515 9.52282 252.869 251.518 146.058 55.5782 40.1251 5.54133 79.5521 26.2626 5.78014 2.60976 44.1266 33.2842 28.0498 17.1812 20.4824 17.7472 2.93862 14.8086 1.46005 28856.2 28829.2 28821.4 219.694 28601.7 451.479 28150.2 24763.1 2460.39 2449.21 2221.08 2188.13 228.135 202.037 81.1511 185.963 150.82 34.786 55.8311 416.693 35.4966 381.196 121.269 115.441 101.065 14.3762
internal_count=693601 307553 257708 255413 464 254949 77733 8502 6080 69231 177216 144755 49845 2422 36294 10036 2156 32461 32208 14825 3376 1794 355 49761 5896 1230 405 2263 1181 1085 565 4666 3977 713 3264 221 386048 384981 384635 14136 370499 15315 355184 213612 34549 34459 31982 31730 2477 2132 1057 2036 1699 407 850 14908 361 14547 8025 7724 6787 937
is_linear=0
shrinkage=0.05


Tree=98
num_leaves=63
num_cat=0
split_feature=7 7 0 1 2 4 2 2 2 1 2 2 2 2 3 4 0 2 3 0 3 1 0 4 0 4 0 2 2 3 1 3 2 4 3 1 2 4 1 2 3 0 4 3 2 1 1 3 3 4 1 2 2 2 2 0 3 4 4 3 0 3
split_gain=25.4031 7.76138 10.3078 10.0234 10.4065 6.88753 8.96984 11.0755 7.44221 11.9767 7.30643 6.26233 8.86508 7.22596 6.90214 5.80616 8.02433 7.84582 7.56341 6.70279 6.59332 6.52042 6.35391 4.80794 18.0407 14.307 4.70151 5.49388 4.67828 9.93402 9.2143 7.37645 6.93458 4.55066 12.1792 16.7365 7.10819 31.0549 4.49391 5.57475 8.25495 8.03877 12.4635 10.1637 12.048 7.2289 6.146 6.95957 6.12496 5.16779 5.36337 5.1192 4.30039 4.27443 4.98047 4.88945 4.12531 4.56575 22.8435 8.07032 10.9781 4.52905
threshold=3.5000000000000004 1.5000000000000002 18.500000000000004 7.5000000000000009 74.615000000000009 154.50000000000003 1076.5550000000001 2289.3550000000005 1836.7900000000002 4.5000000000000009 1836.7900000000002 691.19500000000016 203.21500000000003 189.75000000000003 1.5000000000000002 2581.5000000000005 17.500000000000004 157.15500000000003 9.5000000000000018 11.500000000000002 5.5000000000000009 5.5000000000000009 10.500000000000002 5.5000000000000009 8.5000000000000018 18.500000000000004 1.0000000180025095e-35 388.41000000000003 367.72000000000008 94.500000000000014 60.500000000000007 52.500000000000007 7443.6900000000014 164.50000000000003 47.500000000000007 18.500000000000004 409.91000000000003 85.500000000000014 37.500000000000007 1910.9350000000002 64.500000000000014 1.5000000000000002 745.50000000000011 102.50000000000001 2716.0150000000003 28.500000000000004 8.5000000000000018 179.50000000000003 93.500000000000014 332.50000000000006 10.500000000000002 267.02000000000004 13423.850000000002 225.80500000000004 79.00500000000001 5.5000000000000009 21.500000000000004 776.50000000000011 797.50000000000011 26.500000000000004 28.500000000000004 17.500000000000004
decision_type=2 2 2 2 2 2 2 2 2 2 2 2 2 2 2 2 2 2 2 2 2 2 2 2 2 2 2 2 2 2 2 2 2 2 2 2 2 2 2 2 2 2 2 2 2 2 2 2 2 2 2 2 2 2 2 2 2 2 2 2 2 2
left_child=1 38 3 4 -3 10 15 8 9 -8 11 12 13 -6 -14 16 17 18 20 -20 22 -19 -7 -13 25 -25 27 -17 29 -5 -31 32 33 36 -35 -36 37 -30 39 46 -41 43 49 44 45 -42 56 51 -44 50 -43 -48 -40 54 55 -28 61 -58 -59 60 -60 -1
right_child=-2 2 -4 28 5 6 7 -9 -10 -11 -12 23 14 -15 -16 26 -18 21 19 -21 -22 -23 -24 24 -26 -27 53 -29 31 30 -32 -33 -34 34 35 -37 -38 -39 52 40 41 42 48 -45 -46 -47 47 -49 -50 -51 -52 -53 -54 -55 -56 -57 57 58 59 -61 -62 -63
leaf_value=0.00023190800465555542 0.00045235086754102867 -0.01620260816676751 -0.01818541160388407 -0.031276440943550088 0.012022243226275729 0.12881165370832046 0.17333937272784677 -0.017636156024829625 0.22520597107649648 -0.042287553213359169 -0.042349539007132869 0.013068155128156858 0.077132578547299047 0.098551507283057546 -0.019508268304341384 0.078256711688004313 0.23238619469380972 0.034006911455775626 0.24571879681253606 -0.021027692088863084 -0.021436186994359473 -0.047484306568580326 -0.036753006390536407 0.22687126736584326 -0.046357036602102962 0.036245841924583931 0.22797438879692444 -0.042357386746445291 -0.0084434963913619324 0.31004858044266265 -0.02641732092770507 -0.032422705027106313 0.073848909291329909 -0.028590693197237251 0.34798063680633912 0.010972147341008201 -0.0026047660752259935 0.35956683956094804 -0.027146785992889139 -0.0013566174816191392 0.29718546205436852 0.12456820304190062 0.033148822008426664 -0.00065179101612478421 0.055096151938786003 0.070981655461751697 -0.033029533563018763 0.065443716683223616 0.29321877931596341 -0.038319608534085281 0.011812557778665099 -0.0083920988433810965 0.037403359000791135 0.015398221110522754 -0.03945476184877373 -0.025304588128234995 0.0088829732871271699 0.40522732019030105 0.28057606623606179 -0.028019144518885597 0 -0.024721603239288556
leaf_weight=205.71863870450761 28863.211003952194 55.292857635649852 262.52777096058708 42.470742431585677 29.592212581075728 2.4141392720630459 1.2384905647486446 1.6919499039649961 1.3441946866223586 1.124667508061975 8.4522821530699712 12.459043998271229 1.8177135372534383 2.5624902322888365 41.781240009702742 3.4034094908274737 0.43088598793838073 7.0238971463404578 0.91406234027817823 0.24406741815619171 1.9910969992633907 3.6259617216419429 0.64826963515952218 1.8774562221951772 2.1608910863287747 2.199205728713423 0.25960615323856728 1.1605740601662544 2.5116253856103863 0.31626868457533319 0.3218532808823511 28.20369376486633 2.6820848246570668 32.806546363048255 0.40232637175358732 1.5363167749019337 84.758624281268567 0.63206152128987003 28.305375045165423 63.608038876205683 1.0486371993320043 1.038088776171217 0.49783284519798954 3.0378417491447181 3.656873220577836 0.72391319274902333 23.728090596036054 2.897976355161517 0.4820576444035396 4.8563583055511108 18.337487378157675 199.39972914638929 2.6893448871560386 9.0451894343132135 10.201283681672065 0.30344071914441884 51.23411577870138 0.33918437897227605 0.50476410915143766 2.6122604488627985 0.90355793316848576 19.808856264338829
leaf_count=54254 386048 14103 95470 14094 1954 790 116 137 71 179 195 235 48 184 2548 1053 145 1932 377 103 789 1231 257 96 174 179 99 240 348 74 133 6559 160 12415 138 621 8929 132 5538 6219 129 48 117 238 273 128 6559 195 88 763 2083 42662 218 2694 4075 133 8748 90 195 1105 418 4275
internal_value=0.000144249 -0.00669277 -0.0104734 -0.00542013 0.00228766 0.00914456 0.0249752 0.0852586 0.132761 0.0711383 0.00183823 0.00588605 -0.000458157 0.0193572 -0.0151974 0.0168582 0.0389349 0.0323557 0.0765987 0.188327 0.046866 0.00561282 0.0921289 0.0317228 0.0674008 0.128563 0.000895978 0.0462632 -0.0134882 -0.0280855 0.152982 -0.00934146 -0.00408577 -0.00588957 -0.0211813 0.0970026 0.000115189 0.0728103 -0.00273069 -0.00176773 0.00917455 0.0291574 0.0146226 0.0711762 0.111554 0.216198 -0.00387806 -0.0100168 0.181025 0.00697182 0.018719 -0.0110481 -0.0212828 -0.00948506 -0.0308038 0.100705 0.0010416 0.0132396 0.061969 0.0226662 0.115621 -0.00194767
internal_weight=30163.1 1299.86 664.43 401.903 205.261 149.968 47.0652 5.3993 3.70735 2.36316 102.903 94.4503 75.7537 32.1547 43.599 41.6659 17.2924 16.8615 6.21164 1.15813 5.05351 10.6499 3.06241 18.6966 6.23755 4.07666 24.3735 4.56398 196.642 43.1089 0.638122 153.533 125.33 122.648 34.7452 1.93864 87.9023 3.14369 635.429 604.434 97.2871 33.6791 25.2118 8.46727 5.42942 1.77255 507.147 226.026 0.97989 24.2319 19.3756 223.128 30.9947 19.8095 10.7643 0.563047 281.121 55.5939 4.35977 4.02058 1.40832 225.527
internal_count=693601 307553 173210 77740 34137 20034 14421 503 366 295 5613 5418 4734 2138 2596 13918 5624 5479 2316 480 1836 3163 1047 684 449 275 8294 1293 43603 14301 207 29302 22743 22583 13174 759 9409 480 134343 128587 10086 3867 3099 768 530 257 118501 49416 205 2894 2131 49221 5756 7001 4307 232 69085 10556 1808 1718 613 58529
is_linear=0
shrinkage=0.05


Tree=99
num_leaves=63
num_cat=0
split_feature=4 5 1 3 3 4 6 0 4 0 1 6 6 4 4 1 1 3 3 4 4 3 3 3 0 3 4 6 4 4 8 3 6 3 6 4 6 6 1 4 1 6 6 1 6 0 1 3 3 6 6 4 6 0 0 1 3 0 0 0 4 0
split_gain=22.052 4.86796 7.68696 10.3574 6.42562 6.30512 7.22613 12.4233 11.4203 10.6353 8.80429 6.09978 11.0766 10.5888 6.5147 5.97745 5.60317 11.0397 10.3444 7.33347 6.60477 8.61047 16.9552 7.39165 6.9779 5.5535 8.04469 6.07244 5.16309 5.14118 4.92394 4.88204 7.88063 7.4577 7.10983 6.7676 9.59649 8.62705 14.8805 8.38655 21.1313 10.2332 9.24366 7.28064 6.14192 5.85264 7.92076 5.52182 5.29413 5.76856 6.29887 6.81973 4.90564 7.36662 10.8268 4.81138 6.87039 6.38687 5.60394 13.2446 30.6523 6.66963
threshold=300.50000000000006 3.5000000000000004 52.500000000000007 175.50000000000003 632.50000000000011 245.50000000000003 88.02500000000002 35.500000000000007 17.500000000000004 4.5000000000000009 34.500000000000007 1292.3900000000001 667.55000000000007 162.50000000000003 5.5000000000000009 5.5000000000000009 20.500000000000004 55.500000000000007 56.500000000000007 276.50000000000006 284.50000000000006 25.500000000000004 37.500000000000007 14.500000000000002 31.500000000000004 106.50000000000001 31.500000000000004 681.3900000000001 20.500000000000004 131.50000000000003 2.5000000000000004 66.500000000000014 119.84000000000002 129.50000000000003 307.38500000000005 115.50000000000001 232.24500000000003 33.215000000000011 41.500000000000007 93.500000000000014 27.500000000000004 8.8400000000000016 29.920000000000005 25.500000000000004 73.925000000000026 1.5000000000000002 42.500000000000007 28.500000000000004 41.500000000000007 227.02000000000001 274.94500000000005 35.500000000000007 131.29000000000005 7.5000000000000009 21.500000000000004 9.5000000000000018 25.500000000000004 212.50000000000003 27.500000000000004 24.500000000000004 508.50000000000006 274.50000000000006
decision_type=2 2 2 2 2 2 2 2 2 2 2 2 2 2 2 2 2 2 2 2 2 2 2 2 2 2 2 2 2 2 2 2 2 2 2 2 2 2 2 2 2 2 2 2 2 2 2 2 2 2 2 2 2 2 2 2 2 2 2 2 2 2
left_child=1 2 3 11 -4 6 -5 8 9 10 -8 12 16 14 30 -3 17 19 -19 -1 21 23 -23 24 -21 27 -27 -16 -29 -10 -14 34 33 44 35 37 -37 38 39 41 -41 43 47 -18 -33 -34 52 -43 49 -39 51 -51 53 -47 -55 56 58 -57 59 -2 -61 -60
right_child=55 15 4 5 -6 -7 7 -9 29 -11 -12 -13 13 -15 25 -17 31 18 -20 20 -22 22 -24 -25 -26 26 -28 28 -30 -31 -32 32 45 -35 -36 36 -38 48 -40 40 -42 42 -44 -45 -46 46 -48 -49 -50 50 -52 -53 -54 54 -56 57 -58 -59 61 60 -62 -63
leaf_value=-0.0028442513772274445 -0.0028341975801852333 0.012561228129974251 -0.017091430163650966 -0.01539091444955098 0.062509350883100154 0.10244181534922286 -0.018809388041875624 0.11695725528524661 -0.016254307974402485 0.11613492116334055 0.070113280681591728 -0.013774855979548157 0.07048692017022222 0.094446171804528897 0.060216635640327199 0.00048049879250272706 0.0045922341545765093 0.074772697159473961 0.0094860902934527543 0.20152531545979696 0.0071474720197050381 0.22790071626119676 -0.0065984788935010731 -0.045920486506781752 0.012794132703406725 0.079316581676178402 0.0015698987726859082 -0.022569373318309494 0.0038864722757516999 0.065667166280050024 0.019702347848133902 0.00048645512131567138 0.018523912217112384 -0.039827323744693388 -0.027654517809157883 -0.026304408340610971 0.076126463408559761 -0.032147957722882224 0.22676734474580035 -0.013551088043226937 0.27079607449082588 0.092503409300318362 0.11034891749329474 0.21677654018158177 -0.024749091470482217 -0.0090064452796596861 -0.027315826771374552 -0.025618167503923928 -0.00033121955601465858 0 -0.046981992492116875 0.11947998850889026 0.0020574061856578436 0.18802012603415819 -0.0044162815700992996 -0.015080190735590596 0.013882483178577513 0.17344886893744846 -0.017529487156844291 0.28190584541139119 0.014135444719356899 -0.0018279232584552019
leaf_weight=998.82087925123051 130.91202307795174 102.7164959339425 102.70351368957199 12.809520283713935 2.4780544484965494 2.1774905733764163 5.7184269977733475 3.4610353354364625 17.231967537198219 4.34236489329487 5.1544450670480728 101.48085089307278 5.9016991518437854 3.6753148310817769 3.9320560237392774 27179.707188654225 0.80725524597802223 6.2664112655911586 145.41153434570879 0.69414715934545101 16.414330200059339 1.6968797803856435 1.2697865802329031 2.1515425543766469 1.4853275341447441 5.6001391056925049 8.3288230104371888 24.042454807087779 77.413489789701998 2.0406099022366098 27.135969644412398 86.271406788844615 52.85784889664501 19.572104061953723 53.315189282409847 54.370709920302033 2.2689777142368248 30.193699941737577 0.80182135198265214 1.532502764835953 0.98982759960927058 0.94997025583870787 1.4543758814688779 0.83559975237585604 33.164943799842149 2.5413960949517778 23.633246142882854 14.388055679621173 97.331140209222212 2.9002005243673912 2.4055992541834712 1.9572081426158545 109.21045547211543 1.5767446905374529 1.2001095875166354 225.19282871822361 40.371248353505507 0.34658844140358169 179.43107592291199 1.2546784209553141 5.3453435533447191 109.76578519190662
leaf_count=97766 43026 1728 7807 995 106 141 106 147 841 127 137 2679 89 187 168 273382 102 514 11341 120 2713 280 201 363 264 145 277 709 3002 121 479 11697 2692 2366 2741 9216 232 3071 106 267 161 149 165 117 3273 214 1589 1898 8442 138 147 160 6685 150 109 67921 9657 78 68228 251 2147 39471
internal_value=0.000136698 0.000344144 -0.0019254 -0.00125591 -0.015111 0.0205491 0.0167431 0.0277332 0.0183223 0.0505953 0.0231448 -0.00182846 -0.00119598 0.0115656 0.0094728 0.000526211 -0.00232388 -0.000314545 0.0122638 -0.00218626 0.0252158 0.0645342 0.128958 0.0173621 0.081301 0.00397363 0.0335269 0 -0.0023497 -0.00702805 0.0291105 -0.00626997 -0.0021853 -0.0112484 -0.0113068 -0.007184 -0.021986 -0.00178602 0.0273098 0.0184007 0.102199 0.00617604 -0.0054763 0.121629 -0.00649394 0.00438636 -0.000995695 -0.0174266 -0.00653693 -0.0224855 0.0168951 0.049848 0.00441099 0.0508892 0.105852 -0.00868103 -0.00576549 -0.0146916 -0.00763893 0.00063621 0.0692332 -0.0115899
internal_weight=30161.4 29468.8 2186.37 2081.19 105.182 52.9359 50.7584 37.9488 34.4878 15.2152 10.8729 2028.25 1926.77 156.03 152.355 27282.4 1770.74 1174.21 151.678 1022.53 23.712 7.29768 2.96667 4.33102 2.17947 119.317 13.929 105.388 101.456 19.2726 33.0377 596.53 330.028 139.008 266.502 213.187 56.6397 156.547 21.7594 20.9576 2.52233 18.4353 16.7924 1.64285 119.436 191.02 138.162 15.338 134.788 37.4567 7.26301 4.85741 114.529 5.31825 2.77685 692.62 467.08 225.539 426.709 137.512 6.60002 289.197
internal_count=693601 462822 187712 179799 7913 2615 2474 1479 1332 370 243 177184 174505 5056 4869 275110 169449 113562 11855 101707 3941 1228 481 747 384 4301 422 3879 3711 962 568 55887 28775 17336 27112 24371 9448 14923 2965 2859 428 2431 2212 219 14970 11439 8747 2047 11958 3516 445 298 7158 473 259 230779 162780 67999 153123 45424 2398 107699
is_linear=0
shrinkage=0.05


Tree=100
num_leaves=63
num_cat=0
split_feature=5 0 1 2 6 6 2 0 4 4 1 0 2 1 5 1 5 1 6 1 6 2 6 5 1 6 6 4 2 1 4 1 0 2 6 4 4 0 4 2 4 1 1 0 1 2 1 1 5 2 6 6 5 6 6 6 2 1 6 2 6 1
split_gain=18.9898 8.54073 10.0133 7.65524 5.70435 8.53826 8.20829 7.06079 8.99028 5.17627 6.70486 9.71013 8.85237 6.88988 9.24345 7.72559 9.73458 6.50159 6.00593 16.2778 24.636 5.65928 7.34703 6.49368 8.99193 6.59255 21.9815 6.30063 6.23865 10.7081 10.3805 14.2229 6.86407 9.99078 17.5774 9.01043 9.7749 6.56649 8.33105 12.4902 9.7042 6.76086 5.96749 5.85361 5.57007 10.6891 7.96755 5.53733 11.1361 7.36263 9.48032 10.8426 6.45024 8.18993 6.76713 7.89065 6.17238 8.43065 15.8627 5.53562 5.47715 5.37612
threshold=1.5000000000000002 4.5000000000000009 52.500000000000007 114.70500000000001 1153.2450000000001 1039.1450000000002 9612.7750000000033 1.0000000180025095e-35 133.50000000000003 2.5000000000000004 137.50000000000003 1.0000000180025095e-35 19241.770000000004 92.500000000000014 93.500000000000014 133.50000000000003 41.500000000000007 141.50000000000003 19.830000000000002 27.500000000000004 16.570000000000004 3447.6850000000004 1321.1800000000003 12.500000000000002 43.500000000000007 279.82000000000005 257.02500000000003 70.500000000000014 2544.6300000000006 31.500000000000004 5.5000000000000009 38.500000000000007 1.0000000180025095e-35 551.68500000000006 73.925000000000026 41.500000000000007 10.500000000000002 52.500000000000007 49.500000000000007 3154.1800000000007 70.500000000000014 9.5000000000000018 11.500000000000002 8.5000000000000018 146.50000000000003 23137.850000000002 139.50000000000003 105.50000000000001 33.500000000000007 27136.745000000006 4013.4850000000006 3492.9750000000004 239.50000000000003 19919.455000000005 695.0200000000001 754.6500000000002 16971.395000000004 76.500000000000014 7167.670000000001 6681.2600000000011 37.020000000000003 88.500000000000014
decision_type=2 2 2 2 2 2 2 2 2 2 2 2 2 2 2 2 2 2 2 2 2 2 2 2 2 2 2 2 2 2 2 2 2 2 2 2 2 2 2 2 2 2 2 2 2 2 2 2 2 2 2 2 2 2 2 2 2 2 2 2 2 2
left_child=1 2 4 -2 5 6 -1 -8 -9 47 12 44 13 14 18 -15 -17 -13 19 -11 -21 22 23 24 28 26 -25 -26 32 37 31 -31 33 34 -20 36 -36 38 41 40 -40 -30 43 -27 46 -46 -12 49 -49 52 51 -51 53 54 60 59 57 -54 -59 -56 -5 -62
right_child=3 -3 -4 9 -6 -7 7 8 -10 10 11 17 -14 15 -16 16 -18 -19 21 20 -22 -23 -24 25 27 42 -28 -29 29 30 -32 -33 -34 -35 35 -37 -38 -39 39 -41 -42 -43 -44 -45 45 -47 -48 48 -50 50 -52 -53 56 -55 55 -57 -58 58 -60 -61 61 -63
leaf_value=0.0017254746322957787 0.021926134822744393 -0.0075052808371609842 -0.032025197056739493 -0.036991483443322322 -0.043729514155497459 0.15017031893809762 -0.0064957971255033917 0.022875869089465074 0.14875458018137575 -0.0063449846679849292 0.0069144953979233112 -0.01340321791282513 0.001964855048993137 -0.0063004487265812988 -0.01425556260935705 -0.01879337185999938 0.043308397845984108 0.00036988153296993627 -0.047316313094096556 0.0064773943392561206 0.30306947173157772 0.00064275474709345561 -0.0099993924031363292 0.0013868129941118563 -0.011047940964277737 0.07331848657869193 0.11326868244779538 -0.046322959207631777 0.064072794208133305 -0.0054908765034190291 -0.014521602006063032 0.094640979284527665 -0.00389518953634413 0.0040927751677623048 0.11697149398583098 0.18349822874256677 -0.01064038669022117 -0.032077184068611403 0.076632050997428786 -0.014200237573942679 0.022735376897064556 0.00573719120089648 0.0019138553219447832 0 -0.031695519015415563 -0.0036593111884727133 -0.032925213333927665 -0.010841933877666073 0.00038758988027973423 0.011784737127657707 0.0040146926742996546 0.060538377268236826 -0.010769448461036599 -0.02202607721258798 -0.0224211980362507 0.00057447756151682609 0.027104488572119896 0.052927502088171208 -0.0063990111810607771 0.027380256391382925 0.0062403744379484405 -0.033769402626607485
leaf_weight=401.71273130690679 41.356279421714135 1127.1830804881174 22.083891149028204 7.4253801116719833 6.4705804176628581 0.88703895546495815 3.461010547121985 3.2525933217257261 2.648758486029692 5.7738891885383037 16.15464049950242 95.165035867132246 4318.1106737246737 736.26752958050929 118.01546098757535 9.6925775674171764 17.310361713171005 846.55743438983336 2.9302527257241291 1.6464445374440404 1.1721811601892111 5768.3516151874792 270.45148428808898 16.684460760094229 121.27882713940926 5.8018194986507279 5.9048949601128689 14.202887127175925 5.0535249710082999 9.8364003570750338 91.488044419325888 5.3640839820727697 1284.4564538476989 93.800433708587661 3.158106071408838 2.0355298174545169 2.6312342537567019 8.2692955131642503 15.138997754082082 10.979022355750201 19.564545074244961 157.95847766473889 297.82925175502896 4.8377585299313068 39.579373780405149 242.4735258910805 52.840473506134003 229.66909759119153 5637.5187108181417 46.744005493819714 1875.3974660336971 15.191455185413359 45.572501339018345 38.699090413749218 55.50284955650568 5063.2764192819595 44.704568833112717 19.927441760897636 25.425944060087204 6.0305787958204737 758.82386481575668 8.355134913697837
leaf_count=67843 1739 269858 4048 307 179 22 193 134 186 588 104 568 25688 9006 1015 155 138 4674 291 156 95 92815 5337 558 6799 97 135 1603 130 313 4578 166 76514 5027 109 190 166 412 680 543 1161 5237 7496 128 550 1273 359 2005 25897 343 8220 92 237 169 943 40358 183 123 124 102 15965 192
internal_value=0.000159889 -0.00519796 0.000694986 0.000453375 0.00244107 0.00318882 0.00282306 0.0488728 0.0817456 0.00042207 -0.000230853 -0.00366989 9.9939e-05 -0.000783693 -0.000367107 -0.00533092 0.0208457 -0.00101791 -0.00016709 0.0413691 0.137692 -0.00021163 -0.00222549 -0.00125799 -0.00241506 0.00518506 0.0312236 -0.0148142 -0.00143049 0.00481437 -0.00812296 0.0299054 -0.00288943 0.00941033 0.0548616 0.0938703 0.0589275 0.0111999 0.0129532 0.0318364 0.0465434 0.00761448 0.00325253 0.0398933 -0.0107675 -0.00762108 -0.0235282 0.00111489 -5.13112e-05 0.00196962 0.00465426 0.0239019 0.00111242 0.00086515 0.00101653 0.000357074 0.0118927 0.00433716 0.0196171 -0.0174228 0.00537246 0.00579378
internal_weight=30206.1 1567.7 440.517 28638.4 418.433 411.962 411.075 9.36236 5.90135 28597 14718.8 1292.77 13426 9107.89 8344.62 763.27 27.0029 941.722 8226.6 8.59251 2.81863 8218.01 2449.66 2179.2 1848.15 331.058 22.5894 135.482 1712.66 323.652 106.689 15.2005 1389.01 104.556 10.7551 7.82487 5.78934 216.964 208.695 45.6826 34.7035 163.012 308.469 10.6396 351.048 282.053 68.9951 13878.3 5867.19 8011.08 1937.33 61.9355 6073.74 5938.11 5899.41 5124.81 135.63 90.9259 45.3534 61.5334 774.604 767.179
internal_count=694316 342463 72605 351853 68557 68378 68356 513 320 350114 254854 7528 247326 221638 212339 9299 293 5242 211324 839 251 210485 117670 112333 103919 8414 693 8402 95517 13220 5057 479 82297 5783 756 465 275 8163 7751 2384 1841 5367 7721 225 2286 1823 463 95260 27902 67358 8655 435 58703 58036 57867 41403 667 484 247 1045 16464 16157
is_linear=0
shrinkage=0.05


Tree=101
num_leaves=63
num_cat=0
split_feature=5 0 3 4 2 2 0 5 4 2 3 0 2 0 3 7 0 2 2 3 2 2 5 5 3 5 3 0 3 3 3 2 4 4 5 3 0 4 2 5 4 4 5 5 4 3 8 5 0 2 0 3 8 4 3 0 5 5 0 2 2 3
split_gain=17.2244 7.79646 7.32667 5.75763 5.06225 6.59082 5.26435 10.906 4.90792 8.96775 10.661 9.38112 5.64428 11.3305 11.9585 4.7779 6.70315 4.69586 4.63388 6.35247 8.06565 14.8711 9.42161 12.7181 9.1201 7.41093 7.31978 5.3947 9.28473 6.93854 6.87403 7.66402 8.09349 10.0216 6.17432 5.21199 6.49991 6.20672 9.45445 6.67503 5.83176 6.40295 6.55042 8.8169 6.223 6.00936 7.12325 8.7541 8.55636 5.69271 6.58063 14.0334 9.26857 8.93839 5.27715 5.64536 12.7286 10.4385 6.11935 5.89302 7.97673 10.1164
threshold=1.5000000000000002 4.5000000000000009 4.5000000000000009 37.500000000000007 114.70500000000001 150.71000000000001 42.500000000000007 2.5000000000000004 2581.5000000000005 500.21000000000009 14.500000000000002 216.50000000000003 551.68500000000006 19.500000000000004 24.500000000000004 2.5000000000000004 5.5000000000000009 50481.130000000012 16281.775000000003 331.50000000000006 2069.5650000000005 3221.4250000000006 21.500000000000004 12.500000000000002 1472.5000000000002 7.5000000000000009 335.50000000000006 1.0000000180025095e-35 30.500000000000004 34.500000000000007 23.500000000000004 989.58500000000015 1.0000000180025095e-35 22.500000000000004 6.5000000000000009 163.50000000000003 23.500000000000004 34.500000000000007 1054.3550000000002 12.500000000000002 127.50000000000001 25.500000000000004 19.500000000000004 6.5000000000000009 39.500000000000007 181.50000000000003 4.5000000000000009 18.500000000000004 2.5000000000000004 4506.3700000000008 6.5000000000000009 179.50000000000003 2.5000000000000004 49.500000000000007 185.50000000000003 4.5000000000000009 46.500000000000007 54.500000000000007 1.5000000000000002 10952.565000000001 15080.935000000001 267.50000000000006
decision_type=2 2 2 2 2 2 2 2 2 2 2 2 2 2 2 2 2 2 2 2 2 2 2 2 2 2 2 2 2 2 2 2 2 2 2 2 2 2 2 2 2 2 2 2 2 2 2 2 2 2 2 2 2 2 2 2 2 2 2 2 2 2
left_child=1 17 3 15 6 -6 -4 -8 -3 -10 -11 12 13 14 -12 16 -2 -1 19 27 -21 22 23 25 26 -22 -23 28 30 -30 34 32 -32 -34 -7 36 -29 38 39 -38 41 45 43 44 -43 46 -37 -48 -49 50 51 -45 -53 -54 -47 57 -57 59 -59 -56 61 -61
right_child=2 8 4 -5 5 18 7 -9 9 10 11 -13 -14 -15 -16 -17 -18 -19 -20 20 21 24 -24 -25 -26 -27 -28 35 29 -31 31 -33 33 -35 -36 40 37 -39 -40 -41 -42 42 -44 49 -46 54 47 48 -50 -51 -52 52 53 -55 55 56 -58 58 -60 60 -62 -63
leaf_value=0.00035566504209950245 0.029930722302404567 -0.0056482269331738716 0.013045952322545127 -0.028906471807925743 -0.029912137425055298 -0.0040092460473383417 0 0.17948314595214424 -0.018977861056724013 0.052053212869026415 -0.0228773375790495 0.25409681909474141 -0.022753014192024839 -0.039705448069046995 0.37126719997141533 0.010470619906327012 0.10590302941283727 0.092812994423522241 0.0010125830911407623 -0.042578668300327603 0.079179268676786471 -0.025617767725835086 0.012388911075044631 0.14472180455331349 0.026844071225659794 -0.031923335232464982 -0.0034584733950056221 -0.0018745050690933695 -0.016260874626984185 0.0013430974639590781 0.028652589045793805 0.012162970369515339 0.13796656573251265 0 0.013959889993423942 0.015442369717372634 -0.02229205448498682 -3.3632561669587202e-05 0.013392203240647535 0.059666458909780312 0.046649991498964163 -0.034639597827836426 -0.017624208595276889 -0.047273759581468178 -0.0049707499983599295 -0.011700291709532372 -0.020738851088280118 0.017913236674791284 -0.0050072376320649007 0.0011573388502079741 0.0063273077682864491 0.0057480016364704935 0.17828940279870764 0.046279551344895878 -0.0064944392618435697 0.00964098509096868 -0.010679676088881004 0.016067736493449409 0.00024027967944362455 -0.00082893121752165811 -0.013178914838866788 0.019916204989424438
leaf_weight=439.55816281784791 14.28849961422384 922.87473283242434 27.055841477005746 4.92272307537496 17.844486043904908 96.323287261882797 1.9469344622921192 1.4195243935100732 165.59148904937319 10.159656493691729 0.26744430954568688 0.22819103801157226 18.515207912889309 0.86250292684417218 0.37467105349060148 19.978473735041916 3.7226391159929326 1.2783954653423268 14744.066575502511 12.813660699874161 2.9621367007493991 38.188164241611958 19.996230486780405 3.690924845635891 24.195623036473989 2.7859880207106471 1527.4126341915689 5577.7002099546371 56.874590252060443 3084.6125386250205 22.001116774976257 69.153955617919564 4.0998928267508736 1.9467565133236346 94.149290589615703 175.57613979279995 29.920584163162857 529.68342148582451 213.89740796713158 2.5852664038538924 7.024885914521291 26.625321085564792 79.298816539347172 2.3753470629453686 53.811669659335166 76.72586518432945 35.781189588829875 81.928750356659293 80.291613850742579 148.41591264121234 17.131958884187043 2.520933421328662 3.1663704384118319 2.4660804457962513 496.93953015841544 427.79342629853636 93.687441110610962 130.93299290910363 115.59921702742577 176.69512033089995 67.699839668348432 87.631254406645894
leaf_count=72534 311 183026 995 453 908 2219 199 89 75042 2979 120 53 8006 433 199 374 251 71 76730 278 142 438 222 79 154 78 14719 138978 1057 41122 353 1024 133 182 836 3270 1945 26803 5060 78 422 1042 1232 105 2650 1048 480 689 793 2909 638 97 132 123 7859 6607 880 878 907 1551 525 806
internal_value=0.000151206 -0.00496525 0.000430031 0.0210528 0.000398837 0.000376913 0.0207536 0.0790934 -0.00718439 -0.0143855 0.0104398 -0.0103476 -0.0148582 0.0745392 0.219405 0.0277168 0.0464072 0.000656113 0.000396124 -0.000261903 -0.00319116 -0.00287378 0.032264 0.0732732 -0.00352949 0.0248503 -0.00400378 0.000130436 0.00181152 0.00102229 0.0104094 0.0212375 0.043311 0.0944991 0.0048492 -0.000528289 -0.00127741 0.00300711 0.00956132 -0.0154574 0.00146103 0.00132377 -0.00506977 -0.00116384 -0.0148843 0.00237513 0.00811015 0.00157861 0.00654176 0.00508057 0.0258709 0.0568424 0.0879859 0.123179 0.00109165 0.00171006 0.00597931 -0.000355704 0.0086696 -0.00304656 0.00209918 0.00603466
internal_weight=30200.1 1559.71 28640.4 42.9123 28597.4 28567 30.4223 3.36646 1118.87 195.999 30.4077 20.248 20.0198 1.50462 0.642115 37.9896 18.0111 440.837 28549.2 13805.1 1632.05 1619.23 29.4353 9.43905 1589.8 5.74812 1565.6 12173.1 3429.16 3141.49 287.674 97.2017 28.0478 6.04665 190.473 8743.91 6353.79 776.087 246.403 32.5059 2390.12 2383.09 335.812 256.514 80.437 2047.28 373.578 198.002 162.22 176.077 27.6607 10.5287 8.15338 5.63245 1673.7 1596.98 521.481 1075.5 246.532 828.966 332.026 264.326
internal_count=694316 342463 351853 1389 350464 349181 1283 288 269858 86832 11790 8811 8758 752 319 936 562 72605 348273 271543 16110 15832 521 299 15311 220 15157 255433 46926 42179 4747 1692 668 315 3055 208507 172864 33886 7083 2023 35643 35221 8928 7696 3692 26293 5232 1962 1482 4004 1095 457 352 255 21061 20013 7487 12526 1785 10741 2882 2357
is_linear=0
shrinkage=0.05


Tree=102
num_leaves=63
num_cat=0
split_feature=5 8 3 2 2 2 2 6 1 1 1 6 1 2 2 2 6 1 2 3 1 2 2 2 6 6 2 1 2 5 2 3 6 3 2 1 6 1 3 2 2 5 3 3 5 3 6 5 3 1 3 6 1 3 3 1 6 3 3 3 2 1
split_gain=15.6167 7.62404 6.47512 5.5909 9.87463 5.32542 7.05678 7.52321 4.99484 5.51445 7.6086 4.81502 4.63537 6.25876 4.4897 6.10934 5.55161 7.11084 5.31829 6.11367 4.45368 7.13069 5.36461 8.24654 4.73524 4.97198 4.48906 4.44346 12.4031 12.0675 11.5837 11.4015 13.1962 11.5743 14.591 11.8807 10.4592 9.83426 9.38348 9.18036 12.0608 13.5505 16.0124 10.2002 9.45694 8.29663 8.43632 9.42622 9.4925 8.19635 9.05489 7.83875 8.43572 9.23374 25.4088 7.76628 7.32148 7.0795 7.05626 7.28382 6.93007 18.7338
threshold=1.5000000000000002 1.0000000180025095e-35 4.5000000000000009 2896.6700000000005 3154.1800000000007 176.84000000000003 114.70500000000001 136.49000000000004 327.50000000000006 294.50000000000006 302.50000000000006 185.87500000000003 277.50000000000006 109266.49000000001 114.70500000000001 150.71000000000001 23.905000000000005 4.5000000000000009 61.025000000000013 12.500000000000002 52.500000000000007 5712.7400000000007 7443.6900000000014 7049.3100000000004 1083.4800000000002 1039.1450000000002 50481.130000000012 105.50000000000001 22017.785000000003 79.500000000000014 11687.245000000001 278.50000000000006 3056.2250000000008 298.50000000000006 39261.270000000011 62.500000000000007 24577.890000000003 154.50000000000003 264.50000000000006 61411.715000000004 30326.465000000004 83.500000000000014 666.50000000000011 355.50000000000006 224.50000000000003 230.50000000000003 1859.3400000000004 29.500000000000004 384.50000000000006 150.50000000000003 1348.5000000000002 1206.0400000000002 96.500000000000014 384.50000000000006 321.50000000000006 90.500000000000014 32681.165000000005 865.50000000000011 326.50000000000006 261.50000000000006 20116.000000000004 132.50000000000003
decision_type=2 2 2 2 2 2 2 2 2 2 2 2 2 2 2 2 2 2 2 2 2 2 2 2 2 2 2 2 2 2 2 2 2 2 2 2 2 2 2 2 2 2 2 2 2 2 2 2 2 2 2 2 2 2 2 2 2 2 2 2 2 2
left_child=1 3 5 -1 -5 6 -2 -8 9 12 -11 -7 14 -14 16 -16 -4 -18 -19 -20 24 -22 23 -23 25 26 -3 28 -17 30 37 38 51 34 35 -34 -36 45 -30 40 43 42 -42 -35 -43 -29 47 58 -49 50 60 -33 53 54 -53 -44 -46 -41 59 -47 61 -32
right_child=2 20 8 4 -6 11 7 -9 -10 10 -12 -13 13 -15 15 27 17 18 19 -21 21 22 -24 -25 -26 -27 -28 29 31 -31 49 32 33 39 36 -37 -38 -39 -40 57 41 44 55 -45 56 46 -48 48 -50 -51 -52 52 -54 -55 -56 -57 -58 -59 -60 -61 -62 -63
leaf_value=-0.023071505477734022 0.017296584048804207 -0.0033833002854350824 -0.020679614874256933 0.24262616462478415 0.0055052547976293387 -0.049499307700154684 0.13899264234300865 0.025334100504611431 0.022690024381888104 -0.035570225595793849 -0.0013355736771144388 0.013397169233625956 0.027729566331984881 -0.0001219510686413633 -0.029216664227028954 2.4788107094417326e-05 0.0030865500109519342 0.11756959625471167 -0.00031281592942733721 0.079316540513094419 -0.043932745889604177 0.012146306808417728 -0.012825041314983866 0.20282893506949198 -0.028181933735861499 0.090818177371163905 0.083825769915846254 -0.038337735692099986 0.0015359027536905746 0.00088048346826318966 -0.00082945039077106332 0.070696438084472887 0.061952644086744391 -0.0025246181404782451 -0.011098400212315172 0.020094085155849269 0.018391993238795101 -0.053880604019581203 -0.010083935360446321 0.0071440705930985969 -0.0016015909603437778 -0.023345570501621685 0.0087164170826350869 0.012648931206295228 0.021011401461526167 -0.032410357547148112 -0.015973914123993779 -0.011158689334829787 0.047145121269754932 -0.0073298955425998517 0.034441310408296268 -0.017746552965302153 0.060007399627859531 -0.018092878004039536 0.090848449057382638 0.044404717224207586 -0.015600765544850823 0.027785815967249595 -0.021724708273414012 0.035061471265156845 -0.0025319663235116186 0.022459525446187976
leaf_weight=74.312271083705127 12.027805696940051 1422.5046784798615 6.5941955775488195 0.41206651111133341 3.471646855934523 3.4083984582684961 3.0266215654555699 3.0665123586077243 24.969335718080401 25.17924565449357 46.268767312169075 22.197931737173349 36.286870105192065 44.464697383344173 17.370358043350279 14686.194616293418 12.285850453190507 2.8118597702123216 4.8566360771656019 4.453914541285485 17.171146882115867 2.2986379885114725 9.3650051541626436 0.68969143275171507 19.174992498010397 1.301397131755947 1.3729491257108737 24.647993204183877 2710.9897010959685 5262.9431103877723 418.44578741118312 9.4518586322665197 20.26707186549902 166.65124412626028 64.7767074406147 108.28535014390945 55.835683256387711 14.132676821202038 185.47204981744289 573.64211538434029 625.83518518134952 112.50520329922438 34.205895856022835 327.07789951190352 26.225028723478317 5.4285646569915142 122.65798008441925 10.508671224117281 19.829875228926539 606.99088243325241 17.957507900893688 11.780002634972336 10.615326553583143 16.716955803334713 9.6938075758516771 28.135740585625172 28.208051383495331 44.936961710453033 34.112111605238169 13.98855351586826 1854.8423009067774 108.58528668247163
leaf_count=49551 456 285998 356 108 932 149 120 83 114 116 207 581 165 209 908 274693 423 78 223 203 3684 371 953 99 671 44 52 453 15201 23642 3483 154 107 875 326 553 243 280 949 2534 2978 469 157 1662 111 169 1234 155 245 3830 93 123 113 167 100 128 119 199 866 346 9777 928
internal_value=0.000143114 -0.00474129 0.000407985 -0.0199614 0.0373781 0.0196141 0.0403145 0.0839314 0.000378375 0.000358623 -0.0135031 0.00467067 0.000393594 0.0123505 0.000359402 0.000338421 0.0193487 0.0304071 0.0574352 0.0376864 -0.0039291 -0.0231515 0.00545378 0.0629165 -0.00353113 -0.00319401 -0.00328982 0.000356795 0.000766649 -0.000598412 -0.00299321 0.00287248 0.00552193 0.00490107 0.015058 0.0267752 0.00251624 -0.0134423 0.000789789 0.0036115 0.00129395 -0.00229416 0.00079958 0.00751772 -0.0150704 -0.0109263 -0.00761364 0.00455832 0.0268153 -0.00213866 -0.000823303 0.0290095 0.0207061 0.00952334 0.031238 0.0249485 0.00195292 0.00865593 -0.0079894 0.0158724 -0.00109271 0.00396269
internal_weight=30193.9 1552.07 28641.8 78.196 3.88371 43.7273 18.1209 6.09313 28598.1 28573.1 71.448 25.6063 28501.7 80.7516 28420.9 28389.9 31.0025 24.4083 12.1224 9.31055 1473.88 29.5245 12.3533 2.98833 1444.35 1425.18 1423.88 28372.6 19857.5 8515.07 3252.13 5171.31 2274.85 2216.59 249.165 128.552 120.612 245.306 2896.46 1967.42 1348.84 855.115 688.177 493.729 166.938 231.174 206.526 83.8678 30.3385 3006.82 2399.83 58.258 48.8061 38.1908 21.4738 62.3416 54.4331 618.579 53.5292 19.4171 2381.87 527.031
internal_count=694316 342463 351853 50591 1040 1389 659 203 350464 350350 323 730 350027 374 349653 348370 1283 927 504 426 291872 5107 1423 470 286765 286094 286050 347462 301961 45501 21859 27268 11118 10461 1229 660 569 3748 16150 9232 6499 3962 3263 2537 699 3468 3015 1781 400 18111 14281 657 503 390 223 285 230 2733 1381 515 14188 4411
is_linear=0
shrinkage=0.05


Tree=103
num_leaves=63
num_cat=0
split_feature=5 0 1 6 6 1 1 1 4 1 0 1 5 6 5 6 8 1 1 0 4 1 6 1 1 6 5 6 5 4 6 5 6 5 4 1 1 5 5 5 6 5 5 6 5 0 1 6 4 1 1 5 6 1 5 6 5 5 5 1 5 6
split_gain=14.1554 7.15286 9.06192 5.19628 6.48305 4.49545 5.0039 6.87557 4.48975 5.98349 8.9069 6.93753 9.75837 6.63882 8.25275 6.14218 9.20561 6.18753 8.76358 15.1306 6.86265 6.03054 5.97525 5.14435 7.31118 6.85701 5.41326 7.10996 6.8781 4.72114 10.0846 4.56288 5.71789 6.41655 5.95491 5.08124 4.5547 6.77523 13.6391 7.61605 5.4645 4.69309 4.4842 5.76098 5.7005 5.81633 6.19706 4.50506 4.4604 5.44467 4.45285 12.9813 18.6935 10.0732 21.0562 12.425 8.36586 8.01021 18.6752 7.22308 6.16418 8.77261
threshold=1.5000000000000002 4.5000000000000009 52.500000000000007 1153.2450000000001 1039.1450000000002 327.50000000000006 294.50000000000006 302.50000000000006 2.5000000000000004 137.50000000000003 1.0000000180025095e-35 132.50000000000003 53.500000000000007 4642.4650000000011 38.500000000000007 27.910000000000004 2.5000000000000004 24.500000000000004 45.500000000000007 4.5000000000000009 152.50000000000003 141.50000000000003 268.36500000000007 146.50000000000003 139.50000000000003 3789.8950000000004 67.500000000000014 11949.950000000003 55.500000000000007 5.5000000000000009 12547.26 76.500000000000014 16536.615000000002 288.50000000000006 3.5000000000000004 57.500000000000007 149.50000000000003 76.500000000000014 68.500000000000014 82.500000000000014 3692.4500000000003 118.50000000000001 175.50000000000003 16536.615000000002 108.50000000000001 1.5000000000000002 184.50000000000003 9891.1650000000027 2581.5000000000005 8.5000000000000018 227.50000000000003 271.50000000000006 26830.130000000005 214.50000000000003 572.50000000000011 56324.710000000006 522.50000000000011 242.50000000000003 197.50000000000003 221.50000000000003 1224.0000000000002 32681.165000000005
decision_type=2 2 2 2 2 2 2 2 2 2 2 2 2 2 2 2 2 2 2 2 2 2 2 2 2 2 2 2 2 2 2 2 2 2 2 2 2 2 2 2 2 2 2 2 2 2 2 2 2 2 2 2 2 2 2 2 2 2 2 2 2 2
left_child=1 2 3 4 -1 6 8 -8 22 11 23 15 13 14 -13 16 -10 20 19 -19 -18 -12 -2 24 -11 -25 28 -28 -27 -14 -31 -17 33 34 -33 -34 41 38 40 -39 -38 -23 44 -44 47 -46 -47 -41 49 -3 53 52 -52 56 55 59 -24 58 -54 -55 61 -58
right_child=5 48 -4 -5 -6 -7 7 -9 9 10 21 12 29 -15 -16 31 17 18 -20 -21 -22 36 50 25 -26 26 27 -29 -30 30 -32 32 35 -35 -36 -37 37 39 -40 42 -42 -43 43 -45 45 46 -48 -49 -50 -51 51 -53 57 54 -56 -57 60 -59 -60 -61 -62 -63
leaf_value=0.0028370541755528395 0.0081644665593158302 -0.00085773830529253651 -0.03107932405364679 -0.042963929113569624 0.12229413627375868 0.021549439573815887 -0.03382679877520807 -0.0012688712799003518 0.1435134605710213 0.006394005340623319 -0.012882471163351356 -0.0042711359829475095 0.008980414178854576 -0.021173320785481411 0.057125169625469312 0.00017854413155671834 -0.010216959519196945 0.18467369170752421 -0.025733588452607432 0.012904255462821194 0.11280642246569511 0.0024642232003925625 0.0010852896399837237 -0.029676798540418894 -0.03174956328932297 -0.0035948350141436374 -0.026704095608654495 -0.0033937487226904494 0.029815115170325208 0.055864123268056613 0.011384459068323039 0.0020472836337839242 -0.01920684628667689 0.022728259135945662 -0.011704450093361891 0.0019844265381906935 -0.021900634550261949 0.028016736717710652 -0.039561510172724884 0.01358384682950519 0.0019737245954872841 0.020570000766822655 -0.02348478331989463 -0.0015424997652795501 0.030096813795026219 -0.0016720568576140066 0.02005287326489686 -0.011141120787769444 -0.013615889128415506 -0.0086428767872483957 0.010406971682155333 0.011683036208424671 -0.031212678797509948 -0.032012253696057917 0.034442548850758578 0.0080593984749264425 -0.00035527345005351499 -0.04205303479922104 0.014414079768053268 -0.010469299837370681 0.0075385228709082212 -0.020314735402519164
leaf_weight=410.9425278196577 288.96335670817643 404.22868126421236 21.013894624193199 6.0807671248912802 1.0412389002740372 24.981341993436217 25.158771190792322 46.271184451878071 1.4418799139093632 16.2301174858585 94.770735032390803 20.628799770027403 62.963667951524258 33.531470589339733 7.2862523719668379 12335.373547567753 14.979867774993187 2.2354296967387191 2.2834197802003473 3.0311991004273295 1.1251023616641749 132.27621278213337 12463.955890029669 30.37009840644896 52.162447816226631 46.596639715135098 43.388974770903587 134.93075262755156 22.752907387912273 21.46195637062192 32.22452487051487 101.36674500256777 30.239381119608879 16.841836426407099 343.01172285526991 415.59354089945555 30.596738112857565 25.497170731425285 31.852261386811733 23.80725060403347 108.0867460295558 49.409471817314625 37.554363548755646 148.59466445446014 28.602124318480492 99.688070867210627 48.574922673404217 78.663604199886322 191.86795557604637 509.68466249259654 116.45018028095365 327.47190461307764 49.748153850436211 81.252676207572222 23.960492610931396 45.122359856963158 100.66052418202162 26.522729530930519 40.517057791352272 76.583571318536997 53.127121701836586 122.80649624764919
leaf_count=68356 7342 94688 4048 179 22 114 116 207 137 104 568 306 297 187 67 239955 1447 187 203 263 142 824 83251 583 359 279 238 573 125 140 140 640 140 115 2553 1769 506 126 173 153 650 234 218 631 130 463 213 339 86832 88338 508 1461 211 352 103 207 434 117 176 333 233 511
internal_value=0.000135547 -0.00452612 0.000862886 0.00248746 0.0031807 0.000387159 0.000368436 -0.0128375 0.000401699 -0.000205321 -0.0034658 0.000105791 0.00990585 -0.00615282 0.0117225 -2.54571e-05 0.0246369 0.0166067 0.053642 0.0888264 -0.000670843 -0.000929135 0.00104918 -0.0103172 -0.0226287 -0.00726382 -0.00448441 -0.00910546 0.0073218 0.0184058 0.0293296 -7.27602e-05 -0.0034955 -0.00739864 -0.00855655 0.000531895 0.000409783 -0.00151 -0.0100965 0.00146367 -0.00326946 0.00742421 0 -0.00600629 0.00400915 0.0094542 0.00542063 -0.00534033 -0.00667036 -0.00520541 0.000896772 0.00526019 -0.00373736 0.000707675 -0.00973018 -0.0149841 0.000894048 -0.0178804 -0.0106837 -0.0216043 -0.00770293 -0.0113506
internal_weight=30188.4 1544.86 439.078 418.065 411.984 28643.6 28618.6 71.43 28547.2 14730 1284.41 13445.6 178.097 61.4465 27.9151 13267.5 25.0969 23.655 7.55005 5.26663 16.105 937.974 13817.1 346.432 68.3926 278.039 247.669 178.32 69.3495 116.65 53.6865 13242.4 907.053 461.22 444.378 445.833 843.204 661.518 170.536 490.982 138.683 181.686 465.485 186.149 279.336 176.865 148.263 102.471 1105.78 913.913 13528.2 560.71 233.238 12967.5 226.919 202.959 12740.6 116.788 90.2652 157.836 276.594 223.467
internal_count=694316 342463 72605 68557 68378 351853 351739 323 351416 256177 7489 248688 1137 560 373 247551 2379 2242 653 450 1589 5228 95239 2261 463 1798 1215 811 404 577 280 245172 5217 3308 3193 1909 4660 3602 1329 2273 1156 1058 2147 849 1298 806 676 492 269858 183026 87897 2473 1012 85424 995 892 84429 504 387 685 1178 945
is_linear=0
shrinkage=0.05


Tree=104
num_leaves=63
num_cat=0
split_feature=5 8 0 1 2 2 0 2 2 2 2 0 0 2 1 1 2 1 2 0 2 2 2 1 6 1 0 6 0 1 7 2 2 0 0 0 2 2 0 8 2 1 2 1 2 1 2 2 6 2 2 1 2 2 1 2 6 6 2 2 2 1
split_gain=12.8366 6.98687 6.59164 6.88913 5.21308 9.8038 6.40772 9.22809 12.6877 10.8729 5.76685 5.79124 5.62545 7.87837 5.32427 6.0002 5.0129 4.93566 6.7946 5.86734 4.68834 9.27299 4.92083 4.76897 4.59196 8.45214 7.33636 6.10338 7.48005 8.5212 5.55826 7.16556 9.92702 5.90621 10.0038 10.2019 5.15222 5.00468 4.98123 4.86099 4.73578 7.39368 4.69331 4.67864 6.2854 4.54768 6.25406 5.8897 4.30367 5.52087 6.42786 8.33784 9.6757 8.06336 11.9844 6.0722 5.41479 6.87081 7.5982 14.0955 7.97548 6.95532
threshold=1.5000000000000002 1.0000000180025095e-35 3.5000000000000004 52.500000000000007 2896.6700000000005 3087.6500000000001 56.500000000000007 284.38000000000005 367.72000000000008 339.09500000000008 302.16500000000008 114.50000000000001 59.500000000000007 126.605 4.5000000000000009 3.5000000000000004 114.70500000000001 8.5000000000000018 234.215 5.5000000000000009 6179.2600000000011 7443.6900000000014 25693.415000000005 71.500000000000014 179.98500000000004 3.5000000000000004 71.500000000000014 104.90500000000002 69.500000000000014 5.5000000000000009 2.5000000000000004 388.41000000000003 632.56500000000017 50.500000000000007 20.500000000000004 16.500000000000004 320.53500000000003 276.09500000000008 28.500000000000004 3.5000000000000004 249.79500000000004 5.5000000000000009 488.92000000000002 6.5000000000000009 1381.4100000000003 3.5000000000000004 578.02500000000009 706.83500000000015 1153.2450000000001 1989.6000000000001 3676.7850000000003 12.500000000000002 3597.7800000000002 6341.6350000000011 46.500000000000007 2962.1900000000005 29.815000000000001 16.570000000000004 738.03000000000009 876.08000000000015 61.025000000000013 16.500000000000004
decision_type=2 2 2 2 2 2 2 2 2 2 2 2 2 2 2 2 2 2 2 2 2 2 2 2 2 2 2 2 2 2 2 2 2 2 2 2 2 2 2 2 2 2 2 2 2 2 2 2 2 2 2 2 2 2 2 2 2 2 2 2 2 2
left_child=1 4 3 48 6 -6 -1 12 9 10 11 -9 13 -8 15 -10 -2 18 -4 45 -5 23 -23 -22 25 26 30 40 -29 -30 31 -21 -33 34 35 36 -32 -36 42 -28 41 -27 -26 -44 -45 -20 -47 -48 49 56 51 55 -53 -52 -55 -51 57 61 60 -60 -59 -3
right_child=16 2 17 20 5 -7 7 8 14 -11 -12 -13 -14 -15 -16 -17 -18 -19 19 24 21 22 -24 -25 38 27 39 28 29 -31 33 32 -34 -35 37 -37 -38 -39 -40 -41 -42 -43 43 44 -46 46 47 -49 -50 50 53 52 -54 54 -56 -57 -58 58 59 -61 -62 -63
leaf_value=-0.038891485156678535 0.017209477898971322 0.0092822762842204587 -0.0064990873827359495 -0.04934957093386285 0.23893965588481245 0.0043660895068207617 -0.022465312124896008 -0.0080098205813449314 0.0031865920481245697 0.38868877141927927 -0.033729589102605644 0.35989857254812485 -0.021533386641773379 0.34572475439794553 -0.020449968168900975 0.22252792547973155 0.00034136720115642146 -0.0087766881821984225 0.095216834626052044 -0.04595102292599354 0.010082013040359111 -0.048560706663954963 0.05782890441307819 0.19587428074535132 0.056838586066493162 0.11777379144862965 -0.046995529417607998 0.013769804909736179 0 0.19346417032380223 -0.037594102596775279 0.17035398871472615 -0.012816985695754145 0.19318018892377598 0.11840660807624032 0.29107541599455777 0.11027430576563831 -0.045501574704158339 -0.030044325708179623 0.02444390545627009 -0.0039913058846134065 -0.00173537000045431 -0.030472363117223858 -0.022824369373757165 0.099621640357260566 -0.014060551085566956 0.16017952982531478 0.030363902944346956 -0.041248186967222655 0.10290956774483345 -0.018792067384496583 0.013452814044521672 0.14066133434716416 0.010242871732745211 0.13812320924088203 0 -0.0083518289383064572 0.090961979372184296 0.20889112016378031 0.037218257795890379 -0.0084400838826987745 -0.015513079654790938
leaf_weight=32.069334273925051 44.025837685447186 101.39418815169483 322.71837514289655 10.50084183283616 0.41842053376603816 3.5462126892525703 0.26258699758909543 0.1379258680390183 0.83802735747303791 0.35584046307485551 0.51217331527732313 0.14393718109931797 33.536983601399697 0.15267313458025455 3.6085166161647066 0.4501475275028497 28604.454086617916 563.11865008540917 2.6337321794126174 2.1951517183333653 0.72644894127733894 4.8262498236726969 1.2672222096007315 0.71199316764250398 3.6180060706101349 1.98353562504053 3.0741433673538241 7.6772275366820377 0.96484301472082767 1.3344188411720095 0.69042841205373484 1.2587793576531114 1.4946679086424408 1.1318144714459775 0.49310130742378566 0.63230459112673987 2.0746717418078333 2.0055399991106242 19.631692049093544 9.2521804601419717 111.1802259653341 3.1982309590093791 7.6539422255009395 2.0478273658081894 1.8890989031642673 5.6759680192917568 1.0860279300250111 4.2063347906805575 5.1351814838126293 5.3957765614613882 23.526450500590727 41.263412121217698 1.4651581202633668 15.304679333698006 2.0050574825145295 1.9338738175574688 101.7803628698457 2.3622397859580841 1.4418423315510143 6.1720962696708739 10.815760899335144 39.036044292151928
leaf_count=22132 1739 23923 97836 2403 86 954 214 103 432 246 353 101 23608 112 2032 218 350114 103736 263 442 103 571 85 114 298 523 1093 880 119 150 155 211 190 234 131 110 271 468 1583 1379 21758 834 441 157 93 1023 137 368 150 287 1876 4914 106 833 149 102 8623 129 180 833 1270 10338
internal_value=0.000128456 -0.00432112 -0.00354764 0.00213729 -0.019104 0.0356221 -0.0222291 -0.00868147 0.0475049 0.189954 0.0617856 0.211822 -0.0189447 0.144024 0.00992122 0.0939452 0.000367524 -0.00552806 -0.00201162 0.00523716 -0.0279011 0.00160165 -0.0250517 0.112049 0.00287388 0.00668022 0.0336289 0.00143427 0.0387871 0.11618 0.061376 0.01893 0.0722055 0.0898776 0.0663225 0.121019 0.0715839 -0.00791886 -0.0134127 0.00598997 -0.00175586 0.0444287 0.00778501 -0.00745423 0.035704 0.0368425 0.0216402 0.0604066 0.00366727 0.0043446 0.0149628 0.0269542 0.0182498 0.000111285 0.0260513 0.0760957 0.000651621 0.00636819 0.0331398 0.0726624 0.00955266 0.00234808
internal_weight=30186.5 1538.02 1461.99 377.065 76.0328 3.96463 72.0681 39.9988 6.04657 1.14988 0.794036 0.281863 33.9522 0.41526 4.89669 1.28817 28648.5 1084.92 521.802 199.084 18.0328 7.53191 6.09347 1.43844 185.482 150.641 24.3028 126.338 9.97649 2.29926 11.9765 4.9486 2.75345 7.02786 5.89605 3.3974 2.7651 2.49864 34.8406 12.3263 116.362 5.18177 15.2089 11.5909 3.93693 13.6021 10.9683 5.29236 359.032 353.897 90.8944 50.0582 42.7286 40.8362 17.3097 7.32965 263.003 161.222 20.7919 7.61394 13.178 140.43
internal_count=694316 342463 291872 56989 50591 1040 49551 27419 3485 803 557 204 23934 326 2682 650 351853 234883 131147 33311 3276 873 656 217 31520 28948 4684 24264 1149 269 2212 843 401 1369 1135 536 426 599 2572 2472 23115 1357 989 691 250 1791 1528 505 53713 53563 8267 5409 5020 2858 982 389 45296 36673 2412 1013 1399 34261
is_linear=0
shrinkage=0.05


Tree=105
num_leaves=63
num_cat=0
split_feature=2 5 5 5 3 2 2 1 2 3 3 1 5 8 0 3 0 2 3 0 2 8 2 3 3 1 3 2 0 0 0 2 5 1 0 3 1 2 3 2 8 1 3 1 5 2 2 2 1 5 2 3 5 5 3 3 1 3 8 5 1 0
split_gain=18.2946 7.3739 8.11753 10.5848 12.6479 7.27854 15.4064 7.04635 13.0958 9.80881 10.266 8.86255 7.90884 7.72373 6.69973 6.53456 8.19118 7.46264 6.18971 6.02861 13.3688 9.99363 9.64737 8.6821 13.7523 12.3013 7.50921 6.95916 8.97312 7.79735 11.0608 6.97194 7.01298 6.92986 6.61384 6.45612 9.45669 5.99565 5.84708 7.22888 5.71707 5.62341 14.3788 10.8372 10.2301 10.196 8.83506 17.0606 8.01753 12.7701 10.2572 9.42198 8.23018 7.40641 18.8749 9.77384 12.0875 8.3204 7.79178 8.44501 17.3056 12.6926
threshold=3676.7850000000003 50.500000000000007 87.500000000000014 105.50000000000001 215.50000000000003 2441.5550000000007 2200.9150000000004 19.500000000000004 358.63000000000005 110.50000000000001 113.50000000000001 8.5000000000000018 33.500000000000007 1.5000000000000002 3.5000000000000004 10.500000000000002 616.00000000000011 132.60500000000005 18.500000000000004 1.0000000180025095e-35 454.88500000000005 2.5000000000000004 2777.1150000000002 42.500000000000007 29.500000000000004 13.500000000000002 70.500000000000014 1145.2600000000002 85.500000000000014 101.50000000000001 25.500000000000004 3447.6850000000004 28.500000000000004 17.500000000000004 73.500000000000014 46.500000000000007 14.500000000000002 604.87500000000011 28.500000000000004 3024.5200000000004 1.0000000180025095e-35 61.500000000000007 169.50000000000003 101.50000000000001 100.50000000000001 7242.4750000000013 50481.130000000012 27136.745000000006 91.500000000000014 33.500000000000007 50481.130000000012 616.50000000000011 27.500000000000004 52.500000000000007 616.50000000000011 311.50000000000006 58.500000000000007 83.500000000000014 3.5000000000000004 30.500000000000004 21.500000000000004 5.5000000000000009
decision_type=2 2 2 2 2 2 2 2 2 2 2 2 2 2 2 2 2 2 2 2 2 2 2 2 2 2 2 2 2 2 2 2 2 2 2 2 2 2 2 2 2 2 2 2 2 2 2 2 2 2 2 2 2 2 2 2 2 2 2 2 2 2
left_child=1 7 5 -4 -5 6 14 8 15 11 -11 -10 18 -9 -3 17 -17 40 37 20 21 -20 26 24 25 -23 -22 28 -21 30 31 32 38 -32 -35 -30 -37 -13 39 -29 -1 53 43 44 46 -44 47 -43 50 -50 51 -47 -52 55 57 58 -57 -55 -2 -60 -61 -62
right_child=41 2 3 4 -6 -7 -8 13 9 10 -12 12 -14 -15 -16 16 -18 -19 19 27 22 23 -24 -25 -26 -27 -28 29 35 -31 33 -33 -34 34 -36 36 -38 -39 -40 -41 -42 42 45 -45 -46 48 -48 -49 49 -51 52 -53 -54 54 -56 56 -58 -59 59 60 61 -63
leaf_value=-0.026498271409176506 0.00023583519412507907 0.020196908161709645 -0.032624032692987352 0.027092624321037248 -0.019598753458529981 0.001119781597401546 0.075859678623099822 -0.032394157925330194 0.0058912928857418438 0.097843357360277883 0.014685306386855834 0.0051029983284565771 -0.034924529817419427 -0.0048932375269298868 -0.020134743681064656 -0.012410294298590682 0.15453048646828227 0.0066902039618480964 -0.016518388175290957 -0.0079227437076840931 0.011432211174702396 0.18977019173063978 -0.023704904291587361 0.18563540203276957 -0.046939126588194324 0.016639180228213559 -0.025599937175218825 0.01023653508071133 0.011077071773316899 -0.04920801945392983 0.0093775854569138391 0.027067671972225479 0.065439341930953729 0.031402747139364993 0.13821734779795988 0.023852002808930638 0.18617212570030522 -0.013944171358424391 -0.0073311878958463444 -0.03127555112095997 -0.0048133844539454953 -0.0066641462594704661 -0.0060653680841521286 0.03470773773595847 -0.031356013404513439 0.00072320933696228224 -0.020474233871216919 0.011563754587903947 -0.0052173600262566807 0.00040266727557248903 -0.0047445969936746255 0.013792130385466776 0.01008256765327906 -0.018951896113574007 -0.051664327459286043 0.006187592306617095 0.032600904606848939 -0.00031044118526982493 0.0018878966955820555 -0.03383897064382841 0.012111883236540458 -0.0044369350801775186
leaf_weight=34.261433681589551 4172.1109236507909 63.132064439356327 27.322270469740033 30.650569326244295 27.273247940465808 81.704113828018308 11.449507338926194 25.783211824600585 483.75715734600089 3.899049340048804 59.111868690466508 54.494520922075026 17.839408487081528 2369.0680049944203 12.096538402140139 348.31923431635369 0.63252048171125252 139.12404893082567 2.8972125776344893 420.77767687337473 173.09117165510543 2.1678821493405849 26.393995841266587 1.7921586590819059 1.9681850229389963 2.0378037777263671 14.69712607655674 103.71150354947895 12.114161982899533 7.2519683957798398 103.09628861036617 20.436702015576884 3.6239872500300399 25.338377731852237 1.4882701546885062 2.5931923439493398 1.3795835659839211 165.93222802889068 281.72977222478949 11.525032231933436 276.08905181312002 842.19537009659689 608.47791530669201 16.339715178124607 38.824514895677567 3362.3362090101 87.437631969340146 151.19471389753744 1130.8091766719008 9509.9400148922578 109.96770208468661 143.79201433283743 610.75956048071384 65.048558976501226 19.358097679913044 251.90892383642495 52.453474292997271 745.18219534866512 2006.3416653005406 23.937215637415648 654.70247036591172 140.22617025673389
leaf_count=25007 62814 536 294 304 252 837 114 11955 36797 196 2194 7035 177 121037 203 71325 209 24671 206 47748 6441 122 444 118 157 107 486 5119 2359 816 7463 513 46 1802 153 393 209 10701 13968 286 75535 10995 11071 194 205 25613 442 830 12101 45859 727 807 2586 345 97 2296 445 4064 29323 137 3733 964
internal_value=-0.000171448 -0.0027934 0.00552272 -0.00700668 0.00502608 0.011896 0.0219832 -0.0032002 -0.00149624 0.000657928 0.0200571 2.49624e-05 -0.00191779 -0.00519274 0.0136272 -0.00691182 -0.0120492 -0.0029105 -0.00150318 -0.000105678 0.00727852 0.0611691 0.00449461 0.0898981 0.0587945 0.109378 0.00849522 -0.00178129 -0.00650971 0.00191086 0.0026016 -0.00132378 -0.00279109 0.0153519 0.0380055 0.029962 0.084634 -0.00921242 -0.00344289 0.00601796 -0.00723118 0.000406092 -0.000120992 -0.00555047 -0.00614549 0.000277258 -0.00523246 -0.00388393 0.000537215 -0.000194155 0.00237952 0.00126099 0.00781298 0.00148352 -0.00299069 0.00199258 0.0107653 -0.00181538 0.00161013 0.00363777 0.00791837 0.00918618
internal_weight=30195.4 5452.05 253.628 85.2461 57.9238 168.382 86.6781 5198.42 2803.57 2005.15 63.0109 1942.14 1458.38 2394.85 75.2286 798.426 348.952 449.475 1440.54 1220.11 225.046 10.8632 214.182 7.96603 6.17387 4.20569 187.788 995.067 436.865 558.202 550.95 421.027 400.59 129.923 26.8266 16.0869 3.97278 220.427 396.966 115.237 310.35 24743.3 16612.1 1135.99 1119.65 15476.1 1080.83 993.39 14867.6 10640.7 4226.86 3506.13 720.727 8131.27 829.589 7301.68 304.362 810.231 6997.32 2825.21 818.866 794.929
internal_count=693983 478335 2540 850 556 1690 853 475795 342803 146056 2390 143666 106869 132992 739 196747 71534 125213 106692 88956 8081 710 7371 504 386 229 6927 80875 50709 30166 29350 19932 19419 9418 1955 2961 602 17736 19373 5405 100542 215648 111430 12666 12472 98764 12267 11825 87693 57960 29733 26420 3313 104218 4506 99712 2741 4409 96971 34157 4834 4697
is_linear=0
shrinkage=0.05


Tree=106
num_leaves=63
num_cat=0
split_feature=2 4 1 1 2 4 3 4 0 0 3 2 2 0 0 4 1 3 3 3 3 2 3 2 1 8 7 3 1 2 0 3 7 0 4 3 2 2 0 3 1 1 3 2 3 1 3 2 2 1 2 3 8 2 2 3 1 3 4 1 2 3
split_gain=16.577 7.93458 7.5339 6.30451 20.2301 14.6445 9.1165 12.4547 8.68845 7.88341 6.01835 7.4222 7.80111 9.01374 14.0541 8.57903 9.73471 33.6978 13.2711 9.00166 11.5521 8.11861 7.6957 7.15409 6.69228 6.12549 6.03166 5.96922 10.559 7.34791 6.11629 5.90715 8.18482 8.65258 7.2043 6.16535 5.42858 13.7127 5.53961 5.16705 6.65551 5.06785 13.7941 10.7665 5.52736 7.6871 7.53618 7.95026 8.42045 7.23099 9.25077 8.45278 6.45762 8.36129 6.68939 8.4031 6.81962 6.68605 6.22464 5.7383 5.72697 5.91074
threshold=3676.7850000000003 300.50000000000006 19.500000000000004 4.5000000000000009 196.71000000000001 2580.5000000000005 36.500000000000007 440.50000000000006 68.500000000000014 317.50000000000006 27.500000000000004 950.30000000000007 525.78000000000009 20.500000000000004 24.500000000000004 14.500000000000002 37.500000000000007 83.500000000000014 53.500000000000007 100.50000000000001 127.50000000000001 912.79500000000007 41.500000000000007 894.42000000000019 27.500000000000004 3.5000000000000004 2.5000000000000004 84.500000000000014 14.500000000000002 950.30000000000007 17.500000000000004 10.500000000000002 2.5000000000000004 56.500000000000007 2583.5000000000005 4.5000000000000009 591.47000000000014 676.3900000000001 5.5000000000000009 666.50000000000011 99.500000000000014 61.500000000000007 109.50000000000001 7242.4750000000013 169.50000000000003 101.50000000000001 151.50000000000003 50481.130000000012 28633.675000000003 91.500000000000014 50481.130000000012 616.50000000000011 4.5000000000000009 273750.53000000009 39261.270000000011 865.50000000000011 133.50000000000003 751.50000000000011 5.5000000000000009 170.50000000000003 19241.770000000004 127.50000000000001
decision_type=2 2 2 2 2 2 2 2 2 2 2 2 2 2 2 2 2 2 2 2 2 2 2 2 2 2 2 2 2 2 2 2 2 2 2 2 2 2 2 2 2 2 2 2 2 2 2 2 2 2 2 2 2 2 2 2 2 2 2 2 2 2
left_child=1 2 -1 4 -3 6 9 -8 31 -6 26 12 13 -12 -15 16 18 -18 21 23 -21 25 -13 -20 -16 36 -4 -5 29 30 -29 32 -7 34 -34 -35 -14 -38 -39 40 -24 -2 -43 -44 45 46 47 48 60 50 51 -46 53 54 57 56 -56 59 -50 -51 -45 -62
right_child=41 3 10 27 5 8 7 -9 -10 -11 11 22 15 14 24 -17 17 -19 19 20 -22 -23 39 -25 -26 -27 -28 28 -30 -31 -32 -33 33 35 -36 -37 37 38 -40 -41 -42 42 43 44 49 -47 -48 -49 58 52 -52 -53 -54 -55 55 -57 -58 -59 -60 -61 61 -63
leaf_value=0.0001436006474206128 0.0014076792221485272 -0.0080807420219861613 0.024676790467186762 -0.014336635930248068 -0.019612636841104897 0.26888610606001689 -0.039785624606675681 0.20557521609654139 0.0072181931889404713 0.14241769841023741 -0.023031183970516376 -0.013836589380094228 -0.026805232691075816 0.23073605259893057 -0.029310176858739347 -0.0025554877524924732 0.14745149546099162 -0.003964129742998204 -0.03366365631561017 0.09511133947294835 -0.018425727627026958 0.096560276316711047 -0.0033602813933259583 0.026115227594002824 0.13275430835536581 -0.0017482669192874301 -0.032600291913718195 -0.043864320981330668 -0.0046158541039760144 0.16699182262068599 0.094106703109223561 -0.00072159659453146716 0.085998315778144763 0.35323456105745271 0 0.052086208725066807 0.13823803883274188 0.044851793168437223 -0.031035991147837273 0.035133891134818789 -0.035805542498484944 -0.018131044560607545 -0.0056793920801089144 0.0019658370017156478 0.00068677473142402141 0.032425128550527781 -0.0099535007392261409 -0.020064014958401689 0.0057047754479226716 -0.0049055424695349801 0.0074180999731437124 0.013035583191081064 0.00014994605210681981 -0.051391492700553779 0.0038597785435078602 0.028214204758356221 -0.021236535390174796 -0.028555045786004037 0.035632708049226719 -0.046700127925744905 0.011382278860626906 -0.021038169026863271
leaf_weight=2245.19366644416 8138.3443772665923 248.51512672589161 5.222686229273676 318.11153304879554 18.15905677003321 0.52681392338127331 0.82626932067796488 1.0697262502508236 6.8692709859460583 0.67822767200413991 34.175509254448116 194.94689004309475 2.3428502120077637 0.78883815812878211 2.725568267051131 68.792434959905222 6.0698321089148513 8.9206023584119958 23.013877602759752 4.24156874604523 4.4527915362268686 4.5901323268190017 2105.5309705240652 6.2133245174773029 0.71855216333642591 12.467576924711464 30.799287715926766 1.363018630305308 18.735287131741643 1.5056515813339499 1.6273225387558339 2.1193018567282698 10.15889413107652 0.39577879465650845 3.0590262170881024 0.38901844795327634 3.5922473906539407 11.275497673545031 2.8921952513046554 8.5195651808753592 15.861445848830042 105.47311018779874 794.17200318025425 282.08832900004927 3363.6491400477244 14.370356888975946 343.67851243715268 45.707026824355125 46.433065801858902 467.22423761477694 721.08100833883509 144.51702140900306 9905.1627242509276 9.3895578708033991 151.05809636227787 29.170005783438683 32.860097016440704 34.232031812891364 28.198630695231259 8.2949551958590728 18.132451685843989 59.260546209290624
leaf_count=136733 104218 98368 880 111876 4129 198 95 139 2836 110 2569 9604 120 107 416 8515 144 174 709 115 118 157 87333 192 108 211 1318 203 5107 166 271 670 2292 120 750 124 190 432 166 116 454 1378 15339 3001 25613 132 2789 235 212 6303 3313 807 49341 68 1021 219 280 464 175 264 114 362
internal_value=-0.000163641 -0.00266343 -0.00196797 -0.00792246 -0.00251644 0.0285676 -0.0018557 0.0995065 0.0554945 -0.0127935 -0.0038231 -0.0035304 0.00576811 -0.0143727 0.0532974 0.0106749 0.0208267 0.0575856 0.0133543 -0.00734267 0.0368468 0.0345723 -0.00432178 -0.0207392 0.00588254 0.0254145 -0.0241122 -0.0125424 0.0117682 0.0797453 0.0302162 0.0749526 0.0862619 0.0771787 0.0659136 0.232367 0.0424334 0.0519461 0.0289007 -0.00344795 -0.0036069 0.000385524 -0.000115179 0 0.000287347 -0.00366294 -0.00430262 -0.000243435 0.00183607 0.000510341 0.00225924 0.00119726 -0.000184536 -0.00471544 -0.00409518 0.00332715 -0.000606035 -0.00720774 0.0171121 -0.00565479 -0.00132536 -0.013373
internal_weight=30180 5437.46 4803.35 634.109 292.767 44.2514 20.7333 1.896 23.5181 18.8373 2558.15 2522.13 197.273 38.4085 4.23296 158.865 90.0725 14.9904 75.0821 37.9216 8.69436 37.1605 2324.86 29.2272 3.44412 32.5704 36.022 341.343 23.2313 4.49599 2.99034 16.6488 14.5295 14.0027 13.2179 0.784797 20.1028 17.7599 14.1677 2129.91 2121.39 24742.5 16604.2 16498.7 15704.5 837.869 823.499 479.82 434.113 14866.6 4229.25 3508.17 10637.4 732.229 722.839 213.088 183.918 509.751 74.6317 475.519 359.481 77.393
internal_count=693983 478335 250881 227454 109831 11463 4473 234 6990 4239 114148 111950 14443 3200 631 11243 2728 318 2410 1134 233 1276 97507 901 524 1119 2198 117623 5747 640 474 4154 3484 3286 3042 244 908 788 598 87903 87787 215648 111430 110052 94713 7020 6888 4099 3864 87693 29733 26420 57960 8619 8551 1520 1301 7031 387 6567 3477 476
is_linear=0
shrinkage=0.05


Tree=107
num_leaves=63
num_cat=0
split_feature=2 5 1 3 2 1 6 5 3 3 1 3 5 1 3 6 2 7 0 2 6 3 6 2 3 1 5 3 3 0 2 6 3 3 3 3 6 6 2 3 3 5 6 0 3 6 6 2 1 5 2 3 0 0 3 3 2 6 6 6 5 0
split_gain=15.0158 6.74159 11.7609 10.3568 6.29501 12.6238 7.27693 6.39152 6.50446 5.8834 7.12535 6.556 8.37592 7.49071 9.97842 9.56063 8.99264 6.81168 20.591 18.4841 5.87331 5.76539 11.1061 7.15682 5.70753 6.25033 10.5291 11.3017 5.52984 6.68061 6.40878 10.7987 5.35995 5.20561 9.07203 8.72834 7.60983 8.18181 7.00019 11.2305 13.4026 6.20054 38.8405 8.00465 6.44304 7.84367 6.80303 6.181 6.08411 5.18987 5.02182 6.89582 7.23722 11.7507 4.99034 13.6151 16.4871 23.0321 18.595 8.68571 7.2215 6.15024
threshold=3676.7850000000003 34.500000000000007 42.500000000000007 666.50000000000011 358.63000000000005 8.5000000000000018 2262.3050000000003 29.500000000000004 95.500000000000014 212.50000000000003 23.500000000000004 151.50000000000003 22.500000000000004 39.500000000000007 91.500000000000014 262.71000000000009 1836.7900000000002 2.5000000000000004 2.5000000000000004 2200.9150000000004 382.89500000000004 58.500000000000007 913.61500000000012 1353.325 49.500000000000007 89.500000000000014 185.50000000000003 397.50000000000006 10.500000000000002 616.00000000000011 132.60500000000005 119.84000000000002 230.50000000000003 169.50000000000003 212.50000000000003 204.50000000000003 667.55000000000007 446.34000000000009 2245.8300000000004 258.50000000000006 286.50000000000006 5.5000000000000009 287.32000000000005 2.5000000000000004 191.50000000000003 954.42000000000019 564.93500000000006 3154.1800000000007 45.500000000000007 13.500000000000002 276.09500000000008 4.5000000000000009 13.500000000000002 19.500000000000004 147.50000000000003 127.50000000000001 2896.6700000000005 723.65500000000009 507.05000000000007 238.01000000000002 15.500000000000002 18.500000000000004
decision_type=2 2 2 2 2 2 2 2 2 2 2 2 2 2 2 2 2 2 2 2 2 2 2 2 2 2 2 2 2 2 2 2 2 2 2 2 2 2 2 2 2 2 2 2 2 2 2 2 2 2 2 2 2 2 2 2 2 2 2 2 2 2
left_child=1 2 4 21 28 7 9 8 -6 11 32 13 -13 -7 17 -16 -17 18 19 -15 -18 22 23 -4 -3 26 27 -26 30 -30 31 -1 -11 47 35 41 37 -37 39 -36 -41 48 -43 -44 45 46 -45 54 -35 -42 -32 52 -52 -54 55 -23 60 58 59 -58 61 -57
right_child=-2 24 3 -5 5 6 -8 -9 -10 10 -12 12 -14 14 15 16 20 -19 -20 -21 -22 33 -24 -25 25 -27 -28 -29 29 -31 50 -33 -34 34 38 36 -38 -39 -40 40 49 42 43 44 -46 -47 -48 -49 -50 -51 51 -53 53 -55 -56 56 57 -59 -60 -61 -62 -63
leaf_value=-0.0073771675012166693 0.00036599347483019334 -0.02291702390002991 0.092058510178473982 0.092625473557298554 0.0048623721999667092 -0.0025651414860200432 -0.019704086980761457 0.096624726253177903 0.048033945645272691 0.089924220345285397 0.00051420774542978846 -0.01954964379782783 0.047094389172258971 0.017548170771314042 -0.010816291539504502 0.11784226988402505 -0.023565606178539103 -0.0077517669785497614 -0.044316857650086909 0.40747988816705605 0.040843429928778506 -0.014460496181442734 0.12464499159204097 -0.037813115509400717 0.0065240873806989997 -0.022556517409600796 -0.038619804107163848 0.060214289662376297 -0.011296994763380828 0.13022068842399678 0.011928470134203116 0.11692386418014494 0.024177788660960639 0.075343886489044679 -0.034413172347804048 0.0407864254263322 -0.0066916618389195829 0.18199751238030942 -0.025342776767496307 0.16452816275917359 -0.030912522166248138 0.1608785767797023 -0.029638155260764618 0.068056483757638953 -0.027822513389406611 0.11027976551040648 -0.026388291236372999 -0.026650188636831232 -0.044066223696205831 0.06217847987131328 -0.0098312913750313365 -0.021411724684537229 0.28840793411337751 0.040368018462627553 -0.03047439192712402 -0.021382289529610653 0.14996846608698175 -0.030896852330225003 0.2653813910292126 -0.015153100750630553 0.044857831515793679 0.083895533894792124
leaf_weight=304.59978006384335 24744.192203204031 19.074439411982894 1.2899067112011824 2.2910655406303695 480.5353586076526 2993.607645598473 60.713357450440526 1.8465170562267292 8.8193652717163769 4.0771619426086572 32.894983619335108 84.807350397692062 4.8581766020506612 0.63743557035922938 11.435535952914504 3.4319172254763535 3.8950113756582168 49.899176867445931 1.5860563197638837 0.55508642469067127 27.28608872089535 153.56173140450846 2.1520756855607033 4.3177039525471628 343.75254106428474 19.366495688445866 12.36867365054786 10.021123785525559 356.52535255753901 0.73099821130745013 103.17491557612084 1.6532871737144876 14.085457508685066 1.0898881204193447 6.2243992660660279 2.6217956118052816 2.3090508095920086 1.8247333606705067 47.117939447402023 1.9656480394769458 2.9016200318001211 3.9007680541835716 15.680895327590408 3.2504538148641569 4.4810873996466389 2.978520929813385 4.2508892230689526 91.16636475850828 8.9756964984117058 2.8299534060060978 4.8768233112059516 28.436925001093186 0.49007168656680766 3.206805253168568 28.778419386013411 18.716722154757015 1.3951705066720017 2.683487007394433 1.9497845266014335 1.5655251396819947 7.0779331494122735 1.3853352486621577
leaf_count=100488 215648 196 141 83 36668 202172 797 17 343 96 1102 3575 87 146 1219 121 204 2454 349 74 792 9666 43 290 3906 222 104 101 74891 209 19173 54 383 100 387 198 59 58 1793 95 300 176 405 137 145 78 141 3748 1028 52 376 4335 57 730 1678 1446 143 65 65 73 169 132
internal_value=-0.000156099 -0.00253877 -0.00303978 -0.0109415 -0.00229674 -0.00144157 -0.00255778 0.00603203 0.0056603 -0.00223364 0.0145739 -0.00250535 -0.0158347 -0.00211674 0.0114181 0.0284047 0.0415005 -0.00336179 0.0712694 0.220403 0.0325883 -0.0115285 0.0307411 -0.0059735 0.00366387 0.00499762 0.00647446 0.00807565 -0.00631725 -0.0109571 -0.00259147 -0.00665187 0.039622 -0.0123272 -0.00305723 0.0123597 0.0649381 0.102564 -0.0161111 0.0147349 0.0550516 0.00415783 0.0143225 -0.00463433 0.0212635 0.0427894 0.0142353 -0.0156888 -0.0300308 0.0144716 0.00624176 -0.00946583 0.0293695 0.0812959 -0.011053 -0.00804415 0.0201072 0.0847371 0.148282 0.0633812 0.00162225 -0.0135002
internal_weight=30168.2 5423.98 5019.4 430.735 4588.67 3784.97 3293.77 491.201 489.355 3233.06 51.0576 3182 89.6655 3092.33 98.7263 46.0486 34.613 52.6778 2.77858 1.19252 31.1811 428.443 7.75969 5.60761 404.583 385.509 366.142 353.774 803.695 357.256 446.439 306.253 18.1626 420.684 112.403 51.3638 6.75558 4.44653 61.0396 13.9216 7.69722 44.6082 34.5426 30.6418 14.961 10.4799 7.50134 308.28 10.0656 5.73157 140.186 37.0106 8.5737 3.69688 217.114 188.336 34.774 7.59397 4.91048 2.9607 27.18 20.1021
internal_count=693983 478335 473806 22894 450912 250599 213571 37028 37011 212774 1581 211193 3662 207531 5359 2336 1117 3023 569 220 996 22811 474 431 4529 4333 4111 4007 200313 75100 125213 100542 479 22337 5152 2525 315 256 2627 834 447 2210 1082 906 501 356 278 17185 1128 352 24671 5498 1163 787 13437 11759 2093 346 281 216 1747 1578
is_linear=0
shrinkage=0.05


Tree=108
num_leaves=63
num_cat=0
split_feature=4 8 5 3 1 3 5 8 0 0 3 3 6 3 0 4 3 5 3 3 1 5 6 6 0 0 6 3 5 6 3 3 0 1 6 6 3 3 3 1 1 3 5 6 3 3 4 1 6 3 1 5 3 6 6 3 5 0 3 3 6 1
split_gain=12.724 7.11598 10.9765 9.91702 7.31011 9.23032 6.84288 6.71937 5.73392 9.79265 9.01349 8.80464 9.18757 7.41233 10.2138 11.4643 18.2852 10.2095 6.6972 6.68146 15.2636 5.53849 5.60733 7.67864 9.49152 9.38409 7.17723 7.27921 6.47142 7.39737 5.81309 7.78091 8.42109 5.48718 5.32407 10.1558 5.28493 7.62627 10.708 17.8024 8.03548 6.39802 6.42239 6.2695 7.37687 6.12041 5.5887 5.2807 7.95357 5.90283 9.32721 9.33233 10.7964 7.32728 10.3924 6.31525 7.51809 6.22872 5.28042 6.84162 10.0867 10.4623
threshold=300.50000000000006 4.5000000000000009 98.500000000000014 1472.5000000000002 88.500000000000014 803.50000000000011 82.500000000000014 2.5000000000000004 22.500000000000004 4.5000000000000009 350.50000000000006 43.500000000000007 8374.5800000000017 60.500000000000007 76.500000000000014 210.50000000000003 52.500000000000007 11.500000000000002 391.50000000000006 54.500000000000007 15.500000000000002 7.5000000000000009 382.89500000000004 1039.1450000000002 55.500000000000007 43.500000000000007 856.54000000000008 22.500000000000004 4.5000000000000009 856.54000000000008 18.500000000000004 28.500000000000004 29.500000000000004 20.500000000000004 88.02500000000002 257.02500000000003 173.50000000000003 391.50000000000006 340.50000000000006 58.500000000000007 74.500000000000014 331.50000000000006 38.500000000000007 13942.755000000003 175.50000000000003 68.500000000000014 31.500000000000004 134.50000000000003 10349.92 404.50000000000006 131.50000000000003 36.500000000000007 666.50000000000011 6199.9850000000015 4924.6250000000009 616.50000000000011 17.500000000000004 1.0000000180025095e-35 167.50000000000003 326.50000000000006 3056.2250000000008 102.50000000000001
decision_type=2 2 2 2 2 2 2 2 2 2 2 2 2 2 2 2 2 2 2 2 2 2 2 2 2 2 2 2 2 2 2 2 2 2 2 2 2 2 2 2 2 2 2 2 2 2 2 2 2 2 2 2 2 2 2 2 2 2 2 2 2 2
left_child=1 2 3 4 5 7 47 -1 9 36 -11 21 13 14 17 19 -17 -13 -12 34 -21 22 -10 24 25 28 27 -27 29 33 -25 32 -32 -24 -16 -36 45 38 41 -40 -41 42 43 44 -38 -9 -47 49 -49 53 51 55 -53 54 58 -51 -57 -56 -6 -60 -61 -62
right_child=-2 -3 -4 -5 6 -7 -8 8 11 10 18 12 -14 -15 15 16 -18 -19 -20 20 -22 -23 23 30 -26 26 -28 -29 -30 -31 31 -33 -34 -35 35 -37 37 -39 39 40 -42 -43 -44 -45 -46 46 -48 48 -50 50 -52 52 -54 -55 57 56 -58 -59 59 60 61 -63
leaf_value=0.00070090402605312496 -0.0070257761429310672 0.00060931147160368608 -0.018951249360581297 0.045223970612601354 -0.036001356115252327 0.03067239617968916 0.02419288213706626 0.00094856860998538133 -0.0056770396924011382 -0.006056980167953304 0.053053190883744585 0.0078588898800110944 -0.021629855411238328 0.0034470612401166314 -0.046759578994729184 0.25029320521527748 -0.038460482497583763 0.055691995583931689 0.0046219797706460886 -0.015346852410417028 0.19218769357507079 -0.021694875420938557 0.022847202538055361 -0.03179516043217389 -0.013260765570596987 0.0015707634539569703 0.14297203107810841 0.08044104091637122 -0.014393158592217445 0.080650202802844642 0.090104557801127874 -0.015902492989250668 0.0075715041972051304 -0.047824904131115689 0.13167582014025281 -0.0089703089495820846 0.050186605657974039 -0.018103805857397341 0.10001632198558788 -0.032830856846958696 0.040539300502392281 -0.041564207622878151 -0.026491316853311315 0.047586889771234077 0.0044541778395635325 -0.0073203316082445305 0.0009889822582114067 -0.010379287799347393 -0.047644193893438422 -0.013843088432529833 0.047323842401890241 0.023671636983805797 -0.01974111007926338 -0.018044828940070531 0.049271940954322829 0.048102987064000423 -0.0041785704700387843 0.0058104382255427713 -0.00061376031578641186 -0.028908805123874178 -0.029042803028644083 0.034082162020673677
leaf_weight=4987.4834071458317 657.87552367593162 18360.813757644035 84.366146001964808 11.560136781539766 14.866852356819434 23.530132961925119 18.895562566816807 1036.9740407976788 320.47662230185233 1718.7702498086728 10.487216795561833 123.62942927260883 29.475678814575076 411.30440314835869 2.6105122924782318 1.5628742910921567 0.74114365829154838 12.233261936344205 22.806366950506344 1.5947539564222091 1.7503609489649532 38.576100774575025 30.234729929827154 17.643540044315159 21.381531779654324 5.5958357849158329 2.2137511540204278 6.3600108097307384 13.651447334326802 5.1833927473053327 4.1011513583362129 23.353860462084413 12.403535892255602 2.8867725580930701 1.8205179558135567 3.6629239013418555 9.0154279137495887 33.53068253910169 7.9146828872617361 6.6951528415083876 8.1169623325113189 7.2465209895744911 14.786599813029168 9.1979805231094343 300.62606173707172 627.19133703946136 297.22689656447619 86.37631253246218 17.261138886213303 107.73041970375925 10.714074348332359 60.778894634917378 18.521085776388645 126.82662159949541 12.732869323343037 9.6145993899553996 23.012613952159882 24.036478981375694 211.27338551543653 59.111187774455175 11.036733716726305 15.777085937559603
leaf_count=74190 231011 111516 681 122 410 201 127 48632 44531 94144 200 8402 287 17913 348 229 113 264 380 138 132 1132 1403 574 1349 293 81 322 543 172 97 608 343 142 175 185 254 496 153 122 135 120 135 72 7195 16089 16999 1513 114 1402 115 433 123 809 96 163 215 201 4150 1233 107 149
internal_value=-0.000148948 4.25769e-06 -0.000992484 -0.000854824 -0.000903915 -0.000537011 -0.00542113 -0.000609851 -0.00186677 -0.00272347 -0.00555519 0.00134624 0.00549295 0.00693076 0.0164662 0.0574909 0.157593 0.0122404 0.0201403 0.0357045 0.0942225 -0.00350082 -0.00197795 0.00616099 0.0155003 0.0248815 0.0609266 0.0442604 0.014857 0.025422 -0.00796707 0.00250856 0.0287999 0.0164117 0.0100548 0.0383511 -0.000617613 0.00463832 0.00675372 0.0399363 0.00704254 0.00451562 0.00554364 0.00705282 0.00581762 -0.00168453 -0.00464342 -0.00612132 -0.016674 -0.00456308 0.00198846 -0.000220608 0.0134572 -0.00774638 -0.00398372 -0.00798805 0.0111749 0.0210892 -0.00695978 -0.00547858 -0.0173675 0.00790239
internal_weight=30159.2 29501.4 11140.5 11056.2 11044.6 10216 828.566 10192.5 5205.03 4110.59 1752.06 1094.45 590.386 560.91 149.606 13.7431 2.30402 135.863 33.2936 11.4391 3.34511 504.062 465.486 145.01 87.5075 66.1259 14.1696 11.9558 51.9563 38.3049 57.5021 39.8585 16.5047 33.1215 8.09395 5.48344 2358.52 397.13 363.599 22.7268 14.8121 340.873 333.626 318.839 309.641 1961.39 924.418 809.67 103.637 706.033 230.372 219.658 79.3 475.661 348.835 140.358 32.6272 36.7693 312.065 297.198 85.925 26.8138
internal_count=693983 462972 351456 350775 350653 339293 11360 339092 264902 185126 94724 79776 28186 27899 9986 1320 342 8666 580 978 270 51590 50458 5927 4305 2956 696 615 2260 1717 1622 1048 440 1545 708 360 90402 8682 8186 410 257 7776 7656 7521 7449 81720 33088 11233 1627 9606 2451 2336 556 7155 6346 1780 378 297 6049 5639 1489 256
is_linear=0
shrinkage=0.05


Tree=109
num_leaves=63
num_cat=0
split_feature=4 4 5 1 3 1 3 1 3 5 6 1 0 0 3 0 0 1 1 1 3 4 4 4 3 5 0 0 3 3 4 5 6 5 6 3 6 6 4 0 1 4 0 5 5 6 4 8 6 3 3 8 5 6 4 6 6 5 0 5 3 4
split_gain=11.5672 6.59842 11.3391 5.42159 5.05908 9.80227 9.51794 13.2935 6.42142 9.13084 10.2062 4.58718 5.41335 5.84171 4.83374 8.43234 11.2368 8.15939 8.56755 6.14317 8.79812 22.1796 5.7661 5.94151 5.22593 17.1169 5.11597 4.43056 13.0951 5.77192 5.45143 4.4185 7.69391 6.88081 8.49758 7.665 6.66996 6.05095 12.5282 6.83603 5.99973 6.69978 6.25541 10.3114 7.27588 5.90847 7.10593 7.09878 5.88564 6.07923 5.88499 5.87948 5.62921 6.121 5.61549 6.87821 8.36004 9.87311 9.1661 7.86749 7.38462 14.1618
threshold=300.50000000000006 6.5000000000000009 169.50000000000003 229.50000000000003 751.50000000000011 189.50000000000003 803.50000000000011 147.50000000000003 865.50000000000011 59.500000000000007 14765.125000000002 4.5000000000000009 120.50000000000001 103.50000000000001 49.500000000000007 38.500000000000007 48.500000000000007 12.500000000000002 28.500000000000004 18.500000000000004 26.500000000000004 351.50000000000006 761.50000000000011 729.50000000000011 59.500000000000007 2.5000000000000004 43.500000000000007 537.50000000000011 7.5000000000000009 12.500000000000002 817.50000000000011 3.5000000000000004 1292.3900000000001 24.500000000000004 626.35000000000002 242.50000000000003 49.905000000000008 626.35000000000002 164.50000000000003 73.500000000000014 77.500000000000014 123.50000000000001 26.500000000000004 6.5000000000000009 12.500000000000002 5984.0550000000012 51.500000000000007 2.5000000000000004 7722.3900000000003 666.50000000000011 10.500000000000002 3.5000000000000004 5.5000000000000009 25.905000000000005 19.500000000000004 1260.7950000000003 4642.4650000000011 52.500000000000007 11.500000000000002 27.500000000000004 340.50000000000006 27.500000000000004
decision_type=2 2 2 2 2 2 2 2 2 2 2 2 2 2 2 2 2 2 2 2 2 2 2 2 2 2 2 2 2 2 2 2 2 2 2 2 2 2 2 2 2 2 2 2 2 2 2 2 2 2 2 2 2 2 2 2 2 2 2 2 2 2
left_child=1 -1 3 4 5 31 7 -6 -8 -10 -11 12 13 -2 19 22 17 -17 26 -13 21 -21 23 -16 25 -18 -19 -14 -29 30 -30 32 37 35 51 36 52 39 -39 -3 41 42 44 50 45 47 -47 -38 49 54 -44 -35 53 -33 -36 -56 57 60 -59 -58 -57 -62
right_child=11 2 -4 -5 6 -7 8 -9 9 10 -12 14 27 -15 15 16 24 18 -20 20 -22 -23 -24 -25 -26 -27 -28 28 29 -31 -32 33 -34 34 48 -37 40 38 -40 -41 -42 -43 43 -45 -46 46 -48 -49 -50 -51 -52 -53 -54 -55 55 56 59 58 -60 -61 61 -63
leaf_value=0.00054163223284051521 0.0027575116875633156 -0.0045251072225922437 -0.016116843678703769 -0.041246559205002378 0.0063241834326529193 -0.04405167700597637 -0.015334012862408528 0.059971850601420629 0.020395289647073239 -0.023997132551572778 0.007893724559996259 -0.011127748548439566 -0.016749514073834213 0.047842389414659237 0.0010004044891962854 -0.038496460089544687 0.0051970643825186187 0.10445667762346585 0.02301650309823243 0.34580452315037125 -0.045912043563549478 -0.012366207708950361 -0.025871798913131058 0.13946443581616647 -0.016162971230445668 0.31657561324486261 0.28241488251787161 -0.0031979846398704544 0.32964498244641621 0.036953202872728984 0.050292958995630632 0.11271034521947428 -0.018157814481717948 0.057067175874868259 -0.0064690750623376944 0.0051994889796669755 0.0019369896808640119 0.0046067736488444762 0.092700983961287842 0.0078412568677603441 -0.009155738806332572 -0.023181809094866449 -0.029487191780709732 -0.00010311337404117119 0.0023782848437381536 -0.017137150343926488 0.022845048203886862 -0.0039629813093223559 -0.00047548842675859275 -0.030219697025880905 0.016450507570568842 0 0.11957693712518901 -0.017495491161205093 -0.026952536077620343 -0.00033050154403697896 0.019192735335718657 0.070889925368226775 0.0091415546381595214 -0.013517396250368997 -0.003450053323146466 0.063513683242956434
leaf_weight=19434.232700664084 125.41282094840426 1329.9924098856281 123.05180469155312 8.2031727354042214 32.969377195462584 13.111494288314132 45.366002788767219 17.904224809259176 66.291943759191781 38.067393597215414 72.866745144128799 249.54306200763676 77.993131461320445 7.5524498369777566 44.640507355681621 0.72752095863688637 2.606361071579157 1.182573635713198 1.2185144315008072 0.40494454768486621 25.03278086008504 2.8132289563072845 26.077046521590091 0.69033966679125924 7.3603016752749681 0.44115620851516713 0.95056972594466049 76.802289576386102 0.4262613533064713 1.0449172778753562 0.39797402021940798 1.1235999269410957 82.569732220843434 9.9814646756276506 989.89270605705678 779.49538976326585 854.14135367423296 143.69823626009747 4.062777141109108 121.64164536446333 181.45675402227789 30.496434207074344 7.0831065755337468 305.79847195092589 1424.6420411821455 107.47632448002696 12.205111628398297 1261.671392809134 1460.4974021464586 23.590867601335049 183.30628076288849 8.4520208053290826 1.9522603056393562 3.2218453944660723 20.190472262911499 121.43968119099736 22.593050062656403 11.856046568602325 12.579274045303462 94.978062693029642 17.258568540215496 14.236596319824455
leaf_count=153943 44982 145230 716 109 223 146 293 116 579 240 312 89146 31508 3161 9454 159 738 255 160 75 9538 1333 8516 195 1277 15 214 29817 51 237 180 87 2494 287 9698 11595 20698 5266 195 17045 3455 1898 288 6478 18924 1020 180 42147 7248 197 7170 206 121 299 569 1785 173 180 206 768 200 188
internal_value=-0.000142228 3.37163e-06 -0.00103581 -0.00084842 -0.00081413 -0.00100451 0.00588839 0.0253834 0.00140094 0.00571915 -0.00301645 -0.00672231 -0.002005 0.00538995 -0.0104637 -3.83998e-05 0.0345487 0.103887 0.136461 -0.0136681 -0.0358122 0.0402591 -0.00716375 0.00352146 0.00616696 0.0604864 0.195093 -0.00831261 0 0.127381 0.220208 -0.000945011 -0.00327393 -0.000452343 -0.00244426 0.000631757 -0.000181113 -0.00250133 0.00712385 -0.00348494 -0.000256963 0.000127725 0.000300512 0.00556889 -0.000412465 -0.00219322 -0.0130024 -0.00157886 -0.00267005 -0.00507846 0.0147006 0.0312794 0.0508304 0.0168251 -0.00461787 0.00118148 0.00313284 0.00999596 0.0394725 -0.00717819 0.00523092 0.0267662
internal_weight=30149 29495.6 10061.4 9938.36 9930.16 9656.69 273.466 50.8736 222.592 177.226 110.934 653.319 289.63 132.965 363.689 85.8949 14.487 4.07918 3.35166 277.794 28.251 3.21817 71.4079 45.3308 10.4078 3.04752 2.13314 156.665 78.6714 1.86915 0.824235 9643.58 1681.96 7961.62 2807.55 5154.07 4374.57 1599.4 147.761 1451.63 4368.28 4186.82 4156.32 496.188 3660.14 2235.49 119.681 2115.81 2789.11 1328.62 190.389 18.4335 6.29771 4.34545 1305.02 315.132 294.941 177.37 24.4353 117.571 152.935 31.4952
internal_count=693983 462972 309029 308313 308204 306441 1763 339 1424 1131 552 231011 109936 48143 121075 20983 2818 788 629 100092 10946 1408 18165 9649 2030 753 469 61793 30285 468 231 306295 170230 136065 21705 114360 102765 167736 5461 162275 102258 98803 96905 13936 82969 64045 1200 62845 21212 13964 7458 493 507 386 13767 4069 3500 2559 386 941 2173 388
is_linear=0
shrinkage=0.05


Tree=110
num_leaves=63
num_cat=0
split_feature=8 3 1 1 6 2 3 6 1 2 4 6 6 1 4 8 0 1 3 1 3 2 6 4 1 6 6 1 1 3 6 6 1 6 3 1 1 1 2 1 6 8 3 0 2 2 3 6 2 1 4 4 1 0 0 0 6 2 3 4 6 6
split_gain=8.66978 5.11429 8.83107 16.2211 12.8145 16.4966 12.8007 9.98381 9.55326 7.12538 7.91793 11.4497 6.96053 6.73944 8.4568 7.58265 6.52096 6.21834 7.75172 6.21519 6.11074 5.94065 6.26929 5.7356 5.65817 10.302 9.68566 14.214 8.9 7.40299 8.74025 6.74103 7.0114 14.4043 5.91218 5.87963 8.88801 5.51726 5.48247 10.3711 7.88739 9.95279 7.85473 7.34909 8.65188 10.031 7.59786 7.21548 7.20787 10.2222 10.521 10.5153 11.0379 6.93518 6.63751 8.19629 6.21041 7.27333 6.2116 5.98243 8.23281 6.53157
threshold=1.0000000180025095e-35 1348.5000000000002 153.50000000000003 171.50000000000003 8735.4850000000024 36489.165000000008 1614.5000000000002 5778.7350000000015 133.50000000000003 273750.53000000009 4.5000000000000009 12547.26 17616.980000000003 105.50000000000001 9.5000000000000018 4.5000000000000009 1.0000000180025095e-35 86.500000000000014 803.50000000000011 214.50000000000003 167.50000000000003 2391.4200000000005 541.14000000000021 1.0000000180025095e-35 237.50000000000003 67270.12000000001 32681.165000000005 197.50000000000003 260.50000000000006 1847.5000000000002 47875.92500000001 21369.865000000002 290.50000000000006 36582.685000000005 1847.5000000000002 204.50000000000003 227.50000000000003 215.50000000000003 5574.8050000000012 34.500000000000007 1619.0550000000001 2.5000000000000004 94.500000000000014 25.500000000000004 21004.765000000003 13423.850000000002 24.500000000000004 3216.8850000000007 1950.1700000000003 15.500000000000002 623.50000000000011 600.50000000000011 18.500000000000004 8.5000000000000018 4.5000000000000009 1.0000000180025095e-35 1581.8900000000001 10952.565000000001 143.50000000000003 129.50000000000003 893.70500000000015 99.930000000000021
decision_type=2 2 2 2 2 2 2 2 2 2 2 2 2 2 2 2 2 2 2 2 2 2 2 2 2 2 2 2 2 2 2 2 2 2 2 2 2 2 2 2 2 2 2 2 2 2 2 2 2 2 2 2 2 2 2 2 2 2 2 2 2 2
left_child=-1 13 8 6 7 19 -4 -5 16 10 11 -7 -10 15 -15 17 -3 18 38 -6 -19 -17 -23 -11 25 26 27 -13 29 -26 -31 -30 33 -33 -29 -28 -37 -12 39 47 43 54 -41 46 45 -45 -40 48 49 -2 51 -51 -53 56 55 -42 59 58 -58 61 -61 -48
right_child=1 2 3 4 5 9 -8 -9 12 23 37 24 -14 14 -16 21 -18 20 -20 -21 -22 22 -24 -25 28 -27 35 34 31 30 -32 32 -34 -35 -36 36 -38 -39 40 42 41 -43 -44 44 -46 -47 53 -49 -50 50 -52 52 -54 -55 -56 -57 57 -59 -60 60 -62 -63
leaf_value=-0.015152965170915826 0.00074243097491766611 -0.0068188715303443047 0.0010854482989876924 0.0056072543323955545 0.046803988947243351 -0.029559156769391394 -0.036547477786233365 -0.040090956761173691 0.050292345590356682 0.004903639311390884 -0.0023700906135674061 -0.022404966946589243 0.016653014497668688 -0.00077874742573178684 -0.0066481755677244847 0.0068485961639093958 0.017624489719705462 -0.033539395661141155 0.028259747475289549 0.014379274134807685 -0.0048247169960427523 -0.025266602090020997 0.0012198005026525819 0.023881716462418923 -0.028490648285828153 -0.010068230269646421 0.034985008324023827 0.0016943626198946315 0.029635835715541667 -0.020653671896670139 0.017940018635497972 -0.014430820765546668 -0.01215266896051662 0.025509061811190795 0.027472932017799542 -5.604142723612901e-05 0.036134988091586155 -0.036618329058064912 -0.036368925047929233 -0.011045869748024927 0.0036779466146434469 -0.0041868844137538585 -0.0026201512079265716 0.016178348079038458 -0.041792196734867365 0.071730847657475352 -0.030862926068540342 -0.016524103976877213 0.0026704877915657197 -0.005038557371350008 -0.037724208951724326 0.30291877711997911 0.006042905480330373 -0.0043656090350670286 0.0044962290686085538 -0.0035009566454385745 0.041071350719496566 0.069801085033243934 -0.018223369084194748 0.02219090012843844 0.14360493017733875 0.0049482489188068142
leaf_weight=93.159637273929548 1746.9156001704978 60.233352079754695 42.473340176045895 19.917289953911677 28.876292519271374 27.10438734292984 47.56913298368454 29.070973232388496 23.204374089837074 106.79815647006035 24.775137215852737 38.584319561719894 47.921624690294266 6839.8790414482355 674.55085583298933 481.94801526423544 49.489590363809839 19.271503687486984 23.7569824969396 31.644296228885651 469.83231794566382 22.277339020743966 9578.502382107079 64.296189218759537 44.868028521537781 61.921505600214005 53.933088421821594 48.007257044315338 24.287006929516792 29.423113152384758 29.021491497755051 36.974625498056412 59.149118542671204 57.258398443460464 42.090984687209129 46.433189570903778 26.383883953094482 22.902131281793118 11.761556923622264 405.63569792138878 675.15672832354903 1095.0366203375161 876.78020320681389 74.300424598855898 5.4599185183178625 9.1341813607141358 12.80461759562604 66.417242964729667 1651.5188112212345 922.46649708854966 24.923002700437792 0.46642514201812335 0.78977224254049361 207.02401123126037 1082.6281906440854 966.20604154467583 8.8005449194461161 7.905334284529089 8.5524704251438362 19.718577081803236 1.4340886082500208 801.06494120927528
leaf_count=52594 244799 286 192 172 123 119 212 145 112 508 113 156 202 34925 6523 6510 274 530 219 132 6481 543 63726 286 190 281 228 195 100 119 140 151 256 254 170 197 114 104 339 21970 5020 12992 37546 2292 155 248 894 845 59956 73724 12026 118 243 5929 9511 8138 127 102 132 1771 42 17380
internal_value=6.79974e-05 0.000115453 0.00327994 0.00150658 0.00342689 0.00478087 -0.0187589 -0.0214359 0.0134807 0.00296481 0.000640419 0.00214598 0.027753 -1.89758e-05 -0.00130638 0.000435435 0.00416658 -0.000459946 -0.000207579 0.0299843 -0.00597297 0.00143015 0.00115756 0.0120745 0.00359526 0.00817185 0.0126154 0.00290335 -0.00155703 -0.0132333 -0.00140612 0.00520808 0.00129075 0.00978599 0.0138098 0.0224259 0.0130201 -0.0189683 -0.000271617 -0.00133184 0.000938317 -0.000160103 -0.00528981 0.00453394 0.0183572 0.0223985 0.00338894 -0.000180554 6.83769e-05 -0.00152407 -0.00570271 -0.00482933 0.134168 0.00383512 0.00145691 -0.000544903 0.00581469 0.0302331 0.0116244 0.00506654 0.0312947 0.00437497
internal_weight=30110.7 30017.5 1224.61 1043.76 953.721 904.733 90.0425 48.9883 180.849 844.212 673.118 625.44 71.126 28792.9 7514.43 21278.5 109.723 11195.8 10706.7 60.5206 489.104 10082.7 9600.78 171.094 598.336 317.354 255.433 128.683 280.982 103.313 58.4446 177.669 153.382 94.233 90.0982 126.75 72.8171 47.6773 10682.9 5695.91 4986.99 3819.03 1282.42 1167.96 88.8945 83.4346 1079.07 4413.5 4347.08 2695.56 948.646 923.723 1.2562 1067.3 2723.99 1641.36 860.281 25.2583 17.353 835.022 21.1527 813.87
internal_count=693881 641287 5531 4657 4253 3936 404 317 874 3681 2887 2670 314 635756 41448 594308 560 523529 516518 255 7011 70779 64269 794 2551 1341 1060 521 1210 449 259 761 661 405 365 539 311 217 516299 451227 65072 35661 59516 29411 2695 2540 26716 391711 390866 330910 86111 74085 361 26377 22669 13158 20448 361 259 20087 1813 18274
is_linear=0
shrinkage=0.05


Tree=111
num_leaves=63
num_cat=0
split_feature=4 1 2 1 1 2 3 3 7 2 1 2 3 3 4 7 3 2 2 2 3 2 1 3 1 1 3 1 1 5 5 1 5 1 2 5 2 2 1 1 5 3 5 3 1 1 2 3 5 1 5 5 5 5 1 1 2 3 5 3 2 2
split_gain=7.96906 6.64844 5.42522 6.4126 10.1465 26.0358 5.74022 9.07685 20.2349 5.23783 10.3281 8.15427 5.42548 4.68928 5.27113 11.0046 5.25653 7.0754 4.59318 4.56801 9.74597 7.98728 5.35988 4.44379 7.95922 14.635 11.5314 8.56985 6.72343 13.1306 15.4284 20.9204 16.3852 10.8486 10.1553 13.6066 9.78969 14.1313 8.66938 13.6001 9.46935 8.51805 7.9404 7.81336 7.69779 7.5561 7.45602 7.22228 6.90576 6.59799 14.7067 12.3209 10.7186 10.4053 8.39498 19.7798 8.11944 9.1767 6.12395 12.7007 8.992 23.3955
threshold=462.50000000000006 14.500000000000002 2655.3200000000002 74.500000000000014 61.500000000000007 10575.630000000001 131.50000000000003 106.50000000000001 1.5000000000000002 217.92000000000004 4.5000000000000009 2.5050000000000003 7.5000000000000009 10.500000000000002 729.50000000000011 2.5000000000000004 25.500000000000004 367.72000000000008 25.455000000000002 4407.0950000000003 49.500000000000007 5861.3050000000012 29.500000000000004 1348.5000000000002 153.50000000000003 171.50000000000003 1614.5000000000002 133.50000000000003 105.50000000000001 64.500000000000014 300.50000000000006 172.50000000000003 368.50000000000006 256.50000000000006 55344.990000000013 334.50000000000006 46167.575000000004 78811.665000000023 229.50000000000003 183.50000000000003 201.50000000000003 1171.5000000000002 976.00000000000011 215.50000000000003 204.50000000000003 117.50000000000001 136133.35500000001 411.50000000000006 274.50000000000006 214.50000000000003 399.50000000000006 214.50000000000003 268.50000000000006 245.50000000000003 202.50000000000003 186.50000000000003 177921.78000000003 1472.5000000000002 26.500000000000004 587.50000000000011 1800.075 1692.2950000000003
decision_type=2 2 2 2 2 2 2 2 2 2 2 2 2 2 2 2 2 2 2 2 2 2 2 2 2 2 2 2 2 2 2 2 2 2 2 2 2 2 2 2 2 2 2 2 2 2 2 2 2 2 2 2 2 2 2 2 2 2 2 2 2 2
left_child=23 9 -3 4 6 -6 7 19 -9 11 13 12 -2 14 -11 -16 -15 -18 -13 -4 -21 -22 -23 28 27 26 -26 -25 42 41 33 46 34 38 -33 -36 44 -38 39 -31 -40 43 58 45 -34 -30 -32 -45 -41 50 51 -27 53 56 55 -52 57 -51 59 -1 61 -60
right_child=1 2 3 -5 5 -7 -8 8 -10 10 -12 18 -14 16 15 -17 17 -19 -20 20 21 22 -24 24 25 49 -28 -29 29 30 31 32 36 -35 35 -37 37 -39 40 48 -42 -43 -44 47 -46 -47 -48 -49 -50 52 54 -53 -54 -55 -56 -57 -58 -59 60 -61 -62 -63
leaf_value=-0.00034984557045419267 0.0014832365131726495 -0.026862729337844272 -0.029923947615855317 -0.049940648414709271 -0.039930422617247989 0.35814233469420609 -0.051514282249299437 0.29863528936467504 -0.040259934991505819 -0.044561080839132544 -0.0034004306762046247 -0.027161779583356624 0.053624950839984309 -0.031167906100407768 0.15074068486297135 0.033231986417568186 0.1650704985527007 -0.009935959773649734 -0.0089854523804241051 -0.047632228435823876 0.18671018478483323 0.097978916119364212 -0.04429282338156882 0.0039715590487203901 0.0010312774258518966 0.0070670656490493811 -0.034667934202675617 0.026286354865373181 -0.010475521817659839 0.0021759960598514015 -0.013141123811594952 -0.0307412460258598 0.044625170969971963 -0.030190612589585653 0.02700262644897555 -0.02392094536976673 -0.020405828908290593 0.018876058857208985 0.0023750163416443111 -0.0063119592445024034 0.032024600443862142 -0.032833505219264709 0.056150566084256275 1.7802519732776442e-05 0.0076162212651730843 -0.051312889306863875 -0.035737216328156816 -0.0057806892140830572 0.020828484701180608 0.014353407521131765 0.014268772925998364 0.031034138521203677 0.0047113773113767457 -0.036275867150467753 0.016008876236239353 -0.042178844918950367 0.014640372789069635 -0.017959225367002837 0.0064305654777769483 0.019789665037908247 0.0012909573007618706 0.066539447164862944
leaf_weight=12282.14356249664 91.918222755426541 60.45779265766032 5.3018484842032283 4.5868732976960009 0.86115604487713315 0.62608436006121337 3.53024353517685 0.75932413944974431 0.81572241487447172 1.660777977900582 104.68766768986825 46.059844974661246 5.1935759234474963 5.6596318851225069 2.1392096690833595 22.609376070438884 0.82847178622614626 1.373538601095788 148.39168031851295 2.1426596880191937 1.1647492095362397 1.2224644706584515 1.1867295985575763 109.90331683307886 42.474395498633385 152.1726763532497 47.644058279693127 71.348728928714991 39.021951401140541 3750.3444567304105 271.07579148560762 43.89433116465807 34.20593423396349 27.368753276765347 26.46127387881279 25.789917394518852 37.728572130203247 57.760859310626984 63.163996025919914 683.86281219869852 47.390836998820305 25.883999425917864 6.3108097165822974 868.01340080844238 24.49922089278698 16.173404352273792 42.580726101994514 1400.893629695056 24.095400020480156 28.021931797266006 26.85971787571907 83.420514494180679 429.77748700231314 30.303579226136208 25.068132758140564 36.214068733155727 41.662866450846195 98.487835180014372 149.48876259755343 78.679796604905277 8325.3782430719584 18.103497060015798
leaf_count=388510 37175 26799 1332 718 240 22 322 131 108 358 38291 21418 1653 1721 694 5723 210 247 66250 261 202 81 120 548 192 696 212 314 452 17450 1204 191 149 118 115 110 155 260 275 3031 205 174 28 7110 104 184 181 9678 106 125 117 367 1915 130 107 156 187 450 1851 818 51625 205
internal_value=6.42366e-05 -0.0061123 -0.0191062 0.00182079 0.0157905 0.136502 0.00357519 0.0196961 0.12821 -0.00360213 0.00436175 -0.00741504 0.00437552 0.0281593 0.0382414 0.0441561 -0.0051363 0.0580459 -0.0133283 0.00272113 0.0338513 0.0840302 0.0269332 0.000171532 0.00312201 0.00143411 -0.0178044 0.0127929 4.4117e-05 -0.0012385 0.000171451 -0.0076314 0.00313047 0.00113016 -0.0130347 0.0017748 0.0132443 0.00329808 0.00131953 0.000975183 0.0151474 -0.00433655 0.000506138 -0.00401562 0.0293046 -0.0226033 -0.016235 -0.00356026 -0.00537836 0.00326222 0.00906022 0.0155843 0.000265626 -0.00933348 -0.00831906 -0.0180772 -0.00443026 -0.0107568 0.00048879 -0.000221089 0.00152254 0.0129892
internal_weight=30106.9 513.178 82.6556 22.1979 17.611 1.48724 16.1237 12.5935 1.57505 430.522 138.959 291.563 97.1118 34.271 26.4094 24.7486 7.86164 2.20201 194.452 11.0185 5.7166 3.57394 2.40919 29593.7 1223.36 1042.11 90.1185 181.252 28370.3 7510.21 5160.22 563.997 250.34 4596.23 96.1455 52.2512 154.195 95.4894 4568.86 4458.3 110.555 2349.99 20860.1 2324.1 58.7052 55.1954 313.657 2268.91 707.958 951.989 323.735 235.593 628.254 198.476 88.1419 63.0738 168.173 126.51 20853.8 12360.8 8492.97 167.592
internal_count=693881 204076 30336 3537 2819 262 2557 2235 239 173740 47244 126496 38828 8953 6775 6417 2178 457 87668 1996 664 403 201 489805 5516 4654 404 862 484289 41252 23654 2469 1084 21185 416 225 668 415 21067 20587 480 17598 443037 17424 253 636 1385 16788 3137 4250 1443 1063 2807 892 380 273 762 575 443009 389328 53681 2056
is_linear=0
shrinkage=0.05


Tree=112
num_leaves=63
num_cat=0
split_feature=8 0 0 0 3 6 7 3 6 5 5 5 5 2 3 6 2 2 6 5 2 2 5 5 6 2 6 3 2 5 5 3 5 6 5 5 6 5 3 6 5 5 5 2 6 2 2 2 5 5 2 3 3 5 5 0 6 3 3 3 2 5
split_gain=7.77771 4.27151 4.55362 10.0229 10.3932 4.66004 4.28657 4.17355 6.9964 8.49811 8.27317 6.33781 9.5299 5.60291 5.1314 4.78448 12.2251 10.5132 8.45908 7.60985 10.1577 5.52124 5.63291 6.55502 6.10584 6.2849 16.9035 14.2239 10.1274 7.94981 9.02146 10.7676 6.23227 5.44672 16.3348 7.52856 5.20007 6.99165 5.74316 4.93738 5.53371 4.45441 10.6196 9.32574 5.88843 11.2742 9.79423 8.04248 6.75415 6.04982 6.94861 5.08003 8.65899 4.95463 4.63996 4.05384 6.20049 3.81176 10.0985 14.7635 17.7365 3.64664
threshold=1.0000000180025095e-35 56.500000000000007 74.500000000000014 70.500000000000014 10.500000000000002 116.95500000000001 2.5000000000000004 1348.5000000000002 182341.33500000005 277.50000000000006 2981.0000000000005 53.500000000000007 41.500000000000007 39261.270000000011 2254.0000000000005 8735.4850000000024 36489.165000000008 30326.465000000004 12547.26 214.50000000000003 22017.785000000003 42534.970000000008 464.50000000000006 550.50000000000011 109791.10500000001 109266.49000000001 32681.165000000005 1847.5000000000002 61411.715000000004 105.50000000000001 128.50000000000003 2254.0000000000005 264.50000000000006 67270.12000000001 1224.0000000000002 842.50000000000011 32681.165000000005 1141.5000000000002 2254.0000000000005 67270.12000000001 277.50000000000006 319.50000000000006 368.50000000000006 25693.415000000005 83079.150000000009 91937.650000000009 55344.990000000013 68898.005000000019 533.00000000000011 630.50000000000011 30326.465000000004 899.50000000000011 648.50000000000011 339.50000000000006 533.00000000000011 1.5000000000000002 26830.130000000005 9.5000000000000018 17.500000000000004 15.500000000000002 284.38000000000005 464.50000000000006
decision_type=2 2 2 2 2 2 2 2 2 2 2 2 2 2 2 2 2 2 2 2 2 2 2 2 2 2 2 2 2 2 2 2 2 2 2 2 2 2 2 2 2 2 2 2 2 2 2 2 2 2 2 2 2 2 2 2 2 2 2 2 2 2
left_child=1 -1 3 -3 -5 -6 -4 41 10 -10 11 12 13 -9 -11 19 17 18 -17 20 -13 -18 24 -24 25 26 27 28 -23 -27 -31 39 -28 36 35 -35 -25 38 -38 40 -32 -2 43 53 45 46 49 -48 -46 54 -51 52 -45 -43 55 56 61 -8 59 -59 -61 -44
right_child=7 2 6 4 5 -7 57 8 9 14 -12 15 -14 -15 -16 16 21 -19 -20 -21 -22 22 23 33 -26 29 32 -29 -30 30 31 -33 -34 34 -36 -37 37 -39 -40 -41 -42 42 44 51 48 -47 47 -49 -50 50 -52 -53 -54 -55 -56 -57 -58 58 -60 60 -62 -63
leaf_value=-0.02477034126471156 7.5960631501977797e-05 0.0041758761524001752 0.0072408269803840826 -0.028398798218751388 0.38715348353910073 0.073807508392321225 -0.041564888213198176 -0.020719307100666988 -0.013910085656532283 0.037311267584834377 -0.027245959519853674 0.026254935058437408 0.057891793687638832 0.029463893513600927 0.012548375875355556 0.024554933347965449 -0.015855718256616375 0.041125275929985994 -0.014714135605673898 -0.035409336827124029 -0.019809446720254267 0.026215767933489082 -0.021572799822722668 -0.0097885259249705977 0.021282540539316878 -0.031014617342213585 0.042483090091086251 -0.014940881349245767 -0.0011500750262753239 0.028360939937759302 -0.011320335774529046 0.013839071897496167 0.010945317442838925 -0.0082229881055794745 0.018048031560104531 -0.04640299223787165 0.0062987316412068221 -0.00928214367250557 0.038278918289546049 -0.022336069632594463 0.015649426243782891 0.017336706285876167 -0.00082701356922844295 -0.016673778344499051 -9.2697653168776509e-05 0.031746046713925724 -0.035613165718464568 0.00025657708356374909 -0.028657662971437937 0.0019550429854197251 0.034675009949959631 -0.0099940228192127358 -0.053998011132917273 -0.01310646786567036 -0.014572418587226927 0.021622770149332685 -0.022602686805041669 0.016534397060235323 -0.048666910183987742 -0.018130449070222179 0.53355229485225664 0.01794373899923506
leaf_weight=48.001136805629358 28168.672606130945 4.4447786285309112 19.076710932073183 0.36095724115148164 0.3574321586638689 0.30075939302332699 12.810319878626617 11.416405622148888 21.024083703756332 32.24332095682621 23.960322678089142 21.002266950905323 12.618422366678713 10.609646232333033 62.586137160658836 29.242073975503445 46.956356585025787 35.828899130225182 25.515255972743034 21.73576944321394 27.544663056731224 61.598551362752914 46.210654944181442 34.514839574694633 48.966083884239197 22.631220921874046 40.034841164946556 83.710843831300735 74.039477676153183 24.882478475570679 66.112469777464867 63.284921586513519 26.661478534340858 26.180953398346901 31.328532159328461 26.223397448658943 27.823105946183205 23.793121002614498 29.260368220508099 56.863682970404625 26.491881564259529 25.928436376154423 84.596037656068802 37.095202550292015 49.39975680410862 29.886977314949036 31.97334960103035 29.937438115477562 35.957145377993584 35.89481620490551 30.062738358974457 41.154959172010422 27.519155889749527 27.295571804046631 45.052879594266415 25.907991494983435 24.672011256217957 2.1474694261560212 3.4755277357762679 0.21330279926769424 0.24253152508754283 36.884391084313393
leaf_count=24448 633006 2323 11508 262 251 25 10914 140 97 157 106 117 66 81 288 128 195 151 104 114 156 257 198 142 230 97 167 346 308 105 280 278 112 123 149 112 119 103 127 260 118 132 379 155 222 128 133 125 154 161 125 175 116 139 200 140 101 1430 1173 182 78 165
internal_value=6.07222e-05 -0.0144918 -0.00298574 0.0391025 0.172975 0.279185 -0.0092611 0.000105273 0.00296602 0.0146571 0.0017368 0.00238504 0.023406 0.00325119 0.0210512 0.00168349 0.00259337 0.0200821 0.00617213 -0.0108944 2.90495e-05 0.000800761 0.00173891 -0.00462552 0.00437065 0.00284206 0.00796087 0.00123036 0.0112512 -0.00276544 -4.21874e-05 -0.00339932 0.0299862 -0.000658622 -0.0103822 -0.0274757 0.0063568 0.0133123 0.0228171 -0.0107359 -0.00354244 -1.60866e-05 -0.00421078 -0.0153475 -0.000350053 0.00233823 -0.000203443 -0.018215 -0.0122038 0.00372327 0.0169741 -0.0239339 -0.0327063 0.00163506 -0.000285168 0.0034331 0.000161908 -0.0261406 0.00570154 0.0792507 0.309585 0.00484119
internal_weight=30102.2 91.4309 43.4298 5.46393 1.01915 0.658192 37.9659 30010.8 1222.9 115.854 1107.04 1083.08 34.6445 22.0261 94.8295 1048.44 978.155 90.5862 54.7573 70.2827 48.5469 887.569 840.613 245.335 595.278 546.312 286.045 219.349 135.638 260.267 237.635 212.753 66.6963 199.124 83.7329 52.4044 115.391 80.8766 57.0835 149.468 92.6044 28787.9 619.219 158.993 460.226 374.869 344.982 61.9108 85.3569 283.071 65.9576 105.769 64.6144 53.224 217.113 172.06 146.152 18.8892 6.07883 2.6033 0.455834 121.48
internal_count=693881 52594 28146 2861 538 276 25285 641287 5531 542 4989 4883 287 221 445 4596 4209 383 232 387 273 3826 3631 1073 2558 2328 1190 911 565 1138 1041 936 279 875 384 235 491 349 246 658 398 635756 2750 717 2033 1657 1529 258 376 1271 286 446 271 271 985 785 645 13777 2863 1690 260 544
is_linear=0
shrinkage=0.05


Tree=113
num_leaves=63
num_cat=0
split_feature=8 0 0 0 1 7 6 1 1 1 2 6 0 1 5 6 1 5 2 0 0 2 1 2 0 2 2 6 6 2 2 0 1 5 1 6 6 2 6 1 8 6 5 6 6 2 1 2 0 0 2 5 5 2 2 2 1 6 2 6 5 2
split_gain=7.1207 4.02579 4.04312 7.51975 11.0571 3.98604 3.59443 3.57644 4.18484 7.40655 10.4373 3.50335 6.90306 6.44101 3.82016 3.58862 3.36687 3.31172 8.13019 6.17889 8.05423 6.82261 5.61359 14.7599 7.91857 9.79996 7.61191 7.11934 6.79389 7.21672 6.67359 8.8141 7.41664 6.22165 9.86421 10.9191 9.81014 6.11985 6.11295 5.8022 5.76075 8.06305 16.4779 7.61229 7.49134 6.70349 5.6575 6.77538 5.58493 5.57375 5.52773 5.33867 5.203 5.19387 9.95555 7.14607 7.08269 5.8034 5.1386 6.65935 5.53937 5.11792
threshold=1.0000000180025095e-35 56.500000000000007 74.500000000000014 70.500000000000014 6.5000000000000009 2.5000000000000004 84.905000000000015 327.50000000000006 294.50000000000006 302.50000000000006 177921.78000000003 150.03500000000003 7.5000000000000009 18.500000000000004 1.5000000000000002 2493.0450000000005 11.500000000000002 12.500000000000002 2544.6300000000006 14.500000000000002 44.500000000000007 1381.4100000000003 25.500000000000004 4831.3050000000012 2.5000000000000004 13423.850000000002 25693.415000000005 1619.0550000000001 2899.4400000000005 4944.5650000000014 465.78000000000003 98.500000000000014 9.5000000000000018 5.5000000000000009 42.500000000000007 1544.9500000000003 73.925000000000026 17649.240000000002 1859.3400000000004 18.500000000000004 2.5000000000000004 874.62000000000012 4.5000000000000009 2148.8650000000002 16.570000000000004 6864.7800000000007 4.5000000000000009 83.615000000000009 60.500000000000007 55.500000000000007 4724.0350000000008 8.5000000000000018 9.5000000000000018 1054.3550000000002 857.17000000000007 950.30000000000007 6.5000000000000009 681.3900000000001 950.30000000000007 437.13000000000005 15.500000000000002 61411.715000000004
decision_type=2 2 2 2 2 2 2 2 2 2 2 2 2 2 2 2 2 2 2 2 2 2 2 2 2 2 2 2 2 2 2 2 2 2 2 2 2 2 2 2 2 2 2 2 2 2 2 2 2 2 2 2 2 2 2 2 2 2 2 2 2 2
left_child=1 6 3 -3 -5 -4 -1 8 17 -10 -11 12 -8 -14 -13 -16 -6 22 19 21 58 53 24 27 25 28 37 33 29 39 31 46 38 34 35 -24 -35 -27 -32 -2 43 42 44 -31 -42 -43 47 48 -26 -25 52 -51 -38 54 56 57 -19 -56 59 -21 -60 -34
right_child=7 2 5 4 16 -7 11 -9 9 10 -12 14 13 -15 15 -17 -18 18 -20 20 -22 -23 23 49 30 26 -28 -29 -30 40 32 -33 61 36 -36 -37 50 -39 -40 -41 41 45 -44 -45 -46 -47 -48 -49 -50 51 -52 -53 -54 -55 55 -57 -58 -59 60 -61 -62 -63
leaf_value=-0.034650778504878639 0.0050298080188090448 0.0039555633687907953 0.0068302322652347251 -0.032947315865115463 0.3415825956689244 -0.025506713952111872 -0.039307454145799552 0.018191444414251991 -0.033622140855409127 -0.025930882727378021 0.020063253609587186 0.05097865992894221 0.02440648107190339 0.29640502721924639 -0.043573599503298664 0.0081335553283039159 0.072107068123505633 0.038424651397742676 0.00024819790500838943 0.092824047504951865 -0.028397694638725053 0.0085576901835479318 -0.0058095849519403091 0.00014029115460418773 -0.0064987994592871348 0.020061119888942162 -0.003956356580576261 -0.022987733827779144 -0.011058267351541468 0.01630874990950033 0.0093924614970853568 0.0034548218797931804 -0.00084411848823754342 0.083558194093886165 -0.019622778316482677 0.1384402951789446 0.0013760702289162951 0.068149639925841596 -0.011090597464996381 -0.0034153829485563687 0.080546952168821684 0.011963762128239993 0.13136172898141721 0.067124293941291879 -0.00057244246631127209 -0.030448121636270559 -0.013174673025939033 0.007938428235130959 -0.045026064654943451 0.0090695433715008347 -0.028665721108689181 0.076661017727979661 -0.0078197638896793237 -0.011632700014858921 0.060950290104308538 0.0024593425787626782 -0.0079025748020023004 0.012571761373918834 -0.0067941749760049679 0.004362957569475418 0.033391506989198405 -0.052565136488853803
leaf_weight=29.701248552766629 768.63724869128782 4.4628162314184001 19.214677282609046 0.48101537534967043 0.41005110624246299 18.41020741983084 0.81694063066970801 27.195448093116283 25.374386889860034 22.169543232768774 27.538366809487343 1.8730390161508683 0.5705074081197381 0.33280074619688094 8.2412714513484371 5.3305355273187152 0.30795623944140971 8.769719494506715 21574.027229492553 6.1214270852506143 6.835917603224515 386.48130793962628 524.25237705931067 2278.3225083978614 52.587233598227613 14.62908103875816 12.386050885543225 59.96689766086638 79.970372501760721 21.876408969052136 311.68655999656767 194.64592803257983 1620.3136364975944 3.2252256483770898 160.62885785265826 1.2126849759370077 453.36231849109754 12.808604789897798 40.94456909969449 275.74370995967183 3.3117734100669685 21.454983348026872 3.3987935036420813 11.390992645174263 16.451427976600826 16.208805749192834 303.30116517073475 85.325421852641739 11.504040488856843 8.8242308166809362 19.531679681502283 4.4523715209215871 232.22039064764977 89.761780600063503 14.575753123499455 25.121458664536476 114.01149961259216 11.367679234594105 12.294902623631058 3.4344997564330697 26.688537124544382 4.7009401191025963
leaf_count=22712 41569 2323 11508 296 160 13777 220 127 116 100 123 380 194 90 784 68 82 88 144313 210 283 6073 46749 45123 15303 163 109 1206 726 277 26450 59586 104720 157 16141 33 17037 121 807 13876 153 304 55 93 476 214 65964 15495 3911 266 571 62 7246 1386 219 383 1558 124 379 93 678 71
internal_value=5.76601e-05 -0.0139652 -0.00282723 0.0360209 0.142028 -0.00888567 -0.0241181 9.99977e-05 8.33613e-05 -0.0116977 -0.000360452 -0.00550824 0.0596657 0.149156 -0.0134261 -0.0229882 0.25506 0.000113142 0.000421172 0.00570308 0.0217439 0.00432588 -0.000785724 -0.00216687 0.000545334 0.00380717 0.0281987 -0.00610649 0.00300361 0.00399664 -0.00101637 -0.00542292 0.000423741 -0.00537534 -0.00877083 -0.00544089 -0.00207865 0.0428576 0.0069975 0.00279516 0.0172622 0.00798097 0.0311642 0.0340072 0.0131063 -0.0061883 -0.00925086 -0.00124899 -0.0135515 0.000331444 -0.00248924 0.0325141 -0.00173213 -0.00186041 0.00316035 0.021708 -0.00452436 0.0400738 0.0289522 0.0619225 0.0206045 -0.00100004
internal_weight=30101.2 90.1531 43.2867 5.66184 1.19902 37.6249 46.8663 30011 29983.9 75.0823 49.7079 17.1651 1.72025 0.903308 15.4448 13.5718 0.718007 29908.8 22279.5 705.464 55.3753 650.089 7629.28 3746 3883.28 1258.27 39.8237 1454.4 1218.44 1138.47 2625.01 647.364 1977.65 1394.43 686.094 525.465 708.34 27.4377 352.631 1044.38 94.0932 60.8258 23.162 33.2674 19.7632 37.6638 452.718 149.417 64.0913 2291.6 705.114 13.2766 685.583 263.608 173.846 51.0649 122.781 25.9434 48.5394 9.55593 38.9834 1625.01
internal_count=693881 52594 28146 2861 538 25285 24448 641287 641160 339 223 1736 504 284 1232 852 242 640821 155787 11474 1643 9831 485034 134591 350443 58136 393 89140 57743 57017 292307 160259 132048 87934 62923 46782 25011 284 27257 55445 1572 1202 684 370 629 518 100673 34709 19214 45451 24854 328 24283 3758 2372 726 1646 343 1360 303 1057 104791
is_linear=0
shrinkage=0.05


Tree=114
num_leaves=63
num_cat=0
split_feature=4 0 2 0 0 0 2 2 4 0 4 4 4 5 0 2 2 5 2 2 0 0 2 4 2 2 2 2 0 4 4 0 2 0 6 0 4 7 6 4 2 0 2 0 4 2 0 0 6 0 2 0 0 4 2 6 2 2 6 2 0 5
split_gain=6.57863 5.77695 5.60765 6.80353 4.32549 5.13333 3.81502 10.8997 5.45791 6.74562 4.58944 3.40473 3.25797 7.5132 4.09811 7.9854 5.57853 12.0338 8.4812 7.89372 7.8244 5.53171 7.16237 5.33389 7.8365 11.6028 8.38009 7.92593 6.76236 14.746 6.72276 6.14995 4.8545 4.84967 4.68708 8.02351 5.52109 4.58163 9.11592 14.8245 8.97502 12.5998 6.66711 4.45228 4.72152 7.26831 4.49434 9.45435 4.36701 4.32562 13.315 4.74563 6.02124 4.07572 8.10465 5.07877 7.03763 5.20739 5.40575 5.92814 5.21959 12.1202
threshold=462.50000000000006 537.50000000000011 57.410000000000004 335.50000000000006 153.50000000000003 128.50000000000003 377.98500000000007 465.78000000000003 262.50000000000006 173.50000000000003 346.50000000000006 817.50000000000011 15.500000000000002 319.50000000000006 73.500000000000014 18417.425000000007 465.78000000000003 13.500000000000002 488.92000000000002 138.50500000000002 43.500000000000007 3.5000000000000004 293.22000000000008 190.50000000000003 604.87500000000011 1498.9550000000002 950.30000000000007 770.7650000000001 88.500000000000014 251.50000000000003 440.50000000000006 93.500000000000014 203.21500000000003 80.500000000000014 79.995000000000019 31.500000000000004 16.500000000000004 3.5000000000000004 69.905000000000015 93.500000000000014 348.80500000000006 2.5000000000000004 443.07500000000005 68.500000000000014 365.50000000000006 45.290000000000006 10.500000000000002 6.5000000000000009 299.04000000000002 124.50000000000001 691.19500000000016 94.500000000000014 93.500000000000014 21.500000000000004 177921.78000000003 6669.4150000000009 6341.6350000000011 5442.0850000000009 695.0200000000001 5861.3050000000012 5.5000000000000009 19.500000000000004
decision_type=2 2 2 2 2 2 2 2 2 2 2 2 2 2 2 2 2 2 2 2 2 2 2 2 2 2 2 2 2 2 2 2 2 2 2 2 2 2 2 2 2 2 2 2 2 2 2 2 2 2 2 2 2 2 2 2 2 2 2 2 2 2
left_child=4 2 -2 -4 5 12 10 8 9 -8 -6 -3 -1 14 16 23 17 19 20 34 48 22 -21 49 30 26 27 31 33 -30 -25 -26 -32 -28 36 -36 -14 38 40 -40 41 -24 -39 44 -38 -46 47 -47 -18 51 -51 52 -16 54 55 56 57 60 59 -59 -20 -62
right_child=1 11 3 -5 6 -7 7 -9 -10 -11 -12 -13 13 -15 15 -17 18 -19 53 21 -22 -23 37 24 25 -27 28 -29 29 -31 32 -33 -34 -35 35 -37 43 42 39 -41 -42 -43 -44 -45 45 46 -48 -49 -50 50 -52 -53 -54 -55 -56 -57 -58 58 -60 -61 61 -63
leaf_value=0.00039658725828091256 -0.017893944034497351 0.056993319875327256 -0.0049586226223704332 0.14302294738583762 -0.0091497879464327719 -0.026071032196681054 0.26484510879948581 0.015115410972456764 0.023417011329477461 0.068453858686242208 0.031627381889426785 0.0045691877142862635 0.1330868305972138 -0.046551947260708486 0.0036341479498824148 0.080535443695493369 0.036412502745609331 0.086973456408069583 -0.013477655095276887 -0.025637399900106956 -0.04647930056867533 -0.018436886264897388 0.037101673833519581 -0.0060818309542255587 0.1802821809959384 -0.0036633299237708106 0.13709243500031962 -0.024108883840012526 0.34780705475874635 0.07017384109268493 0.015167689596854675 0.020280999536330276 0.22905843515279561 -0.03720137255148747 0.1516977513386073 -0.01100415485609919 -0.008753884584250065 -0.020199024520333991 0.023229407991656289 0.29994825718603418 -0.013920289671128908 0.31004947063768096 0.08442003769765799 0.087999524979037624 -0.045108726951079862 0.04994969925170005 0.027468702019993407 0.30370580280273701 0.11711670467924074 0.17569290580275818 -0.043746617168012758 -0.017256117381328692 0.10085088325459189 -8.72342654719683e-05 0.034536154688260885 -0.0092973483078574812 0.0020252191225652444 -0.024013973061868518 -0.029774545294637508 0.065043522181959579 -0.0048956806109456946 0.029903490125683076
leaf_weight=23886.118617133237 105.68891937372973 3.1575316847302011 321.88996551168384 0.67657702777068962 23.221350409090519 18.587768815457821 0.85140801453963266 20.412224007770419 1.2559252735227344 1.1622435287572441 9.6666467748582345 75.759563150117174 0.71680134627967973 8.9181752875447255 54.498969981679693 3.5959287863224736 12.56458502309397 3.1416214643977574 112.9264210043475 12.450729532167314 2.4133356732781968 155.02325814170763 2.190163919003679 17.102115978719674 1.2011155155487343 5.4381730025634161 0.70047892583534144 2.1886613683309406 0.90472266729921136 1.1447901099454609 0.66487857233732828 1.3169694973621515 0.43709310772828758 0.66393685806542635 1.3830188000574701 1.4164378412533549 34.989319965941831 8.456792666576801 1.2581805414520215 0.75622596987523127 5.6776962354779243 0.45519271050579835 1.7507254777010537 1.3450914248824108 1.8435238155070681 1.3963821833021937 3.1184218099806458 0.46485735056921829 1.9787717191502441 1.2266739809419953 1.3222680669277904 33.031576970359311 1.5484108347445715 4041.7311313657556 13.783803075551985 315.22793062403798 495.05504519911483 3.9188330313190809 40.124341938644648 3.3314651320688426 185.01722635701299 28.830049159005284
leaf_count=218002 49688 435 123861 292 4076 2561 95 1949 191 154 1930 29800 83 62 4440 60 1840 115 5019 2254 346 26108 484 3662 213 576 111 355 140 182 154 223 98 107 137 151 6199 899 166 104 1190 105 167 244 396 305 762 103 100 182 114 3671 161 181071 66 1809 6390 161 727 128 8121 586
internal_value=5.43457e-05 -0.00559121 -0.00788723 -0.00458851 0.000151292 0.000124641 0.0139526 0.0292317 0.112813 0.162459 0.00274367 0.00679947 0.000141395 -0.000940271 -0.000866198 0.0080058 -0.00107229 -0.00856266 -0.000732298 -0.00989931 0.034461 -0.0144765 0.00397887 0.00578811 0.0234118 0.0520514 0.0895608 0.0432992 0.148871 0.205536 0.00163935 0.102482 0.116165 0.0521164 0.00842391 0.0701109 0.00422371 0.0222064 0.0455142 0.13875 0.0209756 0.0954725 -0.00112545 0.00166514 -0.00119624 0.0364038 0.0678589 0.12813 0.0484594 -0.00028552 0.0626166 -0.00220969 0.00658382 -0.000847794 -0.00340887 -0.00385755 -0.00187814 -0.0070554 -0.0225589 0.0165553 -0.00478624 -0.000169039
internal_weight=30099.1 507.173 428.255 322.567 29591.9 29535.3 56.5698 23.6818 3.26958 2.01365 32.888 78.9171 29516.8 5630.64 5621.72 126.987 5494.74 237.834 5256.9 234.693 16.9567 188.019 32.9957 123.391 31.7629 13.5588 8.12067 4.70675 3.41393 2.04951 18.2041 2.51809 1.10197 1.36442 46.6739 2.79946 43.8744 20.545 10.3375 2.01441 8.32305 2.64536 10.2075 43.1576 41.8125 6.82319 4.97966 1.86124 14.5434 91.6279 2.54894 89.079 56.0474 5239.95 1198.22 1184.43 869.203 374.148 47.3746 7.2503 326.774 213.847
internal_count=693881 204076 173841 124153 489805 481410 8395 2389 440 249 6006 30235 478849 260847 260785 14449 246336 39972 206364 39857 2286 31477 5369 14389 5821 1907 1331 791 540 322 3914 436 252 218 8380 288 8092 3115 2049 270 1779 589 1066 8009 7765 1566 1170 408 1940 8568 296 8272 4601 204078 23007 22941 21132 14742 1016 289 13726 8707
is_linear=0
shrinkage=0.05


Tree=115
num_leaves=63
num_cat=0
split_feature=2 0 0 2 6 1 0 6 1 0 0 5 6 2 2 2 0 1 1 1 6 2 1 6 6 0 2 1 6 6 5 2 1 6 5 1 5 6 2 5 1 6 5 2 1 2 6 5 6 0 1 2 6 5 2 6 6 1 5 1 6 5
split_gain=7.07142 6.1475 9.44661 6.93487 8.79688 9.68552 7.0535 6.35883 7.22477 11.7183 7.2692 6.15063 6.11233 10.7605 12.8793 7.85225 8.06891 6.83723 7.48373 6.04318 6.83724 8.48133 5.7227 5.42775 20.8723 5.31996 4.93972 8.85716 5.67817 4.90294 5.3606 4.77509 9.51417 13.0759 9.57481 5.93728 12.4263 9.11242 10.4012 7.58571 7.44461 11.7815 8.65532 7.71629 7.64049 7.62486 8.37029 10.156 7.48225 9.19237 8.4612 7.20744 18.7826 6.98122 6.51093 6.48152 7.13836 6.29208 6.11552 6.10785 13.2207 5.77048
threshold=857.17000000000007 25.500000000000004 31.500000000000004 950.30000000000007 171.59500000000003 29.500000000000004 6.5000000000000009 390.91000000000003 16.500000000000004 1.5000000000000002 1.0000000180025095e-35 19.500000000000004 189.63000000000002 2289.3550000000005 876.08000000000015 7049.3100000000004 26.500000000000004 38.500000000000007 14.500000000000002 25.500000000000004 136.49000000000004 1325.0300000000002 24.500000000000004 112.74500000000002 109.04500000000002 42.500000000000007 3447.6850000000004 19.500000000000004 39.895000000000003 588.29000000000008 16.500000000000004 3447.6850000000004 11.500000000000002 116.95500000000001 8.5000000000000018 61.500000000000007 54.500000000000007 19919.455000000005 25693.415000000005 44.500000000000007 93.500000000000014 7722.3900000000003 51.500000000000007 7871.4500000000016 70.500000000000014 7652.3150000000014 856.54000000000008 24.500000000000004 328.49500000000006 3.5000000000000004 72.500000000000014 7871.4500000000016 2493.0450000000005 15.500000000000002 3676.7850000000003 2376.7500000000005 1321.1800000000003 82.500000000000014 32.500000000000007 105.50000000000001 32681.165000000005 62.500000000000007
decision_type=2 2 2 2 2 2 2 2 2 2 2 2 2 2 2 2 2 2 2 2 2 2 2 2 2 2 2 2 2 2 2 2 2 2 2 2 2 2 2 2 2 2 2 2 2 2 2 2 2 2 2 2 2 2 2 2 2 2 2 2 2 2
left_child=-1 3 12 4 23 6 7 8 9 -6 -10 -7 13 14 -3 16 22 18 -18 20 -16 -22 -15 24 -2 -4 27 -20 -28 -9 -31 32 33 -5 -35 -33 37 38 40 59 41 45 44 -42 -43 46 48 -48 -37 54 -51 52 53 -47 -50 56 -38 58 -40 -39 -61 -34
right_child=1 2 25 31 5 11 -8 29 10 -11 -12 -13 -14 15 19 -17 17 -19 26 -21 21 -23 -24 -25 -26 -27 28 -29 -30 30 -32 35 61 34 -36 36 55 39 57 -41 43 42 -44 -45 -46 51 47 -49 49 50 -52 -53 -54 -55 -56 -57 -58 -59 -60 60 -62 -63
leaf_value=-0.0032272970227425857 -0.0029499556363591002 0.21215503301447597 -0.0041724832454220788 0.035312978179905495 0.019202615186531186 0.016996885344946956 -0.012001564509189978 -0.01206280578841272 0.076118156052035701 0.13071082545559692 -0.010838650788031921 0.090851786632660747 0.008439077761293972 0.072709396398233636 0.0021995647668615701 -0.022299027306329974 -0.015495654167605925 -0.043144031381280645 0.16716473465420445 -0.040342588271792226 0.16385740798171894 0.0027756338100188745 0.24965202368976744 -0.036927086741490013 0.25152734447090436 0.0049552574450059585 0.058812553171527393 -0.0022065979646399832 0.21181188634984852 0.047064206074437925 -0.0071273796598062614 0.0012738408217294191 -0.0035381096349574115 -0.0028126241448703862 0.019740881895342711 -0.014736356230046009 -0.02434183211941687 -0.0093558023470570514 0.0015902503673220908 -0.0015769218724287653 -0.019240492593325626 -0.0028987232475517835 0.01557951004372642 -0.0048483739753887138 -0.019580944188958518 0.016782629083888275 -0.016666770546765231 -0.001529344274573794 0.083534739548865325 -0.029714269012330943 0.018726533097455072 0.00063036415984142136 -0.024417282196477392 0.069592140740557404 0.017894184772353227 0.00066095359397303031 0.017310734486205914 -0.00043776063835266406 0.011249901010304585 -0.04302866228054035 0.0012474258028582295 0.0067444170940639788
leaf_weight=1678.8133006073767 30.640553451958116 0.66195140709169464 313.38935180497356 34.751263554440811 4.811604361515494 4.9363152305595559 19.201675382442772 14.603793701622633 3.3794345399364811 4.8412444307468832 7.4851589053869247 7.3254691120237112 293.1718817576766 1.1153068074490868 14.167749367014045 1.9920589623507101 1.6012434599688257 1.2639985042624173 1.0477879213867711 5.8582818844006388 1.5322578365448856 1.7735487683676181 1.0660966192372141 11.053676847834138 0.72688886639661987 324.92485912755365 1.2709678988903763 2.178169775637798 1.6132654193788765 11.692979390732946 7.1697194688022128 7902.4636756477412 2452.198009942309 193.92383901728317 61.939300884492695 36.031851862091571 11.31443230062723 260.6640060916543 426.88437644694932 266.87737744301558 100.9339935235912 113.03377039730549 28.639931246638298 1242.2709525702521 177.89145819097757 11.434132383437829 213.42507202830166 232.04127896949649 3.9609672436490646 20.982836225535721 15.54192456579767 2051.9873885948909 14.014759423211215 14.814415466040371 69.98487187223509 9259.9339726418257 97.681866372004151 1496.6249374079052 267.36390881240368 43.562483832240105 27.105842478573322 144.07690470479429
leaf_count=296167 5542 115 13709 4353 167 183 990 328 97 232 320 81 6747 95 2459 133 143 158 96 909 143 159 126 762 57 21444 124 269 104 193 77 100516 117742 5421 649 2767 136 1233 2692 1129 2512 575 133 12383 896 298 4160 3056 122 786 554 20605 140 210 2081 43278 1026 8806 1203 211 135 1373
internal_value=-7.41278e-05 0.000112161 0.00402672 -2.59443e-05 0.0115862 0.0208333 0.0138092 0.0230876 0.0450019 0.0764074 0.0162008 0.061902 0.0108901 0.0300275 0.00976683 0.0662685 0.082584 0.0595181 0.0773227 0.00293055 0.0178701 0.0815248 0.168529 -0.00692764 0.00356883 0.000466081 0.10231 0.0546738 0.150297 0.00940951 0.0262733 -8.05702e-05 -0.00200361 0.00656898 0.00263317 0.000146688 -0.000392686 -0.00196486 -0.0014234 -0.00787295 -0.00283957 -0.0014536 -0.010528 -0.00593493 -0.0131198 -0.000371055 -0.00538189 -0.00879509 0.00496137 0.0114389 -0.00897049 0.00104448 0.0219718 0.0469286 0.0215859 0.000804275 0.0129228 0.0013842 0.00531859 -0.0129271 -0.0259975 -0.00296533
internal_weight=30069.7 28390.9 968.629 27422.2 127.869 85.4474 73.1856 53.9839 20.5174 9.65285 10.8646 12.2618 330.315 37.1427 23.9938 13.1489 11.1568 8.97543 7.71143 23.3318 17.4736 3.30581 2.1814 42.4211 31.3674 638.314 6.11019 3.22596 2.88423 33.4665 18.8627 27294.4 2886.89 290.614 255.863 24407.5 16505 7136.07 6537.86 598.21 4346.99 3003.78 319.565 1343.2 290.925 2684.22 591.969 445.466 146.502 110.471 36.5248 2092.25 40.2633 26.2485 73.9458 9368.93 108.996 2190.87 694.248 331.332 70.6683 2596.27
internal_count=693310 397143 46933 350210 9029 2668 2404 1414 816 399 417 264 11780 5033 3785 1248 1115 894 736 3670 2761 302 221 6361 5599 35153 593 365 228 598 270 341181 129538 10423 6070 211643 111127 66687 63979 2708 51278 36383 1604 14895 1471 34779 13526 7216 6310 3543 1340 21253 648 508 2203 44440 1162 12701 3895 1579 346 119115
is_linear=0
shrinkage=0.05


Tree=116
num_leaves=63
num_cat=0
split_feature=2 0 0 3 5 2 4 3 3 2 2 0 3 3 4 4 5 2 2 5 3 4 3 2 2 5 4 5 5 2 2 2 5 4 3 3 0 2 2 2 3 3 8 2 5 3 2 0 3 3 8 3 3 3 4 5 5 4 4 5 5 5
split_gain=6.40016 5.52496 8.40689 12.0682 6.18282 6.17169 8.63546 6.87547 8.1551 6.76112 6.13043 4.86788 6.51524 9.09052 7.88663 8.99237 5.63588 5.63298 4.90398 4.6591 5.92889 4.49785 4.36502 7.06452 6.37682 5.8312 4.98356 7.34178 8.4184 5.97022 5.28281 5.2731 4.33042 4.27826 4.6582 5.73873 4.77095 4.91566 6.95832 16.1917 6.8369 4.14098 4.73451 4.96757 6.62291 6.2208 4.11577 5.95144 4.56015 7.05543 4.68053 4.34274 4.09016 9.07837 10.1008 13.4354 15.1828 12.5596 10.572 9.85398 8.03699 7.67707
threshold=857.17000000000007 25.500000000000004 31.500000000000004 703.50000000000011 65.500000000000014 950.30000000000007 6.5000000000000009 73.500000000000014 34.500000000000007 894.42000000000019 912.79500000000007 32.500000000000007 118.50000000000001 112.50000000000001 52.500000000000007 76.500000000000014 40.500000000000007 5712.7400000000007 25693.415000000005 18.500000000000004 418.50000000000006 1.0000000180025095e-35 21.500000000000004 1011.1950000000002 3024.5200000000004 50.500000000000007 3.5000000000000004 90.500000000000014 106.50000000000001 2441.5550000000007 2391.4200000000005 2155.9800000000005 2981.0000000000005 35.500000000000007 15.500000000000002 26.500000000000004 191.50000000000003 2896.6700000000005 989.58500000000015 969.5150000000001 18.500000000000004 18.500000000000004 2.5000000000000004 1800.075 4.5000000000000009 6.5000000000000009 2962.1900000000005 1.5000000000000002 165.50000000000003 91.500000000000014 3.5000000000000004 118.50000000000001 865.50000000000011 899.50000000000011 18.500000000000004 52.500000000000007 78.500000000000014 5.5000000000000009 12.500000000000002 155.50000000000003 533.00000000000011 197.50000000000003
decision_type=2 2 2 2 2 2 2 2 2 2 2 2 2 2 2 2 2 2 2 2 2 2 2 2 2 2 2 2 2 2 2 2 2 2 2 2 2 2 2 2 2 2 2 2 2 2 2 2 2 2 2 2 2 2 2 2 2 2 2 2 2 2
left_child=21 5 3 4 -3 6 7 8 -2 -9 -10 -4 13 17 -15 -16 19 33 -19 20 -14 -1 23 -7 25 46 27 29 -29 31 -30 -27 52 -13 -35 36 37 38 39 -36 -39 42 43 44 45 -25 -24 -48 49 -49 51 -51 60 59 55 -55 57 -57 61 -54 -26 -58
right_child=1 2 11 -5 -6 22 -8 9 10 -11 -12 12 16 14 15 -17 -18 18 -20 -21 -22 -23 24 41 32 26 -28 28 30 -31 -32 -33 -34 34 35 -37 -38 40 -40 -41 -42 -43 -44 -45 -46 -47 47 48 -50 50 -52 -53 53 54 -56 56 58 -59 -60 -61 -62 -63
leaf_value=0.0040012049888129382 0.014147399625842105 0.010055415242538083 -0.015891505689451059 0.091852845602976185 -0.04114537662161169 -0.028176679389156759 -0.0018302321850404606 0.032488705393326552 0.031138509752193962 -0.039998491733788791 0.085155597988341436 0.019949011767580918 -0.0093744114452570804 0.0062069667335104715 0.16014944644094309 0.028971518498576543 0.019897195965710282 0.016267407081665134 -0.018617791578872632 -0.030694990576326048 0.05621648393493827 -0.0040247486383053468 -0.0030649433531893854 0.054013012648922769 -6.3972742006419744e-05 0.019613002531316898 -0.012641385472568743 -0.038515504820226365 -0.010209094846583765 0.0010594698024622797 0.033135684365255338 0.055828150136496224 -0.01525604267205892 -0.018860375026408988 0.016345104817167319 -0.0028179581702244376 0.11379719627701246 -0.028973444843701335 -0.0047136076898190802 0.22931453920197745 0.061624531283555231 0.015998279619522854 -0.0022044684678006682 0.0028400813772811451 0.041840561182176279 -0.02172607158060642 -0.037028305495865339 -0.013048509352357638 -0.050041550996131848 0.097252782830701601 -0.014905557387150778 0.017088356650192402 0.019793493204505089 0.017137865246048135 -0.025685670350370716 -0.020187195794468624 -0.0019065753406082965 0.012187809389886855 0.033449164977958183 -0.0029350327084571469 -0.016208378115962398 0.0039994453405162132
leaf_weight=197.27256949199364 28.505775538273156 323.22041820501909 42.425687796960119 4.3839944563806048 5.8729421664029351 14.761502237757666 65.339053901901934 5.5369928274303657 12.809324306435885 7.3128380076959729 9.6094341366551799 24.933916659792885 81.425639447988942 5.66649770317599 2.4787835138849914 2.9898496277164668 15.212214624509214 103.09592990670353 10.950840277131645 26.463613822124898 3.4817263833247116 1476.4127227257704 1978.9071370956954 3.5870692544849581 21814.20167451899 45.40712932869792 28.008483447134495 13.876059133559464 15.653090655803682 32.399394460022449 12.453627888113258 13.25242283195257 45.839306369423866 34.440578097943217 5.8742845549713811 231.74113527289592 1.1174947939580295 2.539106896496377 33.707990744092967 0.97180757159367193 9.1405418349895609 92.596572403563187 143.82289583608508 58.469148114440031 24.224959285929799 10.106705439044161 22.016028466285206 21.976856352062899 4.5958166762720785 3.5940367751754803 2.862079493701458 3.5374868442304432 137.18461111560464 129.66261704824865 34.616368439863436 141.89579120650887 991.18411666154861 37.689428925514221 25.896187961101532 72.493892602622509 77.266552425920963 1234.6163357496262
leaf_count=3521 610 11681 1733 39 60 891 7636 99 306 151 227 923 2611 118 74 183 170 2085 174 335 69 292646 103104 151 209917 366 450 132 131 272 107 100 193 3424 821 18298 136 111 3386 132 370 2944 4561 1042 314 1016 639 887 164 142 147 136 686 856 400 685 4334 202 126 320 336 5430
internal_value=-7.09529e-05 0.000106015 0.00381014 0.0102442 0.00911428 -2.51513e-05 0.0108762 0.0239552 0.0322097 -0.00836797 0.0547894 0.000441678 0.00161474 0.00433535 0.0488024 0.091137 -0.00843524 0.00323415 0.0128605 -0.0123644 -0.00656299 -0.00307558 -7.6953e-05 0.00548934 -0.00014897 -0.00272956 0.00641593 0.010472 -0.00672833 0.0184557 0.00886839 0.0279609 8.01412e-05 2.97078e-05 -0.00151475 0.000569029 0.0153523 0.0129372 0.00452781 0.0501622 0.0414257 0.00700562 0.0035131 0.0120897 0.0261757 -0.00127608 -0.00345519 -0.0165248 -0.00397623 0.00262524 0.0373764 0.058966 0.000108871 0.00190646 0.00109567 0.00146062 0.000621806 -0.0133618 0.00173984 0.0119139 -0.000121257 0.00136719
internal_weight=30063.6 28389.9 972.135 333.477 329.093 27417.8 129.113 63.7744 50.9245 12.8498 22.4188 638.658 596.232 469.649 11.1351 5.46863 126.583 458.514 114.047 111.371 84.9074 1673.69 27288.7 347.569 26941.1 2198.54 161.05 133.042 41.9828 91.0589 28.1067 58.6596 24742.5 344.467 319.533 285.092 53.3512 52.2337 40.5541 6.84609 11.6796 332.807 240.211 96.3879 37.9187 13.6938 2037.49 58.5823 36.5663 31.9705 9.9936 7.13152 24696.7 2805.24 2595.56 2560.94 2431.28 179.585 2251.7 209.679 21891.5 2225.8
internal_count=693310 397143 46933 11780 11741 350210 9029 1393 1143 250 533 35153 33420 30235 375 257 3185 29860 2259 3015 2680 296167 341181 10919 330262 106777 1558 1108 370 738 238 466 223485 27601 26678 23254 4956 4820 4339 953 481 10028 7084 2523 1481 1167 105219 2115 1476 1312 425 278 223292 13039 12033 11633 10777 887 9890 1006 210253 9764
is_linear=0
shrinkage=0.05


Tree=117
num_leaves=63
num_cat=0
split_feature=2 2 6 0 0 0 4 4 4 6 1 5 4 2 2 6 6 6 0 5 1 0 4 1 4 6 2 2 6 0 2 4 4 0 4 2 0 1 6 5 1 2 4 0 1 2 0 2 1 6 0 4 0 1 2 6 6 2 6 1 6 6
split_gain=5.79268 5.11168 14.1111 4.53946 7.65861 4.39994 6.59631 8.40914 8.17046 5.74441 6.22539 5.59316 4.84381 9.33192 4.5853 9.69205 8.37076 8.25667 7.7667 7.19859 6.91056 6.35563 6.98348 7.82494 8.69803 6.39159 10.7925 10.3009 11.0541 17.8476 6.22073 5.75205 11.3252 9.63961 11.5029 5.2968 5.26105 4.52637 5.84638 7.44506 4.37971 7.18274 4.73514 9.38863 10.4089 11.0517 4.98502 9.67563 9.65728 4.61912 4.52855 8.66405 4.81667 4.3687 4.83233 10.6215 12.086 5.20579 8.15046 5.5522 5.11145 4.30427
threshold=857.17000000000007 876.08000000000015 564.93500000000006 25.500000000000004 29.500000000000004 60.500000000000007 55.500000000000007 45.500000000000007 57.500000000000007 5778.7350000000015 54.500000000000007 1.5000000000000002 47.500000000000007 6018.7100000000009 7652.3150000000014 4138.0550000000012 328.49500000000006 2493.0450000000005 105.50000000000001 3.5000000000000004 22.500000000000004 103.50000000000001 237.50000000000003 22.500000000000004 312.50000000000006 39.005000000000003 989.58500000000015 1874.8050000000001 162.63500000000002 69.500000000000014 1498.9550000000002 2581.5000000000005 631.50000000000011 73.500000000000014 341.50000000000006 1098.8500000000001 108.50000000000001 8.5000000000000018 374.80500000000006 2.5000000000000004 3.5000000000000004 210.34000000000003 300.50000000000006 143.50000000000003 11.500000000000002 41.215000000000011 3.5000000000000004 840.15000000000009 15.500000000000002 162.63500000000002 218.50000000000003 300.50000000000006 317.50000000000006 22.500000000000004 2655.3200000000002 238.01000000000002 39.895000000000003 8086.4300000000012 2550.4850000000006 37.500000000000007 162.63500000000002 88.02500000000002
decision_type=2 2 2 2 2 2 2 2 2 2 2 2 2 2 2 2 2 2 2 2 2 2 2 2 2 2 2 2 2 2 2 2 2 2 2 2 2 2 2 2 2 2 2 2 2 2 2 2 2 2 2 2 2 2 2 2 2 2 2 2 2 2
left_child=40 2 -2 -3 53 6 7 37 -8 10 -10 -9 13 -13 16 17 18 36 19 21 -21 22 25 30 -25 -7 -27 -28 29 -29 31 32 33 -24 35 -35 -16 38 -6 -40 41 49 43 -42 45 -45 47 48 -44 -1 -43 -52 -53 -5 -55 56 -56 -57 59 -59 -58 -47
right_child=1 3 -4 4 5 14 8 11 9 -11 -12 12 -14 -15 15 -17 -18 -19 -20 20 -22 -23 23 24 -26 26 27 28 -30 -31 -32 -33 -34 34 -36 -37 -38 -39 39 -41 42 50 46 44 -46 61 -48 -49 -50 -51 51 52 -54 54 55 57 60 58 -60 -61 -62 -63
leaf_value=-0.00085929609900640036 0.0019678811238112224 -4.1451514168323938e-05 0.081119571864885873 0.020467638255099889 0.083478230069821482 -0.031017893134524917 -0.041123167709001589 -0.031855267089193777 -0.0049868284179492295 -0.043691182283806626 0.044148162122297357 0.0098619711226409848 0.012139697726699926 0.07696196130710023 0.0059174357882005859 -0.011178799103165321 -0.0097326530898844757 0.11437663062028702 -0.0055049137465136575 0.15450142444065632 0.011070684207967897 0.14835569425602924 -0.043429701268663634 0.33021456540185945 0.027552247684162375 0.13598561347657909 -0.030332781571176505 -0.042654657279775923 -0.015445626023864534 0.18756536608233021 -0.004154441624878445 -0.039081613365372019 0.27599161558709134 0.070669086354104071 -0.03788271177402594 0.27744922933169336 0.082066287156958573 -0.0029750816227618903 -0.049059183495472287 0.034349889878637685 -0.0034209490037227447 0.01187669374505692 0.012068037023339171 0.20549413913586634 0.16497741562935697 0.0022758827962302652 -0.013765891975152636 0.20509481532874163 -0.040295641448235026 -0.044036495541810737 0.15222302033255894 -0.025464924327565489 0.10650862011519516 -0.017052854688967032 -0.043731485599124154 -0.0055852559239003693 0.16709017780350041 0.0062424377646737826 0.0066027255941962116 0.068933212320068479 0.041956897957047275 0.083565580962730451
leaf_weight=291.68831442465307 25.200333864719141 27387.73455932684 7.2057353667914859 83.330673405202106 3.2452730499207965 8.1127689857967216 17.171155889052898 5.6799034557770929 176.12990382156568 9.1207036487758142 6.5775351129705077 12.069103466812523 70.232691850047559 9.2995596174150688 7.5952153613325226 9.1799003984779102 53.778327301377431 4.0232795905321828 23.41087421233533 2.0928602479398246 1.5167375565506516 0.90578594093676557 1.3464964835438844 0.42568542622029859 0.5427660463610664 1.7762382715009177 7.8254714382346702 1.1700925850309434 3.0063210036605597 2.4175029904581606 4.4342306103790179 0.80362581310328085 0.66657698567723844 0.72665224410593532 0.70963683119043697 0.81511325924657285 3.2495904829120263 267.53529209527187 3.7584162801504126 8.5091895759105665 1008.0545166939264 76.365622990182601 41.669919110951014 0.68177518621087685 1.2924187195021648 14.146010699216275 210.36843507154845 0.48763971764128555 11.051280650193801 6.2387953372672191 1.6271009473130096 2.3204738724743952 0.85654432792216528 19.304459220089484 1.389715113560668 51.822029253467917 2.4242957094684248 5.7176889814436427 63.50254993326962 10.102364236488937 1.5163037651218472 1.7642645891755808
leaf_count=95057 2500 348375 126 3885 188 1023 582 476 15992 118 258 466 2026 118 231 136 2430 51 2875 162 104 115 231 78 158 197 862 119 199 188 707 328 262 112 140 107 131 6649 133 195 83504 7772 14773 115 170 2231 85666 156 5198 262 213 686 184 1616 186 1251 176 95 510 179 97 180
internal_value=-6.78544e-05 0.00010026 0.0199171 7.73669e-05 0.00344056 0.000888289 -0.00100023 0.00291137 -0.00814032 -0.00514198 -0.00316742 0.0155894 0.0186174 0.039519 0.00883854 0.0287102 0.00467206 0.0535828 0.0171015 0.0306766 0.0975034 0.0235236 0.0197131 0.0536894 0.183723 0.00471309 0.0229989 0.00789567 0.0537864 0.112003 0.0381408 0.075478 0.0986127 0.0578231 0.119777 0.193277 0.0297332 -0.00143227 0.0247034 0.00820158 -0.00293092 0.00178386 -0.0043209 -0.00277793 0.0330051 0.0214989 -0.0103044 0.00328754 0.000941533 -0.00179471 0.0149663 0.0618149 0.0107546 0.0112066 0.00621058 0.0095479 0.0781635 0.00666352 0.0147256 0.0467711 0.122408 0.0120679
internal_weight=30057.7 28389.1 32.4061 28356.7 968.971 729.86 589.329 380.329 208.999 191.828 182.707 97.2813 91.6014 21.3687 140.532 24.048 116.484 14.8681 62.7054 39.2946 3.6096 35.685 34.7792 10.4708 0.968451 24.3084 16.1956 14.4194 6.59392 3.5876 9.50233 5.0681 4.26448 3.5979 2.2514 1.54177 10.8448 283.048 15.5129 12.2676 1668.61 379.097 1289.52 1025.94 17.8845 16.5921 263.577 53.2088 52.7212 297.927 81.1697 4.80412 3.17702 239.11 155.779 136.475 5.33031 131.145 79.3226 15.8201 3.9406 15.9103
internal_count=693310 397143 2626 394517 46142 38147 27201 10251 16950 16368 16250 3086 2610 584 10946 549 10397 413 7967 5092 266 4826 4711 2123 236 2588 1565 1368 506 307 1887 1180 852 590 359 219 362 7165 516 328 296167 104174 191993 86200 2696 2526 105793 20127 19971 95319 8855 1083 870 7995 4110 2494 459 2035 784 274 273 2411
is_linear=0
shrinkage=0.05


Tree=118
num_leaves=63
num_cat=0
split_feature=2 1 2 2 3 6 5 1 2 3 6 5 5 2 6 1 5 3 3 5 3 8 5 5 5 5 2 2 6 6 5 1 3 5 6 3 3 6 3 3 6 1 2 6 8 5 2 8 1 5 2 6 3 3 3 6 1 1 3 5 3 6
split_gain=5.24352 4.73412 10.1781 4.35609 7.1458 10.7101 7.03335 5.77149 11.9423 8.22181 7.4845 8.99191 10.3791 8.8603 8.16777 8.3494 8.14476 7.43966 6.43957 7.92016 6.3836 9.03522 5.90531 8.54506 7.07065 6.05782 5.62125 6.51304 24.3457 7.01529 18.4803 5.62112 11.9507 5.51133 5.47089 5.33425 8.64643 6.18102 6.78733 5.94831 5.65227 5.25232 6.59779 12.6627 7.08026 7.26485 9.41865 5.51787 8.04219 13.8448 14.0703 18.0825 25.5582 5.47419 5.40628 5.35038 5.17197 5.08375 10.9168 7.19568 15.0542 15.6177
threshold=857.17000000000007 8.5000000000000018 3521.6800000000007 3447.6850000000004 35.500000000000007 4138.0550000000012 10.500000000000002 22.500000000000004 931.35000000000014 35.500000000000007 1061.5100000000002 26.500000000000004 40.500000000000007 1874.8050000000001 1039.1450000000002 21.500000000000004 12.500000000000002 258.50000000000006 39.500000000000007 23.500000000000004 100.50000000000001 3.5000000000000004 106.50000000000001 139.50000000000003 87.500000000000014 65.500000000000014 3370.2700000000004 3154.1800000000007 874.62000000000012 143.03500000000003 3.5000000000000004 18.500000000000004 32.500000000000007 55.500000000000007 838.46500000000015 36.500000000000007 33.500000000000007 437.13000000000005 21.500000000000004 26.500000000000004 446.34000000000009 42.500000000000007 2716.0150000000003 935.3950000000001 4.5000000000000009 24.500000000000004 3087.6500000000001 3.5000000000000004 54.500000000000007 13.500000000000002 2245.8300000000004 274.94500000000005 131.50000000000003 125.50000000000001 79.500000000000014 2262.3050000000003 66.500000000000014 61.500000000000007 133.50000000000003 52.500000000000007 899.50000000000011 19919.455000000005
decision_type=2 2 2 2 2 2 2 2 2 2 2 2 2 2 2 2 2 2 2 2 2 2 2 2 2 2 2 2 2 2 2 2 2 2 2 2 2 2 2 2 2 2 2 2 2 2 2 2 2 2 2 2 2 2 2 2 2 2 2 2 2 2
left_child=-1 2 -2 7 5 6 -5 10 18 -10 11 13 -13 14 15 34 -17 22 -9 20 -20 -22 24 -24 25 41 27 29 -29 30 -19 -8 -33 -12 -3 36 37 39 -39 -15 -37 55 43 47 45 -44 -47 48 -43 50 -50 52 -52 -51 -45 -11 -49 -6 -59 60 61 -60
right_child=1 3 -4 4 57 -7 31 8 9 17 33 12 -14 35 -16 16 -18 26 19 -21 21 -23 23 -25 -26 -27 -28 28 -30 -31 -32 32 -34 -35 -36 40 -38 38 -40 -41 -42 42 44 54 -46 46 -48 56 49 53 51 -53 -54 -55 -56 -57 -58 58 59 -61 -62 -63
leaf_value=-0.0027928121754697624 0.011431129437691877 -0.0015037198168717921 -0.010171673970553885 0.0086161238018328864 0.0011870950356018966 -0.0051598018717996111 0.042226507649437812 0.087305470212720726 -0.023922524742402668 -0.0026371784097421447 -0.0074176521798680478 0.077161670013849451 0 -0.022330892459853244 0.065126782860085816 0.011942260948843032 0.081221770726100956 -0.018729896585987477 -0.014395232790648877 0.059828621658731929 -0.0068887124952033202 0.13866508089368321 0.040294808833812895 -0.015780235728613479 -0.032932256201402409 0.012890000530688981 -0.041767680953448301 0.13553913273501605 -0.010965942221406306 0.0030009302621224429 0.15338556646948179 -0.020078172613912912 0.053886990578211141 0.023949653684993449 -0.018654791820872648 0.02314818378530813 -0.030106327142974867 0.04355557347401446 0.0056444364457763361 0.014121174321139277 0.0062650463091288265 -0.012057973883530552 -0.013421237514485275 0.05869724352911368 -0.031065647855753199 -0.018156231800176864 0.081055203823249516 -0.027255269061315337 -0.038665412475365007 0.013416080896244457 0.22826912266021512 -0.028424868720727706 0.0015081703778462765 0.09067486434431915 0.012144688469077422 -0.027229775714158425 0.013475523540153215 -0.0089220988864713822 -0.0010553366505572574 0.0007159064016117729 0.015170593976040645 -0.010200938098697144
leaf_weight=1663.951718238357 230.63608753553126 575.23609294212656 71.077215531724505 177.63563201320358 7982.0966828867095 113.8442421797663 33.020085165277123 3.847141791717152 50.385062779358122 1210.4892565295449 298.00868587940931 8.6043160138651746 8.6765939369797689 26.403976876987144 4.538866087794303 37.971853689989075 4.7371947299689046 3.3350310790119684 15.051557071798021 7.9613295383751383 2.3781918355380176 1.7355650460813192 17.312834933400158 10.912005066871641 21.583909053355455 50.290255067870021 4.5765133824897921 4.6912553936708701 6.7780301105231047 60.009682300966233 2.7292494149878621 13.463139627128841 8.9979567267000657 14.531387250870464 50.603900442365557 92.930896436562762 18.987971615744755 17.521194946020842 37.05860640713945 19.125654817209579 108.64084944268689 72.780463680217508 108.11924453254323 7.8233578335493794 59.044445050880313 4.5403396720066649 4.7439629565924406 54.261076755588874 12.904602362366861 3.7158680502325279 2.2290052927564812 4.7335385116748512 2.763136915222276 6.8896266240626574 32.051077386830002 22.482688551768661 8.8600558028556389 363.10317859577481 5945.0800693600904 9607.1681030541658 133.63787503202911 506.73053082078695
leaf_count=296167 10880 45653 1487 4282 103841 979 286 331 3161 63497 5165 120 88 2303 98 3317 103 441 1560 83 161 190 173 106 236 473 109 184 87 1192 77 138 111 108 1183 6930 1051 481 1147 1689 3283 4209 5796 121 1031 107 104 3810 1078 111 185 223 234 183 529 253 486 4690 58090 45752 1049 2318
internal_value=-6.48015e-05 9.491e-05 0.00632372 2.78073e-05 0.000251458 0.00737607 0.0135191 -0.00170678 -0.00348641 -0.0040046 0.000819997 0.00291381 0.0385852 0.00228465 -0.000967562 -0.00143344 0.0199152 -0.00344319 0.0272336 0.0182411 0.000485174 0.0551663 -0.00414806 0.0184599 -0.0045296 -0.00415728 0.0112341 0.0144764 0.0491801 0.00831163 0.0591518 0.0290833 0.0094383 -0.00593606 -0.00290126 0.00912484 0.00068964 0.00660489 0.0179635 -0.00691149 0.0140811 -0.00469085 -0.00979053 -0.0037464 -0.0169156 -0.00973638 0.0323282 -0.00974348 -0.00271472 0.0175701 -0.00436699 0.0405636 0.106234 0.0644508 0.0215274 -0.00309184 -0.0214467 0.000150484 -0.000349005 -0.000156399 -0.00142971 -0.00177456
internal_weight=30056 28392.1 301.713 28090.4 24884.8 346.961 233.117 3205.59 1882.01 1851.04 1323.58 1011.04 17.2809 993.757 673.088 668.549 42.709 1800.65 30.9738 27.1266 19.1653 4.11376 1718.53 28.2248 1690.31 1668.72 82.1198 77.5432 11.4693 66.074 6.06428 55.4812 22.4611 312.54 625.84 320.669 119.097 100.109 54.5798 45.5296 201.572 1618.43 385.46 209.012 176.448 117.404 9.2843 169.137 106.016 33.2358 22.6303 9.72568 4.99214 10.6055 39.8744 1232.97 63.1211 24537.8 16555.7 16192.6 6585.45 6451.81
internal_count=693310 397143 12367 384776 221536 5796 4817 163240 90521 88196 72719 67446 208 67238 50354 50256 3420 85035 2325 1994 1911 351 82945 279 82666 82430 2090 1981 271 1710 518 535 249 5273 46836 16884 6671 5620 1628 3992 10213 81957 18207 11169 7038 6007 211 10519 6223 2014 1720 642 419 294 650 63750 4296 215740 111899 107209 61457 60408
is_linear=0
shrinkage=0.05


end of trees

feature_importances:
Column_2=1319
Column_1=1206
Column_3=1193
Column_5=985
Column_6=967
Column_4=861
Column_0=494
Column_8=267
Column_7=86

parameters:
[boosting: gbdt]
[objective: binary]
[metric: auc,binary_logloss]
[tree_learner: serial]
[device_type: cpu]
[data_sample_strategy: bagging]
[data: ]
[valid: ]
[num_iterations: 2000]
[learning_rate: 0.05]
[num_leaves: 63]
[num_threads: -1]
[seed: 20260825]
[deterministic: 0]
[force_col_wise: 0]
[force_row_wise: 0]
[histogram_pool_size: -1]
[max_depth: -1]
[min_data_in_leaf: 100]
[min_sum_hessian_in_leaf: 0.001]
[bagging_fraction: 0.8]
[pos_bagging_fraction: 1]
[neg_bagging_fraction: 1]
[bagging_freq: 5]
[bagging_seed: 20260825]
[bagging_by_query: 0]
[feature_fraction: 0.8]
[feature_fraction_bynode: 1]
[feature_fraction_seed: 20260825]
[extra_trees: 0]
[extra_seed: 27901]
[early_stopping_round: 0]
[early_stopping_min_delta: 0]
[first_metric_only: 0]
[max_delta_step: 0]
[lambda_l1: 0.1]
[lambda_l2: 0.1]
[linear_lambda: 0]
[min_gain_to_split: 0]
[drop_rate: 0.1]
[max_drop: 50]
[skip_drop: 0.5]
[xgboost_dart_mode: 0]
[uniform_drop: 0]
[drop_seed: 29628]
[top_rate: 0.2]
[other_rate: 0.1]
[min_data_per_group: 100]
[max_cat_threshold: 32]
[cat_l2: 10]
[cat_smooth: 10]
[max_cat_to_onehot: 4]
[top_k: 20]
[monotone_constraints: ]
[monotone_constraints_method: basic]
[monotone_penalty: 0]
[feature_contri: ]
[forcedsplits_filename: ]
[refit_decay_rate: 0.9]
[cegb_tradeoff: 1]
[cegb_penalty_split: 0]
[cegb_penalty_feature_lazy: ]
[cegb_penalty_feature_coupled: ]
[path_smooth: 0]
[interaction_constraints: ]
[verbosity: -1]
[saved_feature_importance_type: 0]
[use_quantized_grad: 0]
[num_grad_quant_bins: 4]
[quant_train_renew_leaf: 0]
[stochastic_rounding: 1]
[linear_tree: 0]
[max_bin: 255]
[max_bin_by_feature: ]
[min_data_in_bin: 3]
[bin_construct_sample_cnt: 200000]
[data_random_seed: 4775]
[is_enable_sparse: 1]
[enable_bundle: 1]
[use_missing: 1]
[zero_as_missing: 0]
[feature_pre_filter: 0]
[pre_partition: 0]
[two_round: 0]
[header: 0]
[label_column: ]
[weight_column: ]
[group_column: ]
[ignore_column: ]
[categorical_feature: ]
[forcedbins_filename: ]
[precise_float_parser: 0]
[parser_config_file: ]
[objective_seed: 9445]
[num_class: 1]
[is_unbalance: 0]
[scale_pos_weight: 1]
[sigmoid: 1]
[boost_from_average: 1]
[reg_sqrt: 0]
[alpha: 0.9]
[fair_c: 1]
[poisson_max_delta_step: 0.7]
[tweedie_variance_power: 1.5]
[lambdarank_truncation_level: 30]
[lambdarank_norm: 1]
[label_gain: ]
[lambdarank_position_bias_regularization: 0]
[eval_at: ]
[multi_error_top_k: 1]
[auc_mu_weights: ]
[num_machines: 1]
[local_listen_port: 12400]
[time_out: 120]
[machine_list_filename: ]
[machines: ]
[gpu_platform_id: -1]
[gpu_device_id: -1]
[gpu_device_id_list: ]
[gpu_use_dp: 0]
[num_gpu: 1]

end of parameters

pandas_categorical:null
