tree
version=v4
num_class=1
num_tree_per_iteration=1
label_index=0
max_feature_idx=8
objective=binary sigmoid:1
feature_names=Column_0 Column_1 Column_2 Column_3 Column_4 Column_5 Column_6 Column_7 Column_8
feature_infos=[0:721] [0:356] [0:3936355] [0:80448] [0:2584] [0:40528] [0:2265290.2000000002] [0:4] [0:5]
tree_sizes=26775 27357 27406 27385 27433 27474 27450 27467 27372 27480 27434 27490 27497 27489 27456 27464 27460 27469 27423 27522 27521 27449 27537 27438

Tree=0
num_leaves=255
num_cat=0
split_feature=6 6 6 6 6 6 8 6 8 0 8 0 8 2 0 8 0 8 2 6 8 2 6 6 8 8 6 8 2 2 8 1 0 6 8 0 1 0 6 8 2 8 1 2 8 6 8 1 2 2 8 1 2 2 1 1 2 1 2 2 2 2 3 1 2 1 2 3 0 1 0 2 0 6 1 1 2 6 3 3 6 2 3 6 0 0 6 1 8 1 3 3 8 8 6 1 0 2 2 2 1 0 3 1 0 2 0 1 2 1 8 8 8 2 1 3 3 2 3 8 0 3 2 1 2 1 3 2 1 3 6 6 8 3 0 6 6 0 2 1 1 1 3 3 3 2 0 1 3 6 8 6 1 2 3 3 3 3 0 1 2 3 6 8 1 3 1 6 1 0 1 2 3 1 0 0 0 3 3 0 3 3 0 6 6 2 3 3 6 2 3 8 2 1 2 3 0 1 2 6 3 2 0 0 3 6 1 1 2 6 3 6 1 2 0 3 2 6 3 3 1 0 8 2 3 2 3 2 2 3 2 6 1 1 3 6 3 3 2 1 6 6 6 3 3 0 2 6 3 2 1 8 2 1
split_gain=2.64617e+06 213433 173350 23021.2 21713.2 18386.5 13085.3 9625.62 6781.56 5981.95 5441.55 4814.99 4559.28 3297.09 2978.42 2845.14 2840.13 2446.37 2240.61 2139.12 2064.37 2014.42 1676.98 1450.81 1392.44 1364.34 1253.77 1242.54 1214.13 1211.8 1163.2 1193.26 1094.26 1093.25 1073.29 1067.43 1335.34 1008.57 976.911 887.356 885.225 810.681 798.81 797.798 741.324 725.47 702.995 679.964 643.513 642.534 608.064 601.002 571.152 546.608 543.172 493.033 980.386 483.785 475.495 450.622 444.255 417.192 406.899 399.553 383.031 382.91 471.853 381.251 371.023 367.2 367.185 445.963 382.35 357.027 355.828 500.951 350.409 349.328 489.105 348.242 345.76 374.735 337.331 335.871 332.731 335.344 321.967 314.614 301.335 295.441 324.928 430.682 291.136 288.238 286.148 544.907 283.465 279.01 276.681 272.305 263.684 286.577 261.762 258.498 481.359 303.576 249.304 243.816 310.177 247.397 243.043 238.136 234.615 234.272 232.478 230.818 282.845 230.157 228.903 281.704 431.303 257.26 225.668 224.311 223.92 385.786 244.538 256.988 236.563 256.284 219.717 218.652 211.836 211.776 444.832 208.477 398.556 208.088 206.472 498.903 239.007 203.431 391.143 195.686 192.404 304.301 255.418 192.043 189.184 205.32 330.458 237.74 217.569 281.526 188.034 313.912 228.769 190.959 185.141 348.157 217.662 225.507 184.754 182.985 181.875 196.027 181.764 180.158 196.108 179.507 178.498 177.402 176.044 175.91 175.479 258.941 174.385 172.194 192.356 171.877 170.68 167.714 166.866 160.741 158.974 156.952 174.781 264.014 289.823 156.266 344.185 155.824 154.973 154.701 585.415 274.396 263.822 228.256 197.715 370.494 153.588 151.545 227.233 150.353 142.904 220.412 174.226 147.287 142.829 139.245 138.342 138.162 137.563 261.239 137.542 245.447 243.379 136.846 136.81 196.023 136.699 136.694 135.94 135.296 134.181 133.5 235.952 269.436 201.046 237.277 185.988 131.789 130.786 146.874 130.393 129.859 129.654 129.378 153.346 151.84 169.603 127.652 124.85 124.671 124.091 123.421 121.992 218.942 335.55 205.765 136.124 121.113 120.798 236.241
threshold=1129.5400000000002 4390.2250000000013 220.04000000000005 10349.92 2434.4100000000003 16.570000000000004 4.5000000000000009 437.13000000000005 4.5000000000000009 2.5000000000000004 4.5000000000000009 2.5000000000000004 4.5000000000000009 5861.3050000000012 4.5000000000000009 1.5000000000000002 1.5000000000000002 2.5000000000000004 500.21000000000009 708.94500000000005 2.5000000000000004 5177.7850000000008 22815.745000000006 6669.4150000000009 1.0000000180025095e-35 4.5000000000000009 79.995000000000019 3.5000000000000004 196.71000000000001 3521.6800000000007 3.5000000000000004 15.500000000000002 1.5000000000000002 79.995000000000019 3.5000000000000004 2.5000000000000004 40.500000000000007 1.5000000000000002 2978.5900000000006 2.5000000000000004 10241.440000000001 3.5000000000000004 20.500000000000004 2896.6700000000005 2.5000000000000004 69.905000000000015 3.5000000000000004 29.500000000000004 9612.7750000000033 1076.5550000000001 2.5000000000000004 30.500000000000004 4115.4500000000016 2441.5550000000007 86.500000000000014 76.500000000000014 7871.4500000000016 46.500000000000007 10575.630000000001 138.50500000000002 2716.0150000000003 3370.2700000000004 264.50000000000006 22.500000000000004 2716.0150000000003 94.500000000000014 4407.0950000000003 254.50000000000003 22.500000000000004 31.500000000000004 10.500000000000002 3221.4250000000006 26.500000000000004 3492.9750000000004 46.500000000000007 61.500000000000007 5574.8050000000012 390.91000000000003 95.500000000000014 54.500000000000007 131.29000000000005 126.605 85.500000000000014 1408.2250000000001 91.500000000000014 75.500000000000014 856.54000000000008 25.500000000000004 3.5000000000000004 60.500000000000007 109.50000000000001 67.500000000000014 2.5000000000000004 1.0000000180025095e-35 935.3950000000001 53.500000000000007 1.5000000000000002 10575.630000000001 5574.8050000000012 98.385000000000005 30.500000000000004 56.500000000000007 169.50000000000003 37.500000000000007 40.500000000000007 5057.9050000000007 8.5000000000000018 21.500000000000004 9337.0800000000017 24.500000000000004 4.5000000000000009 3.5000000000000004 2.5000000000000004 2289.3550000000005 7.5000000000000009 98.500000000000014 206.50000000000003 12505.535000000002 21.500000000000004 3.5000000000000004 1.0000000180025095e-35 30.500000000000004 706.83500000000015 23.500000000000004 706.83500000000015 18.500000000000004 48.500000000000007 2492.2050000000004 7.5000000000000009 86.500000000000014 1581.8900000000001 177.05000000000004 3.5000000000000004 49.500000000000007 69.500000000000014 293.05000000000007 274.94500000000005 3.5000000000000004 3291.5600000000004 21.500000000000004 53.500000000000007 21.500000000000004 73.500000000000014 56.500000000000007 15.500000000000002 1469.7450000000001 15.500000000000002 59.500000000000007 43.500000000000007 19.830000000000002 3.5000000000000004 29.920000000000005 26.500000000000004 2030.5500000000002 298.50000000000006 206.50000000000003 258.50000000000006 45.500000000000007 5.5000000000000009 4.5000000000000009 443.07500000000005 40.500000000000007 1039.1450000000002 2.5000000000000004 32.500000000000007 83.500000000000014 38.500000000000007 1508.5450000000003 36.500000000000007 16.500000000000004 24.500000000000004 7443.6900000000014 6.5000000000000009 3.5000000000000004 15.500000000000002 30.500000000000004 18.500000000000004 38.500000000000007 46.500000000000007 48.500000000000007 91.500000000000014 360.50000000000006 1.0000000180025095e-35 268.36500000000007 59.050000000000004 4210.3950000000013 97.500000000000014 80.500000000000014 754.6500000000002 1626.2000000000003 19.500000000000004 2.5000000000000004 787.61000000000013 18.500000000000004 3447.6850000000004 54.500000000000007 33.500000000000007 31.500000000000004 1054.3550000000002 287.32000000000005 121.50000000000001 1033.4150000000002 11.500000000000002 2.5000000000000004 92.500000000000014 124.93000000000002 40.500000000000007 31.500000000000004 5712.7400000000007 893.70500000000015 169.50000000000003 124.93000000000002 26.500000000000004 2069.5650000000005 10.500000000000002 103.50000000000001 5712.7400000000007 1351.7300000000002 23.500000000000004 79.500000000000014 39.500000000000007 4.5000000000000009 1.5000000000000002 3087.6500000000001 106.50000000000001 3846.1350000000007 109.50000000000001 2289.3550000000005 2896.6700000000005 171.50000000000003 3291.5600000000004 274.94500000000005 76.500000000000014 56.500000000000007 145.50000000000003 2493.0450000000005 89.500000000000014 38.500000000000007 443.07500000000005 15.500000000000002 27.910000000000004 1508.5450000000003 162.63500000000002 49.500000000000007 191.50000000000003 561.50000000000011 5574.8050000000012 299.04000000000002 169.50000000000003 2289.3550000000005 51.500000000000007 3.5000000000000004 6179.2600000000011 23.500000000000004
decision_type=2 2 2 2 2 2 2 2 2 2 2 2 2 2 2 2 2 2 2 2 2 2 2 2 2 2 2 2 2 2 2 2 2 2 2 2 2 2 2 2 2 2 2 2 2 2 2 2 2 2 2 2 2 2 2 2 2 2 2 2 2 2 2 2 2 2 2 2 2 2 2 2 2 2 2 2 2 2 2 2 2 2 2 2 2 2 2 2 2 2 2 2 2 2 2 2 2 2 2 2 2 2 2 2 2 2 2 2 2 2 2 2 2 2 2 2 2 2 2 2 2 2 2 2 2 2 2 2 2 2 2 2 2 2 2 2 2 2 2 2 2 2 2 2 2 2 2 2 2 2 2 2 2 2 2 2 2 2 2 2 2 2 2 2 2 2 2 2 2 2 2 2 2 2 2 2 2 2 2 2 2 2 2 2 2 2 2 2 2 2 2 2 2 2 2 2 2 2 2 2 2 2 2 2 2 2 2 2 2 2 2 2 2 2 2 2 2 2 2 2 2 2 2 2 2 2 2 2 2 2 2 2 2 2 2 2 2 2 2 2 2 2 2 2 2 2 2 2 2 2 2 2 2 2
left_child=2 4 5 12 10 15 7 14 39 17 13 30 20 35 18 93 73 24 112 34 58 68 -10 -14 -7 28 70 55 45 111 31 191 49 115 67 36 63 64 235 -5 -22 62 221 44 170 114 87 80 51 -8 167 61 69 59 94 96 -57 162 -3 -28 189 -33 106 -2 -12 66 185 92 -18 182 99 222 -73 -6 -38 -76 -43 89 -79 130 81 -26 100 117 85 98 -56 135 141 90 91 -48 137 -1 95 -50 -15 -39 212 172 101 113 131 104 105 -45 183 118 109 -109 163 173 -4 209 -19 148 -117 -58 122 242 121 -121 -35 180 128 126 -126 143 129 245 -65 -49 -101 -90 201 136 -20 -13 176 -140 210 142 158 -128 145 203 -147 -29 237 -150 151 -151 -153 -154 155 157 -157 -89 159 -61 -160 179 -34 -40 165 -62 200 -37 -169 -41 -21 -98 -11 -17 -139 -176 -94 -143 211 -162 -55 -24 -32 218 -134 186 187 188 -53 -52 -191 -9 -145 194 196 -195 198 -197 -108 -200 -44 202 -135 -95 -180 -206 207 -207 -168 251 -141 -179 213 -36 215 -125 -216 -66 -16 -220 -105 -31 -72 -189 -214 226 -188 -228 -229 230 -230 -92 233 -59 -217 -23 -194 238 -30 -240 -241 -77 -120 -63 -68 -113 247 248 249 -159 -251 -46 253 -185
right_child=1 3 6 8 16 9 32 11 22 26 37 19 23 27 41 29 21 25 46 43 40 38 181 -25 47 -27 53 147 33 42 52 48 57 107 84 50 74 97 110 169 -42 76 166 103 82 -47 77 102 54 -51 60 65 -54 123 86 56 83 232 -60 88 164 243 -64 79 217 -67 244 -69 -70 -71 71 72 -74 -75 75 241 -78 78 -80 -81 -82 -83 -84 -85 -86 -87 -88 154 133 -91 231 -93 138 144 -96 -97 171 -99 -100 132 -102 -103 -104 220 -106 -107 193 108 -110 -111 -112 124 -114 -115 -116 116 -118 -119 119 120 -122 -123 -124 214 125 -127 127 -129 -130 -131 -132 -133 184 134 -136 -137 -138 174 139 140 -142 177 -144 192 -146 146 -148 -149 149 150 -152 152 153 -155 -156 156 -158 246 160 -161 161 -163 -164 -165 -166 -167 208 168 -170 -171 -172 -173 -174 -175 175 -177 -178 178 204 -181 -182 -183 -184 252 -186 -187 225 223 -190 190 -192 -193 236 195 -196 197 -198 -199 199 -201 -202 -203 -204 -205 205 206 -208 -209 -210 -211 -212 -213 224 -215 216 234 -218 -219 219 -221 -222 -223 -224 -225 -226 -227 227 228 229 -231 -232 -233 -234 -235 -236 -237 -238 -239 239 240 -242 -243 -244 -245 -246 -247 -248 -249 -250 250 -252 -253 -254 -255
leaf_value=-2.7465941805705985 -2.641633423233003 -2.629352982925508 -2.638903199573063 -2.6063779978502413 -2.6253468026509816 -2.7480781056794075 -2.6289048732018423 -2.6407265944890299 -2.5903191848896987 -2.7254156767009734 -2.6214358912234363 -2.6750461113239754 -2.6078401049517814 -2.6410107865799928 -2.6925657726356724 -2.7123522679922725 -2.6545281351047323 -2.6962996659645833 -2.6917747315718752 -2.6716507860845806 -2.662955325161743 -2.6616123423337927 -2.5884092976026785 -2.5981998642930515 -2.6549412466398707 -2.6554822277792005 -2.6994425737818264 -2.6764103897161791 -2.7367226511104255 -2.6799711961799724 -2.6914157297797145 -2.6748152936406484 -2.6652417324286071 -2.7088521970819195 -2.7235996174187869 -2.6751885434609246 -2.7061672726340391 -2.6525221093079927 -2.6290569899944467 -2.6254133194639087 -2.6294008521444727 -2.7234070322706536 -2.7258703899919059 -2.6781634505845422 -2.7018203207448348 -2.6580323928625091 -2.7112229523761027 -2.7352401558216948 -2.6410995750155153 -2.6551363350797801 -2.6760326346876071 -2.7010958884182297 -2.6792279635529401 -2.7103349065700817 -2.7107764991639796 -2.7026975955038619 -2.6979748862766919 -2.6791267754099004 -2.6107599592041231 -2.6783111032590048 -2.6787445873704088 -2.6788427211088757 -2.6761418980059388 -2.711864377243582 -2.6536575199358943 -2.7148280438243808 -2.6784013736176089 -2.6737516511145154 -2.688098559655876 -2.7394834957769492 -2.7487147069646594 -2.7344128273868153 -2.6949419096350948 -2.6162225707013249 -2.6630835357996476 -2.7239143690888876 -2.6979985925044967 -2.7215323531240503 -2.6591485500115195 -2.656104593061678 -2.6536423999189114 -2.6987048619605463 -2.7234840633709032 -2.6506496522355412 -2.7479290409227866 -2.6776431674277781 -2.665022532767364 -2.7235797778706115 -2.7342368575321125 -2.7479849135628105 -2.6760235255241547 -2.745489546768999 -2.7088750318286499 -2.7377114657630575 -2.6323203309503005 -2.6887465270719422 -2.6597763252454056 -2.6354396389932728 -2.6949390715532986 -2.7259288779763651 -2.7309767377718641 -2.7240446653061636 -2.6774059272985729 -2.7056469989360652 -2.7103793111869137 -2.6599384220914866 -2.7129270644591843 -2.7353583188521982 -2.6864102891633146 -2.7145900726956769 -2.6233369641216298 -2.7372573096671946 -2.6724357309216957 -2.6774524798418602 -2.7319435165878945 -2.7439547898204175 -2.7132315129016606 -2.6617802462901716 -2.7007926469229862 -2.6736927622878723 -2.7384177684016984 -2.7161126846335839 -2.7373581826344808 -2.735601155191651 -2.733558648344196 -2.7389330278636441 -2.7148615955283764 -2.6941007940581594 -2.7412739749434221 -2.70430782391026 -2.6681720380823353 -2.6941959858366467 -2.7391307851725641 -2.7005350306979339 -2.6923533754847577 -2.6841214237415287 -2.7290334590417662 -2.698399026355967 -2.6667402626551779 -2.6988506202364499 -2.7182309944227501 -2.7483540706687219 -2.6998106572440643 -2.7093884735395082 -2.7456894662896238 -2.7003747487297489 -2.7422688520228813 -2.7091940925615012 -2.6905675093454544 -2.7380909642357367 -2.7321352904390226 -2.6931648684087111 -2.7395597801221161 -2.6980070990543261 -2.6807976868008745 -2.7380107414180799 -2.6994244705180579 -2.6877071974525242 -2.7332426610974467 -2.7197962582315633 -2.7162454221274026 -2.7331829929200118 -2.6372396147102659 -2.6425263980406055 -2.687925423926055 -2.6586321536172504 -2.7465413953094111 -2.6553169323486614 -2.6751424458718889 -2.657568400746551 -2.6912500568579745 -2.6480888772084845 -2.689301552499165 -2.7320943997728944 -2.6748812611534909 -2.7113259997398638 -2.6970147844119179 -2.6947568428944382 -2.7354517355394106 -2.7423666276645107 -2.6792980343080282 -2.5822428175770105 -2.7216253937357275 -2.6928971410047029 -2.7260747519909931 -2.7125235382638468 -2.6648370517318867 -2.726039729252046 -2.6700455346998599 -2.7371609633562035 -2.6957793083118191 -2.6620276379981975 -2.7429079367502074 -2.728395219286845 -2.6635609151315585 -2.7038299159832264 -2.7236227133432251 -2.7192469556587069 -2.7247470236696398 -2.6861261625730943 -2.6971881913735127 -2.7334422893813328 -2.7322153099585673 -2.7428759670713729 -2.741322699130516 -2.7221195253758261 -2.7345915114031456 -2.6903151987019958 -2.726552908858729 -2.6891053404936627 -2.6724216129549783 -2.7264652376376453 -2.7384177684016984 -2.6997569924010336 -2.719161930310714 -2.7071210258099092 -2.6923549048411779 -2.6369001348959635 -2.7342868412378052 -2.7054353859134253 -2.6829866169138223 -2.7061825676491362 -2.7360946991722956 -2.6969775401131937 -2.7158001811962347 -2.6646899149873473 -2.6699239283247671 -2.7199991606342748 -2.6896395852945907 -2.6745953363507744 -2.7256970347086602 -2.7107309163157676 -2.6695477713507199 -2.7032843645561022 -2.7256795508995242 -2.6405939734643171 -2.7218085022124257 -2.7448077298234721 -2.713717441785314 -2.7082065530739681 -2.7395649519192418 -2.6888913016736238 -2.6824655392032115 -2.6476467327557867 -2.6647051357964502 -2.7201527921731739 -2.6872605376651699 -2.7063554788558424 -2.6576387987558023 -2.7177615930073067 -2.6920178935444912 -2.7272881979613 -2.679114834697502 -2.7107246655850763
leaf_weight=3140.3310059905052 271.57117953896523 271.92349004745483 61.265585213899612 1029.7325329780579 1862.8246765732765 29.725272759795189 157.66090920567513 125.12927906215191 7993.0290072709322 31.169458970427513 245.23920953273773 85.89091968536377 3579.461351454258 650.64115642011166 22.830978021025658 53.061181113123894 300.70808008313179 77.336345344781876 160.13706316053867 149.94717149436474 123.82915461063385 81.230299398303032 2240.6137959361076 4466.7500661462545 32.618637636303902 37.775630190968513 60.548840522766113 113.08013053238392 99.143198758363724 33.970110476016998 59.886297911405563 402.15983711183071 298.81530438363552 105.94692039489746 119.88527750968933 312.10823501646519 55.936003014445305 941.47599473595619 718.34389032423496 194.41883409023285 460.6889593154192 667.38301120698452 111.81851737201214 325.28777053952217 102.97154048085213 52.478514775633812 124.96809966862202 32.37187759578228 56.823910504579544 473.87348578870296 32.030265420675278 82.04546183347702 108.86667288839817 130.04165033996105 34.641211152076721 54.935413837432861 40.592684403061867 68.910143479704857 1668.3794578760862 22.199102059006691 259.82727065682411 35.594017550349236 38.44245183467865 27.399598360061646 142.35966749489307 38.977335393428802 352.64814418554306 82.327167555689812 51.446545526385307 33.543629571795464 87.464190289378166 51.537832051515579 46.776653751730919 1355.2827543467283 115.0249680429697 23.041365534067154 58.780158266425133 26.491009131073952 25.640187591314316 262.59440332651138 105.0668590515852 68.843817725777626 64.932747542858124 353.19586634635925 25.560311317443848 26.302730202674866 34.931474938988686 34.847319632768631 687.02037565410137 26.986667975783348 25.675133273005486 50.005924925208092 386.86857880651951 625.5016126036644 76.240904033184052 57.147693127393723 363.52625416219234 184.53418207168579 61.058049887418747 633.41290073096752 24.270171776413918 35.531970828771591 24.051226198673248 40.996343299746513 38.262017548084259 194.17064720392227 203.69514256715775 66.51243744790554 35.198916718363762 514.12669377028942 1007.7901728600264 2094.2909573167562 72.807663142681122 84.525896325707436 25.753582701086998 125.16850227117538 37.151598870754242 54.817739695310593 139.17532540857792 24.819319278001785 44.296219259500504 40.574854850769043 38.590792626142502 113.68775764107704 975.98882438242435 1283.0848390161991 93.26732274889946 26.337675884366035 2046.3446903526783 22.435877189040184 26.811939567327499 20.75063681602478 296.89827832579613 39.65342852473259 36.370668694376945 352.93270209431648 37.160156935453415 336.98175486922264 58.240995675325394 198.38125115633011 63.559166118502617 42.048994287848473 76.713027447462082 21.667784109711647 2023.1071997433901 29.989148929715157 25.358481869101524 29.308776766061783 24.626047894358635 27.210606008768082 135.67147973179817 70.121120169758797 33.828900903463364 28.505738005042076 57.055693179368973 40.987071812152863 23.146916002035141 111.58744812011719 252.80888096988201 167.44286143779755 365.83623626828194 135.0174951851368 45.114235386252403 344.98076541721821 170.16149790585041 99.005556300282478 71.686546131968498 230.68252547085285 127.8400693833828 50.512282103300095 118.54806861281395 818.89418934285641 26.649334833025932 281.12562662363052 98.201804116368294 31.077459022402763 229.93297386169434 26.680001482367516 226.00621289014816 25.757861733436584 22.541427657008171 8746.9633615761995 32.22282338142395 160.6241639405489 133.00775876641273 32.161490082740784 51.372375130653381 38.784064009785652 62.717616066336632 24.928435355424881 117.1873242855072 158.018924087286 103.54493533074856 140.68369710445404 27.066544249653816 193.09232051670551 126.07352589070797 221.36413557827473 36.616001889109612 96.450237989425659 22.062884941697121 216.47387138009071 53.732281789183617 5374.9932880401611 41.987660989165306 32.85042031109333 30.83141240477562 32.407536700367928 67.188530579209328 98.763075292110443 28.40945902466774 32.709924161434174 58.586173459887505 79.76329118013382 163.84844265878201 79.372469380497932 44.551537364721298 1011.3403729647398 51.081397920846939 44.331878364086151 587.86149062216282 88.409152045845985 1775.2385075241327 30.871350541710854 44.823258176445961 58.609708890318871 46.987754687666893 40.947847098112106 29.41432723402977 45.908002659678459 31.568838834762573 30.563970625400543 72.035291031002998 65.797833025455475 84.441027596592903 803.51307286322117 38.125800430774689 41.676002040505409 112.05600592494011 20.983132913708687 66.402607947587967 23.884342432022095 79.43023706972599 127.70527911186218 174.0953900963068 41.176064163446426 113.268409460783 316.86228059232235 25.183753460645676 72.455352634191513 33.434513494372368 26.921055644750595 31.319226607680321 175.74711012840271
leaf_count=54318 2012 1700 423 4280 11072 521 970 906 21387 474 1348 898 15431 4809 270 742 2595 965 1939 1529 1158 744 5574 15233 268 315 772 1201 1622 364 717 4243 2880 1452 1812 3301 749 7983 4506 1137 2897 10092 1714 3532 1342 457 1742 524 403 4126 330 1062 1185 1802 477 717 509 745 7635 230 2833 378 399 379 1208 553 3838 850 598 559 1533 831 574 6891 1076 346 741 392 218 2303 887 874 979 2922 448 273 323 524 11087 473 262 862 5320 10298 483 669 3320 1253 752 9728 382 536 248 545 526 1769 2876 1079 400 7348 5790 34393 741 903 408 2136 521 498 1803 247 733 581 633 1848 15689 21274 1331 317 34377 292 253 248 4929 507 435 4031 579 4301 558 2537 926 737 983 293 34823 381 430 398 287 448 2161 853 564 355 624 675 290 1305 4055 2472 5284 2164 299 2590 1999 882 1242 2004 1344 437 1427 6601 308 4479 1027 429 2902 323 3672 437 236 16798 478 1962 2042 448 481 593 622 408 1461 1468 1757 2191 243 2560 1906 3258 555 1112 271 3476 855 91099 707 489 497 380 1033 1167 281 501 969 1022 2409 1073 535 7096 823 589 6659 1188 28960 382 641 550 462 602 342 472 481 420 713 864 1292 5912 567 716 1588 281 1106 274 886 1009 1663 606 1320 4281 210 1053 398 414 332 2444
internal_value=-2.66148 -2.60878 -2.7215 -2.59417 -2.64163 -2.73524 -2.68923 -2.6928 -2.58788 -2.72327 -2.6537 -2.68509 -2.60626 -2.66022 -2.70475 -2.74083 -2.62838 -2.70989 -2.69519 -2.69205 -2.61847 -2.63522 -2.58634 -2.60245 -2.68383 -2.71383 -2.72839 -2.65221 -2.71498 -2.73606 -2.67407 -2.6718 -2.65765 -2.71722 -2.69933 -2.66941 -2.6599 -2.64173 -2.63243 -2.61098 -2.63621 -2.71238 -2.71906 -2.68435 -2.69317 -2.68815 -2.69841 -2.67704 -2.67478 -2.64825 -2.6751 -2.67728 -2.69606 -2.72405 -2.65924 -2.65041 -2.66065 -2.66875 -2.61325 -2.72611 -2.68217 -2.66839 -2.70832 -2.65188 -2.63559 -2.6819 -2.68077 -2.69558 -2.65909 -2.71143 -2.73297 -2.73559 -2.71504 -2.62143 -2.68221 -2.67449 -2.72123 -2.71239 -2.68887 -2.66124 -2.66745 -2.6832 -2.70159 -2.6557 -2.71389 -2.7116 -2.68626 -2.69531 -2.72678 -2.71753 -2.71388 -2.72104 -2.69686 -2.74402 -2.65006 -2.66364 -2.64769 -2.64954 -2.7144 -2.7284 -2.6979 -2.69568 -2.704 -2.6792 -2.67363 -2.67106 -2.70922 -2.71063 -2.71501 -2.71693 -2.6283 -2.73701 -2.6558 -2.69261 -2.70482 -2.72598 -2.73676 -2.67593 -2.70508 -2.70034 -2.71435 -2.69842 -2.71628 -2.71573 -2.73742 -2.73508 -2.73115 -2.72298 -2.73884 -2.73653 -2.68835 -2.718 -2.7296 -2.73098 -2.72461 -2.68912 -2.69858 -2.69073 -2.70046 -2.6939 -2.69984 -2.72392 -2.72146 -2.7263 -2.74301 -2.74212 -2.71921 -2.68259 -2.72336 -2.71781 -2.72042 -2.71074 -2.70528 -2.72005 -2.69955 -2.70109 -2.72318 -2.69915 -2.72326 -2.71431 -2.7255 -2.72184 -2.66098 -2.63323 -2.67741 -2.67276 -2.72876 -2.6679 -2.66197 -2.6313 -2.67985 -2.65153 -2.70752 -2.72879 -2.6939 -2.68302 -2.70432 -2.72953 -2.7276 -2.718 -2.70498 -2.58347 -2.7013 -2.70309 -2.73508 -2.68785 -2.68645 -2.69471 -2.68683 -2.69721 -2.70285 -2.65196 -2.7331 -2.71213 -2.70786 -2.71602 -2.71079 -2.71191 -2.70613 -2.69632 -2.72053 -2.7287 -2.71815 -2.74234 -2.73045 -2.72249 -2.71427 -2.70522 -2.73691 -2.69874 -2.69495 -2.7111 -2.71862 -2.71374 -2.71925 -2.72413 -2.713 -2.63881 -2.71425 -2.72038 -2.68434 -2.698 -2.7367 -2.71222 -2.72842 -2.68099 -2.68547 -2.69166 -2.69946 -2.69216 -2.70715 -2.69312 -2.68234 -2.69017 -2.71636 -2.64233 -2.73715 -2.7287 -2.72639 -2.72138 -2.73164 -2.70459 -2.69364 -2.65358 -2.67359 -2.73691 -2.69795 -2.7003 -2.69277 -2.69758 -2.70883 -2.70677 -2.69968 -2.70196
internal_weight=83645.1 44536.4 39108.7 30826.3 13710.1 27438.6 11670.1 10487.9 20255.3 8743.73 7183.98 6368.86 10571 4659.03 4119.04 18694.9 6526.12 2417.99 1823.46 3908.84 2524.82 3308.01 18980.6 8046.21 313.428 2104.56 6325.74 2478.99 2066.79 7475.59 2460.02 2225.5 1182.21 1911.22 2015.85 2180.03 806.264 2524.95 2955.86 1274.66 584.518 2295.58 395.136 1892.99 706.412 155.568 1689.39 283.703 1942.35 631.534 1373.77 1682.57 234.519 3243.58 259.785 2336.6 503.542 550.673 1940.3 2605.1 703.14 565.459 1569.42 588.377 1398.94 1117.11 1078.13 1599.87 352.155 125.653 3082.15 1961.02 98.3145 3218.11 217.887 161.951 726.163 310.331 52.1312 316.806 206.529 101.462 437.916 448.606 415.979 390.419 69.5727 1379.06 2544.55 258.2 231.213 174.974 1517.54 11219.3 190.213 113.972 1833.06 1126.01 364.116 1121.14 372.984 348.714 77.1737 1186.58 557.72 519.458 1530.98 1088.67 615.838 580.639 2071.11 7080.45 134.073 313.182 103.09 822.545 162.32 95.4104 472.834 328.296 109.69 65.3942 144.538 638.484 6746.26 2542.02 1258.93 282.944 4204.25 2157.9 54.2115 53.1225 1063.32 1033.25 346.23 550.23 197.297 552.152 965.392 348.591 290.35 1511.3 1045.78 256.606 8078.95 6055.84 55.3476 142.389 660.225 319.964 295.338 159.666 132.456 62.3346 828.829 771.773 64.134 707.639 969.062 189.642 779.42 526.612 343.93 1063.32 528.994 358.833 272.756 670.631 358.523 244.931 268.495 1182.42 57.8188 334.187 466.261 129.279 616.802 465.522 423.473 391.594 152.583 10987.6 92.1091 485.935 429.906 551.389 519.227 214.418 144.763 174.146 142.116 283.148 163.339 1045.04 489.901 555.14 462.835 414.456 336.761 133.066 133.881 309.86 93.3857 6000.49 364.083 138.077 96.0894 65.258 138.875 228.656 226.791 59.3899 303.058 199.649 485.901 277.501 208.4 1153.7 118.244 95.4133 628.858 122.379 1862.7 69.6554 103.409 304.809 246.199 194.827 147.839 106.891 60.9832 56.2391 206.743 134.708 163.813 884.743 141.671 340.261 298.585 199.442 87.3857 46.9257 218.606 163.299 526.744 2135.47 672.792 559.523 242.661 217.477 105.89 129.893 367.691 336.371
internal_count=780829 196182 584647 93667 102515 445430 139217 128620 49613 132152 61817 73505 44054 42929 55115 313278 40698 33515 22762 47656 13390 22735 43759 30664 3570 29945 98637 20975 29630 121929 25849 22910 10597 27800 25946 21954 7392 18888 19542 5854 4055 32353 5812 21710 8679 1830 21598 3049 20536 5096 14562 18181 2939 49258 2355 19376 4646 5501 9335 40063 7913 5630 21520 4947 9652 12551 11998 20029 3193 1754 49379 31898 1405 17963 2445 1696 10833 4369 610 2935 2029 1142 5723 3929 5917 5469 800 17229 39291 3759 3286 2604 19179 191349 1555 1072 14730 9236 5196 17481 4744 4362 1020 13031 5827 5301 21121 15162 8827 8427 12886 116117 1164 3826 1373 12638 2657 1007 6335 4250 1561 828 2085 9195 110896 41228 19954 4265 69668 35291 632 772 16699 16360 5273 6549 2518 6655 12524 4302 3744 22931 15625 3948 137031 102208 811 1599 9981 4668 4381 2220 1772 919 10680 10056 965 9091 14642 2702 11940 7885 3179 7096 5714 3715 4260 6649 3348 1574 2956 9921 782 5221 5757 1456 8222 7306 6569 5721 2038 22372 1195 6420 6971 6497 6049 2659 1684 2199 1869 2374 2617 14701 6692 8009 6449 5818 4543 1667 1985 4838 1362 101397 5745 2073 1366 869 2275 2923 2818 824 4444 2834 7157 4213 2944 8304 1682 1412 7204 1552 30493 975 1610 3390 2840 2359 1897 1295 823 682 2322 1609 2365 6656 2324 5313 4597 2975 1387 620 2689 1387 5501 34999 8567 7247 2966 2756 1451 1756 4738 4406
is_linear=0
shrinkage=1


Tree=1
num_leaves=255
num_cat=0
split_feature=6 6 6 5 6 6 5 6 5 0 0 0 5 5 6 0 2 5 6 6 1 5 7 2 0 0 5 0 2 5 2 1 2 1 1 1 2 2 2 5 0 5 7 7 1 5 5 1 2 1 5 5 6 0 5 1 5 5 2 6 2 6 5 2 1 0 1 5 2 6 0 2 2 1 5 1 2 5 1 5 0 1 0 1 2 2 1 2 5 0 1 2 2 1 2 1 1 1 1 2 2 1 2 1 2 1 2 1 5 6 1 2 2 1 1 1 2 2 0 6 2 0 1 6 2 2 5 0 2 1 0 2 0 0 5 1 6 2 0 0 2 0 1 7 1 1 2 5 5 1 1 0 6 6 5 0 1 5 1 5 2 0 0 1 1 1 1 1 6 2 0 2 1 6 6 5 6 0 0 2 6 1 1 2 1 1 1 2 6 2 1 2 1 2 6 1 1 6 2 2 1 6 6 2 0 0 2 2 6 1 6 2 1 2 0 1 0 0 2 1 1 2 0 1 2 6 6 1 5 6 6 1 2 6 1 5 6 0 0 5 1 6 0 1 2 1 6 5 1 2 6 0 6 6
split_gain=2.12547e+06 159949 149751 21222 18648.7 12767.9 11228.5 7933.63 5436.36 4835.62 4034.01 3634.39 3305.07 3061.58 2751.65 2707.27 2013.4 2050.05 2000.19 1933.45 1876.9 1821.49 1772 1588.81 1575.48 1568.77 1414.19 1164.46 1156.46 1136.16 1125.66 994.762 941.649 911.317 876.22 872.686 1104.08 799.383 772.914 648.003 589.973 588.404 572.156 734.416 555.342 533.976 524.225 522.182 514.938 540.978 496.801 475.039 474.023 467.461 463.397 462.833 444.919 443.867 440.283 435.062 424.35 417.393 416.732 408.914 673.102 406.484 435.272 377.824 369.734 359.18 352.945 419.35 352.334 681.419 570.884 375.321 352.219 349.804 348.661 348.227 341.54 340.806 340.118 349.06 319.499 315.6 310.395 422.867 307.418 305.936 293.347 378.781 290.737 279.609 275.976 639.956 275.425 273.427 329.566 270.611 264.753 270.318 262.229 260.638 390.488 259.567 256.637 254.995 577.703 251.398 247.413 285.777 247.081 337.93 250.1 245.309 241.844 241.711 234.158 387.537 310.87 232.081 227.509 226.635 220.462 245.15 219.341 218.914 218.591 412.986 448.311 215.649 214.046 212.31 211.114 484.545 238.086 211.048 209.99 209.695 208.526 207.018 204.572 204.083 265.759 199.447 239.272 199.171 218.408 222.162 198.722 237.58 221.518 197.926 197.865 189.344 289.008 341.564 186.619 186.078 185.968 209.778 181.05 180.986 265.293 175.569 199.424 278.885 173.255 172.009 177.375 170.097 169.307 169.299 169.167 168.742 168.266 167.36 167.117 169.116 166.169 177.676 165.853 165.609 164.739 162.363 162.061 310.215 161.866 160.227 159.832 181.711 156.901 152.048 149.733 149.578 145.869 145.372 145.35 142.935 234.158 158.522 145.819 142.154 183.273 141.783 140.348 150.05 140.152 164.64 139.25 138.309 137.854 137.427 140.105 136.679 136.521 264.552 159.037 136.084 134.855 182.637 258.622 134.616 170.24 131.589 131.548 129.957 128.819 128.22 126.304 126.182 188.649 156.257 125.849 122.537 122.079 120.57 160.169 254.933 120.446 119.086 118.233 207.698 118.046 186.809 117.494 114.111 113.726 306.664 143.104 158.36 121.92 113.604
threshold=1129.5400000000002 220.04000000000005 4013.4850000000006 1.5000000000000002 8374.5800000000017 2434.4100000000003 12.500000000000002 437.13000000000005 27.500000000000004 2.5000000000000004 2.5000000000000004 2.5000000000000004 4.5000000000000009 5.5000000000000009 1.0000000180025095e-35 5.5000000000000009 7652.3150000000014 4.5000000000000009 708.94500000000005 15611.660000000002 9.5000000000000018 33.500000000000007 2.5000000000000004 512.78500000000008 1.5000000000000002 1.5000000000000002 14.500000000000002 2.5000000000000004 1076.5550000000001 2.5000000000000004 2492.2050000000004 17.500000000000004 3521.6800000000007 44.500000000000007 20.500000000000004 18.500000000000004 5304.4100000000008 5177.7850000000008 2837.4300000000007 4.5000000000000009 91.500000000000014 16.500000000000004 1.5000000000000002 2.5000000000000004 2.5000000000000004 8.5000000000000018 2.5000000000000004 66.500000000000014 1836.7900000000002 18.500000000000004 9.5000000000000018 4.5000000000000009 1581.8900000000001 34.500000000000007 11.500000000000002 51.500000000000007 72.500000000000014 6.5000000000000009 9337.0800000000017 4791.7700000000013 11687.245000000001 2978.5900000000006 6.5000000000000009 2962.1900000000005 23.500000000000004 56.500000000000007 32.500000000000007 5.5000000000000009 6018.7100000000009 1859.3400000000004 3.5000000000000004 234.215 5574.8050000000012 26.500000000000004 3.5000000000000004 60.500000000000007 20116.000000000004 10.500000000000002 33.500000000000007 8.5000000000000018 8.5000000000000018 73.500000000000014 5.5000000000000009 7.5000000000000009 1762.6700000000003 1989.6000000000001 39.500000000000007 2837.4300000000007 3.5000000000000004 2.5000000000000004 52.500000000000007 3291.5600000000004 225.80500000000004 50.500000000000007 10241.440000000001 99.500000000000014 25.500000000000004 62.500000000000007 94.500000000000014 10575.630000000001 706.83500000000015 12.500000000000002 3676.7850000000003 40.500000000000007 2441.5550000000007 8.5000000000000018 7652.3150000000014 20.500000000000004 2.5000000000000004 299.04000000000002 32.500000000000007 8086.4300000000012 1193.8700000000001 38.500000000000007 30.500000000000004 40.500000000000007 2544.6300000000006 2716.0150000000003 11.500000000000002 88.02500000000002 157.15500000000003 15.500000000000002 31.500000000000004 614.04000000000008 1381.4100000000003 1271.1550000000004 4.5000000000000009 40.500000000000007 1469.7450000000001 7.5000000000000009 15.500000000000002 3024.5200000000004 1.5000000000000002 28.500000000000004 4.5000000000000009 7.5000000000000009 588.29000000000008 1989.6000000000001 42.500000000000007 47.500000000000007 2544.6300000000006 34.500000000000007 18.500000000000004 3.5000000000000004 10.500000000000002 51.500000000000007 5057.9050000000007 6.5000000000000009 2.5000000000000004 44.500000000000007 30.500000000000004 12.500000000000002 541.14000000000021 159.00500000000002 7.5000000000000009 41.500000000000007 25.500000000000004 7.5000000000000009 92.500000000000014 2.5000000000000004 2962.1900000000005 4.5000000000000009 8.5000000000000018 31.500000000000004 57.500000000000007 37.500000000000007 49.500000000000007 72.500000000000014 177.05000000000004 1559.1500000000003 27.500000000000004 2289.3550000000005 43.500000000000007 1039.1450000000002 131.29000000000005 9.5000000000000018 162.63500000000002 2.5000000000000004 17.500000000000004 2069.5650000000005 139.26500000000001 58.500000000000007 3.5000000000000004 1658.1350000000002 54.500000000000007 24.500000000000004 49.500000000000007 9612.7750000000033 35.645000000000003 398.66500000000008 9.5000000000000018 217.92000000000004 20.500000000000004 7871.4500000000016 88.02500000000002 57.500000000000007 16.500000000000004 53.805000000000007 722.24500000000012 1836.7900000000002 17.500000000000004 328.49500000000006 350.04500000000002 3597.7800000000002 12.500000000000002 10.500000000000002 6864.7800000000007 8316.2900000000027 179.98500000000004 11.500000000000002 79.995000000000019 8818.9050000000007 95.500000000000014 3370.2700000000004 25.500000000000004 19.500000000000004 31.500000000000004 16.500000000000004 2655.3200000000002 21.500000000000004 9.5000000000000018 358.63000000000005 160.50000000000003 63.500000000000007 10952.565000000001 33.215000000000011 343.34000000000009 37.500000000000007 5.5000000000000009 2316.3550000000005 155.80500000000004 49.500000000000007 2245.8300000000004 84.905000000000015 46.500000000000007 51.500000000000007 2493.0450000000005 5.5000000000000009 43.500000000000007 6.5000000000000009 13.500000000000002 366.85500000000008 16.500000000000004 4.5000000000000009 4506.3700000000008 40.500000000000007 95.865000000000009 2.5000000000000004 8.5000000000000018 969.5150000000001 77.735000000000014 46.500000000000007 8.8400000000000016 293.05000000000007
decision_type=2 2 2 2 2 2 2 2 2 2 2 2 2 2 2 2 2 2 2 2 2 2 2 2 2 2 2 2 2 2 2 2 2 2 2 2 2 2 2 2 2 2 2 2 2 2 2 2 2 2 2 2 2 2 2 2 2 2 2 2 2 2 2 2 2 2 2 2 2 2 2 2 2 2 2 2 2 2 2 2 2 2 2 2 2 2 2 2 2 2 2 2 2 2 2 2 2 2 2 2 2 2 2 2 2 2 2 2 2 2 2 2 2 2 2 2 2 2 2 2 2 2 2 2 2 2 2 2 2 2 2 2 2 2 2 2 2 2 2 2 2 2 2 2 2 2 2 2 2 2 2 2 2 2 2 2 2 2 2 2 2 2 2 2 2 2 2 2 2 2 2 2 2 2 2 2 2 2 2 2 2 2 2 2 2 2 2 2 2 2 2 2 2 2 2 2 2 2 2 2 2 2 2 2 2 2 2 2 2 2 2 2 2 2 2 2 2 2 2 2 2 2 2 2 2 2 2 2 2 2 2 2 2 2 2 2 2 2 2 2 2 2 2 2 2 2 2 2 2 2 2 2 2 2
left_child=1 3 5 14 13 10 7 15 26 20 21 31 192 88 22 23 17 138 40 -10 46 35 30 89 28 -14 62 59 -8 86 100 51 33 39 160 126 47 -27 65 85 106 81 105 82 162 72 182 54 109 53 -29 -9 155 -50 115 58 -21 110 -34 -15 67 236 -6 78 -65 66 79 103 203 195 -69 -72 73 74 116 -74 97 127 153 171 122 -30 83 174 133 -33 87 176 -4 228 91 -54 -48 -70 95 186 -87 -57 -99 -52 220 -102 -89 104 118 -16 107 124 -109 143 197 132 -41 114 137 -37 241 172 120 188 -11 -81 -26 -43 125 134 -2 145 -24 130 -130 -35 180 -82 135 -13 -136 -114 219 -126 168 215 -59 -17 -145 146 -40 148 149 -75 152 165 -119 248 -18 156 -19 -158 -156 169 -32 -162 -45 -149 -165 -152 -167 -168 175 246 -171 237 -110 -147 -44 196 240 253 198 183 -112 234 -5 190 -88 189 -38 211 -120 -122 191 -180 -7 205 -106 -56 -73 -31 -161 200 202 -201 -76 -51 -205 -79 213 -208 -155 -210 -186 -188 -83 -66 -215 -111 217 218 -196 247 221 -1 242 224 -36 -187 -143 -23 -3 -229 -220 -105 -233 -234 -182 -124 -39 -20 239 -239 -22 -25 243 -223 -131 -246 -121 -12 249 -46 251 252 -250 -47
right_child=2 6 4 9 8 12 24 11 19 60 16 18 25 27 42 48 154 52 38 56 29 227 128 45 80 37 -28 50 41 57 34 32 55 131 223 36 94 61 77 112 -42 123 43 44 63 177 92 -49 49 68 99 -53 90 -55 69 76 -58 142 -60 -61 -62 -63 -64 64 206 -67 -68 70 93 -71 71 140 75 147 199 -77 -78 193 -80 121 84 212 -84 -85 -86 96 184 102 -90 -91 -92 -93 -94 -95 -96 -97 -98 98 -100 -101 101 -103 -104 231 194 -107 -108 108 117 141 111 -113 113 -115 -116 -117 -118 150 119 159 185 -123 235 -125 139 -127 -128 -129 129 244 -132 -133 -134 -135 136 -137 -138 -139 -140 -141 -142 226 -144 144 -146 173 -148 163 -150 -151 151 -153 -154 208 158 -157 157 -159 -160 178 161 -163 -164 164 -166 166 167 -169 -170 170 -172 -173 -174 -175 -176 -177 -178 -179 179 -181 181 -183 -184 -185 210 225 187 -189 -190 -191 -192 -193 -194 -195 216 -197 -198 -199 -200 201 -202 -203 -204 204 -206 -207 207 -209 209 -211 -212 -213 -214 214 -216 -217 -218 -219 230 -221 -222 222 -224 -225 -226 -227 -228 229 -230 -231 -232 232 233 -235 -236 -237 -238 238 -240 -241 -242 -243 -244 -245 245 -247 -248 -249 250 -251 -252 -253 -254 -255
leaf_value=-0.0016558551524304343 0.074007216774581969 0.064671111100525785 0.025848209489768136 0.064216003162577973 0.063610220078497162 0.046071494561839461 0.098499647789015515 0.060453634123973664 0.1262968592772864 0.039538776392681295 0.028313879646848648 0.046667869585725226 0.10380746778430988 0.11044154736481114 0.060129160403100346 -0.00070219927383383314 0.070165492014205993 0.072662982873751933 0.050358300230904311 0.12912267665748478 0.02838059160081188 0.11151609116529003 -0.0063079533222783436 0.029575379092017497 0.073540054905848834 0.076411701939225557 0.11723184312053782 0.087429104020141951 0.064064780962166987 0.015829795496405646 0.012520112431402197 0 0.063781538743181238 -2.0290250881834412e-05 0.004798744710121477 0.062536518643146952 0.087351293164489599 0.070393211366109223 0.05638661483637572 0.085365359184306627 -0.009544116412537447 0.05877038510574735 0.013914884545638837 0.057060759123676842 0.0084373389037454578 0.038538741424567591 0.087780313863517062 0.029604540564194402 0.055069294867383704 0.025111734961333801 0.10162036114542965 0.084248177431708232 0.061129532125845126 0.017283869735563253 0.072199714785114472 0.039288463534004461 0.13427041503004963 0.073517384742670028 0.088684199518407447 0.11852493552665939 0.055760041987228448 0.098327542802845058 0.098333636190110096 0.038496212808044265 0.018380679647082298 0.0092084706183922487 0.016432315287481479 0.054653069256295518 0.052004922272734976 0.09028579502218273 0.052517596253961206 0.029509535839887583 0.056424357957401618 0.042192249047986012 0.061376545491949881 0.030168709546020224 0.083492890168398157 0.039237016435935947 -0.005567434069700619 0.070678827308431544 0.069354447026397009 0.017809184734588021 -0.0022893424278376106 0.001803315232775162 0.041869746711796003 0.055629077388002449 -0.0074368398817696328 0.065307848984320252 0.067348545882934541 0.041570176016073317 0.061359158417451307 0.079382910324949332 0.05271302624453629 0.019328327666964688 0.08896362850274693 0.039326880846120141 0.018018692110865077 0.061601174021580489 0.03110328055156272 0.11173529889033029 0.0077698546540281516 8.5777009165617445e-05 0.021367380972531477 -0.0014832097475617342 0.010751973886376347 0.017176325751515082 0.049874248949574207 0.0033408193573460322 0.029741660637979197 0.031211976911386993 0.018211872252433783 0.057730091646282462 0.040924667458114489 0.073302974092185821 0.035436116788685391 0.03163859705645148 0.047933924859763118 0.028915988889901777 0.013784102750920384 0.022645886810679729 0.008467279421899232 0.035929480542215682 0.057539421189546476 0.081520891856333724 0.048748074260680556 0.0073449930137298837 0.10330503361107163 0.034326400031085912 0.053915570337303896 -0.0055014633629436108 -0.003618698522199345 0.031661711603413523 0.0057808870140282241 0.036374678495392165 0.033900463383750475 0.011171300294316035 0.063201429391151795 0.06222752077554599 0.01111081332072905 0.020197273984912254 0.037914361988595012 0.024213189854175452 0.044830955147951615 0.028010324527991678 0.011602772675868789 0.042009981383171829 0.069740732073119802 0.059458635254606602 0.01928102079366224 0.0072159350176419588 0.023601439093328104 0.021397998923587017 0.057185502169384776 0.027830393490342071 0.085704623789991011 0.035399741366448717 0.038613684612283108 0.061929621841535325 0.070041936411295067 0.02136829954518062 0.052260765390337617 0.026148722824744525 0.019283343836597307 0.017926261063516462 0.05188682410104848 0.051984011973226725 0.023075010713843894 0.058009429779711845 -0.0027350247363964898 0.0062124566765476494 0.037424471878917079 0.053204229351144293 0.0042548258292671639 0.070512594463481779 0.041843054354835568 0.0375948983740262 0.034746627728163906 0.034780445847788888 0.03144303474930793 0.049541795929268127 0.031617958968021623 0.01205105320092892 0.034301492288608577 -0.003725344370533771 -0.0028294235346608826 0.03254558349547982 0.075143955428750422 0.045759879857713563 0.00053871285180662177 0.020641202939088343 0.026508373391489825 -0.0032822045783719939 0.016617751961196504 0.060572575085515917 0.044814233132111116 0.044255911480984213 0.0015258030776918569 0.041816862370877089 -0.0024995313534690064 0.038310707698481626 0.033378519139781022 0.071058046686275134 0.035959295993293637 0.023491702180939981 0.0033878883879615352 0.010612920119140723 0.040019170948665063 0.0093920805814713803 -0.009654476015237003 0.019373203495058566 0.028636984886751097 0.09227759138261879 0.050345116247968009 -0.0030312126273652042 0.023548745928953538 0.018612613348485831 0.0097264128211315762 0.049178384108568868 0.028007154306660183 0.023734904549309831 -0.004369637206852712 0.032662780209097762 0.019693265414088671 -0.010077399826731281 0.031449054515056994 0.0065870997193324052 0.005526296823925813 0.097253378326901799 0.094977513247764475 0.071232568988786091 0.0071632737235190263 -0.0097659533276186327 0.031870197018135434 0.008545143745876338 0.059888552925761562 0.083843297339364062 0.089829060864635296 0.021378891046258518 0.056663530746280735 0.048141175607047837 0.011904045185156387 0.012660038575063188 -0.0020896961426726023 0.0031015140794864232 0.025140441433093932 -0.0095260397942793541 0.0047166698334891351 0.051615662457508996 0.023294739050968113 0.037145350815785655 -6.867647800339574e-05 -0.0022937691732327955 0.0077715826854988868 0.064661084105429312
leaf_weight=4095.297800462693 60.190228082239628 63.803011208772659 32.150415170937777 31.182939469814301 58.480147045105696 58.115849681198597 211.89083004370332 189.4078505076468 7180.7592784762383 56.746344853192568 41.910153277218342 73.70734865963459 2962.7872246280313 1426.0057153552771 24.368265420198441 78.788353241980076 246.70718210190535 302.36463198438287 61.518325831741095 4100.4668571799994 57.697306584566832 166.33516165241599 8386.9608226157725 244.1573954410851 211.07916930317879 326.5071500018239 1474.5786086544394 157.23316637799144 233.95037063583732 27.614158734679222 58.534954588860273 29.143141016364098 523.45077142119408 44.487317319959402 369.06721256673336 207.17090605571866 453.82451549172401 83.946321904659271 422.35600858181715 31.923159401863813 26.485290069133043 82.755394507199526 162.03848100081086 27.840501252561808 354.98949610069394 35.931268963962793 82.909244183450937 36.656059626489878 127.53237976506352 447.83625225350261 653.22285380586982 234.25014552474022 191.91142881661654 48.201052498072386 365.56246931478381 159.10903960466385 12943.85498720035 45.877277638763189 103.9015096463263 5171.6558731757104 23.776047170162201 1705.2983653619885 300.07688936963677 108.31652153283358 56.970546413213015 37.485902950167656 55.475104708224535 36.054106622934341 82.060748536139727 168.05793008953333 34.893935158848763 25.229994334280491 154.86437066271901 91.823091976344585 94.72729853913188 100.4979314096272 42.446084696799517 63.271732281893492 217.08187618479133 93.159866157919168 114.06051704287529 30.949535612016916 1277.8367125950754 445.76905817165971 224.78236540034413 42.472985107451677 55.7384421415627 34.784070014953613 57.568653151392937 36.67995098978281 257.80469673126936 712.19867414236069 54.281426884233952 44.7626011967659 862.19785595685244 44.589671477675438 41.503872606903315 265.51785441488028 50.086335390806198 2545.9127402119339 636.60113925486803 1626.9064863063395 27.317135941237211 153.15770780667663 63.53582002222538 37.296348121017218 159.0642874352634 65.042984157800674 365.59110798314214 293.63576269522309 100.15229010209441 27.552038993686438 97.081657208502293 80.987230762839317 118.95478060469031 38.456931088119745 69.428782321512699 49.06304219737649 118.70838499069214 40.129711586982012 144.1384471654892 34.736037705093622 542.11837734282017 405.56993490457535 339.07036613300443 32.963542431592941 258.47646083682775 46.36300203576684 26.907112907618284 274.71791236847639 24.463815800845623 38.441673785448074 55.117026597261429 34.398769851773977 81.510511666536331 83.484759591519833 54.664865292608738 163.55999113991857 34.000112548470497 33.428522977977991 33.249446146190166 64.839117407798767 106.84228734299541 142.23740452155471 345.7808731906116 139.06883696094155 324.94868167489767 29.028665814548731 426.90581600368023 24.575648728758097 70.513918720185757 114.06570876017213 107.53894958645105 78.645364753901958 844.92487635090947 35.154302000999451 86.043462213128805 679.47535525634885 164.73790703713894 41.809044644236565 47.314944658428431 120.11901049688458 29.368824351578951 74.095609836280346 35.255044642835855 133.90685414895415 94.555514171719551 31.932920541614294 60.529366616159678 35.344282396137714 40.041653402149677 109.50791465118527 29.835369300097227 32.418107591569424 24.716468196362257 30.279903706163168 56.129419896751642 52.676431983709335 20.305219803005457 21.304936941713095 53.122903194278479 25.727667953819036 80.775979433208704 24.837347749620676 21.771002762019634 19.738830167800188 509.63817760720849 42.013687390834093 399.81792311370373 536.88048129156232 227.14395650103688 44.206851541996002 32.362931460142136 26.369178559631109 28.866275813430548 34.78510982170701 62.407810170203447 375.29691035300493 58.725344270467758 32.955042898654938 131.63087956607342 62.458325829356909 47.972771443426609 97.92805053293705 86.855841368436813 27.574719708412886 25.682743061333895 44.830776128917933 29.271908331662416 49.865744184702635 33.695370033383369 113.71835408359766 28.588385388255119 144.10355059057474 20.925895240157843 146.2745485343039 36.470849245786667 62.784673631191254 62.274659637361765 52.229684624820948 1481.4770774878561 26.822190620005131 90.108897905796766 52.920370150357485 23.97539583966136 249.7836640663445 94.246300328522921 578.12896715849638 50.779394302517176 50.972908202558756 59.365497540682554 33.407108426094055 41.900188747793436 95.2067093513906 33.226166430860758 29.198596321046352 857.80574749037623 143.07401652634144 25.724818721413612 50.767304286360741 224.65320174768567 58.118697199970484 326.93534961342812 145.03972601518035 32.88254514336586 26.027771379798651 320.65835947170854 92.494173601269722 52.998661700636148 40.290542136877775 351.51029838621616 149.8212000913918 930.27754779532552 111.03109948709607
leaf_count=68487 479 586 405 290 513 627 1224 1846 18939 698 544 849 15180 6249 241 1285 2139 2633 672 9481 775 733 144311 3210 1815 2661 5265 1050 2223 404 884 459 5005 710 5908 1951 3167 725 4376 225 467 822 2407 278 5540 431 591 463 1365 6187 3450 1725 1857 697 3098 1886 22875 384 697 18207 247 9744 1635 1349 830 575 801 392 901 1117 388 336 1624 1106 946 1311 309 751 3683 829 1046 424 21298 7222 2655 432 949 335 490 418 2473 5668 581 627 5879 512 584 2584 643 10715 10013 26842 381 2528 971 545 1766 1024 4817 3844 1453 278 1132 709 1478 483 785 644 1802 566 2237 424 5584 3145 3836 503 1376 587 287 4706 416 489 862 429 1033 1251 532 1583 498 464 414 904 1234 1926 5231 1629 2905 289 6077 377 963 1584 1122 1071 6065 427 1020 6567 1416 594 506 1640 424 1056 379 1467 1299 321 1007 557 504 1161 462 281 290 379 710 658 264 238 693 383 1031 417 365 257 4153 448 6567 7718 3144 740 434 252 340 382 1012 4525 976 399 1669 558 587 1360 1378 402 312 685 507 717 445 724 302 2401 284 2104 552 712 841 691 25173 354 1320 927 314 3936 1485 3448 304 415 922 583 554 1467 337 210 5720 1984 263 562 3398 849 5474 2357 462 459 5107 991 754 512 5748 2507 14614 1071
internal_value=0.0711057 0.0164986 0.11457 0.00314216 0.125275 0.0864697 0.0466711 0.0422054 0.12977 0.0218767 0.0778977 0.04966 0.0974368 0.113587 -0.00097428 0.0315411 0.0702939 0.0648952 0.0434111 0.131058 0.0361059 0.0849862 -0.00276281 0.0397966 0.0674417 0.0983555 0.11262 0.114117 0.076898 0.0313895 0.000327501 0.059688 0.0563052 0.046655 0.0127646 0.0814227 0.0794828 0.0928538 0.0514172 0.0509167 0.0363933 0.0707942 0.0058453 0.00543017 0.0087732 0.0371975 0.061399 0.0692807 0.0235319 0.0291098 0.108748 0.0739677 0.0677494 0.0450727 0.0709781 0.0620107 0.133048 0.0384958 0.0681905 0.116813 0.0149986 0.0948189 0.0930823 0.00808622 0.0173904 0.0420212 0.0441075 0.0146703 0.0252942 0.0763311 0.0257801 0.0211126 0.035248 0.0331695 0.03988 0.046445 0.054261 0.0566285 0.00641383 0.0469748 0.059183 0.0584216 0.000673492 0.00666317 0.0503372 0.0283689 0.0194564 0.0235502 0.053474 0.071096 0.0726086 0.0756629 0.0749341 0.0410284 0.0836891 0.079627 0.0380088 0.051287 0.057019 0.109738 -0.000665531 0.00225625 0.047405 0.0136168 0.0146308 0.035663 0.0370415 0.0358213 0.0324979 0.0190067 0.0348658 0.0273942 0.0559396 0.0535182 0.0489088 0.0580339 0.0307332 0.0343795 0.0132305 0.0105263 0.0169321 0.0620165 0.0632511 0.0779413 0.0407507 0.0341035 0.0982985 0.0587114 -0.00596957 0.00137053 0.0272204 0.0149479 0.0238252 0.0623644 0.0370062 0.0282557 0.0464797 0.0547029 0.0352047 0.0463341 0.0154463 0.0235733 0.054352 0.0140973 0.0165001 0.0598538 0.0623773 0.0257607 0.0228132 0.0351387 0.038532 0.0346696 0.0488681 0.00769936 0.0808464 0.0624997 0.0633146 0.0594294 0.0833025 0.0145854 0.028725 0.0341165 0.0391428 0.0367724 0.0297004 0.0390583 0.042994 0.032738 0.0108306 0.0098393 0.0234589 0.0417332 0.0278749 0.0482066 0.0180683 0.017807 0.0188914 0.0530265 0.0192192 0.0225972 0.0283671 0.0368758 0.0437018 0.0204524 0.00446587 0.0154918 0.0811506 0.0766573 0.00363156 0.0181116 0.0225567 0.00811407 0.0362317 0.0386974 0.0251756 0.0700287 0.0101722 0.0401475 0.007552 0.0488336 0.0442013 0.0608688 0.053516 0.0220048 0.0142331 0.0310722 0.00933269 0.0214812 0.0184455 0.00853971 0.0164435 0.0785707 0.034723 0.00527198 0.000520897 0.0271484 0.0286905 0.0317662 0.0238874 0.0393767 -0.00174016 -0.000904895 0.00428834 0.00456311 0.0066007 0.00875076 0.0134107 0.0990485 0.0795867 0.0953933 0.0181958 0.00504753 0.0109207 0.0161009 0.0437188 0.059189 0.08826 0.0368846 0.0326439 0.0288591 0.0154821 0.0264605 0.00141791 0.00809527 -0.00271844 0.00985004 0.00685231 0.0449447 0.00677345 0.011561 0.0054782 0.00720485 0.00866402 0.0589447
internal_weight=89551.3 39689.8 49861.5 27513.1 36102 13759.6 12176.7 10027.3 26058.2 4955.18 7732.73 5896.97 6026.82 10043.7 22557.9 4130.38 3741.96 2485.59 3640.25 24225.1 1611.46 3990.78 17873.1 2029.4 2149.34 5936.34 1833.14 9954.03 993.704 1362.31 9101.12 2256.73 1833.07 688.556 671.932 3195.34 2876.67 2973.56 1693.82 605.627 1946.43 781.814 4684.82 4623.15 2712.79 1878.13 249.15 850.689 2100.98 935.177 3356.37 423.658 2264.95 175.733 814.033 1144.51 17044.3 850.529 627.352 6597.66 3343.71 2647.05 358.557 2655.58 400.83 611.449 573.963 3319.93 759.443 568.406 282.645 246.59 1678.5 1423.13 741.449 255.362 517.159 1082.37 2254.75 518.488 1155.64 293.488 1910.36 632.524 373.242 113.12 511.786 400.581 89.7191 151.262 1161.91 904.11 137.191 126.823 2025.98 1163.78 83.9769 474.713 315.604 3199.14 8429.19 2263.51 62.1012 3037.29 2713.62 61.6646 1919.94 1760.88 1062.05 1165.8 697.809 294.898 492.507 460.584 379.596 245.628 371.705 997.003 2400.32 1393.03 1007.29 127.896 782.396 488.325 698.83 326.331 318.667 965.155 8771.96 384.999 51.3709 82.929 267.346 148.459 293.367 157.192 136.175 260.642 220.634 372.499 211.697 598.996 152.72 566.807 488.018 918.792 747.305 681.684 543.305 116.399 601.577 444.975 156.602 2037.67 1256.37 1103.04 1067.88 765.519 1009.66 874.507 225.969 167.434 57.2093 138.379 109.351 330.909 260.395 126.488 178.447 436.174 75.3859 390.592 395.426 171.487 186.755 117.918 338.48 199.639 438.333 337.798 212.229 112.077 111.959 316.493 111.205 950.541 1119.19 665.37 518.526 681.019 291.656 64.5121 90.4788 117.216 313.298 400.348 87.6378 402.911 100.534 369.744 274.331 95.4134 142.7 632.62 184.784 90.8465 292.514 70.5135 157.783 79.1377 55.4664 623.357 59.5379 222 165.029 439.91 249.762 213.291 150.506 186.634 6165.68 4684.2 588.906 445.963 393.043 269.522 159.085 795.437 114.582 629.102 121.64 323.672 170.514 137.107 86.3491 571.317 941.752 281.084 219.566 193.841 282.351 302.276 498.797 171.862 333.628 58.9103 360.788 134.404 1879.89 395.28 1484.61 1133.1 983.276 146.962
internal_count=780829 584647 196182 445430 99274 96908 139217 119338 58708 70371 61817 65354 35091 40566 375059 53984 32989 23369 42858 51295 20404 28828 300840 24690 19879 34030 7413 39671 8140 17911 150199 22496 18925 7801 10179 24232 22377 18850 18454 6602 24404 6916 74219 73433 42216 23382 2493 7494 29294 12515 15215 3571 20645 2062 7031 11124 32356 10553 5702 24456 49967 16189 2148 41514 5861 7271 6696 49720 10453 4597 3928 3536 21222 18287 9003 2935 5422 11183 35653 5895 11739 2949 31217 9919 4130 1475 7358 5599 895 1308 9998 7525 1172 1528 14883 9004 1016 5113 3227 14165 140020 36855 716 45792 40660 786 23937 22171 13703 16779 8935 4006 5127 4902 4193 2434 4844 12679 36322 21476 14846 1253 7609 3967 8468 4168 1855 9778 150641 6330 703 1199 3728 1475 3665 2100 1565 2715 2724 4300 3148 8337 1618 8442 7157 9191 7281 9284 7560 1483 7400 5634 1766 31970 9620 10647 10220 7587 7481 13107 3030 2146 702 1724 1435 4050 3087 1620 2734 6734 1061 4642 5279 1910 2697 1727 4883 2160 6373 4803 2866 1413 1321 4565 1759 14148 8492 5325 8369 9955 4148 1004 1061 1405 4338 3480 1348 4929 1570 4159 3202 957 1533 8925 2738 1153 4512 997 2295 1224 810 4877 726 3515 2685 5948 3367 2815 2103 2226 103165 77992 9505 7149 6222 4193 2389 4596 890 3863 1763 5132 2604 2021 1030 5794 6445 3481 2809 2546 4173 4059 8185 2711 5627 921 5673 1535 29675 6052 23623 17875 15368 1502
is_linear=0
shrinkage=0.01


Tree=2
num_leaves=255
num_cat=0
split_feature=6 6 6 6 6 6 5 5 0 5 0 0 5 5 5 2 2 6 2 0 5 6 6 5 2 1 6 5 1 2 0 6 1 5 0 2 0 0 2 1 5 6 2 2 5 2 1 1 0 0 1 3 1 5 3 1 6 5 2 1 3 1 3 5 5 1 2 0 1 6 5 0 2 0 1 5 1 5 2 6 2 5 1 3 3 5 1 1 2 2 3 5 6 2 6 6 0 3 2 2 1 2 0 5 2 1 1 0 1 0 1 1 6 0 2 3 0 6 5 1 3 0 2 3 2 1 2 1 6 6 6 1 2 1 1 5 1 5 2 0 1 2 0 0 3 6 1 3 3 1 2 1 0 3 5 6 2 1 1 5 1 0 5 2 3 3 3 2 3 0 6 6 3 2 2 6 3 3 3 1 5 3 0 5 5 0 0 3 3 0 2 2 5 2 3 3 1 2 0 2 3 1 1 6 2 0 2 6 6 5 1 1 2 1 1 3 1 6 3 5 2 6 3 3 2 0 6 6 2 2 0 6 1 3 2 1 5 0 1 3 1 3 6 6 3 3 2 2 1 3 3 6 1 1
split_gain=1.75055e+06 139212 117649 14592 13222.6 13031.1 8069.22 5628.85 5455.06 3800.88 3683.66 3682.51 2440.9 2320.42 2262.89 2167.77 2108.17 2047.82 1771.04 1544.58 1476.14 1459.19 1337.55 1232.56 1258.33 1126.34 1089.57 1015.25 883.808 872.29 819.495 765.528 758.281 1095.95 699.138 670.921 645.679 638.75 615.283 613.321 708.579 611.917 611.465 582.77 512.089 508.556 468.251 443.15 530.626 431.738 479.464 428.837 451.908 420.216 404.416 395.318 391.813 385.529 844.103 477.778 490.047 390.784 628.197 384.576 374.313 371.178 644.908 370.831 358.318 350.048 349.463 344.914 340.305 330.814 330.128 330.469 329.966 510.299 326.784 391.739 321.87 312.3 310.064 524.235 309.869 307.763 454.582 442.487 440.754 370.853 307.105 299.081 298.433 296.536 277.622 276.641 275.294 274.167 272.174 269.113 337.783 264.183 380.748 263.494 259.267 252.098 249.801 332.022 252.019 248.459 241.057 240.548 238.764 238.234 249.005 238.161 235.828 228.787 222.942 281.122 269.954 219.006 218.925 216.053 289.663 214.872 239.698 222.556 234.492 213.656 272.097 212.633 210.482 210.138 337.308 235.082 381.663 209.279 207.09 250.487 204.658 289.666 229.795 203.496 202.894 202.366 202.298 442.691 201.666 197.308 259.226 280.913 209.462 193.836 191.105 190.841 190.231 214.688 187.751 185.483 210.189 225.036 185.325 184.436 402.562 297.663 181.688 179.954 179.361 178.795 178.017 177.711 177.215 177.977 177.115 175.018 173.115 171.561 169.778 169.605 217.977 336.714 168.593 168.073 169.833 163.741 267.916 163.209 294.713 161.992 184.87 160.974 160.523 246.934 244.351 214.232 158.939 157.677 157.357 206.65 157.007 171.654 222.645 157.749 155.328 154.25 152.917 152.49 247.331 166.31 151.872 151.409 151.305 150.084 149.134 159.225 148.326 147.424 217.157 146.383 197.342 146.125 145.522 191.133 144.984 144.751 148.828 152.805 142.82 141.964 170.958 199.396 169.339 159.516 140.971 158.819 140.101 158.069 139.519 282.25 222.54 147.908 137.974 160.745 167.412 205.224 137.971 135.338 198.08 249.499 134.947 244.459 145.932 140.026
threshold=913.61500000000012 4013.4850000000006 119.84000000000002 1999.4650000000001 8374.5800000000017 399.03000000000003 1.5000000000000002 12.500000000000002 2.5000000000000004 27.500000000000004 2.5000000000000004 2.5000000000000004 32.500000000000007 5.5000000000000009 4.5000000000000009 2599.5100000000007 420.91000000000003 2824.0100000000007 894.42000000000019 2.5000000000000004 3.5000000000000004 1.0000000180025095e-35 14765.125000000002 12.500000000000002 2655.3200000000002 9.5000000000000018 220.04000000000005 14.500000000000002 20.500000000000004 7871.4500000000016 2.5000000000000004 1379.1500000000003 31.500000000000004 4.5000000000000009 1.0000000180025095e-35 7652.3150000000014 1.5000000000000002 6.5000000000000009 5057.9050000000007 19.500000000000004 3.5000000000000004 681.3900000000001 431.82500000000005 7443.6900000000014 5.5000000000000009 1989.6000000000001 18.500000000000004 2.5000000000000004 3.5000000000000004 91.500000000000014 22.500000000000004 78.500000000000014 23.500000000000004 5.5000000000000009 179.50000000000003 25.500000000000004 2493.0450000000005 15.500000000000002 4506.3700000000008 88.500000000000014 119.50000000000001 51.500000000000007 418.50000000000006 5.5000000000000009 3.5000000000000004 86.500000000000014 9337.0800000000017 1.5000000000000002 8.5000000000000018 6669.4150000000009 9.5000000000000018 7.5000000000000009 2069.5650000000005 1.5000000000000002 47.500000000000007 12.500000000000002 57.500000000000007 50.500000000000007 3024.5200000000004 640.05000000000007 6018.7100000000009 6.5000000000000009 16.500000000000004 55.500000000000007 159.50000000000003 12.500000000000002 49.500000000000007 66.500000000000014 4724.0350000000008 3024.5200000000004 151.50000000000003 76.500000000000014 1408.2250000000001 4115.4500000000016 437.13000000000005 1039.1450000000002 1.0000000180025095e-35 55.500000000000007 19241.770000000004 1836.7900000000002 22.500000000000004 3291.5600000000004 2.5000000000000004 3.5000000000000004 1836.7900000000002 93.500000000000014 33.500000000000007 4.5000000000000009 7.5000000000000009 1.0000000180025095e-35 52.500000000000007 120.50000000000001 1129.5400000000002 11.500000000000002 157.15500000000003 161.50000000000003 6.5000000000000009 19.830000000000002 2.5000000000000004 33.500000000000007 189.50000000000003 34.500000000000007 3447.6850000000004 99.500000000000014 2030.5500000000002 48.500000000000007 2837.4300000000007 36.500000000000007 496.64000000000004 88.02500000000002 104.90500000000002 42.500000000000007 2599.5100000000007 49.500000000000007 69.500000000000014 2.5000000000000004 18.500000000000004 4.5000000000000009 217.92000000000004 6.5000000000000009 38.500000000000007 3370.2700000000004 6.5000000000000009 8.5000000000000018 98.500000000000014 541.14000000000021 3.5000000000000004 16.500000000000004 139.50000000000003 4.5000000000000009 1440.9300000000003 16.500000000000004 14.500000000000002 92.500000000000014 6.5000000000000009 227.02000000000001 4831.3050000000012 10.500000000000002 52.500000000000007 3.5000000000000004 19.500000000000004 17.500000000000004 6.5000000000000009 1874.8050000000001 86.500000000000014 109.50000000000001 23.500000000000004 4724.0350000000008 206.50000000000003 30.500000000000004 179.98500000000004 35.645000000000003 50.500000000000007 3521.6800000000007 10575.630000000001 564.93500000000006 49.500000000000007 75.500000000000014 13.500000000000002 34.500000000000007 3.5000000000000004 27.500000000000004 22.500000000000004 9.5000000000000018 5.5000000000000009 50.500000000000007 20.500000000000004 187.50000000000003 248.50000000000003 17.500000000000004 1626.2000000000003 5442.0850000000009 22.500000000000004 1950.1700000000003 71.500000000000014 20.500000000000004 68.500000000000014 2030.5500000000002 29.500000000000004 604.87500000000011 165.50000000000003 32.500000000000007 39.500000000000007 150.03500000000003 249.79500000000004 40.500000000000007 329.84000000000009 268.36500000000007 168.04000000000005 2.5000000000000004 37.500000000000007 55.500000000000007 1498.9550000000002 27.500000000000004 6.5000000000000009 13.500000000000002 29.500000000000004 293.05000000000007 52.500000000000007 22.500000000000004 6341.6350000000011 343.34000000000009 51.500000000000007 78.500000000000014 2338.6900000000005 1.0000000180025095e-35 37.020000000000003 59.050000000000004 6864.7800000000007 2896.6700000000005 16.500000000000004 1083.4800000000002 24.500000000000004 112.50000000000001 2962.1900000000005 40.500000000000007 11.500000000000002 6.5000000000000009 62.500000000000007 316.50000000000006 83.500000000000014 133.50000000000003 136.49000000000004 209.00500000000002 23.500000000000004 38.500000000000007 163.59500000000003 754.29500000000007 20.500000000000004 46.500000000000007 25.500000000000004 37.020000000000003 9.5000000000000018 32.500000000000007
decision_type=2 2 2 2 2 2 2 2 2 2 2 2 2 2 2 2 2 2 2 2 2 2 2 2 2 2 2 2 2 2 2 2 2 2 2 2 2 2 2 2 2 2 2 2 2 2 2 2 2 2 2 2 2 2 2 2 2 2 2 2 2 2 2 2 2 2 2 2 2 2 2 2 2 2 2 2 2 2 2 2 2 2 2 2 2 2 2 2 2 2 2 2 2 2 2 2 2 2 2 2 2 2 2 2 2 2 2 2 2 2 2 2 2 2 2 2 2 2 2 2 2 2 2 2 2 2 2 2 2 2 2 2 2 2 2 2 2 2 2 2 2 2 2 2 2 2 2 2 2 2 2 2 2 2 2 2 2 2 2 2 2 2 2 2 2 2 2 2 2 2 2 2 2 2 2 2 2 2 2 2 2 2 2 2 2 2 2 2 2 2 2 2 2 2 2 2 2 2 2 2 2 2 2 2 2 2 2 2 2 2 2 2 2 2 2 2 2 2 2 2 2 2 2 2 2 2 2 2 2 2 2 2 2 2 2 2 2 2 2 2 2 2 2 2 2 2 2 2 2 2 2 2 2 2
left_child=2 3 6 10 13 7 15 11 18 27 12 16 31 103 56 21 64 34 154 25 43 42 -11 24 49 146 51 81 172 71 69 35 33 78 -16 46 -19 82 -38 40 72 133 90 92 118 67 -2 48 -23 50 94 93 -53 65 99 -33 116 58 125 60 -59 -60 238 113 109 66 73 -9 104 -15 -32 76 212 115 75 156 236 -78 79 175 -57 -6 -28 132 155 86 89 88 224 97 -1 -24 205 170 -10 -31 -88 -48 158 159 121 102 -36 -3 -44 144 107 108 225 -4 -56 -82 -77 114 -21 148 -5 -116 123 -120 -121 -101 210 124 -27 127 -127 128 -34 171 189 162 -84 135 145 136 -26 149 -65 -140 142 -142 167 153 -37 -135 -8 -148 207 -96 185 152 -152 -54 -7 -55 157 -73 -30 -39 161 -161 -52 -129 -165 -166 -109 177 -136 -154 179 -115 173 -17 -72 -20 -95 -43 -175 180 206 -182 -106 184 -91 186 -151 -85 -189 -131 204 234 193 195 -195 -35 -86 -153 -163 -200 201 -155 -203 -204 -191 -12 246 208 209 -41 222 -117 242 -157 215 -208 -97 -162 -219 220 -89 -220 -75 -224 -87 -49 -227 -228 -58 230 -159 -232 -231 -234 235 -145 -22 -238 241 240 -240 -63 -18 -244 -245 -246 -13 -70 249 -249 251 -168 -252 -254
right_child=1 4 5 14 9 8 19 45 23 22 20 26 -14 30 17 28 39 36 32 63 29 47 91 -25 41 44 37 -29 98 95 70 55 57 192 101 105 38 54 -40 53 -42 140 68 -45 -46 -47 85 106 -50 -51 131 52 143 84 110 80 228 59 61 -61 -62 62 -64 138 -66 -67 -68 -69 247 -71 174 74 -74 122 -76 112 77 -79 -80 -81 111 -83 83 187 196 87 96 219 -90 183 -92 -93 -94 176 137 216 -98 -99 -100 100 -102 -103 -104 -105 182 -107 -108 166 -110 -111 -112 -113 -114 129 117 211 -118 -119 119 120 -122 -123 -124 -125 -126 126 -128 163 -130 130 -132 -133 -134 134 168 -137 -138 -139 139 -141 141 -143 -144 191 -146 -147 147 -149 -150 150 151 197 169 200 -156 213 -158 229 -160 160 217 198 -164 164 165 -167 250 -169 -170 -171 -172 -173 -174 178 -176 -177 -178 -179 -180 -181 181 -183 -184 -185 -186 -187 -188 188 -190 190 -192 -193 -194 194 -196 -197 -198 -199 199 -201 -202 202 203 -205 -206 -207 214 -209 -210 -211 -212 -213 -214 -215 -216 -217 -218 218 221 -221 -222 -223 223 -225 -226 226 227 -229 -230 232 231 -233 233 -235 -236 -237 237 -239 239 -241 -242 -243 243 244 245 -247 -248 248 -250 -251 252 -253 253 -255
leaf_value=-0.0046516542814404264 0.075978093176394937 0.025067816749281595 0.065010387712192585 0.08051642285988414 0.05972521653272974 0.06414071847525761 0.073381626580557524 0.085582356072060342 0.021084150278596205 0.11193347646194042 0.039959461885323011 0.023624676301279707 0.091852810664707865 0.10252511712609089 0.088181009346559119 0.0095920024391304339 0.006946424954512179 0.095543226042883539 0.03162076098789756 0.035431461557369495 0.060915566810449552 0.04381049152998448 0.11461594231429371 0.053197941721099637 0.04752112369707074 0.012781158105422753 0.043745840107394872 0.10496180936272236 0.007576746067676025 0.048855991093094124 0.080337208494032988 0.087451054611726683 0.004612583518101108 0.082549793082010561 0.080629526138237401 0.055751366233240687 0.065799480817943262 0.013225870060158509 0.088631102709930853 0.0071815223382579972 0.055337408579567787 0.034550375270323237 0.0035310641437539527 0.064196966203647648 0.051046697540212974 0.037385761709284364 0.0095021727894493806 0.032186570060128761 0.0081034348624875116 -0.0052047658971797143 0.018138178647716191 0.040886359891129924 -0.0098191948339720475 0.016003012540609693 0.055696366390571315 0.064585242786829533 0.018830618529187194 0.043410683973805507 0.065610809367736944 0.027907796381190939 0.076057142571350239 0.046162032529158237 0.082060993020808909 0.055909505802533122 0.080837310379369823 -0.0057072213105442329 0.058852192123810668 0.059393840128627078 -0.0042478556519062426 0.10851873846969282 0.092191018327265381 0.067443612218335572 0.054031883098737979 0.0067605225685190623 0.044208261812996995 0.046871972558382352 0.045746535703352111 0.085947169051040342 0.05976455888586589 0.055755671243306333 0.078050914886876571 0.089498059184668827 0.0032661783309352616 0.036417402145508766 0.062660136385206469 0.073594768059030105 0.044817576070616906 0.0097383630715635848 0.08518128586055701 0.046597432357843242 0.033236140907353086 0.11851749345161579 0.0068360501414525534 0.050184626144958736 0.050993727192490415 0.08871936651550151 0.0082057174279726725 0.048088963644040569 0.035581068162838625 0.0421875518724091 0.020252897431791261 0.078888976098393113 0.04334696750854658 0.063036396183665452 0.045153794840805929 0.058369887404944663 -0.0071919224310162842 -0.0016956782785731131 0.0060572261632037272 0.030162476068142548 0.020738663500363196 0.051224336359199631 0.070554699433634044 0.014083370582255547 0.042764944936461408 0.022922087200892519 0.042150564463954744 0.012289801256325721 0.034952783613502604 0.0010508806123014625 0.038038253582661587 0.018066383285786761 -0.004392349200780815 -0.00030030992549955673 0.038157177668729982 0.0029261167076295169 0.033606446717593823 0.073522561617803489 0.037680827013374114 0.0039709147869716153 0.0034242997624148626 0.0023532622608364757 0.03297073416860536 0.0089726673766260517 0.022572608494034974 0.042913175287864362 0.010848454792686679 0.042546078433471392 0.044590927775492298 0.0025566128007429201 0.010604989488848372 0.045941748620828629 0.048626776348384013 0.032672145827902871 0.0830401935926523 0.03130814599796606 0.026141080484560774 0.068144808485818928 0.049960580711057745 0.025822408586881326 0.027437437736817928 0.0050881212756653587 0.067690397632047261 -0.0033131366538995022 0.090712242629375453 0.050137032446960661 0.062364552176040984 0.049158434130081023 -0.0035008469750083216 0.038935374051557468 0.002998856632256487 0.0029721778126463524 0.031202844208225271 0.021795874191838763 0.069688876745939099 0.039416976640833837 0.029439767929130656 0.080717128172775029 0.055189804964672073 0.036157698980751107 0.006644647139090713 0.00086209750203898041 0.036249528135098387 0.0017764695800435231 0.10049000227443702 0.0013962689161547733 0.014644215344637458 0.067677113053818488 0.031495126045833141 -0.0060697735467642767 0.040622008927987334 0.013449026606176466 0.0088397523209373316 0.045090128409237748 0.072514334518711171 0.04161615674974789 -0.00033277424537773265 -0.009449157788008684 0.037261475548306916 0.041239301152296542 0.047835926913651364 0.043736200022555786 0.089709888328818169 0.08028368448883505 0.0584914611604073 0.054840601652988381 0.036735455894921679 0.033921615547755794 0.0014018505269521309 0.036155597453570242 -0.00042675428082566741 0.047175243228333746 0.034871608325988249 0.0044873426094007574 0.012747793144991972 0.011586148277274564 0.012834075796476401 0.019620232802773679 0.038029254169713644 0.029841489518989239 0.0013193721209569002 -0.0053325532625493445 0.0084738275467789916 0.02986386561338435 0.012604558093751689 0.044124242360947225 0.070516003411928388 -8.3297768586391402e-05 0.044329027962885091 0.057184441181635459 0.048076541308143386 0.011890482015666386 0.045398939565942327 0.012239707533806723 0.05380810285413614 0.00038164996609412041 0.038498613527187628 0.0053745235839372301 0.04618962456688841 0.060722372181412382 0.043373642926005422 0.0145827766216442 0.035068334034473361 0.058544209084933893 0.0071821211878230562 0.0067982953835840085 0.066940807369482228 0.085711031115872735 0.057903362986571442 0.017645128796102444 0.033988931468199562 0.021025307327258585 0.04129638490168458 0.034850237230096892 -0.0095765613558810962 0.027252806898558975 -0.0037364187553589764 -0.00044149662934472986 -0.0035489378901150978 0.0090101448381591561 0.012052718754411385 -0.0026646377554803524 0.0011091974210388684 0.027519659536685948
leaf_weight=11930.068183399737 192.41748862341046 32.878306992352009 55.317424193024635 47.256138812750578 61.774008482694626 66.29584888741374 42.252454206347466 140.95593856647611 134.63426213338971 7289.76839915663 123.32794442027807 20.874638795852661 679.04830933362246 4797.1454999446869 1193.2832828685641 105.43481593579054 24.959743071347475 2363.6527920216322 104.18742880225182 55.24098926782608 537.67341853305697 54.940735537558794 5408.1774444133043 566.65036928653717 48.648285415023565 202.90144700184464 202.67895674705505 1629.8656061440706 651.62432842329144 73.452866356819868 169.51247178018093 298.7777819596231 29.041359882801771 42.863728735595942 59.016668636351824 51.637721687555313 159.73205333948135 567.84292885288596 2158.2755097299814 59.263773992657661 236.92193458974361 39.237625170499086 1013.0496876463294 60.049663823097944 58.282404717057943 56.106606502085924 29.141679290682077 59.581108655780554 163.45526443421841 32.173975426703691 223.7022779174149 112.16214888542891 35.46754465252161 67.916794694960117 54.072836618870497 445.57356835901737 45.46251517161727 78.159314002841711 257.37130840867758 42.305386494845152 178.04980115219951 47.133988879621029 51.452053178101778 26.030230361968279 106.17231059074402 35.360706195235252 58.18273975327611 141.51713493466377 1453.9423868320882 2493.2511892542243 712.71505337208509 75.297744024544954 62.671495255082846 34.099985562264919 265.57591893896461 73.371340669691563 239.10718874260783 39.695955436676741 118.7893438860774 74.92215371131897 887.68728713691235 326.45875204354525 98.527598138898611 372.42338537424803 67.705176398158073 80.627711575478315 45.52748242393136 28.775847859680653 123.83917751908302 52.135398887097836 19.397539243102074 14386.182542040944 51.549723166972399 31.210664942860603 53.324734408408403 88.267627287656069 39.444082882255316 58.654069136828184 28.337858825922012 156.09561682492495 433.27646163105965 2576.3303194008768 72.535505101084709 61.010279193520546 23.12766982242465 103.31721355393529 230.79998290538788 985.74867203831673 683.22991887107491 43.67053397744894 37.726584918797016 53.056832317262888 304.35847211256623 129.70447367429733 24.258812326937914 39.737435147166252 39.158600568771362 699.07221254706383 164.25710716098547 64.95303376019001 26.79737338796258 57.574752647429705 52.145464953035116 75.658762656152248 58.387839503586292 32.909460131078959 130.8379376642406 29.339960366487503 97.293700616806746 41.035411048680544 141.49019037932158 46.335597939789295 30.129695933312178 85.079923719167709 30.876143775880337 644.22297199070454 70.335549395531416 433.76261453330517 23.383507311344147 33.943363722413778 27.558490384370089 287.48081593960524 276.95883976668119 98.153958387672901 340.99396540597081 82.946173895150423 65.442564927041531 45.207745093852282 49.177442602813244 104.20398884639144 55.059084009379148 37.917053136974573 51.402582552284002 23.293243058025837 174.84406678378582 61.718630943447351 237.16542913392186 101.47454027459025 197.06493107229471 110.4125093780458 78.028846796602011 44.130768395960331 249.21544732898474 64.945562478154898 65.444357603788376 93.839651383459568 52.27856982499361 64.062697935849428 59.174580205231905 44.448093399405479 481.10936886072159 455.61768267676234 100.36446420103312 23.742954161018133 2801.3263234645128 24.463464595377445 28.984608095139265 43.509501721709967 126.56760422512889 38.526898324489594 76.598104637116194 120.30140841379762 30.311870485544205 72.98481410369277 156.00155876204371 30.736781477928162 60.777766581624746 23.383412156254053 27.252321176230907 25.026146721094847 32.546384669840336 37.982307333499193 55.057141311466694 237.64527087286115 112.07300939410925 269.32307649403811 60.168986584991217 39.839250467717648 24.55544688180089 60.983295287936926 46.368147619068623 32.941342260688543 25.412622701376677 49.770159684121609 84.341859679669142 26.278820976614952 37.968069817870855 171.82080902159214 236.26772931963205 78.397496268153191 37.6203503459692 32.774489250034094 38.941720183938742 146.9517212100327 636.45522530004382 32.073588505387306 774.32421236485243 30.17611239105463 37.561962723731995 41.421421229839325 27.111740656197071 25.910796914249659 45.068966623395681 32.218327213078737 196.98393280804157 55.010339520871639 29.679612647742033 27.612759459763765 41.66157765686512 147.4672810845077 49.677964549511671 53.451993376016617 109.66856698319316 53.968817055225372 59.267441634088755 34.087626617401838 473.85204715281725 89.494771584868431 176.14442605897784 31.115729697048664 67.4302610270679 61.67957254871726 120.16121731325984 62.748716130852699 26.035985935479403 30.896146483719349 91.906404010951519 1061.649370148778 1135.6016950719059 376.0696942396462 155.11462730541825 40.63993451371789 985.00735847651958 18.549458894878626
leaf_count=203998 1319 405 474 306 513 556 314 856 1838 17477 1386 283 3517 17282 6507 1607 375 10696 1255 670 4822 610 11108 5624 512 3011 2266 5265 10168 746 1050 1704 433 260 350 448 1287 8347 11583 905 2298 451 16408 495 604 647 404 750 2542 551 3119 1329 615 940 551 3688 586 809 2158 500 1302 495 357 256 707 575 553 1331 24799 7174 3450 640 636 509 2804 764 2471 238 1064 708 5950 1635 1502 4512 622 585 472 396 775 524 252 22710 755 333 555 506 554 589 356 1777 6025 17113 749 490 258 925 3970 16371 10732 528 513 480 2403 1938 286 526 421 10470 2022 1038 319 814 843 1233 704 504 1561 225 1127 645 2238 722 365 1250 406 7276 1029 4879 262 538 390 3072 2857 1265 2179 1038 826 387 527 1381 697 569 450 384 933 637 2064 1032 3315 1322 1229 681 3110 847 536 1057 709 436 575 531 7482 7450 1219 371 10715 361 418 362 1600 651 923 1783 470 749 1199 352 956 390 315 294 359 426 302 1663 1012 2542 705 479 388 762 750 366 318 779 1256 379 566 2354 2830 998 592 535 575 1847 9529 376 5865 485 431 372 262 379 502 464 1848 882 361 424 421 1314 548 724 1256 492 907 534 3891 565 1633 413 792 796 1393 753 428 392 1533 17591 19216 5860 2357 679 16063 250
internal_value=0.0661518 0.101285 0.0138405 0.0771003 0.1114 0.037085 0.000615436 0.0276511 0.0470634 0.114969 0.0673324 0.0256515 0.0742077 0.101998 0.0860659 -0.00136089 0.0363936 0.086798 0.0577187 0.0173474 0.060495 -0.00213319 0.115984 0.0393922 0.037029 0.0288426 0.0205825 0.101237 0.0115057 0.0620986 0.102427 0.0705493 0.0551858 0.0620325 0.081212 0.0652975 0.0914139 0.0251233 0.0871202 0.0331422 0.0416779 0.0429132 -0.00334717 0.0369108 0.0229532 0.0673878 0.0607068 0.00370456 0.0174475 0.0304942 0.03124 0.0153391 0.022945 0.0293111 0.0216854 0.0755743 0.049227 0.0504673 0.047741 0.0613292 0.0665501 0.0552049 0.0487525 0.0120976 0.0669439 0.0255687 0.0267825 0.073007 -0.000443625 0.104605 0.0980573 0.0591753 0.0325662 0.0244926 0.0553867 0.0577629 0.0631224 0.0520773 0.0460363 0.0374734 0.0728852 0.0851167 0.0328627 0.028703 0.0380193 0.0574591 0.0506787 0.0633825 0.068229 0.055575 -0.00458376 0.117464 0.0281642 0.012663 0.0351951 0.0708475 0.0285167 0.0358893 0.0060691 0.0204719 0.0255515 0.0780744 0.0611045 0.0506449 0.00470238 0.0755901 0.00278845 0.00354072 0.00883571 0.0506374 0.042185 0.0766604 0.0662519 0.0110253 0.0151006 0.0279022 0.0645909 0.0134408 0.0200127 0.027119 0.0125414 0.0359621 0.0129666 0.0144559 0.0187365 0.0380502 0.0276104 0.0423556 0.0303475 0.00750126 0.0139995 0.0231485 0.0106973 0.0376652 0.0291805 0.0404375 0.026463 0.0372177 0.0329313 0.0207961 0.0500328 0.0429686 0.0550346 0.0182139 0.0797773 0.020296 0.0532418 0.0442962 0.0299996 0.0322015 0.0295886 0.0369461 0.0449929 0.0109372 0.0840358 0.0315227 0.0537288 0.0500478 0.0049906 0.0170618 0.0222382 0.0283307 0.0251464 0.048015 0.0440127 0.0526266 0.00150642 0.0662397 0.0448482 0.0542081 0.0117668 0.00384687 0.0247582 0.0199635 0.0988631 0.0260594 0.0342536 0.0532729 0.0269514 0.0140768 0.0148609 0.0243723 0.0257982 0.0613906 0.0665754 0.0206553 0.0162386 0.0340792 0.0159613 0.0219987 0.0270144 0.0247797 0.0690627 0.0670652 0.0737008 0.0591782 0.0512923 0.0204668 0.0187707 0.0265531 0.0151968 0.0207079 0.0259398 0.0155246 0.0199807 0.0352602 0.012509 0.0280068 0.0317089 0.0204004 0.0190853 0.0102168 0.02778 0.0363266 0.0142328 0.0281285 0.0725912 0.0134325 0.0217769 0.0423157 0.0295279 0.0320075 0.0248684 0.0323596 0.0600759 0.0196259 0.0124278 0.0234225 0.0327685 0.0472378 0.03948 0.0291078 0.0520231 0.0434846 0.0205552 0.0262778 0.0658107 0.0702331 0.0438552 0.0479935 0.0516544 0.0326405 0.0304969 0.0328287 0.0237057 0.010487 0.00156413 -0.00181052 -0.000427291 0.00203294 0.00403504 0.0155326 0.00307922 0.00166107
internal_weight=95250.5 56980.1 38270.4 16810.1 40170.1 13876.6 24393.8 7137.33 6739.23 29102.2 8053.71 6798.75 4005.16 11067.8 8756.36 21818 2175.09 8582.83 2814.96 2575.83 4048.55 20584.9 27084.1 3924.28 3357.63 804.141 4623.66 2018.1 1233.14 3787.35 10974 3326.11 2573.82 1039.32 3901.17 1641.02 4681.66 2472.74 2318.01 1969.93 603.337 1760.09 17043.2 261.206 651.238 338.58 1145.07 3541.65 218.396 1597.53 1565.36 2150.92 554.907 1366.6 1718.35 1685.1 173.539 1534.49 1235.98 298.515 256.209 692.327 434.956 1771.69 205.16 962.136 926.775 282.473 5093.75 7290.4 3683.55 2851.3 366.415 868.592 1471.48 1205.9 1379.82 278.803 322.362 203.573 1386.32 388.233 754.395 551.716 404.461 952.649 453.889 498.76 401.451 368.918 11949.5 19794.4 201.156 1596.01 1046.11 936.045 84.9716 87.7957 877.027 1626.55 646.947 2707.88 131.552 93.8886 1066.49 495.949 3323.25 3092.45 855.114 98.988 91.7994 940.744 377.73 1688.33 778.572 667.439 86.4147 723.331 592.956 256.008 91.7504 213.67 201.153 336.948 261.289 543.652 163.747 379.905 126.335 909.762 324.44 519.253 128.657 1021.28 258.077 763.207 118.984 911.472 83.3571 57.3269 738.808 315.039 423.769 442.744 392.632 168.026 152.903 110.65 594.927 477.709 424.385 228.666 150.91 213.253 241.14 276.587 828.172 591.007 848.689 979.603 411.76 240.082 472.918 253.57 224.23 159.284 2237.34 146.81 90.0507 95.8507 1535.81 585.322 356.11 255.745 3514.04 128.651 60.1953 82.7471 150.311 1054.7 1016.18 196.9 53.4395 281.122 208.137 195.719 164.982 423.059 50.6357 182.95 141.914 229.491 716.962 661.905 349.718 312.187 127.874 77.7563 129.67 85.5387 177.786 131.417 108.124 75.1828 109.368 149.607 819.278 545.75 373.929 137.661 149.008 72.5119 303.744 208.67 706.497 70.0417 862.592 171.678 93.6489 97.309 55.8876 63.4728 111.387 77.2873 277.612 171.884 112.303 57.2924 87.1241 515.709 204.604 103.13 311.105 163.637 191.509 132.242 1101.02 563.347 383.504 274.69 243.575 108.814 264.802 239.842 119.681 56.9321 112.781 4027.26 2573.32 1437.72 1251.59 92.9185 1158.67 1003.56
internal_count=780829 214392 566437 115118 99274 165129 401308 93461 71668 58708 65099 90627 28939 40566 50019 364188 26023 48285 26201 37120 36160 345552 51295 45467 39843 10458 64604 7413 18636 33145 39671 25422 24712 9167 24719 13600 23566 33054 12870 24314 6850 19654 288852 3015 8931 2834 10048 56700 3152 20189 19638 31550 7673 17464 23704 11822 1734 15545 12934 2611 2111 6644 4486 26662 1709 12713 12138 2187 84602 24456 15215 26028 4552 11585 14041 11237 11987 2709 3388 2324 10118 2148 9350 7084 4751 8729 4491 4238 3208 3465 204250 33818 2520 23877 12687 7117 1026 993 13839 22640 8616 18212 1099 895 17136 3552 53548 49578 13149 1002 1064 6430 3167 25606 11426 8675 727 10756 8327 3379 1357 2591 2910 4948 3715 6290 2065 4225 1560 14180 4792 6951 1867 12086 3269 8817 1541 10849 1056 800 7568 3462 4106 6344 2627 2288 1527 1213 7614 5970 5415 2726 1678 3212 1489 3424 8070 6006 13483 14024 5677 3153 6229 2665 2440 1593 36429 1249 981 981 23126 9388 4797 3578 14165 1616 751 813 1971 15644 14993 2706 728 2472 1723 2689 2337 5217 705 2554 1909 3132 5779 5477 2675 2802 1327 1048 1831 1150 2597 1847 1463 1097 1550 1765 12287 7087 4733 1903 2067 1061 3916 2484 10471 942 6371 2524 1295 1030 658 810 1475 966 2433 2417 1667 785 1007 5366 2304 1272 3062 1748 2706 1799 9278 4456 4129 2838 2425 1291 3341 2966 1573 820 1816 67466 42667 23451 20058 1388 18670 16313
is_linear=0
shrinkage=0.01


Tree=3
num_leaves=255
num_cat=0
split_feature=6 6 6 4 6 4 4 6 4 2 5 6 4 5 4 4 4 5 2 5 6 5 6 6 6 6 1 2 5 1 5 5 2 4 4 6 2 5 2 4 4 2 1 4 2 4 1 2 2 4 4 1 1 2 0 4 1 1 1 4 5 2 2 2 4 6 1 2 2 4 5 4 6 6 4 5 6 0 5 1 2 5 1 6 1 1 6 1 5 2 4 5 6 6 4 1 1 0 4 2 1 5 1 6 2 4 4 4 2 2 1 6 6 1 1 1 1 5 0 2 5 1 1 2 5 4 0 4 2 5 1 1 6 6 2 4 1 1 2 1 1 2 4 2 1 0 4 0 0 6 1 1 2 6 6 0 1 1 2 4 0 0 0 6 5 6 6 0 5 0 0 2 0 5 2 6 6 0 6 0 6 0 5 1 0 2 4 4 6 5 1 2 1 6 2 2 5 2 1 2 4 2 0 2 6 2 0 2 1 2 6 2 6 1 1 2 6 1 2 0 0 1 0 6 2 2 6 6 1 2 0 6 6 2 1 2 1 0 4 2 6 2 2 4 6 1 4 1 2 0 2 0 1 0
split_gain=1.47014e+06 110325 106839 25930.3 12698.7 11736.2 9570.84 6547.46 5252.18 5135.28 2797.85 2531.3 2500.36 2420.5 2400.5 1902.7 1507.36 1432.64 1431.55 1421.67 1332.23 1101.91 1077.95 992.274 966.068 912.051 861.058 953.589 850.312 839.054 819.255 804.715 796.278 733.861 721.895 719.261 705.778 921.926 622.362 615.827 557.922 544.475 521.344 520.454 508.37 722.218 501.428 482.538 476.53 465.533 407.772 386.11 375.538 501.46 372.595 365.475 362.115 361.597 356.855 355.742 354.492 353.816 352.004 343.653 322.294 317.135 316.722 309.477 302.642 295.084 291.56 287.327 285.093 283.843 281.37 275.608 275.509 275.274 269.849 267.21 266.053 262.818 261.818 259.863 253.544 250.566 247.913 246.513 403.024 246.166 245.084 244.795 243.959 242.81 306.086 237.333 233 230.924 432.17 229.443 213.083 212.755 290.556 212.181 210.588 209.788 209.786 207.325 209.765 205.765 205.406 230.702 203.09 202.947 407.859 202.867 199.728 218.464 199.393 198.473 198.156 196.209 193.673 353.78 326.965 336.157 323.407 264.627 283.645 191.721 341.231 189.693 188.635 426.999 188.493 188.096 301.584 185.137 184.006 179.506 179.092 366.838 243.04 242.915 245.106 177.624 175.355 232.427 256.167 218.717 174.416 174.102 173.124 170.56 240.89 185.078 192.135 169.573 371.368 167.954 166.369 234.557 166.086 180.312 164.45 162.342 223.486 206.98 161.605 161.079 160.852 159.975 157.615 156.006 169.908 152.628 177.447 178.588 151.694 150.274 150.268 230.042 150.848 148.378 148.296 148.118 146.188 224.537 193.56 161.688 145.14 144.583 144.067 144.063 143.355 142.097 294.822 141.763 151.172 141.141 139.918 139.335 138.907 199.8 136.812 136.502 135.26 258.889 195.582 325.007 172.592 156.108 145.927 257.128 165.187 190.846 154.907 152.741 135.148 134.076 154.396 134.012 136.156 183.673 130.369 129.87 129.618 174.733 129.078 128.287 127.684 127.533 127.011 135.869 126.624 126.22 155.173 124.837 122.821 122.364 177.132 157.343 121.564 210.932 175.34 121.35 138.893 119.622 541.728 234.934 224.144 155.476 127.165 126.612
threshold=913.61500000000012 119.84000000000002 3592.0200000000004 6.5000000000000009 8374.5800000000017 7.5000000000000009 10.500000000000002 382.89500000000004 516.50000000000011 7443.6900000000014 28.500000000000004 1379.1500000000003 2.5000000000000004 3.5000000000000004 8.5000000000000018 54.500000000000007 87.500000000000014 2.5000000000000004 3154.1800000000007 8.5000000000000018 1544.9500000000003 16.500000000000004 2677.5950000000007 2493.0450000000005 18773.655000000002 257.02500000000003 30.500000000000004 10241.440000000001 3.5000000000000004 20.500000000000004 1.5000000000000002 14.500000000000002 4831.3050000000012 37.500000000000007 1.5000000000000002 4791.7700000000013 4115.4500000000016 12.500000000000002 2896.6700000000005 64.500000000000014 1.5000000000000002 120.13500000000001 23.500000000000004 27.500000000000004 7443.6900000000014 95.500000000000014 5.5000000000000009 7443.6900000000014 2544.6300000000006 1.0000000180025095e-35 89.500000000000014 66.500000000000014 50.500000000000007 4611.5500000000011 48.500000000000007 15.500000000000002 58.500000000000007 60.500000000000007 10.500000000000002 35.500000000000007 12.500000000000002 19241.770000000004 1989.6000000000001 1299.6300000000003 7.5000000000000009 437.13000000000005 40.500000000000007 15673.650000000001 1950.1700000000003 2.5000000000000004 9.5000000000000018 195.50000000000003 29.920000000000005 4791.7700000000013 17.500000000000004 6.5000000000000009 708.94500000000005 25.500000000000004 32.500000000000007 50.500000000000007 894.42000000000019 1.5000000000000002 40.500000000000007 838.46500000000015 42.500000000000007 25.500000000000004 935.3950000000001 21.500000000000004 24.500000000000004 10575.630000000001 13.500000000000002 2.5000000000000004 427.31500000000005 507.05000000000007 9.5000000000000018 21.500000000000004 13.500000000000002 1.0000000180025095e-35 103.50000000000001 6341.6350000000011 51.500000000000007 16.500000000000004 22.500000000000004 307.38500000000005 2114.1050000000005 6.5000000000000009 1023.5000000000001 4.5000000000000009 2338.6900000000005 6018.7100000000009 41.500000000000007 626.35000000000002 667.55000000000007 36.500000000000007 60.500000000000007 2.5000000000000004 56.500000000000007 14.500000000000002 561.50000000000011 3521.6800000000007 3.5000000000000004 22.500000000000004 4.5000000000000009 1440.9300000000003 3.5000000000000004 11.500000000000002 22.500000000000004 28.500000000000004 3221.4250000000006 14.500000000000002 34.500000000000007 27.500000000000004 626.35000000000002 576.95000000000016 989.58500000000015 51.500000000000007 29.500000000000004 7.5000000000000009 8316.2900000000027 31.500000000000004 19.500000000000004 2492.2050000000004 228.50000000000003 706.83500000000015 4.5000000000000009 1.0000000180025095e-35 81.500000000000014 55.500000000000007 44.500000000000007 408.54500000000007 26.500000000000004 43.500000000000007 2069.5650000000005 244.74000000000004 350.04500000000002 4.5000000000000009 19.500000000000004 20.500000000000004 4210.3950000000013 182.50000000000003 91.500000000000014 13.500000000000002 3.5000000000000004 738.23500000000013 25.500000000000004 320.40500000000003 139.26500000000001 1.5000000000000002 9.5000000000000018 1.5000000000000002 3.5000000000000004 1299.6300000000003 2.5000000000000004 1.5000000000000002 189.75000000000003 194.90500000000003 274.94500000000005 13.500000000000002 33.215000000000011 7.5000000000000009 299.04000000000002 24.500000000000004 1.5000000000000002 25.500000000000004 9.5000000000000018 293.22000000000008 42.500000000000007 16.500000000000004 1083.4800000000002 2.5000000000000004 47.500000000000007 3291.5600000000004 127.50000000000001 754.6500000000002 8316.2900000000027 7871.4500000000016 7.5000000000000009 377.98500000000007 3.5000000000000004 2896.6700000000005 13.500000000000002 1559.1500000000003 33.500000000000007 2338.6900000000005 84.905000000000015 57.410000000000004 8.5000000000000018 876.08000000000015 12.500000000000002 398.66500000000008 35.645000000000003 1626.2000000000003 79.65000000000002 15.500000000000002 11.500000000000002 398.66500000000008 104.90500000000002 8.5000000000000018 41.215000000000011 16.500000000000004 11.500000000000002 36.500000000000007 5.5000000000000009 601.04500000000019 3370.2700000000004 1498.9550000000002 2613.1550000000002 2899.4400000000005 47.500000000000007 3221.4250000000006 10.500000000000002 77.735000000000014 681.3900000000001 5574.8050000000012 50.500000000000007 1169.1900000000003 15.500000000000002 4.5000000000000009 32.500000000000007 3154.1800000000007 279.82000000000005 1193.8700000000001 512.78500000000008 154.50000000000003 19.830000000000002 27.500000000000004 30.500000000000004 6.5000000000000009 1469.7450000000001 15.500000000000002 234.215 23.500000000000004 4.5000000000000009 720.50000000000011
decision_type=2 2 2 2 2 2 2 2 2 2 2 2 2 2 2 2 2 2 2 2 2 2 2 2 2 2 2 2 2 2 2 2 2 2 2 2 2 2 2 2 2 2 2 2 2 2 2 2 2 2 2 2 2 2 2 2 2 2 2 2 2 2 2 2 2 2 2 2 2 2 2 2 2 2 2 2 2 2 2 2 2 2 2 2 2 2 2 2 2 2 2 2 2 2 2 2 2 2 2 2 2 2 2 2 2 2 2 2 2 2 2 2 2 2 2 2 2 2 2 2 2 2 2 2 2 2 2 2 2 2 2 2 2 2 2 2 2 2 2 2 2 2 2 2 2 2 2 2 2 2 2 2 2 2 2 2 2 2 2 2 2 2 2 2 2 2 2 2 2 2 2 2 2 2 2 2 2 2 2 2 2 2 2 2 2 2 2 2 2 2 2 2 2 2 2 2 2 2 2 2 2 2 2 2 2 2 2 2 2 2 2 2 2 2 2 2 2 2 2 2 2 2 2 2 2 2 2 2 2 2 2 2 2 2 2 2 2 2 2 2 2 2 2 2 2 2 2 2 2 2 2 2 2 2
left_child=1 6 5 12 14 11 17 15 18 13 31 40 21 186 35 36 32 46 30 47 43 26 34 39 90 70 28 92 65 -20 140 59 33 42 87 -4 37 55 131 192 78 -19 75 86 66 -46 49 -16 101 -1 52 54 53 -22 157 145 -41 82 -30 -6 79 71 63 -60 -26 115 81 -42 153 -43 95 77 -48 -49 -39 122 232 97 -2 93 121 -17 170 221 138 112 -15 -13 -89 238 -12 -87 152 -44 -95 96 237 98 -31 109 132 102 146 -59 -97 173 118 108 150 162 -96 -112 -40 175 -115 -3 -78 -118 228 -81 -101 185 -9 124 125 -124 127 128 -125 130 -88 160 133 224 -23 136 206 -109 139 183 141 143 -143 144 197 -5 147 148 149 -35 231 -131 -28 219 155 245 171 202 172 -99 161 -18 -86 -164 200 166 167 -83 195 -84 -38 180 -159 174 205 -70 177 -177 -138 -139 182 -182 -157 -34 -141 -71 187 -7 -188 -189 -160 199 -11 -151 -170 196 -122 -8 -199 -36 -25 -65 203 -45 -82 -51 207 208 209 -32 -208 -209 214 216 -212 -216 217 -214 -146 220 -57 -62 -223 -224 -50 -169 -54 -228 -10 -153 -126 -74 233 -27 -154 -163 -237 -14 -21 240 241 -117 243 -137 -244 246 -155 248 250 -250 253 252 -252 -108
right_child=2 3 4 7 10 9 8 16 106 23 24 22 25 20 19 44 38 41 29 89 50 134 -24 164 64 76 27 -29 58 61 135 -33 84 48 191 -37 57 74 85 56 67 69 60 51 45 -47 72 73 100 105 -52 -53 226 -55 -56 68 -58 103 62 -61 83 -63 -64 201 -66 -67 -68 -69 113 80 -72 -73 107 -75 -76 -77 116 -79 -80 119 204 165 169 -85 99 91 129 88 -90 -91 -92 -93 -94 94 110 104 -98 159 -100 120 -102 -103 -104 -105 -106 -107 247 137 -110 -111 111 -113 -114 114 -116 239 117 -119 -120 -121 168 -123 123 126 230 -127 -128 -129 -130 151 -132 -133 -134 -135 -136 242 178 179 -140 184 -142 142 -144 -145 218 -147 -148 -149 -150 193 -152 229 234 154 -156 156 -158 158 190 -161 -162 235 163 -165 -166 -167 -168 225 194 -171 -172 -173 -174 -175 -176 176 -178 -179 -180 -181 181 -183 -184 -185 -186 -187 188 189 -190 -191 -192 -193 -194 -195 -196 -197 -198 198 -200 -201 -202 -203 -204 -205 -206 -207 210 211 -210 -211 212 -213 213 -215 215 -217 -218 -219 -220 -221 -222 222 223 -225 -226 -227 227 -229 -230 -231 -232 -233 -234 -235 -236 236 -238 -239 -240 -241 -242 -243 244 -245 -246 -247 -248 -249 249 -251 251 -253 -254 -255
leaf_value=0.057578807752137695 0.069990518757774706 0.070067860044211019 0.08974521207754195 0.04151754503429711 0.082786773388125734 0.005707923059851289 0.0041759799665256041 0.061643264094460609 -0.0025936442948529064 0.067138825012114559 0.10213372230629217 0.092556846889785993 0.031321321867161335 0.074077193941249078 0.030574841209787724 0.0070923750158025725 0.00243056312542621 0.072693016977329702 0.03396895925243102 0.081848618076828722 0.056860412236886274 0.086238763434077562 0.085864269079962793 0.086154537232592712 0.10632707151464434 0.04613903446630551 0.049275974208371286 0.081747644479058593 0.08138512142620187 0.039755636710494653 0.0058889461017609755 0.095407889064022047 0.044509342728759192 0.044037030054983141 0.068756255554345641 0.096215342625828315 0.013800324805006639 0.067206600249924725 0.029304044141607158 0.051922308269311927 0.060268546459006055 0.049352869328288682 0.024048788424593282 0.029075694380655021 0.05502808651598718 0.0025285624162549396 0.0056152930423950444 0.079387155801796033 0.044859311640298952 0.027442684134521313 0.028980535315035673 0.0074298592700006039 0.047872658751398137 0.070327260749946108 0.014955507683654307 0.011152140028293338 0.012222407566071306 0.011679252770248755 0.065535959199795088 0.053300349364031718 0.058640256939299633 0.046685701261418772 0.075326191078055937 0.031319381653819117 0.099967630608549587 0.067483387615435361 0.00040999326112120874 0.086350775887061235 0.01807632501123884 0.044520999189869973 0.059956508538592392 5.6524999165395457e-05 0.031097423420204096 0.05217502940706592 0.030367323752184757 0.052900955733730895 0.063222714475736214 0.034573655922336473 0.086149969926980041 0.0010735542096006025 0.026751103779662937 0.051998823407175709 0.06603638932297734 0.018401708477289131 0.052031826587959344 0.00099015826069927932 0.054234058841230538 0.074186261719189558 0.085038095731504698 0.087950690663238296 0.093174739377464941 0.030239672409146011 0.050991973404221104 0.05255215010794282 0.03590748942348522 0.0026603740705455074 0.047643760583907534 0.0044741118131022507 -0.0094475820226049001 0.013969728640508359 0.016157267741335107 0.048454158085877996 0.008830207139462757 0.037980665440550697 0.028161311419869037 0.0040978294422101416 -0.0065390470125925408 0.037766098330401281 0.045566126987358464 0.06568357152541672 0.035171416374829734 0.0022269315326909332 0.062895021610447299 0.0095609639566046189 0.041200378707135492 0.048538212428466267 0.021750965698937006 0.058612195738385137 0.020343509139399637 0.026551013641858471 0.037115460495924124 0.061486165049185248 0.042307430008788852 0.035081260970482614 0.047104122347457408 -0.0023554682694986581 0.0618782432355812 0.010950147327277259 0.063597277991500792 0.067306873162233896 0.038422655465764483 -0.0099471923630569652 0.045900951464070236 -0.0046324266384940704 0.069572805635501125 -0.002712330595959764 0.026140856210101295 0.0026797904755589807 0.06312028058014453 0.061651702163112082 -0.00064005572595412998 0.035279551046025655 0.0017766873408586188 0.0057852395381473359 0.016892326174149395 0.025147112866977218 0.045799874151958825 -0.0016304414437714357 0.044078772036483083 0.019269632972670776 -0.0033719087406219976 0.029111278786337819 0.021369875457970561 0.022304585868561436 0.0043164125338692625 0.030162139557783671 0.0075155392203394558 0.013456043477218089 0.054703836331990816 0.028971156339673967 -0.005992709484299804 0.009235982367336951 0.020319154037197886 0.049489076214333905 0.067980573392302207 0.023424012136803025 0.011498938639858814 0.011313228838575218 0.012062958530871679 0.041754110836269891 0.037743158567182099 0.042275580351441668 0.035896189625541405 0.049048166021658818 0.04325243234718288 0.052639168048295853 0.024699436886570423 0.02567672315706027 -0.0023295975439059 0.023265459422145338 0.046057908523056849 0.0086560955856763103 0.0015303039011397468 0.020351544707122776 0.03717023727597208 0.013288051946039355 0.032603485955332412 0.020072538051691374 0.0082668263732937862 0.050447114189717007 0.035877121736203929 0.074084813133045491 0.047864967482341897 -0.0045317974043627193 0.035997532397792291 0.035731964513957146 0.074298101584715878 0.02872859751619659 0.0030329579332874067 0.047370879009614106 0.075170315113829059 0.05363534640603735 0.070827842071638947 0.058212304881274476 -0.0013343892197645018 -0.001006610707161691 0.028359847420442168 0.041651216059051949 0.0025296775199423684 0.052493312506794843 -0.010154094290688941 0.011638475913743711 0.048498896710361186 0.0013335025865305347 0.035280762473574867 0.0027530480440727412 0.0067466942891552788 0.018318031153202019 -0.00050188277342369753 0.016897393899206567 -0.0055773456032839324 0.02862402582558736 0.063583401916360999 0.03306824776259612 0.024981032890754384 0.033685821212185094 0.077408078442517264 0.045558085861055975 0.020049128153220935 0.054357440553846226 0.024994479278193898 0.012176431386057337 0.027531902460498397 0.059241277729438324 0.040427854517460136 0.042372552863579688 0.015583154288795675 0.00508335132140369 0.065703252940767051 0.062143840939589107 0.019203966122523324 0.024512738400046689 0.035832073476006823 0.022892279684541439 0.0077083970441376324 0.015170716595389454 0.05252417432985524 -0.0070358344171099971 0.047998889383012486 0.0054067348574783356 0.011155423181180837 -0.0037104048673978697 -0.0011174924142737233 -0.0034390117507665107
leaf_weight=59.270294383168221 719.6221051029861 30.656669482588768 3144.6612130776048 81.090773455798626 351.39954264461994 26.889133114367723 958.38306646421552 43.023606080561876 1442.1808902733028 1769.2650268934667 10697.436958216131 288.16935259103775 60.812017232179642 65.566355410963297 50.60222752392292 625.16596103087068 81.216180674731731 59.273358460515738 209.36110429093242 560.06249219179153 578.63575836643577 195.59859032928944 2629.0497676283121 356.71506848931313 16800.379012681544 772.97182431071997 88.375947546213865 88.366694401949644 234.59111368283629 59.538046211004257 35.971650715917349 1965.5267768502235 79.337629821151495 32.103985480964184 171.08957209438086 7175.4315387010574 42.608860835433006 55.658108230680227 48.500697389245033 104.19799602031708 1003.4355591610074 142.31830235570669 251.84964682534337 48.738122869282961 61.671190679073334 45.572897735983133 188.63537026196718 109.51413085311651 92.79496156424284 30.735608734190464 44.944639842957258 32.645437370985746 293.34973474219441 760.26953680813313 46.601268071681261 309.96190665662289 32.114889301359653 88.315625660121441 320.28818133100867 65.67602701485157 87.27754246070981 25.144527778029442 271.06323130056262 60.738187987357378 1528.6132651716471 92.985742896795273 249.91605186089873 60.178752966225147 100.5245460793376 29.007171928882599 33.156080082058907 215.53807085379958 116.70637334138155 96.340704023838043 43.414638046175241 279.94366305321455 267.73098009824753 56.329693380743265 187.80115396529436 51.496039565652609 31.350162964314222 22.839751437306404 56.56408379599452 40.812923077493906 104.06591496616602 38.591070290654898 381.1056718789041 880.15177167952061 978.45284784585238 2486.6561867073178 620.36400034278631 119.0243911780417 428.87217064574361 103.23164574056864 369.50861885026097 56.791965141892433 88.297893337905407 284.67671458795667 23.795479834079742 42.260088369250298 55.951864212751389 26.925984155386686 172.69787456467748 49.037041924893856 77.873124670237303 40.635841906070709 4798.0039784051478 23.767678208649158 47.681628413498402 62.883839379996061 38.674147941172123 46.598123632371426 38.046055600047112 181.7943752259016 51.844754420220852 120.80762738361955 36.411339078098536 36.051088523119688 38.270513851195574 77.113813299685717 66.087075773626566 28.148025166243315 21.545628666877747 173.73683713376522 65.02204991877079 57.329098109155893 85.457237005233765 34.167869120836258 50.139934685081244 160.49709157645702 268.55339247360826 40.107847195118666 183.81300086528063 28.511536125093699 277.09774659574032 235.15146991237998 19.306935027241707 126.25939761847258 121.6154532507062 102.78264056891203 1994.1034166887403 55.444553554058075 36.1525221131742 1616.3893622122705 43.32987118139863 654.03993316367269 36.503092221915722 35.558732204139233 57.468323402106762 178.82467718422413 23.505056522786617 33.178532220423222 89.936317697167397 31.110129911452532 81.13076101616025 24.778971966356039 100.5655011497438 43.157133609056473 205.9663538262248 29.496983073651791 37.938429109752178 45.112841822206974 63.126615919172764 36.690427869558334 306.03667968511581 202.27225355803967 890.6799925044179 82.90248279646039 45.941675048321486 104.32672793418169 119.49115277081728 41.995700884610415 190.46692861244082 34.400865484029055 26.882042501121759 73.84746690094471 133.68270430341363 49.317383449524641 150.14043376222253 48.458285931497812 39.059793848544359 30.560037616640329 62.214486606419086 48.070097465068102 53.101756930351257 37.163575325161219 48.214659553021193 33.495078679174185 104.40361650288105 53.771391093730927 77.805988397449255 2059.4760269708931 66.703779801726341 28.044160455465317 67.696960873901844 177.87812089174986 39.949569575488567 49.32336763292551 44.008446615189314 69.957703862339258 661.35199300944805 94.219160426408052 51.206803441047668 69.882877454161644 34.434675227850676 33.171141196042299 57.711400475353003 75.030813969671726 80.749784216284752 25.096716836094856 60.708969712257385 26.210482101887465 34.771403465420008 76.233506940305233 21.808047033846378 79.581086289137602 34.163169052451849 41.057206019759178 2988.5121126063168 362.9199391938746 64.861915085464716 72.87248633056879 48.076204556971788 51.187677517533302 71.938904013484716 40.072211585938931 54.196957156062126 47.535046026110649 23.553710922598839 192.82242565229535 63.271370198577642 59.358427844941616 42.724591914564371 128.49304256215692 73.79613321647048 50.643968474119902 45.497809763997793 28.121119219809771 121.34335950016975 27.861706744879484 50.056416753679514 46.611017819494009 21.517202831804752 35.196150898933411 570.79331888630986 28.309368509799242 47.073067311197519 3783.9805201813579 24.528665769845247 27.595561675727367 168.78136445581913 493.49512533098459 163.66919416561723 1849.2729721628129
leaf_count=527 4979 212 12060 882 1639 373 15440 374 24243 12273 21630 1140 739 456 539 9496 1207 416 2500 2649 4767 910 11759 1616 24178 7949 887 540 1332 708 532 5721 788 349 1168 21035 580 426 581 906 8069 1450 3219 548 594 677 2934 585 990 392 489 443 2652 5000 618 4486 407 1252 2464 509 741 268 1811 678 3219 698 3918 295 1392 316 286 3508 1494 776 502 2607 2172 692 863 784 410 225 477 506 960 575 3372 5324 4630 9646 1812 1397 4059 989 4156 878 948 4450 409 555 748 259 2485 554 988 629 83426 283 536 504 438 673 309 2659 587 1224 444 296 548 945 723 261 231 1969 650 891 738 459 400 1176 2805 663 1860 435 1942 3834 253 1988 975 848 33006 688 564 25530 645 8571 381 553 619 2344 389 367 1180 389 1211 314 1501 551 1796 391 650 654 819 345 1900 2682 13004 1227 604 1176 1373 469 2065 337 308 748 1707 631 2450 667 416 449 963 589 580 528 555 419 1458 508 829 12791 577 431 732 1960 281 664 704 621 3739 851 376 576 547 520 760 873 1241 253 1055 377 381 1209 276 1282 523 578 49566 5185 1072 826 391 567 897 493 290 388 340 1681 800 855 496 1112 813 555 629 420 779 236 656 593 262 484 8749 383 456 65841 248 439 2638 8425 2752 31516
internal_value=0.0618849 0.0135404 0.0920657 0.0355709 0.0998907 0.0700237 0.000609537 0.0268612 -0.00082832 0.0604532 0.103366 0.0776348 0.0563862 0.0526279 0.0917772 0.0192294 0.0353778 0.0278725 0.00446125 0.0842339 0.0547605 0.0625484 0.0804826 0.0697038 0.104232 0.0465133 0.05929 0.0504061 0.0642638 0.0164744 0.00330995 0.0925108 0.0374032 0.0347318 0.0772617 0.0942626 0.0242826 0.0222526 0.01957 0.0649199 0.0673344 0.0445834 0.0381183 0.0486783 0.0121338 0.0332649 0.0207411 0.0604047 0.027515 0.0335988 0.0610804 0.0419648 0.0618723 0.0646082 0.0434632 0.0210502 0.0429534 0.0357986 0.0692959 0.078444 0.0337638 0.011104 0.0652751 0.0592298 0.105808 0.0505581 0.0110266 0.0619129 0.0185784 0.0385998 0.0316557 0.00961739 0.0160718 0.0673245 0.0520826 0.0441897 0.0504416 0.014116 0.073528 0.0305502 0.0284886 0.0124427 0.0416566 0.0435073 0.0448012 0.031396 0.0532554 0.081766 0.0799898 0.0861204 0.10166 0.0232429 0.046097 0.0327071 0.0364972 0.0282525 0.0359458 0.0110334 0.0256966 0.0407653 0.0355015 0.0213072 0.0197647 0.0215514 0.0176764 0.0243841 -0.00511035 0.0204298 0.0265851 0.0485502 0.0326168 0.0177467 0.0452707 0.0245197 0.0169143 0.0443753 0.0588523 0.041306 -0.00158971 0.0165989 0.0358223 0.0391883 0.0399014 0.0379677 0.0270349 0.0104657 0.0443377 0.0380591 0.0420186 0.051788 0.0478513 0.00978466 0.0382452 0.0305163 0.0768244 0.00963791 0.0130844 0.0125235 0.0515845 0.0461894 0.00194011 0.00283014 0.0224836 0.00250478 0.00120164 0.0270742 0.0247868 0.0221861 0.0250683 0.0201272 0.0215934 0.0580989 0.0373947 0.0156674 0.0203242 0.0234642 0.0191242 0.0453328 0.0419453 0.00697442 0.0129145 0.016208 0.0426304 0.0319011 0.0767133 0.015119 0.0134466 0.0249596 0.0380387 0.0510584 0.0317555 0.0248189 0.0319427 0.0307223 0.0227632 0.0293422 0.033539 0.0425056 0.00112312 0.00864454 0.0196008 0.03048 0.0102927 0.0359274 0.053952 0.0280308 0.0232451 0.0319475 0.0163421 0.0396115 0.0498641 0.0729868 0.0664969 0.0159826 0.0267838 0.0422897 0.0523328 0.00535679 0.0170351 0.0630317 0.0791902 0.0454625 0.0549867 0.0470044 0.0122968 0.0129418 0.0161785 0.0221664 0.0130397 0.0262574 0.0124784 0.034354 0.00967167 0.0156748 0.00260704 0.0103934 0.025324 0.0331767 -0.000239024 0.0125345 0.00821639 0.0472479 0.040807 0.0489102 0.0366423 0.0191059 0.0522965 0.0637876 -0.00219615 0.0509829 0.0368279 0.024983 0.0472827 0.0481447 0.0304041 0.0239152 0.0303726 0.023429 0.0791888 0.0405838 0.0372349 0.0422766 0.00633344 0.000728009 0.00886403 0.0349871 0.0414804 -0.0055773 -0.0048409 0.0266676 -0.00506908 -0.000143105 0.00511288 -0.00567941
internal_weight=100759 38727.4 62031.7 14322.2 45774 16257.7 24405.2 10100.8 23184.1 7210.29 32029.4 9047.38 4221.36 3913.9 13744.6 5331.19 4769.64 1221.16 10370.7 3424.52 3647.13 2591.92 7076.35 3296.39 29646.8 1629.44 2119.23 769.347 1349.88 903.881 9466.85 2382.6 4224.96 3113.47 4447.3 10320.1 3110.1 2649.76 544.679 1972.28 1971.04 361.695 2112.34 1868.19 2221.09 107.244 859.468 256.457 1001.14 225.096 1778.93 766.471 1733.99 1338.91 733.825 2550.68 136.313 460.343 980.9 417.076 1238.7 694.52 746.309 475.246 18329 368.979 2113.85 1063.61 1815.55 302.422 345.052 669.375 634.372 205.855 99.0727 873.637 1284.38 453.837 907.423 938.472 160.104 1863.93 322.991 300.227 1111.49 244.162 1101.72 2146.77 1858.6 3168.06 11317.8 157.615 680.981 809.862 558.013 311.896 177.231 397.507 83.3335 706.58 433.01 568.127 541.201 137.353 134.665 165.825 12813.3 445.737 247.251 266.767 454.781 85.2723 86.5468 591.011 233.639 275.993 340.193 72.4624 1504.01 128.61 439.813 94.3188 593.694 550.67 207.168 78.8747 343.502 258.045 223.877 1036.16 649.659 300.517 377.058 193.245 472.696 1681.2 818.542 198.485 404.908 283.292 7785.65 5791.54 91.5971 5699.95 4083.56 735.131 368.503 332 296.441 238.973 199.57 386.498 252.108 1224.54 486.798 405.667 299.174 687.224 517.396 314.174 260.409 222.471 203.883 99.817 1324.1 1238.77 1036.49 145.814 397.553 160.891 162.1 198.609 233.624 125.19 90.7888 357.372 256.848 123.165 169.447 174.718 156.613 69.6198 86.9935 127.408 155.884 66.1707 266.774 114.156 152.618 87.2665 283.772 2300.52 1835.97 206.869 113.639 283.915 106.037 1051.71 93.3318 241.047 1018.07 154.957 169.828 118.621 65.7848 63.9067 649.094 243.059 141.818 61.0684 406.035 101.241 348.323 186.225 162.098 101.389 109.992 75.8286 3031.84 737.744 374.824 259.414 172.136 99.2639 164.734 122.975 395.082 101.732 1465.73 226.001 128.293 176.065 944.189 901.465 163.732 141.255 96.1418 88.9331 681.406 245.337 217.475 167.419 862.658 270.348 592.311 106.493 78.1832 11309.3 7525.35 52.1242 7473.22 825.946 332.451 6647.28
internal_count=780829 566437 214392 165129 106777 107615 401308 127315 385521 55976 58708 51639 37814 34558 48069 73127 54188 15787 165105 14974 31245 21086 37433 21418 50839 16728 18234 7479 10755 12926 152179 7869 46968 35705 25674 33095 40811 35399 7220 14163 14206 3928 23354 17659 32316 1271 11859 1900 12351 2713 13586 7802 13097 9767 7359 34471 1313 5412 7136 2148 14235 10426 5804 3993 27397 3619 31045 8364 25018 3512 4259 10158 9146 1361 928 9119 12469 6650 5842 11204 2062 27127 3606 3031 11263 2862 9857 11094 9954 13074 23442 1972 6939 9475 6256 3973 2107 5958 1117 7483 4930 7421 7162 1806 1866 2186 220416 6212 3274 2628 5267 1111 890 7724 3246 2921 2912 740 25131 1729 4855 1105 6512 6138 2572 1122 3566 2828 2369 9401 6177 4358 4182 2322 2852 25372 12043 2938 3780 2805 126807 93801 1252 92549 67019 9453 4677 4296 3743 3124 2738 3224 2880 17294 6551 5340 4112 6741 5241 4841 3695 3045 2124 1164 7255 17631 14949 1945 4300 1653 1953 2611 2616 1557 1220 4478 3086 1379 2703 2655 2142 865 1277 1377 1428 844 3313 1300 2013 927 2625 14580 12850 2775 1336 2964 1004 16808 1368 1789 5355 1529 1500 1124 957 912 9340 3276 2026 785 6064 1250 5304 2691 2613 1558 1482 959 50211 10743 5558 2525 1784 958 1887 1720 3330 678 24583 2048 1450 2349 9557 9061 1993 1838 1184 1159 3428 2709 2473 1817 13329 4318 9011 1228 845 195285 129444 687 128757 13815 5390 114942
is_linear=0
shrinkage=0.01


Tree=4
num_leaves=255
num_cat=0
split_feature=6 6 5 4 4 6 4 6 2 8 4 4 6 5 6 2 4 4 5 4 5 6 6 6 6 5 4 6 4 6 4 6 2 5 4 2 5 5 6 8 2 5 2 2 5 2 6 2 4 2 2 6 4 4 0 0 0 6 2 5 6 0 4 6 0 4 5 5 2 0 2 6 6 6 6 4 2 6 2 2 4 6 5 2 2 2 2 0 6 8 5 5 0 4 0 0 6 5 0 6 5 0 5 4 0 4 6 4 4 2 2 6 6 8 6 5 5 2 0 6 2 2 2 0 2 2 6 4 2 5 4 2 0 2 4 2 8 2 0 0 0 6 2 6 2 8 2 5 0 5 4 5 4 0 0 4 0 2 2 4 4 4 4 0 2 2 2 0 0 4 4 2 6 6 2 2 0 2 0 2 0 4 6 2 5 2 5 2 5 2 4 4 4 2 6 2 2 2 0 6 2 2 4 5 4 4 4 4 5 2 5 5 5 6 0 2 2 6 0 6 6 4 4 6 0 6 4 4 2 0 4 6 4 4 6 2 6 2 4 6 6 2 2 6 5 5 5 0 6 0 4 5 0 5
split_gain=1.2533e+06 96914.4 91306.4 22980.9 10939.6 10424.4 6562.35 6277.14 5284.86 2743.62 2685.51 2580.03 2570.16 2144.35 1981.02 1658.53 1600.89 1353.62 1322.49 1239.33 1167.68 1092.72 973.869 802.23 735.535 733.555 722.196 665.749 616.847 601.538 593.862 592.242 769.856 659.476 576.941 535.187 838.128 514.065 494.523 428.253 427.161 586.47 396.484 478.004 384.723 345.175 362.092 333.579 333.533 384.005 329.432 321.598 309.642 307.911 383.165 380.168 294.06 294.008 273.05 273 268.541 265.154 264.915 260.648 259.566 302.558 258.181 256.625 250.953 243.322 243.008 242.119 239.815 230.31 226.66 341.23 225.761 223.391 318.789 272.026 221.436 221.316 218.347 215.197 213.352 211.564 209.454 223.708 204.987 203.353 420.772 197.766 195.755 195.542 194.852 239.053 185.156 184.551 182.766 182.198 180.762 180.509 177.988 368.135 175.374 248.194 268.91 174.368 173.845 220.319 175.84 170.265 202.827 170.242 168.545 290.526 252.382 167.216 215.229 166.451 233.463 236.571 166.447 166.219 325.058 172.148 166.015 214.416 165.5 164.959 162.616 182.016 203.138 179.016 161.956 158.866 299.222 156.895 156.849 156.346 183.929 154.043 148.131 196.505 145.034 233.646 212.909 206.313 199.305 155.731 238.704 142.281 141.896 226.728 204.988 216.975 141.383 140.208 137.907 137.415 140.269 136.678 136.173 134.36 132.204 130.635 130.221 130.034 148.426 312.853 146.361 128.634 127.575 226.117 126.663 236.766 257.838 126.132 125.815 124.243 123.11 121.535 119.396 118.075 117.803 115.781 115.477 171.371 171.692 114.63 114.067 138.826 113.162 112.603 164.119 112.226 111.849 198.206 196.556 111.827 111.18 116.311 111.161 110.894 108.233 146.099 108.131 106.908 153.434 110.443 106.595 105.96 105.932 114.85 105.268 105.115 103.25 123.485 103.036 274.334 109.607 127.353 206.48 186.844 155.201 142.696 101.733 110.018 120.624 115.632 101.434 101.378 101.189 99.1178 98.3194 97.977 97.8739 96.9322 95.0068 94.5561 94.4449 93.2344 410.265 158.009 107.211 93.1711 99.3544 105.827 117.325 177.189 92.9332 155.513 92.3103 92.3075
threshold=803.35000000000002 3492.9750000000004 1.5000000000000002 6.5000000000000009 7.5000000000000009 8374.5800000000017 445.50000000000006 314.04500000000002 5304.4100000000008 4.5000000000000009 8.5000000000000018 2.5000000000000004 1379.1500000000003 8.5000000000000018 1955.8800000000003 3024.5200000000004 64.500000000000014 4.5000000000000009 3.5000000000000004 49.500000000000007 16.500000000000004 257.02500000000003 143.03500000000003 204.29000000000005 22815.745000000006 3.5000000000000004 1.5000000000000002 1544.9500000000003 1.5000000000000002 227.02000000000001 27.500000000000004 427.31500000000005 706.83500000000015 4.5000000000000009 47.500000000000007 3447.6850000000004 12.500000000000002 10.500000000000002 2824.0100000000007 1.0000000180025095e-35 1299.6300000000003 12.500000000000002 27136.745000000006 7871.4500000000016 10.500000000000002 2837.4300000000007 374.80500000000006 3221.4250000000006 1.0000000180025095e-35 176.84000000000003 1692.2950000000003 5071.4100000000008 50.500000000000007 15.500000000000002 2.5000000000000004 8.5000000000000018 3.5000000000000004 4924.6250000000009 11309.090000000002 47.500000000000007 723.65500000000009 52.500000000000007 63.500000000000007 935.3950000000001 25.500000000000004 199.50000000000003 32.500000000000007 2.5000000000000004 1076.5550000000001 31.500000000000004 10241.440000000001 79.995000000000019 139.26500000000001 2493.0450000000005 507.05000000000007 11.500000000000002 6503.3450000000003 63.410000000000004 98.385000000000005 203.21500000000003 22.500000000000004 667.55000000000007 14.500000000000002 3676.7850000000003 6864.7800000000007 1145.2600000000002 840.15000000000009 2.5000000000000004 84.905000000000015 2.5000000000000004 19.500000000000004 12.500000000000002 2.5000000000000004 1023.5000000000001 12.500000000000002 91.500000000000014 708.94500000000005 2.5000000000000004 561.50000000000011 1408.2250000000001 44.500000000000007 12.500000000000002 2.5000000000000004 154.50000000000003 8.5000000000000018 15.500000000000002 1206.0400000000002 34.500000000000007 119.50000000000001 7871.4500000000016 3221.4250000000006 293.05000000000007 262.71000000000009 2.5000000000000004 2204.0900000000006 27.500000000000004 7.5000000000000009 1193.8700000000001 17.500000000000004 695.0200000000001 1658.1350000000002 1353.325 36489.165000000008 143.50000000000003 377.98500000000007 632.56500000000017 299.04000000000002 11.500000000000002 183.31000000000003 8.5000000000000018 79.500000000000014 676.3900000000001 72.500000000000014 770.7650000000001 3.5000000000000004 1874.8050000000001 2.5000000000000004 2837.4300000000007 81.500000000000014 77.500000000000014 44.500000000000007 320.40500000000003 5177.7850000000008 320.40500000000003 5712.7400000000007 3.5000000000000004 6503.3450000000003 9.5000000000000018 6.5000000000000009 5.5000000000000009 21.500000000000004 2.5000000000000004 93.500000000000014 17.500000000000004 4.5000000000000009 73.500000000000014 5.5000000000000009 8818.9050000000007 912.79500000000007 31.500000000000004 22.500000000000004 210.50000000000003 58.500000000000007 2.5000000000000004 1874.8050000000001 1271.1550000000004 5442.0850000000009 46.500000000000007 2.5000000000000004 87.500000000000014 74.500000000000014 19241.770000000004 390.91000000000003 274.94500000000005 2599.5100000000007 3024.5200000000004 16.500000000000004 2777.1150000000002 720.50000000000011 3291.5600000000004 16.500000000000004 85.500000000000014 79.65000000000002 267.02000000000004 10.500000000000002 2155.9800000000005 4.5000000000000009 1910.9350000000002 2.5000000000000004 1469.7450000000001 13.500000000000002 18.500000000000004 30.500000000000004 1498.9550000000002 553.67500000000007 1054.3550000000002 525.78000000000009 706.83500000000015 11.500000000000002 25.905000000000005 2155.9800000000005 1910.9350000000002 54.500000000000007 9.5000000000000018 284.50000000000006 216.50000000000003 131.50000000000003 95.500000000000014 4.5000000000000009 1169.1900000000003 8.5000000000000018 12.500000000000002 13.500000000000002 1129.5400000000002 28.500000000000004 754.29500000000007 1440.9300000000003 1016.4250000000001 22.500000000000004 446.34000000000009 485.49500000000006 25.500000000000004 39.500000000000007 343.34000000000009 8.5000000000000018 336.62500000000006 123.50000000000001 74.500000000000014 1440.9300000000003 33.500000000000007 59.500000000000007 79.995000000000019 38.500000000000007 172.50000000000003 681.3900000000001 876.08000000000015 274.94500000000005 210.34000000000003 109.50000000000001 2899.4400000000005 185.87500000000003 1381.4100000000003 2069.5650000000005 119.84000000000002 2.5000000000000004 3.5000000000000004 4.5000000000000009 8.5000000000000018 576.95000000000016 14.500000000000002 26.500000000000004 23.500000000000004 7.5000000000000009 12.500000000000002
decision_type=2 2 2 2 2 2 2 2 2 2 2 2 2 2 2 2 2 2 2 2 2 2 2 2 2 2 2 2 2 2 2 2 2 2 2 2 2 2 2 2 2 2 2 2 2 2 2 2 2 2 2 2 2 2 2 2 2 2 2 2 2 2 2 2 2 2 2 2 2 2 2 2 2 2 2 2 2 2 2 2 2 2 2 2 2 2 2 2 2 2 2 2 2 2 2 2 2 2 2 2 2 2 2 2 2 2 2 2 2 2 2 2 2 2 2 2 2 2 2 2 2 2 2 2 2 2 2 2 2 2 2 2 2 2 2 2 2 2 2 2 2 2 2 2 2 2 2 2 2 2 2 2 2 2 2 2 2 2 2 2 2 2 2 2 2 2 2 2 2 2 2 2 2 2 2 2 2 2 2 2 2 2 2 2 2 2 2 2 2 2 2 2 2 2 2 2 2 2 2 2 2 2 2 2 2 2 2 2 2 2 2 2 2 2 2 2 2 2 2 2 2 2 2 2 2 2 2 2 2 2 2 2 2 2 2 2 2 2 2 2 2 2 2 2 2 2 2 2 2 2 2 2 2 2
left_child=2 4 6 11 12 13 10 19 18 34 22 20 28 25 42 23 35 57 99 29 31 37 48 123 134 -3 59 30 66 47 104 32 33 77 82 36 74 128 179 240 41 86 43 89 61 94 -47 53 49 -1 102 -19 172 54 72 183 -46 -15 211 122 92 69 63 -45 76 139 -2 83 -33 177 119 -52 88 114 117 -76 -17 78 -4 -79 -27 144 -7 -49 -40 -54 192 -88 -5 90 203 184 -38 98 200 138 186 111 -41 174 -26 -85 196 167 105 -20 129 -53 109 110 152 112 -42 -34 116 -116 -16 118 -9 120 121 -70 239 130 -125 161 127 -99 -13 -107 -12 231 182 -134 -11 136 -77 -98 207 140 -66 171 143 236 166 146 148 149 -146 150 -148 -48 153 154 155 -73 241 -151 -135 160 -138 -126 -101 189 -128 -119 190 168 169 170 -104 -78 173 -25 216 -176 -177 230 -165 -28 -170 -29 -133 -56 210 -137 187 188 -23 -95 -37 -192 -31 194 -161 -120 -21 198 -198 -199 201 -18 -182 -10 205 -127 -110 -96 209 -209 -91 -30 213 -58 -200 237 -6 -218 220 -220 221 225 -223 -224 -225 -167 227 228 -201 235 232 238 -32 -208 -188 -229 -115 -169 -132 -14 -8 243 -243 -130 -244 -187 -247 -248 -249 -250 251 -75 -36 -131
right_child=1 5 3 7 8 9 39 16 14 24 15 21 26 17 73 64 45 51 27 50 -22 96 -24 52 100 80 38 181 58 40 44 68 113 -35 252 81 60 -39 84 93 97 -43 -44 62 56 46 151 67 -50 -51 71 107 85 -55 55 -57 212 -59 -60 -61 -62 -63 -64 -65 65 -67 -68 -69 70 -71 -72 108 -74 250 75 135 141 79 -80 -81 -82 -83 -84 101 -86 -87 87 -89 -90 91 -92 -93 -94 163 95 -97 137 126 -100 162 -102 -103 103 -105 -106 106 -108 -109 206 -111 -112 -113 -114 142 115 -117 -118 165 195 -121 -122 -123 -124 124 125 204 164 -129 156 253 131 132 133 158 -136 185 159 -139 -140 -141 -142 -143 -144 -145 145 -147 147 -149 -150 157 -152 -153 -154 -155 -156 -157 -158 -159 -160 193 -162 -163 -164 178 -166 218 -168 215 180 -171 -172 -173 -174 -175 175 176 -178 -179 -180 -181 202 -183 -184 -185 -186 245 234 -189 -190 -191 191 -193 -194 -195 -196 -197 197 199 214 226 -202 -203 -204 -205 -206 -207 233 208 -210 -211 -212 -213 -214 -215 -216 -217 217 -219 219 -221 -222 222 223 224 -226 -227 -228 229 -230 -231 -232 -233 -234 -235 -236 -237 -238 -239 -240 -241 -242 242 244 -245 -246 246 247 248 249 -251 -252 -253 -254 -255
leaf_value=0.05664557011882107 0.065036133340245467 0.023134027730044884 0.054494195950654301 0.035592742910371004 0.033425563614322085 0.074693160526011923 -0.0081727480598916373 0.037991026197993688 0.067661368850498754 0.093959736766480589 0.0044965147814632267 0.044515002996452245 0.073311787283850113 0.08409283484524499 0.046636968692120348 0.010515906208426363 0.0063512330702137666 0.077419604924255953 0.049018649568120888 -0.0002933221564854742 0.072668717990093001 0.044782575195545127 0.048067790829165957 0.032782159355117177 0.089794909133288345 0.073132637207065102 0.059202072168292118 0.054941165397302483 0.051639230647501685 0.026114744287681017 0.021277034979242257 0.073279489356530794 0.050534484797269477 0.071147975595412957 0.070004520001075474 0.04261464842825289 0.029402698889534357 0.064371332865869046 0.065442223053123416 -0.0015123986625072809 0.046399312208208983 0.060925705647509279 0.026043101389664276 0.043524125878932368 0.0022021215397104127 0.002824779928123875 0.016272660091646969 0.036287065096663004 0.014362990955545319 0.017011740607271182 0.0033749267451998748 0.083962368351151992 0.0004603921035439113 0.013159782070038303 0.024952013679061413 0.025515095291388901 0.0061382937127425451 0.088839517770633578 0.071891259992652459 0.083422017185184758 0.021195441772291265 0.013686650149529809 0.043046980533583426 0.06275441855970644 0.036354918661732856 0.0095436646011788952 0.07886477933075596 0.033961094631157533 0.055024235773240449 0.05640046025320751 0.078419824147935385 0.030150716779193589 0.049429236091380044 0.075991748607062981 0.044943401987797074 0.049565270777233376 0.015266835541024521 0.073480079475445936 0.0091457295906985699 0.044893130037852433 0.054651047657111755 0.045594305282077363 0.086247625339141473 -0.0029400620606179167 0.079930091757619948 0.017459911710433405 0.026385198178507169 -0.0052777239461722792 0.0029258561902814886 0.038601685931154775 0.027038878650331815 0.054108369246472117 0.054255838082673868 -0.0023895644475148848 0.013094967916104672 -0.0054513485917595476 0.041369466042538203 0.047001966792695388 0.019809958495399429 0.023107750748179733 0.096765486212749621 0.029509997271107317 0.016546163860046332 0.032677712708835009 0.052740294979869054 0.037046011173193213 0.049397591348231663 0.071243993142902251 -0.0061561614989161075 0.03945477940181949 0.010356409335982402 0.065860812753396281 0.011150647096369095 0.034315317408717613 0.06071994436930106 0.034469274268739247 0.070970341393430239 0.0030853544085067022 0.015641084897958214 0.04453836626981518 0.061343711328657326 0.02030635057832901 0.095410950135740524 0.0025318157681774671 0.04758707325554605 -0.00054635474636401994 0.033575186803139194 0.027845144361488584 0.019508308118037127 -0.00010962297331859226 -0.0076757028880762223 0.0027386202690470852 0.031034239515049671 -0.0098010590807493907 0.090582723461902714 0.013672693495861485 0.023904349537722431 0.065015297077529177 0.045654765209220516 0.056540118101218485 0.0074756062306035598 0.045569932531201021 0.05432762291214404 0.047484301456053347 0.0602935298475707 0.067532641242031163 0.011417076579198526 0.0083347526932269905 0.028899849438327133 0.05544028510468374 0.03750220807151311 0.033518569349561614 0.033070609868721422 0.030347186167297886 -0.00071959482494304123 -0.00073116886523172885 0.0082938637170946392 0.029991886876806845 0.011905284223825165 0.032579179066730385 0.047547619111326683 0.018555566272739563 -0.0021789184759388887 -0.0057231031657741507 0.0046516624198013161 0.0098539829208490956 0.01319848651569069 0.026819169725952777 -0.0028007566789484003 -0.0062478319413479116 0.047314796454487329 0.039479346621739388 0.040638912120086114 0.0041244909017043993 0.059976861792409915 0.0080078236709375788 0.04591464945573992 0.042934248104731315 -0.0023075456183570394 0.069108673301063087 0.029503904838151823 0.033247582739321407 -0.0044737676766161919 0.0034815175571221496 0.022088432506231121 0.039597150375839524 0.047848593090467316 0.044927122182498967 0.016777634506168544 0.0081015398922541955 0.015972783759144026 0.033407991143729998 0.0063287583642829747 0.031898160747651547 0.0011410251156954803 0.039401654885159156 0.033113001738122455 0.026552803387606131 -0.0094221771757798771 -0.007101062182322827 -0.004951770332289788 0.028260306355119776 0.0056158996753230984 0.053222508778423133 -0.0093483967474156469 0.027787364965628503 0.017909415467674078 0.01403573178124656 0.0049201907145908228 0.038978127391003883 0.054441231747768735 0.059186773667260363 0.036915067058048992 0.033196459009368538 0.015286947078195579 0.026635553861809859 -0.00094776605343552982 0.025008631767103023 0.020947100957308565 0.050825501540533606 0.0081611089027410818 0.006720399222546929 0.04589889396222932 0.026157773108293252 -0.00034186604742339298 0.030204109671980658 -0.0058137969476503119 0.030042354951294585 0.016062640923147246 -0.0032211782315195868 0.013659414239419165 0.0065848589974527296 0.044725393413788929 -0.0039387624676537735 0.027885637268259308 0.0098973044506695668 0.016566444890138636 0.0037014783590107749 -0.00076000775969007901 0.080219878651516072 0.0091221406791877815 -0.0041184478219251407 0.044076416385780262 0.037343867728565412 0.021721356117118229 0.0088468530362411108 0.018719238067042659 0.047442460448837487 0.041733216368502531 0.013339502806751214 0.06505400277585037 0.065610951041709706 0.046219598000610922 0.022532167271502816
leaf_weight=44.035446736961603 976.06273096054792 48.474743060767651 26.590029094368219 48.342310685664415 43.775821793824434 326.74452342838049 3215.2583931274712 226.66383345425129 155.72987983375788 11110.203843578696 1763.5843721777201 45.764098707586527 2000.8391992822289 3154.8136356323957 68.119200639426708 567.43287345394492 116.44257513806224 2545.2081720009446 336.70109887421131 284.14715469628572 421.90324679762125 34.397492900490761 148.02438972145319 62.259131923317909 833.70107394456863 229.87810327857733 258.56272464990616 935.8861467577517 609.58162934333086 103.25650906562805 41.773011568933725 159.81672061979771 235.24728123471141 248.93590748310089 61.169238053262234 137.25926683470607 48.27936052903533 37.243609573692083 204.67383167892694 2050.1140543110669 52.325045667588711 26.182699270546436 52.789715319871902 100.6691829264164 46.4708541482687 55.953143090009689 67.126978848129511 31.141734201461077 393.57060959562659 59.787503004074097 141.88603075966239 3000.6571487188339 137.72574486583471 1301.6722340248525 28.667116552591324 241.74913343042135 35.275330752134323 5904.0251586437225 145.72233003005385 886.1438402608037 41.865311186760664 36.46314462274313 113.02927484363317 1117.4541581943631 83.635608080774546 74.931993238627911 234.04477758705616 202.45190929621458 52.176597807556391 117.83371394500136 63.946497872471809 70.178445041179657 70.129305277019739 780.82622792571783 198.02467414364219 103.2468919865787 159.24684682115912 53.1478559859097 37.476428769528866 162.06638922914863 156.22267603129148 453.40289079025388 2069.3776008635759 61.857314441353083 833.51761151850224 157.62401129677892 27.460690084844828 89.368329811841249 32.82780908793211 257.91876422613859 51.395859446376562 205.31306656450033 233.4865109436214 995.65847212448716 141.37286401540041 33.715356133878231 63.42114058509469 81.21275182813406 38.958600759506226 44.009828813374043 16090.716910794377 21.34599781036377 49.457181356847286 73.136415898799896 567.55626761168242 53.179084643721581 70.078569710254669 216.31039100140333 38.98330295830965 53.668811902403831 204.15739669650793 30.447321485728025 26.789841968566179 296.82263174653053 395.50665326416492 59.639042779803276 434.51086248457432 32.422600708901882 104.05150311440229 160.19688903167844 473.8575104624033 38.138887125998735 70.808194734156132 409.51500843837857 27.39556946605444 31.675951473414898 22.689639050513506 310.98762116581202 95.622294213622808 29.913454066962004 216.32067805156112 2250.448811467737 39.068827208131552 34.586660485714674 4299.0769733116031 80.797279383987188 60.786629572510719 112.34364089742303 25.621214509010315 28.055702984333038 32.624353379011154 25.648061249405146 67.054715804755688 136.19851687550545 78.644617844372988 33.689888995140791 54.258987475186586 30.982965726405382 37.285320486873388 70.560924421995878 119.94728768989444 295.06442235410213 93.645459089428186 99.992097415030003 78.705697141587734 32.176860269159079 55.603006970137358 47.585110899060965 142.39250508323312 23.252472806721926 59.192470952868462 51.309826143085957 37.828941985964775 5546.4159409627318 49.015789855271578 43.6355314925313 37.191253788769245 23.040331345051527 178.5703789293766 39.636525299400091 24.842059440910816 25.944373320788145 49.378312051296234 50.857710734009743 33.129871089011431 39.756765842437744 33.6641078107059 268.70489428937435 1356.8330894298851 2414.0355934500694 21.365684378892183 40.376002848148346 252.80493416264653 173.38020605966449 40.642352364957333 62.704666491597891 668.03569833189249 142.5712733566761 71.417570874094963 114.03352000191808 62.063675183802843 337.89876661077142 44.056270953267813 49.034039933234453 51.018521521240473 25.992934592068195 51.213364586234093 19.065013289451599 23.184796933084726 93.298792622983456 57.129131838679314 30.026669874787331 141.04478472098708 222.67925303801894 21.863105356693268 38.507465440779924 84.882723916321993 29.719768527895212 28.398979425430298 69.796976067125797 76.355862602591515 642.8933165743947 111.67719956859946 29.892403826117516 52.050316035747528 64.588992532342672 32.789138164371252 37.239726569503546 91.129769127815962 50.922482695430517 55.877959832549095 105.0114312171936 33.696694191545248 69.563163470476866 30.8339798822999 289.09873950108886 99.923893664032221 32.455190222710371 27.335196353495121 43.722205366939306 36.456579182296991 168.98122089728713 51.135916288942099 25.536342918872833 38.291568282991648 103.768070820719 43.694668482989073 74.064125921577215 2285.098750218749 603.52414584904909 29.778985854238272 49.807972937822342 37.71919359639287 136.54730270057917 74.618583187460899 38.028040423989296 103.29381500929594 43.366853028535843 39.461902413517237 56.226386278867722 498.83296587318182 377.96034174412489 57.710747271776199 40.086292296648026
leaf_count=367 6459 554 210 570 498 1507 56650 2474 1029 19373 27848 453 10121 10627 555 8364 1681 10545 2919 4560 2323 336 1447 749 1757 1110 1820 7173 5069 1290 494 876 2160 1527 290 1391 512 278 1163 34280 530 190 538 939 623 830 882 358 5661 820 2212 9637 2147 18715 360 3184 478 15340 821 3318 485 488 1032 7378 954 1078 1029 2401 402 981 332 860 672 3646 1940 948 2238 306 521 1564 1097 4263 5700 975 3411 2152 325 1423 481 2490 543 1627 1980 16962 1965 569 602 821 548 536 20615 255 660 909 4839 529 586 1005 628 570 2940 244 365 3374 2646 546 2487 473 1421 1439 3588 441 180 6672 313 517 258 3810 1286 413 3707 36318 517 598 9053 1068 729 806 255 260 465 241 587 1284 623 245 698 411 429 606 1251 3258 1147 1251 1236 499 816 522 2145 263 573 737 567 96452 704 605 476 298 2863 622 254 279 519 742 265 518 319 2559 23031 13947 268 408 4181 2643 452 648 6248 1402 903 1787 792 3800 645 559 738 285 635 244 396 1547 892 364 2157 1800 376 515 1164 416 413 790 605 4747 1134 305 755 841 482 446 1179 484 773 1493 342 848 465 3421 1650 417 387 714 467 2622 487 407 428 1546 555 1146 38073 2374 431 794 406 1541 965 511 1288 421 403 729 2922 2151 413 449
internal_value=0.0581662 0.0838133 0.0121045 0.0315402 0.0639222 0.0909725 -0.000275067 0.0234794 0.0553108 0.0940131 0.00592221 0.0508743 0.0710214 0.0840148 0.0617216 0.00453286 0.0317182 0.0846698 0.0450853 0.0161537 0.0569966 0.0409578 0.0256121 0.00304665 0.0948176 0.0613699 0.0741283 0.0472073 0.0623053 0.0203812 0.0435432 0.0539987 0.0493376 0.0589011 0.0835988 0.0345299 0.0315494 0.0289013 0.0707643 -0.00484228 0.0275051 0.0173519 0.0549797 0.0556051 0.0365463 0.0199685 0.026814 0.0175745 0.0187435 0.0346694 0.0108136 0.0806511 0.0158833 0.015942 0.0219464 0.017082 0.0249457 0.0872065 0.0574138 0.077589 0.0466927 0.0411114 0.0597763 0.0612473 0.0166967 0.0263762 0.0678447 0.0271559 0.0602971 0.0429701 0.0574738 0.0155363 0.0357406 0.0678422 0.0291993 0.0329096 0.0138964 0.047521 0.0291983 0.0526104 0.0660006 0.0393423 0.0847398 0.0146445 0.0772148 0.00962284 0.0125697 0.00239932 0.0228895 0.0499907 0.0557983 0.0454947 0.0502698 -0.00382381 0.0144914 0.0192578 0.0465715 0.0325497 -0.00109141 0.0248647 0.0964334 0.00576499 0.00791985 0.011681 0.0484038 0.0435601 0.033594 0.0831551 0.0177161 0.0200195 0.0180706 0.0448062 0.0351559 0.0427061 0.063078 0.057468 0.0678903 0.0260388 0.0319728 0.0554001 0.0582984 0.0412293 0.0755923 0.00228149 0.00742621 0.0189414 0.0294536 0.0320556 0.0259681 0.0238775 0.0018608 0.000995151 0.00281617 0.0120844 0.0930301 0.0296951 0.03497 0.0571009 0.022134 0.0347978 0.028599 0.0227631 0.0391282 0.0367513 0.0365446 0.041011 0.0386574 0.0339356 0.0509429 0.0365397 0.0296562 0.0304567 0.02217 0.0182946 0.011325 0.0205188 0.0238708 0.0459437 0.00754527 0.0283815 0.0362392 0.0297135 0.0115269 -0.00453449 0.0146023 0.0233147 0.0327202 0.00907684 0.00625558 0.0160546 0.0279353 0.0190979 0.0269462 0.02028 0.0296251 0.0377599 0.0262777 0.0387074 -0.00505409 0.068199 0.00287763 0.054124 0.00200326 0.00679154 0.040489 0.0252154 0.0445073 0.0374498 0.0266359 -0.00128985 0.0339992 0.0308203 0.0204284 0.0201994 0.0117109 0.0209909 0.00476227 0.00740292 0.0183032 0.00402284 0.00663695 0.0112302 0.00913995 0.0595154 0.00918816 0.0152001 0.00776249 0.0195392 0.0262731 0.0320511 0.0425518 0.0556095 0.0307748 0.0193176 0.00749619 0.0167798 0.0214019 0.0130276 0.0241436 0.0322842 0.0221889 0.023509 0.0175372 0.0257113 0.0180738 0.02764 0.0027989 0.00571464 -0.00159435 0.0106332 0.0293317 -0.000856193 0.0349586 0.0127875 0.0468623 0.0151345 0.032177 0.00971814 -0.00136772 0.0749768 -0.00800544 0.0259892 0.0195044 0.0302701 0.0299546 0.0278097 0.0248763 0.0272577 0.033174 0.0257661 0.0705096 0.0727333 0.0594965 0.0129833
internal_weight=106091 68145.7 37945.2 14763.9 18041.4 50104.3 23181.4 10423.2 8161.03 34848.7 9834.34 4340.68 9880.41 15255.6 5009.37 9188.92 4902.11 14821 3151.65 5521.08 2677.27 1663.4 645.418 8191.4 32333.7 434.576 7272.11 2849.46 2608.3 3077.36 1873.2 2255.37 1307.23 528.217 2515 3951.74 2450.97 532.926 3710.79 13347.1 863.793 290.324 2393.98 2341.19 775.683 950.368 418.145 2213.57 497.394 103.823 2443.72 5762.18 457.845 1896.77 595.096 443.796 223.316 9058.84 1398.2 3561.32 323.631 552.367 1331.15 1218.12 997.52 219.248 1210.11 316.797 948.133 515.904 788.316 923.813 151.299 2615.4 2127.34 968.435 778.272 279.281 64.0665 215.214 386.101 1500.77 2396.12 114.345 1038.19 295.35 264.142 116.829 81.1701 1010.04 429.805 580.23 281.766 10102 532.224 328.625 1130.48 573.468 2089.07 302.194 16924.4 83.2033 1519.91 689.746 1097.51 529.958 193.257 3216.97 781.927 632.525 578.856 109.562 79.1149 779.018 957.776 455.146 502.63 1158.9 356.708 724.37 564.173 90.3155 2675.17 7733.55 580.267 170.752 463.906 392.2 495.682 123.179 7153.29 5389.7 2719.3 216.048 15409.3 770.41 346.531 175.765 294.91 144.316 116.26 210.839 543.771 476.716 1047.37 472.955 439.265 323.335 115.93 292.352 174.206 362.191 374.699 281.053 181.061 102.355 449.918 118.146 176.979 243.284 119.979 78.7054 81.8388 8012.94 71.7054 802.192 574.413 616.61 454.917 113.936 74.2992 185.191 162.495 113.117 220.355 106.551 73.4209 398.07 6903.25 2672.6 340.981 976.262 2503.25 202.047 374.917 423.879 954.714 248.386 105.815 1109.69 537.222 399.962 147.313 123.305 74.271 130.044 830.164 546.017 126.448 419.568 203.598 146.469 162.41 378.409 92.0465 70.1834 149.402 269.289 127.916 99.5167 334.275 1252.47 176.845 65.1677 75.2351 161.693 113.805 70.0289 769.77 142.052 627.717 571.84 239.105 134.094 100.397 332.734 400.503 300.579 120.634 179.945 129.366 2670.4 92.9089 110.419 706.327 136.223 340.517 97.1045 2501.42 2604.36 3245.04 394.315 162.146 232.17 112.338 343.082 280.377 242.349 139.055 95.6883 1657.62 1158.79 118.88 69.9997
internal_count=780829 225431 555398 171635 116808 108623 383763 132882 62349 58708 153622 38753 54459 49915 33386 145327 55880 47154 28963 77002 21489 17264 8295 131448 50798 2761 36334 25332 18125 41219 17751 19166 12088 4128 7910 43565 28058 6539 20341 230141 10605 3873 18433 17895 8016 12315 4970 30614 6848 1187 35783 21187 6309 26625 7910 6187 2540 25967 10637 15993 2977 5476 9349 8317 13879 2757 7488 3989 7078 4988 6202 12914 1723 14953 25081 10818 11122 2601 731 1870 2207 15507 7207 1588 4574 4299 3683 1748 1051 8546 3372 5174 2492 173060 7345 4408 10725 6732 34828 3631 22372 1230 22869 10018 9735 4896 1977 10642 10702 8503 7933 1139 895 7960 6234 3192 3042 14263 4180 5870 4431 843 12675 125139 9130 2458 5593 4631 6261 1391 116009 88161 43759 3260 28426 8878 3810 1408 3839 1679 1419 2758 5800 5213 11244 4785 4540 3488 1052 3077 1949 4140 4993 3846 2595 1359 5808 1128 2743 2862 1302 1050 1103 138232 962 10083 6459 9109 6824 1536 914 2517 2010 1491 2528 1102 837 4007 119483 15767 5288 7581 40499 3003 3547 5068 9317 2641 1239 18749 5983 4592 1935 1560 1001 1706 12851 8291 1786 6505 2937 2045 2425 2829 1408 1032 2199 3584 1619 1206 3095 9816 1917 783 1151 2285 1426 928 9610 1663 7947 7174 3148 1655 1313 4026 6261 4611 1934 2677 1448 44402 981 1571 6676 1963 3929 1444 41780 12495 57081 4992 2165 2827 1371 4000 3352 2841 1553 1132 8719 5797 703 862
is_linear=0
shrinkage=0.01


Tree=5
num_leaves=255
num_cat=0
split_feature=5 5 5 4 5 5 4 5 4 4 4 8 0 8 4 7 5 3 4 4 3 8 4 4 4 5 3 4 3 8 0 5 4 5 4 3 3 3 4 3 4 3 8 7 8 3 3 3 5 4 4 4 3 3 8 3 3 4 4 0 4 3 3 0 3 3 7 0 0 8 3 3 5 5 4 0 4 4 3 3 5 3 3 0 0 0 4 4 8 3 4 0 4 8 3 0 3 3 0 3 3 3 0 4 3 3 3 3 0 3 3 0 3 5 3 0 5 3 3 4 4 3 4 3 3 5 3 4 3 3 3 0 3 4 3 3 5 3 3 5 3 3 0 4 0 0 0 4 3 4 0 3 0 4 0 4 3 3 0 3 8 4 3 8 4 3 5 3 3 3 3 4 4 4 0 3 4 3 4 4 4 0 8 0 3 4 8 3 4 4 3 3 3 4 0 4 3 3 3 3 4 3 3 4 3 3 5 3 4 4 3 0 3 3 4 3 0 0 4 5 4 3 4 3 4 4 4 4 4 3 0 3 0 4 0 3 3 3 4 3 3 4 3 3 4 4 0 3 4 3 4 4 4 3
split_gain=1.05032e+06 79626.7 75593 12261.5 9504.96 8040.57 7201.63 5926.19 3552.31 2611.34 1976.44 1739.34 1494.41 1250.43 1128.41 1090.39 985.229 943.439 912.441 908.286 698.658 674.584 610.464 527.617 512.572 505.807 467.536 491.746 400.05 410.322 410.826 379.134 370.704 358.373 353.222 342.097 427.297 325.95 316.4 312.547 310.304 309.282 303.184 298.314 292.01 286.655 283.835 269.054 257.825 255.295 253.529 248.626 239.153 238.539 209.73 201.356 190.135 187.348 253.614 183.009 181.759 169.947 169.547 168.868 192.354 165.056 162.131 160.43 210.616 155.937 154.697 153.131 151.359 149.331 259.621 253.183 166.871 143.076 134.963 134.575 162.294 237.545 181.951 173.752 147.55 144.043 140.602 133.826 301.91 131.854 160.87 131.235 130.279 273.532 128.449 309.324 158.098 126.114 139.41 626.352 123.079 307.512 225.06 137.225 338.248 160.253 122.828 120.591 129.864 119.705 314.838 119.436 117.299 116.782 114.522 113.672 139.244 113.385 126.977 139.603 125.828 113.296 111.693 186.859 111.121 109.688 158.626 109.343 166.631 108.955 213.694 157.136 139.006 108.01 107.886 106.996 105.77 105.707 104.84 104.16 103.375 103.344 103.055 102.572 102.503 100.808 113.801 105.823 99.8699 98.4084 98.0083 207.247 130.308 115.121 181.577 101.727 112.448 153.815 108.552 97.5132 112.369 201.215 133.825 97.1738 96.3666 94.1004 217.049 98.0815 94.0512 108.281 96.5594 92.1746 233.787 200.366 202.735 141.641 220.869 138.422 189.489 109.13 92.0437 130.844 90.6852 176.332 108.622 89.9023 89.6557 89.5893 86.9085 102.458 86.3107 85.4986 138.114 84.7376 84.5371 84.0268 83.0746 83.0385 82.9967 108.193 82.4057 211.732 158.148 160.45 143.056 113.565 206.311 92.7897 91.7113 80.4171 135.362 194.52 93.0936 102.893 100.552 80.3474 79.3383 79.1418 107.348 90.8411 79.107 78.989 257.327 90.0446 136.618 104.062 163.273 82.7974 79.136 78.1103 77.9297 76.6223 76.6125 76.4882 74.8571 74.6324 103.592 78.8868 103.311 97.9658 73.8994 244.919 199.366 94.5552 73.8876 102.778 108.83 168.961 125.599 133 112.951 79.7754 80.2219 99.9345
threshold=6.5000000000000009 1.5000000000000002 21.500000000000004 6.5000000000000009 46.500000000000007 12.500000000000002 336.50000000000006 3.5000000000000004 9.5000000000000018 8.5000000000000018 33.500000000000007 4.5000000000000009 1.5000000000000002 2.5000000000000004 31.500000000000004 3.5000000000000004 32.500000000000007 550.50000000000011 58.500000000000007 107.50000000000001 22.500000000000004 3.5000000000000004 1023.5000000000001 65.500000000000014 90.500000000000014 4.5000000000000009 212.50000000000003 56.500000000000007 137.50000000000003 2.5000000000000004 19.500000000000004 9.5000000000000018 2.5000000000000004 76.500000000000014 50.500000000000007 46.500000000000007 161.50000000000003 5.5000000000000009 2.5000000000000004 143.50000000000003 1.5000000000000002 181.50000000000003 1.0000000180025095e-35 3.5000000000000004 4.5000000000000009 4.5000000000000009 44.500000000000007 35.500000000000007 4.5000000000000009 43.500000000000007 184.50000000000003 5.5000000000000009 94.500000000000014 109.50000000000001 2.5000000000000004 123.50000000000001 30.500000000000004 70.500000000000014 60.500000000000007 2.5000000000000004 23.500000000000004 77.500000000000014 2.5000000000000004 24.500000000000004 50.500000000000007 151.50000000000003 3.5000000000000004 68.500000000000014 55.500000000000007 4.5000000000000009 57.500000000000007 200.50000000000003 27.500000000000004 4.5000000000000009 35.500000000000007 6.5000000000000009 67.500000000000014 46.500000000000007 33.500000000000007 215.50000000000003 2.5000000000000004 48.500000000000007 46.500000000000007 69.500000000000014 3.5000000000000004 51.500000000000007 82.500000000000014 12.500000000000002 2.5000000000000004 36.500000000000007 168.50000000000003 137.50000000000003 1.0000000180025095e-35 2.5000000000000004 13.500000000000002 1.5000000000000002 8.5000000000000018 6.5000000000000009 4.5000000000000009 78.500000000000014 87.500000000000014 54.500000000000007 22.500000000000004 25.500000000000004 76.500000000000014 69.500000000000014 45.500000000000007 90.500000000000014 247.50000000000003 248.50000000000003 191.50000000000003 4.5000000000000009 17.500000000000004 16.500000000000004 62.500000000000007 22.500000000000004 8.5000000000000018 60.500000000000007 55.500000000000007 29.500000000000004 14.500000000000002 33.500000000000007 10.500000000000002 141.50000000000003 15.500000000000002 102.50000000000001 274.50000000000006 79.500000000000014 57.500000000000007 66.500000000000014 63.500000000000007 25.500000000000004 70.500000000000014 4.5000000000000009 25.500000000000004 440.50000000000006 15.500000000000002 26.500000000000004 109.50000000000001 7.5000000000000009 64.500000000000014 58.500000000000007 1.0000000180025095e-35 1.0000000180025095e-35 52.500000000000007 28.500000000000004 5.5000000000000009 135.50000000000003 55.500000000000007 7.5000000000000009 72.500000000000014 40.500000000000007 78.500000000000014 195.50000000000003 10.500000000000002 213.50000000000003 36.500000000000007 24.500000000000004 6.5000000000000009 69.500000000000014 2.5000000000000004 1.5000000000000002 82.500000000000014 2.5000000000000004 225.50000000000003 227.50000000000003 14.500000000000002 161.50000000000003 53.500000000000007 47.500000000000007 79.500000000000014 13.500000000000002 25.500000000000004 8.5000000000000018 5.5000000000000009 57.500000000000007 20.500000000000004 43.500000000000007 11.500000000000002 36.500000000000007 97.500000000000014 31.500000000000004 2.5000000000000004 2.5000000000000004 127.50000000000001 42.500000000000007 4.5000000000000009 101.50000000000001 39.500000000000007 31.500000000000004 37.500000000000007 55.500000000000007 74.500000000000014 31.500000000000004 5.5000000000000009 21.500000000000004 52.500000000000007 100.50000000000001 88.500000000000014 79.500000000000014 27.500000000000004 44.500000000000007 69.500000000000014 18.500000000000004 110.50000000000001 58.500000000000007 11.500000000000002 75.500000000000014 15.500000000000002 84.500000000000014 33.500000000000007 10.500000000000002 22.500000000000004 4.5000000000000009 56.500000000000007 133.50000000000003 6.5000000000000009 43.500000000000007 28.500000000000004 4.5000000000000009 16.500000000000004 149.50000000000003 25.500000000000004 125.50000000000001 37.500000000000007 53.500000000000007 48.500000000000007 23.500000000000004 15.500000000000002 93.500000000000014 31.500000000000004 5.5000000000000009 46.500000000000007 56.500000000000007 126.50000000000001 112.50000000000001 93.500000000000014 77.500000000000014 77.500000000000014 60.500000000000007 55.500000000000007 97.500000000000014 65.500000000000014 59.500000000000007 101.50000000000001 99.500000000000014 25.500000000000004 44.500000000000007 78.500000000000014 28.500000000000004 69.500000000000014 61.500000000000007 66.500000000000014 28.500000000000004
decision_type=2 2 2 2 2 2 2 2 2 2 2 2 2 2 2 2 2 2 2 2 2 2 2 2 2 2 2 2 2 2 2 2 2 2 2 2 2 2 2 2 2 2 2 2 2 2 2 2 2 2 2 2 2 2 2 2 2 2 2 2 2 2 2 2 2 2 2 2 2 2 2 2 2 2 2 2 2 2 2 2 2 2 2 2 2 2 2 2 2 2 2 2 2 2 2 2 2 2 2 2 2 2 2 2 2 2 2 2 2 2 2 2 2 2 2 2 2 2 2 2 2 2 2 2 2 2 2 2 2 2 2 2 2 2 2 2 2 2 2 2 2 2 2 2 2 2 2 2 2 2 2 2 2 2 2 2 2 2 2 2 2 2 2 2 2 2 2 2 2 2 2 2 2 2 2 2 2 2 2 2 2 2 2 2 2 2 2 2 2 2 2 2 2 2 2 2 2 2 2 2 2 2 2 2 2 2 2 2 2 2 2 2 2 2 2 2 2 2 2 2 2 2 2 2 2 2 2 2 2 2 2 2 2 2 2 2 2 2 2 2 2 2 2 2 2 2 2 2 2 2 2 2 2 2
left_child=1 6 5 12 10 8 9 18 20 94 16 125 25 61 21 50 44 32 43 28 38 53 107 -12 46 37 27 63 29 171 52 40 -13 -19 100 -27 55 -3 -2 -30 65 159 -24 45 92 -5 -16 234 97 -28 209 -18 73 87 -41 -37 -23 58 60 124 194 117 -61 69 134 141 -49 68 217 200 115 -59 -46 76 168 233 77 -31 193 80 82 85 86 240 -81 -82 -68 -7 -89 -21 -91 244 -4 -94 95 -1 231 -14 114 -100 101 -17 103 105 -105 -103 -69 108 -8 110 -62 -40 -96 143 -99 116 -29 118 119 -10 -119 -70 123 163 -44 126 133 -78 -129 130 144 132 -131 -6 -65 -33 149 -114 198 -63 -71 -22 -72 -55 -124 146 147 235 -79 -58 153 152 -152 154 -52 156 157 -155 -159 -39 -161 162 -162 -45 -153 166 167 -48 169 -75 -170 173 175 174 -9 176 190 -175 -179 -174 -88 -182 -42 184 -184 -111 -53 -102 189 -133 -173 -77 -193 -47 -56 -177 -166 -34 199 -116 202 -202 -15 204 229 -203 207 -207 -206 210 211 -11 213 -213 -214 -140 -142 218 -32 -219 -189 223 228 225 227 226 -134 -225 -223 -204 -157 -97 -109 -76 -20 236 237 238 -84 -240 241 -83 243 -242 245 246 251 248 249 250 -248 -36 -253 -254
right_child=2 3 4 7 11 14 22 19 13 15 23 17 48 26 24 34 51 33 47 89 31 56 42 -25 -26 35 49 70 39 30 67 135 197 -35 91 36 -38 41 111 54 182 -43 59 122 72 78 165 66 -50 -51 150 186 -54 113 57 -57 136 71 -60 62 109 139 -64 64 -66 -67 79 106 121 140 142 -73 -74 74 75 191 127 148 -80 84 81 83 145 -85 -86 -87 180 88 -90 90 -92 -93 93 -95 112 96 -98 98 99 -101 187 102 -104 104 -106 -107 -108 232 -110 185 -112 -113 137 -115 138 -117 -118 120 -120 -121 -122 -123 129 -125 -126 -127 -128 128 -130 131 -132 188 221 -135 -136 -137 -138 -139 215 -141 216 -143 -144 -145 -146 -147 -148 -149 -150 -151 151 164 -154 155 -156 230 -158 158 -160 160 161 -163 -164 -165 196 -167 -168 -169 170 -171 -172 172 179 177 -176 195 -178 178 -180 -181 181 -183 183 -185 -186 -187 -188 220 -190 -191 -192 192 -194 -195 -196 -197 -198 -199 -200 -201 201 205 203 -205 208 206 -208 -209 -210 -211 -212 212 214 -215 -216 -217 -218 219 -220 -221 -222 222 -224 224 -226 -227 -228 -229 -230 -231 -232 -233 -234 -235 -236 -237 -238 -239 239 -241 242 -243 -244 -245 -246 -247 247 -249 -250 -251 -252 252 253 -255
leaf_value=0.043237202938176643 0.079166172475840416 0.070000166174323808 0.077224392264459679 0.037040389406312879 0.075458524120321183 0.062833427477376469 -0.0015650115994063024 0.045988411272624485 0.051237686151167514 0.010072284027087255 0.058181514634806357 0.08507186102871335 0.051438919645890445 0.043556363204048223 0.032956403777914603 0.013275108176066627 0.080873252784507965 0.083023792226702198 0.0078182651999148187 0.0036035474435060812 0.062880047738078051 0.081157816032262742 -0.0080317758834394619 0.021970134253460921 0.022212265080776752 0.069670502633539716 0.044191920175976736 0.00019095507498139572 0.059037018327091025 0.025628103802559414 0.042710249217429268 0.060594568669245973 0.069025292859308363 0.088071186990502912 -0.0010972323736805362 0.050378342436597549 0.069977571113733691 0.047701550346193243 0.039808279662903394 0.02670728256613096 0.053658325105308928 0.068337723275253906 0.0021489128698825443 0.04126484197288683 0.073656611312919631 0.016369607971174493 0.048999062761080535 -0.0030631135388709315 0.045721640822892547 0.062149592344171042 0.017890839899296823 0.070924350785295368 0.021585575949148943 0.071485086892783642 0.053542529676270954 0.024457512676710706 0.067894670863493517 0.034915721271929899 0.064646994645615047 -0.0027729234739676586 0.037706558464315906 0.045944127574361573 -0.0061111533072684653 0.05113216635605107 0.055075969219141145 0.069591549547824746 0.03423473943631633 0.037265984472882402 0.029236295530284978 0.062229204829183919 0.017370529519998162 0.0053360872180933721 0.077970314342096017 0.035321007943900098 0.024750077755162962 0.0060182319143713475 -0.00089052998438694591 0.046891869795521471 -0.0070040192611808688 0.013692816084809045 2.9619732856528893e-05 0.010208299884164449 -0.0033511183074287098 0.047460840018588357 0.043101515337476644 0.027669410080209258 -0.0029927442456769266 0.059360804458447769 0.038872949531462017 0.023032312551991535 -0.0037370299315556783 0.023604403812523534 0.070856035485516208 0.057053294617582823 0.0049446622425591462 0.017352451245906234 0.035079996774000401 0.041215523159367155 0.014816493708359149 0.051929630779023982 -0.0058372498913840925 0.042190493406782562 0.047505300560827343 -0.0040715940702910347 0.03901712570712406 0.012087816843610849 0.068321715676061739 0.0046761584658888576 0.0066490225332977281 0.030805056895617869 0.0095679990588558202 0.065864565839214267 0.033170571707428778 0.06840452990133547 0.018714577989595308 0.030582569268681681 0.027177500324423832 0.022772941915160633 0.064476451240331384 0.034400397963340816 0.044295631007829822 0.00011932651225647526 0.021086136134040673 0.050050799579973305 -0.004211135540131433 0.061164140003009397 0.078571195226804377 0.0034822942073989829 0.035419415721486644 0.036385920639560955 0.0003932145758547278 0.037183042593420257 0.021256018942455136 0.060522797949636033 0.026189472123776918 0.079367540233885064 0.070822637374649514 0.020468980864530396 0.052058358548302229 0.056187134641225454 0.028632898867173174 0.05130227693624223 0.037034218728159339 0.06202367751434891 0.0006742021687582302 0.0025139019486542279 0.016746616005635092 -0.0066263926512969539 0.025553867081726227 0.057713309132148005 0.022298265352635835 0.031038059864336272 0.0040583677094143912 -0.0036965654445097495 0.0015124458980063015 0.0048915295283157283 -0.0068394601579136417 0.028797478992158423 0.0045523931846764669 0.055081054799465304 0.020160668076698265 0.014991865802608605 0.045488282582859252 0.022891019938905161 0.023482109362113097 0.065602205404719852 0.059678579636418684 0.027624596078105738 0.046896650033443253 0.014554931081046447 0.030935021547291601 0.037057161300582064 0.047867959376982877 0.06031333335938005 0.01569443380355371 0.029156540995882673 0.00054669079840725737 0.04965243383733698 0.021625480167475779 0.030739603120090445 0.026621573805667861 0.00024487763257584962 0.058942071929597183 0.039779786885361178 0.039625765148063645 0.056044283207671908 0.077774334330118849 0.026039083244596327 0.042412136710565936 0.0092983475690064828 0.013842282087971723 0.033180628741621074 0.0045276035029881362 0.0028759685783240614 0.0370382536315296 0.048896189057586956 0.0012382494368220409 0.081672903152200271 0.0096705066977422118 0.04456399217521894 0.023481726028644123 0.058080104112427658 0.033673177021782345 0.02418804541875284 0.036464622404197858 0.030696711509512881 0.018861226133981501 0.046271372084303833 0.056906476312364181 -0.0023178171090488327 -0.0053423507029651419 0.0061582414895467296 0.00072960462672741878 -0.0050527160158842501 0.023362256065172865 0.028601700635139175 0.051861303887417658 0.032177693399926731 0.031995255520689707 0.052482951891500151 0.0068461788741374157 0.01162151102500799 0.0036417716085738639 0.025738089693969651 0.014200280860627721 0.036297354843312972 -0.0012169783358036829 0.050500443582494843 0.034534319631469308 0.012409514916907526 0.00013304175665139841 -0.0033728337951717969 0.024641133361385608 0.039000324278110461 0.022590346714857761 0.00019813483721494612 0.030827704914880402 -0.0045916372506381751 0.0054179837354429066 0.031332974917685545 0.01477006416317723 0.052990649009483103 0.022562974947529135 -0.0097344377553994811 0.0060783421611707031 0.025264802226614643 0.011746463117982145 0.023264539468199247 -0.0021820000239013535 -0.0016041943132127953 0.037377787539167463 0.019437757581900316 0.018034983063799522 0.0035444044876662001
leaf_weight=124.15746418386698 272.57357793301344 78.420192692428827 502.63922773301601 37.080912820994854 164.35036449879408 1152.4453648515046 2828.1838608533144 44.449922207742929 294.45843288674951 296.54245562851429 355.75471698865294 12599.004211477935 60.270009439438581 239.73451171442866 58.219894032925367 514.67798391729593 5836.6260378435254 2380.7367615625262 758.55260819941759 74.312939077615738 228.60118867456913 231.34810828045011 3224.5098207220435 50.076076705008745 49.786676775664091 301.28582891449332 219.97689825668931 41.286537870764732 91.134089570492506 444.33691501617432 157.15475796535611 1971.6171174906194 146.82491213828325 16085.366451509297 114.22861411049962 268.28225068002939 133.88805627822876 632.28547187149525 47.026409845799208 146.63551145792007 795.91049017012119 72.347556758671999 627.67755491659045 36.848080031573772 3115.9843121320009 124.00042064115405 158.18968668580055 42.666990034282207 525.70379704236984 178.10543704032898 133.77955346554518 614.88935995846987 442.4887180365622 253.10535386949778 137.47762421518564 42.101009551435709 705.77404791861773 55.775439999997616 55.531016916036606 2303.5244226641953 138.46432342380285 191.49076175689697 4590.0830640345812 33.118628613650799 242.01442008465528 194.02431497722864 60.174658942967653 43.33210513740778 25.356861870735884 70.038479350507259 36.772310100495815 27.520684499293566 2932.5889536887407 206.07812349125743 89.61913188919425 63.15233588591218 32.608599979430437 70.601986523717642 48.238576970994473 36.454449605196714 85.411130726337433 28.092930901795626 23.288076106458902 27.422982223331928 38.424278851598501 22.467179160565138 22.150883838534355 387.34564981982112 113.11728975176811 167.69218760356307 24.559230141341686 52.460305064916611 1914.6766694635153 223.15177422016859 38.216589163988829 58.984566871076822 45.524455696344376 366.91048393025994 143.59289482608438 67.22577666118741 36.354323841631413 47.929373018443584 46.016248129308224 49.528567973524332 26.218801349401474 32.4449402987957 31.373834770172834 180.29616356641054 204.21224889159203 39.132894665002823 59.30193379893899 64.634215362370014 100.41969347372651 1758.3849893473089 50.821320306509733 87.963966459035873 34.918170433491468 44.316158585250378 78.179526023566723 87.083842601627111 152.32456644251943 27.520538911223412 1456.4150279313326 36.321105096489191 484.40413695946336 160.7909474298358 529.28559417277575 31.417145907878876 35.083833150565624 73.700209252536297 54.632078628987074 27.273702058941126 433.20401654019952 218.62028705701232 60.954939365386963 54.631127409636974 2703.6357722058892 285.95785403996706 35.092865165323019 1219.542484395206 41.307253308594227 311.3088941462338 343.88420160859823 1525.6043782792985 26.190943140536547 139.27403491362929 268.77455781400204 43.635164901614189 49.409391093999147 257.04706960916519 40.57535058632493 46.462186958640814 576.77081839367747 113.66356760263443 138.68304010853171 1440.9674867577851 208.70392774417996 29.634649511426687 49.588310312479734 40.394189987331629 33.328968491405249 46.430474773049355 113.55659122765064 274.20572834089398 30.034534696489573 224.3476000726223 449.1313833668828 38.42230673879385 188.43681528046727 35.061520557850599 76.060314994305372 53.167568992823362 177.35189579054713 91.649840004742146 50.925638370215893 91.165585864335299 39.92461534589529 90.242615405470133 41.27752023562789 72.722148712724447 64.586097307503223 27.335195697844028 155.33723463118076 251.66509870812297 65.549251064658165 44.416990630328655 1988.5206150710583 27.766317341476679 76.756338480859995 29.442772150039673 29.868108373135328 43.986127261072397 29.051521748304367 78.562630068510771 79.037036009132862 42.212370723485947 37.917755033820868 5381.2679159492254 36.352148912847042 28.935670498758554 61.449127212166786 74.416273448616266 57.302458852529526 170.34770296141505 89.682621642947197 65.274801801890135 39.975624356418848 420.33233685046434 50.647958569228649 891.53282327950001 207.10813487321138 108.90993030369282 53.268978871405125 306.81625280529261 30.137469626963139 49.320361286401749 44.984073020517826 55.900968324393034 493.55274202674627 78.810234595090151 95.612919591367245 26.164146203547716 95.534499626606703 36.444631185382605 35.637205794453621 44.259490311145782 33.791578564792871 38.57286349311471 56.291226822882891 31.72621089220047 457.83842236176133 23.354952938854694 20.220045190304518 116.18844131007791 35.516614325344563 55.736484743654728 28.047287601977587 28.443999778479338 27.458380948752165 35.044191088527441 28.771287798881531 27.297368302941322 304.83076086640358 30.009587235748768 1207.6861835718155 41.327943179756403 53.673382058739662 116.75630903616548 74.571110527962446 35.552408766001463 27.20084584876895 54.859143145382404 57.625555817037821 259.78391594439745
leaf_count=1219 1045 430 1729 413 562 6341 47277 373 2321 4390 2010 23528 497 2085 538 7413 15111 4924 11171 1078 1364 802 57126 500 535 1633 1814 570 710 5200 1523 12078 601 21266 1820 2095 757 5585 397 1589 5903 462 10384 367 11721 1670 1172 680 4529 1168 1939 2418 5218 1128 1106 432 3450 591 403 39434 1376 1638 80396 265 1809 1042 712 478 293 431 415 375 9036 2109 989 859 485 680 770 491 1290 390 364 272 404 275 351 2312 933 2068 369 714 8008 1315 556 780 535 3653 1874 605 592 556 499 802 300 468 223 2873 3223 400 757 393 1187 8231 620 960 369 466 497 835 1265 400 18781 332 8361 711 1528 448 381 816 808 293 5444 1153 649 219 11681 3777 308 8445 384 2246 3357 8736 401 2109 3688 699 582 1534 575 599 9209 1909 2238 22933 3538 394 790 305 386 574 1040 3426 417 1209 2726 358 1708 434 801 534 1572 714 606 993 548 779 478 778 822 428 1021 2277 547 342 5842 352 807 405 376 472 392 1186 792 362 605 12260 468 270 683 530 556 1779 808 655 425 3507 365 14690 3432 1672 853 5118 412 544 314 635 5472 679 1422 349 1362 429 465 487 503 360 619 367 7512 364 275 1140 478 845 333 451 398 419 385 257 3854 483 18529 547 791 1578 1214 573 334 768 809 4050
internal_value=0.0549413 0.0111852 0.0765233 0.0305799 0.0824804 0.0594619 1.05006e-05 0.0253047 0.0526729 0.00711638 0.0763474 0.0853311 0.0479312 0.0466561 0.0656653 0.00554786 0.076873 0.0857115 0.0181601 0.0333781 0.0591961 0.0667978 -0.00433622 0.0538675 0.0550175 0.0540892 0.0421084 0.0402877 0.0344296 0.032917 0.0310469 0.0578657 0.0839507 0.0874301 0.0103785 0.0606832 0.0542811 0.0491345 0.0727471 0.0407141 0.0544458 0.0472349 -0.00543845 0.0216363 0.074345 0.0117288 0.0567146 0.0133142 0.0399014 0.0525219 0.0027813 0.0794563 0.0283551 0.0642482 0.0384246 0.0470735 0.0701555 0.0410156 0.0432153 -0.00439092 0.0405556 0.0526238 -0.00499825 0.0428799 0.0499982 0.0601077 0.0158236 0.0367212 0.0352382 0.0411651 0.0316115 0.0256142 0.0757748 0.0302996 0.0332497 0.0260918 0.0264269 0.0285636 0.0076835 0.0163885 0.0156192 0.0198662 0.0127089 0.0230853 0.0296428 0.00627587 0.021822 0.0605137 0.0549231 0.0152073 0.0195579 0.00812541 0.071011 0.0694746 0.0259719 0.0319051 0.020328 0.0361405 0.0348141 0.0270749 0.0157232 0.0175067 0.0279965 0.021655 0.0113343 0.0307488 0.05188 -0.000503317 -0.00100454 0.0345249 0.0294993 0.0558724 0.0222937 0.0659553 0.0375667 0.0227657 0.0130633 0.0476253 0.0507753 0.0476202 0.0397736 0.014821 0.0226104 0.0282324 -0.000615028 0.0722162 0.0740152 0.0138368 0.0210195 0.0218174 0.0200187 0.0245078 0.0228176 0.0673171 0.0359563 0.0611834 0.0694147 0.0239497 0.0304997 0.0548711 0.0516616 0.0564368 0.0352615 0.0634544 0.0207337 0.01019 0.0122469 0.0071048 0.0387517 0.0653122 0.0044525 0.00769196 0.00534147 0.00352201 0.00966247 0.00278262 -0.00176617 0.00368569 0.0142306 0.045307 0.0384366 0.0343791 0.0401565 0.0253493 0.0199789 0.0582136 0.0554366 0.0451926 0.0379496 0.0324873 0.0426108 0.0393126 0.0360509 0.0442093 0.0305703 0.0287476 0.0202336 0.0496705 0.0413868 0.0432101 0.014711 0.0190565 0.0510726 0.0464886 0.0536617 0.0453362 0.076216 0.00754005 0.0349965 0.0236876 0.0293463 0.0150412 0.0223413 0.0112644 0.0479577 0.0361078 0.0116031 0.0813639 0.0233515 0.0290757 0.0398187 0.0427567 0.03664 0.0322707 0.0379696 0.0446296 0.0424933 0.0443328 0.0446087 -0.00013046 0.00180502 0.00368669 -0.000112191 -0.00207636 0.00938019 0.0394482 0.0417557 0.0365589 0.0347213 0.0447241 0.0115917 0.0214674 0.0150873 0.0232231 0.031893 0.0212102 0.0196103 0.0395811 0.0278296 0.0266447 0.00375078 0.0114147 0.00696227 0.0331411 0.00854664 0.0102166 0.0140147 0.00934126 0.014074 0.0206241 0.0212484 0.0325784 0.0193263 0.00218652 0.00770041 0.0100128 0.00914513 0.0138204 0.00781413 0.0142298 0.0211818 0.00612265 0.00835878 0.00630293
internal_weight=111223 36739.5 74483.6 13428.5 55201.2 19282.4 23310.9 10302 9216.49 8847.83 17534.9 37666.2 3126.55 4803.61 10065.9 8171.21 17129.1 36593.2 5469.44 4832.53 4412.88 9087.81 14463.1 405.831 978.098 1762.32 2736.21 2338.13 4565.97 3691.54 2866.58 4028.64 18127.1 18466.1 2972.28 745.557 444.271 1016.76 384.234 874.428 2002.4 938.343 11230.2 3179.57 8689.04 287.883 928.311 2289.87 1364.23 398.082 5198.94 8440.04 1953.58 5190 783.293 310.383 3897.8 636.658 553.362 8005.69 497.831 2067.4 6893.61 1793.31 336.088 733.934 1495.8 913.002 838.296 1457.22 544.825 83.2961 6048.57 1511.09 847.634 341.998 663.458 564.348 250.802 1453.13 1378.25 554.303 823.949 446.425 74.8787 107.878 174.247 1652.91 500.463 266.564 192.251 2095.73 2640.47 2137.83 676.616 252.021 127.864 838.522 778.252 210.819 876.549 716.816 202.138 156.122 75.7474 80.3743 74.7059 3232.91 3032.4 281.316 197.766 111.661 424.594 3537.09 567.433 164.169 76.2047 656.363 459.722 381.542 196.641 52.8774 2891.69 347.375 1112.08 1073.05 912.256 99.1096 66.501 2544.31 1537.24 1007.07 873.6 382.971 94.0736 2026.25 3666.46 386.378 200.522 1411.03 156.33 539.91 380.657 1778.71 1482.61 649.702 510.428 241.654 120.011 962.821 3304.62 731.761 617.346 2572.86 272.463 2300.4 401.59 192.887 79.223 865.996 233.71 193.316 146.886 311.054 114.414 870.091 645.743 196.612 505.637 241.14 264.497 824.958 506.412 318.546 95.3756 256.338 122.96 223.17 131.52 250.074 114.072 91.9213 1268.46 472.552 220.886 83.5499 2603.41 159.734 133.473 56.7165 83.0357 136.19 73.0376 202.563 216.515 133.378 67.9523 5528.09 116.109 79.757 1300.89 661.448 639.441 399.707 229.359 599.999 525.583 485.607 140.331 1894.32 1002.78 795.675 499.133 415.726 83.4064 84.4132 86.2913 785.419 650.707 134.711 123.379 799.9 177.99 621.91 110.655 511.255 466.996 75.0175 82.4554 89.0287 1898.81 82.3395 200.516 205.808 794.069 198.018 142.282 114.235 85.7906 62.5026 419.002 55.3903 363.612 58.7809 2043.27 835.579 794.251 307.754 190.998 116.427 80.8742 486.497 372.269 317.409
internal_count=780575 536402 244173 151279 124223 119950 385123 124212 68264 135774 57690 66533 27067 39732 51686 127356 55180 62579 72542 51670 28532 45148 249349 2510 6538 13699 24265 21283 48155 39714 31601 26697 36389 26190 44131 4917 3284 8782 1835 8441 14400 8352 195701 40493 31809 4039 6003 32049 13368 2982 83225 23371 21898 27681 7731 2527 17467 6142 5176 138575 4773 15467 119830 15612 2723 4652 20400 9703 9002 12889 5671 966 20757 16680 8904 3852 7776 6462 3626 19720 18825 7206 11619 5641 895 1565 2313 9586 3245 3515 2437 31727 11052 9323 8418 2898 1679 8839 8342 2479 12404 10038 2625 2126 1102 1024 701 53648 50500 2875 2133 790 5520 18095 5863 1899 939 5384 3653 3156 1731 693 36454 4125 18745 3954 3243 1314 829 32329 19990 12339 10834 1715 914 12297 16665 4964 2210 10083 1129 3610 3772 9864 19182 9306 7197 3509 1262 4984 52658 11405 9784 41253 4177 37076 6631 3093 1184 7890 2305 2000 1426 3793 1621 5465 4256 1530 5052 2543 2509 8113 5163 2950 979 2813 1458 1971 1257 2350 1601 1250 9748 3845 1568 742 8260 2366 1505 698 910 1723 864 2856 1898 1355 1022 12861 1358 890 11760 5800 5960 3875 2096 5117 4587 4162 1173 30567 15877 12445 8055 6790 1265 852 698 8309 6995 1314 1774 10018 2330 7688 1254 6434 5947 789 968 923 30445 1144 3148 2129 11649 2810 1965 1632 1181 817 5369 647 4722 868 31013 12484 11937 4490 2912 1698 1125 7447 5627 4859
is_linear=0
shrinkage=0.01


Tree=6
num_leaves=255
num_cat=0
split_feature=6 6 6 4 4 4 6 4 6 6 6 8 4 4 4 4 6 4 1 6 7 6 4 4 6 7 4 4 4 6 7 8 4 4 1 6 1 6 6 4 1 6 8 1 4 0 8 6 4 6 0 8 8 1 1 1 6 4 0 1 1 6 8 1 0 0 7 1 4 6 4 1 4 1 4 1 4 1 1 4 0 6 8 0 7 0 6 1 1 0 6 4 4 1 6 1 0 6 6 0 0 4 1 6 0 0 4 6 4 4 1 6 1 4 0 1 0 6 6 1 1 4 1 4 0 4 1 4 0 6 0 8 1 6 0 6 6 1 4 1 1 4 6 0 6 1 1 6 4 1 6 6 4 1 6 6 6 4 6 6 1 0 1 1 1 1 6 4 4 1 6 6 4 4 1 1 0 6 0 1 1 0 6 4 4 4 6 6 6 6 4 1 0 6 4 1 0 7 4 1 0 1 4 0 0 1 1 6 4 1 4 4 1 4 0 0 0 6 6 1 1 4 1 1 4 4 0 1 1 1 1 0 0 0 4 0 0 8 4 1 6 0 6 6 6 6 0 1 1 0 1 1 6 6
split_gain=950141 79889.2 66458.6 15894 9589.11 7254.46 7006.88 4510.42 4057.37 3441.73 2230.8 1975.34 1477.69 1295.22 1176.51 1019.38 812.468 805.025 740.765 704.441 688.335 680.029 665.239 625.374 561.278 536.998 534.003 521.829 459.195 445.655 433.489 419.559 394.007 362.524 363.267 350.794 349.421 347.921 339.565 273.871 273.759 426.81 260.211 357.474 257.299 231.483 230.569 224.308 197.496 191.066 395.927 186.631 186.579 183.687 182.652 180.973 180.957 264.131 179.249 174.043 169.379 206.798 164.575 170.095 153.661 153.528 225.979 188.275 151.39 157.158 151.063 178.086 223.887 156.524 150.666 150.629 176.467 146.431 267.702 208.683 146.191 144.799 143.114 140.911 137.864 238.373 137.133 136.206 223.64 186.064 137.53 135.56 133.938 132.033 131.682 131.291 152.642 130.082 128.514 127.959 333.103 149.215 229.798 127.029 125.695 137.536 123.005 121.305 121.156 132.403 119.907 118.599 118.277 169.461 169.181 133.162 118.166 117.758 150.62 116.624 154.575 145.113 133.03 170.797 121.127 120.631 153.295 114.93 114.57 114.465 112.209 111.984 137.899 131.566 125.912 122.088 119.996 183.941 211.531 160.838 346.686 147.784 140.118 163.577 139.114 110.016 151.619 151.224 109.5 109.2 108.689 108.464 106.565 200.869 123.851 305.267 105.382 182.996 104.244 136.892 131.251 103.796 103.457 102.558 123.526 175.738 156.667 102.221 101.995 101.517 100.865 170.399 100.58 202.034 123.061 113.388 133.263 233.691 189.512 108.452 114.093 173.16 150.279 137.115 122.153 115.426 108.327 105.16 176.428 100.232 98.5448 98.3897 96.5873 95.0412 112.346 95.0148 94.9305 110.075 110.783 94.5769 94.5483 93.6346 92.6825 92.5898 90.2846 192.551 108.089 98.456 90.226 90.1425 172.763 107.044 192.123 107.571 89.6038 100.623 142.313 88.9565 123.85 87.7456 87.4628 87.3947 126.027 86.876 86.7217 125.692 107.205 86.343 90.448 85.9117 204.771 162.609 226.726 95.8036 90.3266 85.9116 100.525 85.8601 123.187 92.5166 84.8927 84.5374 83.4235 163.747 91.3735 88.119 211.304 91.5309 208.788 160.808 133.27 83.4061 104.223 114.257
threshold=803.35000000000002 119.84000000000002 3492.9750000000004 6.5000000000000009 16.500000000000004 9.5000000000000018 6669.4150000000009 516.50000000000011 374.80500000000006 1955.8800000000003 1379.1500000000003 4.5000000000000009 2.5000000000000004 54.500000000000007 1.5000000000000002 87.500000000000014 14765.125000000002 8.5000000000000018 19.500000000000004 1234.0700000000004 3.5000000000000004 399.03000000000003 1.0000000180025095e-35 55.500000000000007 257.02500000000003 3.5000000000000004 1.5000000000000002 101.50000000000001 65.500000000000014 2824.0100000000007 3.5000000000000004 1.0000000180025095e-35 9.5000000000000018 30.500000000000004 20.500000000000004 2493.0450000000005 12.500000000000002 227.02000000000001 69.905000000000015 19.500000000000004 67.500000000000014 56.940000000000005 2.5000000000000004 17.500000000000004 162.50000000000003 122.50000000000001 4.5000000000000009 485.49500000000006 70.500000000000014 1292.3900000000001 4.5000000000000009 2.5000000000000004 4.5000000000000009 60.500000000000007 46.500000000000007 30.500000000000004 2204.0900000000006 38.500000000000007 20.500000000000004 13.500000000000002 3.5000000000000004 17.905000000000005 4.5000000000000009 5.5000000000000009 9.5000000000000018 2.5000000000000004 2.5000000000000004 16.500000000000004 101.50000000000001 4.8900000000000015 336.50000000000006 21.500000000000004 195.50000000000003 28.500000000000004 53.500000000000007 7.5000000000000009 501.50000000000006 38.500000000000007 67.500000000000014 13.500000000000002 1.5000000000000002 77.735000000000014 2.5000000000000004 2.5000000000000004 3.5000000000000004 1.0000000180025095e-35 437.13000000000005 20.500000000000004 31.500000000000004 16.500000000000004 148.02500000000003 1.5000000000000002 2.5000000000000004 44.500000000000007 199.00500000000002 7.5000000000000009 3.5000000000000004 209.00500000000002 27.910000000000004 78.500000000000014 90.500000000000014 73.500000000000014 50.500000000000007 84.905000000000015 17.500000000000004 8.5000000000000018 67.500000000000014 274.94500000000005 20.500000000000004 84.500000000000014 19.500000000000004 708.94500000000005 17.500000000000004 47.500000000000007 1.0000000180025095e-35 10.500000000000002 7.5000000000000009 150.03500000000003 159.00500000000002 40.500000000000007 28.500000000000004 117.50000000000001 47.500000000000007 87.500000000000014 23.500000000000004 133.50000000000003 33.500000000000007 77.500000000000014 10.500000000000002 232.24500000000003 62.500000000000007 2.5000000000000004 79.500000000000014 626.35000000000002 26.500000000000004 455.94000000000005 626.35000000000002 42.500000000000007 55.500000000000007 45.500000000000007 49.500000000000007 68.500000000000014 408.54500000000007 1.5000000000000002 507.05000000000007 66.500000000000014 27.500000000000004 427.31500000000005 22.500000000000004 8.5000000000000018 155.80500000000004 446.34000000000009 67.500000000000014 25.500000000000004 874.62000000000012 856.54000000000008 485.49500000000006 51.500000000000007 136.49000000000004 314.04500000000002 19.500000000000004 19.500000000000004 10.500000000000002 98.500000000000014 76.500000000000014 50.500000000000007 771.02500000000009 1.5000000000000002 190.50000000000003 17.500000000000004 69.010000000000005 88.02500000000002 91.500000000000014 87.500000000000014 13.500000000000002 9.5000000000000018 31.500000000000004 33.215000000000011 6.5000000000000009 22.500000000000004 28.500000000000004 25.500000000000004 23.905000000000005 37.500000000000007 44.500000000000007 40.500000000000007 79.995000000000019 77.735000000000014 45.940000000000005 708.94500000000005 1.0000000180025095e-35 18.500000000000004 7.5000000000000009 155.80500000000004 18.500000000000004 28.500000000000004 94.500000000000014 3.5000000000000004 93.500000000000014 17.500000000000004 6.5000000000000009 7.5000000000000009 75.500000000000014 12.500000000000002 6.5000000000000009 6.5000000000000009 8.5000000000000018 79.995000000000019 47.500000000000007 37.500000000000007 26.500000000000004 33.500000000000007 24.500000000000004 9.5000000000000018 14.500000000000002 2.5000000000000004 7.5000000000000009 738.23500000000013 667.55000000000007 78.500000000000014 19.500000000000004 8.5000000000000018 24.500000000000004 1.5000000000000002 117.50000000000001 131.50000000000003 20.500000000000004 4.5000000000000009 14.500000000000002 48.500000000000007 39.500000000000007 8.5000000000000018 1.5000000000000002 11.500000000000002 16.500000000000004 72.500000000000014 76.500000000000014 3.5000000000000004 1.0000000180025095e-35 44.500000000000007 588.29000000000008 13.500000000000002 336.62500000000006 374.80500000000006 358.02500000000003 708.94500000000005 2.5000000000000004 37.500000000000007 31.500000000000004 3.5000000000000004 42.500000000000007 31.500000000000004 446.34000000000009 588.29000000000008
decision_type=2 2 2 2 2 2 2 2 2 2 2 2 2 2 2 2 2 2 2 2 2 2 2 2 2 2 2 2 2 2 2 2 2 2 2 2 2 2 2 2 2 2 2 2 2 2 2 2 2 2 2 2 2 2 2 2 2 2 2 2 2 2 2 2 2 2 2 2 2 2 2 2 2 2 2 2 2 2 2 2 2 2 2 2 2 2 2 2 2 2 2 2 2 2 2 2 2 2 2 2 2 2 2 2 2 2 2 2 2 2 2 2 2 2 2 2 2 2 2 2 2 2 2 2 2 2 2 2 2 2 2 2 2 2 2 2 2 2 2 2 2 2 2 2 2 2 2 2 2 2 2 2 2 2 2 2 2 2 2 2 2 2 2 2 2 2 2 2 2 2 2 2 2 2 2 2 2 2 2 2 2 2 2 2 2 2 2 2 2 2 2 2 2 2 2 2 2 2 2 2 2 2 2 2 2 2 2 2 2 2 2 2 2 2 2 2 2 2 2 2 2 2 2 2 2 2 2 2 2 2 2 2 2 2 2 2 2 2 2 2 2 2 2 2 2 2 2 2 2 2 2 2 2 2
left_child=1 4 5 12 14 10 17 20 13 19 26 23 18 25 38 33 -13 -4 52 39 44 46 -12 51 -14 32 59 35 42 83 95 -9 -5 34 62 56 204 74 60 -7 45 -42 77 -44 103 54 167 -36 -25 -30 -51 -8 82 84 68 -23 -11 -58 195 -2 -1 -62 63 -10 129 67 -67 223 172 -70 71 116 73 -73 87 76 128 -21 -79 -80 -43 203 162 110 85 -15 190 97 89 94 -91 -18 -83 192 -89 96 -16 112 -98 101 -101 102 106 161 105 163 158 -108 -41 152 -24 145 113 114 -27 193 -46 -90 -119 120 -103 124 -121 -124 214 -123 -127 -19 200 -39 -74 133 134 135 136 -35 139 -138 -139 142 -141 151 -133 144 -144 146 196 -148 -96 -66 -34 -142 154 -154 155 220 157 -136 -86 -160 -161 -6 -3 164 165 166 -49 -20 169 -118 -56 -172 173 175 -174 176 178 -178 -22 202 183 182 -182 187 -185 -184 -183 188 -181 -135 -84 -52 -75 241 -195 -45 197 -17 -199 -176 -72 -26 -177 -38 206 -206 207 -32 -187 211 -211 213 -213 221 215 -122 -217 218 -65 -81 -110 222 -131 -33 226 -226 -200 -40 -229 230 233 232 -231 -120 -232 -170 -237 238 -57 -240 -239 -116 -203 244 -244 246 -245 248 249 -248 -249 252 -145 -254
right_child=2 3 6 8 7 9 11 31 15 27 22 16 24 53 30 111 91 127 21 28 40 55 29 48 201 37 -28 -29 49 -31 36 65 150 131 47 -37 81 64 227 108 41 80 43 58 70 -47 -48 104 -50 50 191 -53 -54 -55 170 237 57 -59 -60 -61 61 -63 -64 217 149 66 -68 -69 69 -71 75 72 130 93 -76 -77 -78 78 79 219 -82 92 86 -85 99 -87 -88 88 117 90 -92 -93 -94 -95 148 -97 98 -99 -100 100 -102 119 -104 -105 -106 -107 107 -109 109 -111 -112 -113 -114 -115 115 -117 168 118 229 122 121 125 123 -125 -126 126 -128 -129 -130 209 -132 132 -134 189 156 -137 137 138 -140 140 141 -143 143 251 -146 -147 147 -149 -150 -151 -152 -153 153 -155 -156 -157 -158 -159 159 160 -162 -163 -164 -165 -166 -167 -168 -169 235 -171 171 -173 174 -175 199 179 177 -179 -180 180 181 186 185 184 -186 208 -188 -189 -190 -191 -192 -193 -194 194 -196 -197 -198 198 224 -201 -202 242 -204 -205 205 -207 -208 -209 -210 210 -212 212 -214 -215 -216 216 -218 -219 -220 -221 -222 -223 -224 -225 225 -227 -228 228 -230 231 234 -233 -234 -235 -236 236 -238 240 239 -241 -242 -243 243 245 -246 -247 247 250 -250 -251 -252 -253 253 -255
leaf_value=0.043889987445644908 0.071577920940751591 0.068526454441446213 0.072676243660618714 0.040326158727321454 -0.00034221478498049947 0.044930373490950901 0.074466073266560365 -0.0081476964342842313 0.057455260867874544 0.057482331032676165 0.068654196858379576 0.07814724920568443 0.027806133429623316 0.034011891816750336 0.025821772841176 0.00029446003363731518 0.082122013134319327 0.066908473855705225 0.037082041897936492 0.058426883435254172 0.024136502162838511 0.058057668530295557 0.071852085140075864 0.060172357151692404 0.055749952023907853 0.046838287669796475 0.050380125147639107 0.025090614579591428 0.05449489849723535 0.066816548276021639 0.033660320374776988 0.0092880859470267536 -0.010131152049962747 0.0085529252560225984 0.025957290079699345 0.061116787940270666 0.022983001073803952 0.045418168470415757 0.06399495619001698 0.018277593353789517 -0.00021801322641865108 0.053444182262351085 0.028639501982080637 0.053229244746356513 0.0093168341045804844 0.023771064471668036 0.053504835731029987 0.039655367125251119 0.030013741946425251 0.0024980888103608777 0.023471094173422809 0.066833950966203148 0.069019595487024396 -0.0012895371936144512 -0.00901300565676574 0.051102864582427618 0.051620045729026523 0.031454142359286459 0.057010668106633543 0.05756854716709088 0 0.028401535632416409 0.064499120693599435 0.037892515904189336 0.033585117039038985 -0.0020248089184010604 -0.00560469258523237 -0.0070365395985044731 0.019656901425660036 0.0031438437526638534 0.0055900443245514046 -0.0011042115949002726 -0.0029669787861671725 0.035148325950813623 0.042288144546443168 -0.0018672099742251119 0.02172548704863245 0.042844664897474766 0.035975520895072499 0.070894399943805503 0.020101766783022969 0.031146342929884004 0.053122244987384555 0.05759135871766298 0.028303493034305866 0.0032312272993952479 0.060059129077856759 -0.00045228832449997801 0.028345074530810904 0.038248121276795145 0.011570004457967025 0.079981342102343617 0.0080091364109598148 0 0.02770571275234103 0.0033166436952271274 0.019453692899015537 0.0088670391854688783 -0.0013424514393520729 0.040065145863769525 0.010740450935834421 0.0095384655035160755 0.042284154553711435 0.0058784005102661295 0.044442821440162553 0.026940456534511329 0.029050114821516301 0.0064917492825487724 0.019091514081109734 0.029067447139206073 0.061309328061018235 0.02956983604922615 0.033414679779099565 -0.00062852001362822564 0.0016961070451485688 0.015085864141780529 -0.0041252781070972517 -0.0046706863247947851 0.027697398968930049 -0.0080157087502373946 0.033532302869543951 -0.0096085489637378306 0.032159130976032103 -7.2753227579053746e-05 0.0045893967305904509 0.030673341268622725 -0.0031509813795172815 0.050962895504984597 0.00071467831218034305 0.010620324911174006 0.017463017952745245 0.031700318414659763 0.044642487527491399 -0.0048935450449713522 0.049195979265263423 0.033076935373421448 0.036701952774107038 0.028714066237344765 -0.0043176481697100987 0.055725168741312003 0 0.043162394916900368 -0.0099227266413453256 0.0029805001565074052 0.016322977017125723 0.033953087955718157 0.02112223406179321 -0.0022175042676114065 0.00054271977034235587 0.020654666817478594 0.0061953336132141226 0.023261250316735597 0.028718116177868264 0.05733998545010148 0.039369235349847403 0.0060260678007627412 0.02895171777220416 0.027396101873951785 0.0063193431520736035 0.037256707602571167 0.0076609541506548317 -0.0064551489716063335 0.053729730102230235 0.016243175968840985 0.049367958491934608 0.025883062779273245 0.015486955396607943 0.02483489267260677 0.0034155974481208753 0.015460146280258824 0.020688185930281319 -0.006986171320335197 0.0030118880555630007 -0.008156629437342024 0.035140828687723141 0.0062380304942511976 0.036578230332793109 0.011150042225647019 0.00073856550672284267 0.013951949951192897 0.019963560487934781 0.0092620679424593316 -0.0064296275940705838 -0.0095838256314072796 0.013158136931211371 0.020960870997886152 0.038962964392363048 0.0093722762289876332 0.046471960902479126 0.019519881784295735 0.040532238768366972 0.042780171399465543 0.0099675381388436412 0.047480924109188742 0.022710278201128888 0.043079044207047543 0.0019783937417452574 0.0036510910438426621 0.018871388381512696 0.015152500282916637 0.025710235152641484 0.047986033043730336 -0.0040759916500202669 0.0018554441960791474 0.0026218683536208117 0.031606657178618963 0.025353225049259655 0.057683917087464551 0.002701174280377432 0.037557898494636144 0.022422548815447311 0.041711128832586777 0.017251129265106215 0.017307009517318853 0.045218387115155745 -0.00082814299878520019 0.028611537151246466 0.050982501591006549 0.019991493293545947 0.053156023918549247 0.039261292297182254 0.040793059867649098 0.036257019531985388 0.00033129001430133148 0 0.023940194452886924 0.041948870691478089 0.030436757892054783 0.049390955965610842 0.033095367139726814 0.014151740316224971 0.046389278610322708 0.00041470764937419894 0.0052327160994763136 -0.009942979436864726 0.024523413111416991 0.0069928627505207721 0.041455392365565134 0.04581316615163044 0.031278050871821408 0.059235208740276393 0.026385050892788777 0.032454418918900642 0.047171563332119623 0.0093131831824096092 0.048415012396711199 0.045517993417521836 0.056068125024458182 0.0095201680740077434 0.027176346519540779 0.034258133155386172 0.028379129161279121 0.023798757675438261 0.00069485694719278361
leaf_weight=63.155220326036215 144.15265654027462 175.06147424131632 9174.6272203400731 28.500044267624617 600.33623061701655 770.91541728004813 3086.9777766913176 3195.3018422052264 59.30932130664587 646.35083905979991 2553.6243146285415 14082.566812716424 374.97686872631311 25.904862333089113 78.648369364440441 27.116402104496956 17350.253462843597 3230.2979054525495 353.12254878506064 417.20754092186689 47.13238937035203 361.10135552287102 201.4128682538867 54.606328159570694 67.821260631084442 27.711443554610014 1843.930693347007 54.196170318871737 38.399204757064581 1786.1182039231062 67.86806370690465 122.73126179352403 54.229661796241999 30.560100335627794 452.52791544422507 1787.4028718024492 342.45073409751058 44.981354773044586 37.36778961122036 40.826351314783096 45.313900012522936 34.311481602489948 127.42371603474021 171.71281632035971 617.70828163251281 79.103084601461887 82.081833228468895 454.39697801321745 51.063527069985867 45.122180853039026 52.472472723573446 636.89190933853388 171.92852865159512 99.689642034471035 110.18420700356364 195.15882093459368 457.57074754685163 93.075792670249939 200.7311252951622 1202.3787623643875 29.60717373713851 164.0673119276762 35.058484300971031 407.71139370277524 81.971389599144459 2604.4226104952395 5546.5831251107156 350.46585013344884 59.564329996705055 1017.2546003609896 84.388378746807575 66.013085294514894 686.06553969532251 42.121487971395254 27.382422141730785 1022.9087134562433 50.890016030520201 360.34865843504667 50.951772198081017 100.12844426184893 28.480145167559385 27.774381842464209 196.25536135211587 1810.5663388371468 33.956072356551886 276.71739576756954 178.89442660659552 166.62660273909569 132.81071035191417 29.802974797785282 60.910431999713182 9650.5214449539781 196.69715282320976 28.369743805378675 34.486428994685411 186.51972407475114 49.67501625418663 69.575045064091682 67.454845108091831 62.166990667581558 106.67891729995608 792.77283349260688 33.195172559469938 176.18317994847894 140.86290697008371 301.23490673676133 99.383101731538773 34.580686293542385 34.578056376427412 199.88144740462303 2562.4941723421216 71.069125700742006 113.82715940847993 31.784160472452641 23.793718457221985 196.09936359524727 215.90307135879993 28.697865951806307 78.74165016785264 67.178685922175646 50.649458851665258 26.522765498608351 23.491875275969505 44.549049749970436 29.034391734749079 28.163476087152958 22.615567162632942 85.536150373518467 543.31265193596482 49.080289721488953 25.888930078595877 103.84496947750449 65.091788366436958 29.373823571950197 101.32104806229472 82.776935290545225 232.50830771028996 60.848416544497013 26.64408927038312 46.972744356840849 28.906964652240276 26.869558833539486 33.771914172917604 43.848096635192633 43.999237772077322 29.350119467824697 37.168347429484129 92.248959772288799 26.444824211299419 613.67594728991389 144.99645119532943 61.884827185422182 45.233304511755705 91.134433008730412 982.85215305536985 44.51818411052227 290.03104055672884 83.417150519788265 243.71561258658767 30.444115094840527 32.210895568132401 521.29239353910089 170.29643845558167 32.669304445385933 80.325724385678768 191.98259422928095 33.646936077624559 115.38951068744063 1141.6864941492677 28.026762057095766 37.786375511437654 48.141816839575768 55.328510873019695 71.902917433530092 35.371269751340151 720.2515642605722 57.131888676434755 104.76468551531434 120.84162284806371 36.110436644405127 48.8375981785357 29.562561493366957 114.24442071095109 26.256682764738798 141.11925324425101 32.546667698770761 23.131793890148401 37.067020568996668 36.057124223560095 34.01624309271574 184.77016574889421 99.090713433921337 28.523977477103472 40.68738915771246 49.233491845428944 730.77604975551367 35.595242734998465 31.005821097642183 45.364873807877302 94.196343649178743 32.333035744726658 221.61571227386594 96.468932434916496 23.566251836717129 33.647264707833529 78.659725524485111 75.418798379600048 36.539821684360504 137.49956836923957 228.4421564117074 138.04936277866364 89.519336756318808 59.115639422088861 240.61360801383853 25.845009047538042 32.466664988547564 29.748452857136726 60.703882314264774 53.533527348190546 121.15869438648224 149.42012950405478 46.180387552827597 34.390476681292057 844.8080461807549 29.132443498820066 83.012358382344246 51.02935579046607 58.230223685503006 98.349869690835476 44.068593434989452 23.286048412322998 27.967323359102011 40.6322963796556 27.769637014716864 38.315654497593641 33.472755771130323 646.78343012556434 69.028623953461647 115.44462221115828 126.57770162075758 152.30563139170408 35.817057531327009 55.41772586107254 235.22126848250628 29.278219573199749 180.65302976965904 85.982178337872028 49.002266272902489 44.1316147595644 156.94588939100504 128.48981720209122 116.72856380417943 154.86756497621536 25.968326147645712
leaf_count=528 583 792 25931 297 9732 6169 7863 57079 450 3801 9692 25841 4252 295 944 405 19622 12203 3340 2576 601 2185 743 255 503 247 12895 542 282 6947 744 1949 900 390 5002 8858 4411 427 207 435 714 316 1252 1176 9466 1058 490 4156 415 553 594 2420 684 1506 1859 1410 2915 796 1301 6883 439 1870 193 3974 926 44052 97384 6130 845 15939 1344 1082 11435 531 290 17069 733 2710 401 453 374 296 1443 10269 415 4293 1056 2490 1591 325 829 13504 2783 455 403 2859 681 962 1050 694 1518 11337 333 2711 1243 3189 1220 489 396 2121 12509 772 1305 484 344 2622 3614 438 933 1080 575 429 262 675 417 337 352 540 8928 620 371 1143 563 401 939 821 2286 625 367 372 402 249 491 611 514 296 457 1348 388 7597 2109 698 481 666 8594 549 3161 980 3518 322 437 8876 1107 365 623 2019 372 1249 18304 408 512 778 867 1204 438 10797 696 1542 1893 512 681 430 1851 433 2024 433 258 528 382 367 1651 843 430 402 636 5494 570 435 569 1344 450 1874 1572 364 501 958 914 278 2132 2287 1623 873 735 2947 267 495 365 479 587 767 1359 448 344 14128 424 1003 525 595 850 464 297 272 595 393 611 455 10062 523 907 1163 856 445 548 1855 355 1359 726 355 529 1643 1216 1294 1821 361
internal_value=0.0520301 0.0116518 0.0722739 0.0304146 0.00068291 0.0565696 0.0777481 -0.0010344 0.0235288 0.0490807 0.0614558 0.0796056 0.0465615 0.0177153 0.0234673 0.0305041 0.080265 0.0710566 0.0512293 0.0438173 0.00394253 0.0466261 0.0640632 0.0724911 0.0389184 0.0217797 0.0541318 0.057487 0.0475985 0.0621975 0.0184566 -0.00501151 0.00683845 0.0322296 0.034901 0.0580548 0.0223183 0.0229043 0.0373619 0.0397447 0.0075088 0.0230963 0.0490125 0.0455187 0.00203183 0.00699963 0.0372838 0.0323652 0.0465197 0.0335428 0.0288945 0.0732 0.0578311 0.0118659 0.00658529 0.0515783 0.0533799 0.0483557 0.0474039 0.0591797 0.0292768 0.0240606 0.0417016 0.0400929 0.026083 -0.00395066 -0.00446285 -0.000773547 0.00717033 0.00410128 0.00301053 0.00418919 0.000264048 0.0106961 0.0191096 0.000582251 0.00411602 0.0530043 0.0492393 0.0572929 0.0395629 0.0177433 0.0555477 0.0603633 0.0124806 0.00610493 0.0515845 0.0185699 0.0156365 0.00909957 0.0210787 0.0813633 0.0111659 0.0185284 0.00413862 0.00944519 0.0151408 0.022278 0.00757182 0.0135108 0.0219386 0.012633 0.0172177 -0.00195153 0.0346591 0.0333117 0.0152721 0.0234817 0.0371684 0.037636 0.0621326 0.0173503 0.0240158 0.0211993 0.0230777 0.0208854 0.00546704 0.0202558 0.0165925 0.0106152 0.0117533 0.0187431 0.00176282 0.0115134 0.0239586 0.00698079 0.0158709 0.0665311 0.00268166 0.0288586 -0.00216323 0.0286179 0.0295249 0.0203783 0.0287951 0.026814 0.0265797 0.0319498 0.0186715 0.0239808 0.0328786 0.0228954 0.0210464 0.0182453 0.00483746 0.0153254 0.0138851 0.00462896 0.0164675 0.0222846 0.00164502 0.0159886 0.0388544 0.0484707 0.0376856 0.0301219 0.033345 0.0398048 0.011893 0.00986997 0.0229039 -0.00319862 0.0616103 0.0356455 0.0364212 0.0347369 0.0380796 0.0342053 0.00430319 -0.00172689 -0.00271719 0.00526348 0.00875974 0.0080407 0.0158566 0.00869831 0.0140416 0.0205213 0.00756945 0.00748259 0.0105034 0.00688453 0.00411315 0.0154295 0.00946047 0.00123487 0.023431 0.0241512 0.0311498 0.00825054 0.0472866 0.0365531 0.0256733 0.0281256 0.0348165 0.0451348 0.017759 0.0197978 0.0219434 0.0211365 0.011587 0.0421822 0.00500057 0.0216673 0.0313482 0.0232081 0.0360658 0.0430881 0.00645722 0.0279055 0.0320365 0.0248569 0.0324074 0.0216412 0.0278189 0.0230296 0.0135455 0.0378892 0.0359317 0.0617902 0.0357707 0.0292236 0.021901 0.00149458 0.0245552 0.0177972 0.0317942 0.0476092 0.0428779 0.0188188 0.0138678 0.0257482 0.0179045 0.022137 -0.000519108 0.00511701 0.00793949 0.0478451 0.0443952 0.0385709 0.0541558 0.0170677 0.0413059 0.0396656 0.0249695 0.0410082 0.0389493 0.0345802 0.0303865 0.0340277 0.0408928 0.0212245 0.0172458 0.0205796
internal_weight=116239 38817.3 77421.5 14319.2 24498.2 20018.2 57403.3 22782.5 10042.2 7913.48 12104.7 44912.9 4276.95 5481.9 1715.7 4560.31 41083.3 12490.5 2647.42 4874.88 10118.2 1570.21 8914.22 3829.54 1629.54 3230.22 3190.46 3038.6 2515.52 6360.59 1264.92 12664.3 227.726 4028.22 2303.96 2984.4 882.622 3002.49 450.778 2359.36 3525.96 108.106 2280.44 1230.64 6592.21 3417.86 550.594 1687.65 105.67 235.085 196.685 3723.87 1077.21 2251.68 3338.75 1019.62 1197 550.647 1103.22 1346.53 256.83 193.674 616.317 581.258 1626.02 9469.01 8151.01 1318.01 3142.64 1076.82 5294.4 3560.56 876.983 165.028 1376.47 1733.83 710.924 1049.8 632.588 272.239 62.7916 590.489 905.278 4574.47 2151.99 302.622 559.92 1349.09 760.561 318.271 90.7134 27000.8 224.472 99.0152 227.558 382.298 195.778 588.529 117.13 1849.37 168.846 1680.52 507.486 1297.81 1235.12 1094.26 474.29 133.964 1588.44 1547.62 2763.91 532.093 518.954 405.127 373.342 345.631 2683.58 442.29 309.479 1173.04 1037.82 245.046 135.22 68.0409 167.744 77.3018 50.779 3315.83 660.034 930.373 711.954 1724.25 1547.52 176.727 1482.43 113.337 1007.66 320.001 87.4925 687.663 164.634 117.661 523.029 419.184 77.7712 461.024 431.674 129.417 60.9313 695.647 199.226 90.7918 1347.74 136.368 1211.37 228.516 474.769 184.738 340.327 306.371 62.655 1121.63 345.358 793.022 760.352 680.027 488.044 468.512 2065.87 243.93 196.112 85.9282 2065.82 1880.93 184.896 1809.02 329.871 161.897 167.974 1479.15 662.433 385.823 333.128 276.611 167.376 284.291 52.6944 109.235 72.1676 63.3901 381.026 151.563 70.6455 149.532 89.9209 902.489 302.256 266.661 239.545 129.568 116.721 1254.56 816.72 366.017 292.134 112.307 179.827 104.408 170.046 885.391 366.492 518.9 148.635 370.265 138.71 112.865 62.2151 521.949 461.245 221.287 183.998 129.651 83.4708 967.539 208.539 112.145 96.3942 193.948 156.58 280.781 168.113 112.668 84.7009 106.511 61.6017 1821.94 680.256 658.515 437.181 242.022 221.334 59.6108 1186.74 965.122 84.6959 880.426 699.773 464.552 287.06 242.928 177.492 341.413 224.684 180.836
internal_count=780575 555376 225199 153913 401463 116605 108594 380191 119842 56084 60521 69920 34071 71530 21272 48312 58967 38674 18856 39172 159469 12123 40160 10953 15215 39899 20361 16912 18402 30468 16783 220722 3306 41508 22652 16370 11249 36593 4489 20770 53013 1404 16130 9223 106456 51609 5079 16969 670 2272 1990 10283 6733 31631 50551 7044 7512 3711 7971 7466 2837 2309 5683 5490 18827 163643 141436 22207 47402 16784 85137 56613 14304 2498 17766 28524 11455 6907 4331 1621 690 7854 6049 23521 30125 4588 4150 17476 10029 4435 1154 33126 3079 1416 3281 5534 2675 7447 1731 25537 2212 23325 6734 21319 11967 10724 6401 1709 14601 14166 13252 6804 6485 5180 4696 4449 42309 5594 4003 16591 14574 3237 2017 937 2119 1118 689 12743 10722 10304 11806 18856 16877 1979 16314 1211 11234 3278 992 7956 1721 1349 6235 5092 1005 6032 5736 1805 791 8523 3009 1100 12045 1147 10898 2304 5080 1919 4692 4277 759 18608 1899 7535 7170 6547 4528 4589 32843 4022 3149 1290 30618 27969 2649 26765 4732 2238 2494 22033 9664 5785 5097 3879 2457 4416 688 1422 894 768 3094 1437 961 1827 1038 6670 3931 3361 2956 1782 1794 10963 12369 4775 3395 1459 1936 1022 2565 9877 3910 5967 1608 4359 1702 1435 860 5040 4561 1220 1755 1412 964 16077 2521 1427 1094 1652 1445 3565 2234 1331 1059 1326 908 28821 10517 4859 3480 2070 1379 789 10460 8586 903 7683 6324 4469 2898 2369 1571 4087 2793 2182
is_linear=0
shrinkage=0.01


Tree=7
num_leaves=255
num_cat=0
split_feature=2 4 2 4 4 7 2 4 4 7 4 4 4 2 4 2 2 4 2 1 7 4 4 1 2 0 1 4 1 4 4 1 1 1 2 4 2 1 4 2 1 4 2 1 2 4 1 2 4 2 1 4 1 1 2 4 4 4 1 4 1 3 3 3 1 1 4 1 1 3 2 3 3 1 2 1 1 2 1 1 3 4 4 3 2 3 4 3 4 1 3 1 3 0 2 3 1 3 1 2 2 4 0 4 1 2 4 0 1 4 3 1 4 3 2 2 0 1 2 3 4 1 3 2 3 4 2 3 4 0 0 3 2 3 3 3 1 4 4 2 4 3 1 2 2 4 1 2 3 1 1 3 3 0 1 2 1 2 2 2 1 3 1 1 7 0 1 3 3 3 4 2 4 2 4 0 1 1 3 1 2 0 1 2 4 3 2 1 4 2 3 3 4 0 1 1 3 4 3 1 2 3 2 4 3 3 1 1 2 0 0 2 0 0 3 1 3 3 4 4 3 3 2 3 0 3 1 2 4 0 4 1 4 4 4 2 3 0 1 0 0 1 2 0 2 0 3 3 3 4 2 1 0 2
split_gain=747971 105285 62853.7 15875.2 15475.1 14152.4 8319.47 5682.74 3922.79 3161.82 2450.91 2351.6 2090.68 2002.73 1918.07 1859.02 1579.22 1241.27 962.834 962.137 933.246 913.443 908.307 862.893 823.672 693.468 682.754 598.964 571.508 560.1 538.018 524.116 523.561 487.011 467.947 463.883 445.731 436.79 428.489 424.842 391.9 359.244 353.145 350.548 330.14 328.334 312.955 422.244 306.044 303.762 316.205 292.413 292.091 286.729 325.654 268.419 286.471 267.025 264.295 290.531 250.724 249.639 236.374 234.741 230.234 227.97 226.873 223.631 267.243 257.223 222.132 221.035 220.186 216.591 350.868 297.992 212.607 212.523 292.667 209.745 276.567 230.335 205.82 234.305 205.797 264.507 202.71 202.47 202.171 201.521 197.291 196.838 195.9 255.185 200.639 195.073 193.76 213.603 193.348 189.037 184.064 183.832 182.124 394.704 384.179 180.666 178.816 177.95 176.598 175.893 174.249 173.268 172.821 172.609 172.056 171.569 188.273 246.759 193.076 171.154 178.866 171.018 170.957 170.834 167.814 167.118 162.707 318.91 198.962 158.896 155.85 175.778 179.904 153.653 221.316 154.976 152.939 152.648 230.959 151.814 148.512 147.815 173.43 157.377 192.94 147.762 143.545 142.861 142.354 141.435 140.811 140.227 139.73 139.424 205.228 407.999 136.783 178.02 135.303 168.628 159.703 166.56 134.917 162.426 133.216 132.966 131.952 130.347 128.38 183.734 142.189 128.344 128.102 128.082 205.423 213.299 127.607 127.075 196.731 125.762 124.287 123.997 123.221 122.341 172.528 142.893 122.179 121.997 121.897 120.339 160.937 119.374 118.09 117.716 144.193 115.416 186.271 115.082 113.869 113.787 138.082 206.162 113.694 112.558 111.793 111.13 158.287 110.044 144.764 109.424 130.999 120.637 113.307 109.377 108.137 107.375 237.049 207.905 110.119 131.641 106.635 143.154 106.407 104.411 103.198 103.081 141.397 125.822 102.147 100.988 100.102 99.8827 99.775 279.024 126.515 98.6789 144.671 98.3593 98.0987 97.5283 96.9593 95.9727 95.7069 95.9065 153.968 95.576 181.212 94.1647 189.954 92.98 101.737 261.068 126.054 108.863
threshold=3676.7850000000003 35.500000000000007 10241.440000000001 15.500000000000002 2.5000000000000004 3.5000000000000004 20116.000000000004 89.500000000000014 8.5000000000000018 3.5000000000000004 1.5000000000000002 15.500000000000002 16.500000000000004 7242.4750000000013 623.50000000000011 5442.0850000000009 2599.5100000000007 64.500000000000014 55344.990000000013 26.500000000000004 3.5000000000000004 87.500000000000014 58.500000000000007 39.500000000000007 1011.1950000000002 11.500000000000002 40.500000000000007 1.0000000180025095e-35 42.500000000000007 6.5000000000000009 7.5000000000000009 3.5000000000000004 44.500000000000007 18.500000000000004 1469.7450000000001 99.500000000000014 1244.0700000000002 50.500000000000007 2.5000000000000004 5861.3050000000012 85.500000000000014 1.5000000000000002 9079.6700000000019 12.500000000000002 1950.1700000000003 28.500000000000004 34.500000000000007 1353.325 10.500000000000002 551.68500000000006 18.500000000000004 199.50000000000003 6.5000000000000009 33.500000000000007 7242.4750000000013 341.50000000000006 600.50000000000011 29.500000000000004 13.500000000000002 172.50000000000003 19.500000000000004 239.50000000000003 61.500000000000007 125.50000000000001 9.5000000000000018 48.500000000000007 188.50000000000003 29.500000000000004 60.500000000000007 45.500000000000007 1989.6000000000001 54.500000000000007 179.50000000000003 39.500000000000007 2599.5100000000007 8.5000000000000018 10.500000000000002 1989.6000000000001 17.500000000000004 38.500000000000007 73.500000000000014 24.500000000000004 107.50000000000001 195.50000000000003 367.72000000000008 25.500000000000004 17.500000000000004 22.500000000000004 73.500000000000014 21.500000000000004 157.50000000000003 15.500000000000002 55.500000000000007 38.500000000000007 1591.4150000000002 245.50000000000003 91.500000000000014 340.50000000000006 17.500000000000004 16281.775000000003 431.82500000000005 156.50000000000003 69.500000000000014 87.500000000000014 7.5000000000000009 12956.745000000001 78.500000000000014 122.50000000000001 23.500000000000004 21.500000000000004 50.500000000000007 5.5000000000000009 6.5000000000000009 54.500000000000007 1033.4150000000002 1469.7450000000001 4.5000000000000009 34.500000000000007 3221.4250000000006 78.500000000000014 25.500000000000004 72.500000000000014 28.500000000000004 431.82500000000005 135.50000000000003 49.500000000000007 2492.2050000000004 45.500000000000007 237.50000000000003 8.5000000000000018 2.5000000000000004 2.5000000000000004 74.615000000000009 17.500000000000004 32.500000000000007 55.500000000000007 27.500000000000004 101.50000000000001 97.500000000000014 647.15500000000009 203.50000000000003 209.50000000000003 62.500000000000007 3521.6800000000007 3370.2700000000004 1.0000000180025095e-35 6.5000000000000009 302.16500000000008 50.500000000000007 14.500000000000002 27.500000000000004 10.500000000000002 46.500000000000007 2.5000000000000004 6.5000000000000009 339.09500000000008 42.500000000000007 2544.6300000000006 770.7650000000001 989.58500000000015 34.500000000000007 74.500000000000014 25.500000000000004 24.500000000000004 2.5000000000000004 6.5000000000000009 23.500000000000004 22.500000000000004 27.500000000000004 111.50000000000001 7.5000000000000009 738.03000000000009 190.50000000000003 4306.3400000000011 39.500000000000007 31.500000000000004 44.500000000000007 66.500000000000014 163.50000000000003 77.500000000000014 2245.8300000000004 317.50000000000006 47.500000000000007 4506.3700000000008 154.50000000000003 110.50000000000001 950.30000000000007 51.500000000000007 48.500000000000007 1440.9300000000003 22.500000000000004 44.500000000000007 1.0000000180025095e-35 9.5000000000000018 15.500000000000002 24.500000000000004 37.500000000000007 50.500000000000007 28.500000000000004 18.500000000000004 1874.8050000000001 32.500000000000007 1559.1500000000003 41.500000000000007 96.500000000000014 112.50000000000001 49.500000000000007 1.5000000000000002 14.120000000000003 68.500000000000014 218.50000000000003 169.95500000000001 9.5000000000000018 4.5000000000000009 45.500000000000007 24.500000000000004 53.500000000000007 44.500000000000007 60.500000000000007 42.500000000000007 129.50000000000003 94.500000000000014 857.17000000000007 137.50000000000003 8.5000000000000018 171.50000000000003 51.500000000000007 5574.8050000000012 2.5000000000000004 1.5000000000000002 304.50000000000006 52.500000000000007 81.500000000000014 56.500000000000007 205.50000000000003 7652.3150000000014 46.500000000000007 11.500000000000002 51.500000000000007 23.500000000000004 1.0000000180025095e-35 33.500000000000007 2200.9150000000004 2.5000000000000004 1728.0600000000002 14.500000000000002 45.500000000000007 75.500000000000014 49.500000000000007 33.500000000000007 465.78000000000003 11.500000000000002 24.500000000000004 706.83500000000015
decision_type=2 2 2 2 2 2 2 2 2 2 2 2 2 2 2 2 2 2 2 2 2 2 2 2 2 2 2 2 2 2 2 2 2 2 2 2 2 2 2 2 2 2 2 2 2 2 2 2 2 2 2 2 2 2 2 2 2 2 2 2 2 2 2 2 2 2 2 2 2 2 2 2 2 2 2 2 2 2 2 2 2 2 2 2 2 2 2 2 2 2 2 2 2 2 2 2 2 2 2 2 2 2 2 2 2 2 2 2 2 2 2 2 2 2 2 2 2 2 2 2 2 2 2 2 2 2 2 2 2 2 2 2 2 2 2 2 2 2 2 2 2 2 2 2 2 2 2 2 2 2 2 2 2 2 2 2 2 2 2 2 2 2 2 2 2 2 2 2 2 2 2 2 2 2 2 2 2 2 2 2 2 2 2 2 2 2 2 2 2 2 2 2 2 2 2 2 2 2 2 2 2 2 2 2 2 2 2 2 2 2 2 2 2 2 2 2 2 2 2 2 2 2 2 2 2 2 2 2 2 2 2 2 2 2 2 2 2 2 2 2 2 2 2 2 2 2 2 2 2 2 2 2 2 2
left_child=1 4 3 10 20 14 8 13 38 30 53 29 18 19 49 28 22 57 41 -5 31 203 33 51 119 67 35 76 168 73 84 192 -17 36 62 215 64 39 99 173 247 -8 112 -27 108 95 47 72 -30 52 55 66 140 -2 145 126 -57 105 70 71 -29 177 113 -23 100 125 137 69 109 -26 189 199 102 74 75 147 -22 78 139 80 -46 124 83 -48 111 -86 -71 -36 205 110 -70 130 94 114 188 179 97 204 -66 -4 151 225 123 104 -104 121 -106 152 -45 182 -53 -6 -34 148 -94 -52 117 118 -117 249 -121 -10 -76 -24 -81 -15 128 -128 193 238 -32 132 -132 -38 -135 191 -77 138 -9 -33 -3 142 143 144 149 -55 -125 -11 -31 -89 -95 -7 -105 154 155 207 -75 -158 -64 -160 161 -161 163 245 -155 229 180 181 -12 170 -170 -109 -119 174 -21 241 -59 178 -62 -39 202 230 -69 184 -139 235 -141 -50 214 -49 -191 -136 -1 194 232 196 -37 -41 -102 200 -60 -202 -88 -14 -47 -28 -207 208 -16 212 211 -211 -169 -138 222 216 217 218 219 -18 221 -159 -35 -206 -197 226 -25 -227 -20 -151 -142 -40 233 -51 -234 236 -185 -91 -111 -195 -210 -176 243 244 -73 246 -118 248 -19 250 252 -252 -13 -253
right_child=2 5 6 7 9 16 12 23 17 11 15 24 21 65 153 32 26 40 228 37 27 63 46 101 25 43 88 60 48 34 91 77 42 92 87 195 133 45 231 197 -42 -43 -44 44 79 96 82 58 187 50 115 89 -54 54 -56 56 -58 176 59 -61 61 -63 158 -65 98 -67 -68 68 90 86 -72 242 -74 156 122 136 -78 -79 -80 81 -82 -83 -84 -85 85 -87 166 141 -90 237 -92 -93 93 150 -96 -97 -98 -99 -100 -101 198 -103 103 107 106 -107 -108 171 -110 129 -112 -113 -114 -115 -116 116 162 172 -120 120 -122 -123 -124 146 -126 -127 127 -129 -130 -131 131 -133 -134 134 135 -137 213 183 -140 186 167 -143 -144 -145 -146 -147 -148 -149 -150 165 -152 -153 -154 164 -156 -157 157 220 159 160 -162 -163 -164 -165 -166 -167 -168 209 169 -171 -172 -173 -174 -175 175 -177 -178 -179 -180 -181 -182 -183 -184 185 -186 -187 -188 -189 -190 190 -192 -193 -194 239 -196 224 -198 -199 -200 -201 201 -203 -204 -205 223 206 -208 -209 240 210 -212 -213 -214 -215 -216 -217 -218 -219 -220 -221 -222 -223 -224 -225 -226 227 -228 -229 -230 -231 -232 -233 234 -235 -236 -237 -238 -239 -240 -241 -242 -243 -244 -245 -246 -247 -248 -249 -250 -251 251 253 -254 -255
leaf_value=0.057576247418456551 0.067456027972608704 -0.0025879579741985965 0.068450387736236518 0.04668287453770157 0.021045866803157835 0.03075111079728984 0.074099778164584462 0.021731436089192559 0.059520961865525517 0.030655038613639198 0.065107508931675495 0.013546887813762459 0.067157537949823501 0.056832174698251442 -0.0052929985020791969 0.06114922421077499 0.038987642247302882 0.043144382117511412 0.076462416937263911 0.034715548684463603 0.065270966391180615 0.012675778785574274 -0.00032506838793960858 0.012542128965887805 0.01716942196878345 0.045002108895626843 0.005255821925785489 0.05296913383428508 0.043108704245046814 0.028068240892485982 0.021249528479281667 0.021016353110871831 0.054635321032427589 0.0056197921351636886 0.050860758246385196 0.0042270867935785342 0.0094713346193584999 0.032518028802459228 0.069194126610532897 0.047965844155818303 0.0061425612251205042 0.071157200215033731 0.06017206377995523 0.027728586574975216 0.030095440686261753 0.037954369990207452 0.0025016480782515406 0.033154112388205474 0.038511831796483514 0.00088242618904821053 -0.0033430211562641373 0.013245174479566723 -0.0034406738396545924 0.060248803345519193 0.064289514516473217 -0.002567863330131457 0.028435257910312615 0.058591931072617294 0.0055311290084794672 -0.0101125297962078 0.043912579801316624 0.062783006088768856 6.5256858743103997e-05 0.045793079032969732 0.0099606522763432594 0.046314079821674126 0.053364620651373214 0.010069306530290005 0.049596822161397498 0.050026420675002965 0.038402932613724461 0.012282853121564921 0.03893131669894271 0.056471952112717209 0.065253473314203059 0.034161064803979797 0.054881659594464623 0.04915505892601605 -0.0048430559094719975 0.016097797074746841 0.045722394012705517 0.0044584233515432134 -0.0093579199809731527 0.035973417629494249 0.041587880879868172 0.0090205004028352711 0.027235444122436132 0.018041215573287583 7.8006596168555005e-05 -0.0052560654246586814 0.017117965469962214 -0.0043675351993613977 -0.0027681469185521011 0.017389600488957681 -0.0050544135487932008 0.0464837923221154 -0.00084725382873756139 0.050707393857918323 0.032806072387957734 0.072574067540631296 0.025913215232493899 -0.0041973777762953158 0.049116139632289384 -0.0011936737677022832 -0.0094889416244661792 0.062479747397240923 0.025297453642935234 0.022951927962219495 0.013791227282458036 0.017154468002876108 0.039135245528790392 -0.0055357231342355049 0.048506216089336356 0.044531876716353322 0.014972753329684408 0.012318164740091501 0.027378979395334849 0.013121773233665828 0.043866727393157501 0.041799257439469571 0.0091744806682089591 0.04960777396640504 0.042464450955339433 0.02219919098823114 0.04714661685480806 0.04424627832701207 0.0069458579616445892 0.046309298840416874 0.012007321668359603 0.034185057632174325 0.0015130124373777592 0.0034339070547742723 0.038230333033232332 0.045760804559975644 0.024704401881053016 0.037826763636449677 0.028479921691395377 0.019500961624027317 0.05330639930248493 0.051108348372802051 0.0059297737783366167 0.046587872494492685 0.011468790182302315 0.017264394069211125 0.048917335061281694 0.05336774737560053 0.0064301172166601576 0.051526198064280604 0.0064466180423231626 0.035137308791763265 0.047078265267495145 0.0076629018801045549 0.017527686666057089 -0.0039733313575050317 -0.0056542599724458756 0.022266547273920471 0.049822286481272571 0.038012714092585879 0.036232773354914358 0 -0.0052603789176822206 0.028881062673028059 -0.0056407887412535176 0.027533930500825369 -0.0064611910947894192 0.037183666162808868 0.020236915003102905 0.017036189409661825 0.050324095247625759 0.056808649462204465 0.040269954366674347 -0.0030848500293588865 -0.0085363406301476891 0.036448441235124709 -0.0011663122938359422 0.042711416824661938 0.049522012846959979 0.060606932860472709 0.02313674800052026 0.01088768360879535 0.017984671874468151 0.01322783561815259 -0.0099799132154304443 0.016436696354032509 -0.009629951456297978 0.0045386404370707433 0.022992200020599558 0.021855716268906335 0.00060706084835717594 -0.0057931820419770529 0.019442277161243283 0 0.035809300685997587 -0.0053149260981407778 -0.0021526531647924436 -0.0017563794642082439 0.030918719110143877 0.033293149022192395 0.047839045695350378 0.0035587585233635534 0.042311377752733775 0.0081262416128506914 0.050769795529256756 0.058938171745856457 0.010813059271883439 0.035809473128043799 0.011823912628469123 -0.0038846247000693525 0.025093605713473965 0.033274579579282371 -0.00020380764663313039 0.0088883572097681624 -0.0039178848677234018 0.012542036696101065 0.0020816572731390806 0.028275310001346837 0.046600853405362866 0.0038732711579181267 0.04317032316839467 0.011870427828531484 0.040482921322287278 0.010204091671833183 0.030240185422878145 0.023360803358275853 0.017036671933079093 0.0010661235155936578 -0.010028040080777437 0.029339804727705542 0.074076223328894589 0.025039910007366623 -0.00095517823719164685 0.064251095856879964 0.0022560459274469607 0.046260873181256809 0.021783331966401268 0.010528574115553949 0.040074278450880477 0.014198513951565865 -0.00092133165518026698 0.0040560269589613061 0.0034094393043003746 0.018191324779018702 0.0099572468502276273 0.017771516943040581 0.041934520588066453 -0.0051703018738902349 -0.005344140486363301 0.045919349496209072 0.011208627485959195 0.0023549403060126959 0.027868222871608936 0.0039367352198479057 -0.0029660149089097742 0.016449241758856391
leaf_weight=113.18448812514544 1170.2019420005381 461.64814252406359 4771.8679024279118 854.22854564711452 76.151110950857401 39.290913391858339 11482.501540802419 60.081110641360283 799.06810824200511 61.65485267713666 83.444424398243427 164.09824885055423 2252.2138945683837 733.91078480705619 61.723208602517843 1958.2536628767848 32.334555629640818 49.760015748441219 15781.931386895478 235.59798134118319 314.0354132540524 37.871117036789656 389.33730735257268 71.472271822392941 230.38325024023652 186.46078497543931 56.587818518280983 902.07000422477722 915.43165934830904 702.40041253715754 80.526456926018 134.31961164623499 1557.4448079168797 27.084799163043499 85.788859281688929 40.003448769450188 29.061078973114491 293.7110675945878 1096.0004458278418 402.04642568528652 35.214205369353294 10690.106121487916 887.08150385320187 243.11532166227698 288.98483492806554 42.587518453598022 209.57807317748666 33.496940728276968 85.796793844550848 25.65229981020093 764.10954819247127 88.767176099121571 1890.8869350664318 1369.0277688130736 1951.7967272289097 441.66892572119832 29.939115952700377 417.50059654563665 84.303210724145174 52.39194718003273 1043.0158750377595 88.213256347924471 41.892838008701801 58.219289876520634 342.2942491620779 847.7471524104476 31.946513094007969 146.63951514288783 39.140553586184978 51.53206630051136 76.858573406934738 32.113821215927601 20.02717561647296 105.98326706513762 46.835023701190948 846.37035774067044 1705.2113323956728 41.973958980292082 29.497830420732498 38.608591217547655 224.97581227868795 49.393899135291576 139.55385151877999 21.412852715700865 86.788867134600878 37.726400189101696 51.16807072609663 67.930846713483334 113.70284531265497 60.933247718960047 42.656444702297449 149.96258979663253 60.287093985825777 36.841827388852835 111.62496836483479 116.63975360617042 32.12589693069458 28.310899004340172 40.876947443932295 2811.2755912989378 95.298534922301769 170.14211702719331 49.864578533917665 196.88495619595051 23.796277012676001 2107.519603073597 32.645356897264719 90.243601247668266 162.05196595564485 258.40889048576355 38.504109267145395 33.944834791123867 1062.7304648272693 68.073571041226387 461.08396085724235 173.46154798939824 30.81254992634058 37.469854138791561 20.878992438316345 45.27559881284833 29.627940010279417 362.3243570998311 334.01201308518648 59.405936408787966 38.177081234753132 185.8335868678987 59.934013873338699 30.722722221165895 544.09667566418648 53.236519880592823 24.29781635850668 360.07075968012214 29.805816162377596 115.73394332453609 59.30369958281517 68.198388792574406 194.6914418824017 69.871547840535641 43.972701352089643 43.110031094402075 315.68216128647327 103.08442087471485 40.051440447568893 64.269479256123304 96.363101497292519 731.90527617558837 1334.9045314490795 144.37915537133813 34.538501150906086 216.66483323276043 35.608891539275646 82.815675783902407 47.692983251065016 3137.9562479779124 843.55441832542419 82.87147905305028 163.65502984449267 36.154923025518656 47.553338136523962 28.595042161643505 31.522490724921227 64.49701476842165 251.04095485433936 26.641364648938179 7142.0244981944561 683.58525611832738 147.76917676627636 37.500519011169672 504.82556706294417 326.54227242618799 309.09656295925379 22.450124070048332 85.981231689453125 771.86578265205026 33.281867910176516 29.965736038982868 546.74752791970968 56.416625648736954 57.246116850525141 33.99919455870986 41.269364919513464 95.587674047797918 36.428716823458672 43.852376025170088 26.418193563818932 29.020977109670639 34.879137888550758 125.71505000069737 67.248229138553143 35.659668926149607 75.225919753313065 28.704574812203646 54.553820222616196 148.32824138924479 74.27551069483161 53.23004250228405 83.575690917670727 92.685595396906137 40.417157407850027 237.09320195391774 33.187334109097719 39.56684934347868 55.917710542678833 364.50795748457313 98.531721130013466 51.315598078072071 66.905054364353418 415.08893311396241 41.590306367725134 51.061420544981956 30.576010011136532 38.140125401318073 71.591193098574877 64.581070277839899 35.1061678417027 385.99630206823349 148.92370877787471 30.34950190410018 66.954390913248062 46.157425571233034 121.49253106489778 42.453743107616901 62.40511229634285 278.55648697167635 59.666756991297007 25.163974445313215 42.366434883326292 44.504798267036676 5502.4428307116032 274.00845183432102 623.47560034692287 3146.7700226977468 94.503268696367741 28.057669494301081 50.765168663114309 27.483500685542822 92.463648110628128 41.965214747935534 32.535811319947243 418.77028567716479 42.834588259458542 94.357649762183428 118.08261252567172 291.47367270663381 48.114377904683352 88.205294031649828 32.994925189763308 221.23566358536482 33.495610117912292 69.788230888545513 158.34839709103107 114.70497454702854 61.927139487117529 191.64338453859091
leaf_count=650 3931 7617 12488 6417 937 471 17548 667 3469 637 382 2238 6411 3935 1068 8718 274 440 16681 2160 1305 431 6181 937 2690 1620 766 5575 6486 7767 1016 1515 7857 389 615 546 362 2642 3055 2697 475 21676 3746 2700 2880 388 3152 387 700 385 12821 1206 31931 5765 6476 7334 408 1982 1212 872 7488 412 596 477 4750 5676 295 1839 331 418 812 445 217 682 232 8038 9367 325 441 443 1877 646 2357 232 859 526 573 743 1727 1011 486 2438 923 455 1626 835 427 206 469 5560 1132 2813 500 3133 387 7784 398 1195 2053 3134 395 534 6585 641 5942 2619 412 550 228 452 405 1981 2566 761 304 1361 864 303 8152 542 380 5510 320 1057 673 685 1910 848 341 345 4984 797 461 672 691 3727 19861 1108 453 2005 326 1209 647 54248 14772 1170 1204 295 479 394 444 683 4249 363 126933 6282 1712 552 3147 1899 2408 357 1487 6698 448 253 3171 263 515 375 448 1440 535 532 415 390 365 1244 1002 548 963 402 496 2464 1202 806 929 824 389 3495 342 541 461 1642 1197 515 855 7159 594 675 499 590 1212 754 514 4200 1270 391 620 544 954 463 718 2998 786 367 668 479 7726 2887 10369 10208 1473 298 708 330 925 607 455 6549 703 1110 1618 3896 502 1477 556 1725 381 1021 1812 1648 956 2454
internal_value=0.0494293 0.0135573 0.0666478 0.0508347 0.0360969 0.00166456 0.071512 0.0376533 0.0653488 0.0284093 0.0571098 0.0303727 0.073698 0.0418644 -0.0028151 0.0535016 0.0139488 0.0573789 0.0742419 0.0373521 0.0509704 0.0649333 0.0116926 0.0158744 0.0237661 0.0267342 0.0241933 0.0524769 0.0459197 0.0348259 0.0103551 0.036877 0.056743 0.0174666 0.0316448 0.0283012 0.0225083 0.0342303 0.0684196 0.0373717 0.0384554 0.0726881 0.0542464 0.032034 0.0296297 0.0285108 0.00888413 0.00982817 0.0405174 0.00129852 0.00341706 0.0226546 -0.000725547 0.0624851 0.0610147 0.00607945 -0.000466808 0.0588762 0.0147512 0.0123587 0.048578 0.0453082 0.0261591 0.0333674 0.0176615 0.0505849 0.0276032 0.0211819 0.0167936 0.0257146 0.0246305 0.0137217 0.00729947 0.0386883 0.0368404 0.0342183 0.0565653 0.0281593 0.0241004 0.0341861 0.0371059 0.0218214 0.00012585 0.00592956 0.0232731 0.032098 0.0312181 0.0350283 0.0105706 0.0133128 0.0335915 0.00558095 0.0121243 0.0154698 0.00548679 0.0348218 0.0225289 0.0242237 0.0125815 0.0699992 0.0250178 0.00322634 0.00697875 0.0125745 0.0293524 0.0604039 0.0106373 0.00741874 0.0222738 0.0140516 0.0216395 0.0128085 0.0521921 0.0286828 0.0128995 -8.60628e-06 0.00338644 0.00919933 0.0161708 0.015117 0.0295988 0.0565275 0.0456193 0.00550635 0.0324668 0.0544016 0.00817694 0.0211053 0.00729392 0.0182668 0.0086223 0.00605288 0.0225607 0.0326119 0.0349612 0.0264191 0.0319941 0.0252252 0.0359228 0.028176 0.00224498 0.0340787 0.0331149 0.0337085 0.0344637 0.0579094 0.00713997 0.0456834 0.0270886 0.0332576 0.0329883 0.0155485 0.00252901 -0.00528878 -0.00241129 0.00182473 0.0451407 0.0415212 0.0164447 0.0203263 0.0137009 0.0202023 -0.000912157 0.00566595 -0.00570367 0.0340972 0.0275978 0.00401984 0.0508117 0.0496448 0.0466262 0.0177145 -0.00177857 0.0338897 0.0286824 0.019279 0.0535726 0.0438608 0.0428846 0.0303839 0.0344964 0.00248587 0.00596095 0.0211203 0.0113735 0.0257695 0.0395483 0.0289563 0.0116607 0.0168063 0.0112794 0.016824 0.0510612 0.00420903 0.00958321 0.0158802 0.022563 0.0453822 0.0331154 0.00803946 0.0146108 0.0245686 0.0403217 0.0660623 0.0221814 0.0172608 0.0227409 -0.00124428 0.00613853 0.0108302 0.0173738 0.0233809 0.00337214 0.0246747 0.0174438 0.0323639 0.0369905 0.0283604 0.0332803 0.0238567 0.0342567 0.0237441 0.0231837 0.0201828 0.00821251 0.0101343 0.00402793 0.0195818 0.075853 0.0296434 0.00135614 0.0655623 0.0139916 0.025577 0.00935107 0.0293707 0.0328901 0.00270223 0.0151065 0.00157736 0.0145409 0.0131266 0.0182228 0.0207545 0.0307746 0.00146071 0.0106577 0.0420953 0.0309776 0.0136036 0.0147156 0.0174275 0.00899244 0.0118526
internal_weight=121100 39276.8 81822.8 19254.2 13564.4 25712.5 62568.6 6214.91 16398.8 8946.63 13039.3 8067.35 46169.8 5205.98 18842.1 7816.36 6870.36 4572.87 43457 3438.49 4617.73 2712.81 5634.65 1008.93 3254.27 2418.85 1235.7 4166.21 2350.85 4813.08 879.275 451.519 5465.51 1839.29 2650.82 947.192 941.995 2584.26 11825.9 1659.8 339.705 22172.6 3507.26 1231.77 1045.31 924.463 3795.37 3424.82 1126.94 7074.46 3458.31 655.28 3616.15 5222.93 4052.73 1946.71 471.608 4233.16 1157.57 936.327 2146.96 1244.89 1019.07 96.0904 640.993 1767.49 425.111 1187.09 609.046 578.04 221.241 883.935 2267.25 2162.26 1692.52 1311.68 2019.25 283.781 241.807 640.14 513.961 126.18 370.545 230.991 234.611 124.515 347.656 1631.75 288.511 230.17 81.797 644.663 897.291 593.822 303.469 444.35 480.113 447.987 383.171 7583.14 257.822 353.65 2247.23 463.578 106.306 3268.91 56.4416 357.272 405.167 527.249 127.271 110.096 2620.18 805.012 521.371 1511.6 747.487 317.792 194.341 835.414 74.9035 1161.39 380.847 1783.65 76.7857 919.744 1475.11 90.6567 1384.45 344.181 494.701 414.174 54.1036 301.002 271.941 156.207 1105.64 393.164 104.054 212.309 1725.26 1545.96 1442.87 1402.82 1338.55 2100.93 1394.31 206.034 736.939 1242.19 72.4507 122.107 244.578 11767.6 1487.66 644.109 469.739 363.756 214.061 172.168 124.615 93.0921 429.695 178.654 10280 1174.26 296.124 1263.61 1223.91 1140.46 813.922 112.694 123.451 1165.07 393.203 157.605 964.248 1156.68 1100.26 327.71 148.355 1034.75 183.068 289.11 96.2897 192.821 77.9892 211.512 191.844 144.383 110.886 88.0083 167.738 840.352 273.254 236.476 123.579 494.732 135.716 394.151 157.057 72.7542 107.086 2616.72 419.676 174.808 118.221 561.237 146.148 228.869 119.778 89.2015 109.092 259.273 124.596 710.716 324.72 175.796 145.446 78.492 200.101 78.6087 89.4899 377.088 112.897 183.507 113.839 69.6688 21284.4 490.673 939.158 4242.77 198.978 53.71 145.268 163.8 136.316 102.898 290.945 567.099 84.4249 127.64 489.784 371.702 80.2282 152.013 63.8075 304.491 83.2556 760.51 690.722 464.697 226.025 306.348
internal_count=780575 538320 242255 116944 124168 414152 125311 53873 52719 95106 63071 82586 72592 40647 321418 43172 92734 21408 63631 29675 29062 8961 78505 13226 37133 26147 14229 24925 16266 45453 12520 4137 26906 23494 26610 10366 11599 23258 31311 14190 3021 39224 18188 12523 10903 9068 55011 49270 8430 114771 54902 7962 59869 19899 15968 30140 7742 18387 15633 12923 14253 8678 11457 908 8420 10972 4743 13624 7322 6302 2710 12051 33637 18843 15245 12447 10672 2991 2666 6150 4757 1393 5741 3384 2856 1385 3612 15153 3863 3219 817 9664 11895 7646 4249 3852 5216 4789 5219 18048 3201 5264 33420 6617 1285 13234 785 5332 4753 6505 1601 1471 14442 8861 6865 24762 11941 4884 2847 10986 857 5450 2798 26803 747 5296 22398 1167 21231 4131 7226 6210 700 3179 2817 1760 10702 4448 1008 2225 27938 14538 13741 13280 12608 9492 20622 1745 8220 11917 781 1680 3780 206647 25466 10694 3598 2916 2596 2000 1521 1077 7057 2808 181181 11174 3194 20321 7836 7454 5555 1552 2037 10669 3971 1811 5153 8266 8003 3017 1482 16793 2374 3440 1263 2177 710 1944 2623 1898 1511 1075 1146 13079 4066 3067 1475 3521 1521 5590 2095 883 1034 8053 4583 2136 1370 9524 2365 3528 1764 1265 1764 2664 1621 7299 3099 1829 1438 818 1712 758 1107 4195 1592 2451 1605 846 24407 4892 15353 13263 2864 683 2181 1787 1457 1618 3589 9013 1297 1558 6461 4843 947 2445 968 2546 821 10129 9108 5914 3194 4102
is_linear=0
shrinkage=0.01


Tree=8
num_leaves=255
num_cat=0
split_feature=6 5 6 4 4 4 6 6 2 4 6 4 2 5 5 6 4 6 5 5 4 6 6 4 6 3 3 5 6 0 2 2 5 4 4 4 5 4 2 3 5 4 2 5 2 5 4 3 3 6 2 3 2 0 0 4 0 6 6 2 2 0 4 5 4 4 3 6 3 3 5 0 2 4 0 3 4 2 3 2 6 3 5 2 3 5 5 0 6 3 3 2 4 0 2 4 2 3 2 2 2 6 3 4 4 2 2 0 6 3 5 2 6 0 3 6 3 2 3 3 2 2 2 6 0 6 4 0 6 3 2 3 3 6 0 2 2 5 3 5 2 4 6 6 6 2 0 2 4 5 3 4 5 3 5 5 3 2 3 2 3 6 0 5 2 2 4 6 4 2 2 3 3 3 2 6 3 4 0 0 2 0 0 5 0 3 2 3 2 6 6 4 0 2 5 4 4 6 5 6 3 3 5 3 0 6 3 2 5 2 2 2 4 3 2 4 6 3 4 4 0 6 6 0 0 3 2 4 6 3 3 0 0 2 3 3 4 0 6 6 6 5 4 2 3 5 3 6 3 3 4 2 2 2
split_gain=746777 71506.9 48159.2 14754.2 6362.87 5293.54 4973.35 4959.48 2920.87 2015.78 1684.01 1500.48 1495.97 1202.42 987.869 946.841 921.111 870.713 838.229 760.209 747.197 631.316 617.145 595.143 584.535 582.123 542.872 589.721 506.599 480.653 413.434 403.373 514.236 435.913 400.903 393.111 390.269 388.304 383.472 381.921 372.233 356.611 342.116 537.622 310.91 307.149 303.163 297.169 279.868 279.44 279.135 274.452 273.617 248.25 394.254 244.102 328.553 237.302 229.231 229.064 227.371 226.806 225.067 219.147 215.14 214.366 211.705 208.831 207.382 232.132 205.456 200.518 261.039 197.895 249.771 230.757 222.574 194.538 194.09 240.96 214.688 348.402 197.362 194.064 297.456 308.947 266.456 310.632 279.473 225.068 192.825 190.909 190.811 222.583 254.967 209.03 186.074 185.485 266.027 184.725 182.613 181.911 181.727 275.078 184.749 266.733 180.037 331.28 179.585 196.994 195.757 177.473 242.178 203.957 177.012 226.273 203.034 175.735 295.824 182.765 188.579 173.608 230.279 178.861 170.55 165.843 184.156 165.426 164.733 164.149 161.969 161.773 161.385 160.916 159.055 162.394 158.698 157.969 163.575 155.057 375.815 203.524 184.627 238.1 201.743 154.099 184.94 199.642 179.314 152.654 151.31 202.525 148.843 173.346 147.816 145.006 166.436 200.667 144.363 141.958 273.016 164.829 141.208 150.16 139.384 149.21 139.289 136.216 291.29 132.477 134.605 202.953 142.137 157.804 131.833 130.471 129.3 128.9 128.471 128.191 130.435 127.825 126.876 126.668 126.437 125.85 178.39 125.419 125.09 125.037 138.255 124.73 124.288 123.772 123.612 123.567 130.557 121.075 120.353 119.172 200.929 146.962 187.925 143.13 116.754 116.523 115.298 201.661 115.119 166.945 115.008 114.53 113.306 112.841 112.703 110.261 227.06 121.473 175.274 272.349 130.542 110.056 156.887 109.69 168.25 109.222 304.371 270.009 222.307 179.106 141.338 108.609 111.272 121.019 108.49 174.25 162.537 108.466 107.783 152.292 120.081 109.734 107.488 132.964 212.957 107.226 107.225 107.096 116.316 180.238 105.989 105.91 105.817 190.832
threshold=803.35000000000002 1.5000000000000002 3492.9750000000004 6.5000000000000009 336.50000000000006 9.5000000000000018 314.04500000000002 6669.4150000000009 7049.3100000000004 8.5000000000000018 1379.1500000000003 2.5000000000000004 3024.5200000000004 22.500000000000004 3.5000000000000004 1508.5450000000003 64.500000000000014 159.00500000000002 16.500000000000004 5.5000000000000009 49.500000000000007 257.02500000000003 13219.300000000001 1023.5000000000001 2493.0450000000005 85.500000000000014 61.500000000000007 4.5000000000000009 143.03500000000003 1.0000000180025095e-35 8086.4300000000012 3221.4250000000006 12.500000000000002 15.500000000000002 64.500000000000014 8.5000000000000018 10.500000000000002 1.5000000000000002 1692.2950000000003 21.500000000000004 6.5000000000000009 17.500000000000004 3447.6850000000004 12.500000000000002 6503.3450000000003 9.5000000000000018 29.500000000000004 13.500000000000002 33.500000000000007 350.04500000000002 16281.775000000003 5.5000000000000009 488.92000000000002 2.5000000000000004 8.5000000000000018 39.500000000000007 14.500000000000002 723.65500000000009 63.410000000000004 1299.6300000000003 2069.5650000000005 3.5000000000000004 89.500000000000014 5.5000000000000009 57.500000000000007 6.5000000000000009 25.500000000000004 667.55000000000007 418.50000000000006 274.50000000000006 45.500000000000007 1.5000000000000002 329.84000000000009 199.50000000000003 21.500000000000004 36.500000000000007 270.50000000000006 1145.2600000000002 25.500000000000004 1193.8700000000001 374.80500000000006 34.500000000000007 6.5000000000000009 5304.4100000000008 96.500000000000014 7.5000000000000009 8.5000000000000018 2.5000000000000004 1016.4250000000001 76.500000000000014 68.500000000000014 7443.6900000000014 25.500000000000004 21.500000000000004 2338.6900000000005 32.500000000000007 1836.7900000000002 94.500000000000014 3221.4250000000006 6503.3450000000003 9337.0800000000017 79.995000000000019 189.50000000000003 21.500000000000004 23.500000000000004 5442.0850000000009 431.82500000000005 147.50000000000003 227.02000000000001 29.500000000000004 2.5000000000000004 2896.6700000000005 374.80500000000006 12.500000000000002 97.500000000000014 162.63500000000002 90.500000000000014 1469.7450000000001 9.5000000000000018 2.5000000000000004 210.34000000000003 7652.3150000000014 1910.9350000000002 1016.4250000000001 48.500000000000007 507.05000000000007 43.500000000000007 5.5000000000000009 2824.0100000000007 139.50000000000003 267.02000000000004 47.500000000000007 30.500000000000004 695.0200000000001 1.5000000000000002 4724.0350000000008 676.3900000000001 2.5000000000000004 57.500000000000007 2.5000000000000004 138.50500000000002 154.50000000000003 116.95500000000001 139.26500000000001 128.89500000000001 5712.7400000000007 26.500000000000004 6503.3450000000003 40.500000000000007 11.500000000000002 54.500000000000007 37.500000000000007 4.5000000000000009 102.50000000000001 2.5000000000000004 32.500000000000007 21.500000000000004 11687.245000000001 46.500000000000007 3291.5600000000004 45.500000000000007 1658.6600000000003 8.5000000000000018 2.5000000000000004 477.83500000000009 754.29500000000007 195.50000000000003 1016.4250000000001 58.500000000000007 7443.6900000000014 3221.4250000000006 54.500000000000007 59.500000000000007 66.500000000000014 3370.2700000000004 2434.4100000000003 10.500000000000002 99.500000000000014 78.500000000000014 11.500000000000002 4724.0350000000008 2.5000000000000004 8.5000000000000018 8.5000000000000018 22.500000000000004 147.50000000000003 4115.4500000000016 65.500000000000014 1910.9350000000002 79.65000000000002 49.905000000000008 15.500000000000002 247.50000000000003 6018.7100000000009 4.5000000000000009 30.500000000000004 44.500000000000007 518.90500000000009 14.500000000000002 1083.4800000000002 294.50000000000006 236.50000000000003 7.5000000000000009 80.500000000000014 3.5000000000000004 2434.4100000000003 179.50000000000003 1692.2950000000003 6.5000000000000009 2245.8300000000004 4724.0350000000008 578.02500000000009 81.500000000000014 70.500000000000014 770.7650000000001 72.500000000000014 19.830000000000002 32.500000000000007 264.50000000000006 293.50000000000006 5.5000000000000009 1321.1800000000003 1906.4300000000001 91.500000000000014 81.500000000000014 23.500000000000004 93.095000000000013 76.500000000000014 77.735000000000014 13.500000000000002 26.500000000000004 13.500000000000002 25.500000000000004 512.78500000000008 56.500000000000007 85.500000000000014 131.50000000000003 5.5000000000000009 343.34000000000009 408.54500000000007 374.80500000000006 4.5000000000000009 164.50000000000003 7652.3150000000014 133.50000000000003 6.5000000000000009 118.50000000000001 109.04500000000002 41.500000000000007 25.500000000000004 117.50000000000001 2716.0150000000003 931.35000000000014 1325.0300000000002
decision_type=2 2 2 2 2 2 2 2 2 2 2 2 2 2 2 2 2 2 2 2 2 2 2 2 2 2 2 2 2 2 2 2 2 2 2 2 2 2 2 2 2 2 2 2 2 2 2 2 2 2 2 2 2 2 2 2 2 2 2 2 2 2 2 2 2 2 2 2 2 2 2 2 2 2 2 2 2 2 2 2 2 2 2 2 2 2 2 2 2 2 2 2 2 2 2 2 2 2 2 2 2 2 2 2 2 2 2 2 2 2 2 2 2 2 2 2 2 2 2 2 2 2 2 2 2 2 2 2 2 2 2 2 2 2 2 2 2 2 2 2 2 2 2 2 2 2 2 2 2 2 2 2 2 2 2 2 2 2 2 2 2 2 2 2 2 2 2 2 2 2 2 2 2 2 2 2 2 2 2 2 2 2 2 2 2 2 2 2 2 2 2 2 2 2 2 2 2 2 2 2 2 2 2 2 2 2 2 2 2 2 2 2 2 2 2 2 2 2 2 2 2 2 2 2 2 2 2 2 2 2 2 2 2 2 2 2 2 2 2 2 2 2 2 2 2 2 2 2 2 2 2 2 2 2
left_child=1 4 5 11 9 10 20 19 14 28 37 18 17 40 158 41 39 106 26 91 31 36 191 188 34 46 27 51 47 70 114 32 33 53 199 -21 59 155 139 55 -9 127 43 78 61 212 -14 71 -29 -50 111 -3 58 208 130 63 -57 181 -53 -13 -61 -31 66 136 -19 -24 -17 145 69 164 132 -1 -73 74 75 -48 -75 -66 -41 -80 81 -81 194 86 89 -86 124 -88 198 -85 -62 -4 131 94 125 -96 252 98 189 -27 102 -40 104 -104 210 162 225 206 -35 -110 -111 113 -113 250 115 -28 -117 119 -119 120 -25 122 149 -123 -43 -94 -127 187 -46 -112 -55 -82 -12 -116 -77 -136 -8 138 -114 231 -141 142 -142 144 -144 195 147 193 152 -39 151 -95 153 -149 -92 156 -2 -158 221 160 -68 -162 163 -106 -23 -166 242 -160 -169 170 171 -103 -173 -174 -54 -134 -60 -139 -145 180 -179 -45 183 -154 -138 186 -90 -16 192 190 211 -15 -6 -147 -83 238 -197 -198 -89 200 201 202 -10 245 205 -161 215 -208 209 -5 237 -49 -36 -97 -109 -108 217 218 -217 -220 -221 -7 -223 224 -115 229 -227 228 230 -11 -228 234 -233 -234 236 -236 -22 -33 -44 240 -240 -241 243 -101 -245 -201 -171 -132 249 -249 -18 -63 -56 -254
right_child=2 3 7 6 23 8 16 13 24 12 29 21 25 22 15 62 50 64 -20 35 38 68 65 117 -26 99 30 48 -30 44 -32 100 -34 108 45 -37 -38 121 101 42 -42 83 67 57 128 -47 73 97 49 -51 -52 52 174 54 96 56 -58 -59 176 60 90 251 -64 -65 77 -67 159 -69 -70 -71 -72 72 -74 76 -76 134 -78 -79 79 80 92 82 -84 84 85 -87 87 88 185 -91 154 -93 93 150 95 213 -98 -99 -100 166 -102 169 103 -105 105 -107 107 214 109 110 129 112 137 223 133 116 -118 118 -120 -121 -122 123 -124 -125 -126 126 -128 -129 -130 -131 247 -133 175 -135 135 -137 184 177 -140 140 141 -143 143 178 -146 146 -148 148 -150 -151 -152 -153 182 -155 -156 -157 157 -159 167 204 161 -163 -164 -165 165 -167 -168 168 -170 246 -172 172 173 -175 -176 -177 -178 179 -180 -181 -182 -183 -184 -185 -186 -187 -188 -189 -190 -191 -192 -193 -194 -195 -196 196 197 -199 -200 203 -202 -203 -204 -205 -206 -207 207 -209 -210 -211 -212 -213 -214 -215 -216 216 -218 -219 219 220 -222 222 -224 -225 -226 226 227 -229 -230 -231 -232 232 233 -235 235 -237 -238 -239 239 241 -242 -243 -244 244 -246 -247 -248 248 -250 -251 -252 -253 253 -255
leaf_value=0.036714740100539489 0.065060217184502861 0.056946730407315613 0.020774422881745417 0.03055771690412629 -0.0016293265861586676 0.022834487859874793 0.018947710201470985 0.044191551203008585 0.048517911466604259 0.0011574686245249724 0.069348722859057452 0.027975335000328602 -0.0026807487799670217 0.068225184058213581 0.047566803056945009 0.060674823832781576 0.010021888879323966 0.020914970281168118 0.057239345975085065 0.063970001866583207 -0.00040825260317521161 0.05784039020966987 0.070982514497501842 -0.0040390638960813375 0.056176201718141132 0.0033378515802103838 0.010311479116260106 0.058311202109102067 0.038203386802577989 0.054239050566732248 0.054317886357795456 -0.00080609650795776793 0.042227726923554879 0.010383217256604058 0.02394116074017889 0.059677529112174284 0.054194836272451793 0.041057805904058491 0.0047849946206183118 0.0093228617437077568 0.063613516638153331 0.037257274593497806 0.046375031660227828 0.024780432608857816 0.054892840830724703 0.0057246434430478143 0.040839227441268111 0.00063953512237191381 0.030181702468475541 0.051334150717816843 0.050773542671234406 0.0018497628000397179 0.038670643029426369 0.029395229799289879 0.025358567808862725 0.047188394120201864 0.0068039755953166053 0.015118874603871631 0.045461349271237655 0 -0.00017633768966758656 0.032749310547577105 0.023633385477622233 0.057439136032502898 0.0027208145524142335 0.067874767083432999 0.01417128495632443 0.037791632510100891 0.062244285524093827 0.012017616067038781 0.064299246078582048 0.0067354609783410943 0.0421086876827012 0.0074220902159545564 0.040874381221754914 0.031755960545624788 0.032004187522098292 0.016164108125038084 0.033025664046320208 0.045386168828828274 0.036707907573715885 0.010315163038952023 0.024013046000081945 0.036239987051689994 0.0087048770906419538 0.038634465410323324 0.010412311203546704 0.011317469013514722 0.035068619766104064 0.065840787357053968 0.045261585600007176 0.046870997863377867 -0.0031486448143579399 0.032070969107079413 0.0049169243233268467 0.015834645194216034 0.039913387758474701 -0.0098521729527534709 0.046087556726236149 0.034773608153139082 0.040167752040161007 0.0078228107458321525 0.02441844469665258 -0.010017405268272914 0.023764703089967854 0.010312857426441708 0.0058143500611763368 0.027498794168372025 0.0049728376589044171 0.036905309578826817 0.014282577689305593 0.0030476079145313152 0.029584146956708808 0.018119523010690468 0.040742176217604328 0.035665145323120692 0.011973429444088414 0.025582473547380559 -0.00189600241180962 -0.0065222939358081638 0.011866731134166572 0.038726612880000816 0.041687119347349151 0.055711166680085203 0.01471408386141442 0.024435104061277912 -0.0022672984346076034 0.045764474402659738 0.060295958398760369 0.038068807985595109 -0.0040064217611331734 0.02529717587348931 0.054875838265730552 0.022724083246690268 -0.00092490968394345115 0.022790479929207793 0.034456072276488538 0.033211498206106513 -0.002255873173170241 0.047554198702667624 -0.00093092029104100468 0.024867241809500978 0.0076607610540698262 0.0053578971859617412 0.042079344254452471 0.02668952602540843 0.056187786513320528 0.026823533093144926 0.039640418618373099 0.059522718857155994 0.034883651758163187 0.0022501111314432005 0.038475426487400662 -0.00091953315518292168 0.018831413925682425 0.060361073416437823 0.047682132481144938 0.063906852983195386 0.040728521457711102 0.03600905685078741 0.056730704441774034 0.032311060545608346 0.023863994141571969 0.051678918211858382 0.021603084557550247 0.038147785013663275 0.00067720247671093962 0.034985233700746757 -0.0014510401886865009 0.043452348275703406 0.0096012767538347938 0.041498754875013422 -0.00064023456839942057 0.022512272235864356 0.057701834010950165 0.060345668479883353 0.021337417274761676 0.039255056795196135 0.025986184039701113 0 0.0091742823429834582 0.043840096441359229 0.010126173552131332 0.016520887443508065 0.057135380233524206 0.046332624051247155 0.012889625323541421 0.030128917127381048 0.0062006759032693362 -0.0035324802097297841 0.027465218721926477 0.062644663273199744 0.0063485973337705807 0.050380087339567246 -0.0075457445702516324 0.011708277548857726 0.034604167190103535 0.01180433650129303 0.029701047675763006 0.029396844235112619 0.021950121389744618 0.061731025857220692 0.027910764065705966 0.051029858167879735 0.048546612810291094 0.049852479401992417 0.031672787402465742 -0.0040620788247675132 0.047601882342766598 0.004084246939565642 0.026506273354831432 0.016988980607567639 0.045197257095976349 0.035548877663176097 0.0085489321238947213 0.0035245379598291262 -0.002111772670809 0.001858810494843609 0.023798338836923436 0.019522753790533535 -0.0026016298233679101 -0.0062515929951420662 0.02189233366916632 0.0018835754359738464 0.04331179395779592 0.029282364521162035 0.026552296422301849 -0.0020708803739404682 0.038445851210656995 -0.0057864987036954918 0.0014658615400090127 -0.0076391596587520117 -0.002827784501591768 0.0085780927095149579 0.025020373673396473 0 0.017954695815422663 0.019451953411340386 0.024584948481048651 0.041105193637805758 -0.0041147639896747593 0.026157653766008027 0.040740243800820926 0.027239585890320876 -0.0098219265980494588 0.047123419746566607 0.018543664937656319 0.0017727142061588542 0.0031941394481102363 0.031902940527130753 -0.0068212173360773275 0.048093651557515729 -0.0033292119734974136 0.024573511400379524
leaf_weight=108.73450504988432 99.594660378992558 91.404790572822094 47.058884061872959 155.23256500810385 2763.6750584356487 140.72087493911386 45.112884718924761 126.83012849092484 138.49299155175686 1032.7646006159484 176.5803451910615 349.01547323167324 40.05662264674902 13441.916872963309 66.858820207417011 121.08824583888054 169.68072609603405 276.58690905943513 531.75275170058012 10191.352514974773 181.21487121656537 40.868148624897003 29594.927429690957 3219.879710547626 1455.7110789343715 296.24126251786947 56.953431013971567 483.74893351644278 162.04319555684924 1527.7094901874661 137.73336382955313 47.578672580420971 70.972826566547155 1345.8117939792573 47.060466356575489 3543.9449251592159 43.277156196534634 102.19061250239611 148.50387468934059 90.596132609993219 2657.1739429533482 607.99675950407982 38.737332984805107 54.612303793430328 2193.6623016968369 35.77872733771801 52.13922742754221 80.580294955521822 103.45882399380207 241.12161748111248 25.776502322405577 35.455254398286343 412.9155370220542 32.919141564518213 186.64137288182974 32.843283362686634 51.375316496938467 45.982118614017963 42.032798610627651 72.123589303344488 30.044333513826132 72.419081181287766 52.047039605677128 93.161123141646385 217.81941428035498 3837.7192097529769 47.646609373390675 515.48538658767939 38.267477996647358 38.863575607538223 1019.0666399970651 78.304368894547224 27.465152688324451 109.41955471783876 132.89682996273041 45.563058245927095 56.144547235220671 216.9135743714869 312.03215093538165 31.223324757069349 189.9682594537735 115.76829498261213 73.795620582997799 60.473130151629448 45.825496636331081 172.81006502360106 107.28573323041201 102.96283549442887 193.13902351260185 68.599015034735203 34.048763066530228 104.93922106176615 83.120846178382635 45.081261105835438 47.83271587267518 50.626226101070642 68.37727003544569 33.528266713023186 22.672168351709843 25.412082076072693 73.978808406740427 131.90399979054928 50.97417788952589 39.237908471375704 34.139843847602606 49.776434205472469 954.64816887676716 71.176361847668886 96.932272847741842 66.300197094678879 245.2435255497694 54.856035672128201 25.080358136445284 287.45828616991639 530.61387027800083 293.29344592243433 45.729262441396713 40.93718770518899 443.89846092090011 7290.6901047118008 74.111497163772583 110.08109416812658 1288.9425464197993 333.7337753996253 40.836464118212461 72.833883516490459 37.962707001715899 494.13629176467657 1320.6280985102057 33.031996820122004 71.626030068844557 528.65427495166659 1542.955060005188 67.145495481789112 64.38476375117898 49.039395999163389 104.04916339367628 215.77427469566464 38.008411642163992 24.719230379909277 191.12699719518423 72.156877521425486 32.256353359669447 325.49591929093003 39.195334371179342 43.547385200858116 37.3597417101264 39.300218336284161 99.190287582576275 164.65404490381479 143.64943193644285 46.242427591234446 104.66011101007462 47.78980441391468 71.404585346579552 285.45568241924047 987.37498655170202 107.3647652938962 76.121648713946342 251.23157999664545 57.528144814074039 83.93318622559309 65.257253523916006 82.312817689031363 69.622345939278603 1122.8683597892523 39.780537378042936 55.553133197128773 34.382836196571589 32.398569233715534 264.56068513914943 36.686052236706018 31.730567753314972 286.56915287300944 52.188820414245129 1259.0848145633936 65.407729141414165 32.189190655946732 31.983065061271191 28.187465991824865 29.479055278003216 257.84858388453722 35.333746880292892 43.518884979188442 45.925589930266142 84.571301341056824 50.375694796442986 201.34943092614412 255.32858017459512 45.152486369013786 58.984300091862679 781.58062052726746 207.76512943580747 86.467177040874958 55.406078513711691 115.06849000602961 76.520911190658808 39.459477603435516 59.19505799561739 78.565845139324665 49.989480063319206 55.556279167532921 85.749860540032387 1805.0109728649259 1103.1709949448705 119.85854314267635 34.781169950962067 26.176901005208492 35.212605006992817 29.925210855901241 81.153977509588003 93.229625396430492 102.86070118844509 101.60218620672822 62.887081295251846 543.75862361490726 959.62681854143739 1320.6724069081247 128.44224647432566 34.229446537792683 97.78360415622592 38.991726879030466 36.141602348536253 35.836746416985989 29.625086046755314 40.847552932798862 27.374211274087429 470.16963383182883 26.553437072783709 576.28375212475657 100.81471282243729 109.92449755966663 159.58990332484245 215.25043153390288 76.211801879107952 43.286918357014656 63.142710503190756 54.616743117570877 28.884546972811222 78.533629164099693 25.721444927155972 232.02882748097181 25.24313010647893 26.762661680579185 31.500421587377787 109.74220243096352 51.056469142436981 35.8682666644454 109.54116670787334 45.37879279255867 45.487163756042719 724.3154514208436 43.906260695308447 50.820972427725792
leaf_count=1002 348 470 438 1621 46441 1544 505 750 900 16692 449 3721 569 22359 441 614 2260 3395 2349 25707 2769 233 31948 56294 6161 4484 662 2259 1434 6993 747 653 575 18514 425 11907 271 735 2213 1097 6855 5126 323 512 9860 390 517 1182 868 1411 188 452 3448 357 2188 274 669 488 282 1025 404 543 506 596 3313 6053 469 4245 184 393 2923 1098 275 1563 1311 520 646 2887 3124 277 1720 1477 810 472 497 1344 1182 1157 1606 336 298 622 1176 424 605 587 684 525 206 268 653 1832 551 585 394 615 14481 917 1315 660 3084 773 260 3578 4126 2350 478 534 7556 130099 1174 767 8965 1630 481 769 528 3451 4436 316 1082 5504 6736 602 979 592 993 2062 544 240 2954 889 453 4654 405 412 250 375 834 798 1380 610 862 605 822 1017 5697 404 649 1802 318 659 744 696 668 9235 611 495 463 288 3609 373 466 3538 286 4149 625 295 377 377 354 1927 396 453 328 598 518 1681 3955 662 689 1955 3249 611 804 1360 746 458 537 606 449 276 729 9739 6543 599 444 436 269 390 870 1219 752 991 927 8616 15628 21257 1779 484 1604 561 389 562 257 529 357 7815 310 9754 1586 1811 2575 3174 971 664 857 644 304 668 348 2284 255 294 481 619 589 491 1508 499 696 4071 647 591
internal_value=0.0470879 0.0111634 0.0636096 0.0271371 -0.000129353 0.0507715 0.020763 0.0679695 0.0445858 0.00649414 0.0547302 0.0412584 0.00509155 0.0694397 0.0390857 0.0404986 0.0276282 0.00350348 0.0454946 0.0626197 0.0143456 0.0341372 0.0698268 -0.00426562 0.0509072 0.0165801 0.043101 0.0471116 0.0226329 0.0568804 0.0376033 0.017492 0.0158468 0.015106 0.0478036 0.062872 0.0254167 0.0486195 0.0102543 0.0296037 0.0627647 0.0361937 0.0286731 0.0261414 0.0548995 0.0327664 0.023461 0.0178939 0.0530006 0.0452229 0.0189466 0.0399916 0.0372479 0.0209588 0.017686 0.039545 0.0233982 0.0375652 0.0243581 0.0229753 0.0143359 0.0517349 0.0459715 0.0440344 0.0139955 0.0706302 0.0465902 0.0322096 0.0380769 0.0372455 0.0597421 0.0270998 0.0166246 0.0255379 0.0299317 0.0226777 0.0161003 0.00949466 0.0240807 0.0247559 0.0231219 0.0148084 0.0105345 0.0333458 0.0403546 0.0325424 0.031321 0.0262253 0.0296091 0.0528131 0.0218788 0.0392311 0.024794 0.0205571 0.0157615 0.0236626 0.0248698 0.0118284 0.0143287 0.00799063 0.0251328 0.0151569 0.022761 0.00943965 0.0255748 0.0316294 0.0023514 0.00357 0.0122461 0.0178295 0.0213677 0.0180087 0.0229856 0.0142127 0.0351722 0.0294768 0.0325878 -0.00536713 0.000499172 -0.00563682 -0.00367118 0.0455125 0.043673 0.0517135 0.0359034 0.00740083 0.0153193 0.0420328 0.0569593 0.0173932 0.00903501 0.028421 0.0581376 0.0388174 0.0162263 0.00945913 0.0370646 0.0258925 0.0107683 0.00715287 0.0105832 0.0091153 0.00719209 0.0108223 0.0273091 0.0296859 0.0338508 0.031944 0.0278034 0.0528467 0.0283546 0.0174499 0.0231688 0.0118087 0.0281419 0.052744 0.0508173 0.0493961 0.0234174 0.0454873 0.0359861 0.042964 0.0372385 0.0441193 0.0380116 0.037228 0.0170263 0.0305996 0.0212182 0.0169739 0.0155379 0.0186907 0.0226344 0.0201834 0.0410654 0.0573785 0.0315249 0.0288916 0.0073656 0.017912 0.0257726 0.0407194 0.0283207 0.0324 0.0421273 0.0349892 0.0306636 0.0348327 -0.000482804 0.0113916 0.0143343 0.0679281 -0.00106425 0.0430454 0.00445578 0.0260515 0.0197264 0.0272634 0.0183693 0.0489721 0.0421647 0.0455594 0.0409984 0.0500499 0.0466489 0.0407504 0.00305603 0.016527 0.0302489 0.0264219 0.0176178 0.00955957 0.0389938 0.0293478 0.0189395 0.00284218 0.00191589 0.00373981 0.00680409 0.0135338 0.00326609 0.0176159 0.00737353 0.018894 0.0207613 7.76378e-05 0.00348224 0.00169182 0.0130687 -0.00132742 0.00722538 0.00422508 0.0010922 0.00370622 0.00834288 0.0161111 0.00440344 0.0100901 0.0295301 0.027473 0.0112219 0.0302083 0.0227875 0.0164302 0.00737507 0.0401668 0.0291213 0.00624003 0.0101403 0.0190836 0.00638513 0.0467969 0.0209227 0.0117357
internal_weight=125820 39637.3 86182.6 16415.4 23221.9 21855.2 11314.1 64327.4 8539.35 8925.59 13315.8 5101.36 8214.89 50440.1 4574.83 4192.92 5462.35 7220.31 3190.96 13887.3 5851.73 1910.4 47656.1 14296.3 3964.52 994.584 2659.2 1527.73 710.694 9836.42 1131.47 3302.77 2723.74 2652.77 2508.81 13735.3 599.914 3479.39 2548.96 4444.91 2784 2356.42 4072.45 2384.84 5838.73 185.7 549.644 548.651 828.329 344.58 1017.44 699.405 608 865.45 645.079 372.467 84.2186 358.443 142.896 556.637 207.621 2324.44 1836.5 288.249 711.32 33432.6 1784.46 1687.61 1310.49 1272.22 3997.69 214.504 105.77 509.587 344.023 211.126 165.564 434.733 2026.4 1935.8 1623.77 276.193 244.97 1594.07 347.708 218.636 1246.36 597.53 490.244 129.072 135.498 151.998 1347.57 628.952 393.979 200.061 349.746 334.147 300.619 444.94 579.027 983.409 505.048 90.2121 414.836 231.486 6508.99 4234.18 1787.32 441.508 344.576 991.663 423.575 568.088 993.736 395.976 339.023 11069.5 484.836 10584.7 3293.99 1999.6 1555.79 443.815 648.833 193.917 110.797 762.345 3514.29 278.276 295.333 718.623 2978.62 597.759 158.987 113.424 195.088 368.719 63.0888 1565.55 716.934 692.215 620.058 428.931 71.4517 1172.12 537.167 499.808 369.793 266.845 234.973 91.3237 270.603 87.09 105.453 1479.79 1194.33 1094.74 381.912 1663.37 189.108 141.461 181.71 116.453 1233.36 1192.49 148.699 166.058 89.936 834.905 751.45 486.89 354.986 318.3 465.104 2802.04 107.441 305.63 357.479 89.8557 61.6682 312.461 183.513 148.179 149.975 328.086 243.515 268.208 3226.77 277.947 232.794 14223.5 2971.44 130.015 171.174 634.955 231.049 115.98 162.158 2323.11 329.789 279.799 224.243 1993.32 1474.26 371.09 4100.12 60.9581 220.37 185.158 183.349 173.81 149.921 152.228 134.063 4039.16 3084.51 2124.89 804.214 260.455 132.013 215.854 75.1333 352.92 317.083 2274.81 665.76 624.912 154.742 1609.05 128.189 848.621 484.765 374.84 363.856 119.499 244.358 102.195 403.906 365.168 54.606 310.562 108.918 83.6752 58.2631 188.308 83.455 262.414 190.788 81.2471 215.168 796.735 281.369 94.7272
internal_count=780575 555376 225199 171481 383895 116605 132812 108594 56084 134593 60521 38669 126301 69920 35038 30937 55915 113211 21415 38674 76897 17254 62315 249302 21046 13090 19066 10101 8292 40160 8965 41196 34791 34216 14885 37614 6541 20361 35701 43709 7605 19427 40344 24810 25903 1567 6697 6858 4538 2279 12206 5563 5093 10327 8047 3365 943 2927 1359 6270 2549 11607 11510 2422 9595 38001 11004 15534 10713 10529 14257 2375 1373 6128 3919 2608 2209 6200 21883 20786 17662 3368 3091 13854 2649 1841 11205 5598 4416 808 1524 1060 14294 7070 4656 2183 4110 4483 3958 6393 6405 12908 5752 1136 4616 2449 103616 66573 23889 5375 4060 12018 4665 7353 8218 3490 2828 195657 8090 187567 57468 12895 10498 2397 5607 2473 1297 5573 14296 3400 3937 7224 11334 4728 2091 1571 1826 3892 804 22793 9972 9732 8843 5889 858 11289 4798 4548 3525 1533 2414 1034 2691 980 1120 7466 6449 6101 4101 10390 1446 977 1834 1090 10136 9903 1909 1607 958 10695 9818 6209 4377 4004 3734 10885 907 3088 5031 1026 649 2439 1711 1315 1321 2722 2124 2122 53645 3752 3090 24314 49690 1023 2281 6491 2564 1204 1694 13318 2354 1905 1629 10964 8944 2401 64729 880 2280 2011 2167 2401 1177 1578 1844 63849 49368 33740 12483 3867 2088 2494 950 4397 3835 37043 10597 10068 2253 26446 1943 12821 7560 5749 5261 1635 3626 1297 3927 3604 652 2952 1298 1043 775 1225 877 3580 2498 990 2956 4614 3426 1238
is_linear=0
shrinkage=0.01


Tree=9
num_leaves=255
num_cat=0
split_feature=6 6 5 4 6 6 4 4 6 4 4 5 5 4 4 6 5 6 5 4 6 6 4 5 4 6 5 6 7 3 4 5 3 3 5 3 3 6 4 6 4 6 3 7 4 6 3 3 5 3 5 0 3 6 0 3 4 0 5 5 3 3 0 4 0 0 4 3 3 6 5 3 3 3 5 6 4 4 5 6 3 6 3 6 6 6 6 0 4 3 5 3 3 3 5 4 4 3 6 3 5 0 4 0 3 5 3 3 6 3 6 5 4 4 6 6 4 3 3 4 3 3 3 6 3 0 3 6 3 6 5 5 6 3 0 6 5 6 3 3 3 5 5 0 6 0 6 6 3 3 3 6 4 4 3 3 5 6 6 6 5 0 6 3 3 4 3 3 3 0 3 3 3 3 4 4 3 5 6 6 6 4 0 4 4 3 3 5 4 3 0 3 0 3 0 0 4 3 3 3 4 0 4 4 3 6 3 3 0 4 3 3 6 4 4 4 0 5 5 3 0 4 4 5 4 4 3 6 6 3 3 4 4 0 0 3 0 3 3 0 3 3 0 6 6 4 4 0 3 3 4 5 3 6
split_gain=669054 61026.8 46962.2 10231 7191.85 6103.55 5921.18 3690.18 2650.79 2249.68 2067.26 1131.5 1038.3 988.125 975.746 960.815 845.735 638.993 612.653 564.18 544.218 542.824 530.242 478.219 466.926 424.977 403.73 428.71 362.744 343.174 391.382 341.889 335.587 327.976 318.898 318.88 306.767 302.893 297.582 288.022 284.032 283.286 290.815 282.614 432.272 281.022 277.833 259.64 255.691 285.776 249.889 323.324 239.84 238.841 236.578 225.979 220.737 205.805 196.916 431.06 213.129 195.316 189.333 186.511 183.094 179.673 181.142 179.596 233.66 178.683 194.71 177.744 175.122 186.028 173.644 172.149 171.985 171.356 269.145 170.356 169.643 166.011 165.565 165.916 206.01 182.332 164.474 163.625 163.078 378.428 204.623 161.564 161.238 160.18 159.322 158.263 158.218 157.847 156.664 156.101 207.998 153.028 161.668 152.082 165.821 394.971 335.193 205.737 149.35 144.357 142 220.572 196.372 183.753 150.258 152.245 149.915 172.829 141.626 141.462 140.331 144.888 138.663 137.38 136.864 136.346 134.468 133.816 131.981 131.575 131.354 136.112 160.325 206.33 131.114 131.015 130.215 226.174 177.098 129.588 159.073 140.052 181.81 128.562 127.721 145.663 121.519 119.198 147.676 251.314 130.946 118.147 117.775 115.656 126.362 221.206 114.444 114.045 222.568 113.196 112.522 134.062 166.901 155.651 161.135 150.608 112.109 111.227 109.78 109.626 244.335 156.6 109.587 118.703 109.013 108.069 107.68 107.523 107.18 158.715 106.268 133.019 103.613 102.598 137.101 100.595 113.711 100.196 101.641 123.225 96.9492 96.8288 131.993 143.69 135.372 116.75 157.407 133.956 117.413 148.756 103.481 100.056 95.6707 95.2163 94.7478 94.508 93.9812 125.352 101.67 93.5444 92.9354 93.1267 98.1764 91.7166 126.824 123.035 91.5061 90.2859 110.716 89.8124 145.149 114.268 119.762 130.542 120.857 99.9305 95.6574 89.4338 265.199 88.8508 106.246 103.52 88.8325 131.856 88.5677 87.6996 91.3339 87.052 86.5385 107.342 90.4498 86.4865 86.3734 86.3279 145.583 86.2911 116.043 86.1331 238.928 114.698 85.5261 85.5158 84.9303 91.1496
threshold=553.67500000000007 2978.5900000000006 1.5000000000000002 6.5000000000000009 1260.7950000000003 6669.4150000000009 516.50000000000011 9.5000000000000018 227.02000000000001 4.5000000000000009 8.5000000000000018 3.5000000000000004 22.500000000000004 1.5000000000000002 56.500000000000007 159.00500000000002 4.5000000000000009 803.35000000000002 12.500000000000002 6.5000000000000009 1955.8800000000003 14765.125000000002 2.5000000000000004 17.500000000000004 15.500000000000002 143.03500000000003 8.5000000000000018 279.82000000000005 3.5000000000000004 206.50000000000003 32.500000000000007 45.500000000000007 10.500000000000002 20.500000000000004 6.5000000000000009 23.500000000000004 261.50000000000006 708.94500000000005 65.500000000000014 576.95000000000016 162.50000000000003 79.995000000000019 69.500000000000014 3.5000000000000004 51.500000000000007 390.91000000000003 13.500000000000002 109.50000000000001 52.500000000000007 21.500000000000004 2.5000000000000004 4.5000000000000009 206.50000000000003 268.36500000000007 7.5000000000000009 81.500000000000014 22.500000000000004 1.0000000180025095e-35 9.5000000000000018 6.5000000000000009 202.50000000000003 418.50000000000006 122.50000000000001 103.50000000000001 1.5000000000000002 26.500000000000004 25.500000000000004 94.500000000000014 75.500000000000014 614.04000000000008 9.5000000000000018 38.500000000000007 49.500000000000007 94.500000000000014 34.500000000000007 4390.2250000000013 1023.5000000000001 19.500000000000004 23.500000000000004 177.05000000000004 93.500000000000014 104.90500000000002 45.500000000000007 204.29000000000005 159.00500000000002 48.405000000000008 109.04500000000002 2.5000000000000004 45.500000000000007 123.50000000000001 4.5000000000000009 321.50000000000006 143.50000000000003 82.500000000000014 2.5000000000000004 24.500000000000004 20.500000000000004 2.5000000000000004 3692.4500000000003 53.500000000000007 2.5000000000000004 11.500000000000002 166.50000000000003 1.0000000180025095e-35 58.500000000000007 4.5000000000000009 96.500000000000014 26.500000000000004 366.85500000000008 60.500000000000007 177.05000000000004 3.5000000000000004 25.500000000000004 61.500000000000007 150.03500000000003 131.29000000000005 84.500000000000014 35.500000000000007 11.500000000000002 336.50000000000006 149.50000000000003 35.500000000000007 137.50000000000003 320.40500000000003 8.5000000000000018 25.500000000000004 61.500000000000007 2094.9300000000003 57.500000000000007 299.04000000000002 2.5000000000000004 4.5000000000000009 390.91000000000003 129.50000000000003 1.0000000180025095e-35 382.89500000000004 15.500000000000002 588.29000000000008 74.500000000000014 326.50000000000006 133.50000000000003 10.500000000000002 14.500000000000002 3.5000000000000004 250.03500000000003 13.500000000000002 89.805000000000021 23.905000000000005 39.500000000000007 62.500000000000007 52.500000000000007 4.8900000000000015 115.50000000000001 29.500000000000004 111.50000000000001 32.500000000000007 16.500000000000004 954.42000000000019 838.46500000000015 194.90500000000003 5.5000000000000009 6.5000000000000009 19.830000000000002 206.50000000000003 98.500000000000014 68.500000000000014 191.50000000000003 278.50000000000006 11.500000000000002 25.500000000000004 53.500000000000007 74.500000000000014 56.500000000000007 17.500000000000004 158.50000000000003 34.500000000000007 64.500000000000014 27.500000000000004 2434.4100000000003 2262.3050000000003 43.030000000000008 62.500000000000007 16.500000000000004 75.500000000000014 103.50000000000001 106.50000000000001 15.500000000000002 3.5000000000000004 109.50000000000001 32.500000000000007 23.500000000000004 3.5000000000000004 72.500000000000014 43.500000000000007 76.500000000000014 7.5000000000000009 195.50000000000003 35.500000000000007 28.500000000000004 21.500000000000004 225.50000000000003 5.5000000000000009 15.500000000000002 162.50000000000003 175.50000000000003 238.01000000000002 93.500000000000014 118.50000000000001 561.50000000000011 35.500000000000007 109.50000000000001 91.500000000000014 1178.9400000000003 30.500000000000004 20.500000000000004 43.500000000000007 321.50000000000006 24.500000000000004 5.5000000000000009 37.500000000000007 2.5000000000000004 125.50000000000001 69.500000000000014 2.5000000000000004 50.500000000000007 43.500000000000007 25.500000000000004 723.65500000000009 667.55000000000007 58.500000000000007 159.50000000000003 20.500000000000004 29.500000000000004 39.500000000000007 2.5000000000000004 119.50000000000001 14.500000000000002 68.500000000000014 51.500000000000007 44.500000000000007 42.500000000000007 21.500000000000004 370.50000000000006 89.805000000000021 98.995000000000019 87.500000000000014 68.500000000000014 1.5000000000000002 78.500000000000014 75.500000000000014 77.500000000000014 29.500000000000004 86.500000000000014 155.80500000000004
decision_type=2 2 2 2 2 2 2 2 2 2 2 2 2 2 2 2 2 2 2 2 2 2 2 2 2 2 2 2 2 2 2 2 2 2 2 2 2 2 2 2 2 2 2 2 2 2 2 2 2 2 2 2 2 2 2 2 2 2 2 2 2 2 2 2 2 2 2 2 2 2 2 2 2 2 2 2 2 2 2 2 2 2 2 2 2 2 2 2 2 2 2 2 2 2 2 2 2 2 2 2 2 2 2 2 2 2 2 2 2 2 2 2 2 2 2 2 2 2 2 2 2 2 2 2 2 2 2 2 2 2 2 2 2 2 2 2 2 2 2 2 2 2 2 2 2 2 2 2 2 2 2 2 2 2 2 2 2 2 2 2 2 2 2 2 2 2 2 2 2 2 2 2 2 2 2 2 2 2 2 2 2 2 2 2 2 2 2 2 2 2 2 2 2 2 2 2 2 2 2 2 2 2 2 2 2 2 2 2 2 2 2 2 2 2 2 2 2 2 2 2 2 2 2 2 2 2 2 2 2 2 2 2 2 2 2 2 2 2 2 2 2 2 2 2 2 2 2 2 2 2 2 2 2 2
left_child=2 4 6 13 7 16 10 22 24 31 25 55 34 23 18 28 -3 29 36 75 38 202 48 32 82 46 27 35 40 30 33 71 -4 -9 -7 -15 45 69 -13 -31 -12 160 109 -17 135 50 64 101 49 -2 51 -10 65 -28 57 -11 -56 80 59 60 87 91 63 81 -1 66 72 68 172 -24 -71 -6 94 93 -23 -18 206 210 96 97 -44 147 83 84 85 -5 -87 -52 -68 90 -90 134 -82 -74 -47 -59 -79 125 177 -84 146 -16 118 104 105 107 159 -34 203 110 111 219 -113 114 115 -114 -115 -118 -103 191 121 -35 -89 205 -66 -78 -20 251 187 237 -49 132 133 -132 156 213 137 138 -123 140 141 152 -143 -99 -61 229 -101 148 168 150 -150 -65 185 -83 155 -155 -51 158 -142 -106 161 162 -26 164 165 -164 -160 -159 -30 235 250 -172 173 -48 -154 217 -110 -21 179 -177 181 -163 -41 -40 -185 186 -98 188 189 232 -147 -42 195 194 -194 196 197 241 199 -198 -195 -199 -14 -46 234 -120 208 -208 -8 -32 211 212 -19 214 -45 -215 238 218 -22 221 225 222 223 -43 -225 -221 -223 228 -122 -146 231 -231 -112 -234 -102 236 -149 -53 240 -240 -121 -193 -218 -222 -245 246 -207 248 -29 -249 -171 -73 -236 -254
right_child=1 5 3 8 9 12 76 17 14 11 15 20 21 26 47 43 19 77 126 98 175 74 37 -25 41 -27 53 247 62 39 209 -33 103 120 -36 -37 -38 -39 183 182 119 42 54 44 108 52 67 130 -50 61 58 129 -54 -55 56 -57 -58 95 -60 144 -62 -63 -64 151 124 -67 88 -69 -70 70 -72 127 73 -75 -76 -77 79 78 -80 -81 92 153 99 -85 -86 86 -88 122 89 -91 -92 -93 -94 -95 -96 -97 139 143 -100 100 204 102 -104 -105 106 -107 -108 -109 176 -111 128 112 113 116 -116 -117 117 -119 123 216 227 136 -124 -125 -126 -127 -128 -129 -130 -131 131 -133 -134 -135 -136 -137 -138 -139 -140 -141 157 142 -144 -145 145 190 -148 169 149 -151 -152 -153 174 154 -156 -157 -158 167 166 -161 -162 180 163 -165 -166 -167 -168 -169 -170 170 171 -173 -174 -175 -176 178 -178 -179 -180 -181 -182 -183 -184 184 -186 -187 -188 -189 -190 -191 -192 192 193 200 -196 -197 198 201 -200 -201 -202 -203 -204 -205 -206 245 207 -209 -210 -211 -212 -213 -214 215 -216 -217 242 -219 -220 220 243 226 -224 224 -226 -227 -228 -229 -230 230 -232 -233 233 -235 252 -237 -238 -239 239 -241 -242 -243 -244 244 -246 -247 -248 249 -250 -251 -252 -253 253 -255
leaf_value=0.035266891911847356 0.058941451528548391 0.03216108618205777 0.053800950603627017 0.036173123115230139 0.059585631932040757 0.042259804708704676 -0.0027066690998807891 0.051126938036919721 0.042541896082145252 0.016640336814632926 -0.0022103441662488237 0.044318222256052496 0.064344534247095936 0.034648912550480228 0.0079243100252247879 0.0056736045146584006 0.058312301785010456 0.03949335869807729 0.051891572063925522 0.054510482817089707 0.037329208737015861 0.061916419872686035 0.040729495005129575 0.057006615688499566 0.03229866971345486 0.036367488455116552 0.054225927980369751 0.054025121577177919 0.024473098643002813 0.064565216252604363 0.010157145459661641 0.058989729515740351 0.020268547308148723 0.017876765723040231 0.060006529175941806 0.020837403678905381 0.039215877614703992 0.043060556425733261 0.014575680711610535 0.030340641162957024 -0.007861895601183869 0.013694153436374309 0.0023136945427116805 0.01697887641982981 0.0059595055994465995 0.014865942863757498 -0.0048681145747313066 0.0086067503670494792 0.060842464703830292 0.045107609140947157 0.0096296531762554236 0.006083283374668823 0.0049054930012427667 0.036166641219377967 0.038943019620268145 0.039047796633410722 0.019002102518275832 -0.0074545341207957107 0.001464167179781075 0.049588089170838158 -0.0097392090122687593 0.060880470729770465 0.022792108399095862 0.015272082014660108 0.007091614249284465 0.037645536793505928 0.016426354936390161 -0.0098382126359530826 0.040646795130432282 0.034439350926145827 0.016863604394015436 0.048925772958364692 0.022555213234949609 0.031872502979001308 0.066658776261083311 0.061292705527351325 0.0012672278341554805 0.013801458705705979 0.010976602913206885 0.017017818715484558 0.039137690606936046 0.00095984175901108859 -0.0030929347140696557 0.00017331614059275125 0.040138116202641863 0.0076347366305241186 0.026210808550932631 0.018228747064881045 0.03066595016127038 0.058439633742042182 -0.00094032654115336096 0.02611995636184063 0.013631768673374725 0.00027485559817728175 0.0396451181619904 0.010704536123827067 0.019455157090832401 -0.0035260678895914412 0.057143832269815016 0.014667126482817238 0.03391182068396683 0.03620908577015533 -0.0052109826081770177 0.033710310788395897 0.0062219010505554654 0.053069740741614212 0.043165127810393951 0.04188879091868225 0.013302410444963459 0.00081581415196949145 0.031447822805640464 0.0004877534717612517 0.02777721280840649 -0.0047920631204032664 0.012539424295798801 0.05727848346429288 0.0042142157080224231 0.03853353926893157 0.025247827007158583 -0.00026014742800908137 0.0075643083190668836 -0.0018777321075776384 0.032199454992293999 0.02006580925120606 0.030747651858167659 -0.0044169792448507999 0.034648451479964863 0.054223890963990974 0.02836401949563817 0.028954327350827539 0.044879018707255573 0.018435279671640041 0.046537747330782489 0.010077061017660092 0.042007125754054686 0.046514054628662684 0.045797118253662249 0.033093754652935764 0.026448653307634813 0.017729653924315705 0.049366608422321601 0.015787978091552315 0.036356711887518607 -0.0068260324209767085 0.04356257763446518 0 -0.0069539656458030077 0.0060038578033067289 0.017291823731567207 0.0067278056033333389 0.041571254348822542 0.0013377129152164298 0.008397860600132161 0.031406213020094519 0.040856035052080013 0.0049096063639532377 0.053311685367774066 0.041060653365673286 0.030668830612609596 0.027901610000794937 0.024009059904793042 0.015938242065421257 0.015751215648559806 0.030156730128182502 -0.0078282248128645048 0.00049638380648056449 0.0084494857819841888 0.060829625449594159 0.00046641067555459241 0.0078392765119303341 0.036887426280422846 0.0072987159276292502 -0.0055051715011145107 0.015935550850495826 0.034664618749627077 0.043686019401148343 0.039235975090661436 0.04687834178506279 0.049587008045881509 0.025145438640964409 -7.9128423336032914e-05 0.00082352152864946016 0.050878748688136223 0.041390876635872459 0.017638830970462375 0.025766093297199439 0.037888900988375787 -0.0037188558069650608 -0.0063860756222166885 0.0014106390511955697 0.025732278068471653 0.012202103392927328 0.02554359616448576 0.029354851542961337 0.0050234617710965303 0.0016020291904554882 0.0035050236850958315 0.01510139275061107 0.0017107555970398095 0.018939292648255435 0.0091796205890976954 0.038589029068436108 0.059725623198081425 0.020749571659174602 0.0059700762843131142 -0.0014370020628630509 0.021728471229218664 -0.004931821121439031 0.013756562657988304 0.022707346752894392 0.042863075166259028 0.023118641582888261 0.020898238873765719 0.0038551388335836961 0.043578322574570151 0.030056817005262859 0.024120703960488411 0.046606988594116945 0.052070165991194503 0.016416651312796758 0.0003343779150055691 0.025744060252079842 -0.0024660265919765317 -0.0080116368793421155 0.016365435178252639 -0.0099151139961232756 0.0014218954402205944 0.0031737744865218465 0.043775339354772187 0.027706638687646751 0.041556273475265665 0.0038172692684784121 0.00097329299847245441 0.026719187196852647 0.010090198386214482 -0.0081127827132761975 -0.0039613501670097816 0.026058592894250256 0.0020318148530199353 0.017016616878273591 -0.0091778884261110704 -0.0096868642051237113 0.001298872351112563 0.040644768978972207 0.016225442131668214 -0.0021283284662693305 0.021805877103923385 0.028957652040434073 0.027712941873337331 0.039589631650095873 -0.0071471921347518088 0.055248654001719195 0.036372814117523994 0.012285062981471629
leaf_weight=112.1310098990798 209.78486500680447 130.73905976861715 193.4456622004509 64.103234622627497 465.16150364279747 131.36919763684273 1385.963988147676 77.907368436455727 116.92047687247396 161.26128611713648 1337.7039428278804 3443.0886644870043 16447.901258997619 249.36932431161404 387.19784720987082 272.18032507225871 5081.1158699393272 316.67088278383017 86.708252467215061 1196.8380541950464 81.224279478192329 1271.7004395499825 231.47237191349268 229.29818593710661 30.607004959136248 155.23705914616585 116.66296304017305 93.283785179257393 20.304427176713943 39.104630991816521 71.978424906730652 1313.1726591959596 77.637747369706631 89.682028792798519 2788.1569062843919 588.7456634119153 143.20491401106119 1686.5846128165722 40.816773198544979 193.00895205512643 64.443887084722519 188.39878538995981 34.326611083000898 37.377585861831903 258.06308181583881 34.505560539662838 29.70908222720027 54.438570860773325 169.72081388533115 729.8003249168396 210.02760687470436 72.033349812030792 47.683546412736177 312.8066621273756 66.628201708197594 66.215966254472733 419.17184142023325 54.186150509864092 61.782394427806139 36.573042318224907 27.44155652448535 99.025715783238411 67.552540689706802 63.965568792074919 67.987089168280363 189.4517173692584 281.79871458932757 33.244345642626286 28.294914565980434 185.5894190967083 109.46793533861637 2073.222091935575 174.09083598852158 233.30767058581114 31499.86484631896 6663.6566066369414 493.02159721031785 42.182956114411354 54.894445762038231 31.883898340165615 60.153244242072105 38.642126407474279 42.381236147135496 27.239591028541327 83.178864806890488 107.81446803733706 90.23056922480464 706.5950574092567 50.428046178072691 33.866526037454605 32.443610120564699 56.416046924889088 49.088587172329426 40.684770055115223 224.55193246155977 322.74076210707426 44.271755758672953 1483.688185673207 4263.8959160000086 53.194348651915789 70.806550554931164 37.759591419249773 31.65423596650362 465.09452918916941 34.830369740724564 306.50411961227655 232.3044526129961 135.76254001632333 43.443949941545725 159.54496550559998 31.246248703449965 40.242071226239204 58.48637430742383 29.276275180280209 31.667296588420868 32.2453952729702 29.785308994352818 29.60012386739254 28.394809249788523 1147.4010175950825 48.848784908652306 35.791101321578026 84.486751720309258 309.09599499776959 39.246678147464991 2794.4411634877324 174.50738930702209 2131.8484503030777 22.003469970077276 111.00460809469223 25.983669232577085 130.48939317092299 57.458012752234936 50.433950483798981 900.59099531173706 41.313554711639881 74.453510105609894 525.12259431928396 52.129147659987211 52.200805395841599 52.028417997062206 114.15262141823769 76.657180272042751 6211.1050188206136 57.873054649680853 28.629921972751617 46.760088492184877 387.53584260866046 59.189544733613729 122.88817275315523 42.569080468267202 835.54570127278566 38.739327970892191 53.313883610069752 25.186871021986008 77.874197158962488 384.03518310189247 280.25569292902946 68.848259605467319 101.66267780214548 33.890568949282169 114.43625885248184 161.85580313205719 28.498853046447039 62.837505459785461 109.48066884279251 38.446807615458965 45.48671680688858 137.61727629601955 132.08783547580242 43.709831863641739 32.958464097231627 33.450124971568584 212.76085853949189 28.829010721296072 221.14995004236698 29.13774049282074 394.30788351595402 278.14461039751768 75.143183760344982 408.96925038471818 119.87637578696012 35.705364547669888 89.750111430883408 41.717981718480587 120.35458555072546 767.47776042670012 112.44496810436249 41.000309783965349 88.01486162096262 27.948545541614294 39.046526748687029 32.456899587064981 48.450519476085901 609.66249077394605 1675.99277215451 162.47080920264125 100.36625003069639 648.49146924540401 102.81431467831135 60.839994542300701 23.327980112284422 943.01745695620775 52.388118173927069 35.501788843423128 34.620228849351406 36.550217986106873 30.471405737102032 36.416834533214569 864.29025498405099 477.25701670348644 70.837517388164997 41.952619552612305 41.040529619902372 46.551121342927217 32.349158067256212 29.438067946583033 835.25656930357218 2172.955854177475 21.170297738164663 27.027276355773211 53.449522525072098 133.23346689715981 66.066606186330318 26.960487153381109 36.129685174673796 24.436611939221621 31.699549727141857 34.930573336780071 50.423681125044823 33.60551904886961 30.455974854528904 51.813927959650755 31.350512456148863 65.285006303340197 70.007178597152233 117.60075403004885 31.849899023771286 340.25073226168752 54.278235822916031 124.62359870970249 29.966090451925993 37.717073123902082 28.31937363743782 199.18470201641321 73.532454211264849 50.587801035493612 304.31154427677393 70.229396566748619 215.46424742043018 50.785092867910862 439.86826064437628 40.869139678776264 32.004043016582727
leaf_count=1002 802 1023 946 665 1567 750 23533 532 1007 1744 22028 20414 25498 2207 5131 3933 14559 2318 537 4546 521 2257 1730 877 353 1346 670 545 260 203 806 4070 758 917 6855 6436 1192 10907 401 1690 1095 2547 473 444 3664 384 452 719 548 4277 2529 960 565 2343 665 495 5223 807 795 295 396 373 865 911 938 1704 3175 525 281 1536 1053 9900 1802 2181 32375 14732 8359 427 565 437 589 563 611 370 782 1434 1006 8303 502 233 428 411 599 512 1873 4303 474 25865 13079 687 683 413 480 3705 408 1544 1641 1043 557 2317 349 567 678 442 408 261 422 307 342 19030 553 444 834 3693 435 49146 1414 8038 248 1157 241 1497 465 650 5549 329 506 4608 499 480 353 1175 604 111804 488 387 691 5766 821 1821 461 13180 459 626 258 1132 1674 1969 586 867 393 1542 2123 313 1019 1673 411 208 2138 1944 498 470 499 2726 269 1327 285 1753 1383 590 6377 1863 235 656 424 1068 6171 1667 647 1273 309 574 425 594 9503 26964 2563 1426 10337 1454 899 268 2185 665 445 511 520 512 517 9201 3190 620 364 553 434 346 400 4151 9764 260 407 675 2077 1010 356 564 368 360 244 505 277 386 759 389 863 1139 1883 336 5529 792 2173 512 601 302 2639 1099 617 2689 604 1705 850 1667 419 400
internal_value=0.0449723 0.0589561 0.00827909 0.0235933 0.0450191 0.0635991 -0.000242602 0.0383666 0.0178878 0.0496296 0.00524905 0.0458563 0.065307 0.0375574 0.023117 0.00406199 0.0584789 0.0322416 0.0258974 0.0586702 0.0465472 0.0656574 0.0446581 0.0430235 0.012321 0.0216864 0.0325357 0.0299973 0.00310196 0.0280985 0.0265302 0.0540223 0.0408738 0.031051 0.0592409 0.0250314 0.0246459 0.0408967 0.0436513 0.0389484 0.00190294 0.0108267 0.0126151 0.0141937 0.0181303 0.0239287 0.01746 0.0155703 0.0478849 0.0469063 0.0211174 0.0290392 0.0274179 0.0413241 0.0168464 0.0234899 0.021906 0.0120391 0.0191315 0.0199637 0.0169488 0.0456849 0.00645444 0.00595342 0.0262445 0.0282302 0.0265428 0.0115992 0.0140235 0.0338097 0.0281098 0.0527212 0.0296806 0.0255583 0.0664788 0.0600143 -0.00490568 0.0355134 0.0335593 -0.00533739 0.0222096 0.00822127 0.019482 0.0243241 0.0261883 0.0214539 0.0163255 0.0177083 0.02083 0.0309201 0.0184439 0.0448954 0.0282175 0.0184223 0.0365221 0.00804207 0.0342409 -0.00540628 0.0559527 0.0146913 0.0169138 0.0128833 0.0162204 0.0389426 0.0415878 0.0455583 0.0357481 0.0343307 0.0117772 0.00991838 0.0109219 0.0128133 0.0210269 0.0248548 0.0328285 0.0393788 0.0132552 0.0221814 0.0175242 0.0029372 0.0291773 0.0307574 0.0198109 0.0159427 0.0162455 -0.00356123 0.0407609 0.0520063 0.00557185 0.0213217 0.0234397 0.026369 0.0336433 0.0228808 0.0453898 0.0300919 0.0323664 0.0305753 0.0150209 0.0347176 0.0352191 0.0330167 0.0243947 -0.00619212 0.0313915 0.028037 0.0045164 0.006814 0.0114468 0.0166386 0.0281506 0.00237138 0.0346004 0.016796 0.0205847 0.0160626 0.0480357 0.0404463 0.0322445 0.0226113 0.00645898 0.00583042 0.0104271 0.00838683 0.00633215 0.00968135 0.0230988 0.0442061 0.00388301 0.00465637 0.0100373 0.0248038 0.0109845 0.0133267 0.0204231 0.0493767 0.0246204 0.0526866 0.0444105 0.0392176 0.00298108 0.00832015 0.0340035 0.0299099 0.034306 0.0355715 0.0369461 0.00398403 0.00758426 0.0104976 0.0131539 0.00406777 0.00429247 0.00801772 0.0061523 0.00327784 0.0057997 0.0139926 0.00403419 0.00962112 0.0185803 0.0201541 0.0641015 0.00860415 0.0218643 0.00893934 -0.00170362 0.0096708 -0.00225942 0.0217769 0.0393524 0.0352473 0.0374738 0.0251868 0.0325196 0.0160281 0.000582932 0.0502676 0.051577 0.0101891 0.0144302 0.00743627 0.00526206 0.00894758 -0.000645857 0 0.0184649 0.0181159 0.0234472 0.0326582 0.0264069 0.0191407 0.0172578 0.0111957 0.0244351 0.00218448 0.00365767 0.0126786 0.000109019 0.00419403 -0.00115473 0.0025517 0.0118559 0.0176444 0.0196364 0.00568209 0.0124312 0.0359831 0.0432558 0.033519 0.00359104 0.0500795 0.0190922 0.0265384
internal_weight=130393 94411.2 35981.7 12863.2 23598.7 70812.6 23118.5 9668.68 9135.75 13930 10615 7506.73 53082 3727.41 4706.53 9902.92 17730.6 4906.2 3434.88 17599.8 7279.25 50162.5 4762.49 1776.54 4429.22 712.061 1950.87 1521.4 9049.08 2174.65 1906.83 6423.27 1547.24 970.565 2919.53 838.115 3173.67 2213.11 3615.37 267.819 6669.74 3669.85 2599.39 853.845 581.665 3030.46 556.824 1271.65 2549.37 2379.65 1687.65 331.808 1342.81 429.47 1006.3 227.477 485.8 520.495 1355.84 1294.06 1028.55 2169.87 2379.33 2311.78 219.365 1295.13 1105.68 337.459 304.215 526.53 295.057 5110.1 707.141 448.083 32771.6 11744.8 12503.5 2731.54 1824.83 11014.1 143.568 1412.27 759.369 372.567 345.327 262.148 198.045 1001.11 398.537 116.738 82.8717 2070.84 109.242 214.776 259.057 376.927 1769.93 10982.3 5855.04 386.802 344.421 952.843 565.645 1353.8 888.702 519.904 368.798 213.4 383.033 1593.1 1433.55 1055.68 251.303 211.061 122.399 90.7318 88.6617 59.3854 533.991 5332.04 892.657 777.178 791.082 496.231 107.234 3287.46 261.216 4644.94 377.874 214.888 318.804 264.365 133.876 76.4176 2014.43 198.632 687.496 613.043 87.9202 1727.75 1675.55 1190.48 190.81 7694.79 265.51 228.937 99.9544 1217.25 382.569 224.647 101.759 899.511 999.672 195.017 156.375 131.188 1113.84 485.066 159.323 136.493 1070.45 1036.56 393.28 362.673 334.174 271.336 107.295 325.742 157.922 834.685 259.541 76.6683 275.92 242.47 67.5683 3663.87 72.5817 1591.15 574.438 296.293 643.282 234.313 228.714 172.285 131.468 932.104 811.75 355.871 243.426 202.426 56.5785 3598.33 3533.89 751.41 642.119 2782.48 1106.48 192.707 913.777 265.285 109.291 123.694 17390.9 310.451 244.467 187.135 1489.4 67.0216 1422.38 936.269 906.718 429.461 358.624 157.318 83.9287 73.3897 1733.71 3089.44 2254.18 804.377 311.831 492.545 414.659 281.426 93.0271 57.3 77.8861 115.479 83.7794 172.358 114.485 80.8797 114.411 83.1644 208.965 575.144 505.137 103.883 1666.55 394.529 1272.02 69.0126 67.1551 254.531 227.504 158.74 85.208 683.289 163.513 519.776 182.873 2513.09 138.158 72.8732
internal_count=780575 258093 522482 139622 138481 119612 382860 71369 110634 67112 162167 41870 69920 28988 51324 153963 49692 42509 35466 48669 39631 62315 28860 11789 59310 8204 17199 14186 142753 20798 18670 25242 10912 8663 7605 8643 33515 15226 21895 2128 107167 50254 34598 11210 7277 32323 6858 15858 13634 13086 18964 3460 13359 3013 12659 2239 5888 6771 15504 14709 12062 12284 35586 34721 2375 12794 11090 4483 3958 4319 2589 21172 6752 4495 34632 29291 220693 21711 15219 195611 1661 20630 9056 4257 3887 3105 2440 11666 4338 1163 930 11911 1188 2314 2257 5110 14654 195174 19378 4799 4188 12286 7155 9966 6261 3345 2916 1801 5171 21939 19622 14290 3085 2518 1347 939 1171 729 6675 85139 8131 6974 9137 6262 1373 57505 1951 19605 5332 2453 3572 2853 1356 891 11500 2106 6057 5551 943 14227 13747 10220 1779 137669 2647 2352 1378 18051 5501 3103 1282 14091 8441 2579 2016 1758 5951 3527 1350 1275 15656 15263 5481 5128 4815 3796 997 2177 2398 12550 3762 968 3677 3178 728 17736 842 6299 3300 1917 9782 3405 1925 1481 1080 7713 6645 5084 3417 2770 696 56614 55519 11421 9928 44098 17134 2780 14354 4017 1493 1694 27683 4329 2810 2569 25082 1032 24050 10007 6492 3302 2682 1777 878 899 28525 14436 10285 11205 4172 7033 5990 3913 1366 824 1043 1157 797 1656 1168 891 1497 1148 2365 8788 7649 1296 27524 6321 21203 1086 1001 3348 2941 2227 1128 5543 1149 4394 2794 11567 1682 819
is_linear=0
shrinkage=0.01


Tree=10
num_leaves=255
num_cat=0
split_feature=6 6 5 6 6 5 8 0 6 2 2 8 8 5 5 0 8 1 5 2 0 1 1 6 6 6 6 1 6 2 8 1 8 6 6 5 2 8 2 2 2 1 2 8 5 5 6 1 2 2 8 6 2 5 1 1 2 6 2 1 1 5 1 8 2 1 5 6 5 2 1 1 0 8 1 2 1 2 5 1 2 1 1 1 8 1 8 1 2 0 6 5 1 2 1 6 8 1 2 1 2 1 1 5 6 0 2 6 0 1 2 2 1 5 8 6 1 0 6 6 2 1 0 0 2 6 2 1 6 1 6 1 2 0 6 8 6 5 1 2 0 0 6 2 6 2 2 5 6 0 6 2 6 1 2 0 0 6 6 6 6 6 6 1 1 6 5 0 0 5 2 2 1 6 1 1 2 0 2 6 2 0 1 5 6 1 0 1 1 0 2 8 1 8 1 8 2 5 1 6 6 1 2 6 0 6 5 6 2 1 2 1 0 0 6 5 6 6 2 1 0 1 2 8 6 0 6 0 1 1 6 6 0 1 2 1 8 2 1 6 1 2 6 2 1 5 5 2 6 8 1 2 1 2
split_gain=603385 53068.9 45299.3 6106.26 5226.92 4928.62 4862.17 2031.91 1675.9 1368.66 1362.2 1243.24 1219.16 1177.13 1105.94 1097.54 813.778 799.754 783.05 777.416 765.892 618.857 615.865 595.557 592.32 536.617 523.049 517.28 511.211 488.373 465.198 463.009 454.013 453.568 421.075 650.129 420.935 402.09 392.872 441.172 369.432 379.701 369.102 357.494 449.221 353.737 316.291 315.991 380.645 304.988 302.596 299.162 332.822 286.243 283.573 279.801 405.809 268.544 268.16 268.045 266.949 378.599 260.197 314.307 258.129 264.124 252.87 249.318 246.542 245.451 564.45 278.014 377.961 243.513 237.954 317.169 237.484 286.361 237.369 234.034 233.884 232.597 229.974 226.576 226.511 224.948 220.475 234.766 255.72 217.519 212.453 210.781 210.345 274.765 202.286 199.432 198.926 204.934 198.829 195.611 194.279 202.203 192.844 194.06 187.494 219.163 187.322 252.932 180.007 365.499 246.717 194.081 177.668 174.115 173.813 202.887 172.403 185.692 171.422 170.233 169.647 182.81 169.327 165.735 164.13 163.158 161.535 577.589 158.577 156.387 155.72 155.023 190.889 154.89 154.276 152.287 151.443 149.032 155.779 148.757 179.067 148.747 185.85 148.504 148.353 148.131 230.641 188.089 165.4 147.717 144.42 178.126 161.647 143.091 274.353 338.257 142.404 141.552 140.51 242.102 167.303 140.017 139.907 139.662 161.974 139.333 138.865 145.823 155.386 138.695 138.061 506.577 223.7 208.501 186.172 151.772 282.191 136.58 135.8 165.377 168.873 145.873 139.761 133.84 133.531 130.982 129.305 129.144 126.326 155.393 160.517 125.986 125.799 125.568 180.799 123.321 155.023 121.989 203.446 121.534 127.66 121.387 355.109 176.95 130.287 120.874 140.831 136.312 152.086 120.514 119.421 140.146 119.395 119.24 130.918 133.134 119.201 168.366 118.5 118.085 147.596 117.618 177.108 117.092 117.034 115.28 115.254 163.174 147.742 125.437 121.834 112.436 112.306 186.227 110.119 108.585 179.419 165.171 124.739 108.543 126.053 129.738 108.116 107.187 105.849 104.175 103.915 103.249 102.973 101.823 123.482 101.704 101.495 172.841
threshold=553.67500000000007 2978.5900000000006 1.5000000000000002 1129.5400000000002 6669.4150000000009 3.5000000000000004 2.5000000000000004 2.5000000000000004 159.00500000000002 3154.1800000000007 706.83500000000015 4.5000000000000009 4.5000000000000009 4.5000000000000009 12.500000000000002 4.5000000000000009 4.5000000000000009 20.500000000000004 5.5000000000000009 7443.6900000000014 6.5000000000000009 56.500000000000007 29.500000000000004 244.74000000000004 293.05000000000007 238.01000000000002 738.23500000000013 3.5000000000000004 168.04000000000005 12505.535000000002 4.5000000000000009 22.500000000000004 2.5000000000000004 21369.865000000002 399.03000000000003 16.500000000000004 4407.0950000000003 3.5000000000000004 138.50500000000002 2069.5650000000005 8086.4300000000012 21.500000000000004 4210.3950000000013 1.0000000180025095e-35 1.0000000180025095e-35 27.500000000000004 39.910000000000004 16.500000000000004 3846.1350000000007 5712.7400000000007 3.5000000000000004 954.42000000000019 7242.4750000000013 45.500000000000007 44.500000000000007 10.500000000000002 4944.5650000000014 124.93000000000002 10241.440000000001 52.500000000000007 40.500000000000007 22.500000000000004 28.500000000000004 3.5000000000000004 525.78000000000009 6.5000000000000009 51.500000000000007 4013.4850000000006 26.500000000000004 722.24500000000012 18.500000000000004 4.5000000000000009 1.0000000180025095e-35 3.5000000000000004 33.500000000000007 10241.440000000001 25.500000000000004 6018.7100000000009 16.500000000000004 95.500000000000014 6018.7100000000009 60.500000000000007 64.500000000000014 9.5000000000000018 3.5000000000000004 74.500000000000014 3.5000000000000004 41.500000000000007 2962.1900000000005 6.5000000000000009 73.925000000000026 9.5000000000000018 39.500000000000007 5712.7400000000007 27.500000000000004 320.40500000000003 3.5000000000000004 28.500000000000004 2030.5500000000002 55.500000000000007 1381.4100000000003 67.500000000000014 26.500000000000004 5.5000000000000009 1737.9550000000002 2.5000000000000004 320.53500000000003 328.49500000000006 4.5000000000000009 7.5000000000000009 538.0100000000001 2544.6300000000006 24.500000000000004 16.500000000000004 2.5000000000000004 209.00500000000002 16.500000000000004 19.500000000000004 250.03500000000003 803.35000000000002 2896.6700000000005 42.500000000000007 53.500000000000007 1.0000000180025095e-35 1591.4150000000002 148.02500000000003 1469.7450000000001 17.500000000000004 148.02500000000003 39.500000000000007 507.05000000000007 38.500000000000007 2544.6300000000006 1.0000000180025095e-35 382.89500000000004 3.5000000000000004 1619.0550000000001 20.500000000000004 75.500000000000014 2716.0150000000003 2.5000000000000004 7.5000000000000009 399.03000000000003 4210.3950000000013 382.89500000000004 1054.3550000000002 1169.1900000000003 2.5000000000000004 220.04000000000005 1.5000000000000002 576.95000000000016 2716.0150000000003 640.05000000000007 4.5000000000000009 225.80500000000004 68.500000000000014 1.0000000180025095e-35 1955.8800000000003 27.910000000000004 84.905000000000015 274.94500000000005 48.405000000000008 1817.5700000000004 15.500000000000002 10.500000000000002 35.645000000000003 4.5000000000000009 8.5000000000000018 4.5000000000000009 7.5000000000000009 3154.1800000000007 2544.6300000000006 41.500000000000007 455.94000000000005 76.500000000000014 20.500000000000004 2030.5500000000002 561.50000000000011 9612.7750000000033 1039.1450000000002 3846.1350000000007 7.5000000000000009 23.500000000000004 32.500000000000007 496.64000000000004 30.500000000000004 68.500000000000014 27.500000000000004 11.500000000000002 49.500000000000007 1299.6300000000003 2.5000000000000004 38.500000000000007 2.5000000000000004 64.500000000000014 2.5000000000000004 2716.0150000000003 5.5000000000000009 18.500000000000004 293.05000000000007 143.03500000000003 76.500000000000014 10952.565000000001 1351.7300000000002 1.0000000180025095e-35 343.34000000000009 7.5000000000000009 437.13000000000005 1800.075 25.500000000000004 1950.1700000000003 18.500000000000004 6.5000000000000009 27.500000000000004 399.03000000000003 7.5000000000000009 19.830000000000002 89.805000000000021 329.84000000000009 32.500000000000007 14.500000000000002 32.500000000000007 1950.1700000000003 2.5000000000000004 838.46500000000015 1.0000000180025095e-35 382.89500000000004 7.5000000000000009 24.500000000000004 15.500000000000002 171.59500000000003 1321.1800000000003 1.0000000180025095e-35 12.500000000000002 551.68500000000006 75.500000000000014 2.5000000000000004 3447.6850000000004 51.500000000000007 73.925000000000026 25.500000000000004 443.07500000000005 485.49500000000006 1498.9550000000002 39.500000000000007 10.500000000000002 35.500000000000007 9612.7750000000033 446.34000000000009 3.5000000000000004 3.5000000000000004 1498.9550000000002 7.5000000000000009 93.095000000000013
decision_type=2 2 2 2 2 2 2 2 2 2 2 2 2 2 2 2 2 2 2 2 2 2 2 2 2 2 2 2 2 2 2 2 2 2 2 2 2 2 2 2 2 2 2 2 2 2 2 2 2 2 2 2 2 2 2 2 2 2 2 2 2 2 2 2 2 2 2 2 2 2 2 2 2 2 2 2 2 2 2 2 2 2 2 2 2 2 2 2 2 2 2 2 2 2 2 2 2 2 2 2 2 2 2 2 2 2 2 2 2 2 2 2 2 2 2 2 2 2 2 2 2 2 2 2 2 2 2 2 2 2 2 2 2 2 2 2 2 2 2 2 2 2 2 2 2 2 2 2 2 2 2 2 2 2 2 2 2 2 2 2 2 2 2 2 2 2 2 2 2 2 2 2 2 2 2 2 2 2 2 2 2 2 2 2 2 2 2 2 2 2 2 2 2 2 2 2 2 2 2 2 2 2 2 2 2 2 2 2 2 2 2 2 2 2 2 2 2 2 2 2 2 2 2 2 2 2 2 2 2 2 2 2 2 2 2 2 2 2 2 2 2 2 2 2 2 2 2 2 2 2 2 2 2 2
left_child=2 3 6 11 18 15 28 10 9 50 57 20 32 29 23 25 19 163 80 21 22 55 135 38 42 27 49 -4 43 73 58 -13 -6 -14 35 102 68 226 -9 94 41 46 54 -1 123 137 -29 -27 144 96 108 59 82 74 64 -15 60 -7 191 224 78 -62 -21 201 89 -66 -33 -32 120 71 83 72 -52 133 -18 79 91 130 139 104 -3 247 245 90 -34 -77 87 88 116 161 -71 122 -19 -94 112 -88 113 -98 114 -61 119 178 199 118 105 183 -59 -108 109 110 216 239 169 143 -48 251 -26 141 125 -28 150 244 134 126 -16 225 252 -128 -110 -105 205 -41 -133 -5 166 149 231 138 -23 140 -57 -118 -143 -22 -49 147 -147 -43 156 -2 -24 152 -152 154 -125 234 -148 -81 -67 -160 188 -17 -47 164 -11 -158 -25 168 -168 197 171 173 242 -36 248 -175 185 -74 179 181 182 -102 -181 -76 -79 -177 -124 -90 189 190 -161 -20 -127 194 -101 -132 -197 -40 -199 200 -12 204 -203 -204 -64 206 -78 208 -207 -82 -137 -212 -208 214 -136 -216 -8 -218 -39 -58 -221 222 -220 -205 -38 -104 227 228 -10 -228 -229 -75 233 -85 -156 236 237 238 -131 240 241 -111 -172 -243 -122 -53 -87 -50 -174 250 -91 -116 253 -45
right_child=1 4 5 13 12 7 8 14 37 17 34 31 33 16 124 24 53 92 30 62 26 45 36 76 86 47 100 40 -30 -31 67 66 84 -35 170 -37 51 218 39 131 -42 145 -44 44 -46 162 98 48 81 -51 69 52 -54 -55 -56 56 219 106 -60 99 61 -63 63 -65 65 158 -68 -69 -70 70 -72 -73 177 136 75 85 77 184 -80 157 209 -83 -84 232 -86 246 95 -89 187 249 -92 -93 93 -95 -96 -97 97 -99 -100 193 101 -103 103 129 -106 -107 107 -109 128 111 -112 -113 -114 -115 115 -117 117 -119 -120 -121 121 -123 186 153 -126 192 127 -129 -130 235 195 132 -134 -135 213 210 -138 -139 -140 -141 -142 142 -144 -145 -146 146 148 -149 -150 -151 151 -153 -154 -155 155 -157 165 -159 159 160 -162 -163 -164 -165 -166 -167 167 -169 -170 -171 172 -173 174 175 -176 176 -178 -179 -180 180 -182 -183 -184 -185 -186 -187 -188 -189 -190 -191 -192 -193 -194 -195 -196 196 -198 198 -200 -201 -202 202 203 223 -206 207 212 -209 -210 -211 211 -213 -214 -215 215 -217 217 -219 221 220 -222 -223 -224 -225 -226 -227 229 230 -230 -231 -232 -233 -234 -235 -236 -237 -238 -239 -240 -241 -242 243 -244 -245 -246 -247 -248 -249 -250 -251 -252 -253 -254 -255
leaf_value=-0.0081443006700265014 0.046587446198319359 0.016043176792713828 0.042700766047085156 0.047467916356669075 0.05814949244957858 0.033202844034399902 0.028041977488314478 0.045700074222419812 0.032197520645201753 0.033111931276467776 0.039557763813681666 0.056870592893407623 0.061066329193159685 0.055171575861636686 0.044941043298033362 0.038684482603525756 0.05413465919676453 0.01416923521695297 0.051596729377912993 0.057973859591388531 0.024720464158179009 0.033759710331972691 0.040710802383551167 0.018222322416234182 0.0262059460932072 0.037121011864702513 -3.1217624999060518e-05 0.0022478833327529949 0.026958918926273914 0.052100824064635121 0.054397310717774497 0.039756718441378035 0.051358275561344875 0.063132599319406832 0.044038884690085274 0.051969377659576245 0.043085697522669102 -0.0095762530487171881 0.010422849562162774 0.032953314114754793 0.040227920789635323 -0.010284496740482612 0.023622617919953865 -0.0044334229037265131 0.02337125997216332 0.030807613360315091 0.04002213437188875 0.020295781990439309 0.032770742424667904 0.037124667186830655 0.031089175452563077 0.03005309096769708 0.050262522144584362 0.054165612530761457 -0.0072292801185455044 0.042348422045870006 0.051237755103777469 0.061084385483750822 0.054810860817341656 0.0074947309555319641 0.024434915534053477 0.046188511549618332 0.054230473915170087 0.031247419230091091 0.035925732983157183 0.027970591609692747 0.054704289386044797 0.057932949704697638 0.046905038641804397 0.011333047801678004 -0.00072012014873138993 -0.0016583402351281534 0.0019623936318204247 0.018393502886847501 0.042911740060431303 0.058234283224174947 0.018671426576079068 0.036736381122024944 0.048912351886556536 0.023223705218259987 0.049249566491435533 0.011727227296392877 0.012251319062032667 0.03658835974799516 0.032960077147025972 0.049896052577883383 -0.0065978756098281103 -0.0012825009198752565 0.045675841441846762 0.019963837479326813 0.035860095514871737 0.0086073852293053199 -0.005896600120663187 0.013197319511666148 0.0023649360289563766 0.016371573934230034 0.018094497590704157 -0.0065557253283658936 0.040180247490071638 0.046968036189817472 0.021854717989028938 0.017131963285877062 0.022162494646025471 0.018051340991731252 0.048687285566183063 0.034867459318880467 0.037960381829117595 0.054685729200713247 0.0025984902329898372 -0.0018619411872503125 0.047210295324693993 0.026758420614497638 0.028421730397915998 0.042904643123442908 0.022466047753131387 -0.0023432753065885637 0 -0.0062878507461952352 0.0090995851581791628 0.027373025981539862 0.032194307302130881 0.02498838025678524 -0.0040435562042472409 -0.0042331450146168492 0.029829030726621242 0.03862261768987732 0.055539656449312969 -0.0062768153794354187 0.023999646458056564 0.016844437988094683 0.015034386342033381 -0.0047535935803185063 0.022766603913344771 0.030345292310849165 0.046629379356723961 0.018502289825317979 0.02787675374640276 0.015699429020276399 0.014046191794481543 0.041476493739464847 0.02561271123718848 0.0099525285464091215 0.043756608959688158 0.009219505526706721 0.004539355179756014 0.036558081957204967 0.016392122284081476 0.014446589484084183 0.029849001160396092 0.039326928222442846 0.0063233404658162911 0.0027333779095579801 0.026367278197767248 -0.0063478201433991846 0.0078552235823498556 -0.008908987773797037 0.027429854730080302 0.042005488449639528 0.0041199173440883341 0.019708847260186863 -0.0028498933849054491 0.0099471861297277999 0.051928235704048253 0.038283130677062412 0.010880206972134104 0.0043522095456004486 0.022946744909284087 0.022905355517193832 0.04683198232530101 -0.004091163530346378 0.038050543988980057 0.0075677783091808639 0.014448422035002288 0.039703257878802724 0.045996035670345145 0.019334469594148914 0.037647390892999531 0.019432945695189323 0.04788462488025623 0.0052403565607719227 0.035132222469223241 0.037382272524049846 0.027296211568334793 0.056074762227518046 0.014933499817268917 -0.0055316612762245122 0.024144511277291843 0.0238707078137123 0.012548224984146079 0.0023032384141216328 0.045373737216606681 0.044585919784003572 0.019478197896622085 0.025225447616941534 0.02980188859096582 0.015310541172031414 0.042640630764400667 0.031375216067152996 0 0.03775163499692627 0.020872400028369899 0.034805187215468061 0.032027020556409082 0.052314208090094766 0.048054676896213816 -0.0047319405467233875 0.044536487637750664 0.020484905413168428 0.013525043559064824 0.030290557217258741 0.052220850528207789 0.027110490039130519 0.020300078004284312 0.044160849445940537 0.025289328110987878 0.04296406299034719 0.0022551848886392966 0.031855076757687277 0.0088251144039822298 0.046085813678678901 0.032824198972121924 -0.00091233977796122807 0.022369552407580953 0.039473601247912868 0.029781816633244192 -8.5898128647911317e-05 0.021465989504213374 0.031428616849057477 0.010102080235845759 0.04823637950490621 0.009820408102227526 -0.0056539916680439454 0.0042923476515787521 0.0058091855938430179 0.024016635211569718 0.019502731491672882 0.025243417837327052 0.057242926280102462 0.044498623963694132 -0.0068881337713527693 -0.0048711806215566309 0.017460138053174794 0.06010688925009465 -0.0040658571407775753 0.047108286938341362 0.04737364257277981 0.036617599840285744 0.052928045067330266 0.032839198998493704 -0.002147921531207951 0.0037512937429756872 0.0048723826501823539 -0.0060445576803250366 0.012398601390278699
leaf_weight=3085.1834483221173 758.76460444182158 49.835864000022411 81.582879770547152 74.622235186398029 3822.419432669878 138.09086671844125 54.070607777684927 41.928825244307518 145.45339840650558 68.696026168763638 53.359767399728298 277.45546780526638 25356.148536920547 237.99604061245918 255.19272546842694 26.356457393616438 841.8857933729887 340.06469322368503 1348.1750497668982 326.47405561059713 566.76957896724343 273.77914313971996 37.12769890576601 168.71247154101729 240.30268828570843 274.86546331271529 29.417159307748079 81.783307116478682 47.424363389611244 122.82671452313662 3715.8027693927288 1009.7236191853881 763.98230380564928 25525.184339590371 205.8851454667747 101.00249858945608 358.01878473162651 25.913141511380672 355.99032909050584 139.57452804595232 64.763569537550211 66.727448929101229 200.40806072577834 127.71421347558498 56.946091551333666 64.634682916104794 46.801745254546404 201.89488651230931 153.97617992386222 165.4711973965168 46.288821216672659 99.815209001302719 327.96952947974205 1585.8067230731249 95.341530047357082 122.32032049447298 612.13997842371464 145.63957028836012 4081.8185251876712 40.446733489632607 250.74802684038877 127.5639072060585 668.12445162981749 129.6465682759881 44.615789365023375 50.218136053532362 150.49467330425978 8678.9188155755401 75.471108682453632 391.86163653433323 1743.8560331612825 3733.7717068120837 1298.0896999016404 40.603107668459415 475.10567682236433 460.47522078454494 286.69972824305296 170.152488052845 427.81660114228725 88.052221946418285 105.7085740044713 46.408297825604677 44.953230299055576 27.662997294217348 92.666448161005974 755.71505853533745 42.883021760731936 33.635381009429693 82.888105969876051 53.748700253665447 38.092508308589458 54.09951326623559 166.18197878077626 134.21039064228535 210.95113965123892 243.21057130768895 148.10334409028292 41.678531840443611 64.8448316603899 102.14199449121952 78.361891940236092 69.848242774605751 45.182984746992588 153.05706711858511 1554.9217604994774 320.68178273737431 228.1294025182724 204.4544216170907 1104.3729068338871 71.446061182767153 30.180080778896809 35.422056436538696 73.249591127038002 49.83487393707037 485.72726450115442 38.028860408812761 28.786866784095764 39.126717172563076 161.19130063802004 87.132428586483002 234.39876502379775 316.16611738875508 25.61516147851944 3829.7492365576327 134.64783696457744 73.193070158362389 21.512921810150146 40.701947119086981 33.944354444742203 37.390515591949224 52.066864773631096 28.952021680772305 145.7085372172296 345.6927167698741 54.645882926881313 56.142512828111649 77.936659894883633 96.34132020175457 53.871193736791611 1185.2041563913226 179.6978357732296 35.788787994533777 32.195938467979431 75.336368374526501 89.04580370336771 37.444315753877163 214.42188774049282 53.581909608095884 43.870982367545366 707.45688720792532 52.379610028117895 55.234676353633404 225.89528007060289 3087.3635612018406 149.22778490185738 106.84247424826026 26.649284586310387 102.62524764239788 394.98679256439209 110.05102864652872 60.516081117093563 50.770287293940783 113.23517563194036 114.76593681424856 69.878405593335629 356.6034879796207 53.102333292365074 154.24284981563687 83.919263832271099 48.684871859848499 58.087177015841007 73.700347594916821 47.131101652979851 95.548830967396498 112.07792688906193 54.319326661527157 68.161181204020977 44.570386059582233 100.50141539424658 55.988682717084885 112.11226135492325 1005.4436775296926 62.923283495008945 135.79326292872429 40.270734377205372 31.957759004086256 38.156963679939508 56.16121918708086 1026.9982331395149 34.496634371578693 33.991484358906746 520.88587123155594 85.001112200319767 262.79313419759274 232.8687304854393 33.90630991011858 79.07064813375473 75.259522896260023 28.455935303121805 185.29452359676361 168.34242555126548 293.7585271447897 76.956661909818649 591.34327926486731 1922.0683104619384 53.938141193240881 48.398104596883059 244.86364116147161 245.88300383836031 76.546122960746288 44.683695092797279 67.335216782987118 48.064311146736145 118.984300352633 276.03468107804656 58.460673853754997 81.899994477629662 23.620450135320425 299.14408046752214 918.40213916450739 124.91145194321871 64.057767920196056 147.5922056697309 129.27335142344236 115.56829263269901 44.205832917243242 46.138548068702221 31.25565767660737 42.883759401738644 37.412995465099812 156.21226670965552 33.546330738812685 1114.6387300528586 64.312751282006502 60.777834884822369 79.644441407173872 135.11295260861516 52.576062425971031 37.22897370159626 86.747649122029543 83.085435688495636 141.04592024534941 82.8521329164505 25.938576016575098 83.302918314933777 85.469823397696018 101.36276623606682 41.697874084115028 146.34252421557903 237.13240474462509 329.7488615848124 38.181026693433523 207.68344222381711 112.60591144114733
leaf_count=56351 4152 466 510 358 7898 1082 616 335 1387 721 431 1085 35205 968 1722 257 3180 4622 4586 1165 5525 1843 278 1933 2490 2259 369 1093 529 579 10841 6171 2484 23808 1338 457 2323 427 4658 1431 546 1042 2253 2204 560 446 385 2212 1372 1330 530 756 1634 5190 1481 641 2751 473 11616 419 1990 656 2396 913 480 593 558 18839 413 5769 28529 62224 21039 417 2444 1425 3291 1418 2103 602 537 534 420 319 544 2921 652 439 620 671 448 622 2724 1837 2972 2980 1714 584 558 626 703 651 485 1540 6512 2030 1467 773 16990 1099 264 428 831 333 5319 497 371 548 1904 818 1841 2746 366 67673 1124 638 207 716 420 380 544 425 1651 2733 421 569 706 799 486 7034 1482 443 276 828 1089 391 2571 658 434 5033 579 611 1962 55575 2442 1939 311 478 5850 1377 868 658 478 1122 885 4897 505 1727 659 675 410 793 471 584 715 468 511 605 594 616 822 7914 536 433 407 369 431 562 13562 508 311 2316 919 2242 1790 384 634 796 402 1372 1609 1724 480 2315 8697 740 369 2585 2857 500 288 599 546 967 2716 444 1122 230 4225 4625 851 934 1735 673 858 600 468 346 526 275 2046 440 17329 974 868 787 1292 306 255 1350 1333 1871 366 398 520 483 492 234 1145 3772 4758 498 3702 1758
internal_value=0.0430611 0.0558774 0.00815529 0.0431133 0.0600967 0.0229887 -0.000274354 0.0286966 0.00407453 0.00296339 0.0347646 0.0362161 0.0616427 0.0467493 0.0238834 0.0163925 0.0473329 0.0148201 0.0554665 0.0453091 0.0344506 0.0424681 0.0370548 0.0220914 0.0128215 0.0214759 0.0301118 0.0182283 -0.00511367 0.0337516 0.0557024 0.0447863 0.0565828 0.0621055 0.0310683 0.0274442 0.0340663 0.0164927 0.0160952 0.0148843 0.0169381 0.015911 0.0105597 -0.00525923 -0.00411517 0.0326494 0.0210157 0.0282397 0.0235195 0.0244704 0.00192834 0.037293 0.0435445 0.0501292 0.00951099 0.0438609 0.0431491 0.0469513 0.0532239 0.0340728 0.0402523 0.0320007 0.0485725 0.0477346 0.0101709 0.0122195 0.041795 0.0568828 0.0290077 0.00114284 0.00323368 -0.000235649 0.00357853 0.029629 0.0487819 0.0476248 0.0249543 0.0219497 0.0418421 0.0454578 0.036462 0.032825 0.0335813 0.00744852 0.0494611 0.0519447 0.0202141 0.0239622 0.0256281 0.00498127 0.0136852 0.028504 0.00879857 0.00263204 0.0108396 0.012872 0.0220057 0.0126169 0.0232662 0.0295486 0.0337587 0.0347645 0.0254705 0.022733 0.0463265 0.0422794 0.0500917 0.0461037 0.00568691 0.00996095 0.02152 0.00492014 0.0138775 0.0245226 0.0213224 0.0196108 0.0210747 0.0116803 0.0173951 0.020488 0.0275625 0.0308234 0.0295188 -0.00432456 0.0399259 0.0226398 0.00116415 0.0160067 0.00328641 0.0270331 0.0197972 0.0249215 0.018146 0.0336193 0.030575 0.0420294 0.0182432 0.0273689 0.0306537 0.0397386 0.0326577 0.0190266 0.0268972 0.0229516 0.0155714 0.011034 0.0128422 0.000704294 0.0113331 0.0431494 0.0218234 0.0194608 0.0227021 -0.00471328 -0.00349139 0.00541312 0.00986231 0.0337153 0.0115544 0.011019 0.0131536 0.0206235 0.0447369 0.0298155 0.0222867 0.00611693 0.0259921 0.0303037 0.0381105 0.0116592 0.0362332 0.0323067 0.0407032 0.0362339 0.0352736 0.0294676 0.0226444 0.00257782 0.0356022 0.0345845 0.0261992 0.0363111 0.0172526 0.0460274 0.0327907 0.0100939 0.0128916 0.0374031 0.0139686 0.0218541 0.0263722 0.049698 0.0287699 0.0309941 0.0353131 0.0289715 0.0349344 0.0133594 0.0229561 0.0313842 0.0257278 0.0482952 0.0448855 0.0484894 0.0496922 0.0180957 0.0225134 0.0148987 0.0101979 0.0417564 0.031813 0.0379549 0.0332194 0.0345858 0.0314217 0.0286451 0.0160757 0.00944333 0.0105185 0.0471026 0.0445735 0.0115908 0.013402 0.0501402 0.0399991 0.0112894 0.0233755 0.0207248 0.027378 0.0344176 0.0137696 0.00751997 0.00519897 0.0157545 0.0127621 0.0308959 0.0341436 0.0429832 0.0315735 0.00287981 0.00557249 0.00926361 0.0517461 0.0140487 0.0364063 0.0385168 0.0484262 0.0376089 0.0286039 0.00296132 0.00614127 0.0212263 -0.000936812 0.00344947
internal_weight=134877 98653.1 36223.8 24515 74138.1 13125.3 23098.5 7032.05 12164.8 11168.7 3104.16 8471 55560.4 16044 3927.88 6093.26 15348.7 893.797 18577.7 8926.31 7033.33 4788.66 4384.4 3538.04 3584.36 2508.9 2648.92 1701.01 10933.7 695.228 18345.6 1437.67 4679.07 50881.3 2387.85 1411.78 2750.02 996.064 1148.76 1106.83 1619.43 1554.67 2749.38 10886.3 7801.13 601.862 755.367 807.889 533.023 1047.19 10274.9 1670.05 558.208 6422.43 2548.97 4186.8 3948.8 716.314 5950.88 1111.84 2293.35 378.312 4137.65 3811.17 2453.63 1755.87 1160.22 12394.7 1079.98 8503.15 3380.42 5122.72 1388.95 572.401 4836.62 3994.73 2389.29 1303.31 1915.04 2677.18 232.091 242.082 230.238 1636.57 856.649 1317.55 834.979 548.886 515.25 697.757 429.954 1085.97 640.457 300.392 792.591 286.094 881.723 189.782 673.584 638.251 1601.73 1485.18 1310.78 903.784 2486.5 931.581 578.223 432.584 1771.77 633.457 189.771 443.686 581.64 691.941 608.739 561.937 376.201 135.898 408.774 116.55 1004.51 633.868 1031.87 7744.18 389.841 247.583 510.218 62.2149 1138.32 495.01 1092.89 314.235 174.661 420.315 968.102 1634.38 152.086 423.992 327.65 1487.22 302.018 96.7716 67.9847 642.106 290.941 799.299 678.99 120.309 641.546 1466.22 370.637 333.51 278.275 7233.96 4146.6 316.848 597.675 190.677 1711.26 1661.04 1266.05 77.1267 177.87 253.34 138.574 383.253 459.977 291.264 137.022 508.391 976.063 529.573 446.491 455.872 305.552 249.987 154.438 1342.66 1415.33 1314.83 231.024 1083.81 118.912 610.899 210.423 86.2771 63.7721 139.049 1205.54 178.539 144.043 1869.06 158.194 597.804 335.011 165.044 112.977 459.706 103.715 406.997 221.702 3681.52 1091.33 797.573 2590.19 927.847 383.162 544.685 299.821 182.255 168.161 112.019 96.4624 508.126 389.141 334.495 159.591 105.52 536.707 1655.45 1043.31 510.794 446.736 720.617 473.587 89.3888 459.357 375.805 188.337 83.5515 187.468 74.1494 1206.61 91.9757 210.006 341.953 262.309 127.196 74.6195 408.264 321.516 238.431 140.939 166.984 317.702 185.285 857.078 195.674 193.474 620.63 383.498 523.908 448.004 240.32
internal_count=780798 258389 522409 138749 119640 139718 382691 65528 188167 175798 23940 62293 69939 76456 41588 74190 71223 11911 49701 45516 54479 27153 31142 38742 46780 27410 23337 19710 194524 5233 48198 7814 10926 59013 20145 12975 20501 12369 14176 13841 19200 18654 37399 193995 137644 4052 8350 7700 5441 10314 163887 11551 3293 25707 35146 23101 22133 3795 18518 8258 13906 2646 18363 17198 33665 23549 6729 29680 8950 137766 53368 84398 22174 4654 20517 17337 24566 13775 11260 12499 1503 2140 1659 24839 3028 4838 9381 5749 5310 10116 6217 10791 9183 4561 10334 3632 8984 2298 7257 5077 13023 11836 12518 9106 11419 4907 2713 2240 26121 8711 2232 6479 7362 6686 6699 6314 4128 1638 4546 1187 8537 5107 10169 137084 2846 2642 8587 923 17410 4560 11950 3507 2076 3091 9372 10641 1563 3128 2329 9157 2123 1090 719 6353 3301 10304 8604 1700 8213 9185 3430 3152 2541 128497 72922 5249 7779 1080 23069 22476 16626 915 924 2728 1606 5208 4824 2891 1164 6531 7170 4063 3107 3270 2331 1932 1348 21644 11185 10591 1974 8617 1152 2877 1825 837 797 1182 15758 2196 1688 6902 1557 4658 2416 1562 1018 5856 1198 3412 2040 16285 5192 3468 11093 10388 4206 6182 3597 1037 1456 887 915 4548 3581 3160 1968 1352 7321 8227 5476 6894 5960 2988 3181 1085 5048 4305 1913 743 2392 857 18622 1293 3310 3020 2233 941 635 6051 4701 3368 776 2269 2361 1239 3413 1606 1616 9201 5429 5817 7664 3962
is_linear=0
shrinkage=0.01


Tree=11
num_leaves=255
num_cat=0
split_feature=6 6 4 4 6 4 4 6 6 6 6 8 8 4 6 4 4 4 7 6 6 6 6 8 4 3 4 7 4 8 6 3 8 6 3 3 6 6 6 4 3 3 3 0 3 3 3 4 8 6 6 3 7 4 3 6 3 6 0 3 6 6 3 6 8 0 7 3 4 3 8 3 6 4 0 6 0 0 4 0 6 4 3 0 3 0 0 3 6 4 0 4 0 0 3 3 3 3 3 3 3 6 4 6 0 4 0 0 0 4 3 3 4 3 0 0 4 4 6 6 7 7 3 3 0 4 0 3 3 3 6 4 3 3 3 4 3 3 4 3 3 3 0 0 0 6 8 8 6 3 6 3 0 4 0 0 8 4 6 4 0 0 0 0 8 0 0 3 0 6 0 3 3 6 6 0 3 3 6 0 3 4 4 0 0 3 4 6 3 3 4 3 3 3 0 4 0 6 7 4 3 0 8 6 3 6 6 3 3 3 3 0 6 3 6 3 4 0 6 3 4 3 3 6 6 0 0 8 3 4 0 0 6 3 3 0 4 4 0 3 3 4 4 3 3 3 4 0 0 0 8 3 4 0
split_gain=547999 57033.1 33158.7 7623.32 6585.65 6264.65 5866.81 2988.08 2168.23 1694.02 1376.86 1199.26 1081.54 845.943 759.127 722.412 522.105 518.85 467.041 433.194 430.781 417.642 410.465 396.346 392.916 365.25 360.713 350.014 484.13 344.287 339.509 335.903 324.067 276.632 271.434 256.778 285.855 254.54 223.489 219.326 217.04 213.228 201.528 198.631 197.463 246.709 270.37 270.673 196.499 193.838 188.797 187.585 183.065 313.146 204.679 188.68 181.049 175.73 168.947 162.214 161.41 161.062 160.199 493.779 159.697 158.898 164.308 157.64 156.114 149.018 147.502 145.314 141.433 141.285 140.452 140.302 139.628 139.861 139.396 136.449 132.383 286.032 131.389 130.391 130.1 129.133 125.88 159.837 142.192 123.68 140.293 122.746 149.315 138.378 151.65 122.559 120.382 118.978 221.173 146.022 146.125 136.097 208.474 147.954 118.545 117.159 114.646 212.87 113.108 113.746 300.58 278.316 112.726 110.958 110.95 108.182 107.93 172.008 122.99 106.87 114.171 286.934 105.893 141.11 105.468 157.04 111.556 105.394 104.947 102.438 213.071 98.4732 110.288 246.42 97.1014 96.4785 94.7265 111.751 374.831 92.6087 92.5948 230.642 161.944 139.206 208.214 135.164 92.3663 136.955 135.724 128.242 94.7814 92.2537 98.176 92.7384 91.9697 90.2651 89.9617 89.9502 117.211 89.8289 108.342 121.84 89.0723 118.754 88.8006 87.6104 87.4768 87.4006 98.2723 87.0867 86.8259 86.3888 115.805 86.2881 97.0909 92.3034 86.1913 141.462 96.8695 218.413 85.1694 308.4 147.842 154.12 131.96 94.1391 84.9334 84.0536 132.62 131.416 115.74 83.1447 151.758 143.764 140.951 161.751 98.0312 82.803 82.747 82.5641 82.3488 82.3266 80.2892 80.0583 79.8928 79.4068 113.384 78.9517 190.333 78.896 108.651 78.2335 76.2051 83.6667 124.131 75.9682 163.462 74.8421 74.685 93.2803 106.05 74.01 73.5199 75.9244 144.727 73.3846 130.41 73.0737 71.3746 71.0435 70.8349 70.7387 84.5985 70.2115 69.3371 239.478 120.842 135.622 211.904 170.73 114.928 95.1678 126.071 98.5727 112.779 97.5866 90.1276 114.464 89.8373 71.9592 68.9491 86.0514 199.328 68.0404
threshold=437.13000000000005 2493.0450000000005 49.500000000000007 9.5000000000000018 6669.4150000000009 516.50000000000011 6.5000000000000009 913.61500000000012 119.84000000000002 116.95500000000001 1106.8950000000002 4.5000000000000009 4.5000000000000009 4.5000000000000009 99.930000000000021 90.500000000000014 2.5000000000000004 93.500000000000014 3.5000000000000004 3692.4500000000003 1508.5450000000003 14765.125000000002 320.40500000000003 2.5000000000000004 2.5000000000000004 10.500000000000002 1.5000000000000002 3.5000000000000004 9.5000000000000018 2.5000000000000004 257.02500000000003 31.500000000000004 1.0000000180025095e-35 4264.2000000000016 91.500000000000014 197.50000000000003 43.030000000000008 227.02000000000001 708.94500000000005 57.500000000000007 137.50000000000003 267.50000000000006 230.50000000000003 1.0000000180025095e-35 204.50000000000003 81.500000000000014 39.500000000000007 16.500000000000004 2.5000000000000004 84.905000000000015 455.94000000000005 4.5000000000000009 3.5000000000000004 162.50000000000003 10.500000000000002 4.8900000000000015 32.500000000000007 23.905000000000005 3.5000000000000004 145.50000000000003 232.24500000000003 98.995000000000019 153.50000000000003 390.91000000000003 4.5000000000000009 1.0000000180025095e-35 2.5000000000000004 31.500000000000004 178.50000000000003 38.500000000000007 2.5000000000000004 169.50000000000003 738.23500000000013 15.500000000000002 1.5000000000000002 177.05000000000004 94.500000000000014 3.5000000000000004 24.500000000000004 5.5000000000000009 343.34000000000009 66.500000000000014 63.500000000000007 13.500000000000002 197.50000000000003 17.500000000000004 8.5000000000000018 102.50000000000001 143.03500000000003 40.500000000000007 27.500000000000004 113.50000000000001 11.500000000000002 1.0000000180025095e-35 137.50000000000003 202.50000000000003 12.500000000000002 97.500000000000014 93.500000000000014 49.500000000000007 75.500000000000014 33.215000000000011 63.500000000000007 25.905000000000005 25.500000000000004 26.500000000000004 32.500000000000007 9.5000000000000018 32.500000000000007 32.500000000000007 63.500000000000007 82.500000000000014 336.50000000000006 197.50000000000003 31.500000000000004 26.500000000000004 170.50000000000003 131.50000000000003 53.805000000000007 95.865000000000009 2.5000000000000004 1.5000000000000002 55.500000000000007 31.500000000000004 23.500000000000004 16.500000000000004 30.500000000000004 70.500000000000014 61.500000000000007 175.50000000000003 314.04500000000002 9.5000000000000018 137.50000000000003 39.500000000000007 81.500000000000014 115.50000000000001 378.50000000000006 251.50000000000003 37.500000000000007 22.500000000000004 21.500000000000004 28.500000000000004 19.500000000000004 23.500000000000004 17.500000000000004 343.34000000000009 4.5000000000000009 2.5000000000000004 1321.1800000000003 67.500000000000014 1775.6400000000001 3.5000000000000004 165.50000000000003 164.50000000000003 39.500000000000007 8.5000000000000018 4.5000000000000009 34.500000000000007 350.04500000000002 162.50000000000003 43.500000000000007 6.5000000000000009 22.500000000000004 6.5000000000000009 2.5000000000000004 1.5000000000000002 1.5000000000000002 26.500000000000004 3.5000000000000004 47875.92500000001 321.50000000000006 48.500000000000007 74.500000000000014 95.865000000000009 89.805000000000021 114.50000000000001 127.50000000000001 86.500000000000014 162.63500000000002 11.500000000000002 110.50000000000001 41.500000000000007 55.500000000000007 75.500000000000014 42.500000000000007 44.500000000000007 2581.5000000000005 1106.8950000000002 79.500000000000014 44.500000000000007 19.500000000000004 58.500000000000007 155.50000000000003 28.500000000000004 4.5000000000000009 32.500000000000007 15.500000000000002 455.94000000000005 3.5000000000000004 57.500000000000007 6.5000000000000009 14.500000000000002 2.5000000000000004 39.910000000000004 384.50000000000006 33.215000000000011 48.405000000000008 69.500000000000014 81.500000000000014 7.5000000000000009 17.500000000000004 69.500000000000014 553.67500000000007 127.50000000000001 723.65500000000009 42.500000000000007 31.500000000000004 11.500000000000002 79.995000000000019 22.500000000000004 109.50000000000001 20.500000000000004 39.500000000000007 856.54000000000008 803.35000000000002 3.5000000000000004 31.500000000000004 2.5000000000000004 25.500000000000004 15.500000000000002 4.5000000000000009 7.5000000000000009 189.63000000000002 151.50000000000003 47.500000000000007 90.500000000000014 188.50000000000003 197.50000000000003 7.5000000000000009 24.500000000000004 18.500000000000004 192.50000000000003 205.50000000000003 92.500000000000014 70.500000000000014 54.500000000000007 251.50000000000003 31.500000000000004 59.500000000000007 52.500000000000007 2.5000000000000004 93.500000000000014 24.500000000000004 1.0000000180025095e-35
decision_type=2 2 2 2 2 2 2 2 2 2 2 2 2 2 2 2 2 2 2 2 2 2 2 2 2 2 2 2 2 2 2 2 2 2 2 2 2 2 2 2 2 2 2 2 2 2 2 2 2 2 2 2 2 2 2 2 2 2 2 2 2 2 2 2 2 2 2 2 2 2 2 2 2 2 2 2 2 2 2 2 2 2 2 2 2 2 2 2 2 2 2 2 2 2 2 2 2 2 2 2 2 2 2 2 2 2 2 2 2 2 2 2 2 2 2 2 2 2 2 2 2 2 2 2 2 2 2 2 2 2 2 2 2 2 2 2 2 2 2 2 2 2 2 2 2 2 2 2 2 2 2 2 2 2 2 2 2 2 2 2 2 2 2 2 2 2 2 2 2 2 2 2 2 2 2 2 2 2 2 2 2 2 2 2 2 2 2 2 2 2 2 2 2 2 2 2 2 2 2 2 2 2 2 2 2 2 2 2 2 2 2 2 2 2 2 2 2 2 2 2 2 2 2 2 2 2 2 2 2 2 2 2 2 2 2 2 2 2 2 2 2 2 2 2 2 2 2 2 2 2 2 2 2 2
left_child=2 3 6 10 13 9 11 15 18 35 16 14 23 33 25 48 43 20 69 215 40 -14 34 128 29 74 67 28 -10 31 -26 -16 49 -3 253 52 42 73 84 -25 83 95 -37 82 45 46 47 205 50 -7 -5 -30 53 218 -54 68 -19 165 -58 91 -33 106 80 -64 70 200 -67 -12 -56 114 -21 -61 76 131 -1 86 77 -17 -46 119 81 -24 -2 156 -18 136 87 122 -89 187 -91 93 -93 -36 154 129 115 98 99 173 101 102 -101 225 -47 -87 107 -48 109 111 -111 139 151 -73 167 -68 117 118 -103 120 121 -59 123 -75 125 127 -126 -52 -6 140 -131 132 133 228 -102 -74 137 197 -139 -88 145 142 -142 144 -143 162 147 148 -28 150 -149 -55 153 -153 201 -115 250 158 -145 160 161 -79 163 -39 -97 -27 -82 -8 -169 -23 233 -146 -173 174 175 -57 177 178 179 -133 182 -182 184 185 -107 -184 -51 189 -189 -85 -191 193 194 196 195 -193 -77 -50 203 -120 -34 -95 -22 -76 -69 -20 -207 -31 -209 -49 -211 -168 -129 214 -214 216 -15 -70 -4 220 -220 -45 -127 224 -224 -104 -227 -223 -29 -63 -208 -188 -233 -114 236 241 -155 238 -238 240 249 243 -243 244 245 -236 -239 -248 -249 -240 251 -9 -253 -11
right_child=1 4 5 7 12 32 8 17 27 22 26 -13 21 19 24 72 38 56 44 64 202 169 62 39 30 57 146 37 51 207 -32 60 65 -35 59 36 -38 41 -40 -41 -42 -43 -44 221 78 104 61 209 85 186 124 -53 54 112 55 97 58 79 -60 71 -62 229 63 -65 -66 66 96 204 217 -71 -72 113 135 75 198 191 -78 159 -80 -81 166 -83 -84 89 -86 105 108 88 -90 90 -92 92 -94 94 -96 164 -98 -99 -100 100 134 116 103 -105 -106 180 -108 -109 -110 110 -112 -113 170 155 -116 -117 -118 -119 199 -121 -122 -123 -124 -125 126 222 -128 212 -130 130 -132 176 -134 -135 -136 -137 -138 138 -140 -141 141 143 -144 157 171 -147 -148 149 -150 -151 -152 152 -154 234 -156 -157 -158 -159 -160 -161 -162 -163 -164 -165 -166 -167 211 168 -170 -171 -172 172 -174 -175 -176 -177 -178 -179 -180 -181 181 -183 183 -185 -186 -187 231 188 -190 190 -192 192 -194 -195 -196 -197 -198 -199 -200 -201 -202 -203 -204 -205 -206 206 230 208 -210 210 -212 -213 213 -215 -216 -217 -218 -219 219 -221 -222 227 223 -225 -226 226 -228 -229 -230 -231 -232 232 -234 -235 235 -237 237 246 239 -241 -242 242 -244 -245 -246 -247 247 248 -250 -251 -252 252 -254 -255
leaf_value=0.038177120152133551 0.049963165365238614 0.052076023003171046 -0.0048670631142522661 0.048524821499342653 0.046415815019585034 -0.0081215413380512236 0.0028285337222200856 0.036841237903985954 0.040990822924443025 0.015118690783636734 0.057567874877077117 0.049268308047565615 0.0574987968333254 0.045852002065918766 0.052030371358375266 0.0011436121596435881 0.030947371862988373 0.0071709731886359478 0.0048036052369318082 0.051287718865496879 0.042856305667081748 0.059012958843077452 0.042785944536893314 0.049055727051867719 0.021058515613091199 -0.0039273387949146036 0.037830523898234783 0.012965577308847002 0.02297426888824404 0.034268121090855204 0.033295458535104891 0.044868972060733155 0.0070100448401410765 0.05535549529937632 0.041102370147180906 0.022262148644176055 0.032860342159145121 0.0086222290107138624 0.039349432797094831 0.031604524559312897 0.038747841753010083 0.038421945152292171 -0.0055685685095154527 0.049609672666484556 0.040114086007831062 0.00066311929626875789 0.023021878004834909 0.020320339603995711 0.014654913892419005 -0.0067944109985616135 0.041077979598753415 -0.0017741931545696525 0.020635944602449025 -0.0078192469239416352 0.036652806190656771 0.001658854413469004 0.010506638945526985 0.032346144567656845 0.032662367178403019 -0.0047931050776496521 0.029214311753640282 -0.0095104111110782992 0.0046895073041098552 0.05322311293961627 0.05343777109546833 -0.0021926661084472874 -0.0019350483753733752 0.047770886460601458 0.019828575671423584 -0.010351647553767758 0.045525124829006225 0.025196659580581655 0.032782606594252674 -0.0045607698859244216 0.022719659359377507 0 -0.0096339968378613399 0.030904720391919778 0.0097377609392443418 -0.00018753736443650901 0.0022346667947149967 0.013417182473056012 0.042902290664837875 0.044123372377316825 0.041630152515607241 0.037534412039898435 0.025228664603205039 0.0051668708623114198 0.034112040798515542 0.017286861096675838 0.034684562686384382 -0.0032645166997126379 0.023975995410745337 0.017352751096548592 0.041838217337338286 0.022735206576064954 -0.0070980566107605326 -0.0013515389851964843 0.026975071779796991 0.043142811820776159 -0.0082341767724141649 -0.0017853694692560344 -0.0094100467470713475 0.028073779677072683 0.019976782812908277 0.026206987971167005 0.03468298264275068 0.0088961236052361378 0.010246683591670214 0.04741180373438228 0.0083590905254610198 0.039580226370377884 7.944174272280344e-05 -0.00033663557532117412 -0.0082126602067046812 -0.0054116265846578708 0.027731764721158056 -0.0080843889635357803 -0.0035011736525478792 0.0030796232185267155 0.025231143975315718 0.00016509362763201323 -0.00319030360545488 0.022005014139439588 0.047812580674451793 0.013336540105432053 0.025227569660092656 0.01664729489731984 0.055662009025298609 0.049194633493593064 0.015788809992941709 -0.00018373918715490253 0.034117626337523868 -0.0015897699888749346 0.0060095826915956534 0.012972347903919119 0.0071207798374260346 0.016356846602982346 0.052209505738388673 0.0054034765043282544 -0.00072315477300354241 0.022426626324544754 0.022795036925427861 0.04266759650461921 -0.0053304157178346804 0.037932298940867019 0.04656194564285536 0.021640087849182234 0.046072223526383731 0.041186619829336503 0.039389928944571787 0.023834304862764007 0.00965437271775413 -0.0047272461936864974 0.033930044225105822 0.01950361453128166 0.040157855420775539 0.022685424425171519 0.019581753180487396 0.0018001691942353729 0.032644092021053908 0.009636136995440801 0.0080566336654937093 0.033218650921802879 0.0012274465910936197 0.013742341488032174 0.017199719904412391 -0.0030072494082073005 0.021082021181547263 0.06046004743287009 0.011744261298895038 0.025218092390650437 0.002123861102803716 -0.0055454088352495205 0.016680722212727778 0.015154027917913863 0.010285284416158107 0.042740720272452334 0.029490674215339147 0.034068527603985765 0.010862388650428309 0.044008629143987496 0.0069404152851515613 0.04014341603430259 0.041680141000517201 0.021524152565922154 -0.0039525828878976691 0.036093054351664426 0.050630294229493611 0.039200556477834346 0.017479548554575206 0.012992415188229658 -0.0025536425882345271 -0.0018937996599665554 0.010853050991444999 0.043415871731518209 0.023391826746179244 0.025062857876853202 0.035847799349543234 0.015771543373865243 -0.0012109418884105538 0.00057772003225042097 0.038855099967689703 0.00066900038225542122 0.053923542953112684 0.034885734634963507 0.00014941176659793962 0.0067089152091324104 0.030350758095442243 -0.0072124014925987676 0.0048571637020458696 0.0014739526653629925 0.033311821771027754 0.037452510592750635 0.0085695280886919235 0.047455876131102429 0.025402077664942575 -0.0038909980403229829 0.00022035847661734293 -0.0069122115484685377 0.024985026727752279 0.034725311595822046 0.025225264676746843 0.01353371847428188 0.041949867158532862 0.019127983401040754 -0.0093486673976330183 0.04122459059899402 0.036172781213935606 0.0098218996649192657 0.018525506838563674 0.02424650526981623 0.00066740950571879724 0.018119938921534944 0.022036251650582636 0.027088509837905627 0.028838880767654746 -7.9230231336701733e-05 -0.0092432264282271467 -0.01003400586881256 0.030756989229178418 -0.0064331005261345784 0.0046841262493418937 -0.0018082179783230679 0.029796002612951723 -0.0021197745540069224 0.0074639805296206323 -0.0050805222797219709 0.0046348607117701716 0.015673002800036057 0.026762798908915603 0.032636091172050151 0.0067276813295518382 0.0073177438132304073
leaf_weight=158.45655865222216 604.04140295088291 6102.8968344032764 725.06322164833546 68.357656300067902 216.87209979444742 3062.500733025372 410.43852869048715 256.23222310096025 36.987145271152258 123.74897728487849 287.21349234879017 355.85555347800255 18092.416032671928 144.25497867166996 232.72217456251383 76.267016425728798 871.26631972193718 58.638067089021206 48.392573099583387 2073.3949073776603 1375.6702677235007 22307.142816744745 55.856206782162189 789.57781376689672 453.40253888815641 47.753771211951971 332.52563419938087 30.932652592658997 34.998509723693132 622.44458153471351 507.87366036325693 125.32643479853868 165.05941248312593 6769.8483752161264 39.897606380283833 40.568630751222372 58.503405075520277 30.272974729537964 1339.7146601006389 99.16950710862875 1181.9346765503287 92.156475149095058 64.499650720506907 102.29678072780371 37.681877307593822 310.79123716801405 286.68603274226189 23.259658057242632 95.260115131735802 45.503178786486387 158.50953873246908 173.78680632263422 82.203909076750278 63.506976615637541 30.887998163700104 863.17514067515731 48.921101719141006 44.786604333668947 157.672876983881 54.959323458373547 205.4888524711132 23.144981253892183 38.594376895576715 46.374314546585083 3092.1462608203292 2694.965098131448 1444.2836158461869 2938.195889338851 23.69921500235796 95.864227380603552 886.36737618595362 54.15566797554493 61.925645813345909 27.879141923040152 49.077970866113901 27.812205497175455 27.550567336380482 35.322493523359299 28.725690603256226 30.165990214794874 58.064856451004744 87.938813455402851 920.73104859143496 71.093130931258202 162.52301976829767 183.09268558770418 32.676957622170448 27.759714312851429 49.849948022514582 74.871102958917618 180.95027073100209 43.571660324931145 33.940340165048838 124.78326615691185 27.59230712801218 30.513020075857639 2121.5586339011788 332.3002554513514 43.425263792276382 26.905300244688988 73.509874399751425 70.880415186285973 22.520964965224266 42.176640558987856 33.597704406827688 302.11384821683168 45.902507793158293 179.81392629817128 64.713118586689234 61.96308371052146 30.905638456344604 50.375970937311649 1642.2096005566418 60.149724151939154 73.976608987897635 2413.6699544899166 22.435229901224375 69.248715624213219 23.766745314002037 32.060054235160351 375.08098261058331 69.538860272616148 63.320136357098818 59.646573819220066 77.048928864300251 55.672436341643333 45.342551611363888 48.831811875104904 3769.8476330116391 44.471341960132122 38.967713192105293 44.545367263257504 25.745453707873821 68.444684583693743 128.19016018137336 50.33692554011941 32.752718865871429 60.566925317049026 61.774251691997051 84.709809254854918 77.218107655644417 1321.0115392580628 44.29864102974534 87.782332755625248 31.81905847042799 99.491775929927826 2220.6824757754803 92.591701298952103 1434.8094501271844 407.98344736546278 59.294288940727711 20.737946316599846 295.07543566450477 211.80179201439023 25.913732629269361 34.070259220898151 106.69702093303204 122.81890802830458 38.963689304888248 35.687769401818514 48.05142629519105 119.47324497252703 39.588644027709961 75.433671504259109 50.092877119779587 61.55450539663434 340.65720582380891 22.192151386290789 56.781360495835543 12748.24981174618 67.47202580422163 41.17900338023901 46.579361476004124 123.86757118999958 49.215705215930939 52.21708020195365 35.118542697280645 55.922299239784479 113.2932484857738 29.265866115689278 41.041877768933773 107.9022926799953 85.531313605606556 28.511660069227219 80.520890720188618 103.26412526518106 25.467590671032667 188.31099218130112 148.38984733074903 41.293552570044994 79.739065513014793 37.429605223238468 39.199999999254942 105.98563122749329 105.65754831954837 38.114655375480652 52.642313774675131 1723.6534627862275 31.280252359807491 173.54298228397965 444.52091671153903 39.839668907225132 1687.7143686749041 25.887795239686966 409.77475159615278 38.888438072055578 27.253368724137545 42.44994381070137 241.30860900133848 95.045858114957809 316.1531945541501 36.83608141168952 50.632665611803532 135.35089907050133 38.046779438853264 3767.7944074720144 70.22916666418314 25.304435972124338 41.620305009186268 47.394407760351896 28.675197545439005 436.19323395192623 378.36049357056618 48.880283065140247 68.2595479413867 50.235588189214468 21.258035849779844 649.78299041837454 31.1310720667243 73.697475951164961 109.1892227306962 38.150464985519648 26.127629227936268 19.880658190697432 26.695715259760618 47.388082765042782 49.100259691476822 804.24964676052332 20.215990874916315 47.401155021041632 24.391487263143063 114.74464894458652 784.21441562101245 36.321027114987373 40.283901110291481 37.778602976351976 535.84941772371531 169.94459511339664 210.8926030471921 21.912023182958364 595.05875573679805 121.90320289134979 42.036140292882919 1573.9745739549398
leaf_count=1143 2532 16916 12240 455 665 56313 6259 1707 318 1519 743 1605 25840 625 968 970 6907 700 664 5890 6987 22842 476 2458 4762 690 1949 354 414 4585 4035 762 2637 13518 357 540 636 340 8331 570 7306 713 1043 419 347 4518 3469 291 1032 724 1118 2550 1078 1083 356 13407 503 429 1289 798 1563 352 490 300 7421 46090 25252 11129 318 1628 3543 603 533 397 558 381 455 356 380 421 753 1111 4785 459 1052 1420 374 359 483 687 1397 652 402 1520 257 297 38589 5194 538 273 1195 1103 374 545 418 2784 511 2520 830 573 400 469 27103 830 1261 43420 281 1129 365 392 3805 946 909 695 485 546 415 482 7233 304 407 591 230 928 1889 561 333 565 364 1138 969 13583 472 772 434 818 9532 696 6447 2090 308 283 4379 3541 263 385 623 1311 400 471 473 1474 500 717 627 788 4034 351 784 10331 993 422 591 1953 664 703 413 488 1154 292 425 781 1037 226 634 1050 392 1290 753 267 718 444 530 1503 1333 334 616 15846 247 2352 7589 549 9749 339 1202 411 363 466 1985 1488 4535 517 407 966 376 14201 520 399 661 785 387 2777 3368 471 456 689 350 3535 288 986 1327 500 382 283 357 594 604 12967 352 810 308 1903 12233 570 504 605 8227 2850 3282 317 4758 826 400 21921
internal_value=0.041303 0.0525917 0.00642577 0.0391212 0.056622 5.67628e-05 0.0217224 0.032927 0.0158277 0.00536426 0.0442266 0.0316947 0.058423 0.0520547 0.0298004 0.0266778 0.0400639 0.037331 0.00817544 0.0497918 0.03793 0.0588494 0.0119758 0.0537506 0.0327598 0.0219633 0.0468025 0.0203431 0.00862182 0.0360924 0.0275898 0.0424505 -0.0048539 0.0538098 0.00990025 0.00314338 0.0154949 0.0211123 0.0364934 0.047195 0.0351725 0.0231845 0.00529906 0.0431547 0.0109749 0.0102423 0.0122816 0.00777266 0.0280164 -0.00760294 0.031633 0.00250555 0.00290051 0.00198753 0.00527497 0.0046963 0.02322 0.0178541 0.0276149 0.0161016 0.035409 0.0170951 0.0188981 0.031908 0.0515782 -0.00390452 -0.0042515 0.0493045 0.0196452 0.00102237 0.0495973 0.00883679 0.0145749 0.0176416 0.0319754 0.0153971 0.0112109 0.0131161 0.0277893 0.0201546 0.0168697 0.0253243 0.0457678 0.0329126 0.0327136 0.026532 0.0187154 0.0127328 0.0242743 0.0363169 0.0298052 0.020396 0.00884063 0.0237341 0.0201673 0.0225136 -0.0051767 0.00412869 0.00511535 0.00455715 0.00803494 0.0108161 0.0184029 0.0128893 0.00268064 0.0297962 0.019333 0.0176596 0.0227824 0.0257551 0.0349711 0.0202426 0.00289025 0.0139485 0.0030052 -0.00411438 0.00726739 0.00572194 0.0093573 0.0213466 0.0225055 0.0131973 0.00648935 0.0135186 0.0304931 0.0292115 0.040066 0.0339667 0.0551851 0.0229766 0.0344453 0.022489 0.0156082 0.0114215 0.000739454 0.02437 0.0249572 0.0252454 0.0350891 0.0113362 0.0224734 0.0216054 0.00799966 0.0225671 0.021276 0.0286295 0.0447795 0.0430359 0.0445717 0.0380287 0.0290563 0.00390747 0.00412751 0.00360967 0.0165752 0.00699001 0.0304624 0.0297518 0.0360628 0.0168612 0.0194187 0.0148854 0.0217629 0.0265583 0.0098435 0.00600124 0.0139526 0.00474769 0.0142822 0.0595429 0.000787146 0.00832225 0.0133923 0.00222209 0.00323929 0.00247092 0.0261797 0.028333 0.0235674 0.0138057 0.027796 0.0352063 0.0258288 0.0187776 0.0296889 0.0151116 0.00401429 0.0393239 0.0427905 0.032819 0.0254883 0.0107862 0.0149599 0.00569275 0.0187897 0.0291949 0.0156116 0.02454 0.0220992 0.0133881 0.00101439 0.0134088 0.040682 0.0154501 0.0485587 0.0166695 0.019797 0.0320428 0.0269207 0.00311295 0.00202176 0.0157074 0.0295305 0.0321223 0.0232299 0.0470499 0.0394988 0.00771194 -0.00366267 0.00363112 0.0108725 0.039722 0.0253625 0.0266345 0.0279793 0.00553027 0.0105006 0.0386919 0.0255282 0.00500143 0.0149824 0.0096322 0.0151224 0.000322756 0.00345989 0.00551498 0.00238455 0.00319356 0.011872 0.00410157 0.0143193 0.00447231 0.00324287 0.0120816 0.0169347 0.00809372 0.00235283 0.004493 0.00026946 0.0036128 0.0293567 0.0328624 0.0262143 0.00790937
internal_weight=139186 105151 34035.6 24220.6 80930.2 24032.1 10003.5 10951 6290.95 11550.3 13269.6 3712.52 58023.3 22906.9 3356.66 4533.89 5086.55 6417.13 2337.48 10034.2 6151.89 53147.8 2900.92 4875.47 2431.02 925.643 8183.07 3953.47 245.772 1469.74 961.276 563.537 12481.8 12872.7 2236.6 8649.36 163.572 3707.7 2373.5 888.747 3088.51 2312.66 105.068 2713.05 1678.22 1611.82 1267.43 658.182 4079.28 3197.75 1173.29 208.785 8485.79 6134.82 2350.97 2268.76 265.232 660.941 206.594 538.874 330.815 609.245 664.322 84.9687 6051.91 9284.06 8674.48 3635.18 79.8916 659.253 2959.76 203.335 454.615 1395.04 264.703 960.642 342.353 314.802 66.4076 551.632 579.353 143.795 1524.77 1906.58 1033.79 2905.99 553.8 228.456 77.6097 784.648 255.821 335.539 77.512 258.027 218.129 2220.5 5979.51 2188.87 1856.57 1813.15 724.671 522.971 163.097 136.191 344.389 931.979 512.402 466.5 325.345 260.631 92.8687 167.763 5292.07 148.376 563.389 3857.95 359.874 337.439 268.19 521.467 489.406 114.325 150.846 87.5257 1104.94 982.544 122.391 431.372 3986.72 2139.9 83.4391 434.399 156.254 130.508 201.7 112.263 1974.01 1941.25 122.341 117.387 2056.46 1811.67 121.517 1690.15 1440.59 244.787 4547.89 2327.2 1767.34 559.869 151.886 3562.51 3499 3203.92 190.537 94.22 1121.93 249.565 126.746 238.535 202.847 154.796 145.295 105.707 80.6059 109.308 435.558 489.412 78.9735 35055.4 1729.56 119.577 87.7584 1088.48 964.608 915.392 278.145 243.027 187.104 73.8112 748.886 148.944 599.942 217.307 382.635 188.795 135.249 528.827 336.701 192.126 121.033 406.842 220.402 186.44 181.202 75.5443 80.4545 1818.91 106.246 197.31 609.58 164.623 3063.38 74.9658 3347.97 223.724 175.331 906.203 283.759 434.459 411.199 377.493 272.862 224.03 88.6794 3982.28 214.484 49.0037 842.753 117.69 70.2955 1188.27 551.173 495.5 446.62 94.0146 71.4936 1085.98 62.0637 96.8425 136.443 89.7457 64.2781 1662.09 3183.19 1087.43 2095.76 1883.96 163.021 113.921 66.5195 1040.04 898.959 141.079 104.758 64.4743 1720.94 916.687 380.837 42.128 1015.23 420.172 163.939 1697.72
internal_count=780798 278761 502037 146188 132573 395220 106817 81754 76328 173332 64434 30489 69939 62634 28884 41335 30338 40419 32863 32200 37927 59013 37737 10926 19126 9758 34096 43465 3282 10329 8797 3293 221888 30434 30056 135595 2219 40183 16290 3028 21191 23677 1583 14048 22580 21853 16917 9079 36042 58311 9545 2964 133376 98221 35155 34077 2492 7471 1792 6616 2325 7838 7681 790 16854 163577 153351 13074 1073 10283 9433 2616 5293 16506 2287 11768 4199 3744 727 5993 6891 1587 7317 13885 7959 26497 6627 2843 842 5571 2084 4000 1054 2946 2589 22964 107261 33004 27810 27272 10545 7461 2231 1958 4936 8357 6500 5989 3784 2954 973 1981 84148 1818 8655 68672 5230 4949 3820 5572 5180 1375 2001 1092 9090 8190 900 3349 7898 22040 711 4738 1800 1570 3084 1094 18140 17807 929 1512 21329 18954 1441 17513 15030 2375 21022 11490 8396 3094 1004 55769 54686 50307 2332 1215 8314 2483 1172 2774 2303 1830 1557 1057 924 1478 5304 7394 1135 33173 28379 1447 1013 16727 14774 14110 2938 2525 2037 883 6937 1206 5731 2313 3418 2087 1998 3487 2043 1444 985 5141 2641 2500 2111 778 997 16878 1144 2717 10226 2069 16736 897 12331 2765 2101 7036 2451 6314 6023 4551 2231 1749 783 15346 1145 717 14073 1833 1048 6731 4841 4295 3824 1413 1039 6312 642 1338 1690 1274 882 27386 50024 16766 33258 29717 2391 1787 977 16172 14136 2036 1466 962 27326 14359 6132 669 7691 2933 1226 23440
is_linear=0
shrinkage=0.01


Tree=12
num_leaves=255
num_cat=0
split_feature=5 2 5 4 5 4 4 2 5 4 5 2 2 2 2 1 1 1 1 1 5 1 2 7 4 4 2 1 2 4 4 4 1 5 1 2 4 2 2 2 1 4 4 2 2 8 2 1 4 1 5 1 4 2 2 2 1 2 2 1 8 2 1 4 1 5 4 1 4 2 1 2 1 1 2 1 2 1 2 1 4 2 2 1 2 2 1 4 4 5 2 1 2 2 1 2 1 4 5 4 2 4 1 4 1 5 2 1 4 5 5 8 1 2 2 2 1 2 2 4 5 1 2 1 1 2 5 1 2 4 1 5 2 2 4 1 1 1 2 1 4 4 1 4 2 8 5 1 4 4 1 4 2 1 4 8 4 4 1 2 2 2 4 1 2 2 2 4 1 1 2 1 1 2 4 4 4 4 2 2 4 2 4 1 2 1 1 1 4 4 2 1 2 2 5 1 5 4 2 4 4 4 4 2 2 2 4 4 4 1 5 2 4 1 5 5 2 4 4 4 4 1 1 2 2 5 4 4 1 1 5 1 4 4 4 4 2 2 2 2 2 2 4 4 5 4 5 4 5 4 5 1 4 2
split_gain=491404 46765.3 31428.3 9231.49 7632.32 6044.15 3526.47 3070.6 2079.93 2005.14 1862.32 1743.98 1592.01 1552.29 1527.9 1286.84 1248.48 1112.13 971.216 878.55 873.736 760.16 756.102 652.965 615.104 589.014 581.201 576.526 572.222 542.019 510.597 481.841 475.169 456.411 443.026 599.691 434.907 434.097 431.127 428.739 420.885 379.233 363.423 361.378 352.835 351.145 343.627 502.756 328.495 308.97 308.768 299.603 279.235 274.278 271.216 278.614 264.573 294.117 258.935 357.379 295.791 256.279 326.976 273.028 244.613 248.02 243.675 236.47 235.856 232.33 230.609 218.318 288.005 210.081 486.613 209.152 208.084 205.777 312.699 201.968 199.455 197.555 282.766 238.719 197.04 189.877 187.866 185.579 212.941 185.033 184.151 330.393 183.484 181.222 213.122 177.07 242.906 187.614 176.926 175.457 170.096 257.209 167.47 166.708 166.125 166.028 165.944 163.801 162.981 160.796 160.46 156.01 155.778 264.899 153.742 153.581 153.073 300.407 211.224 166.627 152.65 151.239 150.86 150.571 149.177 148.977 344.465 147.623 146.659 145.362 144.878 144.649 141.88 141.28 140.251 187.407 170.41 138.382 136.021 135.02 134.669 130.542 135.762 129.613 128.153 130.909 127.55 189.581 126.521 124.878 121.456 120.952 119.504 190.823 118.262 115.84 115.456 114.879 191.386 160.098 221.456 139.031 147.278 119.895 172.602 113.782 139.338 113.196 112.821 112.636 112.058 201.128 112.045 111.937 111.747 280.12 110.601 229.055 195.554 144.54 110.168 108.152 107.858 107.493 107.223 136.327 107.222 222.272 128.293 115.935 106.934 131.411 106.839 106.174 105.5 105.322 104.942 103.223 102.046 101.707 100.815 99.5301 170.837 162.751 99.4444 115.598 157.475 99.3982 113.637 97.0889 96.0416 96.0252 168.307 94.5558 117.937 94.0836 93.8285 93.5876 91.1667 90.7931 90.942 90.688 172.206 88.6608 88.4457 86.4727 86.2362 123.357 85.914 246.483 133.42 94.9999 85.857 165.08 155.295 98.7821 131.128 101.641 88.9109 85.2735 82.912 82.113 97.9262 81.0646 93.0581 100.787 88.5683 86.7032 77.8594 77.5685 77.5345 77.1175 164.035 173.81
threshold=4.5000000000000009 7242.4750000000013 1.5000000000000002 6.5000000000000009 32.500000000000007 516.50000000000011 5.5000000000000009 3758.8400000000006 12.500000000000002 8.5000000000000018 25.500000000000004 13423.850000000002 3447.6850000000004 2492.2050000000004 18417.425000000007 27.500000000000004 51.500000000000007 23.500000000000004 71.500000000000014 29.500000000000004 3.5000000000000004 42.500000000000007 4506.3700000000008 3.5000000000000004 58.500000000000007 2.5000000000000004 11309.090000000002 88.500000000000014 1498.9550000000002 54.500000000000007 6.5000000000000009 13.500000000000002 44.500000000000007 16.500000000000004 20.500000000000004 2599.5100000000007 31.500000000000004 6503.3450000000003 3447.6850000000004 17649.240000000002 30.500000000000004 25.500000000000004 14.500000000000002 55344.990000000013 1950.1700000000003 1.0000000180025095e-35 377.98500000000007 4.5000000000000009 87.500000000000014 53.500000000000007 19.500000000000004 16.500000000000004 34.500000000000007 1910.9350000000002 1121.5300000000002 1169.1900000000003 8.5000000000000018 2777.1150000000002 4944.5650000000014 24.500000000000004 2.5000000000000004 6681.2600000000011 26.500000000000004 99.500000000000014 120.50000000000001 13.500000000000002 1.0000000180025095e-35 48.500000000000007 32.500000000000007 1989.6000000000001 3.5000000000000004 1498.9550000000002 26.500000000000004 22.500000000000004 1271.1550000000004 27.500000000000004 3846.1350000000007 12.500000000000002 3370.2700000000004 39.500000000000007 35.500000000000007 3221.4250000000006 2837.4300000000007 16.500000000000004 4115.4500000000016 3758.8400000000006 7.5000000000000009 228.50000000000003 142.50000000000003 10.500000000000002 1440.9300000000003 7.5000000000000009 2896.6700000000005 4407.0950000000003 33.500000000000007 2716.0150000000003 14.500000000000002 45.500000000000007 5.5000000000000009 89.500000000000014 302.16500000000008 1.0000000180025095e-35 60.500000000000007 1.5000000000000002 66.500000000000014 7.5000000000000009 1910.9350000000002 21.500000000000004 53.500000000000007 12.500000000000002 13.500000000000002 4.5000000000000009 4.5000000000000009 234.215 1591.4150000000002 5177.7850000000008 8.5000000000000018 367.72000000000008 512.78500000000008 501.50000000000006 3.5000000000000004 53.500000000000007 10241.440000000001 9.5000000000000018 47.500000000000007 39261.270000000011 9.5000000000000018 31.500000000000004 4115.4500000000016 90.500000000000014 6.5000000000000009 6.5000000000000009 11687.245000000001 1121.5300000000002 67.500000000000014 54.500000000000007 32.500000000000007 10.500000000000002 912.79500000000007 10.500000000000002 40.500000000000007 22.500000000000004 3.5000000000000004 27.500000000000004 821.3850000000001 4.5000000000000009 44.500000000000007 92.500000000000014 109.50000000000001 20.500000000000004 30.500000000000004 1.5000000000000002 512.78500000000008 7.5000000000000009 75.500000000000014 2.5000000000000004 12.500000000000002 37.500000000000007 7.5000000000000009 676.3900000000001 591.47000000000014 876.08000000000015 54.500000000000007 25.500000000000004 969.5150000000001 4506.3700000000008 8086.4300000000012 71.500000000000014 1.5000000000000002 45.500000000000007 5304.4100000000008 51.500000000000007 28.500000000000004 61.025000000000013 300.50000000000006 228.50000000000003 248.50000000000003 290.50000000000006 1409.7150000000004 1800.075 154.50000000000003 2441.5550000000007 5.5000000000000009 32.500000000000007 7652.3150000000014 41.500000000000007 32.500000000000007 28.500000000000004 62.500000000000007 101.50000000000001 13423.850000000002 48.500000000000007 2200.9150000000004 3087.6500000000001 7.5000000000000009 30.500000000000004 86.500000000000014 90.500000000000014 8316.2900000000027 54.500000000000007 125.50000000000001 23.500000000000004 34.500000000000007 1559.1500000000003 61.025000000000013 618.59500000000014 125.50000000000001 600.50000000000011 565.50000000000011 93.500000000000014 10.500000000000002 311.41500000000002 160.50000000000003 62.500000000000007 38.500000000000007 10.500000000000002 5712.7400000000007 15.500000000000002 43.500000000000007 13.500000000000002 22.500000000000004 64.500000000000014 50.500000000000007 1440.9300000000003 5712.7400000000007 6.5000000000000009 82.500000000000014 105.50000000000001 40.500000000000007 44.500000000000007 7.5000000000000009 47.500000000000007 11.500000000000002 18.500000000000004 8.5000000000000018 45.500000000000007 2655.3200000000002 1658.1350000000002 1054.3550000000002 11687.245000000001 4407.0950000000003 2200.9150000000004 38.500000000000007 81.500000000000014 6.5000000000000009 21.500000000000004 7.5000000000000009 29.500000000000004 8.5000000000000018 162.50000000000003 9.5000000000000018 11.500000000000002 14.500000000000002 738.03000000000009
decision_type=2 2 2 2 2 2 2 2 2 2 2 2 2 2 2 2 2 2 2 2 2 2 2 2 2 2 2 2 2 2 2 2 2 2 2 2 2 2 2 2 2 2 2 2 2 2 2 2 2 2 2 2 2 2 2 2 2 2 2 2 2 2 2 2 2 2 2 2 2 2 2 2 2 2 2 2 2 2 2 2 2 2 2 2 2 2 2 2 2 2 2 2 2 2 2 2 2 2 2 2 2 2 2 2 2 2 2 2 2 2 2 2 2 2 2 2 2 2 2 2 2 2 2 2 2 2 2 2 2 2 2 2 2 2 2 2 2 2 2 2 2 2 2 2 2 2 2 2 2 2 2 2 2 2 2 2 2 2 2 2 2 2 2 2 2 2 2 2 2 2 2 2 2 2 2 2 2 2 2 2 2 2 2 2 2 2 2 2 2 2 2 2 2 2 2 2 2 2 2 2 2 2 2 2 2 2 2 2 2 2 2 2 2 2 2 2 2 2 2 2 2 2 2 2 2 2 2 2 2 2 2 2 2 2 2 2 2 2 2 2 2 2 2 2 2 2 2 2 2 2 2 2 2 2
left_child=2 3 5 10 11 9 26 20 12 56 15 18 19 23 30 25 58 84 31 28 21 24 98 116 46 77 34 33 48 39 111 79 -24 182 35 70 40 124 123 49 224 -25 131 151 152 92 141 -48 75 120 125 54 -18 114 86 -56 100 -58 59 219 -60 62 -31 -63 65 198 -12 -33 -35 243 -4 157 139 74 133 143 -59 -2 89 -3 109 82 83 -46 87 -61 204 88 -15 107 112 -92 -7 129 -95 96 106 -98 103 192 101 -1 121 -17 -34 169 -30 248 216 194 122 -6 113 168 138 -106 118 -118 119 249 -9 -64 -81 -27 -19 126 -29 -65 -122 -38 -76 -21 -67 251 135 136 181 -89 -36 -73 -141 -8 -143 -5 145 -125 147 170 184 -52 176 -16 200 -154 -84 -109 -132 158 -22 160 199 -161 -163 164 -160 -93 -167 -85 207 -87 171 -42 -94 -121 175 -120 -119 178 -178 -180 -50 -74 -13 232 -39 -186 187 -53 -189 -190 191 -150 -71 -133 -69 -194 -45 -142 250 -159 -26 217 203 -203 -43 206 -206 208 -47 240 -146 -202 -213 -113 -215 -184 -96 -158 -185 -14 -221 222 -197 -191 -10 -54 -136 -228 230 -230 -62 -231 234 -234 -75 237 -237 238 -235 -66 -51 -138 -243 244 -44 -246 -247 -248 -79 -11 -20 -49 -253 -254
right_child=1 4 6 8 14 45 7 29 36 13 66 27 16 17 43 22 52 37 64 42 71 -23 32 41 44 38 -28 50 95 61 -32 67 104 68 53 -37 93 148 -40 -41 146 51 69 196 81 90 47 73 180 209 149 186 225 -55 55 -57 57 76 60 85 228 63 102 127 239 132 -68 80 -70 99 -72 72 134 183 130 -77 -78 78 -80 110 -82 -83 154 167 -86 105 -88 137 -90 -91 91 165 172 94 108 -97 97 -99 -100 -101 -102 -103 -104 -105 115 -107 -108 155 -110 -111 -112 213 -114 -115 -116 -117 117 150 174 173 128 -123 -124 144 -126 -127 -128 -129 -130 -131 156 193 -134 -135 226 -137 241 -139 -140 140 197 142 -144 -145 210 -147 -148 -149 190 -151 -152 -153 153 -155 -156 -157 201 159 163 161 -162 162 -164 -165 -166 166 -168 -169 -170 -171 -172 -173 -174 -175 -176 -177 177 -179 179 -181 -182 -183 215 218 185 -187 -188 188 189 223 -192 -193 195 -195 -196 221 -198 -199 -200 -201 211 202 -204 -205 205 -207 -208 -209 -210 -211 -212 212 -214 214 -216 -217 -218 -219 -220 220 -222 -223 -224 -225 -226 -227 227 -229 229 231 -232 -233 233 235 -236 236 -238 -239 -240 -241 -242 242 -244 -245 245 246 247 -249 -250 -251 -252 252 253 -255
leaf_value=0.037060155960497949 0.052183230815002112 0.051867780851008939 0.043568604221554501 0.026637537655012686 0.045404281741694981 -0.0081733893054606079 0.012884779575885338 0.028749109337250115 0.042825933329930121 -0.0023359671182236409 0.051118365392659459 0.051597006276772925 0.04973052655110452 0.014432994649651133 0.055818550129486333 0.032893373881812633 0.024301256415903388 0.0049521091376814839 0.030652351593567561 0.013870384410437727 0.038241201354639917 -0.0042071867551521014 0.046456126176267036 0.017337149352593343 -0.002972829452862169 0.045362102267656058 0.054508845995446004 0.017227897479452445 0.046811984192447698 0.027143827211014489 0.046701915578256044 0.045797166273779971 0.039038884687485009 0.053847196767613979 0.0033792201005667195 0.051375467168491513 0.026238222831698327 0.042923193844780244 0.048020048162594281 0.049296052884386335 0.036223616560777369 0.031409707807880695 -0.0056586193660118867 0.055560722817221242 0.028759919101835535 -0.0033450227395989541 0.042709403755257079 0.018986780660105462 -0.0025937802405979677 0.031008958201628134 0.049620024996834808 0.00040487734353091513 0.00042837686448953471 0.028648463338932999 0.046769882142889185 0.013783245335567011 0.010263061581707939 0.047354929876127008 0.045091328815994147 0.03679421930629935 0.031060780417214887 0.033880232196847833 0.0088111058037935071 0.0273682341896835 0.017523201976907776 0.040017768153639013 0.045904286445789942 0.02162566188522309 0.043316667208735539 0.026891015035786468 0.029509696997108033 0.045166617708433526 0.014699444360520625 0.0046321101359194858 0.047005999767358836 -0.0015132945211599775 0.015181762073734012 0.043550229498956476 0.051659872457889042 0.03870744113552705 0.030248861077337319 0.0012606396860016555 0.048836379395998948 0.021687405858902959 0.030096052314666097 0.016255453535810826 0.0027345000453414727 0.025575888633812875 0.032950748137340849 0.046695499439906966 0.024804886635094104 -0.0031056891376742874 0.020766904608662009 0.047468458418598709 0.029356618649824178 0.036154711930009055 0.027988712009105823 0.016055094012931048 0.033123463826516264 -0.0057683131719318981 0.034878713408435957 0.013143403868286819 -0.009990190964768924 0.010398688536239972 0.01433481065103862 0.030244604768024833 0.026839504525535077 0.03586610133544333 0.040866629434063578 0.045476770780124597 0.048727481221274085 0.055534445733719517 -0.0056469347698933281 0.0051003646919460721 -0.00088928466174048679 0.03310714716197681 -0.0066012902519417532 -0.00031377177020594076 0.0046533828238386789 0.034879699032373757 0.018550245038419226 0.034180660188420801 0.048034776763846966 0.01057389760888507 -0.0058753314615207835 0.049236262779062311 0.041053271868664344 0.0046942636149252519 0.039264081119421104 0.004965428417430846 0.03240310556271609 0.030953007898163399 0.047539556215706685 0.002116415500538849 -0.009556469525332803 0.041211573722793687 0.020619976499914285 -0.0014478113097329134 0.024696515043860549 0.021585189063969393 0.038275382889735213 0.019091232065935923 -0.0038894750215570048 0.01871162054154871 0.02981647571222926 0.035168253609087312 0.042717165389579141 0.015643115654321881 0.01461360872784094 0.039361697561794168 -0.0045918504369458161 0.054037896051965614 0.021785420555490344 0.0064757843673019042 0.024172880383281692 0.018295630561765561 0.024858345841274165 0.027230569189959551 0.01215408141450261 -0.010037519432414845 0.044267683758610635 -0.0039150555981558154 0.01701237226166822 0.0032325875687067712 0.029158051941123295 0.021630446768362101 -0.0092480833385557397 0.0040397662852251224 -0.0055687620757010545 0.032690002005023172 0.038640227672033602 0.026815509770229073 -0.0030802207223177731 0.00476598924801825 0.0006919291176577853 0.022992295162088273 0.0058868795155970523 0.00084571190667759549 0.032653800947594444 0.0073397066831866952 0.021773557344721823 0.034978899529695642 0.044357169020887571 0.013988877439222116 0.03207444407645562 0.0031537464361287297 -0.0060358967345575118 -0.0034967659458313973 0.037226579839981067 0.023477774531626784 0.02521746989796796 -0.0098419378660643039 0.032887205682122896 0.012702830449791827 0.038398109883610657 0.014641989968097964 0.05739311259976651 0.018947705033673455 0.035811597810880176 0.0034586289982304124 -0.00041124325771369001 0.011622643938900579 0.018410857905514281 0.038150297130818182 0.012195764785649869 0.023034025458738068 -0.0056968729488766426 -0.002568737926344837 0.026679824286018009 0.035553639020275578 0.040108885232880712 0.030099589997083603 -0.0033709348625393727 0.047271462020949492 0.052869140153606269 0.049343536753609238 0.012029197885638465 0.0069019802307736201 0.028544297773594133 0.023376929596029529 0.039785080734322596 0.028383387521245335 -0.0031338257964468558 -0.0029079391349060967 0.054036038203209541 0.014488975172011642 0.024452494663461055 -0.0039302141383619933 0.0087077568543627408 0.044064433370251177 0.042221445186296384 0.022910812827945444 -0.0061396059000696137 0.0080927024379923544 0.029818209211648225 -0.0058383390276689675 0.021021002538430394 0.0070949121691749311 0.025999279858019114 0.035783646228149037 0.012942269710915118 0.011115035902414212 -0.0098304023048806678 0.017523614777155562 -0.0097154896410160951 0.024855616373619598 0.019395679270310943 -0.0034106780685084067 0.029883671591616517 0.0020401497498099613 0.011071644983141622 0.021913989092794735 0.0004870881504360763 0.015020764408558946
leaf_weight=65.718111790716648 799.92755200713873 1838.296059012413 150.61120549589396 520.6010629683733 388.35714507848024 3006.2344015426934 161.64523570984602 593.50295493379235 590.31194754689932 558.50888326019049 2121.3087949603796 1480.9689000546932 104.69265095889568 151.51250680163503 13491.075791381299 61.551733538508415 449.11495845764875 521.70579538121819 53.8547138646245 110.84027855098248 51.681881092488766 262.59525850787759 922.99725792557001 306.63635302707553 222.31988573074341 107.67964764684439 115.61959446966648 74.508548580110073 107.72475853189826 156.65676745772362 1848.3425720408559 1571.4236664399505 842.49142620712519 7224.1503730639815 42.125991232693195 190.83985792845488 358.97853483259678 29.834033448249102 328.8133452758193 133.69143284112215 767.72053520381451 23.960545480251312 94.387720104306936 7552.807159461081 76.383628778159618 23.457513466477394 76.028826676309109 335.50597788020968 77.426243629306555 31.510266792029142 2161.8290971592069 611.67626371234655 67.338995739817619 520.22739069163799 27.778622105717659 237.90606412291527 314.08256677165627 40.631270051002502 519.55062840133905 224.58838823065162 272.93908487260342 235.85912946611643 195.2097833044827 50.719422325491905 79.023260872811079 1173.4065687656403 2299.4062118828297 64.411260232329369 282.6559659615159 92.467039126902819 875.2708411552012 55.983770743012428 52.924766443669796 48.723019368946552 30.214760646224022 34.523234229534864 45.756126988679171 336.74824010580778 566.21028007566929 498.77279858291149 240.47443670779467 75.723902270197868 34.445184707641602 45.921073004603386 273.79792848974466 236.42181653901935 597.6398205049336 23.855192743241787 114.94137766212225 498.7844946756959 54.917750526219606 351.57673894241452 32.767894670367241 100.78862163424492 74.630419582128525 417.16483857482672 597.01677411049604 187.84992521628737 2105.5354168564081 34.918182738125324 160.16726374998689 153.29591686278582 38.534822080284357 78.034174777567387 59.11066322773695 360.99779658764601 92.11117148026824 100.14069813489914 75.480540782213211 459.93996048718691 2367.9187977537513 2088.0069926306605 4053.1438881717622 372.27246531844139 47.416551146656275 284.05646336078644 656.32503778859973 1449.5677804499865 230.21236488223076 22.011481963098049 45.483945898711681 25.741620607674122 408.94446147978306 63.049487873911858 165.55832498148084 211.74155461043119 548.63793388009071 68.199773509055376 388.11047557741404 37.71728191524744 141.00186366587877 223.19715899974108 453.86226171255112 94.497834391891956 23.322010442614555 39.795274931937456 52.449262637645006 68.019532896578312 119.84611264616251 216.85469227284193 142.81127360090613 29.459326718002558 138.27175226062536 411.31005799025297 338.36678276956081 34.992812871932983 298.44191654026508 56.193263843655586 53.296316239982843 186.32503246515989 360.43162072822452 11035.394047655165 88.530123598873615 941.63135566934943 68.982013255357742 77.105885297060013 45.907448459416628 26.758582636713982 139.67091674730182 40.097208525985479 29.087076742202044 47.281374000012875 104.06664597243071 53.924080569297075 114.12229564413428 41.449393652379513 20.090771052986383 165.77200681343675 1813.2083128243685 54.942122746258974 796.68652667105198 389.34954410791397 43.103866171091795 28.810936745256186 135.06995209679008 131.43248933553696 297.56303756684065 873.08784650266171 55.353711348026991 41.547250241041183 22.087960366159678 68.989671796560287 999.27443185448647 191.7408515624702 34.245329562574625 32.022769175469875 171.60493221506476 23.779279161244631 30.491155698895454 25.492508631199598 36.947137530893087 34.230625588446856 30.009285591542721 44.085604220628738 172.48413740098476 367.33932967856526 18816.77027785778 45.084595650434494 392.5064090937376 53.206007402390242 61.126493647694588 32.898927643895149 230.76149008050561 117.97245940193534 173.99563421681523 57.811537239700556 66.027308411896229 2498.9813844338059 23.143675535917282 31.500849731266499 178.89734176546335 36.156141676008701 23.355689894407988 643.7526567876339 6183.7587951421738 1475.5618730559945 65.006049320101738 85.58014801889658 61.176558248698711 56.489746704697609 222.82548008859158 37.675313577055931 62.145595993846655 21.875907067209482 132.67412606626749 131.98290272802114 33.401280388236046 25.19728047400713 53.213338039815426 62.65843915194273 261.29378432780504 48.400314286351204 70.818851605057716 47.825075708329678 51.506493676453829 67.172276865690947 22.602073471993208 136.62029823660851 82.383733507245779 47.439651891589165 166.8287096247077 75.889994844794273 29.064270183444023 36.661485128104687 25.411001555621624 32.980449412018061 23.931541975587606 43.926034551113844 77.133919544517994 1448.2505871467292 40.202699609100819 130.56904992461205 150.32231370359659 184.18529253453016
leaf_count=456 2459 4821 787 4756 1093 55679 1991 5085 3099 9115 5542 3775 455 1815 15275 438 3866 7631 396 1216 415 3895 3659 3921 3512 602 403 576 650 1457 5297 6275 4232 13065 500 846 2915 249 1277 660 4663 280 1341 8217 783 396 582 3852 1104 302 5098 9399 833 4198 280 3119 3966 292 2528 1671 1871 1835 2380 441 595 5150 8284 502 935 920 7060 358 607 616 207 455 467 1669 1681 2495 1529 998 264 516 2690 2207 9131 282 1244 1995 706 6083 450 419 518 2893 5055 2062 13547 492 1343 1847 587 794 490 2651 727 614 434 1713 6979 3039 72782 6145 578 1695 11342 23345 3409 273 422 253 1447 636 2727 591 2226 821 2547 443 1248 1877 1492 1239 341 346 586 1021 1143 2053 1201 361 2107 4493 2506 224 1332 472 688 673 6083 15915 1035 13189 738 605 456 287 1648 596 260 642 1261 719 1098 587 344 2264 32535 459 4054 2858 749 455 2148 1735 4609 14256 698 630 250 591 4131 2334 311 418 2852 369 347 341 408 556 249 417 900 3883 14702 495 2293 748 938 381 2530 992 2439 694 1048 43692 308 258 956 433 365 1746 11516 4223 527 1010 667 406 1335 362 814 345 347 1306 365 365 495 362 1323 398 991 647 511 994 234 1702 936 233 1779 877 405 453 346 348 254 593 454 23386 337 1448 2153 2291
internal_value=0.0396896 0.0499984 0.00644071 0.0372758 0.0533606 -5.20534e-05 0.0207041 0.0178632 0.0304222 0.00534189 0.0431834 0.0486138 0.0271227 0.0041574 0.0552337 0.04022 0.032406 0.0134038 0.0453065 0.0226726 0.0143668 0.0122849 0.0365211 0.00251021 0.0132288 0.0447846 0.0324527 0.0508338 0.0261552 0.0281718 0.0518017 0.047041 0.0408955 0.0519265 0.0310827 0.0348433 0.0364432 0.00627462 0.0382463 0.0319415 0.0381376 0.00697363 0.015813 0.0559835 0.00872159 -0.00485658 0.0162162 0.0175155 0.0205232 0.0300123 0.0468658 0.0054184 0.0199153 0.0247197 0.00870267 0.0175932 0.0207826 0.0149273 0.0356505 0.0322504 0.0391036 0.021294 0.015778 0.0276113 0.0393636 0.0401997 0.0484305 0.0432449 0.0534637 0.0122244 0.0316642 0.0209962 0.0243707 0.0166641 0.0187867 0.0223033 0.0311563 0.0475471 0.0452416 0.0488837 0.038867 0.0162288 0.0190774 0.0137596 0.0235746 0.0285374 0.00609016 0.0184244 0.0226443 0.0418096 -0.0038791 0.00221105 -0.00778325 0.0291349 0.0350142 0.0303952 0.0278768 0.0251933 0.0323754 0.0155182 0.0268296 0.0206356 0.00872288 0.0207131 0.0364874 0.0255758 0.0380127 0.0375265 0.0287495 0.0417317 0.0471753 0.0528035 -0.00420515 -0.00296599 0.0147328 0.0300044 0.000819947 -0.000468293 0.0027059 0.00128364 0.0323957 0.0120917 0.0430169 0.0336672 0.00231985 0.0411852 0.0382847 0.0147402 0.0372093 0.0242758 0.0251645 0.0240477 0.0421776 0.0138542 0.017946 0.0209461 0.0177508 0.00585775 0.0193221 0.0298396 0.0274834 0.00652897 0.000265207 0.0231976 0.031464 0.0199795 0.0359342 0.0348806 0.0184203 0.0488445 0.000839834 0.0550222 0.00613996 0.00784082 0.0332522 0.0285678 0.0240001 0.016514 0.0203969 0.0117329 0.0213432 0.00604282 0.0104436 0.01714 0.0200075 -0.000873409 0.0114185 0.00808189 -0.00365923 0.0195903 0.0354122 0.0331182 0.00735943 0.0188245 0.00854864 0.0114356 0.00156688 0.00372258 0.0100285 0.0222692 0.00303865 0.0266353 0.0489813 0.0123195 0.0270765 0.0187474 0.000998992 0.00271753 0.0162625 0.0223588 0.0113355 0.00493147 0.0168109 0.0280967 0.0340988 0.0148159 0.0568729 0.0339389 0.0334188 0.0120058 0.000986168 0.0215548 0.0242105 0.0326588 0.012236 0.010461 0.007226 -0.00229186 0.0118448 0.0191305 0.0335362 0.0082931 0.0171189 0.0531144 0.0523568 0.0473717 0.0216444 0.0135247 0.0177451 0.0405118 0.036692 0.0134985 0.0120441 0.0114655 0.0450403 0.00983985 0.00591952 0.012356 0.0345195 0.0270919 0.0366752 0.0355023 0.00964273 0.00758429 0.0180028 0.0103567 0.00112569 0.0133938 0.0197198 0.0249015 0.0161434 0.0105589 0.0051459 0.00413245 0.001725 0.00732536 0.0118223 0.00481438 0.0411832 0.000816125 0.0227919 0.0152185 0.012409 0.00856099
internal_weight=143371 109438 33932.3 22881.6 86556.9 23318.8 10613.5 8551.55 10599.2 10984.5 12282.3 24508.6 6855.24 10204.8 62048.3 7861.63 3127.45 1539.97 9862.96 3727.79 6390 4868.33 4353.78 8664.85 4605.74 3507.85 2061.96 14645.7 2467.82 2161.55 11152.2 7622.67 2108.66 11462.6 1946.34 1216.72 3743.98 907.84 1051.8 1390.63 3031.38 2376.68 1259.98 50896 1840.35 12334.3 2765.39 2436.02 1065.95 1256.94 3183.04 2070.04 648.437 729.616 1185.12 265.685 779.651 400.47 2479.01 1260.96 1218.06 770.921 416.143 354.778 2240.3 2113.83 4420.72 2508.73 7506.81 881.853 1025.88 1521.66 861.768 2359.99 1579.42 966.434 86.3874 2456.05 1656.12 5113.93 937.31 467.228 391.504 288.077 632.127 876.95 919.435 358.329 266.454 1089.91 9252.24 468.035 3082.11 712.601 315.906 1401.87 984.703 784.867 2245.12 624.555 379.181 219.014 259.486 139.586 1185.66 652.362 199.836 591.129 215.117 696.835 3275.64 9303.88 8784.21 4731.06 209.389 343.167 6288.17 3733.88 2554.3 2057.58 1027.1 220.951 907.717 722.986 687.264 834.888 623.146 118.919 433.594 396.696 684.337 378.123 1627.27 895.08 401.034 319.113 279.318 91.8747 161.972 460.734 404.751 329.376 167.731 931.911 615.306 98.0423 2308.39 2009.95 220.576 2348.15 3077.55 24526.5 1373.12 1030.16 103.427 177.247 654.122 659.896 359.399 300.497 109.052 191.445 151.348 307.717 253.793 413.117 61.5402 211.693 4358.79 291.364 1953.76 1157.07 75.8718 50.8224 496.715 361.645 2717.12 1267.55 394.464 96.901 99.5142 121.914 3955.81 780.569 96.1021 66.2681 884.92 713.315 101.639 77.8596 124.474 87.5269 589.637 267.283 236.895 497.17 26369.6 187.896 486.564 79.9646 342.958 513.12 381.633 150.871 321.795 297.834 240.023 2545.58 46.6012 229.84 517.264 120.638 59.5118 8915.52 6827.51 2474.84 139.636 131.488 252.917 384.008 279.315 467.16 429.485 47.3684 722.986 199.322 81.9206 58.5986 698.505 164.272 534.233 111.059 527.652 427.422 100.23 356.603 89.7744 266.829 130.209 126.463 198.339 157.404 104.954 257.298 220.637 126.249 100.838 67.8576 413.882 2006.76 94.0574 800.583 465.077 334.508
internal_count=780798 283866 496932 134616 149250 384916 112016 96501 80257 164460 54359 72450 58176 156089 76800 40533 22166 20040 37157 36010 77674 61410 24855 136049 57515 15678 15515 35293 22445 18827 22691 26661 10076 26129 15112 8693 22081 12988 6201 11053 16825 34565 13565 54109 25035 220456 32480 28021 11058 10393 9164 30644 6005 6419 16991 3399 8371 4725 16161 9184 6977 7774 4677 3097 10496 9668 13826 10919 14000 10055 7847 16264 8590 27439 17807 9704 759 9477 7018 15742 4644 5563 4565 3563 7052 6988 13592 4362 3059 5337 163578 7720 56878 5256 1898 11387 8494 7117 14779 6720 3646 2303 3220 1232 6417 5317 1377 3342 1479 3115 10921 17394 155858 83076 2221 2185 101484 60963 40521 33229 8054 2633 3942 4924 10358 3393 2802 1262 2969 3358 6824 3510 6642 10983 4483 3412 3066 1303 1643 4107 3749 4459 2468 9249 4322 860 13379 12047 2630 5771 49621 31190 19472 14224 1002 1219 6617 7674 3880 3794 1295 2499 1903 3465 2746 7014 931 2780 76931 2666 11575 7521 1199 728 7292 5144 43538 20193 5937 1328 1354 1198 12129 9632 978 729 13653 10801 1402 1033 1652 1244 6228 2294 1402 5308 22919 1696 3026 1035 5248 5369 3903 1373 4461 4181 3487 44396 704 2339 3462 1736 798 16301 13262 8354 1045 1466 3001 2196 1741 5059 4697 686 3446 2139 1071 730 4449 1255 3194 760 6631 5504 1127 4513 1228 3285 1583 828 2081 1868 1282 3335 2882 1541 1195 847 2123 32501 733 9744 5892 4444
is_linear=0
shrinkage=0.01


Tree=13
num_leaves=255
num_cat=0
split_feature=5 2 5 8 5 8 2 2 8 2 2 8 2 3 1 1 7 2 1 1 2 1 5 1 5 1 1 5 1 5 1 2 1 5 5 1 2 1 2 1 1 2 1 2 1 3 8 1 5 5 8 2 2 1 2 3 8 2 5 1 2 2 1 2 3 3 5 1 3 2 1 3 2 3 3 3 1 2 8 2 8 5 3 1 3 3 2 2 1 5 3 1 1 1 3 2 3 3 5 2 2 1 5 2 1 3 1 1 5 8 5 1 8 2 2 2 3 2 3 1 2 3 1 1 2 2 1 2 3 1 1 2 1 2 3 3 2 5 2 8 2 1 3 1 5 2 3 3 2 2 3 2 3 2 3 2 3 3 1 3 3 3 2 1 3 2 5 2 2 2 5 1 3 3 3 3 5 2 2 1 3 2 1 5 8 5 2 3 1 8 3 2 5 2 1 3 3 1 2 1 3 2 2 2 5 3 5 1 2 3 2 3 3 3 2 3 3 1 3 3 3 1 5 3 3 2 2 2 2 3 2 5 1 3 3 2 3 2 1 2 2 3 2 1 3 3 2 2 2 2 1 3 3 5
split_gain=450396 42200.5 30136.1 7113.11 6938.48 4921.09 2851.14 1796.67 1623.71 1573.49 1389.39 1257.55 1187.32 1083.63 1076.41 975.379 952.997 948.768 905.022 869.599 720.953 622.575 582.08 563.749 546.651 560.086 527.52 526.1 506.224 501.16 479.474 414.97 453.018 413.462 403.38 765.605 401.189 397.344 381.269 472.775 375.939 371.422 367.843 386.027 363.954 359.345 352.187 350.699 342.116 341.74 569.329 340.785 329.029 327.112 454.435 303.091 300.033 279.747 276.41 275.41 297.114 294.266 250.737 249.214 268.417 248.819 245.828 244.755 241.572 236.204 268.503 234.038 228.428 211.858 211.642 208.05 201.596 199.819 182.656 179.284 177.968 177.023 225.19 176.532 315.904 175.056 321.103 172.805 282.121 166.745 184.403 165.846 200.689 163.115 297.699 172.872 162.818 162.64 160.025 160.016 158.246 156.801 153.238 152.906 152.4 151.248 150.704 149.344 211.854 147.972 151.855 149.033 147.723 152.054 249.16 147.356 161.27 145.935 144.661 143.769 143.738 141.289 243.563 140.949 226.248 140.782 309.729 140.511 139.652 137.135 136.462 145.513 134.717 134.632 133.347 133.033 132.659 313.713 132.498 132.408 132.229 130.542 196.993 129.843 160.27 129.712 152.194 129.459 129.288 128.532 128.093 212.302 164.797 144.556 143.764 127.361 125.285 175.514 164.738 156.935 124.973 248.128 124.183 123.387 122.394 121.264 121.147 120.955 119.721 119.063 118.007 138.533 117.793 116.868 116.669 140.757 113.063 111.265 111.079 110.244 128.016 120.778 109.124 109.086 108.995 108.784 129.641 108.07 116.276 189.627 158.086 107.754 113.563 107.149 106.929 106.584 167.892 188.864 115.34 106.15 105.351 190.451 103.482 102.753 101.887 99.9322 100.001 144.714 99.7971 126.909 103.566 109.682 99.6055 99.6042 123.287 120.339 99.2448 99.1559 117.262 99.0201 98.7088 219.397 98.3419 108.12 97.7344 97.3234 96.6445 96.5049 192.502 95.49 95.0078 125.59 127.967 94.4738 94.0405 160.944 114.139 281.39 112.72 93.9996 93.8493 108.24 93.2477 93.1794 93.1433 115.284 143.548 157.756 135.353 108.894 106.548 93.1257 92.8624 92.7369
threshold=4.5000000000000009 7242.4750000000013 1.5000000000000002 4.5000000000000009 32.500000000000007 2.5000000000000004 3758.8400000000006 2492.2050000000004 2.5000000000000004 13423.850000000002 18417.425000000007 3.5000000000000004 2716.0150000000003 19.500000000000004 31.500000000000004 23.500000000000004 3.5000000000000004 5304.4100000000008 4.5000000000000009 49.500000000000007 9337.0800000000017 21.500000000000004 17.500000000000004 32.500000000000007 14.500000000000002 30.500000000000004 50.500000000000007 14.500000000000002 88.500000000000014 3.5000000000000004 42.500000000000007 1692.2950000000003 39.500000000000007 16.500000000000004 25.500000000000004 27.500000000000004 6503.3450000000003 73.500000000000014 661.29500000000007 22.500000000000004 107.50000000000001 4506.3700000000008 8.5000000000000018 551.68500000000006 57.500000000000007 9.5000000000000018 4.5000000000000009 50.500000000000007 12.500000000000002 1.0000000180025095e-35 1.0000000180025095e-35 1762.6700000000003 55344.990000000013 53.500000000000007 3447.6850000000004 23.500000000000004 1.0000000180025095e-35 2896.6700000000005 19.500000000000004 8.5000000000000018 367.72000000000008 512.78500000000008 14.500000000000002 3024.5200000000004 177.50000000000003 169.50000000000003 9.5000000000000018 64.500000000000014 425.50000000000006 1836.7900000000002 20.500000000000004 56.500000000000007 1658.1350000000002 85.500000000000014 91.500000000000014 36.500000000000007 14.500000000000002 1033.4150000000002 2.5000000000000004 5574.8050000000012 3.5000000000000004 6.5000000000000009 110.50000000000001 33.500000000000007 54.500000000000007 12.500000000000002 551.68500000000006 1626.2000000000003 27.500000000000004 3.5000000000000004 177.50000000000003 32.500000000000007 54.500000000000007 83.500000000000014 195.50000000000003 10241.440000000001 63.500000000000007 60.500000000000007 9.5000000000000018 2837.4300000000007 477.83500000000009 62.500000000000007 48.500000000000007 5304.4100000000008 20.500000000000004 189.50000000000003 6.5000000000000009 52.500000000000007 43.500000000000007 3.5000000000000004 5.5000000000000009 33.500000000000007 3.5000000000000004 950.30000000000007 632.56500000000017 358.63000000000005 12.500000000000002 17649.240000000002 42.500000000000007 67.500000000000014 9079.6700000000019 43.500000000000007 10.500000000000002 30.500000000000004 5861.3050000000012 1121.5300000000002 19.500000000000004 1989.6000000000001 4.5000000000000009 39.500000000000007 76.500000000000014 22017.785000000003 7.5000000000000009 1658.1350000000002 91.500000000000014 141.50000000000003 39261.270000000011 9.5000000000000018 1169.1900000000003 2.5000000000000004 3676.7850000000003 45.500000000000007 60.500000000000007 60.500000000000007 43.500000000000007 4506.3700000000008 64.500000000000014 32.500000000000007 1762.6700000000003 4724.0350000000008 123.50000000000001 3676.7850000000003 251.50000000000003 4024.7100000000005 99.500000000000014 10952.565000000001 45.500000000000007 79.500000000000014 21.500000000000004 35.500000000000007 14.500000000000002 24.500000000000004 989.58500000000015 50.500000000000007 119.50000000000001 2441.5550000000007 8.5000000000000018 6864.7800000000007 2155.9800000000005 2289.3550000000005 36.500000000000007 74.500000000000014 89.500000000000014 233.50000000000003 239.50000000000003 195.50000000000003 19.500000000000004 22017.785000000003 2441.5550000000007 3.5000000000000004 23.500000000000004 41.215000000000011 16.500000000000004 2.5000000000000004 3.5000000000000004 5.5000000000000009 1033.4150000000002 157.50000000000003 28.500000000000004 3.5000000000000004 87.500000000000014 857.17000000000007 2.5000000000000004 311.41500000000002 40.500000000000007 22.500000000000004 34.500000000000007 12.500000000000002 1145.2600000000002 22.500000000000004 79.500000000000014 1498.9550000000002 4115.4500000000016 3931.7000000000003 3.5000000000000004 28.500000000000004 5.5000000000000009 21.500000000000004 5177.7850000000008 145.50000000000003 3597.7800000000002 56.500000000000007 15.500000000000002 2.5000000000000004 132.60500000000005 6.5000000000000009 169.50000000000003 12.500000000000002 26.500000000000004 44.500000000000007 173.50000000000003 43.500000000000007 2.5000000000000004 42.500000000000007 204.50000000000003 7652.3150000000014 5442.0850000000009 4944.5650000000014 5861.3050000000012 65.500000000000014 20116.000000000004 9.5000000000000018 35.500000000000007 56.500000000000007 79.500000000000014 2114.1050000000005 92.500000000000014 2599.5100000000007 22.500000000000004 2200.9150000000004 9337.0800000000017 119.50000000000001 1728.0600000000002 12.500000000000002 15.500000000000002 24.500000000000004 578.02500000000009 1299.6300000000003 420.91000000000003 1011.1950000000002 21.500000000000004 66.500000000000014 340.50000000000006 86.500000000000014
decision_type=2 2 2 2 2 2 2 2 2 2 2 2 2 2 2 2 2 2 2 2 2 2 2 2 2 2 2 2 2 2 2 2 2 2 2 2 2 2 2 2 2 2 2 2 2 2 2 2 2 2 2 2 2 2 2 2 2 2 2 2 2 2 2 2 2 2 2 2 2 2 2 2 2 2 2 2 2 2 2 2 2 2 2 2 2 2 2 2 2 2 2 2 2 2 2 2 2 2 2 2 2 2 2 2 2 2 2 2 2 2 2 2 2 2 2 2 2 2 2 2 2 2 2 2 2 2 2 2 2 2 2 2 2 2 2 2 2 2 2 2 2 2 2 2 2 2 2 2 2 2 2 2 2 2 2 2 2 2 2 2 2 2 2 2 2 2 2 2 2 2 2 2 2 2 2 2 2 2 2 2 2 2 2 2 2 2 2 2 2 2 2 2 2 2 2 2 2 2 2 2 2 2 2 2 2 2 2 2 2 2 2 2 2 2 2 2 2 2 2 2 2 2 2 2 2 2 2 2 2 2 2 2 2 2 2 2 2 2 2 2 2 2 2 2 2 2 2 2 2 2 2 2 2 2
left_child=2 3 5 8 9 49 11 16 13 19 46 18 24 185 55 96 59 22 191 66 21 -8 23 63 25 45 123 93 33 30 38 115 62 230 35 140 73 -24 121 51 120 47 43 132 74 -10 -6 216 53 56 165 72 -12 54 -16 -14 -1 65 136 61 -61 179 127 64 229 81 78 -43 -42 70 75 133 182 -17 183 147 77 -62 -3 105 -45 -25 194 84 125 86 213 88 112 227 -91 -71 169 94 95 -21 104 99 -65 -57 -86 203 167 -103 149 -76 -88 -36 -109 110 -27 -112 244 114 243 -13 -117 -22 -26 -34 -29 217 -123 -19 -125 -44 138 -33 -52 164 131 225 -18 222 204 -113 137 -30 -127 -81 -5 142 -59 -48 155 -87 -147 -31 -120 -9 151 -143 -152 -153 -155 -145 158 -158 159 -89 -82 -162 -73 -67 -118 -51 -137 -28 -84 -93 171 176 -171 -95 175 -105 -50 -119 -170 180 184 -182 -40 -23 193 186 -2 188 189 190 -102 192 -4 -7 -83 198 197 -197 -79 -191 201 -190 -49 -55 -64 -101 207 -207 210 -210 -56 -212 -53 -58 -215 -216 -37 -20 -219 -106 -78 -222 -41 -224 -169 -38 -69 -46 -229 233 231 232 -11 -15 235 -231 238 -238 -236 -111 -227 -242 -202 -114 -47 -246 248 249 -247 -248 -251 -214 -157 -54
right_child=1 4 6 34 10 7 20 15 12 28 52 31 14 17 48 36 42 26 29 27 117 44 37 57 118 109 102 40 58 69 -32 32 119 -35 107 41 130 -39 39 71 68 67 83 80 89 87 143 202 170 50 128 212 253 101 208 97 85 141 -60 60 76 -63 134 98 -66 163 -68 226 -70 91 -72 162 -74 -75 79 -77 220 195 -80 139 160 82 168 -85 100 145 106 156 -90 90 -92 92 -94 173 -96 -97 -98 -99 -100 205 187 103 -104 174 219 -107 -108 108 -110 239 111 135 113 -115 -116 116 129 177 148 -121 -122 122 -124 124 -126 126 -128 -129 -130 -131 -132 -133 -134 -135 -136 166 -138 -139 -140 -141 -142 150 -144 144 -146 146 -148 -149 -150 -151 152 153 -154 154 -156 252 157 -159 -160 -161 161 -163 -164 -165 -166 -167 -168 224 178 172 -172 -173 -174 -175 -176 -177 -178 -179 -180 -181 181 -183 -184 -185 -186 -187 -188 -189 200 199 -192 -193 -194 -195 -196 196 -198 -199 -200 -201 242 -203 -204 -205 -206 206 -208 -209 209 -211 211 -213 251 214 215 -217 -218 218 -220 -221 221 -223 223 -225 -226 240 -228 228 -230 234 -232 -233 -234 -235 236 -237 237 -239 -240 -241 241 -243 -244 -245 245 246 247 -249 -250 250 -252 -253 -254 -255
leaf_value=-0.0080489879322881135 0.02445744780087955 0.047043506556905645 0.02517149870071057 0.04441810951715152 0.043008748270138633 0.006579402753935806 0.03586931745336111 0.017731035019302458 0.046368513479316233 0.046718174701207191 0.052471299294292832 8.3362433404040788e-06 0.053074054775921885 0.030109281157892655 0.015609457254895499 0.0096633778722089777 0.011259683061373401 0.048504586845137768 0.011938197695996539 0.028902433312197471 0.03383699410758486 0.01222949762540426 0.039667163064407561 0.0041259202864921355 0.018861995370523455 0.004995415005121219 0.033349410027930376 0.040023647597156195 0.016837200076244549 0.020434577121721233 0.0011538656139084777 0.013101604278730413 -0.0034721221764802959 0.050982680862432933 0.047554079969137256 0.036884128958739167 0.027935003007733005 0.012950932198912119 0.022516094091273423 0.0043482885005785808 0.035878130310168101 0.043557368687626045 0.0011677488020456724 0.034504223270602728 -0.0099808867681437964 0.012262914902992148 0.052532000984134894 0.024710705366447053 0.036158433580183606 -0.006750616538128089 0.039700582272805644 0.042515148839037724 0.052985333558122828 -0.0012336137107989817 0.040073920115616668 0.049515227976307613 -0.0022462660816247012 0.013617476472332165 0.046715185916026504 -0.0058501781056267167 0.001300391875407197 0.0093098419501806452 0.01092335084344751 0.0331458344706477 0.052249866976901364 0.020239557024316172 0.048154752963827659 0.01911633401955155 0.011273941220980402 0.031074217193858288 0.011265831416175013 2.4342911357583606e-05 -0.0014014100959421915 -0.0009362129935875412 0.02524363556663935 0.031321303558357619 -0.0015096258507511062 0.018197178991587237 0.038654148294532675 0.052144432560189781 -0.0037208622309417272 0.018345341647259969 -0.0064147087159819628 -0.0032524579075117561 0.028928740477197578 -0.0068453395762706152 0.014286249207818765 0.030518575039608132 -0.0016357393043039071 0.03274662995882803 0.0053049990275239071 0.027474639546345034 0.038661499827360502 0.017245771553407958 0.042734635872202935 0.038878496991261946 0.031267900203405578 0.039733138059014891 0.042657082974829084 0.04230096870600536 0.019760371604903713 0.028987130154088301 0.049019292682256896 0.0086907407368841741 0.016860704046149737 0.0024383609357113475 -0.0026222798914356227 0.038483424381016373 0.045627246099254275 0.0090374080442456647 0.0061713068574811162 0.025105656577189023 0.017875633270004479 0.0053509976929342045 0.034708882000490403 0.021189478587011177 0.0078779702433197617 0.052846588801505709 0.045969234202859657 0.023766183481146893 0.045087401035396268 0.039967173804093412 0.011838104630940656 0.031733670477839281 0.04408466237102137 0.035782806098043615 -0.0038791928088222102 0.036982367923804001 0.012377426501381553 -0.009951848019488365 -0.00066436543274110335 0.042712470101897097 -0.0050120667336578384 -0.00089752704184874177 0.02502077413632358 -0.0053233721914922594 0.047058095404994824 0.039430124492652312 0.011878102590021113 0.031101606324736172 0.052712346676103639 0.00032720660867461849 0.033396757599647324 0.040871821851245223 0.050097062530229851 0.026944202544172912 -0.0092031389869216083 -0.0005908981542447028 0.030047880051229527 0.029312773548470519 0.030266920524775101 0.039701767824469311 0.012810161273866184 0.028301855924697753 0.0027090966355273927 0.050366754397019778 0.034635769484178854 0.02108919022824415 0.0080321875343572543 0.011168916855773217 0.038371514971339622 0.0018895594012012236 0.01803224697000276 0.045175241827827249 0.02527466419492266 0.014826068891928114 0.021540065195856443 0.028245308595908899 0.027618996604054577 0.01983626265020004 0.04538659787850885 0.014182051408731352 0.00014243313551181195 0.032432012942877071 -0.0016082872279160674 0.034823165086607752 0.024160000631127325 0.037091311064282088 0.003252809601549788 0.00018763976328417385 -0.00082876293354412528 0.022069447324584834 0.015519164818244769 0.022673348823362232 0.0015053755573006138 0.050789744757766292 0.048487174787916441 0.031129358866564524 0.041748704176060907 0.0069748199224357503 -0.0024536828022579922 0.045631254371755518 0.037967271737547728 0.027809199749982211 0.031261680914025473 0.030708140382630603 0.0050855012507336241 0.0051454704318067831 -0.0036731986492632459 -0.0059024574763575409 -0.0044684257228821177 0.0059246786358560458 0.0075816421382378088 0.01506471582618123 0.022421077486980547 0.028599546347805507 0.031370177868797297 0.0053674210431928649 0.030699584099149795 0.043533737587753175 0.042831248943715247 0.02426564314408907 0.024565245706680078 -0.006637001180032253 0.0022803864875232892 -0.0049844729243124167 0.022032265198566749 -0.0051423697831616188 0.010328014794679145 -0.0057851981364644032 0.033772773879523363 -0.0092897375623803985 0.0043547322453913401 0.029294063151618598 0.0087921056031735022 0 0.035201583278503125 0.026860909371140544 -0.0013778721940904781 0.0081150570140675581 0.04855256537814482 0.046622821674964642 0.035517082288020058 0.038757551998925215 0.049891176598018852 0.028901605101350262 0.015262896106115901 0.043548083258843857 0.02761068792112233 -0.0099710315098270122 0.026917082820162298 0.0031032314073690375 0.021958933466604439 -0.0051092317377399469 0.032704379161647229 0.021551581576980578 0.022486964734730375 0.015924482280279074 -0.0056273629624161194 0.039288317285358469 0.019897465666499525 0.035791163198742773 0.04296689607617684 0.054688484117756744
leaf_weight=2866.4593886397779 54.708488769829273 587.41515020281076 190.75543094426394 867.90552267432213 911.43399229645729 185.96291400119662 472.16259608417749 306.90211651846766 73.350506145507097 215.97963845729828 25456.914325661957 214.95874759927392 134.88704846054316 998.68599256128073 254.17821865528822 332.1085140183568 335.86273129284382 477.52799964696169 534.50851932540536 482.71613956987858 493.1673710308969 152.07724377885461 1068.3741338886321 91.295836139470339 49.791938193142414 105.9452250637114 622.11563981696963 1060.7724651247263 75.51636029779911 337.85483388975263 193.02033995091915 37.201694972813129 129.6913639344275 7792.0145519152284 2311.3966086506844 700.995590262115 62.115763623267412 62.490238450467587 724.65107286721468 80.470622479915619 145.25298147648573 914.46887595206499 767.32811382785439 110.68124441802502 35.8438437320292 71.119192432612181 2297.6670463532209 196.2060726210475 392.98450905829668 165.70183045044541 43.845726620405912 55.934558387845755 7839.3161503002048 49.152018032968044 67.807907156646252 56.772368438541889 2366.3124238401651 60.833871625363827 2430.3129873871803 876.66604917496443 1019.9717785529792 624.00824287906289 347.04252595081925 457.75306419283152 59.130871240049601 42.875607445836067 3390.9017241895199 59.530115157365799 59.914055928587914 490.18039323762059 271.06566562131047 41.978195354342461 50.183084089308977 428.70301676914096 314.41125551983714 221.34080099314451 2232.3565802499652 30.503151513636112 712.04414619505405 39.722277153283358 24.491560742259026 161.4807868078351 38.426709845662117 189.56691369786859 52.90365719050169 2311.557155251503 147.22979028522968 180.1130777336657 51.715053211897612 54.887060739099979 46.337624739855528 50.702662315219641 45.014307040721178 79.936472706496716 644.13455081731081 345.48477170616388 174.47959671542048 868.67512122914195 407.56692017614841 78.917992971837521 150.28170411288738 172.37077058851719 62.032072938978672 53.404971394687891 37.564985252916813 33.605344746261835 79.269643813371658 738.04973973333836 1596.9176833629608 84.275791086256504 79.984457895159721 251.35636331886053 35.997506342828274 103.60173885151744 69.44394813850522 99.764902751892805 1068.6346518732607 109.14182041957974 144.33559091389179 20.70333956182003 2463.6641265302896 43.831618033349514 107.80314510688186 242.2189771682024 619.31851368397474 24.830944992601871 138.33779953792691 111.15388226881623 38.25592078268528 39.33105655387044 31.786379382014275 27.025977045297623 57.793087273836136 140.89660508930683 144.86689907312393 31.368511445820332 219.37970703840256 565.50525421649218 264.86761466041207 295.49584774672985 389.94170443713665 53.403369106352329 622.46864347159863 481.04556311666965 6638.6185833066702 22.966184474527836 19.844882864505053 30.916942782700062 118.37234141677618 159.68233140558004 405.49842222034931 40.853523805737495 69.659147128462791 45.323332890868187 43.57357732206583 834.09522103518248 343.54256262630224 157.33838047459722 71.738839317113161 60.998703513294458 39.145506598055363 35.591605190187693 624.5909079387784 53.207562915980816 41.165064532309771 28.701863326132298 31.6195756085217 76.494896590709686 34.273941915482283 53.722609292715788 90.835352770984173 47.336476154625416 69.09837993606925 224.89022635295987 34.108626708388329 35.299216624349356 129.22937128692865 148.5705645903945 42.109684094786644 1795.0877937637269 32.627606961876154 69.189188029617071 373.85591591522098 392.69795214757323 875.71414956822991 460.6846231892705 55.049948193132877 24.107289396226406 36.523985635489225 164.77451089769602 39.072115354239941 77.166504979133606 149.41530730575323 26.285541266202927 133.47708202898502 80.431323114782572 126.19851714745164 47.543974813073874 90.434435930103064 101.37590075656772 27.8219079002738 26.542330697178841 47.863184250891209 158.3125183172524 105.11693307757378 72.034598730504513 422.54402202367783 45.625817611813545 322.84273850172758 133.77810761332512 38.348195135593414 470.74910813942552 398.52721599861979 1760.0618459433317 370.66458419710398 581.1732032969594 63.320490777492523 85.550810620188713 108.28481105715036 35.353774830698967 22.609903924167156 20.952811453491449 29.330635011196136 48.393759358674288 44.79966563731432 42.828415513038635 207.5258766412735 35.206858813762665 66.494559936225414 79.256532717496157 2173.7921216785908 1365.0641574263573 344.25007876753807 190.34997936338186 46.323246717453003 75.511233307421207 133.4676945656538 49.075652651488781 74.226963978260756 34.995926637202501 51.49709377810359 32.160131134092808 21.992873650044203 30.656513478606939 171.33137689530849 36.336694397032261 196.84147605672479 164.83175882697105 32.982194975018501 127.16514910757542 48.521752998232841 113.92039549350739 399.62768859416246 19546.163559615612
leaf_count=53538 403 2048 1777 3576 2757 2590 3246 3550 368 725 31190 3221 446 7099 2491 4624 4576 1558 6398 2940 3340 1666 5274 1071 381 1295 3717 4322 576 3206 2635 432 1915 14000 6757 3762 661 507 7391 1080 669 3576 11670 1031 520 630 3379 1353 2297 2948 263 361 8217 598 468 271 41421 504 5771 15195 16405 8958 4317 2707 273 378 9205 435 429 3871 3194 582 629 6651 2944 1924 36694 417 3394 188 366 1453 444 3069 658 42391 2218 1286 675 468 530 494 370 624 2901 1541 1746 4805 1830 357 1829 1487 176 521 460 399 1393 3200 4757 1066 894 2364 383 1276 640 1136 14508 451 788 234 7681 374 1358 1326 2481 269 2150 924 405 637 466 199 910 1833 1527 400 591 2226 3502 2356 906 569 4010 1595 12200 304 354 368 827 1474 2940 260 631 315 424 1634 2616 1439 753 563 410 504 6982 334 456 392 283 466 264 557 374 406 851 1403 370 241 865 851 439 29240 531 962 4352 3413 14101 1698 212 266 392 2399 578 427 1004 265 1028 1009 1926 721 1425 1632 438 378 393 1473 1087 465 2590 437 2095 706 225 3844 3648 32141 6375 10487 424 1219 1370 526 284 364 378 505 360 595 1079 361 857 784 5796 3906 1702 1201 229 533 1209 262 577 501 523 425 272 436 1300 332 1799 1568 411 866 480 894 1126 14702
internal_value=0.0382046 0.0477933 0.00634413 0.0358674 0.0509191 -5.12116e-05 0.0201582 0.00421673 0.0318755 0.0464698 0.0526707 0.0171857 0.0283226 0.0348814 0.0318082 0.0136973 0.00270041 0.0338817 0.0197148 0.0433776 0.0290894 0.0257917 0.0316858 0.0300277 0.0234368 0.0219168 0.0396184 0.0406027 0.0485401 0.0185857 0.0165727 0.0110144 0.0163846 0.0495462 0.0434739 0.040726 0.00732638 0.0382252 0.0174041 0.0192888 0.0428013 0.037034 0.00792829 0.0147858 0.0224965 0.0244716 0.0494556 0.0323385 0.0275137 -0.00499581 0.00592974 0.0224553 0.0533721 0.0251503 0.0278587 0.0380288 -0.00528485 0.0258571 0.0448735 0.00100947 -0.000625624 0.00307189 0.0195715 0.0331459 0.0307759 0.0199576 0.0466148 0.0409715 0.0289195 0.0233681 0.0197027 0.0136132 0.0192243 0.0036908 0.0247037 0.0235102 0.000621826 0.00361402 0.0425207 0.0285046 0.025715 0.0169666 0.0197693 0.00587225 0.00681987 -0.00424722 -0.00323418 0.023598 0.0209463 0.0109923 0.0206277 0.0277398 0.0200015 0.03594 0.0374077 0.0331596 0.0226341 0.0366415 0.0377252 0.0325479 0.0124552 0.0181092 0.0329575 0.0228371 0.0197183 0.0230966 0.00835373 0.0454924 0.0434083 0.0134877 0.0158726 0.0187298 0.022029 0.0147588 0.0216666 0.00770352 0.00901789 0.0375004 0.0360597 0.000474578 0.0435897 0.0116163 0.0204486 0.0435623 0.0407053 0.0037532 0.00833783 0.0313145 0.0276852 0.00791751 0.0183467 0.0211754 0.00883227 0.00615436 0.016542 0.0218345 0.0395636 0.0368447 0.0141926 0.0339192 0.0470769 0.0284418 0.0316953 0.0499981 0.0492875 -0.00652081 0.0103022 0.0186512 0.0391143 0.0218243 0.0249639 0.0173493 0.0277931 0.0241681 0.016203 0.046093 0.027242 0.0305012 0.0218318 0.0257966 0.0153245 0.0216303 0.0169166 0.0347896 0.00857655 -0.00339557 0.0082559 0.0314759 0.00758499 0.0147185 0.0338107 0.0317946 0.00901655 0.0286206 0.0137992 0.0197387 0.0333118 0.0441578 0.0147394 0.0017591 0.00411736 0.0147607 0.0201764 0.0198316 0.00308687 0.0483415 0.0372512 0.0108751 0.00989234 0.00754401 0.0151466 0.0339422 0.0310102 0.0094903 0.0243952 0.00983828 0.0134994 0.0215136 0.00196795 0.00202517 0.0189851 0.0274709 0.0214812 0.0111807 0.0137053 0.0308215 0.0289762 0.0199146 0.0308256 0.0346549 0.0276681 0.0258458 0.0288773 -0.00375608 -0.00506717 -0.00214606 0.0357275 0.00971289 0.0034662 0.0058863 -0.00120949 0.0133425 0.0124304 0.0203536 0.0214006 0.017621 0.0318219 0.00363551 0.00863087 0.0299364 0.0467896 0.0447455 0.0400039 0.0315649 0.0255665 0.0185599 0.0289664 0.0233109 0.0369284 0.00330516 0.012122 0.0181653 0.00740331 0.00731756 0.0240301 0.0250587 0.0227827 0.0245439 0.00868436 0.0282256 0.0342734 0.0272097 0.0480513 0.0542052
internal_weight=147431 113324 34107.1 23539.9 89783.8 23314.7 10792.4 12512.6 15445.8 25378.9 64404.9 8102.6 7089.87 8355.92 4130.2 1722.21 10790.4 7785.48 5742.97 10197.1 2689.82 1938.94 5640.97 4510.11 2959.67 2647.17 2144.51 5506.77 15181.8 5325.63 3755.73 2359.63 895.777 11891.1 8094.12 3447.76 1008.23 1130.86 3562.71 2682.73 3729.6 2189.91 2633.89 603.566 1466.78 2027.63 11562.5 1008.39 2450.74 10802 276.505 1717.07 52842.4 1790.35 1287.7 1679.46 10525.5 1938.76 3290.71 8156.54 4547.67 3608.88 745.382 2571.35 1706.03 597.147 4690.36 1181.52 205.167 1569.9 861.178 965.661 1148.69 760.812 1228.01 590.113 3671 1395.08 1299.46 683.235 209.91 501.064 409.768 2030.33 1840.76 7659.08 5304.71 1954.28 1140.54 238.77 101.225 708.718 218.538 1777.16 1472.34 828.201 713.983 1544.57 865.32 675.895 645.396 502.648 805.442 295.184 539.503 348.017 226.499 4646.36 2334.97 619.546 500.274 394.329 1088.83 239.7 136.098 1463.85 1248.9 750.88 312.5 150.395 3524.44 879.979 151.635 1339.07 861.537 1195.36 428.036 148.356 82.1016 1149.13 247.414 215.627 393.656 299.092 597.026 314.344 860.401 641.022 289.699 335.218 1257.85 1341.61 683.303 10651.1 8353.39 2354.37 42.8111 368.772 262.708 466.584 658.311 183.154 475.158 129.75 88.8969 1714.77 813.732 500.881 312.851 241.112 99.2287 74.7371 666.569 96.0832 1109.8 194.404 62.9881 743.41 114.81 173.524 660.386 569.55 122.821 304.827 122.813 88.7042 522.214 257.712 76.3836 2984.87 1189.78 101.817 1098.51 544.775 1087.96 570.443 109.758 592.493 568.385 455.504 189.354 417.337 340.171 212.248 294.958 375.111 254.174 127.975 120.938 266.15 112.881 63.0663 244.069 207.465 452.159 619.122 540.204 117.66 1033.53 456.621 576.905 509.097 568.382 5078.21 2711.9 951.838 764.316 728.344 193.836 72.9188 2275.92 43.5627 158.195 77.7244 121.295 188.601 267.056 137.545 101.701 1646.9 4099.09 1925.29 560.23 1189.04 457.861 154.768 303.094 182.543 120.55 119.272 126.486 83.6572 49.8148 66.654 849.13 778.01 606.679 537.36 69.3189 372.528 175.687 512.448 1233.72 27385.5
internal_count=780798 283866 496932 134616 149250 384916 112016 190286 104398 72450 76800 90426 54452 49946 27832 21900 168386 47633 60032 37157 21590 16948 37549 31768 26620 24624 10084 22510 35293 56824 41989 30394 10436 26129 30218 15504 14144 5781 39354 28635 13101 11022 37299 7797 13702 17821 22691 5932 18461 194630 4008 17275 54109 14519 9829 9371 190622 15064 9164 131087 74440 56647 8287 16704 12167 5411 14647 5090 1098 14835 8692 11360 12372 11275 10966 5498 59245 21903 5442 5887 2311 4699 3628 29502 26433 137084 94035 17453 10796 2736 998 6143 2272 9409 7382 4481 7756 8925 4537 4120 8842 4690 4719 2619 6010 3343 3611 14714 7957 6803 5236 3941 10121 2735 1459 19958 16737 4642 1996 2149 12003 10719 1732 5365 3807 17591 5921 1356 668 15601 2869 2403 5486 3796 6931 3047 3393 2802 3771 2544 4482 9653 4514 19934 16555 43049 658 3574 1615 5024 5139 1568 3571 999 739 4355 6657 4055 2602 1849 1280 914 7564 712 14964 3340 683 4543 1147 1902 3942 3568 1408 2027 1132 762 3162 1302 703 47689 18449 1493 11743 5079 16956 2313 615 8184 7918 6438 2407 3208 2781 2855 2481 5498 3656 1730 1842 4031 1480 770 1746 2071 5404 3849 3492 902 7338 2801 4537 4069 4903 90424 49003 16862 4186 8987 2589 986 37342 648 1963 883 826 2204 1514 1738 1218 11894 12129 6333 2427 8300 3594 1317 2277 1471 806 1567 1543 948 710 819 7386 6756 5456 4713 743 3145 1346 4542 2760 22919
is_linear=0
shrinkage=0.01


Tree=14
num_leaves=255
num_cat=0
split_feature=6 6 5 6 6 8 5 0 0 8 6 5 8 1 6 6 6 0 1 6 6 7 6 8 5 5 6 8 0 1 1 8 0 5 0 8 5 8 1 6 5 1 8 0 1 6 8 5 1 6 1 1 6 5 0 1 0 1 1 5 5 8 0 1 0 5 0 5 6 8 1 6 1 5 0 1 6 1 1 6 5 1 1 1 1 6 6 6 0 1 1 8 1 0 0 5 6 1 8 1 1 5 1 0 8 8 0 6 6 6 5 6 8 1 5 0 6 7 6 1 8 1 0 6 5 5 0 1 1 5 1 1 1 1 1 0 8 1 6 6 1 1 7 0 1 6 1 1 0 0 5 6 1 0 0 7 6 5 6 6 0 0 1 8 1 0 8 6 0 5 6 0 6 1 6 5 6 1 0 1 8 6 0 1 7 0 1 6 0 6 0 0 1 0 0 1 1 5 5 6 5 1 1 0 5 6 6 6 1 1 0 6 0 1 5 6 1 6 1 6 1 0 0 5 6 0 1 1 1 1 5 5 6 1 0 0 8 0 0 6 0 8 1 1 1 0 8 6 6 6 1 6 1 1
split_gain=422630 44971.6 26068.8 5026.14 4689.64 4262.98 2796.65 1330.81 1269.5 1027.37 1016.22 981.774 851.792 849.568 566.2 559.439 551.765 540.66 513.957 449.486 413.965 412.092 376.055 350.838 387.245 341.117 319.731 319.536 302.268 279.886 265.212 261.173 248.817 248.14 246.611 264.596 240.284 236.811 335.203 226.419 223.713 209.695 208.32 207.456 204.866 203.589 222.884 187.424 360.715 206.815 262.089 231.646 181.328 173.67 171.02 237.71 167.422 263.186 167.168 205.471 165.657 165.345 163.302 163.074 158.839 157.801 156.072 151.507 150.113 165.043 149.209 146.494 292.285 238.75 155.696 178.809 142.995 136.72 251.314 135.344 134.524 130.642 128.249 125.865 125.603 174.751 153.505 142.185 150.044 279.031 123.3 123.244 154.52 157.554 122.113 120.868 119.358 122.903 119.069 141.053 163.718 118.889 155.785 115.987 142.782 115.286 128.172 112.531 165.307 112.501 112.406 151.762 137.952 157.396 111.265 109.708 109.295 108.338 108.112 107.208 107.119 139.606 106.617 105.776 207.625 201.071 136.32 128.611 107.572 140.693 105.148 104.405 106.47 105.37 103.862 103.467 102.549 101.198 100.305 147.993 108.757 99.2707 109.589 99.0552 99.524 138.714 107.151 97.0827 126.765 137.449 97.0279 96.1712 95.5515 94.7455 94.0176 100.742 93.861 103.93 93.7378 93.0204 91.9373 140.558 91.3891 90.1788 89.985 89.8709 101.836 89.7344 216.29 89.413 89.2887 89.257 89.2179 87.7375 86.5892 85.0015 84.9799 90.2032 84.712 84.5676 151.685 84.1431 88.6036 83.4832 89.4818 123.688 83.3346 82.9362 81.07 80.4135 108.189 80.1821 79.8792 79.8554 91.419 138.744 79.5865 90.0315 136.757 123.775 79.9269 79.1989 145.4 77.7794 76.3267 75.4622 74.5778 147.099 186.524 74.202 84.9156 88.8901 72.7657 124.222 72.7196 72.6749 71.6924 71.6261 107.238 77.9359 71.4573 71.115 158.863 125.027 83.9818 70.7545 70.3085 267.584 76.2597 147.918 232.886 74.1468 69.8448 69.5328 75.9157 96.1704 81.3365 86.7064 117.999 69.4386 68.714 68.3044 189.561 124.45 68.099 67.6058 67.1598 124.078 94.5949 89.5634 66.6667 66.0744 65.6234 65.5994
threshold=399.03000000000003 2493.0450000000005 1.5000000000000002 6669.4150000000009 913.61500000000012 2.5000000000000004 6.5000000000000009 2.5000000000000004 4.5000000000000009 4.5000000000000009 104.90500000000002 4.5000000000000009 4.5000000000000009 20.500000000000004 4013.4850000000006 1508.5450000000003 116.95500000000001 6.5000000000000009 43.500000000000007 168.04000000000005 708.94500000000005 3.5000000000000004 131.29000000000005 1.0000000180025095e-35 1.0000000180025095e-35 16.500000000000004 14765.125000000002 2.5000000000000004 5.5000000000000009 19.500000000000004 18.500000000000004 3.5000000000000004 1.0000000180025095e-35 49.500000000000007 1.0000000180025095e-35 3.5000000000000004 12.500000000000002 3.5000000000000004 36.500000000000007 143.03500000000003 19.500000000000004 3.5000000000000004 4.5000000000000009 2.5000000000000004 20.500000000000004 320.40500000000003 3.5000000000000004 16.500000000000004 88.500000000000014 626.35000000000002 69.500000000000014 54.500000000000007 588.29000000000008 2.5000000000000004 91.500000000000014 10.500000000000002 3.5000000000000004 13.500000000000002 15.500000000000002 5.5000000000000009 45.500000000000007 3.5000000000000004 2.5000000000000004 6.5000000000000009 37.500000000000007 4.5000000000000009 561.50000000000011 2.5000000000000004 754.6500000000002 4.5000000000000009 77.500000000000014 185.87500000000003 85.500000000000014 2.5000000000000004 1.0000000180025095e-35 28.500000000000004 33.215000000000011 63.500000000000007 68.500000000000014 293.05000000000007 3.5000000000000004 46.500000000000007 2.5000000000000004 23.500000000000004 8.5000000000000018 77.735000000000014 66.605000000000004 8.8400000000000016 13.500000000000002 18.500000000000004 4.5000000000000009 2.5000000000000004 26.500000000000004 8.5000000000000018 1.0000000180025095e-35 8.5000000000000018 39.910000000000004 11.500000000000002 3.5000000000000004 40.500000000000007 31.500000000000004 2.5000000000000004 16.500000000000004 18.500000000000004 3.5000000000000004 3.5000000000000004 61.500000000000007 37.020000000000003 59.895000000000003 77.735000000000014 2.5000000000000004 232.24500000000003 2.5000000000000004 29.500000000000004 16.500000000000004 7.5000000000000009 109.04500000000002 3.5000000000000004 4.8900000000000015 14.500000000000002 3.5000000000000004 11.500000000000002 8.5000000000000018 1955.8800000000003 33.500000000000007 34.500000000000007 1.5000000000000002 86.500000000000014 103.50000000000001 20.500000000000004 33.500000000000007 88.500000000000014 75.500000000000014 81.500000000000014 44.500000000000007 1.0000000180025095e-35 2.5000000000000004 52.500000000000007 287.32000000000005 150.03500000000003 5.5000000000000009 10.500000000000002 3.5000000000000004 3.5000000000000004 35.500000000000007 293.05000000000007 42.500000000000007 4.5000000000000009 77.500000000000014 105.50000000000001 57.500000000000007 69.905000000000015 37.500000000000007 10.500000000000002 6.5000000000000009 3.5000000000000004 2316.3550000000005 21.500000000000004 366.85500000000008 148.02500000000003 4.5000000000000009 21.500000000000004 14.500000000000002 4.5000000000000009 62.500000000000007 36.500000000000007 3.5000000000000004 1106.8950000000002 24.500000000000004 28.500000000000004 215.62500000000003 216.50000000000003 220.04000000000005 15.500000000000002 220.04000000000005 4.5000000000000009 437.13000000000005 14.500000000000002 21.500000000000004 36.500000000000007 2.5000000000000004 95.865000000000009 15.500000000000002 24.500000000000004 3.5000000000000004 7.5000000000000009 18.500000000000004 22.005000000000006 14.500000000000002 131.29000000000005 27.500000000000004 7.5000000000000009 13.500000000000002 10.500000000000002 8.5000000000000018 14.500000000000002 18.500000000000004 20.500000000000004 16.500000000000004 1260.7950000000003 18.500000000000004 15.500000000000002 6.5000000000000009 26.500000000000004 5.5000000000000009 427.31500000000005 343.34000000000009 374.80500000000006 29.500000000000004 11.500000000000002 2.5000000000000004 39.005000000000003 36.500000000000007 7.5000000000000009 3.5000000000000004 320.40500000000003 51.500000000000007 139.26500000000001 16.500000000000004 150.03500000000003 11.500000000000002 7.5000000000000009 4.5000000000000009 15.500000000000002 1153.2450000000001 38.500000000000007 88.500000000000014 101.50000000000001 39.500000000000007 33.500000000000007 10.500000000000002 6.5000000000000009 53.805000000000007 2.5000000000000004 103.50000000000001 130.50000000000003 3.5000000000000004 6.5000000000000009 31.500000000000004 139.26500000000001 9.5000000000000018 2.5000000000000004 53.500000000000007 61.500000000000007 13.500000000000002 32.500000000000007 2.5000000000000004 358.02500000000003 287.32000000000005 336.62500000000006 19.500000000000004 299.04000000000002 44.500000000000007 4.5000000000000009
decision_type=2 2 2 2 2 2 2 2 2 2 2 2 2 2 2 2 2 2 2 2 2 2 2 2 2 2 2 2 2 2 2 2 2 2 2 2 2 2 2 2 2 2 2 2 2 2 2 2 2 2 2 2 2 2 2 2 2 2 2 2 2 2 2 2 2 2 2 2 2 2 2 2 2 2 2 2 2 2 2 2 2 2 2 2 2 2 2 2 2 2 2 2 2 2 2 2 2 2 2 2 2 2 2 2 2 2 2 2 2 2 2 2 2 2 2 2 2 2 2 2 2 2 2 2 2 2 2 2 2 2 2 2 2 2 2 2 2 2 2 2 2 2 2 2 2 2 2 2 2 2 2 2 2 2 2 2 2 2 2 2 2 2 2 2 2 2 2 2 2 2 2 2 2 2 2 2 2 2 2 2 2 2 2 2 2 2 2 2 2 2 2 2 2 2 2 2 2 2 2 2 2 2 2 2 2 2 2 2 2 2 2 2 2 2 2 2 2 2 2 2 2 2 2 2 2 2 2 2 2 2 2 2 2 2 2 2 2 2 2 2 2 2 2 2 2 2 2 2 2 2 2 2 2 2
left_child=2 4 5 11 7 19 8 18 13 15 21 44 27 22 94 28 76 25 33 23 40 56 41 -1 62 29 -14 -5 196 135 -11 39 -33 58 159 253 83 43 80 141 54 -4 150 -17 -3 46 138 49 -49 50 51 81 -42 203 55 191 57 82 59 -2 123 -29 63 -25 183 119 118 -60 69 -51 103 73 98 187 216 136 105 246 -79 175 -39 -20 -7 95 233 86 87 88 89 -86 -64 92 -22 -94 -13 244 97 -43 110 100 -100 102 178 104 114 -10 -107 220 -109 117 172 112 -112 -114 -55 -34 -98 -78 -58 -45 121 181 -40 124 128 156 -126 -127 131 -130 209 132 221 -134 151 -8 -76 162 139 140 -18 142 -12 144 215 -146 -147 -117 212 -150 -16 -77 -115 -106 -141 -156 -125 -158 170 -24 -88 -162 -59 -27 -53 167 173 168 -105 -28 -85 -92 -73 -167 -37 217 177 -103 -57 180 -67 -111 -183 184 185 -41 -140 -15 -95 190 -142 -9 -118 194 195 -119 214 198 226 -199 -200 202 -186 -30 -83 -104 -47 -208 -209 -89 211 -211 213 -149 -6 -113 -75 218 -48 -219 -84 222 224 -223 252 -163 228 -228 229 -198 231 -231 -213 -23 236 -236 237 -235 -239 -136 -188 243 -243 -70 -19 -87 247 -31 -248 -250 -203 -161 -32 -36
right_child=1 3 6 12 9 10 17 20 16 30 31 14 26 71 42 37 45 36 47 -21 91 84 34 24 -26 163 169 61 53 77 60 32 115 -35 35 174 -38 38 122 64 52 96 -44 65 -46 206 79 48 -50 68 -52 164 -54 70 -56 101 66 137 67 -61 -62 -63 90 -65 -66 179 -68 -69 241 -71 -72 72 -74 74 75 134 109 78 -80 -81 -82 204 107 158 85 245 160 130 -90 -91 171 -93 93 188 -96 -97 116 -99 99 -101 -102 176 205 165 153 106 -108 108 -110 120 111 143 113 152 -116 147 192 193 -120 -121 -122 -123 -124 125 126 127 -128 -129 129 -131 -132 -133 133 -135 239 -137 -138 -139 186 154 189 -143 -144 -145 145 146 -148 148 149 -151 -152 -153 -154 -155 155 -157 157 -159 -160 251 161 225 -164 -165 -166 166 -168 -169 -170 -171 -172 -173 -174 -175 -176 -177 -178 -179 -180 -181 -182 182 -184 -185 201 -187 240 -189 -190 -191 -192 -193 -194 -195 -196 -197 197 199 200 -201 -202 250 -204 -205 -206 -207 207 208 -210 210 -212 232 -214 -215 -216 -217 -218 219 -220 -221 -222 223 -224 -225 -226 -227 227 -229 -230 230 -232 -233 -234 234 235 -237 -238 238 -240 -241 -242 242 -244 -245 -246 -247 248 -249 249 -251 -252 -253 -254 -255
leaf_value=-0.008054750085284456 0.033221623532094187 0.030632165807650394 0.035519478714987937 0.047945397274552895 0.028883717402243162 0.021612344477516868 0.044182611464842834 0.039275950563827218 0.021693946081909724 0.050680187920004532 0.0018925822205360476 0.045530116065283843 0.049894195017406301 0.025774879223094561 0.04509664576223598 0.040931291662135751 0.038710436305702652 0.016246984259432933 0.017112605031430667 0.026027099387530544 0.040578279783489622 0.025315346057942403 0.050237826756139442 0.0036797271136547933 0.020412520859890218 0.033331351597900793 0.047097460677658354 0.04265293601692248 0.024357448039680717 0.030820175441068798 0.035979212859581299 0.023185836639510207 -0.0009052355618277086 0.053025408056742496 0.039306681905774597 -0.005070511792959264 0.032352986560081932 0.020693915632707359 0.0030381098779873987 0.024372803003005667 0.043018470506940791 0.016230688281763932 0.047799907182493086 0.011802585038287756 0.0093708692076879246 0.024543809889114455 0.0040915770269281757 0.039764210993556363 0.011821538157440871 0.01210515261410605 0.038607666072578012 0.0072941109365031636 0.020197017850051128 0.029092325122799967 0.0013899796716272594 0.015590036694400518 0.0012391927484546174 -0.010137033174552905 0.020350673906550355 0.045363650118033436 0.043961081379762248 0.027874737501266251 -0.003677925205232141 -0.0041089545261009013 0.00031720383382549027 0.043001181488132527 0.018894360855159335 0.034214710136714482 0.0080516342455188589 0.03454109524141348 0.016523720319299016 0.013854783711096755 -0.0066718416346159028 0.019499105995010872 0.037515669964781687 0.02021438596241772 -0.0067977014984307851 0.052839910270735667 0.025844128583993601 -0.0038474024493652249 0.040039122176031554 0.04468118957668555 0.003584023658932449 0.0016526622671481726 0.044248857159250053 -0.0048282438737943028 0.025759962498534239 -0.000118439502450816 0.0014627104077945578 0.0062906143221794142 -0.0066415648214448479 0.027473175780451199 0.033866934401585225 0.012499449586176199 0.042918933115438027 0.0095548686677235494 0.022070530364390686 -0.0063169824449905813 0.0079610019719694256 0.0013986250308169962 0.030474125068152915 0.032272557125525153 0.023681024111876794 0.015514162631649737 0.0042639707398020553 -0.0022956187999647309 0.023943766208054679 0.027928214359680865 0.0033751984606166054 0.028739621230952167 0.040470470836705214 0.0042502501232673223 0.00393839837625359 0.03987117652041592 0.038027622113145275 -0.0045594492578257661 0.00081063864465236082 0.020500231440135252 -0.0022124680663556133 0.031314314006161033 0.004043849299726625 0.0085679777886801933 0.024535199029241641 0.045326774804818316 0.048956593973703208 0.037647851112558604 0.035666006800522843 0.019903066368455062 0.037664770225922954 0.018207702018679175 -0.0012249366920777775 0.044931012603042324 0.02051291485319549 0.035350691727410649 0.0083755171379013699 0.031511560783165332 0.016961781177633532 -0.0087447870469426724 0.02804335255914785 0.0064144156095626874 0.016346523450038439 -0.0016298646926002974 0.027763813367402138 0.02732805630792165 0.027342042966682967 0.024155580176460894 0.0054696001596652782 0.028427583588676444 0.030537868820512314 0.0034767182716975435 0.033982789250730824 -0.0012569681683963819 0.018864132205966413 0.02558802888397671 -0.0018893067989919491 0.014741077350654006 0.0439803869996011 0.031411822537055503 -0.0049916203648169557 0.029577611457534143 -0.0017138041296175946 0.031632526360529448 0.0027949698949399945 0.047772792563827118 0.023364105345847701 0.045580154835932196 0.017873898740204942 0.040660250182964618 0.038497106540520319 0.051669918379125691 0.017693268711627085 0.01553680743842996 0.033457297467125439 0.026126643211468271 0.016171687456311611 0.019778165634845885 0.023731797033484991 0.016037495891437971 0.03430054753118271 0.035334836498910789 0.034625913952548909 0.023225966846121944 -0.00025832232154544377 0.011727796512529934 0.038191724450207451 0.0058108552901202631 0.023388637217310087 0.0069764246365485207 0.028288098755297086 0.022434017125022257 -0.0047010801852567646 0.027572133345569676 0.018112056091538493 0.0023365325224391736 0.020729664744908304 -0.00041122608742660626 0.034944879496685059 0.020317558863958207 0.046425606648211895 0.03508039880034558 0.03309754275399697 0.044609221433774174 0.014708853462191297 0.0063475290113392518 0.028629500214658168 0.007257134745150765 0.011772981341791063 0.028607912144031529 0.0063752960237110192 0.017213064615646735 0.0052498962100150639 -0.0059794153002830919 7.4752922012724258e-05 0.0070723773835462142 0.042121032385683925 0.015911531325306302 0.032239481629699578 -0.0028867113058798338 0.023003458798484932 0.0089076950296268463 0.012341850941984223 0.01762631974733277 0.045764107311640448 0.036084963843845394 0.038067502855271863 0.0072066034570370851 0.0081179965400420186 0.035810286861298349 0.036785567266070983 0.020888521342081648 0.0096362653300957647 0.035743498343129732 0.01391407923238702 0.022358176448311552 0.034305305212366508 0.0063073726406459255 0.0022519203994399921 -0.0013632220734162074 0.018367742964099053 0.023375150291863309 0.0088788466488577411 0.043732220650602206 0.021423473672613214 0.027990325276401634 0.034811531344122855 0.0070168731011499156 0.013515887233717152 0.012504703242319257 0.034677437075009122 0.0180354652925079 0.022805509717093733 0.040862200021392417 0.024554686032364874 0.026456076826551048
leaf_weight=2999.269193328917 307.69850634038448 134.99715297669172 74.243202105164528 4450.1605478450656 75.363901734352112 69.87918259203434 165.0166724100709 102.69082171097398 122.04442451521754 308.53444446623325 35.60191036760807 3727.9343162477016 20223.026175767183 23.694325257092714 3907.201237604022 2503.9502890780568 29.431777380406857 38.275384187698364 58.63962584361434 44.390956655144691 222.31302169710398 32.590633202344179 51.116645831614733 484.7880614772439 62.275346994400024 98.687963396310806 743.72482676059008 882.10071306675673 63.848692949861288 230.77564202994108 141.85869933664799 89.195420242846012 189.76117210462689 89.078528836369514 56.350052900612354 30.615843906998634 129.94414396584034 56.834148496389389 53.041487202048302 90.298971902579069 109.42342181503773 55.324388980865479 10098.953023992479 45.766226559877396 73.629006810486317 242.53372124582529 50.894801754504442 288.45845318585634 58.750388771295547 217.91219226270914 249.84847317263484 82.806540820747614 62.441213078796864 1033.415680333972 37.199621494859457 56.686063405126333 5533.9388609416783 56.0780885592103 96.868256505578756 357.00460845977068 1299.3409918621182 104.37768192589283 3906.7492240183055 597.39514055103064 40.831696443259716 663.09242775291204 45.395033214241266 1919.6441155821085 54.869725286960602 38.764240086078644 76.353080563247204 35.962482023984194 41.877383962273598 155.90233821049333 36.498025745153427 23.30387744680047 85.224280692636967 53.778969474136829 124.01100747287273 69.430895637720823 182.14114885032177 70.271399348974228 442.95616137236357 48.499814532697201 34.761151559650898 213.3907923810184 57.616365354508162 176.19905195757747 49.738400764763355 44.122223976999521 2625.2024236507714 1196.6376529186964 289.99869125336409 77.065473333001137 7417.2023470923305 51.522016242146492 368.50514934211969 39.547373704612255 72.528312005102634 74.644424501806498 61.840239007025957 41.173473685979843 34.092705830931664 68.095218993723392 39.051156356930733 56.786886282265186 25.093787729740143 58.180691361427307 53.413154989480972 68.661801692098379 58.301747620105743 120.67808862775564 40.409950233995914 40.841137580573559 202.06547786295414 53.396230906248093 51.418194800615311 42.772984687238932 1081.8335579968989 103.67370366305113 249.82139344513416 310.21075112000108 41.576683327555656 974.01233953982592 309.46803630143404 145.87096164375544 155.80396781116724 72.02941207587719 80.10363943874836 86.946046508848667 262.62501041591167 220.26234798133373 99.960662424564362 133.68247666209936 79.065111134201288 178.98585783317685 98.431445091962814 94.957190532237291 117.32462213560939 204.28513506054878 123.64321843162179 86.13078160956502 30.36083485558629 79.035597607493401 115.27830553799868 46.755865059792995 92.720953918993473 29.884081058204174 50.689600076526403 31.430154018104076 119.95118371397257 114.16223895549774 65.871196776628494 48.88807812333107 36.39022434130311 910.77248590439558 176.37681300193071 174.5192568898201 29.502888545393944 218.56890711188316 53.048693768680096 27.461476393043995 871.23576682433486 180.76884740591049 65.584519121795893 47.284760519862175 73.297147333621979 370.6434433311224 129.05599015951157 38499.66743978858 139.04360605403781 16.178380664438009 123.48300068452954 81.190546877682209 44.116503812372684 89.372736383229494 2386.8331399671733 319.0463786944747 56.344233982264996 1496.2050675675273 459.00716619938612 30.106232855468988 30.413460593670607 87.525776024907827 39.155137039721012 64.06371022388339 65.882996242493391 442.09690919891 68.932150632143021 207.45961167290807 28.509034797549248 287.08596636354923 56.958506818860769 377.81428075954318 57.246009528636932 105.59164269641042 723.78198105841875 125.35566251724958 206.84942799061537 137.86883545666933 102.65428872406483 45.546800244599581 95.053547855466604 43.384156372398138 99.360666904598475 160.41819677874446 250.9060985930264 162.56559314206243 52.349538490176201 136.73515513539314 725.09246909990907 37.11241927370429 113.54389597103 232.95609780028462 379.26871905475855 101.83568358421326 80.570805717259645 60.960180934518576 80.681096650660038 485.61620151251554 119.3992855399847 62.5266218110919 282.28625417500734 135.19291891902685 1074.6182532608509 24.52620180696249 54.338809244334698 109.71463667601347 1344.2934760898352 65.722515553236008 72.407035291194916 132.94261214137077 29.815471705049276 58.89106160402298 25.720925889909267 25.859151341021061 142.117970418185 67.390754941850901 51.494381852447987 56.972099665552378 76.87474986538291 71.372282490134239 102.7193259075284 85.034736812114716 72.694130796939135 59.6667550355196 137.06087313964963 50.970867067575455 65.866267167031765 88.652860328555107 35.075343329459429 111.18015412986279 131.78145062923431 517.59897876530886
leaf_count=56351 1879 879 411 7898 490 815 654 709 1398 802 513 9286 25840 267 9680 9648 267 400 489 468 1290 373 276 7980 560 548 1207 2484 536 1742 682 967 2786 191 306 444 937 509 476 870 575 569 18839 416 613 2379 723 1335 455 1902 1515 806 473 6693 547 575 89253 950 861 1226 3933 544 69731 10668 567 2723 605 11536 477 213 570 397 538 1582 278 271 1368 260 1008 992 984 414 6820 636 354 3322 699 2696 747 637 48444 9160 1845 679 22918 595 3690 569 869 959 595 337 331 576 383 865 315 645 736 735 418 1333 469 323 1072 839 585 475 17858 649 3576 4058 283 3162 784 558 722 389 348 527 4133 800 600 610 979 1113 1096 1620 1085 2436 1456 1252 321 689 996 424 1007 359 572 448 419 1504 669 372 524 10501 580 773 374 1604 816 316 13693 581 506 258 670 1998 795 31966 1482 261 987 571 483 1039 20630 3183 469 7193 2410 318 430 1035 317 894 620 5741 503 2268 401 2538 582 5587 681 1508 4023 835 822 656 553 348 1033 483 710 1863 2822 1507 603 1799 10619 570 1684 3245 1569 978 685 895 926 6411 1761 434 1122 690 4545 355 431 555 6924 467 567 702 392 638 293 353 2153 1008 651 570 900 364 780 555 660 857 1336 470 476 769 362 669 801 4246
internal_value=0.0368319 0.045772 0.00560189 0.0491706 0.0345175 -0.00041972 0.0184503 0.0289687 0.0160897 0.0376318 0.00362287 0.0453842 0.0506555 0.0203112 0.045564 0.035829 0.012676 0.0295244 0.0331547 -0.00501563 0.0256772 0.0025648 0.0257413 -0.00515029 -0.00401477 0.0328193 0.0510125 0.0467314 0.033584 0.0301434 0.0410096 0.0115072 0.00759312 0.0357842 0.0295456 0.0255586 0.0205217 0.0381401 0.0293711 0.0162188 0.0236702 0.0195904 0.0469476 0.0386818 0.0233363 0.0149714 0.0136573 0.0283913 0.0351595 0.0263646 0.0304524 0.0248412 0.0351123 0.0305967 0.0230826 0.0233131 0.00153228 0.00426918 0.0351686 0.0398745 0.0404721 0.041159 -0.00422074 -0.000610266 0.0194833 0.036615 0.000804069 0.0335745 0.0217687 0.015773 0.0312272 0.016302 0.0188184 0.0136085 0.0175631 0.0136459 0.00773924 0.0265145 0.0345626 0.00932412 0.0356898 0.0312187 0.00878791 0.0162964 0.00628097 0.00520109 0.00642182 0.00539395 0.0154067 0.0238217 -0.00481554 0.0295951 0.0333422 0.0294612 0.0438013 0.0230162 0.0173879 0.00679207 0.0197819 0.0126343 0.0186905 0.0223265 0.0160869 0.0317425 0.0297188 0.0155629 0.00600585 0.00738339 0.0165306 0.00653577 0.0213619 0.0196097 0.0271228 0.0212945 0.0306209 0.00553649 0.0194378 0.00357308 0.000672756 0.0256396 0.00937693 0.0123544 0.0129001 0.0394335 0.0381027 0.0418886 0.0446991 0.032062 0.03681 0.0279321 0.00442382 0.0374305 0.0365816 0.029273 0.00883087 0.037839 0.0230613 0.00096074 0.0156534 0.0146206 0.0200391 0.00536027 0.0144141 0.0167303 0.0148477 0.0191717 0.0120572 0.00793812 0.00942876 0.0206284 0.0447851 0.00254894 0.0275816 0.0165352 0.0127495 0.014089 0.0434464 0.0379712 0.0110558 0.036141 0.0156358 0.00961133 0.00198203 0.0429815 0.0146793 0.0351237 0.0283932 0.0373898 0.0308446 0.0515859 0.013659 -0.00649029 0.0293244 0.033952 0.00743367 0.0105355 0.0230092 0.0180887 0.0254381 0.0372176 0.0396518 0.0211014 0.0116335 0.0211661 0.0233015 0.016906 0.0215744 0.00806017 0.0203031 0.0182777 0.0123281 0.0308659 0.0101576 0.00512313 0.0101236 0.00574345 0.0354891 0.034781 0.035364 0.0282938 0.042278 0.0276523 0.0220935 0.0174122 0.0357805 0.0103984 0.019798 0.0172113 0.0233473 0.00577524 0.00690195 0.0126268 0.00686266 0.0097345 0.0400847 0.00972589 0.0241159 0.00924817 0.0159338 0.0075683 0.00549835 0.0374772 0.0382747 0.0305327 0.0366338 0.0209882 0.034472 0.0269063 0.0349749 0.0324494 0.0255425 0.0311362 0.00288437 0.0113684 0.00998897 0.0212148 0.00802727 0.0125122 0.00726289 0.0149774 0.0158749 0.0265073 0.031019 0.0204646 0.0288978 -0.00217137 0.0238899 0.0276535 0.0200556 0.0255457 0.036026 0.0336359 0.0307317 0.0278672
internal_weight=151374 117684 33690 90382.9 27300.7 22940 10750 9823.07 8865.98 17477.6 12203.7 25479.9 64903.1 3958.31 25271.2 11412.4 4907.67 1884.06 4314.69 10736.2 5508.38 10763.2 1675.54 10691.9 7692.59 1374.58 59466.4 5436.64 5807.14 1095.12 6065.18 1440.5 790.857 2770.29 1029.55 648.681 509.482 5605.29 333.593 649.645 3653.44 645.997 14126.1 5271.69 208.626 3345.88 2637.53 1544.39 347.209 1197.18 626.511 376.663 171.865 2276.57 3481.57 3444.37 8427.27 1766.1 2681.22 664.703 5756.64 986.478 7630.31 1082.18 497.551 2767.74 6661.17 2016.51 570.673 256.676 2169.34 2282.76 1172.06 1110.7 644.906 408.433 1561.79 751.116 177.79 836.956 238.975 228.272 743.828 379.538 2335.98 1931.91 1658.85 1496.2 128.622 78.8834 6548.13 1854.95 658.309 435.996 11145.1 162.492 571.754 94.8718 1130.19 209.013 134.369 3054.59 307.541 2092.99 1323.42 203.925 81.8807 673.949 111.594 1357.86 921.174 761.729 205.424 147.122 1235.48 701.661 476.882 668.649 6615.77 149.44 689.214 439.392 94.6182 4457.3 2914.49 1542.81 465.272 217.9 2449.22 167.05 1367.58 2282.17 2061.91 233.643 273.503 344.003 134.929 1022.27 1800.57 1540.49 389.044 152.094 65.9627 556.304 477.269 254.755 139.477 511.9 458.504 82.1198 4027.15 137.466 106.712 87.9392 1151.45 947.163 1324.91 350.896 217.046 380.866 162.653 105.036 927.314 279.457 148.391 769.567 201.772 567.795 197.151 39243.4 187.543 2641.38 159.445 128.475 74.7323 767.525 2747.05 360.22 113.03 2618.3 1122.1 129.181 60.5197 456.719 369.194 154.363 260.082 465.791 145.998 359.612 152.152 389.777 108.377 583.425 205.611 148.365 3530.56 3075.93 2812.7 263.224 309.504 214.831 134.209 107.233 169.632 194.511 708.355 465.821 214.915 1104.95 928.756 203.663 376.384 262.84 454.633 222.514 236.473 678.152 131.576 546.576 562.355 1828.26 1630.54 197.72 1348.26 51.9877 2503.2 164.053 2339.15 994.854 271.072 198.665 66.9279 404.065 371.474 51.5801 319.894 177.776 118.885 136.037 142.758 313.996 174.092 139.904 110.97 273.058 573.327 281.747 291.58 154.519 80.6221 329.749 273.64 573.949
internal_count=780798 286218 494580 132573 153645 381412 113168 71921 99127 81724 186949 62634 69939 39058 61142 58862 60069 14041 26214 194463 45707 168537 14434 193995 137644 8957 59013 10926 33571 7828 22862 18412 10900 15693 8028 5479 5084 25291 2252 7512 32230 6406 28938 23039 1492 38755 31444 10521 1790 8731 4440 2925 1048 14977 31182 30635 134756 27040 15502 3105 22060 3028 137084 18648 5426 13391 107716 12397 4291 2115 13958 24624 11651 12973 6965 4698 21314 6061 1268 10986 1493 1613 10777 4147 33781 28312 24133 21947 1738 991 118436 13477 4317 3027 32204 1655 5995 1138 11113 2423 1464 27388 3238 13388 8520 2578 1180 9962 1381 18736 8690 7306 1879 1461 7765 9933 4857 9619 107111 1065 9117 5541 759 18127 12665 5462 1506 947 11159 875 20209 10284 9484 1210 3324 1767 1374 16263 20458 17853 4392 2086 834 5427 4738 2427 1431 7147 6308 1020 10099 1775 992 755 13461 11025 4515 1353 2492 2549 2186 1487 14643 1129 1312 4868 1499 3369 1371 33173 2118 48705 1384 829 927 9994 24150 3520 1044 12326 5133 1483 748 4859 3824 1764 2605 6008 1182 4125 1857 3247 1167 8251 2664 1983 18594 16535 15044 1491 1375 2060 1350 1019 1124 2194 7311 4932 2110 16076 13380 2761 5288 3604 2059 2311 2267 8955 1649 7306 8581 8274 7150 1124 6028 671 13669 986 12683 5759 1736 1169 962 5469 5096 646 4450 2297 1659 1549 1520 2176 1144 1032 1060 4179 4793 2212 2581 1245 710 2273 1483 4552
is_linear=0
shrinkage=0.01


Tree=15
num_leaves=255
num_cat=0
split_feature=6 6 5 6 8 6 0 0 1 6 6 8 8 5 6 8 5 5 6 5 5 3 5 1 8 6 8 6 0 5 6 8 8 0 8 1 3 0 3 6 0 1 0 5 8 6 6 1 3 3 0 6 3 6 3 1 1 5 3 0 1 3 3 1 1 3 0 3 1 3 6 3 3 6 1 0 8 1 6 6 3 6 5 6 5 1 1 6 5 5 1 0 6 3 1 3 6 8 0 1 3 0 3 0 0 6 0 1 0 1 1 1 3 6 0 0 6 0 0 1 8 3 1 1 1 1 0 5 0 0 8 1 8 3 3 1 3 0 1 0 0 6 3 1 1 6 3 5 6 1 3 3 3 6 1 1 3 3 3 5 6 3 6 1 3 3 1 5 3 1 5 5 6 3 6 1 5 6 0 0 6 3 8 3 1 3 6 1 3 6 6 1 3 6 6 6 6 3 3 6 6 6 5 1 6 6 3 1 1 6 1 3 1 5 8 0 3 1 3 8 0 1 6 5 5 5 0 6 6 1 6 3 3 3 3 1 6 6 6 3 0 1 0 0 3 0 3 3 1 6 0 0 3 1
split_gain=390425 40995.8 25012.1 5578.31 4362.1 3567.91 2295.23 1322.1 1292.42 1045.96 835.175 813.495 799.154 771.153 700.87 627.729 548.652 454.515 435.025 392.836 371.676 419.22 328.038 327.05 322.183 401.716 316.788 309.85 281.727 266.813 264.934 261.516 310.687 251.607 304.869 249.485 322.07 221.949 214.017 312.742 295.59 208.969 218.262 217.018 202.379 191.691 263.01 261.467 206.475 218.472 190.784 180.893 177.033 175.816 200.09 297.928 173.388 172.673 257.187 166.404 171.624 311.48 164.288 210.942 164.155 162.66 180.135 156.429 156.096 155.6 153.93 153.911 153.111 186.437 152.174 232.295 196.897 221.987 151.184 149.876 148.052 145.133 144.355 151.185 137.863 136.339 136.187 138.765 146.489 135.366 135.063 131.532 130.627 130.063 321.267 230.992 129.302 125.001 124.747 123.839 130.966 121.869 140.835 128.518 197.248 121.239 121.055 250.103 120.891 178.334 183.267 119.968 119.548 171.109 187.821 184.052 171.442 160.242 147.049 132.042 123.345 125.883 174.271 120.662 119.357 115.876 118.575 124.993 114.292 234.953 113.826 113.085 112.226 112.191 158.068 112.004 111.761 168.783 197.565 123.096 196.64 110.867 121.995 132.101 110.455 110.323 109.248 109.219 122.886 133.035 107.756 107.63 217.697 107.342 104.172 103.707 180.103 170.349 353.576 274.254 162.31 154.029 115.689 184.419 145.976 215.93 136.603 150.453 115.387 131.91 111.295 103.031 103.763 102.803 106.732 102.649 136.149 111.059 107.924 156.372 102.022 130.745 101.979 104.833 101.628 110.986 100.001 112.172 113.176 99.4769 98.2217 97.3242 96.8908 118.582 96.8418 116.451 96.3826 95.9161 187.272 163.608 247.411 114.723 111.409 105.707 139.193 126.457 95.7548 188.458 106.517 93.9661 93.447 129.791 172.378 93.2011 92.7178 92.1493 97.7972 142.584 180.935 95.9014 91.8076 91.7461 101.161 144.035 92.9902 90.8073 90.23 89.5411 88.7894 88.3111 87.7131 87.6237 86.7499 86.3123 183.754 147.638 124.24 163.528 84.7091 84.6585 140.139 84.1693 83.8275 82.6086 117.604 114.907 222.89 82.5396 227.396 82.4582 82.0734 81.6442 81.1648 80.1112
threshold=399.03000000000003 2978.5900000000006 1.5000000000000002 1129.5400000000002 2.5000000000000004 6669.4150000000009 2.5000000000000004 2.5000000000000004 16.500000000000004 220.04000000000005 104.90500000000002 4.5000000000000009 4.5000000000000009 7.5000000000000009 708.94500000000005 2.5000000000000004 4.5000000000000009 5.5000000000000009 168.04000000000005 12.500000000000002 24.500000000000004 28.500000000000004 6.5000000000000009 97.500000000000014 1.0000000180025095e-35 9.9200000000000017 4.5000000000000009 12547.26 3.5000000000000004 17.500000000000004 2434.4100000000003 3.5000000000000004 4.5000000000000009 1.0000000180025095e-35 3.5000000000000004 52.500000000000007 209.50000000000003 1.0000000180025095e-35 5.5000000000000009 63.410000000000004 1.0000000180025095e-35 20.500000000000004 55.500000000000007 2.5000000000000004 4.5000000000000009 39.895000000000003 77.735000000000014 11.500000000000002 86.500000000000014 46.500000000000007 4.5000000000000009 408.54500000000007 258.50000000000006 143.03500000000003 59.500000000000007 22.500000000000004 17.500000000000004 3.5000000000000004 92.500000000000014 30.500000000000004 21.500000000000004 38.500000000000007 264.50000000000006 43.500000000000007 15.500000000000002 12.500000000000002 4.5000000000000009 16.500000000000004 22.500000000000004 47.500000000000007 119.84000000000002 13.500000000000002 119.50000000000001 417.84500000000008 34.500000000000007 1.5000000000000002 3.5000000000000004 36.500000000000007 159.00500000000002 4390.2250000000013 189.50000000000003 279.82000000000005 2.5000000000000004 427.31500000000005 60.500000000000007 20.500000000000004 22.500000000000004 150.03500000000003 6.5000000000000009 4.5000000000000009 11.500000000000002 10.500000000000002 366.85500000000008 49.500000000000007 19.500000000000004 137.50000000000003 116.95500000000001 3.5000000000000004 28.500000000000004 1.5000000000000002 50.500000000000007 125.50000000000001 35.500000000000007 69.500000000000014 82.500000000000014 427.31500000000005 7.5000000000000009 48.500000000000007 40.500000000000007 37.500000000000007 39.500000000000007 77.500000000000014 54.500000000000007 588.29000000000008 6.5000000000000009 15.500000000000002 564.93500000000006 7.5000000000000009 31.500000000000004 10.500000000000002 3.5000000000000004 18.500000000000004 7.5000000000000009 16.500000000000004 9.5000000000000018 121.50000000000001 2.5000000000000004 8.5000000000000018 94.500000000000014 75.500000000000014 2.5000000000000004 12.500000000000002 2.5000000000000004 110.50000000000001 56.500000000000007 34.500000000000007 70.500000000000014 24.500000000000004 13.500000000000002 84.500000000000014 46.500000000000007 16.570000000000004 89.500000000000014 28.500000000000004 15.500000000000002 553.67500000000007 80.500000000000014 45.500000000000007 1955.8800000000003 68.500000000000014 125.50000000000001 20.500000000000004 26.500000000000004 244.74000000000004 21.500000000000004 30.500000000000004 191.50000000000003 286.50000000000006 418.50000000000006 9.5000000000000018 475.04500000000002 258.50000000000006 856.54000000000008 53.500000000000007 173.50000000000003 149.50000000000003 76.500000000000014 14.500000000000002 157.50000000000003 60.500000000000007 16.500000000000004 8.5000000000000018 88.02500000000002 24.500000000000004 185.87500000000003 18.500000000000004 3.5000000000000004 232.24500000000003 19.500000000000004 27.500000000000004 564.93500000000006 204.50000000000003 3.5000000000000004 56.500000000000007 20.500000000000004 23.500000000000004 227.02000000000001 9.5000000000000018 10.500000000000002 179.98500000000004 287.32000000000005 12.500000000000002 141.50000000000003 1581.8900000000001 109.04500000000002 124.93000000000002 268.36500000000007 45.500000000000007 65.500000000000014 99.930000000000021 250.03500000000003 185.87500000000003 3.5000000000000004 24.500000000000004 69.905000000000015 159.00500000000002 72.500000000000014 16.500000000000004 45.500000000000007 293.05000000000007 23.500000000000004 66.500000000000014 17.500000000000004 5.5000000000000009 2.5000000000000004 561.50000000000011 27.500000000000004 4.5000000000000009 37.500000000000007 3.5000000000000004 1.5000000000000002 2.5000000000000004 177.05000000000004 2.5000000000000004 3.5000000000000004 28.500000000000004 39.500000000000007 465.93500000000006 803.35000000000002 11.500000000000002 320.40500000000003 52.500000000000007 116.50000000000001 103.50000000000001 95.500000000000014 79.500000000000014 185.87500000000003 91.845000000000013 99.930000000000021 47.500000000000007 23.500000000000004 49.500000000000007 7.5000000000000009 7.5000000000000009 14.500000000000002 77.500000000000014 40.500000000000007 139.50000000000003 60.500000000000007 124.93000000000002 26.500000000000004 13.500000000000002 49.500000000000007 1.5000000000000002
decision_type=2 2 2 2 2 2 2 2 2 2 2 2 2 2 2 2 2 2 2 2 2 2 2 2 2 2 2 2 2 2 2 2 2 2 2 2 2 2 2 2 2 2 2 2 2 2 2 2 2 2 2 2 2 2 2 2 2 2 2 2 2 2 2 2 2 2 2 2 2 2 2 2 2 2 2 2 2 2 2 2 2 2 2 2 2 2 2 2 2 2 2 2 2 2 2 2 2 2 2 2 2 2 2 2 2 2 2 2 2 2 2 2 2 2 2 2 2 2 2 2 2 2 2 2 2 2 2 2 2 2 2 2 2 2 2 2 2 2 2 2 2 2 2 2 2 2 2 2 2 2 2 2 2 2 2 2 2 2 2 2 2 2 2 2 2 2 2 2 2 2 2 2 2 2 2 2 2 2 2 2 2 2 2 2 2 2 2 2 2 2 2 2 2 2 2 2 2 2 2 2 2 2 2 2 2 2 2 2 2 2 2 2 2 2 2 2 2 2 2 2 2 2 2 2 2 2 2 2 2 2 2 2 2 2 2 2 2 2 2 2 2 2 2 2 2 2 2 2 2 2 2 2 2 2
left_child=2 3 4 7 18 17 8 20 16 31 28 22 15 23 29 30 38 -3 24 50 21 -2 -7 52 -1 65 84 -13 35 41 67 45 101 -12 53 36 68 -17 -4 71 -41 42 112 105 108 85 89 221 49 56 97 -23 74 -35 186 -56 194 58 98 60 96 -62 63 146 -14 66 253 -5 99 173 238 -40 73 -45 197 76 77 -76 -54 -28 -78 -21 133 -84 132 131 -72 -88 -89 91 -73 -47 233 124 95 136 -58 206 184 -6 144 102 -33 210 -105 -43 227 -108 109 150 -111 192 113 116 -115 -116 117 119 -117 -9 121 122 -119 -121 215 126 127 -69 129 -44 -24 251 -19 134 -53 -32 137 -95 -139 140 -140 -70 143 -143 -101 -114 151 148 231 -150 -16 -52 242 -148 -46 160 162 161 170 -160 -85 -158 163 164 165 -157 167 -165 169 241 -159 172 -51 -42 -175 176 178 -177 209 -180 -109 -182 -102 -184 185 -39 189 188 -188 -55 -155 -18 193 -59 -49 -196 -178 203 202 -200 201 -201 -199 204 -10 -205 207 -11 -208 -154 211 -104 -213 -77 -152 216 -30 218 -218 -219 -149 -48 224 -224 -223 -29 -212 -74 -110 -126 -204 -66 -202 234 236 247 237 -79 -50 240 -179 -164 -153 -36 -245 -246 -247 -235 -249 -63 -122 -8 -241 -26
right_child=1 5 6 12 10 11 9 14 13 19 33 27 64 -15 44 37 191 26 -20 81 -22 51 130 -25 25 -27 79 225 93 -31 135 32 -34 34 243 -37 -38 57 39 40 69 43 128 72 154 46 47 48 70 171 62 82 78 54 55 -57 59 111 -60 -61 61 249 -64 -65 147 -67 -68 125 141 -71 86 90 106 -75 75 213 80 92 -80 -81 -82 -83 83 155 -86 -87 87 88 -90 -91 -92 -93 -94 94 -96 -97 -98 -99 -100 100 182 -103 103 104 -106 -107 107 180 228 110 -112 -113 145 114 115 118 -118 120 -120 123 250 -123 -124 -125 229 -127 -128 -129 -130 -131 -132 -133 -134 -135 -136 -137 -138 138 139 -141 -142 142 -144 -145 -146 -147 153 220 149 -151 214 152 175 190 -156 156 157 158 159 -161 -162 -163 168 166 -166 -167 -168 -169 -170 -171 -172 -173 -174 174 -176 177 196 239 179 -181 181 -183 183 -185 -186 -187 187 -189 -190 -191 -192 -193 -194 -195 195 -197 -198 198 199 200 232 -203 230 205 -206 -207 208 -209 -210 -211 226 212 -214 -215 -216 -217 217 219 -220 -221 -222 222 223 -225 -226 -227 -228 -229 -230 -231 -232 -233 -234 235 -236 -237 -238 -239 -240 252 -242 -243 -244 244 245 246 -248 248 -250 -251 -252 -253 -254 -255
leaf_value=-0.0080329628665596516 0.039547896430761259 0.03064751725138673 0.040263888591600773 0.049332941565008746 0.027521233669887537 0.029546016682584889 0.028999506123949376 0.026619364824986152 0.00052594965163103662 0.030149084806631646 0.022845226488174032 0.047608499737051765 0.049946412061940511 0.030526088185264099 0.030126068691405498 0.037419506872859817 0.043736533900933003 0.043248922367814906 0.025025162440912258 0.046122816296430724 0.040004466114833742 0.045374399925406712 0.045959823497608882 -0.0054534966301009414 0.0073634584951069761 0.022690832370417954 0.043514864179057408 0.045583164688281413 0.0014559682369642559 0.034037949428825154 0.046731689862207104 0.0014351476437177175 0.036482040871146315 0.0045638666497421808 -0.00084222967717099951 -0.0065139077349198517 0.04408701508016856 0.014161044147586614 -0.0099557057697698802 0.034674059926906746 0.021404264395543354 0.026127054927159672 0.0021567823745032443 0.0034443696790332685 0.048270345188626246 0.0086085045379954202 0.037336617904696473 -0.0032749277742491535 0.014372099196745376 0.018699783653041289 0.021281270180024372 0.011137930516679358 0.046903179070872839 0.013300677000263491 0.046398251296792078 0.013933945646082118 0.010903826036930395 0.028308752914524435 0.039957985396370577 -0.0043626193353020985 -0.0071263031792103571 0.037660275223444832 0.034148268632087364 0.0070182208034937866 0.043952908047628463 -0.0065463766343720258 -0.0041151846849400656 0.043577368515575247 -0.00080750617907180376 0.03575498116045487 0.036157780102096131 0.027756212180752238 0.037293064989543989 0.020067544111234507 -0.00090152340512429532 0 0.0019871145565961684 0.024237211181802769 0.018937347466659062 0.045878869142176225 0.02722090799468992 0.025855329663568297 0.018726112074712305 0.021630627960361061 0.031928621676347184 0.031376260647922732 0.027039397607429287 0.0081864453071780249 0.029309809315890424 0.023656835085517715 0.0014306942715846033 -0.0026185491416591783 0.038748066986934532 0.003968513153015045 0.0010062525420031119 0.031513720055194094 0.034737185530232501 0.011031918393720848 0.0061300572902708772 0.0078726316783489687 0.026563185638175786 0.023739689087669383 0.007192559800838565 0.038423083014033028 0.003325695982945361 0.0030697870822956521 0.027502028104671783 0.0014219841675852632 0.0086877992794760703 0.010354064392472119 0.026863167792135545 0.023498872802525144 0.038776294788904812 0.043722189284179404 0.011407998065404417 0.039696892106346554 0.0039260992234572811 0.029655031184477737 0.016741201696074896 -0.0024539405433656328 0.0041650638064197132 0.033608324584319303 0.0013363763833181895 0.019145978369986251 -0.0036955364920043588 0.024491439396616133 0.034917999820161943 0.037115118230466752 -0.0046577788617707958 0.035560276374417867 0.041348388602974497 0.0020169706344332575 0.039736656524897121 0.0047348912318387042 0.034512960746165645 0.039703700358152454 0.0019746831510464771 0.0069865798697634493 0.028151978919918847 0.045604829187064107 -0.00085899525898173838 0.0015055243577831901 -0.0030460258581299715 0.01768513826739733 0.00079332932773057028 0.023532068319384539 0.033011510810686678 0.044070192176450175 0.042743149633255095 0.037942242595356633 0.046792343266894194 0.016876202593039666 -0.0061570369782076228 0.0103514221488515 0.033467102375454437 0.028536258237354922 0.033857964390963578 0.013240870629184314 0.053221949891294543 0.024892869146897433 0.034746666839489918 0.047186283126356678 0.032915311971326397 0.011762075716332641 0.045234332756404844 0.0076490374025785096 0.031911396907414659 0.030706420751523727 0.021378513451980434 0.044011434207127442 0.031134204911985226 0.02251948091600961 0.0011862583544265273 -0.0034186049822163105 0.017907819151365627 -0.0026812012932772122 0.012260394401945759 0.0024191623558998151 0.03715532351595513 0.012156473863402312 0.0047148701425631968 0.031914170889331669 0.022290646589184362 0.0059752129932283083 0.010685064485616281 0.034542431890891019 0.011858068273645082 0.0091860181504954883 0.035299395138491868 -0.0026466911240846224 0.022500594776156676 0.032568422799717979 0.036123428773511594 0.033719254199377061 0.026765216338795587 0.0068602115124395601 0.030200459069982286 0.021526291371177612 0.0033505247305029538 0.01893083916899431 0.004161428115562347 0.035079196653827034 0.027503293617244271 0.016257728073335757 0.020842103514836747 -0.0067311141729435768 0.03608210683072164 0.011197967198640357 0.020798414939892519 0.013850654266052436 0.0057497534477019005 0.00057716522495263923 0.031871259454382725 0.017520047201133024 0.030885235549558483 0.016395640001110098 0.026136399856856084 0.017419065067328061 -0.0041421877362872502 0.0016997581851192045 0.038041686610254775 0.018051527958922384 0.022008448517452837 -0.0017937595431118879 0.03090238439582476 0.04943700794016196 -0.009974935555095191 0.025596798017669259 0.024433699255543333 0.00052455511961431195 0.045621956389533064 0.036464646141264961 0.023429403063887896 0.0061572347504895457 0.043171382947701752 0.036172324386624308 0.027164530279242698 -0.0097994113088227114 -0.0021148814462590678 0.032991365651973026 0.021339961864450387 0.021023090814606279 -0.0026586311540108482 -0.0027776479692091824 0.0066419330074111976 0.0059939007220316219 0.042047567519362943 0.027021870750247527 -0.00025121916674453621 0.014421109627379762 0.024125024984844617 0.0097973854440739534 0.015430382646704811 -0.00053917691482549958
leaf_weight=2979.2086103409529 643.95355694741011 281.4142409786582 108.99948726594448 114.94145487248898 30.511362906545401 156.47224750369787 56.417013742029667 55.750911146402359 39.877351477742195 103.29694400727749 154.1787972189486 16539.756758347154 208.79486087709665 553.32420852035284 1578.1838631629944 939.03063812106848 345.24348174780607 5147.8236967027187 45.655308991670609 62.913589134812355 663.71876790374517 91.193772472441196 4523.0991735979915 60.311855148524046 161.71635544300079 53.294256348162889 6000.5739558562636 1027.3597844541073 3073.0743713788688 223.69238157570362 432.57883362472057 444.21964261680841 33.980818189680576 139.91651187464595 188.54938888177276 154.08380971103907 20.762790281325579 47.392945721745491 29.845807518810034 298.9570366255939 165.08482732251287 27.526263330131769 46.324179336428642 73.969921063631773 73.345771946012974 221.38536028563976 30.28732843324542 63.903817538172007 65.990197531878948 35.10479350015521 305.79660496860743 54.143692173063755 38.248954374343157 107.34343578666449 52.137364212423563 67.057660285383463 34.143886584788561 837.82013238221407 79.738864459097385 26.929566692560911 48.747855227440596 30.123780779540539 53.032734099775553 231.4880222119391 240.41858680546284 2335.3196107111871 4529.9670365937054 477.93545739352703 440.24079051613808 54.413968898355961 47.509115412831306 42.252547957003117 106.99802989140153 1211.5256197527051 47.413614623248577 142.83321156725287 131.5018819719553 24.772384162992239 49.966205012053251 8775.7294346317649 26.652301974594593 119.3190449103713 117.40883380174637 120.5986068919301 168.05417747795582 89.874283399432898 104.305444996804 169.08116226643324 40.569776847958565 34.162902552634478 36.736102111637592 192.58681485056877 41.712411224842072 220.22920951619744 1321.7926887497306 42.188930246978998 99.961431369185448 76.102345980703831 62.030328284949064 913.42669854685664 52.104852423071861 38.6447828784585 196.90996411070228 32.772810183465481 31.705844718962908 109.52246539667249 198.83216269686818 73.600071743130684 53.64043015986681 77.603556089103222 1046.287912376225 175.38049812614918 162.72104977071285 94.081568889319897 67.345137432217598 92.693110972642899 50.530792042613029 55.276355631649494 48.635113038122654 55.841470714658499 39.721640475094318 240.70713494718075 36.564018957316875 44.495195001363754 646.26191643998027 101.3886810913682 2573.2008462101221 2028.5078076794744 28.778030432760715 38.134900942444801 925.56893435120583 47.191036447882652 1683.3576388061047 37.909062813967466 72.795925620943308 1129.6478973776102 230.56468050181866 129.82959518581629 73.890784561634064 22.90097839012742 32.63807151466608 87.424224648624659 82.894754901528358 123.60356789082289 295.1956105902791 92.21600229293108 75.738347753882408 1317.8766431212425 1706.1454261019826 1353.3696260601282 94.084538817405701 26.178318459540606 37.74733268097043 100.43409419059753 371.07680510729551 807.44690838083625 463.91977564245462 143.80244545638561 72.40105465054512 79.396264672279358 1212.4168964698911 135.64423051476479 389.74879763275385 214.55607293918729 52.914378188550472 56.004100263118744 69.949516072869301 53.489334933459759 116.5330628529191 109.93388570845127 49.235053271055222 26.054909110069275 411.22697131335735 43.214148666709661 46.448860589414835 39.840165317058563 45.275196440517902 126.84997670724988 36.858864065259695 85.885965816676617 38.08065614849329 34.22123859077692 54.569249477237463 147.0822118036449 55.21702367067337 86.281901895999908 39.262630399316549 75.540925499051809 55.103212561458349 58.557125996798277 266.52665761113167 160.0619222894311 833.68241919577122 1200.376298636198 35.321935132145882 164.57819207757711 144.80503046512604 193.8306045755744 75.028601981699467 107.09898904338479 100.84286114573479 95.596520438790321 110.67106173932552 49.723381370306015 265.1515483520925 42.206344615668058 139.39336859434843 117.0363028049469 90.677368380129337 54.602972660213709 419.99943330511451 26.276585198938847 56.238726552575827 36.39176869392395 108.51121333986521 44.03775792196393 65.50316197425127 42.333172131329775 26.441827323287725 336.52192643284798 521.43548442423344 260.66106999665499 45.431722335517406 52.685699630528688 83.261349253356457 43986.601368367672 37.706574998795986 322.72131534293294 150.91116808354855 2098.4115357398987 49.995050132274628 2255.6830238774419 29.748371966183186 107.1203672811389 43.909289415925741 31.025884293019772 71.247794419527054 27.680166102945805 54.997982878237963 29.986923698335886 56.015329621732235 94.041413404047489 96.167775541543961 99.503075268119574 336.48885475844145 44.858316089957952 27.463270954787731 91.805284600704908 44.226404257118702 41.318589728325605 46.911103192716837 43.648382630199194 345.0274642445147 583.5363736897707
leaf_count=56377 2835 1537 492 316 304 773 532 440 528 774 1602 21106 454 3531 10821 3821 1272 12620 472 302 2473 496 7733 763 2572 448 14157 1582 49196 1344 1202 6624 219 1927 2768 2554 204 418 382 2144 1444 255 565 832 258 2769 253 900 795 423 3140 500 251 1274 379 766 424 5241 421 380 704 281 403 2659 782 43188 81543 1678 7116 396 397 382 762 10887 571 1853 1714 259 445 15528 242 832 952 862 613 925 1027 2028 371 353 474 2916 287 3351 20770 491 928 866 687 13206 574 448 2733 311 433 1321 1600 804 566 676 7251 1027 1144 556 639 639 537 432 473 625 460 1835 401 396 10734 539 12337 8298 457 306 2455 640 5265 386 498 3744 3497 1939 932 230 513 1296 1304 1655 4601 767 689 3222 5267 4660 424 253 515 1137 2038 5473 2637 1152 240 487 6441 579 2187 1892 234 482 428 307 766 477 266 241 5465 521 412 538 510 1576 320 1016 399 237 719 2208 493 584 438 859 468 797 2589 858 3909 5982 371 2026 1268 1987 947 1080 1101 759 923 555 2399 526 1042 1198 805 568 5750 370 588 349 709 586 868 545 430 5378 1945 2976 497 687 733 36341 572 2512 1285 33593 286 9356 251 1192 317 234 612 381 757 276 611 639 1262 1553 4667 622 248 781 513 485 470 568 3772 9996
internal_value=0.0355197 0.0439061 0.00549121 0.0341845 -0.000434963 0.0473892 0.0179591 0.0291859 0.0239217 0.014413 0.00363656 0.0485428 0.0376926 0.0199438 0.0262994 0.0359486 0.0320291 0.0438722 -0.00510366 0.0190251 0.0327175 0.0317811 0.0447694 0.0172235 -0.00523852 -0.00414911 0.0440398 0.0488847 0.00267931 0.023215 0.0378703 0.0110769 0.00739864 0.0107714 0.00928958 0.00570048 0.00654724 0.0328773 0.0268346 0.0246727 0.0274731 0.0225001 0.0257743 0.0205413 0.0295082 0.0128911 0.0120216 0.013596 0.0115082 0.00890146 0.0180262 0.0306787 0.017879 0.0145467 0.0175611 0.0287481 0.013214 0.0315902 0.0242256 0.0186869 0.0211818 0.0120537 0.0166571 0.0161798 0.0402442 -0.00434429 -0.00336542 0.0367195 0.00615353 0.0202996 0.0169252 0.00872161 0.0213568 0.0191256 0.0172314 0.0139518 0.0165887 0.0195128 0.0319448 0.0449256 0.00658881 0.0333315 0.0303603 0.0307224 0.042156 0.0215497 0.0202023 0.0175426 0.0125596 0.00504066 0.0159739 0.00337397 0.0215308 0.00181378 0.00398796 0.00919742 0.028992 0.0235352 0.0189102 0.0080115 0.00756058 0.00656594 0.00598801 0.00848873 0.0219345 0.00808195 0.0249885 0.0202049 0.0285348 0.0290843 0.0257525 0.0323696 0.0270569 0.0252014 0.0315949 0.0257166 0.0220016 0.0235529 0.0322108 0.0144575 0.0268313 0.0296731 0.018756 0.007214 0.00109909 0.0364188 0.0366452 0.0383851 0.0120454 0.0178285 0.0451938 0.0151452 0.0423968 0.020472 0.0249478 0.0417134 0.00777263 0.01052 0.015974 0.0246696 0.0193195 0.00235035 0.00708751 0.0111063 0.006156 0.0335272 0.0172976 0.0399554 0.0391261 0.0406489 0.0311502 0.0158734 0.0143597 0.0217869 0.0361379 0.0310431 0.0298449 0.0336345 0.0275107 0.0389861 0.0336017 0.0370368 0.0279858 0.0259665 0.0283616 0.0272139 0.0193151 0.0157789 0.031455 0.0333376 0.0181284 0.0038699 0.00266331 0.0167066 0.00766988 0.0158945 0.01988 0.0131188 0.0141019 0.0202189 0.00995557 0.0182357 0.0141109 0.010615 0.0229465 0.0277054 0.013414 0.0188317 0.0260985 0.00764777 0.0192767 0.0403609 0.0328912 0.03153 0.00724542 0.0106572 0.0261515 0.0196499 0.0218031 0.0169598 0.0199553 0.026864 0.0272273 0.0153985 0.0182394 0.00567815 0.0255676 0.0203189 0.0303326 0.00560955 0.0072429 0.0118082 0.0222736 0.00368757 0.0387065 0.00229982 0.00211269 0.0063539 0.0174195 0.00356474 0.0424097 0.0201285 0.0187641 0.00934708 0.0213522 0.0493513 0.00439481 0.0286915 0.0204771 -0.000467436 0.0336944 0.0372245 0.00891325 0.0197154 0.0255867 0.0159306 0.0186776 0.00639162 0.00688373 0.0142706 0.00843725 0.0307203 0.00164501 0.00475847 0.0068507 0.00922066 0.0205825 0.013033 0.0182073 0.0251148 0.0153866 0.0210777 0.0170287 0.00117739
internal_weight=155036 121189 33847.3 31973.1 22943.2 89215.8 10904.1 13194.2 4061.17 6842.91 12254.5 67158.9 18778.9 2729.91 7271.06 11175.2 1331.26 22057 10688.7 2867 5923.16 5259.44 5605.14 2176.59 10643 7663.83 21775.5 61553.7 10808.5 3717.42 6858.2 3975.92 1318.46 1445.96 1291.78 2401.9 2247.82 4316.95 825.953 716.953 608.119 3493.73 1296.73 2197 3553.65 2657.46 2420.33 1972.2 1499.87 1017.42 2684.76 4615.48 2116.28 594.919 455.002 119.195 545.029 3377.92 330.661 281.225 254.296 120.19 2158.26 2105.23 7603.72 7610.54 5275.22 5295.97 2227.05 309.162 482.454 108.834 2059.95 1285.5 2028.06 868.293 689.068 530.914 88.2152 14776.3 158.154 182.233 4524.29 4359.44 6999.24 237.131 361.465 313.956 209.651 448.135 78.9887 413.972 483.5 8406.62 2074.03 752.242 134.105 526.506 250.922 1492.89 1462.38 1284.47 1245.83 801.61 64.4787 137.049 774.453 344.734 3109.22 2904.67 1123.89 3047.26 1183.49 928.554 302.755 208.673 625.799 575.268 141.328 156.088 419.18 332.548 91.8404 100.337 6332.59 5181.03 5079.64 2506.44 113.237 84.4591 5448.67 147.256 6831.18 164.849 126.94 1562.23 710.053 479.489 259.259 129.43 106.529 734.163 293.923 211.028 1208.62 254.937 1873.74 7394.93 5555.62 3059.52 1780.78 1431.04 1125.24 442.699 444.423 4242.03 2909.02 944.399 344.835 151.797 1333.02 599.564 1964.62 1254.36 916.365 863.451 337.995 268.045 710.257 593.724 193.037 472.387 446.332 254.748 89.663 1002.9 405.175 597.72 215.095 122.745 145.902 72.3019 253.756 201.651 188.892 133.675 335.807 169.907 94.3658 165.901 366.961 505.305 2871.88 2038.2 263.804 199.9 190.08 1159.77 762.812 408.315 333.287 202.696 354.497 396.959 305.029 91.9297 450.404 220.333 230.071 92.3503 737.131 279.425 82.5153 179.225 202.596 3587.91 3543.87 470.8 91.945 378.855 1839.31 472.327 442.04 98.1174 343.922 45014 457.706 429.719 204.552 2744.67 160.666 2496.1 130.591 441.788 167.61 274.178 123.7 52.4526 120.988 557.88 182.865 483.79 122.346 696.863 508.314 408.81 72.3216 243.152 136.032 71.4424 86.6327 100.065 375.014 745.253
internal_count=780898 285905 494993 166195 381758 119710 113235 89812 34414 78821 187162 69990 76383 25637 56123 50697 8777 49720 194596 28921 33689 31216 10961 22106 194124 137747 48183 59029 168794 32095 28114 49900 18048 18368 16766 35741 33187 22583 6647 6155 4917 30751 11142 19609 24028 31852 29187 23149 18003 12628 27787 28381 21343 6908 4981 1145 6499 18762 2603 3202 2822 1470 23102 22699 25686 137299 94111 23168 32983 2773 5375 1238 18033 11719 20647 9305 7103 5147 696 29685 1956 1134 27885 26501 18498 2665 3823 3426 2399 6038 856 5685 4576 133053 31723 10953 1352 4685 2182 21612 21308 17829 17381 10757 744 1576 6314 3040 21732 19881 7927 16159 9814 7903 2307 1751 5596 5059 1112 1461 3598 2668 833 1021 101330 22852 22313 9976 1328 871 10188 1740 17885 1384 998 4946 10462 6965 3614 1675 1445 11371 4255 2951 17807 1911 20040 25232 20065 9927 11954 15625 12485 4415 2296 25549 18246 5361 2145 727 7303 3216 12885 8816 6189 5955 2627 2199 4069 3303 1418 6129 5888 2377 933 10970 4197 6773 2419 1336 1440 636 3501 2927 1495 1002 3836 1765 906 2071 3726 2130 15132 11223 3297 2397 1778 11342 7334 4138 3191 1839 3196 4008 2927 1081 3819 1972 1847 1083 10013 3691 958 2202 1133 57003 56417 7221 1298 5923 5167 5146 4893 1184 3709 37923 6322 3274 1851 44327 1209 10138 1352 4289 1569 2720 1252 640 1552 6235 2187 2826 1515 9858 7090 5537 870 2486 1294 766 930 1100 4048 12568
is_linear=0
shrinkage=0.01


Tree=16
num_leaves=255
num_cat=0
split_feature=6 6 5 6 8 6 0 0 6 7 5 8 0 3 6 5 6 5 5 5 5 3 0 8 6 8 6 6 5 6 3 6 6 8 8 8 8 8 0 0 5 8 5 0 6 6 7 3 0 5 3 5 6 3 3 6 3 0 3 3 0 0 6 0 6 0 5 6 6 5 0 0 3 3 5 3 3 3 5 8 0 3 0 0 3 0 6 6 6 0 6 7 3 3 6 6 6 0 0 3 3 6 6 8 8 3 3 3 0 6 6 3 3 3 3 0 6 3 6 0 3 0 6 8 6 3 5 0 6 6 8 3 3 0 5 5 0 3 3 6 3 5 3 3 3 8 6 6 3 6 3 5 6 0 0 0 3 0 6 3 3 5 3 5 5 6 6 6 6 6 3 3 5 6 6 6 6 6 6 6 6 6 0 3 6 8 0 3 3 3 5 5 3 6 3 3 6 3 0 6 5 5 6 6 5 3 6 0 6 3 3 6 0 6 8 8 0 3 3 5 0 3 8 3 5 5 6 6 3 3 5 5 5 3 0 0 5 6 8 3 3 6 0 6 3 7 6 3 6 7 0 6 6 6
split_gain=361899 37811.1 24074.4 5127.31 4283.74 3327.87 2156.21 1220.52 989.101 983.864 915.789 755.9 733.138 670.043 647.974 423.023 421.757 411.673 387.311 365.42 339.763 381.362 335.313 320.737 389.7 319.421 299.595 299.214 298.59 291.758 289.043 351.83 276.756 249.878 293.419 230.966 245.602 228.837 228.499 211.453 205.102 198.366 183.692 182.123 180.786 251.48 184.535 179.588 178.553 173.493 182.752 268.699 191.313 181.864 172.448 162.005 161.47 177.549 154.374 152.741 150.522 147.148 139.275 138.684 138.56 132.627 132.371 138.965 130.652 129.456 127.932 124.561 123.869 304.844 221.061 123.432 121.301 120.586 120.118 116.555 116.03 136.262 122.375 183.676 115.813 134.41 113.899 113.764 124.43 132.331 147.16 113.111 156.906 205.359 112.251 108.333 212.344 105.728 112.206 105.636 146.309 104.759 202.96 103.571 103.453 239.059 140.14 122.538 130.786 199.45 133.527 115.115 167.606 229.857 102.664 98.8947 111.563 203.249 297.297 110.383 109.658 99.2536 114.176 98.4438 96.8325 126.876 96.2303 120.394 95.9077 95.4754 94.0611 93.3644 93.1442 91.9453 89.2241 141.898 99.7959 88.9593 214.636 130.397 150.212 88.5744 109.218 137.235 88.3778 117.296 94.047 134.009 87.7241 87.5725 94.9399 99.2292 87.4524 86.7353 85.5549 84.9473 84.8435 83.979 83.221 83.0492 105.76 82.9007 81.7981 80.9496 80.437 133.132 158.864 111.94 80.1928 112.148 85.8408 79.9425 79.7354 96.7111 79.3356 79.0392 78.696 129.072 105.277 76.8602 76.4299 76.1165 75.1923 74.4646 74.2768 73.89 73.8128 73.4129 287.462 318.49 263.679 101.877 79.9639 113.624 83.1289 76.5759 75.1926 365.88 97.2655 134.569 115.832 107.515 135.87 98.062 76.8206 74.4822 72.0007 71.2097 80.7507 71.0504 70.8561 70.4353 69.7301 68.9321 68.919 147.384 177.354 119.318 116.523 103.086 95.9548 91.3766 136.575 95.8865 76.1447 102.84 94.2551 262.694 146.181 67.9918 67.4678 202.537 108.142 78.4338 71.0765 67.4675 67.3278 145.351 67.2038 94.3493 234.096 108.978 86.7398 121.07 66.0527 84.145 188.673 103.444 65.8736 64.8789 64.6643 64.4508 64.1928 63.7666
threshold=399.03000000000003 2978.5900000000006 1.5000000000000002 1129.5400000000002 2.5000000000000004 6669.4150000000009 2.5000000000000004 2.5000000000000004 220.04000000000005 3.5000000000000004 13.500000000000002 4.5000000000000009 2.5000000000000004 29.500000000000004 681.3900000000001 4.5000000000000009 168.04000000000005 4.5000000000000009 4.5000000000000009 12.500000000000002 24.500000000000004 28.500000000000004 3.5000000000000004 1.0000000180025095e-35 9.9200000000000017 4.5000000000000009 89.805000000000021 2493.0450000000005 6.5000000000000009 12547.26 5.5000000000000009 69.905000000000015 159.00500000000002 3.5000000000000004 4.5000000000000009 4.5000000000000009 2.5000000000000004 3.5000000000000004 1.0000000180025095e-35 42.500000000000007 19.500000000000004 4.5000000000000009 8.5000000000000018 1.0000000180025095e-35 39.895000000000003 77.735000000000014 3.5000000000000004 8.5000000000000018 4.5000000000000009 5.5000000000000009 70.500000000000014 4.5000000000000009 45.940000000000005 91.500000000000014 5.5000000000000009 408.54500000000007 12.500000000000002 4.5000000000000009 99.500000000000014 264.50000000000006 155.50000000000003 1.5000000000000002 1292.3900000000001 43.500000000000007 4390.2250000000013 91.500000000000014 2.5000000000000004 427.31500000000005 279.82000000000005 4.5000000000000009 10.500000000000002 1.0000000180025095e-35 86.500000000000014 44.500000000000007 8.5000000000000018 258.50000000000006 24.500000000000004 24.500000000000004 60.500000000000007 3.5000000000000004 125.50000000000001 35.500000000000007 69.500000000000014 82.500000000000014 125.50000000000001 1.5000000000000002 204.29000000000005 119.84000000000002 150.03500000000003 10.500000000000002 189.63000000000002 3.5000000000000004 20.500000000000004 26.500000000000004 803.35000000000002 227.02000000000001 171.59500000000003 6.5000000000000009 19.500000000000004 110.50000000000001 56.500000000000007 143.03500000000003 268.36500000000007 2.5000000000000004 3.5000000000000004 89.500000000000014 49.500000000000007 197.50000000000003 69.500000000000014 29.815000000000001 37.020000000000003 106.50000000000001 44.500000000000007 58.500000000000007 47.500000000000007 23.500000000000004 287.32000000000005 47.500000000000007 257.02500000000003 27.500000000000004 187.50000000000003 9.5000000000000018 299.04000000000002 3.5000000000000004 2550.4850000000006 233.50000000000003 4.5000000000000009 5.5000000000000009 2434.4100000000003 88.02500000000002 2.5000000000000004 64.500000000000014 29.500000000000004 7.5000000000000009 2.5000000000000004 4.5000000000000009 22.500000000000004 149.50000000000003 175.50000000000003 136.49000000000004 200.50000000000003 45.500000000000007 57.500000000000007 82.500000000000014 191.50000000000003 2.5000000000000004 350.04500000000002 162.63500000000002 72.500000000000014 299.04000000000002 65.500000000000014 4.5000000000000009 1955.8800000000003 20.500000000000004 1.0000000180025095e-35 7.5000000000000009 177.50000000000003 21.500000000000004 194.90500000000003 116.50000000000001 98.500000000000014 28.500000000000004 92.500000000000014 3.5000000000000004 2.5000000000000004 194.90500000000003 56.940000000000005 171.59500000000003 1544.9500000000003 1658.6600000000003 49.500000000000007 26.500000000000004 5.5000000000000009 588.29000000000008 227.02000000000001 13942.755000000003 314.04500000000002 185.87500000000003 227.02000000000001 1.0000000180025095e-35 564.93500000000006 250.03500000000003 30.500000000000004 61.500000000000007 89.805000000000021 4.5000000000000009 317.50000000000006 418.50000000000006 286.50000000000006 258.50000000000006 9.5000000000000018 16.500000000000004 58.500000000000007 1061.5100000000002 98.500000000000014 49.500000000000007 475.04500000000002 97.500000000000014 1.0000000180025095e-35 856.54000000000008 5.5000000000000009 16.500000000000004 614.04000000000008 821.16500000000008 12.500000000000002 46.500000000000007 194.90500000000003 53.500000000000007 39.005000000000003 93.500000000000014 87.500000000000014 168.04000000000005 2.5000000000000004 787.13000000000011 3.5000000000000004 4.5000000000000009 75.500000000000014 114.50000000000001 131.50000000000003 3.5000000000000004 18.500000000000004 251.50000000000003 2.5000000000000004 193.50000000000003 9.5000000000000018 12.500000000000002 553.67500000000007 485.49500000000006 89.500000000000014 181.50000000000003 8.5000000000000018 10.500000000000002 5.5000000000000009 101.50000000000001 22.500000000000004 5.5000000000000009 25.500000000000004 1039.1450000000002 2.5000000000000004 53.500000000000007 28.500000000000004 1408.2250000000001 20.500000000000004 2316.3550000000005 40.500000000000007 1.5000000000000002 14.925000000000002 16.500000000000004 307.38500000000005 1.5000000000000002 222.50000000000003 343.34000000000009 119.84000000000002 185.87500000000003
decision_type=2 2 2 2 2 2 2 2 2 2 2 2 2 2 2 2 2 2 2 2 2 2 2 2 2 2 2 2 2 2 2 2 2 2 2 2 2 2 2 2 2 2 2 2 2 2 2 2 2 2 2 2 2 2 2 2 2 2 2 2 2 2 2 2 2 2 2 2 2 2 2 2 2 2 2 2 2 2 2 2 2 2 2 2 2 2 2 2 2 2 2 2 2 2 2 2 2 2 2 2 2 2 2 2 2 2 2 2 2 2 2 2 2 2 2 2 2 2 2 2 2 2 2 2 2 2 2 2 2 2 2 2 2 2 2 2 2 2 2 2 2 2 2 2 2 2 2 2 2 2 2 2 2 2 2 2 2 2 2 2 2 2 2 2 2 2 2 2 2 2 2 2 2 2 2 2 2 2 2 2 2 2 2 2 2 2 2 2 2 2 2 2 2 2 2 2 2 2 2 2 2 2 2 2 2 2 2 2 2 2 2 2 2 2 2 2 2 2 2 2 2 2 2 2 2 2 2 2 2 2 2 2 2 2 2 2 2 2 2 2 2 2 2 2 2 2 2 2 2 2 2 2 2 2
left_child=2 3 4 7 16 15 10 20 33 22 13 28 35 17 40 -3 23 30 39 48 21 172 26 249 56 78 47 185 175 -13 -4 61 104 44 80 36 42 95 171 62 65 63 -5 -38 46 69 -8 179 79 50 114 52 -52 176 -47 -23 57 -25 154 91 210 -32 -14 -16 -27 214 99 -68 -21 70 -46 211 73 86 129 144 186 181 130 148 81 -35 207 -84 101 137 182 157 -89 90 -90 -50 134 155 -65 96 -34 -97 -99 100 -57 -60 -103 183 105 106 235 108 109 111 -110 112 -106 -114 164 116 117 -95 131 -117 121 122 -118 -116 125 152 133 -128 -44 -75 -17 -119 -96 251 136 -136 -93 -86 -139 -140 -141 142 -37 -144 145 -51 147 -147 163 -123 -151 -152 -45 -88 -55 -94 -87 184 -91 160 -53 -31 -143 248 165 166 -15 -166 170 -170 -64 -33 173 -2 -149 -7 177 -54 -179 -6 -42 -40 206 -30 -74 238 -62 188 189 192 -189 213 195 196 -195 205 197 -194 199 200 -198 202 -202 -200 -204 -69 253 208 -83 -115 -24 -28 244 -190 220 216 217 -216 -219 -220 221 222 223 224 226 -226 227 228 -9 -150 232 -232 234 -234 -222 -11 237 -43 -20 240 -240 -242 243 -241 245 246 247 -49 -10 -1 -78 -124 -73 -56
right_child=1 5 6 12 9 11 8 14 19 32 -12 29 18 49 41 25 -18 -19 27 68 -22 55 60 24 -26 64 71 -29 103 161 31 38 37 34 -36 141 43 -39 77 -41 180 236 128 124 45 54 -48 212 59 75 51 159 53 58 72 66 -58 -59 84 -61 76 -63 168 94 -66 -67 67 187 -70 -71 -72 252 87 74 -76 -77 250 -79 -80 -81 -82 82 83 -85 85 156 153 88 89 158 -92 92 93 115 132 97 -98 98 -100 -101 -102 102 -104 -105 107 -107 -108 -109 110 -111 -112 -113 113 209 123 119 120 118 -120 -121 -122 149 126 -125 -126 -127 127 -129 -130 -131 -132 -133 -134 -135 135 -137 -138 138 139 140 -142 162 143 -145 -146 146 -148 174 229 150 151 -153 -154 -155 -156 -157 -158 -159 -160 -161 -162 -163 -164 -165 167 -167 -168 -169 169 -171 -172 -173 -174 -175 -176 -177 -178 178 -180 -181 -182 -183 -184 -185 -186 -187 -188 190 191 -191 -192 -193 193 194 -196 -197 198 -199 203 -201 201 -203 204 -205 -206 -207 -208 -209 -210 -211 -212 -213 -214 -215 215 -217 -218 218 219 -221 230 -223 -224 -225 225 -227 -228 -229 -230 -231 231 -233 233 -235 -236 -237 -238 -239 239 242 241 -243 -244 -245 -246 -247 -248 -249 -250 -251 -252 -253 -254 -255
leaf_value=-0.0059455585718135662 0.025442708134403011 0.025202644831031608 0.038695244500811903 0.043261683698371023 0.0030195055172867764 0.021771294780880683 0.0024509738247661395 0.022092595409670703 0.017395134871577945 0.012903031977281652 0.039311961911786167 0.045713384340911149 0.036813394698252733 0.022759319447460784 0.02792821530748988 0.041459018558066538 0.024293452393101114 0.037346226646125052 0.033979880037292465 0.044110962906991007 0.038474299759177988 0.043379943780996036 1.3277397713898722e-05 0.001164415056994453 0.022079021756020212 0.041819662522380473 0.014511144117495172 0.038551278542036306 0.03702033358274865 0.043817611268242358 -0.0028145740112068803 0.028204900166709523 0.030151611335652691 0.0014190950312782378 0.03515679521542036 0.044037123956704338 0.036050174181033387 0.0086732249230381947 0.0243294344370719 0.0070720416738880775 0.039558422950175233 0.02662931483230712 0.035589216199499757 0.024400593006598456 0.008461503609096711 0.030964974297743777 0.025150747983852736 -0.00413088472005707 0.0019421329280177419 0.027730766844194964 -0.001644177929891926 -6.7315885602709291e-05 0.0051199285456517375 0.043528505079127928 0.017101289718882265 0.010935734371298423 -0.0065189121137113936 -0.0040890043465683749 0 0.032923436291158722 0.001184448368581932 0.022226854182857646 0.0038093941330802771 0.0067059219810164539 0.044060595757299162 0.0020196012548806485 0.018272579214743397 0.03163530366189516 0.025094300299625776 0.022996328525013595 -0.00259847888416426 0.022448724469169713 0.016175982702139477 0.017809068869863953 0.029936434506020446 0.034981683525637991 0.016766223337799212 0.0022406163425801946 0.030927244899367465 0.010826316780059185 0.023063016321524538 -0.0041569137697654978 0.036907348000279734 0.0032855647992068118 0.032242617020292866 0.017136175615485267 -0.0044473634244006754 0.028275887197361453 0.017313316668167638 0.015039557442852274 -0.0028299072681569537 0.04394717160945092 0.017672791702242018 -0.0018398217019667288 0.034166608838507702 0.034867355253531879 0.0009706866687614206 0.0044456554953211319 0.027438319246038838 0.0046728322385602792 0.033272645497017951 0.025617850016154377 -0.0022698268663648466 0.039791851146830169 0.0035157592436031102 -0.0012645548178651701 0.016557415045024566 0.020788182251710356 0.0021849376360706242 0.00045360740400109963 0.017705164175534357 -0.0047157795147156917 0.028700511565163862 0.0037301418916906989 0.026724944649878284 0.029154064710062766 0.035469450358451504 0.0083282195975047605 0.0028064747628130239 0.017137047219046592 -0.0009432118273563089 -0.0013974475894750721 0.013196491867539236 0.015612638032294148 0.015608553951975187 0.040024276872680557 0.036713350984117529 0.017410585204183343 0.040467825311894939 0.0022717810859666011 0.038311937443574078 0.025170919400210628 0.01591722499065476 0.023013845693791803 0.01128803310875218 0.02907168835734841 0.019325369164069749 0.0014310424088401549 0.036477880455054262 0.03439307252135456 0.0078307851139831144 0.049182834699162806 0.029820483563667462 0.038537026366971955 0.0086843892257868881 0.028297537187837511 0.028233392716708727 -0.00065757147796214038 0.031830673068142766 0.02074247866536914 0.016475576353947273 0.00017325211024580615 0.034238379120345046 0.017258351489911151 0.020987903173578487 -0.0023023253052499816 -0.0046299792837434248 0.02454226171219679 0.034331395528599755 -0.0047884707460605141 0.02380161118948728 0.047457987652879237 0.040872194063637596 0.013791912764083527 0.027433390124817107 0.024196008870184405 -0.0018273809090241075 0.013978031653113501 0.04087032060366827 0.023081265421131252 0.023033745090389812 0.045469207834057494 0.041678873286788307 0.038478163674809406 0.014276628404967602 0.037764325062941355 -0.0049758634294461779 0.034301859736729882 0.010178216827047783 0.019138823010685015 0.023396620453331241 0.0077110982967054879 0.009094698338377602 0.044490767113891688 -0.001614200837564231 0.035645176407907361 0.0089858670034836125 0.051003342463628698 0.018955179823494952 0.045241904083307118 0.023905865924843065 0.029967838556783557 0.0010113907296884976 0.023715753929095449 0.038825478756231262 0.037344718491789525 0.035023629168295003 0.029796942911560192 0.028591207102282485 0.035871107579807139 0.029834190754051866 0.036593934463225994 0.021130795720635327 0.022154615882794819 0.0068067605553231445 0.01970275485626952 0.029611271090764713 -0.0059890844694896282 0.0087840030335476823 0.02169469644073398 0.0043583632613329211 0.033889158937481005 0.0076058480641111939 0.0049295227768588988 0.012280461838688111 0.028780908272538396 0.036799771634609187 0.03797568371125374 0.030376384408092295 0.0076021464367412254 0.014297549950173577 0.030946867758633402 0.018518925926663835 0.0081695694832944043 0.011347416339801892 0.027675626858037244 0.032531768739730529 0.0097856574763182502 0.041666427792760141 0.015512947310458172 6.8894255271209222e-05 0.028641311079034188 0.038145917475745666 0.020319649226904688 0.026382211698269077 0.0058156472510410692 0.041193040252694692 0.042352296090072052 0.037074563650295475 0.031321785904080308 0.0084099801689868896 0.023986613032089758 0.0365658078554554 0.015675528552341216 -3.259748849756663e-05 -0.001567656827767027 0.031014490861411146 0.0073357344931237016 0.035405986735485569 -0.0091140981260306054 0.0023467912018423458 -0.0029418445530463955 0.0044776484550955419 0.0024462388293505326
leaf_weight=1038.3440160229802 124.52554985880852 159.27192854136229 112.34768467396498 651.44640129059553 43.98937701433897 95.799452818930149 45.510900270193815 110.26664254069328 52.825412958860397 213.63452514633536 329.47022265195847 17050.608708918095 133.43854837864637 35.173364777117968 3253.3614623062313 5327.1888944655657 46.615433175116777 368.67928682640195 2742.1225513368845 65.204468965530396 683.19302155822515 94.507368035614491 5762.8318475782871 746.02365674450994 54.273732122033834 6180.521849013865 41.084531258791685 1700.3707288429141 228.42763667553663 1057.9893781542778 78.32037565857172 187.01271596550941 39.714152846485376 444.77197629213333 34.979344427585602 444.04085923731327 964.89394011348486 332.35681358352304 138.1515975035727 58.536481417715549 98.553516700863838 234.54966308921576 2186.5808974057436 356.37340181320906 223.00566544383764 53.634673185646534 195.8611582480371 97.325500026345253 59.41986582800746 284.40706802904606 52.104692038148642 43.311331436038017 114.81643880158663 43.603649809956551 589.95310410484672 54.627850316464901 2321.7832994349301 4513.4769729152322 56.425567630678415 54.522331565618515 546.95421724393964 30.993955358862877 40.261798352003098 59.877107158303261 9045.1857688724995 35.251573976129293 119.16042090207338 508.5046189725399 121.75635859370232 34.846634186804295 192.15122189372778 26.271987948566675 32.784507788717747 41.639262191951275 32.285002253949642 88.749756619334221 110.96076028421521 45.651138696819544 171.80598282068968 76.806519344449043 39.435462839901447 49.803763333708048 33.854090601205826 31.796149827539921 105.55632234364748 42.537061128765345 51.200417719781399 124.54025577008724 86.148961167782545 58.06733288988471 59.502623427659273 40.456416580826044 25.374942637979984 104.39933568239212 53.023595832288265 79.1169328764081 64.204470299184322 39.019680455327034 50.695758707821369 38.05422642827034 74.818565521389246 78.562370549887419 37.218274109065533 952.09734005481005 194.66849084943533 180.80203514173627 326.40220669284463 47.369295060634613 94.726185265928507 830.41167455911636 139.66738129779696 55.101975779980421 88.489892844110727 105.89319276809692 379.28452156484127 106.32641212642193 51.513439755886793 46.949365943670273 145.47129248827696 384.69290052354336 32.107163719832897 33.982265692204237 56.051133163273335 121.01283901184797 60.85385424643755 118.23684626072645 53.269269183278084 107.35238863527775 728.78842166811228 471.27782118320465 1834.193653896451 161.15965093672276 78.635530613362789 53.000689335167408 109.9960062392056 83.174316503107548 39.376634377986193 48.955471187829971 66.624947294592857 32.297564130276442 64.302248924970627 208.28870168328285 244.04413814097643 3197.3002668172121 53.303471297025681 57.170795507729053 76.83441198989749 45.716129302978516 196.55652263015509 154.59490164741874 83.063616834580898 68.8599648848176 160.30350580811501 25.943377181887627 41.988648701459169 92.070848345756531 27.798311833292246 24.551981199532747 46.098760508000851 78.188059948384762 29.423534128814936 45355.614346429706 1337.6933256313205 122.9620800614357 131.02527871727943 55.425741128623486 86.731460280716419 140.39642913639545 51.641188096255064 187.53994505852461 61.513914726674557 41.939175676554441 363.68367229402065 174.91122677177191 138.52370468527079 64.101174801588058 29.139486566185951 35.834032990038395 42.438660003244877 106.57798383012414 65.271693289279938 39.717860691249371 146.19572340324521 4433.1153238117695 68.704772047698498 1760.2080521434546 155.7336239926517 77.440381340682507 85.566120788455009 145.66105896234512 81.593277774751186 50.627872385084629 62.392498143017292 64.448092609643936 207.42183840274811 303.02623747289181 208.62361412122846 156.6746235601604 828.45062456652522 407.07113601267338 212.64512056857347 85.126331076025963 236.94043402373791 427.64001617580652 49.919664293527603 78.105802528560162 47.925454784184694 37.031845506280661 654.82741829380393 26.987804174423218 399.80689445137978 49.966556988656521 294.60887425392866 65.355012238025665 418.61348832026124 129.69589605927467 40.28208427131176 39.290580779314041 31.916519779711962 56.774699814617634 71.730909757316113 108.41056630015373 1075.7863100841641 38.714857049286366 95.054112873971462 73.8658532127738 224.90728585422039 102.29880614951253 71.524584099650383 39.195636592805386 40.759765483438969 64.368239670991898 142.73256190121174 42.728166438639164 320.4626268222928 400.19162201136351 148.11196465045214 95.973372228443623 122.85266171395779 1062.0157299861312 69.41851482540369 160.23119080066681 427.01654103398323 61.062822259962559 654.56443659961224 170.53720695152879 27.781178370118141 367.7683906853199 48.153113208711147 1919.6434351056814 46.283537454903126 40.597546722739935 79.314564179629087 33.715470213443041
leaf_count=19503 801 1026 492 2024 685 524 606 923 486 2624 1275 21106 783 387 22086 12753 472 1637 12658 302 2473 496 93372 12568 448 14157 466 5812 577 1582 987 1405 367 6624 219 1112 3821 4348 1168 621 488 1425 8734 2070 2769 479 2059 1594 774 2005 726 488 1414 310 6561 500 43188 81543 737 403 8750 303 397 646 15528 514 952 2743 832 353 2916 314 380 493 266 575 1515 512 613 866 448 756 311 433 874 455 681 1165 933 628 759 293 237 1361 411 598 798 451 468 386 498 692 441 2455 2956 2679 4031 584 1401 12699 1790 900 1077 1582 3250 982 408 558 1742 4185 382 434 568 1355 342 458 374 1045 2046 6179 5643 1567 699 509 1224 696 432 580 514 241 683 347 1009 10468 500 438 556 500 1488 1539 860 837 681 298 424 1204 364 260 399 943 253 36341 3431 1152 1121 482 1095 1296 274 1324 431 243 1221 813 1229 249 353 290 447 1167 440 374 1851 7156 941 7279 2289 247 653 593 493 268 598 392 915 1521 1195 1040 5303 1985 1310 376 1661 2783 406 530 458 554 8703 355 6190 412 4472 537 4625 842 293 295 260 582 679 722 9663 358 882 493 1544 961 460 359 429 456 963 364 2612 5615 624 384 633 5603 577 997 2070 381 10432 2629 250 5615 334 36874 703 488 984 418
internal_value=0.0343398 0.0422216 0.00541398 0.0329962 -0.000430474 0.0455104 0.0175303 0.0282524 0.0141057 0.00359 0.0232491 0.0466072 0.0363095 0.0218366 0.025504 0.0421633 -0.00507578 0.0287158 0.0340913 0.0185509 0.0316018 0.0307145 0.00187042 -0.00521052 -0.0041229 0.0422803 0.00552656 0.0346467 0.0430233 0.0469317 0.0238846 0.0207783 0.00825024 0.01087 0.00728227 0.0380996 0.0364767 0.0143772 0.0246599 0.0255269 0.0223247 0.028324 0.0380385 0.0330745 0.0126317 0.011788 0.0209671 0.00420183 0.0175892 0.0192196 0.0176326 0.0147072 0.0167335 0.0178493 0.0133149 0.0296714 -0.00431757 -0.00334178 0.0205558 0.0162701 0.000847394 0.00446739 0.0277439 0.0274232 0.0431572 0.0217511 0.0293708 0.0297129 0.0321762 0.00497059 0.00333061 0.0171925 0.0127905 0.0112479 0.00529736 0.0234525 0.00476234 0.0171083 0.040447 0.0228697 0.0064664 0.00589976 0.00834632 0.0213498 0.0184769 0.0215553 0.0148421 0.0171477 0.0199407 0.0155541 0.00908967 0.0158093 0.0161996 0.0150773 0.0185929 0.0211777 0.0125758 0.0262045 0.0178622 0.019955 0.0242321 0.0113144 0.016682 0.0434211 0.00686599 0.00920516 0.0112275 0.00519396 0.00468012 0.00342003 0.0115468 0.00860336 0.0104054 0.0163336 0.0208859 0.0159694 0.0143253 0.0103106 0.0139164 0.0198672 0.0167806 0.0176055 0.0213523 0.0241299 0.028842 0.0300416 0.0187643 0.0242465 0.0368391 0.00361681 0.0406653 0.0215342 0.023743 0.012572 0.0234027 0.0192159 0.0326941 0.0243416 0.0200999 0.0255536 0.0173306 0.0396457 0.0386612 0.0379395 0.0217759 0.0228847 0.0183765 0.014992 0.0248047 0.0134938 0.0151755 0.00924971 0.0275924 0.00297756 0.0333167 0.00215336 0.00850523 0.00859245 0.0241573 0.00222924 0.00983317 0.0473771 0.0420604 0.0197967 0.017156 0.0115617 0.00543881 0.0206632 0.0239713 0.0272706 0.0157451 0.031777 0.0380197 0.0332951 0.01055 0.0286317 0.00982582 0.0121389 0.0219263 0.0145963 0.0335393 0.0208012 0.0159391 0.0441429 0.00423756 0.0335969 0.00294823 0.0300159 0.0297062 0.0303055 0.0376325 0.0176321 0.0297126 0.0287918 0.0354795 0.0326808 0.0280825 0.0217271 0.028627 0.0308528 0.0281812 0.0256114 0.0235813 0.0264465 0.0187371 0.0301358 0.0173827 0.00712751 0.007846 0.00772042 0.000298114 0.0257526 0.00320822 0.0130908 0.0219575 0.0189358 0.0166527 0.015021 0.0235811 0.0163971 0.0227765 0.0215132 0.0209032 0.024407 0.0252928 0.0187863 0.0273506 0.0230151 0.0302178 0.0293131 0.0262055 0.0178648 0.0276393 0.0343529 0.0242811 0.00833246 0.0346461 0.0314521 0.0328035 0.0310688 0.0257851 0.0194345 0.0322292 0.0305094 0.0022076 0.00442641 0.00651855 0.00490741 0.0266018 -0.00800999 0.0126676 0.00639396 0.00937634 0.0163354
internal_weight=158739 124747 33992.4 32790.6 22932 91955.9 11060.5 13493.5 6923.29 12291.8 4137.17 69237.8 19297.1 3807.7 7422.79 22718.2 10640.2 1042.81 8638.23 2911.24 6070.72 5387.52 8982.36 10593.5 7635.56 22558.9 1959.79 8105.3 5773.54 63464.2 674.135 561.787 3309.45 4012.05 1326.5 10658.8 5227.48 605.108 452.472 532.932 3499.26 3923.53 3566.82 1660.66 2685.55 2444.17 241.372 1763.15 2724.28 2764.88 2020.18 1071.13 920.204 868.099 1994.17 4724.4 7581.28 5259.5 645.87 2187.78 7022.57 109.314 474.395 3444.9 15225.7 3335.44 4629.9 4462.39 186.961 450.004 415.157 196.638 1940.53 1440.14 545.202 744.705 859.932 223.521 7333.19 536.499 1291.52 1252.09 807.313 65.6502 560.278 388.072 894.934 500.399 374.358 249.818 145.652 2133.26 2073.84 1800.84 191.536 272.751 103.919 168.832 89.7154 167.501 129.446 172.206 115.781 5613.64 2704.35 1121.03 940.228 1583.32 1535.95 1301.55 234.394 471.141 416.039 221.371 949.05 1683.39 1192.37 457.98 353.58 491.019 734.392 702.285 361.784 500.297 695.768 634.914 310.271 160.622 2915.37 512.917 7161.38 208.109 131.659 149.649 273.003 193.17 79.8331 317.737 212.18 163.225 96.5998 5431.37 3885.39 3441.34 655.956 602.652 318.245 241.411 459.693 340.501 306.518 151.924 516.677 77.1438 85.5923 117.446 70.3354 126.041 104.166 150.923 72.7349 46413.6 1545.98 223.941 448.752 177.331 121.905 271.422 340.957 239.181 101.776 228.952 663.12 299.437 184.24 159.901 222.229 193.089 78.2727 150.567 163.825 177.869 817.79 4661.54 101.489 6404.93 702.688 4343.23 4184.2 3982.65 159.034 201.549 3836.99 2947.35 271.87 889.637 2675.48 219.067 2456.42 1200.33 793.255 584.632 499.505 1256.09 286.86 586.61 671.594 741.663 704.631 132.881 6162.64 91.0511 1612.59 150.921 3300.18 716.573 586.877 546.595 127.982 88.6912 2583.61 1900.83 1792.42 716.632 677.917 168.92 508.997 284.09 181.791 235.752 682.782 105.128 577.654 185.461 392.194 613.826 478.635 330.523 4644.72 1902.6 352.502 229.65 1550.1 1123.08 1317.98 663.412 492.875 465.094 100.979 2957.99 157.244 96.6487 105.587 623.669
internal_count=780898 285905 494993 166195 381758 119710 113235 89812 78821 187162 34414 69990 76383 33139 56123 49720 194596 7121 39840 28921 33689 31216 141839 194124 137747 48694 29020 36010 10961 59029 5484 4992 45323 49900 18048 36543 20176 7030 3702 3830 29848 26275 12804 7372 31852 29187 2665 26844 27787 26018 20215 11229 9545 8819 23149 28381 137299 94111 6315 23102 112819 1290 3209 23842 29685 28920 27885 26501 1134 6038 5685 2176 22670 17205 6938 5803 13257 2054 19009 4685 17829 17381 10757 744 5581 3711 10267 5465 3884 2719 1692 22699 21925 19280 1756 2682 1165 1517 919 1384 998 1870 1133 10188 38293 14949 12270 23344 22760 19569 3191 6870 5970 3014 8986 17839 12672 5228 3867 5167 7444 7062 3392 4605 3551 3209 2984 1419 10780 6672 18396 2125 1110 1565 2645 1920 725 2892 2018 1438 924 16367 12589 11477 5228 4728 2723 2167 3819 3670 3236 1697 2751 979 734 1441 819 1581 1027 1684 741 37923 3778 1972 4381 1964 1482 2417 2426 1598 828 1648 2835 1614 1729 773 2504 2151 737 1852 928 1542 9288 7733 1321 30198 11039 25549 24809 23351 740 1458 22758 17964 1307 4794 16657 1638 15019 6933 4948 3753 3377 8086 2067 3273 7437 10013 9459 1937 99562 878 24992 1190 28406 6897 6055 5762 1137 842 21509 16006 15284 5621 5263 1375 3888 2344 1383 1847 5503 885 4618 1327 3291 8239 2433 1809 22919 10261 2207 1574 8054 5984 20520 10088 7459 7209 820 56377 2218 1056 1298 6979
is_linear=0
shrinkage=0.01


Tree=17
num_leaves=255
num_cat=0
split_feature=5 2 5 8 8 5 8 8 2 2 2 2 1 8 0 1 2 1 2 5 2 1 0 2 1 5 1 2 1 1 1 1 5 1 0 1 0 8 1 2 0 3 5 1 2 2 3 0 8 5 1 5 2 3 3 5 1 2 2 1 3 3 2 1 3 1 2 2 2 5 3 1 1 5 3 5 1 1 2 2 1 3 1 5 1 0 5 2 0 1 2 2 1 0 2 1 5 3 1 2 3 2 0 1 2 1 0 2 1 3 3 2 2 3 1 3 2 1 1 5 2 0 3 3 2 2 0 3 3 3 1 2 1 1 2 2 2 3 2 3 2 0 5 3 0 3 2 2 1 2 3 0 1 8 3 2 2 1 2 3 5 2 8 5 0 0 3 2 8 2 3 1 3 5 0 0 2 1 3 2 3 2 2 1 0 0 1 2 2 1 1 3 2 5 5 3 3 5 2 3 8 5 2 3 2 2 0 1 1 2 0 2 1 3 2 0 0 3 3 3 1 1 0 2 0 5 2 3 3 1 3 0 2 3 8 1 2 1 3 5 1 1 2 2 2 2 1 5 1 1 5 1 0 2
split_gain=328248 37431.6 17296.9 6621.61 5853.46 3308.82 2069.1 1915.83 1765.26 1700.58 1377.1 1083.36 1022.38 872.005 790.537 741.597 730.782 706.708 872.551 674.525 629.948 542.606 607.858 726.471 526.484 467.171 461.367 451.42 443.01 423.077 381.628 378.973 391.128 557.238 372.672 340.81 755.537 335.533 328.525 307.846 307.527 305.711 299.033 284.58 284.376 273.712 276.021 273.581 270.566 269.818 443.304 264.276 264.021 253.208 240.438 238.197 287.419 349.912 237.538 235.413 234.885 228.052 225.353 222.758 278.276 217.487 217.113 216.612 215.209 213.447 276.039 212.024 204.367 224.027 190.113 189.879 187.363 184.07 183.07 183.022 264.742 191.582 205.636 181.421 179.281 176.993 174.046 194.853 170.831 165.643 164.531 163.267 162.909 162.2 307.179 207.33 160.819 205.022 234.875 159.12 157.901 411.26 175.608 214.553 177.442 156.616 155.515 153.663 212.844 153.12 148.063 142.969 142.502 181.959 141.802 312.849 191.305 253.283 159.515 140.17 138.799 137.431 136.412 172.629 135.828 135.826 135.418 134.954 131.68 129.974 254.186 129.829 130.752 185.204 129.512 223.21 128.509 197.228 148.127 126.309 241.069 126.285 125.781 124.654 124.391 123.807 123.403 130.041 123.198 242.568 200.379 179.574 141.032 122.916 120.893 120.751 120.031 118.862 193.487 118.776 118.576 118.486 118.358 117.187 117.073 117.041 115.805 115.762 114.296 113.598 112.981 112.049 111.968 222.004 111.167 110.626 127.027 110.199 108.256 108.086 135.968 173.601 106.899 106.048 105.602 105.571 113.27 180.989 117.292 105.352 104.656 111.583 151.903 103.685 110.754 102.885 151.583 247.152 108.295 102.625 101.62 101.615 135.319 100.045 99.6798 98.6957 109.619 98.4299 193.935 167.778 97.9159 144.656 97.1881 164.392 96.2756 96.2717 95.2675 94.5354 94.4779 227.823 144.57 196.438 102.453 94.1902 101.247 148.954 102.314 93.9898 191.96 186.561 92.4278 92.0885 91.8139 91.6714 91.5152 91.3047 104.132 157.999 89.5388 88.867 88.6245 144.173 88.3581 95.3503 87.4269 86.815 126.437 86.6631 86.0409 85.8866 84.7608 153.659 87.5306 84.5163
threshold=3.5000000000000004 7242.4750000000013 1.0000000180025095e-35 4.5000000000000009 4.5000000000000009 1.5000000000000002 3.5000000000000004 2.5000000000000004 16281.775000000003 9337.0800000000017 2716.0150000000003 16281.775000000003 30.500000000000004 3.5000000000000004 2.5000000000000004 44.500000000000007 2599.5100000000007 8.5000000000000018 5304.4100000000008 12.500000000000002 3521.6800000000007 21.500000000000004 2.5000000000000004 1271.1550000000004 40.500000000000007 64.500000000000014 4.5000000000000009 2289.3550000000005 23.500000000000004 23.500000000000004 21.500000000000004 80.500000000000014 17.500000000000004 31.500000000000004 2.5000000000000004 8.5000000000000018 7.5000000000000009 2.5000000000000004 19.500000000000004 512.78500000000008 1.0000000180025095e-35 1.5000000000000002 6.5000000000000009 73.500000000000014 676.3900000000001 6681.2600000000011 85.500000000000014 2.5000000000000004 1.0000000180025095e-35 38.500000000000007 100.50000000000001 7.5000000000000009 12956.745000000001 298.50000000000006 15.500000000000002 16.500000000000004 29.500000000000004 1469.7450000000001 3846.1350000000007 40.500000000000007 121.50000000000001 19.500000000000004 377.98500000000007 57.500000000000007 88.500000000000014 46.500000000000007 1559.1500000000003 2289.3550000000005 4944.5650000000014 25.500000000000004 40.500000000000007 56.500000000000007 86.500000000000014 31.500000000000004 24.500000000000004 8.5000000000000018 54.500000000000007 110.50000000000001 9910.5500000000011 1353.325 20.500000000000004 175.50000000000003 21.500000000000004 4.5000000000000009 55.500000000000007 22.500000000000004 27.500000000000004 4407.0950000000003 1.0000000180025095e-35 41.500000000000007 61411.715000000004 3291.5600000000004 28.500000000000004 1.5000000000000002 4210.3950000000013 42.500000000000007 9.5000000000000018 116.50000000000001 51.500000000000007 25693.415000000005 12.500000000000002 477.83500000000009 17.500000000000004 6.5000000000000009 1076.5550000000001 33.500000000000007 3.5000000000000004 512.78500000000008 9.5000000000000018 25.500000000000004 53.500000000000007 4611.5500000000011 2599.5100000000007 23.500000000000004 33.500000000000007 54.500000000000007 1121.5300000000002 19.500000000000004 19.500000000000004 11.500000000000002 1591.4150000000002 3.5000000000000004 63.500000000000007 68.500000000000014 45.290000000000006 4611.5500000000011 4.5000000000000009 230.50000000000003 131.50000000000003 46.500000000000007 13.500000000000002 3597.7800000000002 37.500000000000007 60.500000000000007 1836.7900000000002 1989.6000000000001 1626.2000000000003 59.500000000000007 2289.3550000000005 5.5000000000000009 329.84000000000009 5.5000000000000009 8.5000000000000018 65.500000000000014 6.5000000000000009 135.50000000000003 377.98500000000007 1076.5550000000001 8.5000000000000018 443.07500000000005 41.500000000000007 1.0000000180025095e-35 15.500000000000002 2.5000000000000004 251.50000000000003 1658.1350000000002 2030.5500000000002 57.500000000000007 7443.6900000000014 97.500000000000014 27.500000000000004 1353.325 3.5000000000000004 14.500000000000002 69.500000000000014 6.5000000000000009 14.500000000000002 787.61000000000013 2.5000000000000004 3221.4250000000006 23.500000000000004 54.500000000000007 101.50000000000001 2.5000000000000004 45.500000000000007 8.5000000000000018 3291.5600000000004 60.500000000000007 18.500000000000004 950.30000000000007 47.500000000000007 3370.2700000000004 4944.5650000000014 44.500000000000007 317.50000000000006 2.5000000000000004 1.5000000000000002 21.995000000000001 83.615000000000009 69.500000000000014 20.500000000000004 53.500000000000007 1193.8700000000001 14.500000000000002 12.500000000000002 432.50000000000006 239.50000000000003 24.500000000000004 10241.440000000001 90.500000000000014 3.5000000000000004 2.5000000000000004 16971.395000000004 24.500000000000004 6018.7100000000009 10952.565000000001 28.500000000000004 62.500000000000007 43.500000000000007 3931.7000000000003 6.5000000000000009 3087.6500000000001 3.5000000000000004 15.500000000000002 632.56500000000017 47.500000000000007 1.5000000000000002 49.500000000000007 67.500000000000014 91.500000000000014 43.500000000000007 52.500000000000007 18.500000000000004 1836.7900000000002 1.0000000180025095e-35 4.5000000000000009 754.29500000000007 49.500000000000007 46.500000000000007 19.500000000000004 179.50000000000003 4.5000000000000009 3087.6500000000001 108.50000000000001 2.5000000000000004 28.500000000000004 551.68500000000006 22.500000000000004 71.500000000000014 5.5000000000000009 40.500000000000007 44.500000000000007 2030.5500000000002 1529.075 1033.4150000000002 7652.3150000000014 29.500000000000004 4.5000000000000009 64.500000000000014 98.500000000000014 9.5000000000000018 21.500000000000004 5.5000000000000009 477.83500000000009
decision_type=2 2 2 2 2 2 2 2 2 2 2 2 2 2 2 2 2 2 2 2 2 2 2 2 2 2 2 2 2 2 2 2 2 2 2 2 2 2 2 2 2 2 2 2 2 2 2 2 2 2 2 2 2 2 2 2 2 2 2 2 2 2 2 2 2 2 2 2 2 2 2 2 2 2 2 2 2 2 2 2 2 2 2 2 2 2 2 2 2 2 2 2 2 2 2 2 2 2 2 2 2 2 2 2 2 2 2 2 2 2 2 2 2 2 2 2 2 2 2 2 2 2 2 2 2 2 2 2 2 2 2 2 2 2 2 2 2 2 2 2 2 2 2 2 2 2 2 2 2 2 2 2 2 2 2 2 2 2 2 2 2 2 2 2 2 2 2 2 2 2 2 2 2 2 2 2 2 2 2 2 2 2 2 2 2 2 2 2 2 2 2 2 2 2 2 2 2 2 2 2 2 2 2 2 2 2 2 2 2 2 2 2 2 2 2 2 2 2 2 2 2 2 2 2 2 2 2 2 2 2 2 2 2 2 2 2 2 2 2 2 2 2 2 2 2 2 2 2 2 2 2 2 2 2
left_child=2 3 6 7 11 16 48 17 49 13 14 15 74 21 38 37 35 144 31 83 79 22 139 26 -20 77 62 89 178 210 -22 32 33 34 61 36 39 -3 212 41 69 -4 58 153 109 46 47 -30 -1 50 78 68 195 76 -46 56 57 75 65 91 112 -19 -24 64 126 -35 244 92 154 70 -5 216 168 99 -12 190 111 160 -6 81 122 82 107 -17 -55 -49 87 171 -43 148 -27 -42 -36 94 172 121 242 98 -98 -74 101 185 103 104 -103 -58 -33 108 184 166 165 -53 113 -25 115 116 141 -118 128 136 161 -95 -81 -124 -90 -60 167 -51 253 130 155 132 -99 -134 -122 -136 137 -40 183 -7 -141 -37 245 -142 -2 -67 -28 -148 149 -15 151 152 -150 -21 207 -59 -123 158 218 -125 -10 -115 -107 -78 -152 -76 -38 -23 -13 -63 -132 -61 -66 -174 -111 -158 -177 -80 -18 -169 181 -181 -65 217 -8 186 187 -50 -188 -89 200 -192 -193 194 -133 196 197 198 -45 -84 -16 202 -11 -56 -184 206 -32 208 232 247 -29 -212 -9 -214 -104 -131 -70 -138 -31 -220 222 -222 -221 224 225 -215 -227 228 229 -167 -97 -113 -14 -211 -101 236 -120 -238 -139 -73 -68 -242 243 -44 -34 -39 -247 -210 -71 -197 251 252 -69 -117
right_child=1 4 5 40 8 9 20 10 25 201 12 72 51 27 55 19 28 18 24 43 30 63 23 60 -26 90 146 29 45 157 205 106 66 42 67 114 44 142 119 -41 59 88 96 52 54 -47 -48 85 100 127 -52 53 -54 84 203 -57 105 129 125 86 -62 169 -64 182 93 145 240 250 71 248 -72 239 73 -75 110 -77 163 -79 177 80 -82 -83 199 -85 -86 -87 -88 189 124 -91 -92 -93 -94 95 -96 230 97 131 -100 234 -102 102 214 -105 -106 162 -108 -109 -110 174 -112 231 -114 120 -116 118 117 -119 235 -121 134 156 123 159 -126 -127 -128 -129 -130 215 170 193 133 -135 135 -137 138 238 -140 140 143 -143 -144 -145 -146 -147 147 -149 150 -151 164 -153 -154 -155 -156 -157 175 -159 -160 -161 -162 -163 -164 -165 -166 227 -168 179 -170 -171 -172 -173 173 -175 -176 176 -178 -179 -180 180 -182 -183 204 -185 -186 -187 188 -189 -190 -191 191 192 -194 -195 -196 249 -198 -199 -200 -201 -202 -203 -204 -205 -206 -207 -208 -209 209 233 211 -213 213 223 -216 -217 -218 -219 219 220 221 -223 -224 -225 -226 226 -228 -229 -230 -231 -232 -233 -234 -235 -236 -237 237 -239 -240 -241 241 -243 -244 -245 -246 246 -248 -249 -250 -251 -252 -253 -254 -255
leaf_value=-0.0079586222235406012 0.043886847940018195 0.041580054159800275 0.036172426568468238 0.043653137767008986 0.037622578635803768 0.037181439000799101 0.00035857020712018418 0.043460870748773736 0.042480088495681134 0.020767490871662742 0.042254337488840825 0.042511708996938131 0.011098777809940865 0.0040800780831031155 0.018926502242284395 0.016309865089185371 0.0076959347263704549 0.043760355053207231 0.039860317427215429 0.039110238575127382 0.025806330976743369 -0.0020567237783250683 0.017403887979157876 0.029169251227626009 0.030272474282921246 0.044805714587256545 0.0040784196456026232 0.033888221692018494 0.028904333993010862 0.018052224924703146 0.00050613072928702837 -0.0029362320951776925 0.027997912427115274 0.0029980202252035933 0.023857950451397977 0.0041486611585534192 0.0021022527773295022 0.020649693439886617 0.021590232815312353 0.029710760712612562 0.03531727538337899 0.020246501246958596 0.02820974175558854 0.0075221082424844756 0.0030013131434369167 0.019791357324595377 -0.002055992592259138 -0.003386775779231231 -0.0028444571581076423 0.04426641813057007 0.030830537597260479 0.023311271133784121 0.037857905923322839 0.053154826635382339 0.033777242688911253 0.028882549595629543 0.0018212178404726209 0.041379242117532557 0.032625431733050651 0.028367179161711702 0.048436906359342093 0.029328718160773429 0.039032055709346383 -0.0064713826006593715 0.029277692380860795 0.0084849525720199909 0.038006192667023722 0.041540852597900219 0.035176958741663301 0.042822477152753349 0.031938194281723314 0.0065644374328140236 0.02982993997180846 0.041272158748970098 0.0317520502391914 0.0017826010187542733 0.014641862894127028 0.042072450962228995 0.043544507029949012 0.0073618831500603622 0.00021039230169815756 0.025234586113534924 -0.0082513465205310207 0.029534822617173186 0.027258697955442935 0.022530899797193485 0.035756422696515855 0.035599415473922806 0.025950722234204426 -0.010125033789978264 0.046219044834335213 0.041032187746084185 0.0077622287816999031 0.0066314202734342343 0.039235992921490187 0.0017615453822889071 0.019365775913031014 0.034338951280423483 -0.0040227475873341086 0.039495265736489669 -0.00648794454852654 0.014671101275991623 0.0099384335408872048 0.00035511168886192781 0.045669203279873644 0.015758273624992547 0.023285197985224295 0.0032283709352275126 -0.004953346302917461 0.019550582859161482 0.033698575839281063 0.035047692378602169 0.028708436886750639 0.0061758494706131853 -0.0034531963161103301 0.025435072270370191 0.010805154185195676 -0.0019968199925335757 0.023153946036489362 0.030324152202764729 -0.0013113276639906042 0.012051033408805459 0.042994541551141997 0.00044976800766127458 0.0031631797584283474 0.010811313909905947 0.0076904885303974158 0.041237737566888859 0.037216477223674445 0.026339306319659608 0.028668117727019552 0.026605931235932734 0.0091284954777909669 0.032023802871451651 0.032708283149434386 0.0063061280603578943 0.015454112704656749 -0.01002664936782615 0.014173530184802201 0.0098285232958766396 0.025404946668875276 -0.0019373311108019534 0.038389679847951802 0.038078202486247652 0.0302231070726896 0.033984145963499704 0.013512652770229618 0.0024466872283048697 0.026622538287954106 0.02213773471268754 0.0089864377468353955 0.00011769054361428544 -0.00037938569325807799 0.032651538823756841 9.2633431655091451e-05 0.020992261862475707 0.034478804335440143 -0.0013515168826279708 0.032299609383015036 0.027302405579039308 0.044832503652150003 0.028037568857241159 0.0026691559285588816 0.026006843484290804 0.024870052294932391 0.027826894640788153 -0.007011183439443072 0.033464748466463676 0.039019199351729282 0.036715057763760987 0.0091065194750153487 0.016774120964827392 -0.010031129130227081 0.021193205578757333 0.00058153119059344222 0.029678359842111885 0.0086242964883681741 0.039686945649724942 0.024362677399690346 -0.0030026178208922239 0.01741556451844721 0.024963922941062748 0.023752914127886503 0.010684341957711408 0.0085601877361591791 -0.0044944744992502028 -0.0085786402937015581 0.0215878724522966 0.0026288173897542695 0.025683323961876465 0.0010569138010869566 0.023878550811637339 0 0.019979086077929843 0.040794504190113538 0.027573658255982077 0.033617158479223967 0.034365534257975082 0.023716821334977971 0.0037022063540092967 0.010804490129906566 0.038495041661346992 0.038368267931010405 0.013745313055274632 0 0.020579089343733228 0.021349393603872332 0.027982429152958864 0.012054624285511942 0.028597075145613139 0.030975208404308945 0.012876310533606968 0.015704636666172677 0.017228062970196842 -0.0065741512263846379 0.0087818935604624081 0.024710783096878988 0.032118009999247639 -0.0055736045958095538 0.02332812407430751 -0.010190256553244792 0.02288215394965936 0.0027390872131972726 0.039107604119146336 0.021729345339464214 0.044752526803562918 0.028539499178859191 0.0086921858923529154 0.041966361108667131 0.0099315837828327543 0.021896943823306626 0.026211302847569968 0.022585188826587298 0.010510601662958719 0.028520918084572064 0.01226961589736634 0.010802409928819512 -0.0042475967843027826 0.0089823989185281658 0.021850396609078594 0.016776617596740564 0.033367217219215962 0.029719277533316883 0.0064249543644973733 0.010750226894469937 0.037569521517330701 0.028393661328941784 -0.0038668124753107182 0.038014298393216087 0.0095136078550746277 0.034133726244504385 0.021315630935404145 0.027476988559696949 0.01024827259710711
leaf_weight=2787.8842469863594 434.8362527936697 2521.8179853484035 50.546857751905918 318.34413313120604 2074.4348699524999 115.79476346075535 2232.102266844362 62.739686362445354 3846.763829395175 124.33060475438833 205.04283511638641 5038.414710521698 96.428015645593405 144.43215490505099 623.53216284886003 122.04522649198771 48.245001830160618 193.50948658585548 1083.440690793097 2180.7053892686963 158.53248530998826 36.776146065443754 129.47123601660132 148.28777417913079 1370.7918239608407 19609.915245227516 258.31763203069568 108.22576353698969 72.24091237410903 121.2516274265945 192.27587221562862 57.738603234291077 68.869339890778065 186.32152903452516 864.3534908592701 507.75238520279527 664.16637675091624 75.468663915991783 140.21026674285531 161.6270729675889 1277.4795494228601 117.05995297431946 41.622870720922947 87.786737769842148 99.698519222438335 169.49048033356667 250.96399349719286 86.116625938564539 61.503501709550619 3141.8619340360165 585.44353713840246 543.87661024183035 557.59957091510296 60.440519697964191 57.175916291773319 152.497513435781 180.85089528188109 48.239065911620855 90.059526819735765 289.54615902900696 39.711745567619801 912.94434081017971 84.610737666487694 75.919012803584337 40.543076328933239 38.337048064917326 521.71410772949457 88.71259905397892 161.06462731212378 1718.7882365435362 749.99514725804329 77.76793509349227 492.26878163963556 1174.547140404582 366.55483660846949 119.66770338639617 255.82402973622084 6111.9016517400742 2067.1009073778987 443.76819837465882 639.14675970375538 28.435096457600594 399.20147604867816 1903.3490051068366 66.582643561065197 35.440271615982056 1793.1441992521286 623.44506631046534 27.723553996533155 50.829823818057775 23904.588548280299 1170.947114855051 72.469347570091486 68.83941213414073 102.45508161187172 121.03870188444853 507.04019974917173 49.108465254306793 45.453588359057903 637.27955770492554 2306.4628829397261 59.520173382014036 58.755586322396994 55.404536388814449 28.337036680430174 334.12390742078424 34.241804949939251 1600.6105284839869 819.90348771214485 74.92303154617548 1249.9099505618215 307.00519062578678 316.52250085771084 34.888975109905005 280.37409046292305 45.336774181574583 449.73292948678136 232.26305816322565 21.160046279430389 146.50744067132473 65.590816579759121 86.289460320025682 24.10951479151845 40.561703082174063 242.34557694196701 47.686476677656174 556.53548894077539 5170.6474170610309 23.975765228271484 531.57784485071898 33.253818392753601 153.30566248297691 135.28905959427357 48.313860006630421 47.803204700350761 96.956010043621063 50.661301009356976 30.583874259144068 157.45736920833588 94.808473542332649 679.24423133209348 1027.2368446551263 882.22240817546844 101.89986414834857 110.09597828611732 42.891029216349125 791.1727043390274 126.38594826683402 47.594168208539486 157.51882101222873 592.50391318276525 525.12297265976667 30.438909258693457 461.17378973215818 40.706666029989719 104.09760956466198 103.53604437410831 66.68809462338686 44.61804198846221 26.749193474650383 13872.843104608357 113.33426951244473 90.542056411504745 159.54896211624146 50.287281967699528 156.2264369726181 174.26901537925005 33.102690659463406 1730.6018139272928 353.32409011572599 244.17872018739581 141.24255433678627 35.442863121628761 55.987634632736444 53.703193385154009 59.21380751952529 61.53054279088974 2047.0120614916086 365.88230094313622 80.270273525267839 384.75529750064015 28.27813882380724 29.529072590172291 41.347861796617508 167.20918540284038 4461.2556603886187 164.73836379870772 55.896013502031565 208.7880402430892 173.01773821562529 102.80991308391094 73.94686097279191 41.882453173398972 96.885825045406818 122.67764934897423 57.312159284949303 496.39603880047798 132.2344356700778 85.635316506028175 84.991340547800064 227.05889024585485 296.08634795248508 82.230343505740166 55.081503316760063 41.67141105979681 37.790299531072378 27.262635193765163 93.424699492752552 52.313557986170053 48.985918752849102 83.147791940718889 108.54119077324867 89.414633810520172 58.237660460174084 82.175398889929056 37.728937670588493 308.0898666754365 209.20406864210963 91.85472684726119 111.21654818207026 48.485185042023659 25.819400809705257 32.916410930454731 135.81745526194572 171.71875928342342 97.266559571027756 106.45598052442074 45.025010481476784 56.24177822470665 100.71673592180014 26.639291774481535 290.07621614634991 397.27372283488512 77.335325535386801 124.92079818993807 146.33151431381702 106.13455018773675 193.86030469089746 99.124252930283546 82.754082895815372 69.460967428982258 449.9434270337224 624.99910474568605 42.815834395587444 61.310988187789917 394.4732316583395 343.13008473068476 89.331358380615711 818.03089355677366 57.23906934261322 344.03857996314764 273.47106895595789 161.40816981345415 226.46741104871035
leaf_count=53578 1278 6268 337 728 5948 498 36629 180 6414 999 738 9272 965 2015 5883 976 509 595 3525 5944 1617 486 1376 1206 6801 18866 3394 773 766 1305 2973 552 369 2005 6782 7341 10423 461 1159 1411 5383 1098 329 598 1359 1751 3768 1264 1042 4394 2175 3772 1583 185 569 1000 2145 270 596 1551 200 5074 561 1040 345 408 1965 365 847 3606 3123 803 1949 2018 1820 1305 2108 8927 3541 6522 10368 364 6961 9524 437 395 6030 2423 285 816 16059 3211 708 740 594 1488 3489 274 446 1477 43157 901 975 960 270 3415 249 25086 14172 948 6640 1360 2315 403 4546 553 5874 3590 267 802 794 1018 249 611 3269 399 6658 9426 222 4331 233 965 1141 293 384 1025 412 374 1416 937 5187 16453 2689 648 706 316 9061 1542 401 1659 7631 7554 385 1707 437 793 777 912 328 316 14859 1040 1184 941 538 944 2823 290 5013 1368 2441 961 485 507 798 536 618 4858 3412 1010 3738 204 276 425 2447 81166 2965 794 3494 932 1313 755 508 605 544 238 1924 447 400 1373 2728 1511 422 653 492 440 337 772 559 383 747 1076 577 455 1470 397 2169 1487 1246 1107 705 266 404 586 1219 373 551 364 258 830 270 1676 3154 733 518 1978 1432 2990 1024 658 421 2149 4066 416 435 1531 1763 1049 2144 375 1615 1915 928 2965
internal_value=0.03324 0.0402226 0.00428087 0.0301506 0.0430665 0.0124192 -0.00245716 0.0268908 0.044237 0.0165554 0.0237766 0.0381282 0.0272091 0.0153841 0.0196925 0.0358689 0.00681201 0.0300404 0.0293696 0.0335954 0.00177189 0.0176766 0.0202265 0.0173108 0.0345382 0.0449378 0.0127894 0.0104182 0.0144939 0.0163476 0.013676 0.0274932 0.0277704 0.0266202 0.0293012 0.00523713 0.00876053 0.0391599 0.0253856 0.0178895 0.0372302 0.0133861 0.022743 0.0359573 0.00408928 0.00903032 0.00483686 0.0137439 -0.00529183 0.0411025 0.039504 0.0235726 0.0322217 0.0263657 0.0145293 0.0165884 0.0158935 0.0175907 0.0147635 0.0356432 0.0245341 0.0331483 0.0262803 0.0135767 0.0145033 0.00909826 0.0331443 0.0261502 0.0204533 0.0396136 0.0355134 0.0250195 0.0406632 0.037927 0.0325315 0.0138565 0.0251725 0.043753 0.0403127 0.00100557 0.00457626 0.000215921 7.04485e-05 0.0287597 0.0402911 0.00433106 0.0336361 0.0304768 0.0102146 0.00726972 0.0455844 0.0380857 0.0226427 0.0191984 0.0262545 0.0159539 0.0244518 0.0220076 0.017416 0.0347262 -0.00430299 -0.00333657 0.00831208 0.0160291 0.0255743 0.00970632 0.00700669 0.000697286 -0.000559301 0.0017655 0.0314751 0.0273244 0.0232546 0.0197297 0.00330823 0.00394957 0.00203881 0.00643756 0.00946668 0.0211218 0.0156581 0.0198661 0.00975137 0.0208373 0.00571273 0.0254079 0.0112727 0.0423941 0.0152198 0.0219879 0.0175755 0.0261091 0.0197668 0.0154873 0.0101925 0.0154199 0.0191797 0.0134304 0.0224683 0.0267921 0.0253257 7.21003e-05 0.0355092 0.027164 0.0412652 0.0225626 0.0102843 0.0120079 0.00785971 0.0136168 0.0064369 0.00226397 0.0162185 0.0380121 0.017184 0.0279654 0.0227065 0.0109822 0.0127289 0.0117451 0.0443272 0.023109 0.0130166 0.0191349 0.0103179 0.0275445 0.000183947 0.0147551 0.0416321 0.0314522 0.0116754 0.0246844 0.0156666 0.00902649 0.0118375 0.0266191 0.0193462 0.0416478 0.0224914 0.0159519 0.0146262 0.00451237 0.00162542 0.0266493 0.000940963 -0.00401015 0.000371158 0.00887121 -0.0023068 0.0335276 0.0151927 0.00879639 0.0154465 0.0299141 0.033197 0.0287072 0.0300372 0.0240101 0.0157552 -0.00612595 0.0168006 0.0343808 0.0281229 0.0244483 0.0103364 0.00602292 0.00330899 0.0179838 0.0166742 0.00964372 0.0258887 0.0210174 0.0304695 0.0290896 0.000282889 0.0252281 0.0284592 0.0290504 0.0105427 0.00747944 0.0130145 0.00146925 0.0187964 0.0311113 0.0284161 0.0325636 0.0366888 0.0230589 0.0250243 0.0209818 0.00570459 0.0308733 0.0204157 0.0179387 0.0377891 0.00575607 0.00269971 0.00108008 0.00434014 0.0146783 0.0347068 0.0312406 0.0283545 0.0176834 0.020236 0.0322849 0.0334028 0.00202979 0.0413071 0.0189533 0.0298652 0.0269222 0.0327948 0.0129852
internal_weight=162332 130794 31538 28804.7 101989 14284.6 17253.4 19730.8 82432.5 8217.29 9931.28 19556.6 5388.55 7714.65 4542.74 10358.6 6067.33 9799.48 9254.55 6141.48 6922.65 5273.15 3244.8 2253.05 2454.23 67346 1389.96 2441.49 1028.38 842.765 415.861 6800.32 6708.34 5537.04 3264.23 5038.95 1778.32 4217.11 1596.75 599.303 9073.98 437.676 2272.81 4116.08 1179.02 614.252 444.762 193.798 10330.7 15086.5 6773.99 3208.83 1474.2 1683.35 211.956 2945.99 2793.49 2187.97 405.296 5468.82 863.095 1459.78 214.082 2028.35 1881.23 267.55 1171.3 1804.45 1525.48 3605.16 1068.34 629.677 9198.03 2429.02 2179.72 1188.9 1556.33 23831.5 6188.55 6506.79 1174.34 5332.45 5304.02 2025.39 127.023 121.557 3020.4 1227.25 387.129 1598.73 43514.5 2448.43 936.823 761.516 234.429 527.087 1867.51 1158.07 552.494 1254.47 7542.84 5236.37 284.193 143.262 87.8572 605.517 91.9804 4819.83 3219.21 967.062 1974.67 1140.96 823.384 506.861 3260.63 2980.25 2216.99 681.996 763.266 875.096 358.573 379.409 535.189 91.4204 270.069 137.746 1119.72 8312.51 295.78 999.076 429.769 605.581 232.711 183.603 210.35 144.759 728.589 269.918 458.671 991.747 875.953 1534.99 1695.29 781.144 544.932 81.2281 1175.88 917.559 1547.9 301.951 1245.95 603.156 78.0331 2641.88 895.799 152.337 310.57 542.85 476.162 67.3109 17719.6 148.223 424.666 415.373 642.791 724.765 838.435 563.183 6769.02 1266.27 277.433 430.789 131.974 91.4305 128.626 224.28 120.744 4114.11 414.127 526.406 493.304 108.548 147.119 301.213 2399.31 4952.18 490.926 117.4 373.526 796.463 1069.23 218.639 115.829 372.869 275.983 916.604 802.053 305.656 173.422 484.193 850.591 502.647 206.561 112.257 71.2005 257.329 219.539 855.093 761.668 267.966 299.915 191.689 721.651 658.911 140.931 569.307 469.154 259.865 431.544 310.292 218.438 74.3046 144.133 569.496 433.679 261.96 203.723 358.21 313.185 256.943 147.678 597.081 493.702 126.321 762.2 467.486 321.155 299.995 129.708 160.522 1041.12 519.404 709.438 84.4387 130.18 813.072 737.603 141.645 2536.82 114.551 867.63 523.592 250.121 271.804
internal_count=780898 310669 470229 158527 152142 168992 301237 128435 95467 84943 74343 56675 34602 82011 39741 36428 84049 54092 52108 23716 110465 52143 30571 23301 10326 65125 15934 29868 11865 8869 5367 41782 40981 35642 19350 72184 23973 12712 11040 6400 30092 4989 16292 13216 17573 7944 6193 2425 190772 30342 16522 23008 5565 10479 2581 28701 27701 20957 3724 20491 7367 7037 1937 21572 19764 2729 5339 12313 12529 9601 3851 4477 20247 5962 11594 12492 9857 30200 14347 105098 18066 87032 86668 10500 622 1659 11897 5867 4652 20999 34925 8594 7490 7378 1931 5447 12568 7757 3935 3944 137194 94037 4576 2131 1171 6744 801 78334 53248 14992 10856 6808 7167 4852 48211 43665 33258 9464 10407 7099 3646 3689 7698 1176 3554 995 12386 13820 3740 8465 3737 3822 1708 1434 2203 1409 6297 2557 3740 7270 6772 23794 6444 5835 1984 724 13997 10603 20183 3674 16509 8340 786 7651 8052 1063 2949 6273 5361 927 21273 1443 4599 3049 8169 4216 13246 5728 14285 6442 2674 2512 1337 992 1746 1931 1154 8399 3921 5242 4952 1214 1808 2324 39076 89461 8295 1836 6459 3355 11187 2576 1263 2114 1509 3982 3369 1445 998 8334 8611 2932 1421 1222 768 3750 3310 7615 6843 2724 2596 1823 3941 3761 2445 4728 3016 1899 5033 3728 2482 971 1511 3184 2598 1379 924 2396 2032 1774 1758 3036 4119 1116 1995 6667 4689 4422 1398 1461 4535 2570 4811 745 804 3755 3294 1608 5750 613 4823 3208 1293 3518
is_linear=0
shrinkage=0.01


Tree=18
num_leaves=255
num_cat=0
split_feature=5 2 5 8 8 5 8 8 2 2 2 8 1 8 0 2 1 2 2 1 0 2 1 5 1 2 1 2 2 1 1 1 1 1 5 1 0 1 0 1 2 3 0 5 2 5 8 2 3 0 5 1 5 3 3 2 3 5 1 2 1 2 3 1 3 1 1 3 2 2 2 2 5 3 5 5 5 2 2 1 3 1 1 3 1 2 1 1 0 1 1 1 2 3 2 0 1 2 2 1 0 2 1 1 2 1 0 3 5 3 1 3 1 3 2 1 1 0 3 5 2 3 2 1 2 3 2 2 3 2 3 3 2 0 0 2 2 2 2 1 3 3 5 0 3 3 0 3 2 1 1 5 1 2 3 0 8 3 2 2 3 1 2 3 3 3 0 5 2 1 2 2 2 2 8 2 0 1 3 5 3 2 0 3 5 1 2 0 1 2 2 2 0 1 3 3 0 2 2 3 2 1 1 3 2 1 2 8 5 2 5 5 2 0 2 2 1 3 1 3 5 0 2 3 0 0 3 2 5 2 3 2 5 3 3 1 1 0 0 2 0 5 2 0 1 3 3 1 2 1 3 1 2 1
split_gain=306286 34784.5 16762.1 6128.38 5488.9 3153.01 2039.07 1776.89 1667.22 1586.09 1282.32 1006.2 942.523 825.936 742.332 700.756 646.482 804.835 609.329 510.107 567.33 682.51 481.397 443.46 434.95 431.961 516.551 430.828 430.352 417.951 397.372 371.973 359.85 354.205 361.478 515.285 344.001 329.532 722.705 305.615 286.632 286.287 284.793 279.184 274.276 270.32 269.408 260.878 267.011 258.264 252.024 405.24 246.304 231.942 227.767 224.062 223.465 222.728 272.109 329.001 219.483 276.899 214.123 213.112 263.606 212.933 207.679 207.41 206.781 201.517 201.177 198.693 195.863 251.883 182.234 181.394 180.091 178.638 178.613 256.467 184.131 202.51 173.74 172.793 172.486 168.428 166.162 163.844 162.568 161.796 161.612 160.171 158.065 156.742 403.103 168.833 203.282 162.178 154.562 152.616 151.465 282.441 196.438 150.401 150.16 209.473 149.518 148.433 147.48 191.476 224.669 143.517 138.584 302.954 186.12 245.072 152.504 135.923 133.7 133.314 156.371 193.984 179.701 132.606 168.963 132.407 132.306 131.572 168.96 130.525 130.011 159.103 129.67 129.367 129.222 125.818 125.344 124.638 209.587 123.989 229.053 165.72 123.751 123.536 122.742 122.379 121.449 125.509 119.721 121.502 173.979 118.096 117.945 229.967 194.489 117.85 135.12 116.426 224.591 116.196 115.201 114.511 181.751 113.988 113.397 112.857 112.528 112.07 111.895 111.849 132.965 180.498 121.889 110.982 110.596 110.566 109.986 124.202 145.966 109.801 109.272 106.492 106.054 105.158 214.372 105.119 104.45 104.226 110.388 173.717 115.827 104.165 102.71 102.547 101.566 101.559 101.135 118.659 100.698 129.111 167.067 100.364 98.9882 107.139 144.183 98.54 385.509 95.7707 95.4095 95.2226 94.7643 100.093 94.4486 105.406 94.1176 93.7487 107.626 94.5326 142.301 167.855 92.8168 183.07 127.446 92.5285 142.497 92.0889 92.0667 91.9374 91.237 124.023 91.1692 90.1414 110.259 89.8 220.734 137.845 190.67 96.6676 89.6736 134.189 89.6622 88.9753 88.9329 88.9072 88.6447 151.768 88.6394 87.8771 100.062 153.906 87.5504 87.1537 86.6954 86.4772
threshold=3.5000000000000004 7242.4750000000013 1.0000000180025095e-35 4.5000000000000009 4.5000000000000009 1.5000000000000002 3.5000000000000004 2.5000000000000004 16281.775000000003 9337.0800000000017 2716.0150000000003 2.5000000000000004 30.500000000000004 3.5000000000000004 2.5000000000000004 2599.5100000000007 8.5000000000000018 5304.4100000000008 3521.6800000000007 21.500000000000004 2.5000000000000004 1271.1550000000004 40.500000000000007 64.500000000000014 4.5000000000000009 16281.775000000003 43.500000000000007 2289.3550000000005 19241.770000000004 23.500000000000004 23.500000000000004 44.500000000000007 21.500000000000004 80.500000000000014 17.500000000000004 31.500000000000004 2.5000000000000004 8.5000000000000018 7.5000000000000009 19.500000000000004 512.78500000000008 1.5000000000000002 1.0000000180025095e-35 6.5000000000000009 676.3900000000001 8.5000000000000018 1.0000000180025095e-35 6681.2600000000011 85.500000000000014 1.5000000000000002 38.500000000000007 100.50000000000001 7.5000000000000009 298.50000000000006 15.500000000000002 3846.1350000000007 233.50000000000003 16.500000000000004 29.500000000000004 1469.7450000000001 73.500000000000014 12505.535000000002 121.50000000000001 57.500000000000007 88.500000000000014 41.500000000000007 46.500000000000007 19.500000000000004 377.98500000000007 2289.3550000000005 4831.3050000000012 1559.1500000000003 25.500000000000004 40.500000000000007 10.500000000000002 8.5000000000000018 27.500000000000004 4407.0950000000003 1353.325 20.500000000000004 175.50000000000003 21.500000000000004 54.500000000000007 24.500000000000004 56.500000000000007 9910.5500000000011 110.50000000000001 92.500000000000014 1.0000000180025095e-35 41.500000000000007 92.500000000000014 55.500000000000007 3291.5600000000004 12.500000000000002 477.83500000000009 17.500000000000004 6.5000000000000009 1076.5550000000001 61411.715000000004 28.500000000000004 1.5000000000000002 4210.3950000000013 42.500000000000007 33.500000000000007 512.78500000000008 9.5000000000000018 3.5000000000000004 25.500000000000004 9.5000000000000018 116.50000000000001 51.500000000000007 251.50000000000003 33.500000000000007 54.500000000000007 1121.5300000000002 19.500000000000004 19.500000000000004 22.500000000000004 53.500000000000007 7.5000000000000009 1626.2000000000003 58.500000000000007 2289.3550000000005 88.500000000000014 32232.585000000003 345.50000000000006 4611.5500000000011 2599.5100000000007 23.500000000000004 1591.4150000000002 63.500000000000007 68.500000000000014 45.290000000000006 3.5000000000000004 4.5000000000000009 4611.5500000000011 2544.6300000000006 1836.7900000000002 1989.6000000000001 10.500000000000002 46.500000000000007 22.500000000000004 24.500000000000004 5.5000000000000009 131.50000000000003 230.50000000000003 8.5000000000000018 73.500000000000014 3597.7800000000002 37.500000000000007 60.500000000000007 8.5000000000000018 8.5000000000000018 443.07500000000005 34.500000000000007 35.500000000000007 3.5000000000000004 5.5000000000000009 329.84000000000009 3521.6800000000007 135.50000000000003 57.500000000000007 7443.6900000000014 14.500000000000002 65.500000000000014 97.500000000000014 6.5000000000000009 27.500000000000004 2030.5500000000002 15.500000000000002 564.47500000000014 706.83500000000015 1409.7150000000004 787.61000000000013 2.5000000000000004 1353.325 38.500000000000007 19.500000000000004 49.500000000000007 14.500000000000002 123.50000000000001 39261.270000000011 45.500000000000007 101.50000000000001 2.5000000000000004 53.500000000000007 4944.5650000000014 2.5000000000000004 1.5000000000000002 28.775000000000002 83.615000000000009 3221.4250000000006 561.50000000000011 97.500000000000014 20.500000000000004 90.500000000000014 8.5000000000000018 3291.5600000000004 950.30000000000007 47.500000000000007 3370.2700000000004 60.500000000000007 20.500000000000004 53.500000000000007 1193.8700000000001 63.500000000000007 12505.535000000002 3.5000000000000004 18.500000000000004 6018.7100000000009 14.500000000000002 12.500000000000002 10952.565000000001 28.500000000000004 632.56500000000017 538.0100000000001 11.500000000000002 19.500000000000004 15.500000000000002 38.500000000000007 6.5000000000000009 26.500000000000004 1910.9350000000002 46.500000000000007 4.5000000000000009 46.500000000000007 24.500000000000004 348.80500000000006 2.5000000000000004 16971.395000000004 173.50000000000003 9612.7750000000033 17.500000000000004 67.500000000000014 91.500000000000014 43.500000000000007 52.500000000000007 18.500000000000004 6.5000000000000009 3087.6500000000001 1.5000000000000002 5.5000000000000009 8316.2900000000027 1.0000000180025095e-35 3.5000000000000004 15.500000000000002 179.50000000000003 28.500000000000004 551.68500000000006 22.500000000000004 50.500000000000007 69.500000000000014 4944.5650000000014 29.500000000000004
decision_type=2 2 2 2 2 2 2 2 2 2 2 2 2 2 2 2 2 2 2 2 2 2 2 2 2 2 2 2 2 2 2 2 2 2 2 2 2 2 2 2 2 2 2 2 2 2 2 2 2 2 2 2 2 2 2 2 2 2 2 2 2 2 2 2 2 2 2 2 2 2 2 2 2 2 2 2 2 2 2 2 2 2 2 2 2 2 2 2 2 2 2 2 2 2 2 2 2 2 2 2 2 2 2 2 2 2 2 2 2 2 2 2 2 2 2 2 2 2 2 2 2 2 2 2 2 2 2 2 2 2 2 2 2 2 2 2 2 2 2 2 2 2 2 2 2 2 2 2 2 2 2 2 2 2 2 2 2 2 2 2 2 2 2 2 2 2 2 2 2 2 2 2 2 2 2 2 2 2 2 2 2 2 2 2 2 2 2 2 2 2 2 2 2 2 2 2 2 2 2 2 2 2 2 2 2 2 2 2 2 2 2 2 2 2 2 2 2 2 2 2 2 2 2 2 2 2 2 2 2 2 2 2 2 2 2 2 2 2 2 2 2 2 2 2 2 2 2 2 2 2 2 2 2 2
left_child=2 3 6 7 11 15 46 16 50 13 14 25 83 19 39 37 166 33 78 20 157 24 -19 86 68 26 -3 89 31 194 238 151 -20 34 35 36 67 38 40 244 41 -4 72 55 107 -28 -1 48 49 -31 51 85 70 82 -46 66 74 58 59 75 -47 125 127 64 134 92 -37 -18 -22 99 111 -36 73 -5 180 202 77 136 80 130 81 104 126 -12 240 -6 167 -58 -43 152 -30 -55 -44 94 187 96 97 -96 -25 -38 101 183 133 -60 105 192 -35 163 -45 110 -110 -14 113 114 143 -116 144 -51 176 120 121 -41 -122 -27 208 142 -54 128 -23 175 -80 -132 -90 -102 173 -57 -67 -131 -139 -61 141 -141 231 -39 -115 -52 215 174 149 -111 -151 253 153 -15 243 156 -105 -7 -159 -138 -68 162 233 -40 -160 -133 -2 -10 -135 170 -156 -172 -173 -21 -148 -130 177 -85 223 -84 185 -92 -109 -66 -185 -33 -65 188 189 -48 -190 -69 -8 -127 -17 -83 -170 -198 -175 200 -200 -87 207 -204 -205 -76 230 -16 -125 -188 211 -150 213 -34 -97 216 -26 -217 -219 -220 221 222 -143 224 -179 -142 -56 -176 229 -11 -207 232 -62 -32 -235 237 -237 -236 -29 -240 -72 -86 252 -154 -9 -246 -104 248 -118 -250 -171 -79 -196 -13
right_child=1 4 5 42 8 9 18 10 23 228 12 28 52 27 57 29 17 22 32 63 21 62 -24 98 146 123 45 30 90 47 161 56 212 106 71 43 69 112 44 119 -42 88 65 108 54 60 93 -49 -50 117 145 -53 53 91 226 135 87 -59 103 139 61 -63 -64 186 100 76 160 191 -70 -71 84 -73 -74 -75 205 -77 -78 251 79 -81 -82 195 179 118 241 201 -88 -89 132 -91 181 -93 -94 -95 95 214 -98 -99 -100 -101 102 -103 246 155 -106 -107 -108 182 109 148 -112 -113 -114 116 115 -117 247 -119 -120 -121 122 -123 -124 124 -126 193 -128 -129 129 137 131 165 -134 168 -136 -137 159 138 -140 140 225 220 -144 -145 -146 -147 147 -149 210 150 -152 -153 154 -155 169 -157 -158 158 164 -161 -162 -163 -164 -165 -166 -167 -168 -169 196 250 171 172 -174 198 227 -177 -178 178 -180 -181 -182 -183 -184 184 -186 -187 209 -189 190 -191 -192 -193 -194 -195 242 -197 197 -199 199 -201 -202 -203 203 204 -206 206 -208 -209 -210 -211 -212 -213 -214 -215 -216 217 -218 218 219 -221 -222 -223 -224 -225 -226 -227 -228 -229 -230 -231 -232 -233 -234 234 235 236 -238 -239 239 -241 -242 -243 -244 -245 245 -247 -248 -249 249 -251 -252 -253 -254 -255
leaf_value=-0.0079354514893737547 0.042130337149684678 0.040172640365559426 0.0348450007133611 0.041965021576440387 0.036308267941738158 0.035834065900302296 0.00063206002767134107 0.041769399446852179 0.040934697977093218 0.020231260875951045 0.040582655363347701 0.034772681665524517 0.017461014327540256 0.004025885234474085 0.018449988344265117 0.0091270119075729586 0.042009724172463632 0.038369969951451852 0.025008566715123141 -0.0020405897181551137 0.016987341129834525 0.028212505896494426 0.029310415322493465 0.043178632998263765 0.013359101559027226 0.040916036752056052 0.025532607587360975 0.032672265439188219 0.03873749841669169 0.030956289881189245 0.01761042135000665 0.019187048018037289 0.00050090198517837106 -0.0029143228405450715 0.019748238708060865 0.0029611611651212868 0.023175507081578936 0.0040926488330802566 0.0020774717231259584 0.019734408835924543 0.02871677073977847 0.019723841547842381 0.033958237764666492 0.027460687709467479 0.0029644073954820474 0.036772556200118996 -0.001481147047405768 0.019279240354070141 -0.0020391990884814442 -0.00010510802470362143 0.042620590901839756 0.029882878243856836 0.022666334239332876 0.05065310281722292 0.032538410025323643 0.031501176229201198 0.035355317025576413 0.027966755005596131 0.0018004964909164819 0.032524033637756217 0.011834036724688688 0.036860730374138936 0.046257348282004486 -0.0064427133112703074 0.028340096006754769 0.0328546008342172 0.0083485338037026097 0.028402846461341356 0.037484469071506793 0.028919027227077093 0.033308326215974945 0.033506033009789882 0.039786952824954834 0.030908692189358652 0.0323279927259425 0.0017625371554783908 0.034567568788867568 0.034045266379400078 0.0072421125405743936 0.00020825644578703999 0.024490102493203391 -0.0082287697376091495 0.014331222914051915 0.03268551294799657 0.0071766117634264326 0.041916393677410152 0.040581474404918605 0.02381891876147739 0.025188137532709855 -0.010113019494439461 0.020934018571383866 0.02644296418109018 0.039381731907219282 -0.0064604474517191562 0.014348325497899286 0.0097585129383818414 0.00035157716419486403 0.043616266656319243 0.044529376895630995 0.007639941566090964 0.0065322695858287226 0.037695579721612194 0.0017416820721300643 0.013967068414347193 0.0031870895573826324 -0.0049254314876331579 0.022667766209872809 0.019044346051575234 0.018891572715399943 0.033152729859693267 -0.0039963106063763227 -0.0023040643003526752 -0.0034292034237145014 0.012718392131368578 0.010599265767435577 -0.0019804372138766393 0.02252446820171489 0.021915843603647314 0.032523768745135274 0.025926824804521086 0.026562863694573394 0.00065713553300535577 0.011020604553245265 0.026885383951707049 0.040242972792351131 0.0096868083260020291 0.029879068824255912 0.027783678167493865 0.0060876041617688439 -0.0012999809453968769 0.041160661229890663 0.00044531561711252265 0.0031234158371518644 0.011814783565328318 0.0075648686428962152 0.010620631929492492 0.011323241066262162 0.031570525113565735 0.0062127270627746548 0.029274687076787407 0.02519233381191472 -0.0048772826153454865 0.035963951298173022 -0.001921250583174938 0.035817737761195852 0.039764242488149769 -0.0073267046986223499 0.022941200804097416 0.025815822050230218 0.0089750558456639668 0.030965225221318039 0.037064824191364601 0.01246242684969982 0.021520700316766207 -0.0011616040542264735 0.03117419059969339 -0.00063419100257775007 0.0096564889571873463 0.024650132690577965 0.024722390835062613 0.032785968584036519 -0.0013398950853353929 0.03120222446359049 -0.006984067127585032 0.036602045176703707 0.026460839040732528 0.029244322819717509 0.043187417853634003 0.033216868819857623 0.0018579028356993813 0.041700562088528625 0.0050997324691943249 0.02678100875954546 0.032288419863550397 0 0.027134593140918619 0.013570709305381089 0.030300867129335166 0.0078308047316543988 0.02525483326905107 0.023594357318339962 0.035675983780587402 0.00057564422593917117 -0.010016064235809627 0.020639767451866641 0.00095114177716764867 0.023100551852721272 -0.0044674104153804546 -0.0085580524718653801 0.022647997092676057 0.0025967804664720736 0.035406738638746077 0.015484310510260764 0.025355113349048383 0.024266625131831678 0.0036543497412033867 0.028697551203591725 0.0084827613728388259 -0.0029806326501460971 0.016998736363291696 0.024279620128980665 0.038270851051289093 0.001045628443866955 0.023188842461681163 0 0.018371596943867356 0.036165737866567259 0.010600744726081792 0.03580050379699818 0 0.019494006356137836 0.03918755573097326 0.020045784026171101 0.020789935937953159 -0.0065471854795277132 0.0064684495205772309 -0.0041103076651981168 0.028294164011980514 0.023602755537999794 -0.003189615884068206 0.001415519392454418 0.026696597987068221 0.014546705181436845 0.037380405369550278 0.013867221421204735 0.0082683244256264894 0.01346026545241831 0.0094472669643856019 0.037016101475722242 0.036922298103487461 0 0.030336526191838364 0.029122601609986146 -0.0055446308820141848 0.022661507693861788 -0.010177094948462558 0.022268962737137372 0.0027073726717651075 0.029910584160753026 0.012618433218860683 0.023585869956087274 0.021849300626436786 0.036934301143015123 -0.00059809993774031275 0.015374802176386577 0.030105662771200851 0.021326735889410683 0.012021937166997836 0.010598866396563657 -0.0042209599812827979 0.0098961960773718168 0.024955617386072715 0.010381698988040837 0.027745792408668063
leaf_weight=2768.1691001728177 448.44858740270138 2476.1811915561557 52.016312852501869 327.86958938091993 2127.82761259377 119.00578489154577 2355.6671005375683 64.698382824659348 3951.6013486012816 126.39218056201935 211.40344087034464 474.42925669252872 826.96349975839257 144.93697332218289 633.24191511049867 60.02965160831809 199.60934517532587 1114.1862773001194 161.99967898800969 36.712385531514883 131.35893231257796 151.83290944620967 1401.5348396897316 20142.690826579928 113.0968773253262 5291.6874268874526 357.17213125154376 111.1901508718729 1477.7055717781186 57.445285201072693 123.09137012436986 94.127658188343048 192.36055696383119 57.606648042798042 132.12331089377403 186.77694084495306 880.88184530287981 509.57266369462013 665.38565031439066 108.70697398856282 165.59809428825974 119.00333540514112 1341.1748433858156 725.21944756060839 99.953938994556665 2839.5359560698271 68.924461208283901 172.29152961820364 250.51918333396316 102.45001061633229 3230.1745966598392 597.96820984780788 553.76445814967155 62.877424068748951 58.826853167265654 92.400246672332287 563.94093253463507 155.96389669924974 181.12455753982067 97.200980141758919 91.281149707734585 628.78596660494804 41.253258932381868 75.505253527313471 41.526651050895452 110.05367827415466 38.605178095400333 933.23797746747732 87.291610278189182 887.09374751895666 174.6524975001812 1067.6164467707276 2607.1414766088128 767.20399391651154 407.91275773197412 119.84153009206057 1803.2821673154831 610.11059937626123 446.6148200519383 639.26459139958024 29.06407729908824 396.31375750899315 258.783766284585 323.5908994153142 83.544122789055109 2125.690933726728 6272.3328541368246 190.84735866636038 28.334683299064636 50.385908596217632 111.92980604618788 68.004656299948692 1270.4003188386559 2293.192158728838 60.291584927588701 59.274723645299673 55.421933967620134 29.462376095354557 24560.205800265074 72.922731291502714 69.213913939893246 105.64065279066563 121.21683362871408 320.88159290701151 1605.1323446370661 816.33407090976834 34.8739849999547 76.192152548581362 514.58150830864906 50.421714380383492 45.310686953365803 37.05355367064476 279.53065080195665 274.79921531677246 453.90183530375361 231.86113829165697 21.587581161409616 36.123161885887384 1282.0143357440829 317.82255451381207 240.38610373437405 105.22756307199597 117.41545817628503 202.27653097361326 1137.3412484079599 70.732614852488041 610.79825707525015 323.81612164527178 35.068854078650475 65.51950216293335 25.016254562884569 40.577506981790066 242.99871134012938 87.170274328440428 560.1343125551939 48.091060534119606 114.16629530489445 49.096108637750149 97.457017879933119 55.611199788749218 531.01229940354824 53.76304429396987 244.00605519115925 1025.5017597414553 24.737100299447775 5307.9900709539652 51.522229090332985 48.632182855159044 156.46267817169428 136.25525619089603 49.527974724769592 1005.7315447479486 57.802902210503817 160.4570645801723 33.490986578166485 31.320552695542574 77.036157172173262 95.564341738820076 693.03334939107299 181.88277610391378 44.080860070884228 66.611588817089796 45.78968434035778 173.20926450565457 105.01390006393194 27.384274087846279 112.69653138518333 14255.363553285599 106.45564864203334 206.85974830761552 30.589046653360128 66.743601247668266 43.396920464932919 34.033654190599918 128.90936544910073 115.98759745806456 66.868457727134228 120.40848380327225 54.984497390687466 162.7001948133111 470.12295725941658 121.44968264549971 53.730195119976997 35.145707823336124 56.96264124661684 49.189904183149338 30.112833648920059 4443.5009068213403 163.49437628313899 49.387942802160978 209.27246625721455 362.74120615422726 45.595664411783218 127.68220710754395 248.49809524416924 85.268113303929567 60.685974556952715 61.962784640491009 80.069488778710365 390.26888103410602 28.837882697582245 2101.3207097575068 102.90146542340517 75.436642970889807 41.882453173398972 49.963171534240246 107.73451719433069 229.13657926395535 681.70567942410707 41.67141105979681 98.346015550196171 126.49337441474199 38.457521293312311 27.767544154077768 81.699344579130411 60.72187926620245 48.63159267604351 120.42175662145019 47.638028483837843 42.323391698300838 85.273533772677183 72.064298510551453 82.951982386410236 64.800764843821526 109.03157130628824 38.761607185006142 55.724559001624584 524.15503057092428 304.87138233333826 84.661913372576237 54.080224327743053 229.97125950455666 70.359486766159534 91.423991102725267 113.39090793952346 48.067092008888721 26.317569736391306 32.99202523380518 85.306291371583939 109.68683932721615 335.63961111009121 92.068808257579803 49.706186689436436 396.94611178711057 90.457099333405495 582.72073997557163 27.128990814089775 147.88609159365296 107.12443097680807 193.14904551208019 416.81635354086757 176.32365032285452 63.586414031684399 435.02998896688223
leaf_count=53578 1278 5928 337 728 5948 498 38486 180 6414 999 738 1857 7291 2015 5883 624 595 3525 1617 486 1376 1206 6801 18866 1216 9500 1935 773 3921 568 1305 567 2973 552 804 2005 6782 7341 10423 924 1411 1098 5526 4811 1359 8162 1157 1751 3768 1462 4394 2175 3772 185 569 596 2233 1000 2145 595 608 1790 200 1040 345 559 408 5074 561 4823 913 4535 5750 3123 1450 1305 5909 2334 6522 10368 364 6961 2108 1538 852 3541 8927 1074 285 816 560 437 3427 43157 901 975 960 270 16059 708 740 594 1488 3286 25086 14172 249 948 3489 274 446 411 4546 3518 5874 3590 267 395 6640 2019 1856 1192 1108 860 1942 418 3036 2315 403 794 249 611 3269 1018 6658 399 815 384 1025 372 4261 634 758 16453 222 9426 742 498 965 1141 293 2950 587 1659 486 273 1040 937 5187 989 316 912 328 2823 648 316 706 14859 777 2852 274 869 403 290 1822 1040 512 609 424 941 2753 332 798 485 507 415 276 81166 2965 679 3494 1368 590 592 2341 1373 536 618 1010 3738 204 4858 1313 755 508 274 328 2728 1621 492 605 544 440 337 1470 656 654 1079 475 543 849 595 754 305 828 405 653 6312 1511 422 401 952 304 1246 1107 705 266 404 747 1076 2346 716 316 5764 577 3184 270 1978 1432 2990 5274 932 640 2190
internal_value=0.032212 0.0388119 0.00422465 0.0292029 0.0415122 0.0121744 -0.00243789 0.0260922 0.04263 0.016177 0.0231167 0.0367904 0.0263911 0.0150453 0.0192006 0.00670729 0.0290895 0.0284522 0.00175206 0.0172568 0.0197058 0.0169012 0.0333541 0.0433018 0.0125293 0.0382059 0.0363766 0.0102282 0.0331334 0.0141807 0.0159765 0.0312268 0.0133905 0.0266651 0.0269284 0.0258312 0.0283789 0.00516351 0.00861332 0.0246604 0.0174621 0.013116 0.0359214 0.0221298 0.00403573 0.0343408 -0.00526377 0.00887523 0.00477059 0.013457 0.0396241 0.0380988 0.0229232 0.0255922 0.0142187 0.0144543 0.0280766 0.0162065 0.0155354 0.0171716 0.0350576 0.031676 0.0238241 0.0132982 0.014195 0.0344115 0.00894707 0.0320297 0.0254813 0.025376 0.019931 0.0320346 0.0381857 0.0342986 0.0252992 0.013564 0.0324525 0.0291933 0.000994991 0.00451449 0.000213788 6.97048e-05 0.0244538 0.0314349 0.0240539 0.0388607 0.0421636 0.0325222 0.0100321 0.0071543 0.037435 0.0387364 0.0366284 -0.00427633 -0.00331294 0.00817697 0.01567 0.024806 0.0439229 0.0220167 0.0187259 0.0254731 0.0155993 0.00953363 0.000689904 -0.000553944 0.00690234 0.00174546 0.0237615 0.0214318 0.0170139 0.0165985 0.00326668 0.00389786 0.00201485 0.00633805 0.00930164 0.0057943 0.0304342 0.0205726 0.0174988 0.0104902 0.0215799 0.0399789 0.0374827 0.0276764 0.0265026 0.0226015 0.0192286 0.0153109 0.00957808 0.0203047 0.00563161 0.0193626 0.0110588 0.0246732 0.0234325 0.0100118 0.0150857 0.0213937 0.0201381 0.0135674 0.0299956 7.13036e-05 0.0148841 0.0408558 0.0100943 0.00760478 0.0253535 0.0192874 0.015158 0.0344587 0.00773138 0.0133306 0.00633925 0.0127501 0.0111263 0.0259781 0.0245773 0.0196994 0.0219611 0.0107787 0.0124759 0.000181778 0.0263229 0.0115276 0.0396732 0.0427036 0.0220803 0.00930975 0.0164232 0.0206357 0.0140569 0.0144367 0.00647013 0.0224571 0.0267213 0.0279693 0.0234096 0.0186709 0.0212084 0.0288861 0.0116068 0.015324 0.00887192 0.0130961 0.00160895 -0.00398429 0.00036729 0.00871718 -0.00228857 0.0304225 0.00093089 0.0199718 0.0218619 -0.00609767 0.0258068 0.0188651 0.0155932 0.0143107 0.00445519 0.0401255 0.0148556 0.00864865 0.0151042 0.0292514 0.0230316 0.0164053 0.0338371 0.0101586 0.028965 0.0320617 0.00593749 0.00326938 0.000279457 0.0143486 0.00805895 0.0179775 0.0211601 0.011094 0.0103853 0.0139533 0.00687596 0.0262146 0.022722 0.0240914 0.0237337 0.00759292 0.033164 0.0272574 0.00891152 0.0260876 0.0196845 0.0103495 0.0073609 0.012752 0.00145403 0.0183287 0.0251113 0.0204611 0.02705 0.0150848 0.0238856 0.00108742 0.0295061 0.0281924 0.0056259 0.00567274 0.00266836 0.00106817 0.00726051 0.0320885 0.0215536 0.0314907
internal_weight=165819 134177 31642.2 29440.6 104736 14427.3 17214.9 20130.9 84673.2 8326.03 10112.8 20062.9 5499.95 7810.1 4612.84 6101.27 10018.1 9457 6932.82 5347.81 3297.35 2284.73 2515.72 69182.2 1404.7 14448.7 7135.71 2462.29 5614.2 1040.65 853.868 3903.11 420.585 6941.28 6848.8 5649.06 3336.49 5060.63 1790.97 1627.43 607.951 442.353 9309.61 2312.57 1183.02 4659.53 10282.1 618.829 446.538 196.018 15491 6952.81 3266.85 1716.93 214.505 409.954 1987.92 2985.41 2829.44 2219.08 4302.35 1462.82 880.031 2050.46 1903.17 5607.39 269.463 1495.59 218.651 1840.9 1549.92 1199.74 3702.22 1095.07 1233.13 1202.44 2995.82 1192.54 6512.23 1178.86 5333.38 5304.31 1586.05 2233.1 685.905 6354.84 24479.3 754.788 390.337 1608.43 1711.09 130.882 2611.58 7513.92 5220.73 286.15 145.176 89.754 44702.9 953.805 773.11 239.276 533.834 610.363 4822.73 3217.6 92.4806 968.517 1902.62 1177.4 559.892 864.017 3269.65 2990.12 2220.84 685.763 769.283 138.573 2021.7 889.559 571.736 213.935 357.802 7313.01 2021.32 834.033 1164.56 838.778 514.962 363.129 539.593 92.978 271.333 385.489 1130.06 140.491 406.103 212.073 146.553 1016.64 919.438 349.664 635.618 1535.07 299.536 8538.16 1186.05 753.219 617.507 236.205 185.783 1915.19 1558.04 305.394 1252.65 429.238 397.918 1012.62 893.612 296.049 82.686 547.684 481.073 838.595 798.047 67.9618 561.145 18207 316.275 797.897 174.221 140.73 110.141 569.922 704.587 151.056 739.685 672.816 349.225 421.484 613.441 233.379 129.922 133.635 92.1083 143.318 147.289 4934.58 491.079 118.312 372.767 1295.98 2401.26 198.415 421.82 481.582 229.104 122.649 533.21 499.176 108.907 4227.01 1082.6 220.221 117.319 619.691 211.778 862.378 883.982 71.7842 381.302 282.956 258.586 220.128 140.974 432.834 161.728 271.105 210.383 89.9614 294.053 208.779 136.715 294.241 229.44 569.774 114.551 653.064 515.925 211.054 104.043 391.612 161.641 435.283 312.192 220.768 74.3847 146.383 306.183 194.993 510.292 175.613 361.791 454.749 737.876 673.178 148.346 469.747 321.861 300.273 623.676 786.434 312.085 909.459
internal_count=780898 310669 470229 158527 152142 168992 301237 128435 95467 84943 74343 56675 34602 82011 39741 84049 54092 52108 110465 52143 30571 23301 10326 65125 15934 35370 21447 29868 21305 11865 8869 16492 5367 41782 40981 35642 19350 72184 23973 11040 6400 4989 30092 16292 17573 15519 190772 7944 6193 2425 30342 16522 23008 10479 2581 3724 9495 28701 27701 20957 13584 5422 7367 21572 19764 20491 2729 7037 1937 12313 12529 5339 9601 3851 6188 12492 11538 5629 105098 18066 87032 86668 9857 11594 4827 14347 30200 3307 4652 20999 4813 622 8953 137194 94037 4576 2131 1171 34925 7490 7378 1931 5447 6744 78334 53248 801 14992 12568 7757 3935 7702 48211 43665 33258 9464 10407 1857 10856 7099 5080 2116 2964 13923 4423 3632 6808 7167 4852 3646 7698 1176 3554 3689 12386 995 2363 2203 1409 8465 7870 3204 2622 23794 3740 13820 13997 9374 3822 1708 1434 6997 20183 3674 16509 4599 4326 7270 6772 1804 724 6273 5361 13246 5835 927 1984 21273 2949 10158 2032 1546 1272 5728 8876 1443 4216 3704 2166 3049 3735 892 1746 1337 992 982 1808 89461 8295 1836 6459 6442 39076 1010 3921 8334 1931 1154 5242 4952 1214 8399 11187 2576 1263 2453 1003 8611 2481 768 2114 1509 3750 3310 2445 4623 1870 2753 2097 1018 2832 1983 1388 1742 1437 4666 1222 8134 2932 1421 675 1864 912 5033 3728 2482 971 1511 2596 1823 3259 1568 3297 6351 3941 3761 1758 6667 4689 4422 8126 3266 2981 4047
is_linear=0
shrinkage=0.01


Tree=19
num_leaves=255
num_cat=0
split_feature=6 6 4 4 4 4 6 6 6 6 2 2 4 4 4 2 4 3 4 6 1 3 4 2 6 1 3 2 6 1 2 6 4 2 1 2 1 1 2 1 4 1 2 4 2 1 4 4 2 6 1 2 6 1 6 0 4 4 3 1 3 1 3 1 4 0 4 2 1 3 3 1 0 2 2 4 4 0 2 1 1 0 0 4 6 0 2 1 1 4 4 2 0 2 4 1 4 4 6 3 3 3 6 3 6 3 3 4 4 1 1 1 3 2 2 2 1 6 3 4 2 4 6 6 1 4 4 3 0 3 2 2 6 2 0 1 3 1 3 3 6 2 2 6 3 3 3 2 6 4 1 3 2 2 3 1 0 4 0 3 6 2 0 4 2 4 2 4 3 3 4 3 2 3 2 2 3 3 1 1 3 1 1 0 4 3 2 4 4 0 2 6 6 0 3 0 6 3 3 2 0 2 4 0 3 3 4 2 2 0 0 6 2 1 2 0 3 4 1 0 3 3 3 1 6 0 4 0 4 4 6 3 3 1 0 1 3 4 4 2 3 2 2 1 2 4 0 6 3 1 2 0 1 4
split_gain=293904 30634.4 22458.2 4970.63 4586.93 4043.74 2826.31 2404.58 1466.16 853.885 775.418 685.948 596.716 519.46 479.046 448.562 458.588 447.039 432.57 387.442 358.254 342.012 312.72 301.98 318.813 300.835 347.72 292.019 284.626 280.252 274.91 269.139 254.579 253.227 249.184 282.484 240.853 235.051 231.463 324.958 228.832 227.887 307.313 227.232 264.853 226.054 233.246 218.746 218.046 210.572 200.753 272.292 200.081 199.623 197.789 196.865 193.554 190.459 189.406 330.643 219.779 182.876 181.765 345.899 180.009 215.708 177.9 215.138 177.868 207.231 171.424 179.175 230.581 169.931 168.549 229.846 177.453 166.004 166.591 165.401 163.055 162.166 159.567 153.238 150.957 150.613 150.097 197.881 161.757 161.703 189.971 152.749 182.851 171.997 149.872 148.817 148.744 147.94 147.032 142.326 142.322 139.679 139.615 139.442 160.663 141.785 139.404 137.937 136.687 136.55 157.208 265.499 152.76 168.48 224.952 135.975 135.542 133.95 133.83 136.106 132.343 131.284 129.458 127.999 124.355 123.97 172.082 122.594 121.856 121.808 150.686 160.866 121.686 119.789 118.816 118.05 117.225 117.067 141.63 116.687 146.08 124.867 117.378 115.495 114.677 113.967 231.663 236.286 131.089 113.585 112.74 112.536 112.332 119.149 110.642 123.366 110.549 109.567 179.515 215.078 146.606 354.939 149.165 174.247 112.788 109.194 301.941 153.939 113.264 112.242 109.17 108.451 108.308 129.482 106.712 193.676 106.683 137.297 130.057 142.094 123.99 106.61 123.731 124.173 101.671 110.819 99.4907 99.4309 99.3049 98.8773 98.3346 98.3227 101.043 148.596 166.002 98.1378 98.0192 97.758 97.1454 198.911 123.417 125.76 104.104 259.2 103.944 96.3215 95.989 95.2149 94.0647 144.966 93.1506 93.1179 92.9426 92.4054 104.492 99.0786 147.076 91.9678 156.26 101.161 146.399 91.9367 102.315 91.1168 91.07 90.7848 90.2702 89.9895 95.908 101.943 89.5969 95.7769 89.4855 89.0642 102.436 88.6011 188.473 88.2629 88.0577 242.099 87.321 87.2459 211.002 87.2253 86.7537 86.542 86.396 85.6665 228.565 178.855 85.6243 85.5913 108.021 114.741
threshold=399.03000000000003 2978.5900000000006 73.500000000000014 6.5000000000000009 9.5000000000000018 516.50000000000011 6669.4150000000009 913.61500000000012 119.84000000000002 1321.1800000000003 3087.6500000000001 6681.2600000000011 15.500000000000002 1.0000000180025095e-35 6.5000000000000009 4831.3050000000012 55.500000000000007 39.500000000000007 2.5000000000000004 79.995000000000019 50.500000000000007 84.500000000000014 85.500000000000014 2716.0150000000003 738.23500000000013 35.500000000000007 115.50000000000001 6681.2600000000011 12547.26 90.500000000000014 10241.440000000001 69.905000000000015 28.500000000000004 431.82500000000005 60.500000000000007 4306.3400000000011 34.500000000000007 38.500000000000007 1193.8700000000001 9.5000000000000018 49.500000000000007 32.500000000000007 11309.090000000002 2.5000000000000004 3291.5600000000004 34.500000000000007 13.500000000000002 53.500000000000007 16971.395000000004 708.94500000000005 40.500000000000007 6341.6350000000011 299.04000000000002 18.500000000000004 1581.8900000000001 155.50000000000003 47.500000000000007 97.500000000000014 22.500000000000004 9.5000000000000018 44.500000000000007 36.500000000000007 175.50000000000003 45.500000000000007 15.500000000000002 20.500000000000004 119.50000000000001 6864.7800000000007 23.500000000000004 97.500000000000014 35.500000000000007 17.500000000000004 1.0000000180025095e-35 4611.5500000000011 2544.6300000000006 49.500000000000007 31.500000000000004 32.500000000000007 722.24500000000012 32.500000000000007 16.500000000000004 54.500000000000007 33.500000000000007 30.500000000000004 446.34000000000009 78.500000000000014 465.78000000000003 18.500000000000004 6.5000000000000009 341.50000000000006 213.50000000000003 1098.8500000000001 1.5000000000000002 1169.1900000000003 15.500000000000002 122.50000000000001 69.500000000000014 64.500000000000014 358.02500000000003 27.500000000000004 125.50000000000001 97.500000000000014 268.36500000000007 98.500000000000014 95.865000000000009 224.50000000000003 79.500000000000014 33.500000000000007 45.500000000000007 20.500000000000004 38.500000000000007 43.500000000000007 366.50000000000006 3370.2700000000004 5861.3050000000012 3370.2700000000004 16.500000000000004 874.62000000000012 307.50000000000006 19.500000000000004 1910.9350000000002 105.50000000000001 1260.7950000000003 73.925000000000026 57.500000000000007 761.50000000000011 600.50000000000011 125.50000000000001 70.500000000000014 37.500000000000007 1409.7150000000004 2338.6900000000005 232.24500000000003 3154.1800000000007 76.500000000000014 21.500000000000004 97.500000000000014 3.5000000000000004 43.500000000000007 157.50000000000003 99.930000000000021 1440.9300000000003 931.35000000000014 95.865000000000009 27.500000000000004 335.50000000000006 258.50000000000006 4115.4500000000016 199.00500000000002 79.500000000000014 14.500000000000002 131.50000000000003 661.29500000000007 989.58500000000015 33.500000000000007 12.500000000000002 1.0000000180025095e-35 37.500000000000007 45.500000000000007 19.500000000000004 626.35000000000002 1353.325 21.500000000000004 11.500000000000002 1658.1350000000002 25.500000000000004 1145.2600000000002 20.500000000000004 94.500000000000014 118.50000000000001 8.5000000000000018 56.500000000000007 2777.1150000000002 94.500000000000014 377.98500000000007 578.02500000000009 51.500000000000007 62.500000000000007 37.500000000000007 30.500000000000004 94.500000000000014 71.500000000000014 50.500000000000007 9.5000000000000018 24.500000000000004 18.500000000000004 34240.595000000008 123.50000000000001 21.500000000000004 22.500000000000004 1728.0600000000002 56.940000000000005 27.910000000000004 5.5000000000000009 34.500000000000007 32.500000000000007 4791.7700000000013 4.5000000000000009 2.5000000000000004 210.34000000000003 7.5000000000000009 45.290000000000006 1023.5000000000001 577.50000000000011 1.5000000000000002 11.500000000000002 9.5000000000000018 38.375000000000007 1054.3550000000002 18.500000000000004 3.5000000000000004 287.32000000000005 1299.6300000000003 28.500000000000004 2655.3200000000002 27.500000000000004 43.500000000000007 79.500000000000014 24.500000000000004 33.500000000000007 93.500000000000014 350.50000000000006 251.50000000000003 12.500000000000002 227.02000000000001 1.5000000000000002 99.500000000000014 317.50000000000006 237.50000000000003 222.50000000000003 48.405000000000008 36.500000000000007 59.500000000000007 45.500000000000007 1.0000000180025095e-35 81.500000000000014 311.50000000000006 199.50000000000003 219.50000000000003 912.79500000000007 98.500000000000014 2289.3550000000005 1836.7900000000002 13.500000000000002 500.21000000000009 33.500000000000007 9.5000000000000018 37.020000000000003 57.500000000000007 22.500000000000004 1950.1700000000003 11.500000000000002 5.5000000000000009 18.500000000000004
decision_type=2 2 2 2 2 2 2 2 2 2 2 2 2 2 2 2 2 2 2 2 2 2 2 2 2 2 2 2 2 2 2 2 2 2 2 2 2 2 2 2 2 2 2 2 2 2 2 2 2 2 2 2 2 2 2 2 2 2 2 2 2 2 2 2 2 2 2 2 2 2 2 2 2 2 2 2 2 2 2 2 2 2 2 2 2 2 2 2 2 2 2 2 2 2 2 2 2 2 2 2 2 2 2 2 2 2 2 2 2 2 2 2 2 2 2 2 2 2 2 2 2 2 2 2 2 2 2 2 2 2 2 2 2 2 2 2 2 2 2 2 2 2 2 2 2 2 2 2 2 2 2 2 2 2 2 2 2 2 2 2 2 2 2 2 2 2 2 2 2 2 2 2 2 2 2 2 2 2 2 2 2 2 2 2 2 2 2 2 2 2 2 2 2 2 2 2 2 2 2 2 2 2 2 2 2 2 2 2 2 2 2 2 2 2 2 2 2 2 2 2 2 2 2 2 2 2 2 2 2 2 2 2 2 2 2 2 2 2 2 2 2 2 2 2 2 2 2 2 2 2 2 2 2 2
left_child=2 4 3 13 9 10 14 15 29 18 19 20 28 116 196 16 36 237 41 55 22 52 54 80 57 26 70 32 -8 58 37 156 -16 225 35 45 157 102 198 81 145 115 117 135 -45 133 211 -14 49 109 217 101 64 208 94 62 83 68 207 60 108 -46 86 -64 129 74 67 132 -25 -70 71 72 -21 210 -66 76 171 78 184 -75 120 241 122 84 -38 -74 88 89 149 90 91 -88 -93 -94 -9 186 -49 -71 134 174 -58 -52 151 104 176 189 -85 -22 123 -20 -111 -112 113 -113 124 -2 -1 -43 119 -103 -18 -32 -24 -60 -115 126 -41 224 -127 154 -131 -132 -39 165 -72 -11 -30 -101 -139 140 141 -118 -142 -87 -106 146 147 148 -36 -4 223 -19 205 -154 155 -10 -15 160 159 -159 162 -162 163 -6 -165 167 -167 168 -23 -170 -157 -76 -119 -174 227 -176 188 178 179 195 206 182 -86 -184 -67 -186 -13 -82 -61 -105 -28 192 193 194 -190 247 -3 -151 199 200 201 -7 203 -200 -201 -145 -179 -5 209 244 -56 -47 -48 214 215 216 -80 219 -219 220 -17 222 -53 -79 -37 -33 -124 228 229 -57 -95 -232 -100 234 -89 -51 -237 -12 239 -92 -90 242 -40 -195 -54 -211 -172 248 -178 -249 -166 252 -209 -254
right_child=1 6 5 8 7 38 12 11 21 43 17 95 47 31 27 50 23 30 48 25 107 34 82 24 -26 -27 190 -29 136 -31 121 33 -34 -35 40 127 56 66 39 125 -42 42 -44 44 61 46 212 96 -50 235 51 221 53 -55 73 99 100 -59 59 103 -62 -63 63 -65 65 77 -68 -69 69 97 98 -73 85 79 75 -77 -78 150 213 -81 187 -83 -84 106 181 143 87 233 240 -91 238 92 93 230 -96 -97 -98 -99 232 137 -102 118 -104 105 144 -107 -108 -109 -110 110 111 112 -114 114 -116 -117 139 172 -120 -121 -122 -123 226 -125 -126 128 -128 -129 -130 130 131 -133 -134 -135 -136 -137 -138 138 -140 -141 142 -143 -144 152 -146 -147 -148 -149 -150 197 -152 -153 153 -155 -156 170 -158 158 -160 -161 161 -163 -164 164 250 166 -168 -169 169 -171 246 -173 173 -175 175 -177 177 180 -180 -181 -182 -183 183 -185 185 -187 -188 -189 191 -191 -192 -193 -194 243 -196 -197 -198 -199 202 204 -202 -203 -204 -205 -206 -207 -208 251 -210 245 -212 -213 -214 -215 -216 -217 -218 218 -220 -221 -222 -223 -224 -225 -226 -227 -228 -229 -230 -231 231 -233 -234 -235 -236 236 -238 -239 -240 -241 -242 -243 -244 -245 -246 -247 -248 249 -250 -251 -252 -253 253 -255
leaf_value=0.033828005076064954 0.033761760449073315 0.03795289443753589 0.02457123052854179 0.014510861016152217 0.030409482301559293 -0.0018906926631184406 0.040848104714072485 0.030774836986590035 0.023062302582384588 0.040313395717969047 0.031661024150317914 0.032256137643917639 0.038275298423397205 0.0014844012556450806 0.032734102509379082 0.023773742353036281 0.010434524113888351 0.014898903043304502 0.029673786901240749 0.027508732204205751 0.021891508199330702 0.036797140814278304 0.03015110117367999 0.033729330659380871 0.032784740704682645 -0.0059948494701570218 0.015126720911203467 0.036321460591228275 0.038449405306636188 0.031655566774546721 0.037544196018657862 0.036848968173988979 0.018248888728514261 0.022515730480135429 0.037206681566280125 0.0083122569319123291 0.030566232707878119 -0.0052101244171263465 0.013272627253779951 -0.00593582674352404 -0.0076052818519718084 0.025966056701960057 0.040825626247692641 0.024789557065440539 0.037965248950255666 0.030313330406974655 0.025180678212929825 0.033873795019689096 0.041468377428077394 0.030138443017195555 0.042868374720845696 0.017071040427759979 0.034936020509645317 0.012083527758508371 0.018957555251794191 0.0023194743464683204 0.015839748016911341 0.0004902563862901301 0.0093866406093811687 0.011839022749749158 0.036508854353947441 0.032680701236967737 0.032087287674035521 -0.0097139834380351783 0.0049025074742072702 0.024397638954653095 -0.0054062448489541493 0.027087978808575913 -0.0024111095747130586 0.036775983751045162 0.0075412995519639481 -0.0088807022711478324 0.00092386168277563247 0.039207333646880824 0.021527720360031092 -0.0038405226191663574 0.032248131606303757 0.010031061641811277 0.0018758084498196657 0.029152741293108395 0.0059829108296206961 -0.0026964352841447681 0.0057347291706608848 -0.010199598086097257 0.017152964070945173 0.029029734012210807 -0.00080760719385763048 0.0073573787941661264 -0.0035455635415267092 -0.0014014614210841455 -0.0033433691726967051 0.029991375499143876 0.025905710556099196 -0.0023559661296975575 0.024426246638865296 0.021230404190843887 0.014577151871018428 0.0098736200688741543 0.011668876976485163 0.033976604434789545 0.041799419315188262 0.031712159074168571 -0.0028491035264171499 -0.0031519860298380863 0.018907779090016192 0.016797280198695079 0.011164827139815396 0.010731939450405757 -0.0025400728813617158 0.017645283201200873 0.038536125030034361 0.028219198913882155 0.039061398511338212 -0.0076283562471883785 0.023586800197498991 0.040724337742475684 -0.0023405148410980316 0.03769585135723507 0.042671670509516126 0.016898430286427388 0.02616422909487855 0.014704839645759735 0.024980225138239304 0.033566580716785775 0.012692070588502692 -0.0057558553946333389 0.015060706483595357 0.033529860621830256 0.014535454108570775 0.0027846516146365235 0.025873971106780306 0.0051848335339121686 0.014300159662268046 0.0082178871128217399 0.020660012629293595 0.03558627871775908 0.042432063747100283 -0.0026375307366484925 0.023463681097768255 0.037035394174468869 0.035396602261836184 0.024533170524107365 0.022083478274737195 0.010720737165031968 -0.0012513054104677287 -0.0020820856023479263 0.0336717123828148 0.0012520807065680318 0.012763408361404466 -0.0084893223454794754 0.0013308011088612804 -0.0025468287949859604 0.03162887664783684 0.0036355267772947494 0.035468081792671899 0.023592652544190146 0.017569944788741659 -0.0064189731649853185 0.032709423767706768 0.017953246327454982 0.010978350076882127 0.030295381942495966 0.028693912597117122 0.020916351369184422 0.00017119395738655947 -0.0036010884202568776 0.024992868656768877 0.045932125718504663 0.0039225051787834097 0.026170658967945962 -0.010096557831216 -0.0021595137976006267 0.018362673772094364 0.031050880654612218 0.027338307005722279 0.001245755323595422 0.0036849209461031597 0.023352123762709693 0.03743637380937033 -0.0048300594519490418 0.025783215863321142 0.028403259075887487 -0.00025410023808767842 0.017959475771716752 -0.0099888018274707242 0.01228514960035427 0.019841789999508991 -0.010149971673337766 0.038900488928540027 0.01238147240902562 0.038657251168324906 0.0091686666809603773 -0.0044684810321304648 0.013500929242489959 0.001573837370675785 0.035366116947759811 0.039776047085126526 0.0027313473992357029 -0.0037904490303857338 -0.0036417093891308915 -0.0046678981653654221 0.013007827599819671 -0.0062340101541493191 0.026082194860206385 0.020954292265940925 -0.007508753368942531 0.005030222697671 -0.0040958606884836154 0.026386182547079758 -0.0056359556213722729 0.029107195590434266 0.011717651202786027 0.0077053428055827719 0.0071565212490574516 0.042180959153577807 0.030965570304643128 0.026845742528264025 0.032671945716777395 0.0069575413053154589 0.045310969571559105 0.036139388087563395 0.0072843947434856372 0.027418718632513644 0.027025457772900854 0.025973346778837555 0.026461943902638119 0.004708666083988032 0.012311243863228644 -0.0036722481805519431 0.02473975072207768 0.023824423521988859 -0.0028620052988258143 0.036757410988104505 -0.0089801633828255432 -0.0006309407414104379 0.029524743306566223 0.0090780316008267966 0.016733120587961333 0.0080667030137892073 0.037469753172288484 0.015687348556899489 0.0047808878627163464 0.049759359170806525 -0.0061443145658987763 0.017599374782718419 0.013608449926661853 0.012270419220447852 -0.0066171946081806177 0.042453569155341465 0.02110055898268828 0.014321034739806521 -0.0009468773124575821 0.014382339364045737 0.00215736073813066
leaf_weight=673.70080684125423 1799.7829489633441 8926.5041812285781 20.239530988037586 59.710171043872833 109.7254281938076 196.4699336849153 20252.567361883819 565.60571060329676 166.33864529430866 766.01654852181673 107.20222389698029 4362.1182957962155 3618.5278347507119 48.699733134359121 527.75179244577885 231.91933543235064 266.32176869362593 389.14894390106201 383.19461977481842 42.593540400266647 641.9797650873661 49.99315133690834 99.298395201563835 56.882147468626499 131.82954750955105 166.43073889240623 40.089305210858583 7425.2998992204666 1037.8207276165485 41.800750121474266 39.637688048183918 192.87777930498123 174.19766344875097 1864.2109821140766 36.750346552580595 46.674413975328207 79.931588873267174 87.264476988464594 50.13907141238451 70.092346735298634 54.041796654462814 942.95054716616869 265.74587974697351 388.62731942534447 964.35021810978651 91.628867577761412 32.510416556149721 106.19793382287025 126.20491544157267 2125.4124515503645 66.806989409029484 440.75996428728104 45.19263232499361 460.41043506935239 130.07416019588709 94.00238486751914 44.375887736678123 79.958824075758457 59.926218770444393 251.18604074791074 56.982420720160007 3577.8745220974088 48.794919215142727 30.722157552838326 850.99686471000314 28.975069254636765 208.20740645378828 42.997146632522345 55.594974912703037 36.986446753144264 706.83134995773435 97.216469399631023 489.08556152135134 408.52711734175682 36.44359689578414 46.307937175035477 73.364605169743299 183.87494756281376 47.454769004136324 365.79069092124701 281.65400659292936 40.905905228108168 90.569579511880875 34.628141529858112 391.20425631850958 29.395731694996357 549.00296028330922 178.63497140258551 1374.1900096833706 402.0252436324954 23.36928778514266 32.438732039183378 32.08842010051012 149.71757466718554 1592.9138069376349 153.21617154031992 74.984077475965023 50.297559097409248 32.805154725909233 29.388360023498535 50.766561262309551 113.39380303770304 59.498356532305479 306.25160128250718 29.573868248611689 48.719943061470985 178.92612649872899 145.88629616051912 39.541055377572775 453.05562733858824 131.5644821152091 143.08323545753956 47.238408945500851 49.674642488360405 122.31247355043888 426.01020160317421 37.343854676932096 260.35621902346611 44.039324857294559 169.13113646581769 68.989722106605768 83.079234339296818 36.681816101074219 36.555850148200989 69.513234376907349 545.29905396327376 82.58902246132493 206.02880707383156 29.152278278023005 122.47763115540147 94.803793512284756 65.675577633082867 47.620822202414274 54.916764300316572 76.884257458150387 5754.1120118349791 49948.448828905821 40.213835142552853 38.994647465646267 94.073971826583147 110.15552821010351 28.805123597383499 243.93238274008036 56.168205607682467 259.99404642358422 35.745651666074991 60.381342638283968 112.43897848576307 63.309330925345421 83.754686448723078 125.74709647148848 39.181817509233952 31.058263197541237 30.913276236504316 44.8587028644979 29.578540898859501 491.53025647625327 38.238122187554836 75.89273177832365 392.16225314885378 116.85414823144674 653.12345173209906 211.55275834351778 282.65781316161156 53.975352399051189 44.561187744140625 187.4804273545742 49.784368716180325 40.291499353945255 56.464422017335892 33.204936817288399 36.830452557653189 106.85734463483095 736.40697927772999 51.112958356738091 63.521908853203058 30.821833781898022 29.978800106793642 30.252757411450148 29.298035223037004 36.315513726323843 60.68492266535759 100.14683502167463 56.736563578248024 35.867315150797367 51.955030098557472 81.59828969836235 41.907068274915218 23.162757340818644 45.155692584812641 41.909431111067533 231.21056152135134 175.71780524775386 30.402882993221283 24.073912262916565 28.376764792948961 7537.5033966973424 795.37890806421638 1244.8795516677201 24.6050636023283 2821.6842298842967 76.976866215467453 6795.3729120418429 27.688696391880512 47.317277349531651 55.447541050612926 340.84628196433187 95.056836668401957 225.35347957909107 32.880865849554539 671.66629470139742 45.976682178676128 371.89748901501298 32.932731170207262 36.0068832449615 75.824180983006954 47.490662641823292 47.666820660233498 50.029883995652199 58.329923570156097 209.93047834187746 73.681141905486584 138.04310698062181 39.114071611315012 102.59489204734564 239.98180353268981 57.25943922996521 72.411006424576044 223.70412097498775 24.520696278661489 29.663930233567953 21.651285216212273 30.689628154039383 109.5363996066153 1433.5278982482851 133.82434920221567 73.534062936902046 82.465940564870834 773.20179447159171 33.531611002981663 21.896226238459349 28.637717206031084 23.735182084143162 72.629529811441898 117.08639286458492 67.810797095298767 31.785074822604656 42.357270509004593 30.145785242319107 46.804601017385721 235.37077205628157 539.31604016199708 145.55496354401112 166.51492703333497
leaf_count=3331 6852 17939 259 808 712 3434 23969 2846 1521 1684 958 17239 5997 572 1680 1515 2938 4660 2320 412 3697 371 669 387 825 2453 450 17608 1445 361 290 781 968 13979 283 487 587 1298 751 1181 690 5032 767 1870 2963 689 285 311 388 10450 339 3343 285 4586 735 1462 387 916 789 3163 520 12313 549 523 10336 279 3310 382 624 235 9203 1485 7066 1400 346 589 597 2270 593 1602 3123 707 894 398 3109 349 8658 2701 23218 6546 381 371 400 2294 9972 755 422 486 371 338 283 677 742 4414 330 542 1615 1136 590 3366 651 886 199 492 774 1363 435 775 195 1358 575 931 231 351 541 9839 1215 1431 451 1390 847 712 544 565 843 16127 37846 625 467 469 461 255 1697 765 3534 369 405 1231 581 1434 1589 536 319 405 352 244 4998 430 525 3346 959 4061 1455 2198 554 551 1704 319 440 457 407 444 604 3062 626 933 411 313 278 428 389 383 984 437 515 606 401 573 258 553 352 3082 2675 421 355 279 11525 12662 21361 430 51882 1215 127955 319 711 847 4577 1361 1807 392 3312 423 4158 387 243 700 467 314 478 264 1086 611 847 394 799 1620 541 1026 3699 330 374 328 261 1907 23084 637 488 915 11351 378 316 416 221 1154 1037 723 329 599 275 533 2029 8252 1725 2375
internal_value=0.031249 0.0379116 0.00517771 0.0159157 0.0298774 -0.000894233 0.0407439 0.0257474 0.0115367 0.0330544 0.00384673 0.028892 0.0417142 0.0250565 0.0377795 0.0207098 0.0189568 0.0114278 0.0305886 0.00281051 0.026201 0.014962 0.0274293 0.0132258 0.0199615 0.00676623 0.00798331 0.0357163 0.0419263 0.00643679 0.00870075 0.0226781 0.0292157 0.0241939 0.0185707 0.0205237 0.0208811 0.00668389 -0.00477032 0.000185722 0.0110356 0.0327318 0.0303867 0.0348559 0.0331216 0.0177652 0.0131989 0.0377157 0.0280497 0.0275713 0.0251945 0.0224028 0.0130345 0.0169496 0.0282092 0.00168298 0.0166949 0.0136927 0.00609967 0.00766325 0.0201704 0.0338211 0.00113083 0.0159722 0.0114284 0.0097824 0.000816707 0.00813525 0.0188704 0.0125019 0.00697238 0.00371541 0.00541539 0.0310255 0.00685545 0.015279 0.0213546 0.0140693 0.0188971 0.0345577 0.00895577 0.0138454 0.0170059 0.0151779 0.017487 0.0039659 0.000929361 0.00215773 -0.00108299 0.00425825 0.00564782 0.00219236 0.00839136 0.00511365 0.0261214 0.0316908 0.0261886 0.0219539 0.0101423 0.00696501 0.0303698 0.0290751 0.0112847 0.00651455 0.00773647 0.00115438 0.00759167 0.0198702 0.0128236 0.0243429 0.022269 0.025894 0.0218593 0.0195293 0.0141503 0.0351342 0.0306807 0.0289878 0.0259791 0.0230603 0.0138365 0.0226459 0.0221245 0.0191453 0.00415436 -0.00252536 0.00540494 0.0283138 -0.00466191 0.0162523 0.0113077 0.0176366 0.00171316 0.0227881 0.00889032 0.0361554 0.0423527 0.0173334 0.0103505 0.0264236 0.0238601 0.00959167 0.0264288 0.0111663 0.00088884 0.0143598 0.0165495 0.011369 0.0223922 0.00221481 0.00902575 0.0132754 0.00778815 0.0183715 0.0206923 0.0178634 0.0161492 0.0227838 0.0184264 0.0157451 0.0240804 0.0274128 0.0211421 0.018707 0.0163465 0.024585 0.0194751 0.0303108 0.0243977 0.0172743 0.00832704 0.00974769 0.0315089 0.0295021 0.00476155 0.0132348 0.00909062 0.0121474 0.0182144 0.0150382 0.00850383 0.0156589 0.0141315 0.00641302 0.00875705 0.00305711 0.0320395 0.00381317 0.00661462 -0.00106887 0.0279063 0.00420764 0.000624027 0.00662512 0.0209169 0.0183719 0.0387929 0.00163417 -0.00515519 -0.0036579 -0.00404523 0.00233102 -0.00574066 -0.00309272 0.0125337 0.00160406 0.00665558 0.00245113 0.0214491 0.0170132 0.0275242 0.0244287 0.0092518 0.0236831 0.0261735 0.0222913 0.0147648 0.0299703 0.0200078 0.0318089 0.0298078 0.0182884 0.0196421 0.0132702 0.0207 0.0312615 0.0130842 0.00234266 0.000145105 0.00737444 0.00152312 0.0126922 0.0247 -0.000335527 0.000256026 0.0294816 0.0224776 0.025465 0.00901315 0.0209936 -0.00321475 0.0204672 0.0261299 -0.000105475 0.0228548 0.00723944 0.00073307 0.0146713 0.0237527 0.00796697 0.0117351 0.00165075 0.00510405 0.00794643
internal_weight=169202 134762 34440.3 12439.7 35132 22000.6 99629.8 15284.3 8414.35 19847.7 9895.06 9403.19 75038.5 4025.31 24591.3 5881.11 4237.38 1186.3 8396.72 8708.75 4806.25 5030.11 4018.39 1070.42 411.549 1927.52 1761.09 8127.25 71238.8 3384.24 996.636 2837.3 701.949 2297.07 1743.47 1380.8 3166.95 873.919 12105.5 870.551 362.667 4538.11 2312.32 11451 4930.85 1025.51 542.013 3799.71 3858.61 3732.41 1643.73 1045.86 3286.64 948.735 3734.58 6781.24 997.401 279.72 3342.43 2336.28 193.006 4542.22 6143.37 79.5171 2337.91 1749.19 386.09 177.882 199.761 142.879 1679.09 831.879 734.662 1576.06 1043.94 192.947 146.639 705.243 356.507 774.318 658.873 143.418 283.809 902.258 688.704 692.069 6063.85 3768.39 2295.46 2046.69 1644.67 814.563 265.56 233.121 2158.52 4596.93 181.182 87.284 847.21 637.87 95.1424 393.371 487.829 2143.28 1743.15 400.127 213.554 787.866 136.023 1399.64 1016.44 563.386 431.822 384.584 241.5 2225.79 1188.01 2046.57 326.564 282.525 335.311 122.717 193.24 96.4821 119.188 727.133 152.681 355.298 574.451 588.723 282.957 160.479 134.885 483.492 783.716 6520.13 50986.3 108.597 79.2085 514.311 420.237 66.149 354.088 202.983 289.568 308.626 272.88 212.499 100.06 899.373 348.736 428.331 173.587 61.9715 305.766 260.907 540.23 2169.55 506.293 430.4 1663.26 769.978 893.282 681.729 572.004 428.575 232.042 196.533 146.749 96.7559 94.5686 73.274 1103.62 843.264 529.273 114.635 1453.58 645.198 238.057 207.804 407.141 608.773 548.088 156.883 116.797 87.8223 4443.72 323.561 808.383 351.407 81.9987 557.197 325.987 150.269 47.2367 178.506 16464 879.134 11235 3167.05 3095.13 273.447 8067.94 1272.57 71.9223 111.616 370.825 1006.15 488.324 262.971 801.74 137.606 404.408 239.709 206.776 170.77 94.9454 597.876 97.6967 500.18 441.85 652.484 578.803 222.989 149.269 432.86 93.9413 414.638 342.227 118.523 201.033 51.3152 63.4948 1721.7 1612.16 2332.77 207.358 189.668 830.103 56.9009 1396.09 102.512 73.8743 103.032 162.279 100.692 64.99 150.129 60.9676 89.1619 289.346 946.443 407.127 312.07
internal_count=780898 285905 494993 125518 166195 369475 119710 91591 96920 74604 147387 45430 69990 28598 49720 46161 35134 14566 39647 132821 27035 51225 22202 10682 3473 25581 23128 20256 63260 45695 12693 21950 2648 16380 16238 12679 24452 11472 222088 14781 3559 18455 10240 34957 17146 9962 5555 6730 21192 20804 11027 7370 34987 8830 19867 107240 8183 2648 45334 30813 2250 15276 97734 1072 26157 20355 5534 2224 1732 1345 22326 11648 10163 7049 12312 1976 1387 8043 3790 3002 7209 2095 2335 7513 5500 9751 96662 58773 37889 31081 24535 12425 3767 3396 12818 18395 733 721 10678 9506 670 2569 5938 28563 23054 5509 2013 4833 1730 9229 6909 3543 2892 2693 1807 8215 6648 9473 2230 2035 3513 1221 1441 1140 1033 12686 2396 2717 10290 5802 2949 1559 1842 4407 10046 17811 39291 1430 1092 3317 2848 690 2158 2685 3864 2869 2500 2095 864 14355 4253 5196 2336 724 2853 2501 5570 16269 4301 3776 11968 5020 6948 5493 4781 3842 2255 1587 1268 897 980 790 4441 3666 8076 1559 19190 8082 2803 2525 5279 4913 4530 1421 1400 1121 17640 3696 11108 4967 802 7945 4863 2188 613 2097 29464 14096 207307 57672 56531 4649 149635 21680 1141 1612 4890 14521 4244 2437 4047 1112 4443 2390 2003 1760 1060 3657 792 2865 2601 4801 4190 2664 1286 2401 772 6517 5491 1792 2996 702 632 27692 25785 11575 1125 1873 12110 759 23534 1388 972 1575 1322 1115 736 1818 686 1132 2583 13713 5461 4100
is_linear=0
shrinkage=0.01


Tree=20
num_leaves=255
num_cat=0
split_feature=6 6 4 4 4 4 6 6 6 7 6 8 6 8 4 7 4 4 4 8 3 4 6 4 6 1 6 6 1 1 4 6 3 6 3 6 4 6 6 4 1 1 1 3 6 6 6 6 1 6 4 6 1 4 6 7 3 1 1 3 1 4 1 3 6 7 1 8 6 3 6 1 3 3 3 1 4 6 3 3 1 3 4 3 3 6 6 6 6 6 3 3 4 6 4 6 8 3 1 1 4 1 6 3 3 1 6 6 1 1 4 4 3 3 3 6 1 1 3 6 1 4 3 3 3 3 1 1 4 1 1 1 3 1 1 6 3 3 1 4 4 1 3 3 1 3 4 3 1 3 3 4 4 3 4 1 3 6 3 1 4 8 4 6 4 1 3 8 1 6 6 3 1 8 1 3 1 6 6 3 6 4 4 6 1 1 3 6 6 6 8 1 8 4 3 3 6 6 3 6 3 1 6 1 7 6 4 1 1 1 1 3 1 1 1 3 3 6 1 1 3 1 6 1 1 4 3 6 3 4 4 3 3 3 3 3 4 4 6 4 3 3 6 4 6 1 4 1 1 3 3 3 6 1
split_gain=275419 29244.7 22076.4 4654.34 4273.1 4034.23 2560.89 2521.69 1170.84 972.514 789.368 659.449 519.198 455.342 444.656 422.23 420.039 388.456 360.203 319.248 270.985 270.197 256.012 230.864 218.242 210.47 208.54 206.153 199.638 198.377 196.057 195.238 194.049 187.007 183.674 181.312 180.718 179.477 177.783 232.35 173.446 171.729 162.369 228.841 198.487 161.707 159.032 157.464 166.693 157.147 152.448 213.644 148.722 147.834 147.265 145.032 231.606 140.902 139.262 199.287 200.536 152.157 137.55 136.439 131.485 129.544 129.024 125.777 125.708 122.72 169.799 149.16 121.64 245.452 117.723 471.92 116.586 138.997 114.625 191.801 112.516 110.401 108.932 108.482 108.404 108.195 107.85 184.658 183.786 157.986 144.189 122.512 136.438 109.985 105.458 104.761 172.134 147.978 145.657 159.275 139.946 104.376 126.028 103.217 177.445 213.721 167.687 136.573 121.282 102.441 150.174 100.563 100.251 99.7451 129.9 111.432 102.364 99.0704 144.495 99.0233 98.8402 121.892 98.585 157.34 96.8398 96.5277 95.3641 135.364 98.2757 94.9511 115.78 92.7191 121.855 123.557 92.4125 92.1806 90.2741 110.958 89.4991 89.3652 89.3007 101.036 158.407 155.054 141.632 140.99 129.558 89.1064 88.3677 155.187 88.3538 187.706 122.799 87.5345 87.2142 172.046 84.5779 82.0544 113.006 81.7768 81.6274 155.115 81.2927 107.798 97.0258 80.7891 80.3465 251.263 144.642 79.1241 78.8819 114.936 170.326 93.7775 110.745 99.2398 89.5987 87.5404 84.1956 78.5701 112.746 134.185 78.5587 78.1622 78.0794 158.836 244.255 179.371 121.77 104.17 103.395 136.183 138.271 177.848 101.621 109.057 85.9979 125.86 84.4344 89.3019 80.789 87.6504 138.22 77.9368 77.7406 77.5577 77.2371 76.8581 76.4206 92.8835 122.262 82.4441 75.8126 89.9674 162.874 105.829 114.709 100.562 120.15 122.304 95.2213 75.6446 75.6339 84.1339 75.4299 75.1381 74.7263 73.9469 73.9394 130.48 72.8563 108.169 72.5605 98.9365 72.3159 72.2187 72.0664 71.969 135.421 168.403 71.9491 71.8055 71.626 132.817 130.665 96.2407 140.095 71.3922 121.905 71.086 70.7749 193.98 242.773 147.349
threshold=399.03000000000003 2978.5900000000006 49.500000000000007 516.50000000000011 9.5000000000000018 6.5000000000000009 913.61500000000012 6669.4150000000009 131.29000000000005 3.5000000000000004 1321.1800000000003 4.5000000000000009 1955.8800000000003 4.5000000000000009 55.500000000000007 3.5000000000000004 2.5000000000000004 4.5000000000000009 1.0000000180025095e-35 1.0000000180025095e-35 76.500000000000014 1.5000000000000002 12547.26 62.500000000000007 116.95500000000001 32.500000000000007 79.995000000000019 913.61500000000012 17.500000000000004 18.500000000000004 49.500000000000007 738.23500000000013 197.50000000000003 43.030000000000008 92.500000000000014 84.905000000000015 89.500000000000014 299.04000000000002 417.84500000000008 91.500000000000014 93.500000000000014 24.500000000000004 23.500000000000004 119.50000000000001 148.02500000000003 708.94500000000005 475.04500000000002 8.8400000000000016 8.5000000000000018 640.05000000000007 162.50000000000003 79.995000000000019 97.500000000000014 125.50000000000001 179.98500000000004 3.5000000000000004 13.500000000000002 5.5000000000000009 60.500000000000007 54.500000000000007 12.500000000000002 87.500000000000014 17.500000000000004 145.50000000000003 194.90500000000003 2.5000000000000004 11.500000000000002 3.5000000000000004 320.40500000000003 258.50000000000006 238.01000000000002 69.500000000000014 143.50000000000003 51.500000000000007 173.50000000000003 50.500000000000007 10.500000000000002 162.63500000000002 48.500000000000007 83.500000000000014 70.500000000000014 32.500000000000007 54.500000000000007 38.500000000000007 189.50000000000003 3592.0200000000004 232.24500000000003 250.03500000000003 148.02500000000003 268.36500000000007 22.500000000000004 17.500000000000004 58.500000000000007 131.29000000000005 146.50000000000003 314.04500000000002 2.5000000000000004 167.50000000000003 63.500000000000007 43.500000000000007 25.500000000000004 110.50000000000001 1581.8900000000001 77.500000000000014 30.500000000000004 9.5000000000000018 95.865000000000009 77.735000000000014 15.500000000000002 8.5000000000000018 336.50000000000006 270.50000000000006 340.50000000000006 52.500000000000007 21.500000000000004 257.02500000000003 13.500000000000002 22.500000000000004 41.500000000000007 95.865000000000009 26.500000000000004 2.5000000000000004 97.500000000000014 119.50000000000001 139.50000000000003 71.500000000000014 28.500000000000004 33.500000000000007 27.500000000000004 12.500000000000002 11.500000000000002 62.500000000000007 54.500000000000007 19.500000000000004 23.500000000000004 2493.0450000000005 303.50000000000006 209.50000000000003 35.500000000000007 1.5000000000000002 197.50000000000003 22.500000000000004 49.500000000000007 71.500000000000014 20.500000000000004 94.500000000000014 213.50000000000003 25.500000000000004 78.500000000000014 311.50000000000006 56.500000000000007 69.500000000000014 72.500000000000014 15.500000000000002 63.500000000000007 16.500000000000004 51.500000000000007 99.930000000000021 35.500000000000007 32.500000000000007 5.5000000000000009 2.5000000000000004 43.500000000000007 53.805000000000007 13.500000000000002 15.500000000000002 104.50000000000001 2.5000000000000004 37.500000000000007 232.24500000000003 1260.7950000000003 121.50000000000001 25.500000000000004 2.5000000000000004 17.500000000000004 32.500000000000007 28.500000000000004 1859.3400000000004 935.3950000000001 53.500000000000007 89.805000000000021 13.500000000000002 501.50000000000006 564.93500000000006 71.500000000000014 37.500000000000007 143.50000000000003 626.35000000000002 640.05000000000007 614.04000000000008 4.5000000000000009 35.500000000000007 2.5000000000000004 19.500000000000004 151.50000000000003 66.500000000000014 437.13000000000005 475.04500000000002 91.500000000000014 485.49500000000006 19.500000000000004 22.500000000000004 455.94000000000005 63.500000000000007 3.5000000000000004 328.49500000000006 37.500000000000007 19.500000000000004 44.500000000000007 62.500000000000007 87.500000000000014 202.50000000000003 22.500000000000004 37.500000000000007 43.500000000000007 82.500000000000014 109.50000000000001 654.24000000000012 61.500000000000007 54.500000000000007 189.50000000000003 68.500000000000014 553.67500000000007 49.500000000000007 15.500000000000002 62.500000000000007 21.500000000000004 723.65500000000009 66.500000000000014 11.500000000000002 312.50000000000006 52.500000000000007 45.500000000000007 13.500000000000002 197.50000000000003 326.50000000000006 62.500000000000007 32.500000000000007 738.23500000000013 42.500000000000007 397.50000000000006 26.500000000000004 155.80500000000004 23.500000000000004 220.04000000000005 22.500000000000004 39.500000000000007 54.500000000000007 33.500000000000007 65.500000000000014 110.50000000000001 145.50000000000003 307.38500000000005 38.500000000000007
decision_type=2 2 2 2 2 2 2 2 2 2 2 2 2 2 2 2 2 2 2 2 2 2 2 2 2 2 2 2 2 2 2 2 2 2 2 2 2 2 2 2 2 2 2 2 2 2 2 2 2 2 2 2 2 2 2 2 2 2 2 2 2 2 2 2 2 2 2 2 2 2 2 2 2 2 2 2 2 2 2 2 2 2 2 2 2 2 2 2 2 2 2 2 2 2 2 2 2 2 2 2 2 2 2 2 2 2 2 2 2 2 2 2 2 2 2 2 2 2 2 2 2 2 2 2 2 2 2 2 2 2 2 2 2 2 2 2 2 2 2 2 2 2 2 2 2 2 2 2 2 2 2 2 2 2 2 2 2 2 2 2 2 2 2 2 2 2 2 2 2 2 2 2 2 2 2 2 2 2 2 2 2 2 2 2 2 2 2 2 2 2 2 2 2 2 2 2 2 2 2 2 2 2 2 2 2 2 2 2 2 2 2 2 2 2 2 2 2 2 2 2 2 2 2 2 2 2 2 2 2 2 2 2 2 2 2 2 2 2 2 2 2 2 2 2 2 2 2 2 2 2 2 2 2 2
left_child=2 4 5 9 10 13 14 17 15 50 16 30 23 18 52 83 25 -3 28 35 29 207 -13 101 32 -2 55 166 -1 37 125 34 47 -34 41 -5 135 54 -36 46 103 225 43 160 72 212 -40 117 53 -48 51 -4 57 232 62 56 -20 -6 59 61 -61 86 76 157 206 122 204 -33 -15 71 -71 95 73 -44 109 111 -10 -78 -46 -80 -72 -66 138 -7 -60 -19 88 -88 90 -89 -26 -91 -93 -92 205 96 100 134 99 242 247 170 -103 104 -17 107 179 -106 -105 182 140 -76 184 114 119 116 -116 118 147 -53 -57 -122 129 -124 150 -9 -83 -128 -129 130 -21 132 133 -25 -97 224 137 203 -62 -24 -111 142 -142 144 146 -145 -144 -11 -47 -150 -50 -152 -153 -67 -94 -156 -112 -30 -159 -158 -28 -162 164 -164 -110 -96 167 -27 -169 -167 171 172 -8 177 175 -175 -176 -172 -174 180 181 -107 -52 -41 185 186 187 189 -189 190 191 192 196 228 195 -187 -59 -198 200 -200 -195 -202 -203 -81 -56 -63 -31 -12 -168 -210 211 -211 -18 215 -215 -214 -217 218 219 -216 -220 -166 223 -196 -14 -16 -90 -186 229 -194 231 -148 233 -49 -73 -173 -32 -190 239 -239 -29 -132 243 -98 245 -244 -247 248 -22 -233 253 252 -252 -84
right_child=1 7 3 19 6 8 12 11 20 24 21 22 36 68 31 40 45 85 26 65 69 -23 139 131 58 27 42 240 63 64 236 67 33 -35 38 -37 -38 -39 39 183 -42 -43 44 -45 78 148 49 48 124 -51 74 113 -54 -55 66 120 -58 112 84 60 82 94 -64 -65 81 153 -68 -69 -70 70 80 234 -74 -75 75 -77 77 -79 79 136 -82 126 250 -85 -86 -87 87 89 226 91 93 92 154 -95 165 97 98 -99 -100 -101 -102 102 -104 108 105 106 -108 -109 162 110 156 -113 -114 -115 115 -117 -118 -119 -120 -121 121 -123 123 -125 -126 -127 127 128 -130 -131 241 -133 -134 -135 -136 -137 -138 -139 -140 -141 141 -143 143 145 -146 -147 230 -149 149 -151 151 152 -154 -155 155 -157 159 158 -160 -161 161 -163 163 -165 221 169 208 168 -170 -171 173 235 178 174 176 -177 -178 -179 -180 -181 -182 -183 -184 -185 227 194 -188 188 237 -191 -192 -193 193 198 222 -197 197 -199 199 -201 201 202 -204 -205 -206 -207 -208 -209 209 210 -212 -213 213 214 217 216 -218 -219 220 -221 -222 -223 -224 -225 -226 -227 -228 -229 -230 -231 -232 249 -234 -235 -236 -237 -238 238 -240 -241 -242 -243 244 -245 -246 246 -248 -249 -250 -251 251 -253 -254 -255
leaf_value=0.032123270582981915 0.033949788056978868 0.037736202959845831 -0.00491688550453702 -0.0079870143095023202 0.033461326272013141 0.0020751984275645748 0.027569627818866328 0.032972315518320743 0.029063014083445693 0.020846513792655615 0.039550953023684284 0.039513238826779123 0.01907078588407574 0.039313910259301151 0.0026243784375893425 0.0058333564700329297 0.027945033280644568 0.033028863922340314 0.016937317289578365 -0.0017408586249521793 0.038732115052734176 0.032156976938134796 0.041364300376300366 0.019723812331345007 0.032050621642517076 0.0080838101313571945 0.025707950102036109 0.031363677453399887 0.0077981923251102493 0.00073846410238730402 0.032681129660164697 0.0053096719210989239 -0.00055900490711051527 0.028675730143939301 0.037474172130962102 0.0036468801180192731 0.015905545405758652 0.021757566501626906 0.0042324157282749731 -0.0049663597735808817 0.032748817750485194 0.0018620417739098945 0.026140117200770294 0.048092570341342712 0.0075197802154764815 0.029465043579604472 0.029641880077554986 0.021153681183401853 0.001676931974491733 0.0089300264316512501 0.0036149374577615209 0.016275241484085594 0.008418627094694927 0.00088606971325463294 0.0043396599603917271 0.0227421515806258 -0.0043848103889396872 0.01206255750552262 -0.010338656441723541 0.029616959450567353 0.027209986711621954 -0.00085099516840689412 0.037975214194064653 0.033705826548985782 3.6913599561530649e-05 -0.0037190406363370888 0.0051011541951033494 0.023648206164396907 0.02556234515558661 0.0098924733564831266 0.04447940995327862 0.011841749103325796 0.023695212100971356 -0.0082948194802669895 0.014743570666518329 -0.010074063401872098 0.0076953474899601332 0.022725317769603747 0.030391094204371232 0.016293060497890914 0.022172577254219377 0.016491978999009962 0.010912616425529969 -0.0089208393792629681 0.0075216945929349327 0.035738828758115418 0.03400164644473528 -0.0098236623980607046 -0.010155285359798337 0.03016098369696301 -0.0054576170333986889 -0.0038838453977952489 0.029820240448300783 0.017756621462951049 0.015089124369938809 0.001245402955188678 0.042069683565189864 -0.0015931011314106018 0.035800418965843614 0.008954386869273143 0.011953643576028569 0.0078451771614443735 0.028325359278610459 0.022539186150015073 0.015057023827175154 0.019998971252355099 0.0037529165515281329 0.04338935026503709 0.010115780484819648 0.0061764507934618483 -0.0046955445172960544 0.042296321627224104 0.032531195564849832 -0.010055963605926843 0.021218996009652887 0.028191500124221027 0.0015474648565357342 0.0014021502544451204 0.037099189702667693 -0.0019966711961483244 -0.0053110725327288289 0.018379774441567541 0.024726825990356149 -0.0052924586041632957 -0.006113907424604114 0.037957309780900624 0.00055682462459496855 0.007609324563096531 0.024159430182967737 -0.0065375228866440052 -0.0024191445202085722 0.0076542714838359442 0.025133779190314804 0.0023066371227854275 0.018514480657523438 0.033664719129252174 0.033236070602864508 0.00052133507958248204 0.0094529596394911895 0.040317302107235414 0.0010028995948578212 -0.0019773022630947628 -0.0038679984253447088 -0.010238738509104752 -0.0052907995691671436 0.012285464948518674 0.031823409296775365 -0.0036142853652366405 0.028395935775671274 0.012398083937865819 -0.0033381878350165657 0.027521459652320349 0.0073770791083449389 -0.0063371522405073974 -0.0060634475127127607 0.021139191331303448 0.0044216427671397492 0.036111957791135872 0.01833480880491058 -0.006756896758068464 0.032080001434125698 0.0083148075106096696 0.029392180677856233 0.0022511425394921296 -0.0024331796361103885 -0.0098448564882940275 0.03384509336456086 0.013946870954751309 0.032596388921337566 0.01343075158268211 0.031199783203574322 0.029311609316110619 0.031664802505980506 0.024488106371910331 0.032343928154343053 0.0084667056740723879 0.025960135969779485 0.021506474990708714 0.018541539305051567 0.018368905059042422 0.029485721958727423 0.0053066869839630704 0.015334295064775762 0.011738121968335971 0.030467580878183891 0.0069391929028901848 0.03371933305527415 0.037113913821928197 0.025118889433494336 0.0039731182055311185 0.034362271646799794 0.0016200102149016517 0.019944914272723796 0.0084132903509041585 0.016362248598252343 0.020730100754245369 0.038219432512309894 0.022270862555804859 0.019809309964088358 -0.0022085037292291208 0.025488080104133205 0.0014181649276520517 0.021038945753886158 0.030020551352948281 0.01756089253699427 0.010380850015744505 0.013436134060227714 0.034866417247145141 0.020877399413005541 0.02515250056126881 0.018805483263042967 0.038282562609229999 0.022333950000235032 0.034412821634312495 0.022501123602595052 0.0008262886380382584 0.019250350975308386 0.010190818071603673 0.018007805781171969 0.0038655540603152252 0.034554136882451285 0.013854408793984824 0.016159809191069952 -0.00028308394279459402 0.030374727651601676 0.014280195820970234 0.0040514105981110122 0.018052112205727621 0.016757963990265273 -0.0025809805360120881 0.035906105873973991 0.006026177728068802 0.031857023408441466 0.0066597051463447663 -0.0057243513374175114 0.017614357188553934 0.020280171113567579 -0.0010964222815874106 0.024147205356326799 0.021152088184589069 0.040521791809901682 0.019850531031695796 0.023346688444411515 0.013952373973726373 0.022946100421106931 -0.0004101314297134528 0.024088865656394707 0.045327934739143191 0.018198692542493664 0.02428237537427743 0.026197216751598997 0.005645494635916056 -0.0020320179648525079 -0.00091117366038179649
leaf_weight=668.13577045127749 2270.4687604531646 14561.19340723753 730.87861907109618 2888.7223769575357 105.51031669229269 603.06513730809093 573.72283853590488 586.0576491355896 59.996581308543682 32.631393402814865 551.35309229791164 18848.743760943413 79.283995792269707 267.64862114936113 66.73707365244627 545.97138959914446 458.77717809379101 2476.731105029583 147.82979759201407 2212.7748535498977 60.323593720793724 6360.2849028110504 32502.91190610826 168.63353410363197 37.921766754239798 101.53520032763481 1013.4478926099837 1087.6360867619514 56.22178627550602 198.43071275576949 136.33427384495735 45.528022579848766 31.461308538913727 64.712907906621695 42.748292662203312 138.16134740784764 83.391617998480797 398.41491506993771 49.187381505966187 54.658256463706493 30.039542909711599 203.49740241095424 27.422450728714466 45.069038942456245 56.649234496057034 2191.4968453720212 157.41271293908358 85.554247941821814 1058.5562423281372 52.4297209456563 1870.2618006952107 32.820213630795479 92.884900905191898 105.27729738876224 59.891797382384539 314.16236299276352 75.159905031323433 51.813970774412155 59.373590525239706 66.906881548464298 79.261147689074278 374.4237921833992 32.98746245726943 94.353839531540871 69.276164930313826 4433.0802771672606 268.15396017581224 317.87638837099075 118.487016312778 42.865731839090586 56.505429074168205 66.087969329208136 33.81452539563179 67.527371887117624 28.745072461664677 49.992921024560928 173.42280599102378 99.415336307138205 232.61748497188091 279.71415327489376 53.946961276233196 414.27249384298921 594.66180795803666 103.2426885664463 74.018462557345629 8222.6370459645987 43.075634080916643 28.584613028913736 46.367406893521547 39.657694265246391 32.797270864248276 46.156550757586956 32.403744764626026 47.033725328743458 111.86253609135747 36.468012347817421 39.015147518366575 50.253504782915115 44.43661281093955 192.21004229784012 45.620627000927925 70.317692302167416 56.265597775578499 35.368625286966562 40.251365996897221 83.551329128444195 210.54761476442218 35.227569110691547 109.09207672253251 493.23946024104953 575.09068641811609 33.169208496809006 86.338602460920811 43.357870861887932 37.0504838116467 33.94076294079423 87.086032032966614 37.172136265784502 33.757258493453264 196.34143529459834 30.980334434658289 61.708829395473003 33.263635735958815 32.576595898717642 105.47135623171926 5546.6045664474368 119.51571490615606 89.922275613993406 64.310620412230492 420.70714461803436 20.637356992810965 55.725737661123276 405.23003046959639 56.036429643630981 285.85408155620098 1551.7000314667821 39.940226957201958 38.577399916946888 51.605336617678404 18929.97514501214 1083.7823050990701 606.70611947402358 25.161584291607141 64.822450324892998 32.573881968855858 45.486380815505981 34.598107267171144 24.172164402902126 183.84060868620872 101.47658856213093 168.60154580324888 30.574063811451197 647.20636558160186 1829.0539176501334 36.704763293266296 56.286837827414274 255.00503920018673 47.058747246861458 217.72735001146793 85.417598225176334 41.119391068816185 86.360917508602142 25.201569758355618 34.376049939543009 278.82696502283216 31.389906719326973 205.82180083543062 65.215875953435898 159.04294344782829 23.93242209404707 1361.9350360110402 858.18224396556616 59.338658608496189 106.0108433291316 350.52151861786842 68.596014276146889 1158.2081201523542 128.70282960683107 607.29067743569613 268.2875753082335 28.936301290988922 248.46500182896852 57.864536013454199 52.790697049349546 183.45475738495588 66.858758747577667 176.85349359363317 75.048963718116283 736.62990736216307 49.791315168142319 45.483174309134483 47.458633653819561 33.197602368891239 54.077026009559631 48.942596159875393 811.44080017507076 79.455718599259853 192.21720619499683 33.408666826784611 36.160351313650608 310.51992976665497 48.655718289315701 152.18048446625471 54.456684939563274 225.96082287281752 71.280909687280655 62.097033701837063 4819.3632970824838 260.74884720146656 107.79999057203531 95.078509233891964 152.97760207206011 255.87722659856081 150.24299763143063 140.03772015124559 63.083561547100544 74.341323345899582 70.412211254239082 61.688122794032097 49.921546630561352 132.78584917634726 29.670629523694515 308.43183650076389 72.180245347321033 1759.7970677316189 445.39325125515461 154.73816423118114 87.894660763442516 64.974674396216869 92.215175792574883 24.742262404412031 81.791314523667097 23.618732113391161 114.21253580972552 33.371833276003599 72.704188220202923 104.59360993653536 62.487380765378475 203.63642216473818 70.145567066967487 130.99382823705673 38.942089561372995 43.348135329782963 35.77783191204071 230.28626702725887 89.074695572257042 29.238779559731483 42.002179563045502 72.328713085502386 29.206640835851431 160.80241066217422 148.00123102590442 36.346861019730568 125.79374652728438
leaf_count=3380 8187 24878 12302 56403 640 8997 3291 1420 485 411 1099 21084 470 845 700 6939 2748 7020 1449 38412 403 21300 21989 1365 375 736 6715 4136 596 2456 368 405 465 624 261 1914 575 3306 483 651 227 2287 224 187 525 10430 1092 1047 15668 461 29038 455 762 1517 762 2785 1055 449 832 606 692 5195 252 506 796 81062 2976 2345 529 418 279 636 254 831 362 848 2055 976 1587 2252 390 3936 6901 1709 837 17738 411 395 675 346 463 552 276 526 1344 361 274 535 312 1990 445 471 235 366 469 907 2650 272 1288 7330 9822 320 459 675 464 345 1286 548 343 2960 380 632 448 541 1653 8690 1350 923 574 7346 356 448 2529 511 2523 4897 222 361 553 15888 16988 9913 393 1060 541 610 400 372 855 616 2435 333 9075 34792 484 579 4026 220 1595 1459 252 846 266 453 3881 466 868 411 666 269 5745 4325 310 633 1589 506 5588 627 3912 3018 278 3313 822 505 1108 591 998 439 4683 456 202 468 258 508 388 6049 420 1377 276 363 2291 523 1223 331 2208 821 707 12681 1490 547 534 525 1744 773 914 575 521 537 428 433 645 319 2308 724 6950 4543 2010 606 544 948 262 1190 233 1614 395 432 514 606 1398 540 331 576 377 382 1965 1054 275 222 632 347 1567 1715 444 1676
internal_value=0.030327 0.0366577 0.00509005 -0.000263777 0.0288916 0.0170153 0.024944 0.0393928 0.0121579 0.00419555 0.0319217 0.0403018 0.0281403 0.0247862 0.0197768 0.00709841 0.0295728 0.0366308 0.0236795 -0.00463714 0.0156791 0.0336317 0.0405884 0.0263539 0.00744531 0.0316592 0.0216323 0.0294309 0.0286218 0.0134869 0.0371279 0.0149742 0.00535601 0.0191938 0.0128486 -0.00745063 0.0312865 0.0160705 0.01823 0.0157669 0.00944004 0.0097152 0.0232321 0.0256875 0.0196612 0.0270959 0.0208712 0.00479735 0.00419247 0.0246473 0.00165979 -0.00162377 0.0213625 0.0107881 0.0135546 0.0164367 0.00973104 0.0216303 0.00948639 0.0100219 0.0128161 0.00709107 0.0185282 0.0228386 0.0101058 -0.00369056 0.0101975 0.0214197 0.0352734 0.0189572 0.0277277 0.0179483 0.00796105 0.00188128 0.00235819 0.0124403 0.0163557 0.0133338 0.0217645 0.0229725 0.0342614 0.0122178 0.0118204 0.000433113 -0.000389482 0.0351187 0.0106655 0.0151823 0.00655774 0.011507 0.0163694 0.0145058 0.0105234 0.00819693 0.00354217 0.0188583 0.0207186 0.0141337 0.0181574 0.0168478 0.0286149 0.0270577 0.0173253 0.00904745 0.0104103 0.013111 0.0115882 0.0291881 0.00511707 0.0021415 0.00110156 0.0305224 0.0213209 0.00393961 0.00557595 0.0124921 0.00774137 0.0155615 0.0211095 0.000695119 0.020022 0.0104108 -0.00187698 0.0100083 0.00309959 0.0374935 0.0134261 0.00866425 0.0147952 -0.00217847 -0.00136199 0.0206602 0.0217671 0.0154825 0.0166112 0.0316522 0.0186403 0.0168807 0.0205307 0.0409807 0.00236241 0.00142509 0.00288433 0.00883955 0.0135157 -0.000808354 0.0167217 0.0104985 0.0287281 0.0228668 0.00362084 0.00603058 0.00837878 -0.00448712 0.0158827 0.0103952 -0.00235859 0.0194246 0.0217787 0.00156448 0.0247111 0.0164347 0.00371615 0.0144761 0.00209552 0.0102708 0.0261979 0.0214886 0.0273884 0.000167004 0.0272797 0.0256213 0.023449 0.0283942 0.0265785 0.0184177 0.0274908 0.0303995 0.0198159 0.0141739 0.0109443 0.00913152 0.00398735 0.00321387 0.0210725 0.0206713 0.0221361 0.0212653 0.024222 0.0185964 0.0191674 0.018525 0.0192106 0.0169102 0.0177039 0.0197098 0.0249095 0.0272171 0.0194663 0.00848334 0.0207654 0.0220143 0.0163957 0.0187251 0.0148749 0.000961311 0.00388236 0.0353637 0.0279947 0.0259225 0.029454 0.0331257 0.0242791 0.022532 0.0250838 0.018474 0.0109979 0.0218432 0.0238877 0.0177471 0.0295932 -0.000755319 0.0135071 0.00651817 0.0299141 0.0127969 0.000658898 0.0266441 0.00821886 0.00352277 0.0198308 0.0165817 0.0153611 0.0130648 0.00585256 0.0284485 0.02755 0.0232435 0.0189815 0.0107353 0.0324211 0.0121462 0.020025 0.0294634 0.0180581 0.0108387 0.00586097 0.0327257 0.0280471 0.0112631 0.0107049 0.0145006 0.0209745 0.0088375
internal_weight=172391 137818 34572.8 23861.4 35902.5 10711.4 15600.2 101916 6595.21 11813.5 20302.3 76655.2 9631.59 4116.19 5968.61 2710.12 8571.3 25260.6 3730.06 12047.9 3885.08 11731 70281.6 6157.42 5174.37 4637.32 2646.56 2366.85 1083.5 2336.07 6373.59 1488.26 2562.98 96.1742 1124.85 3026.88 3474.17 1318.24 409.227 366.479 2003.81 715.628 2016.72 1186 830.72 3933.98 259.03 2466.81 2339.07 209.842 6639.13 1161.48 4480.35 328.663 919.829 629.841 222.99 4387.46 2611.39 2478 1263.38 1214.62 365.822 415.362 1017.83 9021.04 554.007 363.404 386.136 1549.02 153.318 1395.7 128.764 94.9498 5477.66 111.907 332.835 272.838 701.955 645.306 110.452 757.297 1196.47 706.308 133.392 10699.4 601.728 282.87 318.858 239.794 117.753 211.21 171.552 79.831 612.89 1296.24 923.663 372.576 703.388 658.951 220.275 5471.8 126.583 1973.77 1461.24 915.267 839.788 75.4789 512.536 5365.75 3437.62 61.9143 4281.95 430.597 387.239 158.077 124.137 127.733 90.5608 229.162 406.852 92.6892 2758.9 65.8402 2010.41 6132.66 688.021 273.749 154.233 2693.06 2272.35 685.626 629.9 224.67 322.322 3390.78 412.688 372.748 130.866 51432.9 2522.11 2028.87 1422.16 338.383 228.074 110.309 195.5 56.8036 2476.81 285.317 1904.94 846.382 677.78 6262.13 125.395 92.9916 915.513 321.008 264.786 340.423 1140.93 127.48 477.167 59.5776 417.59 167.185 1148.22 325.794 224.259 55.3223 5345.21 2171.24 1240.35 3173.97 1683.34 174.607 1508.73 1490.64 666.629 629.24 360.953 332.016 1928.13 107.449 4195.62 3924.27 2616.41 2439.56 1147.95 1291.61 1241.82 1196.34 1148.88 825.39 1307.85 878.3 323.487 271.673 635.002 69.569 565.433 511.356 200.836 334.171 285.853 445.705 260.528 5370.72 822.427 616.605 355.856 260.778 1457.17 998.391 605.088 393.302 137.425 454.845 384.433 189.959 194.474 308.498 429.555 121.123 1839.08 512.13 201.106 271.349 190.387 125.413 170.338 145.596 223.386 199.767 99.4598 930.886 240.928 1072.9 336.269 132.633 1218.63 59.5794 466.741 74.793 391.948 161.662 118.313 174.654 132.652 110.998 1065.61 345.151 197.149 720.456
internal_count=781023 286066 494957 393416 166477 101541 91747 119589 72982 171566 74730 69953 45409 28559 46338 35352 39650 49636 27185 221850 37630 35080 58961 32517 67348 18431 20888 10244 6297 23762 10992 13733 36338 1089 10983 58317 12892 13020 3453 3192 24646 7530 14587 8000 6587 21219 2036 35249 33575 1553 104218 18487 32605 4411 9714 6301 2504 31843 31010 29341 14154 15187 3768 2917 10742 163533 5946 2750 1374 13868 1087 12781 1309 1055 85731 1530 3516 3031 5278 4753 669 7579 13548 10706 1669 24758 7092 3043 4049 2632 1364 2237 1891 989 8095 11750 8331 3419 6629 6317 1702 27664 706 24419 17846 10907 10166 741 6573 84201 54341 682 31203 6185 5510 2095 1750 1674 1126 3415 3797 1012 47679 989 29164 10110 6783 2847 1497 46690 39344 4853 4405 1876 2884 12317 3166 2944 1245 37877 39034 31704 21791 4803 3133 1670 2592 783 11901 1471 27511 11843 9408 115854 1339 1063 15307 2411 1815 5485 7813 1098 6207 719 5488 2079 5777 1813 1077 735 26958 12270 7513 14688 8316 1139 7177 6372 4222 7516 4498 4220 29860 1156 30744 29030 18970 17972 7666 10306 9850 9648 9180 6934 10060 6640 2246 1797 5184 639 4545 4037 1746 2583 2970 6016 3163 13780 3964 3096 1606 1072 9318 6570 3730 2840 1096 2957 2420 1347 1073 4200 3420 1112 7420 5243 2685 1714 1750 1206 2199 1937 2894 2661 1031 4757 882 7227 2544 1146 4467 932 4327 656 3671 1706 1329 1257 1035 1537 12303 3726 2011 8577
is_linear=0
shrinkage=0.01


Tree=21
num_leaves=255
num_cat=0
split_feature=5 5 4 5 4 4 4 5 7 5 4 7 4 4 3 4 4 4 5 8 0 3 0 8 5 3 3 5 7 3 4 0 4 4 0 8 5 3 3 4 5 3 7 0 3 5 4 3 4 4 4 3 5 4 0 3 3 3 3 4 3 3 3 3 3 4 3 3 3 3 3 0 3 4 3 0 4 3 5 3 4 4 3 4 4 3 3 0 3 3 3 4 3 3 3 0 4 4 3 3 3 3 0 3 3 0 4 3 0 3 3 5 3 4 8 4 0 0 4 4 4 3 4 4 0 3 0 5 4 4 5 5 0 3 5 3 4 0 0 3 0 4 0 4 4 0 4 3 0 3 0 4 5 0 4 4 0 3 4 7 0 0 4 3 3 3 3 3 3 3 3 0 3 0 3 3 3 3 3 0 4 4 0 3 4 4 0 3 3 3 0 0 0 3 3 4 0 3 3 4 5 8 3 3 8 8 4 3 3 3 4 3 0 0 4 0 4 3 5 4 0 0 4 0 3 3 0 0 3 3 0 4 4 4 0 4 0 3 3 3 0 3 0 0 0 4 0 5 3 3 0 4 0 0
split_gain=253479 27240.8 16152.8 3556.92 3512.65 3178.89 3080.57 1484.64 1456.24 814.939 705.809 620.004 597.427 578.904 479.766 594.229 336.283 306.646 301.244 294.204 277.498 268.48 274.334 235.742 225.005 214.825 193.583 175.066 174.879 171.886 162.019 191.904 160.073 210.79 159.818 153.226 149.505 148.565 187.871 140.626 131.885 129.901 127.968 141.042 125.134 122.942 122.424 122.259 120.547 153.417 119.929 116.847 116.284 123.868 117.694 115.952 114.35 113.271 255.02 184.236 112.536 110.223 109.678 105.155 104.844 103.466 102.681 100.106 96.6106 96.2332 150.719 96.1759 95.9185 214.954 94.9744 217.474 165.105 139.983 137.458 94.3692 92.0994 193.85 105.562 93.3075 91.2881 89.9401 88.5482 136.746 119.793 136.214 87.3877 86.0597 85.9078 85.0089 103.874 89.3343 81.8087 102.502 79.8741 87.5498 78.6546 78.4383 77.7241 77.106 80.5939 76.6823 76.4259 76.2666 75.5438 153.806 172.902 124.669 88.7452 81.0407 75.4032 75.2118 153.206 124.471 178.908 114.676 112.269 104.536 74.3684 74.3477 73.6473 73.3729 72.1885 70.0762 69.288 67.7198 66.7398 123.587 67.4385 93.181 66.6154 66.2826 65.6149 64.8985 136.28 101.616 93.9457 106.64 106.469 76.073 122.808 74.3663 109.668 66.7593 76.3952 83.155 64.8679 64.866 80.4963 120.12 68.188 181.157 92.3099 89.3276 250.228 63.995 63.7826 77.4 92.6023 66.71 63.5152 63.1018 62.3826 61.8209 61.6485 146.123 126.694 84.5828 61.417 68.4404 60.8835 60.668 196.25 75.3039 100.96 60.1545 59.6957 67.1112 59.4793 59.1865 73.723 59.0599 112.772 73.0693 63.9175 244.95 58.6908 58.5513 160.422 100.643 58.2114 58.2036 57.7928 56.9113 124.854 124.123 56.5913 63.6716 60.8043 73.3468 67.307 87.2658 56.3752 128.792 86.2963 56.0875 70.8697 65.1981 63.1212 63.6629 76.9423 98.3367 65.9385 55.998 93.0242 55.418 86.0266 55.3944 139.167 55.3614 55.1776 133.3 81.6703 135.392 63.6235 67.4378 58.0902 54.4824 74.7385 52.7628 52.5439 67.383 52.5428 224.376 169.722 52.4533 56.039 122.459 74.3079 72.8986 75.3911 52.1756 60.9084 51.9835 113.28 51.754 50.6972 59.4029 69.6963 107.654
threshold=3.5000000000000004 16.500000000000004 84.500000000000014 39.500000000000007 516.50000000000011 15.500000000000002 5.5000000000000009 6.5000000000000009 3.5000000000000004 9.5000000000000018 2.5000000000000004 3.5000000000000004 33.500000000000007 2.5000000000000004 233.50000000000003 59.500000000000007 117.50000000000001 47.500000000000007 27.500000000000004 1.0000000180025095e-35 26.500000000000004 33.500000000000007 10.500000000000002 2.5000000000000004 6.5000000000000009 278.50000000000006 179.50000000000003 12.500000000000002 3.5000000000000004 776.50000000000011 162.50000000000003 1.0000000180025095e-35 103.50000000000001 164.50000000000003 157.50000000000003 4.5000000000000009 1.5000000000000002 22.500000000000004 155.50000000000003 1.0000000180025095e-35 1.5000000000000002 4.5000000000000009 2.5000000000000004 2.5000000000000004 54.500000000000007 14.500000000000002 6.5000000000000009 35.500000000000007 44.500000000000007 34.500000000000007 2582.5000000000005 55.500000000000007 2.5000000000000004 91.500000000000014 18.500000000000004 81.500000000000014 135.50000000000003 173.50000000000003 230.50000000000003 248.50000000000003 193.50000000000003 65.500000000000014 8.5000000000000018 221.50000000000003 94.500000000000014 1.5000000000000002 13.500000000000002 88.500000000000014 131.50000000000003 97.500000000000014 119.50000000000001 1.5000000000000002 11.500000000000002 74.500000000000014 123.50000000000001 2.5000000000000004 77.500000000000014 57.500000000000007 2.5000000000000004 175.50000000000003 70.500000000000014 61.500000000000007 143.50000000000003 27.500000000000004 336.50000000000006 173.50000000000003 175.50000000000003 3.5000000000000004 147.50000000000003 137.50000000000003 13.500000000000002 6.5000000000000009 21.500000000000004 57.500000000000007 49.500000000000007 33.500000000000007 82.500000000000014 91.500000000000014 191.50000000000003 258.50000000000006 14.500000000000002 32.500000000000007 20.500000000000004 84.500000000000014 131.50000000000003 26.500000000000004 33.500000000000007 21.500000000000004 21.500000000000004 50.500000000000007 25.500000000000004 11.500000000000002 58.500000000000007 54.500000000000007 2.5000000000000004 33.500000000000007 9.5000000000000018 18.500000000000004 24.500000000000004 37.500000000000007 43.500000000000007 67.500000000000014 27.500000000000004 57.500000000000007 36.500000000000007 19.500000000000004 2.5000000000000004 4.5000000000000009 168.50000000000003 53.500000000000007 7.5000000000000009 5.5000000000000009 1.5000000000000002 93.500000000000014 1.5000000000000002 56.500000000000007 2.5000000000000004 72.500000000000014 77.500000000000014 43.500000000000007 165.50000000000003 276.50000000000006 183.50000000000003 264.50000000000006 208.50000000000003 7.5000000000000009 197.50000000000003 15.500000000000002 5.5000000000000009 22.500000000000004 208.50000000000003 7.5000000000000009 2.5000000000000004 25.500000000000004 20.500000000000004 14.500000000000002 7.5000000000000009 147.50000000000003 25.500000000000004 2.5000000000000004 23.500000000000004 28.500000000000004 58.500000000000007 83.500000000000014 163.50000000000003 123.50000000000001 391.50000000000006 15.500000000000002 25.500000000000004 24.500000000000004 34.500000000000007 4.5000000000000009 6.5000000000000009 21.500000000000004 5.5000000000000009 173.50000000000003 115.50000000000001 53.500000000000007 31.500000000000004 1.0000000180025095e-35 127.50000000000001 135.50000000000003 9.5000000000000018 55.500000000000007 28.500000000000004 61.500000000000007 21.500000000000004 58.500000000000007 115.50000000000001 121.50000000000001 4.5000000000000009 68.500000000000014 55.500000000000007 47.500000000000007 50.500000000000007 32.500000000000007 5.5000000000000009 316.50000000000006 137.50000000000003 50.500000000000007 11.500000000000002 2.5000000000000004 193.50000000000003 254.50000000000003 2.5000000000000004 4.5000000000000009 58.500000000000007 83.500000000000014 78.500000000000014 54.500000000000007 24.500000000000004 45.500000000000007 16.500000000000004 2.5000000000000004 35.500000000000007 6.5000000000000009 45.500000000000007 197.50000000000003 6.5000000000000009 20.500000000000004 2.5000000000000004 19.500000000000004 11.500000000000002 5.5000000000000009 48.500000000000007 34.500000000000007 41.500000000000007 20.500000000000004 59.500000000000007 69.500000000000014 34.500000000000007 428.50000000000006 401.50000000000006 35.500000000000007 1.0000000180025095e-35 23.500000000000004 11.500000000000002 40.500000000000007 82.500000000000014 159.50000000000003 33.500000000000007 38.500000000000007 12.500000000000002 76.500000000000014 108.50000000000001 125.50000000000001 11.500000000000002 9.5000000000000018 39.500000000000007 15.500000000000002 130.50000000000003 109.50000000000001 19.500000000000004 31.500000000000004
decision_type=2 2 2 2 2 2 2 2 2 2 2 2 2 2 2 2 2 2 2 2 2 2 2 2 2 2 2 2 2 2 2 2 2 2 2 2 2 2 2 2 2 2 2 2 2 2 2 2 2 2 2 2 2 2 2 2 2 2 2 2 2 2 2 2 2 2 2 2 2 2 2 2 2 2 2 2 2 2 2 2 2 2 2 2 2 2 2 2 2 2 2 2 2 2 2 2 2 2 2 2 2 2 2 2 2 2 2 2 2 2 2 2 2 2 2 2 2 2 2 2 2 2 2 2 2 2 2 2 2 2 2 2 2 2 2 2 2 2 2 2 2 2 2 2 2 2 2 2 2 2 2 2 2 2 2 2 2 2 2 2 2 2 2 2 2 2 2 2 2 2 2 2 2 2 2 2 2 2 2 2 2 2 2 2 2 2 2 2 2 2 2 2 2 2 2 2 2 2 2 2 2 2 2 2 2 2 2 2 2 2 2 2 2 2 2 2 2 2 2 2 2 2 2 2 2 2 2 2 2 2 2 2 2 2 2 2 2 2 2 2 2 2 2 2 2 2 2 2 2 2 2 2 2 2
left_child=2 5 6 12 11 9 36 16 21 10 37 30 18 29 15 27 20 40 136 28 56 22 62 24 66 55 34 108 159 -5 31 47 -28 63 52 91 64 127 61 -11 48 -24 69 167 72 60 130 -4 49 -10 -30 -14 53 54 -13 -15 68 84 59 -59 93 -39 134 -34 -1 -40 -12 90 185 135 -71 79 73 123 75 76 206 102 160 174 81 82 -58 85 137 -84 88 -88 89 -76 221 -20 -43 94 95 -17 -82 -98 -87 -100 105 -18 -77 -63 -105 -45 -85 219 111 110 -110 113 -113 -9 165 117 119 118 -92 233 -121 -119 -57 -19 -51 -41 -68 -2 180 -94 131 -25 -133 -134 -8 -21 -3 145 -139 140 141 -140 -142 144 -141 146 147 -32 149 -149 -86 -69 153 -153 155 156 -154 -156 -159 -6 163 -162 -163 -79 191 -114 179 -44 169 171 245 -55 173 -147 -38 176 177 178 -128 -16 -103 -182 -26 184 -120 187 -187 209 -189 -190 -180 192 249 -193 -52 -181 -80 198 -53 -200 202 -202 204 -204 -127 -206 208 -208 -46 210 211 -7 213 -212 215 -215 -216 236 -219 220 -64 222 -42 -186 225 226 227 -54 -226 -230 -227 232 -152 -117 -109 -236 -48 -238 -239 240 241 242 -172 -242 -245 246 -170 248 -112 -22 251 -173 -253 -254
right_child=1 3 4 13 19 7 8 14 17 39 23 26 51 25 166 45 101 44 35 42 164 -23 41 46 182 -27 32 -29 50 -31 57 -33 33 -35 -36 -37 71 38 65 125 67 92 43 100 74 -47 217 -49 -50 124 194 197 224 168 -56 122 80 58 -60 -61 -62 103 107 -65 -66 -67 126 151 -70 70 -72 -73 -74 -75 86 77 -78 78 196 -81 96 -83 83 106 150 98 87 -89 -90 -91 115 -93 129 -95 -96 -97 97 -99 99 -101 -102 128 -104 104 -106 -107 -108 234 109 -111 247 112 114 -115 -116 116 -118 121 183 120 -122 -123 -124 -125 -126 200 175 -129 -130 -131 -132 132 133 -135 -136 -137 -138 138 139 143 142 -143 -144 -145 -146 172 -148 148 -150 -151 231 152 154 -155 157 -157 -158 158 -160 -161 161 162 -164 -165 -166 -167 -168 -169 170 -171 239 250 -174 -175 -176 -177 -178 -179 190 195 181 -183 -184 -185 223 186 -188 188 189 -191 -192 193 -194 -195 -196 -197 -198 -199 199 -201 201 -203 203 -205 205 -207 207 -209 -210 -211 212 -213 -214 214 216 -217 -218 218 -220 -221 -222 -223 -224 -225 228 230 -228 -229 229 -231 -232 -233 -234 -235 235 -237 237 238 -240 -241 243 -243 -244 244 -246 -247 -248 -249 -250 -251 -252 252 253 -255
leaf_value=0.021037233591817701 0.027469752668806604 0.035021340477828428 0.02265391761426851 0.038814361443947003 -0.0059761463470547008 0.01506330960252775 0.011430256349481693 0.025154267547043634 0.01281228425586293 0.034220707865837641 0.033781872250014076 -0.0091080267977610447 0.014990124555853539 0.027551425813347411 0.03862250703397159 0.0074462352798823064 -0.0026158449282939855 0.016442270838349319 0.035672223644399093 -0.0017651028840348756 0.014853024505838797 -0.0059714156913158916 0.008376285833695719 0.023164319206671339 0.030375833592667118 0.037918522383616961 0.032269909775847136 0.028962367275037284 -0.0050368611850812794 0.040116273634733378 -0.0040202490610424888 -0.0041727743225159868 0.013043185694888541 0.033789429281180255 0.023801990853993572 0.036643315877610855 0.035151953730960236 0.030604745180092558 0.037050217417774291 0.038105500949359133 0.025959466085274458 -0.0042678754611459009 0.00091951072874067838 -0.0022928482257566401 0.034130249215564151 0.029684443256254887 0.01895352496557022 -0.0039943512393925355 0.023592414029280577 0 0.018966332868462148 0.030987735692755938 0.0073522471949371082 -0.0043175037024729837 0.0057040443049630211 0.036091420678762323 0.031764334856279185 0.0012081056215495654 -0.0065901456960225559 0.035396791730007669 -1.422400074336617e-05 0.021337433291802817 0.019824329666273694 -0.010048493970763598 0.0038824168268339512 0.025873218319600131 0.026646360642775986 0.028083843552399068 0.0023481593443954677 0.023997475463376133 -0.0052656216820680035 0.022690394019140799 0.0068690111932384872 0.039171588230531622 -0.001934474510902379 0.012505081999466924 0.040478679039494328 -0.0028018179481821117 0.0033284282688639728 0.039877219036754306 0.00058261697021826835 0.038419247474855263 0.01429906471393712 0.0060134579081831049 -0.00032865030200471073 0.039136922275151552 0.00093045141613204636 0.022787543602139037 -0.010293298226290534 0.021811972627770057 0.013087518186512362 0.031547674883710179 -0.00061787047365817742 0.018988303898264416 -0.0030672155815824149 0.021740888259141587 0.029704844800733796 0.0067681893719616186 0.013387330431378694 0.031240214248195945 -0.0071039486592946932 0.0042602416299517614 0.036414757974092854 0.029458971104352895 0.020512533775185773 -0.0053709768339534648 0.018179612840511509 0 0.031256968108235222 0.02981764581764549 0.017302957002710402 0.02861683548404096 0.025094137134540052 0.015486709365184613 0.00859698054738222 0.021383829831242592 0.012522124952957486 0.015477047745392575 -0.00096264337445924834 0.010367878963850068 0.02672412795424706 0.030787138329218557 0.029155301157936759 -0.0048424599567544312 0.013000019569532084 0.029900409383741403 0.01488672329808277 0.037017381003761542 -0.001748756318009054 0.0141722376946981 0.020537044961338426 0.03931881719875846 0.032452863870046013 0.018598763956750045 0.024984288070448668 -0.0084753906316372678 0.033484959804642597 0.020925093517750737 -0.0039705122710660149 0.0009767908732165138 0.017058489601669443 0.0082500362104726728 0.0035591574437941653 0 0.02878884948240143 0.025147118391065676 0.0027229968458405947 0.026039936551661674 0.025444038821745139 0.0059904731956113479 0.0052320763081897944 0.011746210502806817 0.012577153249598568 0.031382585316333395 0.027545700457328702 0 0.031990916616247166 0.035322123610163084 0.0018138069425423201 -0.0090919733977432443 0.025478387011219773 0.018071255016662707 -0.00081495089511761972 0.0080434444936890743 0.0114041816420006 0.011695021692608266 0.026315701316297249 -0.0039541999539083874 0.012702675166084544 0.027676783877402605 0.010213889406238469 0.0029498923147126873 0.00064233536137886169 0.0021251175893474122 0.025865554992971083 0.0099013210238727729 0.033455046679123836 0.014786415068478727 0.016962317154814603 0.028238839905766089 0.02991641715458293 0.011265134612072193 0.023895766967237653 -0.0033949215412574312 0.0041050178945119383 0.015631170866331073 -0.0021973721921371954 0.020938266530846097 -0.0028649263294630201 0.022195303929530501 0.03124373584323633 0.022623402413396596 0.0090632951813213805 0.043423222351232971 0.00019032231872977644 0.034766600547651468 0.018908072459448737 0.03384781334224312 0.025873759173870227 0.012547777946245342 0.030210966944497077 0.032684860418447287 0.036422073761485638 0.027777464811437901 0.020904316969159464 0.028728148527335805 -0.00012109836886478838 0.023057727364194251 0.01216153167181234 0.0076727265383624271 0.021919502800692877 0.0034054332872907444 0.024709411311128599 0.0075001745849019507 0.00062205877028243179 0.026416570933668532 0.014171061232264311 0.033343898868422282 0.017191837207133093 -0.0013255375597329587 0.0015071049663809327 0.026823523879697206 0.0064710957014349306 0.021034594445943102 0.022714647865644377 -0.010252373484203985 0.0023188815753831709 0.031927811085431024 -0.0015886835177031373 0.013272009251339478 0.0082945718070281289 -0.00031851062609302864 0.026485560085221335 0.03878308894601231 0.0049260758812905208 0.020546188560230522 0.0069139008187258811 0.037222663628115826 0.016572394440923083 -0.0055712864051763863 -0.00050998625815235478 0.0066943512651819574 0.029857199096658738 0.015613573312839442 -0.0018418149762517346 -0.005200664522011028 -0.0014372506217138899 0.021270841224772945 -0.0033333448614858143 0.025479702662893577 -0.0039391890819000614 0.0025808289610679031 0.029006741988818491 0.011111991046491616
leaf_weight=633.95395993441343 136.40634956210852 6541.2650448158383 44.532197050750256 36043.036554731429 1148.3241080194712 280.44821915775537 123.54204846546054 2721.3439979180694 755.87720143422484 2014.2956341803074 104.12522310763597 108.42903184890747 79.663423590362072 223.71331660449505 218.69487140327692 97.719532914459705 57.616981454193592 32.344616826623678 1432.2573297396302 2533.0059836246073 63.764287296682596 296.72775453329086 151.8900720924139 441.42836838960648 1509.2775225862861 16710.94717399776 51.904310144484043 1685.3602271974087 84.684521183371544 18954.974344991148 25.74399608373642 691.31634673848748 37.282029025256634 25.91567462682724 51.898201029747725 12133.435798212886 103.75103951990604 1264.9568227156997 516.86658004671335 189.69992755353451 73.350165598094463 410.10369943827391 614.65443650260568 1231.534978825599 42.738209880888462 73.21603412181139 1063.1379473246634 25.587243802845478 79.061068944633007 170.80792804434896 45.1592619381845 445.102180570364 58.012543939054012 50.488309651613235 101.78816866129637 5363.5526741370559 88.08516326919198 24.830848548561335 43.088161610066891 45.129347655922174 41.318047322332859 330.63890513032675 38.634328223764896 37.416382905095816 40.349159721285105 134.01951388269663 366.88478396087885 77.052253715693951 44.428704347461462 33.988925322890282 32.426151257008314 673.13891083747149 1019.1700128465891 29.121775042265654 53.190420977771282 31.561674904078245 43.33706496283412 117.46600619703531 31.1711310967803 73.315720297396183 38.471609018743038 75.936060562729836 76.974427942186594 70.180792734026909 1588.2208066880703 53.326210372149944 50.913016438484192 66.985151246190071 50.147401824593544 40.813395150005817 1011.4487668387592 1288.5804571583867 77.429576732218266 516.9672826230526 39.721280571073294 87.336752682924271 39.855633676052094 41.95502632856369 61.020768567919731 63.542237974703312 1479.4086834453046 49.47234895080328 30.899772685021162 625.99717085808516 156.84703223407269 2466.276643268764 270.9062589481473 28.838541582226753 99.53552570194006 792.33554899692535 68.475907519459724 67.295407392084599 94.763892360031605 107.39192995429039 113.08073632419109 46.053248252719641 360.17653541266918 278.47097880393267 62.867834709584713 107.01493423432112 76.097400769591331 57.349932290613651 230.43019239604473 29.055251196026802 56.824063897132874 1127.7011043578386 122.01597341895103 581.07922667264938 34.73118956759572 48.119789112359285 257.58450201153755 104.40715135633945 184.74816292524338 85.824621692299843 58.365152537822723 155.59390729293227 10640.952267497778 52.110927909612656 255.93215932324529 25.290951728820801 76.380714979022741 96.604040078818798 248.19006976112723 28.727723266929388 45.19467544183135 19.899921163916588 886.232137568295 23.506911631673574 36.775626167654991 137.41444317996502 56.970239944756031 310.45677405968308 57.22596861794591 34.73318774625659 202.06515276804566 55.030889447778463 52.015016175806522 34.777563355863094 58.886075589805841 1709.8884215801954 28.058823961764574 41.006500512361526 62.726255781948566 104.89172439277172 46.0584921464324 70.809885524213314 237.63109013438225 445.81664991006255 44.564900565892458 38.517923954874277 50.002431478351355 88.967845432460308 1664.9529173336923 35.14365753158927 820.7032547518611 56.585056141018867 118.88200720399618 270.19545874372125 52.915484983474016 410.96483780443668 32.299013961106539 61.015354987233877 224.93854742497206 83.334108542650938 39.775741226971149 535.72435080632567 36.450220536440611 1111.4765604548156 57.198173072189093 113.76768667623401 129.03466706350446 67.217765986919403 75.319546990096569 49.094141520559788 27.14653130993247 377.03067926317453 153.37631433829665 210.37898353487253 332.48292084783316 100.2813032194972 2915.0724867656827 2947.6089913919568 299.16529875248671 243.76839822530746 305.95592878758907 386.39949490875006 44.116684373468161 48.322625543922186 38.544049452990294 80.547095093876123 165.78141792118549 62.258652918040752 161.80501369386911 48.218631394207478 64.863956704735756 76.468144863843918 83.811595611274242 98.294582277536392 73.612179026007652 132.09033269435167 74.157683730125427 96.343073152005672 78.174857132136822 41.873380705714226 62.61621943116188 49.478784535080194 57.614557515829802 37.985723856836557 34.672493200749159 183.52870791405439 22.818770252168179 60.634658116847277 23.261896882206202 54.055887643247843 47.7761588729918 77.337115529924631 58.246454171836376 119.14988485723734 70.413130253553391 33.749987650662661 211.84758028015494 1059.4292054995894 36.336290549486876 68.567073244601488 36.036337234079838 142.69468311965466 84.222510661929846 68.784184761345387 40.676974728703499 852.57930802926421 25.189417075365782 56.867758683860302 44.885196212679148 153.96630971506238
leaf_count=5613 598 14180 508 36110 22001 2250 1531 14842 8862 5565 490 1612 477 712 655 869 717 343 2793 43956 536 4621 2047 2845 6737 18430 444 6511 1309 12707 398 11235 437 231 560 19423 358 5173 1664 516 557 6433 10373 22462 323 356 7306 392 831 2292 564 1627 700 715 1367 8420 544 362 686 482 346 1722 407 531 462 620 1994 552 415 448 541 4983 12744 253 678 362 353 1603 346 275 384 397 596 606 26063 253 594 626 690 399 9975 3335 1152 3542 398 663 268 421 469 348 28557 552 256 2829 833 46183 1990 386 509 3710 481 301 435 729 758 410 3747 2734 731 1097 639 433 738 399 668 4432 873 1460 399 653 1380 373 910 542 483 2744 27311 677 4123 353 1046 1447 3737 421 513 265 13612 272 451 1983 855 3107 519 276 1526 582 353 202 622 34080 273 408 821 1285 354 401 1046 8285 568 445 635 1245 26309 556 5147 420 631 1978 357 1676 270 631 1226 970 439 4822 406 8193 566 807 774 593 747 249 382 1410 1457 598 1215 584 10163 9190 945 946 1542 1474 571 462 396 726 1144 581 1179 433 670 571 724 492 435 1891 989 831 814 409 596 689 749 359 443 1958 272 943 299 373 614 955 508 621 511 506 3007 14121 409 803 502 2139 1224 376 382 6032 360 818 492 2046
internal_value=0.0294772 0.035142 0.00399089 0.037517 -0.000991782 0.0271492 0.0141425 0.0233433 0.0112341 0.0297023 0.0275086 0.00358217 0.034764 0.038695 0.0260473 0.0249722 0.0191512 0.0132902 0.0350245 -0.00457675 0.0197073 0.00254955 0.00455725 0.0251924 0.0271756 0.0373006 0.00720232 0.0261051 -0.00728343 0.0392647 0.00175903 -0.00255308 0.0181793 0.0103255 0.00662827 0.0361181 0.0242469 0.0308979 0.02983 0.031643 0.0148184 0.000263149 -0.00366669 -0.00446063 0.0101967 0.0170728 0.0228771 0.01295 0.0116589 0.0106436 0.00291444 0.0275621 0.00630609 0.00538319 -0.00190267 0.0355114 0.0183667 0.00235852 0.0121993 0.0237721 0.0158083 0.0284238 0.00960555 0.00138579 0.02004 0.0348505 0.0237235 0.0158104 0.0173603 -0.00186355 0.00982778 0.0259127 0.00778798 0.0176543 0.0126427 0.0143392 0.0229616 0.0111436 0.00940197 0.0280269 0.0216506 0.0229758 0.0211398 0.0194517 0.00214571 0.0241988 0.00723935 0.0136052 0.00184953 0.00851091 0.0147225 0.0337471 -0.00204142 0.0167008 0.0112746 0.0144063 0.0129568 0.0185037 0.0282203 0.0229232 -0.00514155 0.00731686 0.0252512 0.0258867 0.0277361 -0.00435032 0.0157551 0.00657228 0.0249551 0.0274879 0.0206336 0.0240817 0.0180546 0.024802 0.0152824 0.0140498 0.0170347 0.0128042 0.0112831 0.0226102 0.0174345 0.018288 0.035818 0.0063773 0.00334969 0.0310168 0.0227178 0.0352975 0.0105896 0.00510573 0.0255769 0.0271007 0.0315607 0.0282638 0.0160579 -0.00216317 0.0340744 0.00304051 0.0055093 0.00441055 0.00298464 -0.000565911 0.00685157 0.013792 0.0192499 0.00231082 0.00432958 0.0105767 0.0125488 0.00926433 0.000245531 0.0188004 0.0178322 0.0139202 0.0206732 0.0149781 0.0223199 0.0236813 0.0148384 -0.0078487 0.00565869 0.0111388 0.00675697 0.00229569 0.0240777 0.0196315 0.031853 -0.00112355 0.00607672 0.00937557 0.00520496 0.00755184 0.000999071 0.0112134 0.0269922 0.0207159 0.0215535 0.0189643 0.0225244 0.0330954 0.0136426 0.0183181 0.0295696 0.00318555 0.0070429 0.0175867 0.0144743 0.0183412 0.0200197 0.0138172 0.0273743 0.0245741 0.0236217 0.032073 0.0122465 0.0314549 0.0163941 0.028444 0.0270637 0.0228808 0.0308429 0.0314672 0.0292644 0.0326753 0.0282067 0.0253553 0.0181238 0.0121214 0.024375 0.0161948 0.0168939 0.0130065 0.0190437 0.0168309 0.0135717 0.0194141 0.00841301 0.0208831 0.0267622 0.00300785 0.00810445 0.0205419 0.0161854 0.0132022 0.0106855 0.00681937 0.0120564 0.0176318 0.0136901 0.0108722 -0.00419824 0.00670318 0.0120101 0.0314525 0.0120666 0.0148315 0.020065 0.0246032 0.0298574 0.00634516 0.00663427 0.00766822 0.0190829 0.00283462 0.00958457 -0.00104187 0.00349862 0.014354 0.00960105 0.0247851 0.00921341 0.0102206 0.0126689 0.0154496
internal_weight=175571 143642 31928.7 110731 21417.3 32911.3 10511.4 13223.1 8166.17 19688.2 9258.51 9409.37 33204.4 77526.7 8030.45 6786.13 5192.67 6601.16 32036.5 12007.9 4957.54 1565.01 1268.28 5511.7 2954.85 22528.6 3147.7 5929.85 3015.2 54998 6261.67 761.436 152.518 100.614 2995.18 14854.3 2345.21 3746.81 3029.33 10429.7 4411.2 687.543 8992.71 6237.69 2189.96 856.279 2556.85 70.1194 1062.57 983.509 156.99 1167.91 2943.28 2436.55 210.217 5817.7 3803.5 5500.24 113.048 69.9602 783.063 2378.44 580.741 74.6984 674.303 650.886 1220.64 3348.63 2923.25 2755.01 66.4151 1670.91 1109.69 90.5216 1080.27 818.217 217.059 601.158 538.697 997.77 880.254 759.972 684.036 595.951 5387.19 254.864 262.049 117.898 144.151 94.0038 2466.39 2720.84 535.653 741.745 224.778 185.056 120.282 81.8107 177.889 124.563 5177.22 235.135 62.4614 1113.48 782.844 3697.81 341.087 398.834 4244.49 1069.81 277.473 3174.69 345.95 2828.74 278.655 2218.52 643.398 1575.12 1239.3 283.221 183.112 335.821 5593.98 61.3999 227.632 8415.37 1116.51 717.486 177.518 125.549 1073.99 816.408 374.98 270.573 181.907 2688.6 17182.2 3658.1 828.431 776.32 677.107 352.536 324.571 99.2134 70.4856 2829.67 1109.67 223.441 197.697 160.921 1729.09 882.243 805.191 345.19 460.001 164.272 109.241 295.729 93.6636 2858.21 354.149 131.792 103.733 222.358 1154.03 165.574 1244.32 1060.47 2226.33 458.883 1767.45 420.365 1720 55.0436 924.454 749.629 693.044 574.162 303.966 1006.69 142.787 93.3144 1734.22 227.851 144.517 2878.82 572.175 2306.65 1282.44 170.966 181.95 1107.98 991.663 116.312 72.3058 787.996 184.547 1088.25 877.866 432.764 8225.67 5862.68 2362.99 542.934 1820.06 692.355 173.722 92.4393 81.2823 1024.2 943.656 342.707 600.949 439.144 273.362 124.687 148.676 1482.85 171.907 244.882 112.792 247.868 151.525 81.6491 506.728 225.91 153.613 95.9983 280.817 218.201 72.2976 140.867 80.2321 100.109 153.952 125.113 1310.95 247.809 189.563 1495.97 1462.22 1145.77 86.3387 316.451 104.603 271.482 128.787 177.937 109.153 916.344 369.877 344.687 255.719 198.852
internal_count=781023 310974 470049 148660 360856 162314 109193 81239 92355 81075 46302 138971 71543 77117 40396 35609 40843 70193 67042 221885 38274 22162 17541 31403 15480 28300 40983 29435 58336 48817 97988 12135 1643 1199 39340 25551 16838 14899 12841 34773 44551 10285 163549 115860 25642 6174 15923 900 12653 11822 2255 4501 38780 33014 2979 9870 29763 85853 1530 844 5818 10557 7256 968 6075 2284 7517 31898 23487 47689 989 10763 13739 995 11903 8916 2105 6811 6193 5780 6276 5203 4806 4262 84323 1666 2987 1220 1767 1077 24159 6128 8238 5472 1930 1532 1073 689 1070 817 97202 2569 618 5384 3662 68645 2596 5242 22924 5458 1748 17466 1895 15571 1594 21957 6266 15691 12524 2519 1736 3167 9158 742 2960 29208 7027 2058 1852 1805 6050 4670 1825 1452 2014 46700 41491 56163 12317 11640 10353 5570 4783 1287 866 43846 16716 3104 2706 2255 28160 7739 7187 3383 3804 1454 872 2350 824 56081 4390 1502 1229 2888 8511 836 4787 18658 30035 6121 23914 5676 27130 821 5505 5033 4613 3982 2004 3741 1453 901 7963 2549 1579 23072 5228 17844 9566 1373 1131 8157 7315 842 946 3086 1803 4024 3426 1799 28692 19353 9339 1891 7448 3016 1752 1033 719 8278 7552 2831 4721 3542 2398 1004 1394 9873 927 3287 1396 2202 1371 848 5766 2769 1808 1059 2997 2401 961 2097 1154 783 1955 1569 8946 1640 1132 19983 19477 15165 1044 4312 1305 3931 1792 1239 863 6568 4961 4601 3356 2538
is_linear=0
shrinkage=0.01


Tree=22
num_leaves=255
num_cat=0
split_feature=6 6 4 4 4 4 6 6 6 7 6 8 6 8 7 4 4 4 4 8 6 3 4 6 1 4 1 6 6 1 6 3 6 1 3 6 8 3 1 6 6 4 1 4 7 4 3 6 1 6 4 6 6 6 1 4 6 6 3 1 3 1 4 1 6 7 6 3 8 6 3 1 3 1 6 1 4 3 3 3 1 4 3 3 4 6 6 6 6 3 3 6 4 1 4 7 3 3 3 1 6 6 1 6 8 3 1 1 4 3 3 6 1 6 1 6 4 3 3 3 1 1 1 3 3 1 1 4 3 1 3 6 1 3 3 6 4 1 3 3 3 1 4 4 3 4 4 4 6 1 4 3 3 1 3 3 8 1 3 3 3 4 6 3 1 1 4 6 4 1 6 4 6 1 1 6 6 3 8 4 8 3 6 4 6 6 3 3 3 6 3 4 6 1 3 3 4 6 6 1 3 6 4 3 1 1 1 1 3 3 6 1 1 3 4 3 8 1 6 3 1 8 1 3 1 6 6 3 3 3 4 1 1 1 3 3 3 4 3 3 6 6 6 4 6 6 3 4 3 3 4 6 3 3
split_gain=244289 26516.9 20372.1 4466.69 3669.53 3587.3 2350.74 2279.01 1069.74 903.295 708.274 578.639 464.414 403.35 388.659 384.86 367.394 327.167 319.977 315.614 248.639 242.652 238.05 202.588 195.1 192.805 189.592 188.829 186.056 182.354 180.629 180.154 178.797 174.88 195.137 172.721 170.305 167.921 165.375 165.168 162.127 214.369 159.449 156.853 153.126 178.834 204.585 150.598 159.124 147.205 146.266 209.936 143.706 143.464 140.584 140.557 137.418 135.631 165.466 134.288 184.036 186.032 143.773 133.657 133.014 126.71 122.802 120.652 116.954 112.076 110.191 442.457 109.75 138.998 135.422 137.893 106.743 105.471 105.389 140.454 129.606 105.086 104.849 104.133 101.781 101.429 175.68 171.267 151.483 143.471 134.037 105.298 103.66 99.1429 144.993 99.0033 150.349 98.5945 168.404 199.003 159.891 123.04 114.861 97.974 152.863 139.607 132.818 147.836 125.855 97.5531 124.325 104.947 97.536 116.412 96.9093 96.013 94.1643 94.0907 93.8764 144.487 93.6262 112.899 93.1963 134.151 90.7087 89.5627 128.007 91.6708 89.0457 88.0891 111.041 104.41 86.7478 86.2969 85.2403 124.247 85.2108 98.6416 152.708 149.088 137.695 135.651 123.31 84.9193 84.7187 103.511 91.4726 186.596 84.4397 84.3738 84.3103 83.7926 83.3151 82.6552 142.596 82.2826 94.3961 80.2541 79.6273 221.409 144.604 105.414 82.6158 152.609 79.1151 77.6934 77.5169 101.017 92.4588 76.6631 76.9691 76.0854 75.4916 75.3353 143.496 125.055 142.745 123.084 106.405 89.9678 144.232 108.137 125.91 100.725 89.8902 136.245 88.5106 103.453 80.9335 75.0335 103.063 74.6889 74.4408 74.0081 93.1038 74.2983 73.9293 73.385 74.274 73.1368 73.0015 104.868 125.97 72.9961 72.5391 71.9008 80.7503 148.143 97.414 107.463 92.4842 108.924 113.745 85.7643 71.8506 71.8186 231.04 131.132 70.061 100.138 159.75 82.3246 96.3153 92.7913 84.9336 79.2694 77.7719 69.4378 174.896 86.8073 98.6238 69.35 84.2259 111.134 72.6335 69.3371 68.9618 67.6837 100.074 67.5976 67.3461 67.2978 175.796 109.916 81.909 77.0231 67.0919 67.0483 66.9449 91.4972 66.877 239.265 122.907 94.3551
threshold=399.03000000000003 2978.5900000000006 49.500000000000007 516.50000000000011 9.5000000000000018 6.5000000000000009 6669.4150000000009 913.61500000000012 131.29000000000005 3.5000000000000004 1321.1800000000003 4.5000000000000009 1955.8800000000003 4.5000000000000009 3.5000000000000004 55.500000000000007 2.5000000000000004 6.5000000000000009 1.0000000180025095e-35 1.0000000180025095e-35 14765.125000000002 76.500000000000014 1.5000000000000002 116.95500000000001 32.500000000000007 62.500000000000007 18.500000000000004 220.04000000000005 913.61500000000012 17.500000000000004 738.23500000000013 197.50000000000003 84.905000000000015 32.500000000000007 82.500000000000014 43.030000000000008 2.5000000000000004 92.500000000000014 24.500000000000004 343.34000000000009 417.84500000000008 91.500000000000014 93.500000000000014 89.500000000000014 3.5000000000000004 2.5000000000000004 18.500000000000004 8.8400000000000016 8.5000000000000018 475.04500000000002 162.50000000000003 79.995000000000019 708.94500000000005 640.05000000000007 97.500000000000014 125.50000000000001 112.74500000000002 162.63500000000002 13.500000000000002 60.500000000000007 54.500000000000007 13.500000000000002 87.500000000000014 5.5000000000000009 3592.0200000000004 2.5000000000000004 194.90500000000003 145.50000000000003 3.5000000000000004 320.40500000000003 173.50000000000003 50.500000000000007 258.50000000000006 69.500000000000014 314.04500000000002 70.500000000000014 56.500000000000007 38.500000000000007 49.500000000000007 61.500000000000007 21.500000000000004 54.500000000000007 189.50000000000003 32.500000000000007 146.50000000000003 232.24500000000003 148.02500000000003 250.03500000000003 268.36500000000007 14.500000000000002 22.500000000000004 131.29000000000005 58.500000000000007 8.5000000000000018 336.50000000000006 3.5000000000000004 8.5000000000000018 77.500000000000014 30.500000000000004 9.5000000000000018 95.865000000000009 77.735000000000014 15.500000000000002 314.04500000000002 2.5000000000000004 167.50000000000003 63.500000000000007 43.500000000000007 25.500000000000004 52.500000000000007 21.500000000000004 257.02500000000003 110.50000000000001 1581.8900000000001 13.500000000000002 95.865000000000009 69.500000000000014 139.50000000000003 97.500000000000014 119.50000000000001 12.500000000000002 11.500000000000002 22.500000000000004 41.500000000000007 61.500000000000007 28.500000000000004 33.500000000000007 31.500000000000004 340.50000000000006 62.500000000000007 42.500000000000007 1619.0550000000001 23.500000000000004 15.500000000000002 83.500000000000014 244.74000000000004 197.50000000000003 22.500000000000004 49.500000000000007 71.500000000000014 94.500000000000014 20.500000000000004 213.50000000000003 16.500000000000004 51.500000000000007 57.500000000000007 152.50000000000003 160.50000000000003 2493.0450000000005 35.500000000000007 270.50000000000006 25.500000000000004 51.500000000000007 78.500000000000014 311.50000000000006 10.500000000000002 2.5000000000000004 32.500000000000007 42.500000000000007 34.500000000000007 51.500000000000007 25.500000000000004 150.03500000000003 11.500000000000002 16.500000000000004 14.500000000000002 43.500000000000007 53.805000000000007 13.500000000000002 15.500000000000002 232.24500000000003 501.50000000000006 564.93500000000006 34.500000000000007 71.500000000000014 626.35000000000002 640.05000000000007 145.50000000000003 2.5000000000000004 19.500000000000004 4.5000000000000009 91.500000000000014 485.49500000000006 25.500000000000004 437.13000000000005 475.04500000000002 39.500000000000007 20.500000000000004 26.500000000000004 99.930000000000021 35.500000000000007 31.500000000000004 328.49500000000006 13.500000000000002 33.500000000000007 28.500000000000004 37.500000000000007 143.03500000000003 69.905000000000015 19.500000000000004 53.500000000000007 89.805000000000021 13.500000000000002 21.500000000000004 68.500000000000014 22.500000000000004 37.500000000000007 43.500000000000007 82.500000000000014 109.50000000000001 654.24000000000012 61.500000000000007 54.500000000000007 189.50000000000003 62.500000000000007 104.50000000000001 2.5000000000000004 37.500000000000007 1260.7950000000003 121.50000000000001 25.500000000000004 2.5000000000000004 17.500000000000004 32.500000000000007 28.500000000000004 1859.3400000000004 935.3950000000001 97.500000000000014 94.500000000000014 112.50000000000001 154.50000000000003 44.500000000000007 62.500000000000007 87.500000000000014 202.50000000000003 197.50000000000003 26.500000000000004 312.50000000000006 52.500000000000007 110.50000000000001 723.65500000000009 49.905000000000008 27.910000000000004 38.500000000000007 9.9200000000000017 59.050000000000004 65.500000000000014 262.50000000000006 45.500000000000007 13.500000000000002 17.500000000000004 250.03500000000003 42.500000000000007 50.500000000000007
decision_type=2 2 2 2 2 2 2 2 2 2 2 2 2 2 2 2 2 2 2 2 2 2 2 2 2 2 2 2 2 2 2 2 2 2 2 2 2 2 2 2 2 2 2 2 2 2 2 2 2 2 2 2 2 2 2 2 2 2 2 2 2 2 2 2 2 2 2 2 2 2 2 2 2 2 2 2 2 2 2 2 2 2 2 2 2 2 2 2 2 2 2 2 2 2 2 2 2 2 2 2 2 2 2 2 2 2 2 2 2 2 2 2 2 2 2 2 2 2 2 2 2 2 2 2 2 2 2 2 2 2 2 2 2 2 2 2 2 2 2 2 2 2 2 2 2 2 2 2 2 2 2 2 2 2 2 2 2 2 2 2 2 2 2 2 2 2 2 2 2 2 2 2 2 2 2 2 2 2 2 2 2 2 2 2 2 2 2 2 2 2 2 2 2 2 2 2 2 2 2 2 2 2 2 2 2 2 2 2 2 2 2 2 2 2 2 2 2 2 2 2 2 2 2 2 2 2 2 2 2 2 2 2 2 2 2 2 2 2 2 2 2 2 2 2 2 2 2 2 2 2 2 2 2 2
left_child=2 4 5 9 10 13 17 15 14 50 16 36 25 18 77 54 24 -3 29 32 -13 26 199 31 -2 112 39 33 215 -1 37 47 -5 44 -35 -33 124 38 214 95 -39 49 97 148 57 78 56 122 55 -42 51 -4 205 -51 63 248 -47 58 -20 60 62 -62 85 -6 -19 118 196 189 -32 -15 93 150 73 103 75 -74 -38 241 155 -80 -81 149 -61 -68 192 86 90 -87 -89 -90 -25 -92 -91 171 136 96 143 98 -16 101 200 -100 -99 104 108 132 107 -106 239 110 115 114 218 -114 -112 -53 -94 144 120 -120 121 -21 123 151 -8 250 -127 -128 173 130 131 -27 -105 -67 -29 -136 -95 138 -138 141 -141 142 -140 -10 146 -146 -50 165 -14 -63 -72 -11 -96 -54 -155 -46 -157 -154 159 162 -160 -161 -97 -164 -118 -148 168 -168 -104 -86 -171 -52 -43 175 -175 177 -177 178 184 180 -180 183 -183 -181 -65 -186 187 -178 -189 -31 -191 -188 -64 195 -195 -48 -28 198 -196 -12 201 202 -101 -88 -170 -18 208 -208 -207 -210 211 212 -209 -213 -17 216 -26 -218 219 220 -9 225 223 -223 -224 -220 -222 228 -147 -229 -231 -217 -233 234 -234 -75 -123 238 -144 -23 -176 242 243 244 -7 -243 247 -240 249 -49 -85 -252 -253 -254
right_child=1 6 3 19 7 8 11 12 21 23 22 20 43 69 42 30 52 64 27 65 -22 72 -24 59 28 129 66 134 -30 67 68 35 -34 34 -36 -37 76 40 -40 -41 41 172 -44 -45 45 46 193 48 117 53 70 109 153 -55 -56 -57 -58 -59 -60 82 61 81 84 128 -66 133 83 -69 -70 -71 71 -73 74 235 -76 -77 -78 -79 79 80 -82 -83 -84 125 169 87 203 88 89 92 91 -93 116 94 152 158 -98 102 99 100 -102 -103 166 105 106 -107 -108 -109 -110 -111 111 -113 113 -115 -116 -117 164 -119 119 -121 -122 236 -124 -125 -126 126 127 -129 -130 -131 -132 -133 -134 -135 135 -137 137 -139 139 140 -142 -143 237 -145 145 227 147 -149 -150 -151 -152 -153 157 154 -156 156 -158 -159 160 161 -162 -163 163 -165 -166 -167 167 -169 204 170 -172 -173 -174 174 240 176 186 -179 179 181 -182 182 -184 -185 185 -187 191 188 -190 190 -192 -193 -194 194 197 -197 -198 -199 -200 -201 -202 -203 -204 -205 -206 206 207 210 209 -211 -212 213 -214 -215 -216 231 217 -219 221 -221 226 222 224 -225 -226 -227 -228 229 -230 230 -232 232 233 -235 -236 -237 -238 -239 246 -241 -242 245 -244 -245 -246 -247 -248 -249 -250 -251 251 252 253 -255
leaf_value=0.030134479108895836 0.031804042870081088 0.035186698326787141 -0.0048815165384237967 -0.0079420289910573615 0.031768076738122708 -0.0031012067897668791 0.029436637640617113 0.026085828078914061 0.030540787415035103 0.019959098283744269 0.037049469026839095 0.037228213210137098 0.028152107064278523 0.036685940410714074 0.0055339173278689145 0.0024423738369636792 0.026349880884952777 0.03024874070453815 0.016190124683920133 -0.0017105319228402644 0.038545421068261393 0.022164758644144387 0.030151266300717374 0.030604153912053938 0.0074876838739046589 0.0087729745092684774 0.00056832937209073779 0.025762103498498827 0.03033142988465385 0.007298761185088147 0.0050324251051651041 -0.00065743820242441413 0.0035964877604736834 -0.0053756442793566348 0.01509527568489028 0.027163219871490587 0.032367887749147839 0.035365019910018905 0.0016788772743546758 0.023354332000390422 0.0039513326072813373 -0.0050084684320340876 0.030908007308960192 0.015245244183028216 0.032288108738728519 0.035318143806447683 0.014211841464443636 0.020267139624783711 -0.00018717442973675968 0.028041455305153326 0.0035351540575465313 0.015937503736489965 0.027673333521240157 0.0084944389074724097 0.0078289460970172569 0.00078885672558942578 0.012531869227472956 0.030727260976855547 0.00011294784951921332 -0.010340853821922697 0.026621764421698869 0.026026623833229928 -0.00091412703971193311 0.009829564864977906 0.033454107810107651 -0.0036693939927886945 0 0.031409292395386028 0.022560274895739606 0.023984771277560775 0.014348963635216696 -0.010069439579951349 0.028651996052496482 0.011254256056840139 0.036288933196088273 0.0032208074219154592 0.022074439411851814 -0.0088882101550982057 0.044156001018260574 0.034798589200818165 0.011018553560266623 0.010132933946891765 0.0071423890257641676 0.020893188325898118 0.014577407819581084 0.032379599595747086 -0.010155759050177819 -0.0098258449961951821 0.03413606810376453 -0.0015694725479434134 -0.005476593253239067 0.017110139613165896 0.023426922160861903 0.0060083494614681654 -0.0046661405302428505 0.022855417847747563 -0.0013716774888329194 0.021525808664390883 0.014452035138457654 0.019114599350156948 0.0035004979998914509 0.040917998697701768 0.0096273769776325287 0.0010001781598667039 0.019033147048113232 -0.0017644537176818229 0.033754924766217907 0.0084986669184821794 0.011327079443616113 -0.010036862477483081 0.020525920731542885 0.027247642143953161 0.0072691293244110979 0.02659772203209106 0.0015246325704492147 -0.0019652468945240359 -0.0052081614615001534 -0.0061143374473835886 0.023304446522502915 -0.0052388276581429513 -0.0064936951173599836 -0.0023890888622209588 0.0013243319035196462 0.035430574111922644 0.036083007232967583 0.00036092687008629215 0.0081102638073074374 0.02440895680397747 0.030527635703182083 0.0072021842913563127 0.023295018268267569 0.027766728953181476 0.017553823100940776 -0.006281815308927379 0.03303599356465562 0.016570476903374248 0.0009722364661700969 -0.0019778830094316149 -0.0038576812695400747 -0.010231136026956585 0.011970021891996396 -0.0052752970734964042 0.030532228829455527 0.0074466263749291542 -0.0049684691707508376 0.0069047835286995133 0.032775253644302157 0.00043167019814540887 0.031660838063445794 0.0090089894036815901 0.039363586423264686 -0.0036129043623495624 0.0043652965673364906 0.026611193096000678 0.011564666488340805 0.028279855136571573 0.015138139976880518 -0.0067286472036621747 -0.0021665157635558365 0.017699496890979827 0.015947356577018467 0.036321871025376685 0.023646415112427988 0.0096714790112551064 0.015522492316712945 0.008963462950591727 0.027967969660533779 0.0020433431186367861 -0.0025264882230198282 -0.0098377134857473413 0.013040636053498039 0.014997559298895163 0.011310799816966661 0.017075934901097004 0.028616109886603975 0.037205781179637042 0.026278197527518837 0.032648679143202901 0.0069313264131933214 0.027592364696608432 0.028263703316590325 0.019541083377901555 -0.0063990991113707478 0.017148796392310765 0.036450430013277385 0.020454116581374113 0.026796976866221078 0.0014990161636093994 0.016685198542111739 0.033826729123024632 0.017237809518550116 0.019509659786109298 0.010008095024062382 0.0044366043913490385 0.021264024252803066 -0.0020935109371856375 0.012860323339850294 0.025654457236759021 0.0061023181779916082 0.032627325385071987 0.017567854902338229 0.028055165412104417 0.0050539274554924386 0.0038673678687813433 0.013242845544786358 0.021041284666635806 0.032250095349501795 0.021167528371844307 0.00056567359806264427 0.018157653710404356 0.0095247672213412838 0.016937900690787041 0.0034624552912298481 0.032327532853905626 0.013760008593881181 0.031641890324616402 0.013085971474376377 0.030517166323414995 0.029330345539044133 0.026765019507119302 0.029862220419849695 0.02329510679656515 0.030511089386205281 0.0080077751986629437 0.024446413275359302 0.020276942002527144 0.017511280823031647 -0.0055709821916570578 0.030332178130114733 0.0021598814084401508 0.024025775651227682 0.019568801003246036 0.023615067748808897 0.017605273723731687 0.035680545947708538 -0.0058033582610787287 0.019396875385008013 0.034509780845464202 0.012848148007214726 0.036392305002204119 0.017000694260510287 0.019745622395262983 -0.0085788236587771224 -0.0098714322398796624 0.012503768683062799 0.0036618388671204646 0.02346924465113201 -0.0051620047040033933 0.030401913363349881 0.0064599133848737443 -0.003778150738531787 0.02998257883141231 -0.0016898027469326772 0.016990759562442052
leaf_weight=698.5223900154233 2375.7003946453333 17644.614769637585 726.87525201961398 2848.6177788823843 109.58078926056623 42.771233003586531 293.37451554089785 595.37663757801056 28.074677065014839 33.604014545679092 577.53058695048094 24871.712171688676 1915.2681937366724 281.48927990347147 555.39260177314281 67.580374337732792 477.34843901544809 2042.6399373933673 191.32510720938444 2205.7879847250879 48510.1433301121 77.292803898453712 6643.4379292652011 39.280091144144535 104.47668557614088 130.54821568727493 201.13680374994874 739.21981945633888 1275.4105094894767 57.705518126487732 46.264284074306488 31.761035978794098 138.61659549549222 58.631919659674168 199.0619679838419 67.283665340393782 1076.3490035012364 44.707849361002445 206.19053899496794 222.43576437979937 50.058048494160175 54.984056748449802 31.396944090723991 85.356581747531891 72.099281176924706 88.093564882874489 53.556144893169403 87.981761761009693 763.66620077565312 163.66411785781384 1880.2036105282605 33.248404644429684 2286.1198972165585 53.544214613735676 95.573720045387745 106.11511002108455 44.165542960166931 38.865430407226086 97.63320779427886 59.423785757273436 84.682197146117687 81.756638914346695 376.61195834726095 50.092076011002064 6697.6803618073463 4404.0233171544969 70.280925281345844 99.30362755805254 327.71428870409727 123.43102520704269 29.2105284743011 49.816478662192822 44.86034481972456 67.778480920940638 72.941412977874279 41.967599608004093 139.40699715912342 101.91038545966148 67.975945644080639 51.910427756607533 47.289270784705877 1071.467183958739 75.510539010167122 162.64415168762207 114.070884834975 44.72603277862072 46.372244782745838 28.61337723582983 29.086581587791443 50.702226080000401 32.900064006447792 48.124101504683495 65.782930329442024 497.97600745782256 572.5608313344419 89.739144019782543 99.281404573470354 36.498813014477491 41.222638394683599 85.987533994019032 214.0268487483263 36.96260167658329 111.60663649439812 37.158944360911846 481.56112463772297 51.083656042814255 46.489287506788969 196.46196969226003 46.880575060844421 42.807292561978102 37.889700721949339 34.806434966623783 72.290561936795712 58.727299973368645 87.236289348453283 195.6850763708353 30.823103539645672 105.46886107698083 34.705490302294493 32.277053851634264 416.89200948551297 20.561369203031063 37.40794150531292 35.021509274840355 5135.904562227428 121.39358656853437 103.55545503646135 55.021471351385117 90.377223141491413 57.007138624787331 479.82819332182407 37.875492133200169 295.06671135872602 1808.5084100067616 57.577382937073708 308.82104061543941 1086.4513539485633 606.74131898209453 25.124873898923397 64.419765647500753 46.120000638067722 32.486357439309359 35.718596551567316 40.9432268217206 83.059688162058592 646.18920715153217 30.246209692209959 123.8564228489995 1618.4532201141119 52.728535875678062 35.185178503394127 24.167343810200691 255.92217773944139 192.00938046723604 104.84435318410397 87.473695695400238 192.12992616742849 84.887919325381517 71.622965343296528 68.299839787185192 107.36525252461433 73.336386516690254 96.340360313653946 454.41535447537899 39.366828598082066 29.99316081777215 26.174713466316462 34.920820742845535 281.64489745721221 31.257892150431871 24.337317980825901 58.625824917107821 53.777872744947672 1590.4457919076085 191.69055759161711 77.968804568052292 96.989187836647034 65.126868277788162 195.20657908916473 129.70998267829418 37.120023734867573 33.664620764553547 37.05044050514698 467.95634144544601 82.325087755918503 207.82505314052105 524.51669239252806 47.345858573913574 158.65892509371042 49.428825795650482 225.69021083414555 254.25198066234589 72.523269798606634 58.68925940990448 65.542325936257839 53.509853452444077 63.584408957511187 99.286313869059086 70.978404074907303 5043.5310215353966 275.63318484276533 30.041511591523886 252.2328253313899 156.57595644891262 30.433004599064589 265.64790112525225 157.46828209608793 145.55112229287624 64.341428510844707 77.011809453368187 72.537468649446964 63.952608533203602 51.194178082048893 139.3395561426878 454.34332596510649 215.85420435667038 67.367064364254475 166.53943699598312 1420.5986937060952 969.71113637834787 61.896178692579269 109.51623587310314 365.09259840846062 70.104776971042156 1203.8231988623738 133.35244350135326 627.58313939720392 93.908228795975447 32.104838766157627 94.786655526608229 25.028745267540216 271.06078445166349 112.29915653914213 98.774356015026569 161.05283608287573 33.798161774873734 39.545647066086531 25.549764476716518 50.945062264800072 105.47529125213623 91.02843514084816 33.894102673977613 158.05102562531829 37.042642168700695 131.66453211382031 202.53544462844729 29.928181611001492 31.509190142154694 24.498167637735605 115.49729029089212 67.180278036743402 58.569772936403751 34.687012270092964 103.0820257589221
leaf_count=3380 8187 29439 12302 56403 640 667 687 3291 234 411 1099 25757 7420 845 6939 700 2748 5853 1781 38412 33204 612 21300 375 736 1190 2456 4486 4467 596 405 465 1914 693 1786 624 2456 261 2287 1722 483 651 227 575 294 575 499 1047 11389 1092 29038 455 10430 461 762 1517 372 254 1250 832 766 686 5195 432 14344 81062 796 506 2345 529 362 848 302 636 375 410 599 1709 333 285 411 12149 837 1353 1344 411 675 395 222 590 463 526 614 7330 9822 827 1318 366 469 907 2650 272 1288 361 4327 535 312 1990 445 675 464 345 471 235 1286 2960 401 1653 448 541 7346 356 548 343 7250 1350 1037 460 459 448 2980 235 2523 34792 331 2205 16988 9913 393 1060 610 541 400 514 1189 8821 347 1869 4897 553 320 372 4026 855 616 411 1569 1459 822 611 1019 538 807 4608 410 420 266 453 3881 466 269 822 505 11758 1108 416 600 370 1773 860 171 266 380 3801 409 1444 3016 415 1153 220 1595 1766 821 606 624 598 707 778 747 12681 3018 278 3313 2010 319 1744 773 914 575 521 537 428 433 645 4543 868 411 666 5745 4757 310 633 1589 506 5588 627 3912 1442 338 1380 316 1490 547 534 525 395 576 262 695 645 606 440 2556 629 1839 2866 347 495 233 1614 820 456 398 909
internal_value=0.0286735 0.0344324 0.00493127 -0.000263708 0.0271824 0.0161728 0.0369785 0.0235826 0.0116198 0.00407044 0.0299237 0.0378374 0.0265331 0.0233368 0.00680886 0.018776 0.0277453 0.0343703 0.0223104 -0.00458297 0.0381001 0.0149289 0.0315071 0.00717254 0.0296529 0.0248731 0.0128736 0.0204104 0.0275582 0.026868 0.0143494 0.00516743 -0.00740121 0.0181681 0.0103936 0.0183065 0.034924 0.0123205 0.0093393 0.0153654 0.0173874 0.0150477 0.00901866 0.0294475 0.019595 0.0214882 0.0172316 0.00462707 0.00403601 0.0198427 0.00162217 -0.0015999 0.0254721 0.02339 0.0202215 0.0104244 0.0280836 0.0133917 0.0108305 0.00911942 0.0096393 0.0122911 0.00683581 0.0204767 0.0327132 -0.00364106 0.00960536 0.0214503 0.0204568 0.0329758 0.00230312 0.0119593 0.017979 0.0170343 0.02611 0.0168219 0.031234 0.000405933 0.0257652 0.0326818 0.0240031 0.0112342 -0.000522615 0.0116144 0.00339565 0.0102736 0.0063085 0.0145988 0.0110676 0.0139491 0.015779 0.0079073 0.0104221 0.0020921 0.00106932 0.0137446 0.00645546 0.00864191 0.00995833 0.0125553 0.0110932 0.0277972 0.00483253 0.0178949 0.0196615 0.0133923 0.0172703 0.0160294 0.0269479 0.00389985 0.00550313 0.0122132 0.0255028 0.0162778 0.00758952 0.000707007 0.014924 0.00296958 -0.00184567 0.00965215 -0.00214345 -0.00133363 0.0150526 0.0203367 0.0357367 0.0127666 0.00820105 0.0140613 0.0201809 0.0197229 0.0207831 0.0133787 0.0157493 -0.00443327 0.0236851 0.0193504 0.00230263 0.0013859 0.00282264 0.00863536 -0.000831281 0.0131715 0.0162586 0.0175771 0.00347887 0.00554879 0.00133156 0.0076196 0.0297789 0.0196575 0.0289413 0.01014 -0.00233754 0.0269784 0.0214434 0.0222831 0.0194567 0.00154975 0.0149946 0.0163965 0.00869991 0.0277829 0.0137843 0.0122108 0.00638826 0.0217491 0.00347189 0.013843 0.00189486 0.00995122 0.000108929 0.003902 0.00302892 0.0199491 0.0183113 0.0211733 0.0236626 0.0189225 0.0181427 0.0162212 0.0105945 0.0181246 0.00601028 0.0195165 0.0230758 0.0252455 0.0226104 0.0176261 0.013291 0.0182792 0.0204769 0.0244867 0.000863902 0.0135112 0.0161191 0.00608205 0.00363258 0.0189229 0.0136554 0.0330965 0.0135828 0.0104943 0.00874939 0.000546551 -0.00088233 0.0228642 0.0212026 0.0235689 0.0174177 0.0103395 0.0205314 0.022445 0.0166921 0.0277471 0.0123286 0.0245504 0.0201783 0.0256927 0.0257125 0.0241756 0.0221749 0.0267435 0.0250687 0.0175375 0.0259011 0.0285869 0.0187177 0.00654821 0.00811426 0.00150253 0.0071291 0.0262101 0.0242792 0.0275606 0.0309676 0.00547957 0.0119464 0.0192369 0.0161107 0.0307346 0.0250571 0.00200957 -0.000635187 0.0052795 0.00862901 0.00615581 0.010986 0.00588806 0.0148201 0.0126178 0.0156904 0.0123083 0.0178456 0.012259
internal_weight=178671 143792 34879.1 23855.8 37380.1 11023.3 106412 16169.7 6743.85 11906.3 21210.4 80026.9 10012.4 4279.41 2752.04 6157.33 8945.9 26384.9 3874.49 11949.5 73381.9 3991.81 12264.5 5248.37 4848.54 6393.33 2392.99 2743.84 2472.84 1130.65 1522.83 2591.65 2987.23 1638.22 257.694 99.0447 6645.04 1148.85 728.114 1351.85 420.736 376.028 2044.18 3619.08 1380.52 1052.7 533.821 2492.6 2362.4 267.266 6657.93 1158.55 4097.37 217.208 4634.51 334.092 132.259 327.824 288.958 2656.72 2521.79 1290.63 1231.15 4538.93 8740.32 8962.3 1041.14 432.128 373.979 404.92 5499.38 114.212 1598.82 1439.05 159.769 86.8279 1215.76 707.869 518.879 167.176 99.1997 1205.95 134.934 776.415 618.801 612.354 323.252 289.101 244.375 215.762 120.304 81.0242 186.675 5385.17 3446.34 1129.42 168.299 2012.78 1491.5 936.107 857.922 78.1852 521.279 1337.47 954.161 383.309 724.512 678.023 229.649 431.673 388.866 159.932 5688.07 131.018 125.126 228.933 135.973 2028.31 2749.77 66.9825 2682.79 2265.9 130.201 92.7929 5429.28 706.134 279.971 158.577 4429.35 705.259 648.252 168.424 332.226 6212.53 1105.62 366.398 2532.97 2034.99 1428.25 341.802 110.54 231.262 198.776 69.0179 1922.84 975.077 947.762 184.096 3533.72 134.485 64.3957 57.7714 913.371 2582.97 296.854 351.703 279.604 340.81 961.119 782.131 178.988 141.636 640.495 550.756 70.1899 60.2394 484.78 61.0955 423.685 169.666 55.5952 1938.83 108.762 4338.97 1873.16 2465.81 1159.73 1306.08 1240.95 900.708 232.327 668.381 70.7151 597.666 340.242 290.15 1081.76 302.994 206.005 332.825 275.119 778.769 449.135 401.562 294.496 107.066 264.721 235.807 136.521 5621.06 643.895 368.262 338.22 202.948 312.078 1514.39 1037.04 630.043 407.001 141.353 472.575 400.037 196.745 203.292 521.924 1197.42 338.383 233.907 5557.06 2254.57 1284.86 3302.49 1748.54 179.621 1568.92 1553.95 689.479 892.018 678.294 213.724 119.815 859.041 643.187 372.126 273.352 101.577 60.107 173.651 148.101 182.768 282.719 605.959 369.529 211.478 174.436 236.43 112.382 82.4543 227.977 203.479 426.163 263.519 196.339 137.769
internal_count=781023 286066 494957 393416 166477 101541 119589 91747 72982 171566 74730 69953 45409 28559 35352 46338 39650 49636 27185 221850 58961 37630 35080 67348 18431 32517 23762 20888 10244 6297 13733 36338 58317 13866 2479 1089 10992 10983 7530 13020 3453 3192 24646 12892 11387 8102 4799 35249 33575 2036 104218 18487 21219 1553 32605 4411 947 3285 3031 31010 29341 14154 15187 31843 20197 163533 10742 2917 2750 1374 85731 1530 13868 12781 1087 712 3055 10706 3303 1029 696 13388 1669 7579 8095 7092 4049 3043 2632 2237 1364 989 2015 84201 54341 11298 2066 24419 17846 10907 10166 741 6573 11750 8331 3419 6629 6317 1702 6185 5510 2095 27664 706 1750 3415 1425 29164 47679 989 46690 39344 1674 1126 7937 6783 2847 1497 31203 4853 4405 1425 2884 115854 7022 2536 39034 31704 21791 4803 1670 3133 2592 748 27511 13486 14025 2636 12317 1239 682 783 15307 11901 1471 2274 1980 5485 9232 7391 1841 1149 6242 5415 811 767 6207 719 5488 2079 735 29860 1156 30744 13472 17272 7366 9906 9536 7251 1944 5307 646 4661 2285 1853 6950 2168 1568 2411 1815 4782 6016 3852 2755 1097 3163 2149 1371 13780 7516 4498 4220 2685 4200 9318 6570 3730 2840 1096 2957 2420 1347 1073 5243 5777 1813 1077 26958 12270 7513 14688 8316 1139 7177 6372 4222 12297 9159 3138 1696 3964 3096 1606 1072 1031 932 2199 1937 1257 1714 8997 5691 3135 2506 3306 1537 1190 2894 2661 3936 2583 1763 1307
is_linear=0
shrinkage=0.01


Tree=23
num_leaves=255
num_cat=0
split_feature=5 2 4 4 2 4 4 2 7 2 5 2 5 4 1 5 1 1 2 1 2 4 1 5 2 2 3 1 2 5 1 1 3 1 1 2 2 4 2 2 2 2 3 1 2 1 4 7 4 3 2 1 1 2 4 3 1 5 2 1 4 1 2 3 4 4 3 4 3 1 2 4 5 5 4 1 2 1 2 2 2 4 2 2 2 2 2 2 4 1 1 1 3 1 4 1 4 2 5 7 1 5 2 1 3 2 5 3 1 4 4 2 3 1 3 2 1 2 1 4 2 3 2 2 3 1 2 2 4 3 5 5 4 2 4 5 1 2 2 5 4 5 1 5 1 3 2 1 3 2 3 4 5 4 4 3 3 2 3 2 1 2 5 4 3 3 2 3 2 1 1 3 4 4 4 2 3 1 2 4 3 4 4 1 5 1 4 4 5 3 1 1 3 3 2 3 5 1 4 2 3 4 4 2 1 3 3 3 4 3 4 4 3 1 5 1 3 3 4 2 2 5 4 3 1 2 1 3 2 4 4 1 4 1 3 3 2 3 3 2 4 1 1 3 4 4 2 3 2 5 1 3 3 2
split_gain=225335 26780.4 15109 5964.93 4119.69 3384.87 2755.86 1557.53 1343.09 1211.08 1050.64 856.234 836.293 818.51 655.547 637.357 572.63 515.26 552.724 513.936 483.591 454.512 419.573 409.099 406.553 384.328 363.539 395.152 354.66 348.003 339.215 337.228 305.189 304.47 277.751 383.78 319.7 346.906 300.567 273.832 316.348 270.576 259.462 258.046 255.077 445.211 254.602 248.413 235.144 233.248 287.719 231.654 231.645 231.102 221.188 216.138 208.132 263.011 203.908 199.797 197.25 196.322 186.98 186.144 179.196 177.104 171.453 168.508 415.424 214.512 168.249 167.619 163.997 155.793 155.096 150.21 334.214 149.594 149.299 147.88 147.274 147.233 146.168 145.655 145.387 143.897 142.337 140.191 140.099 138.921 136.723 136.032 133.781 221.044 201.584 241.457 132.234 128.882 128.05 127.102 126.031 220.33 140.597 125.683 123.396 174.098 122.127 198.306 187.499 122.087 120.64 119.432 145.686 151.947 119.13 145.644 190.863 118.692 118.23 117.687 170.546 116.183 138.652 115.851 349.413 115.542 400.088 127.104 128.912 114.828 114.707 112.637 112.595 112.451 114.139 112.024 122.557 111.234 208.291 110.491 134.834 109.858 109.582 106.944 105.89 105.09 105.054 104.419 150.32 102.403 119.194 101.698 133.215 112.391 101.242 100.971 101.486 100.186 167.329 100.122 128.373 127.175 97.9679 114.797 102.905 99.2469 97.543 191.276 96.1502 134.696 96.0457 103.345 109.451 98.115 178.994 154.175 95.1369 93.721 92.6089 101.944 124.935 92.4651 92.0209 91.9408 99.8838 97.9564 91.2245 185.512 91.0127 89.5731 102.516 88.6077 130.376 181.999 88.2352 99.9989 197.512 86.999 86.97 86.912 114.202 129.203 316.783 201.549 151.21 86.0825 122.502 131.122 96.0171 121.389 89.4657 103.599 85.8255 175.948 85.5807 84.8473 84.6376 84.5605 149.493 89.885 84.2627 84.2309 83.7572 83.2167 83.0121 82.9911 100.719 95.166 82.4388 182.411 187.562 127.916 110.412 89.7383 94.9033 125.928 82.2253 83.7646 100.581 87.3603 82.1061 81.7426 81.0815 81.0461 80.4673 173.319 80.3519 79.6777 79.5683 79.5315 79.3841 84.6944 112.464 104.502
threshold=3.5000000000000004 7242.4750000000013 84.500000000000014 6.5000000000000009 16281.775000000003 516.50000000000011 5.5000000000000009 3370.2700000000004 3.5000000000000004 2492.2050000000004 33.500000000000007 4115.4500000000016 25.500000000000004 9.5000000000000018 30.500000000000004 12.500000000000002 23.500000000000004 34.500000000000007 1440.9300000000003 50.500000000000007 3521.6800000000007 2.5000000000000004 42.500000000000007 30.500000000000004 4407.0950000000003 11309.090000000002 173.50000000000003 43.500000000000007 10241.440000000001 13.500000000000002 78.500000000000014 127.50000000000001 22.500000000000004 61.500000000000007 8.5000000000000018 431.82500000000005 2599.5100000000007 14.500000000000002 431.82500000000005 8086.4300000000012 4407.0950000000003 46167.575000000004 33.500000000000007 89.500000000000014 1193.8700000000001 9.5000000000000018 58.500000000000007 3.5000000000000004 93.500000000000014 27.500000000000004 4831.3050000000012 67.500000000000014 41.500000000000007 1271.1550000000004 55.500000000000007 14.500000000000002 44.500000000000007 12.500000000000002 5177.7850000000008 8.5000000000000018 1.0000000180025095e-35 21.500000000000004 1054.3550000000002 20.500000000000004 34.500000000000007 17.500000000000004 4.5000000000000009 33.500000000000007 53.500000000000007 36.500000000000007 420.91000000000003 51.500000000000007 44.500000000000007 21.500000000000004 95.500000000000014 28.500000000000004 2599.5100000000007 12.500000000000002 465.78000000000003 103.58500000000001 2896.6700000000005 59.500000000000007 2030.5500000000002 284.38000000000005 302.16500000000008 4611.5500000000011 551.68500000000006 1409.7150000000004 2.5000000000000004 61.500000000000007 31.500000000000004 39.500000000000007 45.500000000000007 29.500000000000004 72.500000000000014 17.500000000000004 24.500000000000004 1218.2100000000003 4.5000000000000009 2.5000000000000004 30.500000000000004 15.500000000000002 4506.3700000000008 27.500000000000004 85.500000000000014 2289.3550000000005 14.500000000000002 404.50000000000006 104.50000000000001 501.50000000000006 48.500000000000007 2289.3550000000005 45.500000000000007 4.5000000000000009 85.500000000000014 3291.5600000000004 25.500000000000004 10241.440000000001 12.500000000000002 105.50000000000001 5712.7400000000007 82.500000000000014 1800.075 234.215 6.5000000000000009 18.500000000000004 1950.1700000000003 329.84000000000009 146.50000000000003 125.50000000000001 18.500000000000004 6.5000000000000009 22.500000000000004 894.42000000000019 23.500000000000004 5.5000000000000009 7.5000000000000009 2289.3550000000005 1836.7900000000002 10.500000000000002 33.500000000000007 38.500000000000007 3.5000000000000004 7.5000000000000009 33.500000000000007 95.500000000000014 4724.0350000000008 13.500000000000002 18.500000000000004 2599.5100000000007 173.50000000000003 12.500000000000002 8.5000000000000018 20.500000000000004 22.500000000000004 116.50000000000001 89.500000000000014 4407.0950000000003 133.50000000000003 1498.9550000000002 36.500000000000007 1762.6700000000003 5.5000000000000009 27.500000000000004 112.50000000000001 99.500000000000014 12505.535000000002 316.50000000000006 176.84000000000003 7.5000000000000009 28.500000000000004 39.500000000000007 26.500000000000004 27.500000000000004 21.500000000000004 754.29500000000007 104.50000000000001 60.500000000000007 551.68500000000006 12.500000000000002 38.500000000000007 81.500000000000014 10.500000000000002 67.500000000000014 24.500000000000004 72.500000000000014 300.50000000000006 190.50000000000003 12.500000000000002 127.50000000000001 50.500000000000007 28.500000000000004 33.500000000000007 43.500000000000007 4024.7100000000005 67.500000000000014 17.500000000000004 42.500000000000007 1.0000000180025095e-35 1409.7150000000004 54.500000000000007 254.50000000000003 304.50000000000006 1800.075 28.500000000000004 147.50000000000003 355.50000000000006 251.50000000000003 17.500000000000004 224.50000000000003 28.500000000000004 35.500000000000007 165.50000000000003 53.500000000000007 9.5000000000000018 92.500000000000014 26.500000000000004 104.50000000000001 1.5000000000000002 5177.7850000000008 3846.1350000000007 15.500000000000002 17.500000000000004 224.50000000000003 50.500000000000007 454.88500000000005 18.500000000000004 44.500000000000007 3521.6800000000007 228.50000000000003 142.50000000000003 11.500000000000002 115.50000000000001 7.5000000000000009 22.500000000000004 43.500000000000007 3087.6500000000001 94.500000000000014 115.50000000000001 2544.6300000000006 29.500000000000004 39.500000000000007 22.500000000000004 64.500000000000014 42.500000000000007 40.500000000000007 2200.9150000000004 121.50000000000001 13423.850000000002 9.5000000000000018 30.500000000000004 41.500000000000007 35.500000000000007 912.79500000000007
decision_type=2 2 2 2 2 2 2 2 2 2 2 2 2 2 2 2 2 2 2 2 2 2 2 2 2 2 2 2 2 2 2 2 2 2 2 2 2 2 2 2 2 2 2 2 2 2 2 2 2 2 2 2 2 2 2 2 2 2 2 2 2 2 2 2 2 2 2 2 2 2 2 2 2 2 2 2 2 2 2 2 2 2 2 2 2 2 2 2 2 2 2 2 2 2 2 2 2 2 2 2 2 2 2 2 2 2 2 2 2 2 2 2 2 2 2 2 2 2 2 2 2 2 2 2 2 2 2 2 2 2 2 2 2 2 2 2 2 2 2 2 2 2 2 2 2 2 2 2 2 2 2 2 2 2 2 2 2 2 2 2 2 2 2 2 2 2 2 2 2 2 2 2 2 2 2 2 2 2 2 2 2 2 2 2 2 2 2 2 2 2 2 2 2 2 2 2 2 2 2 2 2 2 2 2 2 2 2 2 2 2 2 2 2 2 2 2 2 2 2 2 2 2 2 2 2 2 2 2 2 2 2 2 2 2 2 2 2 2 2 2 2 2 2 2 2 2 2 2 2 2 2 2 2 2
left_child=2 3 6 12 13 9 25 15 42 26 43 22 14 23 20 17 74 18 63 49 21 77 34 30 159 75 47 62 52 54 117 48 -20 39 35 -10 37 55 96 40 243 88 53 64 99 137 82 59 56 -9 71 188 -18 66 98 -36 214 205 -53 70 -14 132 -28 65 130 -5 86 69 -69 -17 109 100 85 -45 -11 76 142 -2 83 -49 -48 111 97 -67 -61 177 -8 -77 -12 -25 -63 114 94 -94 95 -34 -39 -19 -21 118 155 102 162 -97 105 178 107 -32 -108 -4 244 112 113 -37 -38 116 -116 -3 -7 120 -54 -112 145 -101 -125 126 127 168 -129 -92 -6 212 -42 -115 -135 136 -23 138 -46 140 170 -91 -1 181 -117 -123 -104 148 -55 154 224 152 -95 -153 -133 156 -51 -47 -159 160 -16 -161 163 -102 165 240 167 -110 169 -81 171 172 216 174 175 -173 -30 -31 -57 191 -181 -52 -106 184 -87 -185 187 -72 217 190 -71 192 -180 -194 195 196 -163 -131 -89 242 201 204 203 -203 -201 222 207 208 -207 210 -210 -212 213 236 -15 -187 -65 -26 -219 -220 -197 -70 -58 -56 -151 227 -227 -144 229 230 232 -231 -76 -230 -235 -236 237 239 -239 -84 249 -50 -86 -13 245 -40 -128 -222 -143 -164 251 252 -142 -254
right_child=1 4 5 7 10 44 8 19 11 16 41 33 60 31 24 67 28 46 32 29 -22 135 -24 89 51 -27 27 -29 176 72 106 -33 92 -35 36 81 91 38 110 -41 61 -43 -44 73 45 157 80 79 241 50 143 58 119 147 223 104 57 -59 -60 84 -62 90 -64 139 -66 78 -68 68 221 189 186 -73 -74 -75 228 87 -78 -79 -80 125 -82 -83 131 -85 199 183 -88 198 -90 141 129 -93 93 151 -96 103 -98 -99 -100 123 101 -103 146 -105 182 -107 108 -109 166 -111 121 -113 -114 133 115 144 -118 -119 -120 -121 -122 122 -124 124 -126 -127 246 128 -130 197 -132 149 -134 134 -136 -137 -138 -139 -140 -141 250 248 225 -145 -146 -147 -148 -149 -150 150 -152 153 -154 -155 -156 -157 -158 158 -160 161 -162 194 164 -165 -166 -167 -168 -169 -170 -171 -172 173 -174 -175 -176 -177 -178 -179 179 180 -182 -183 -184 185 -186 215 -188 -189 -190 -191 -192 -193 193 -195 -196 220 -198 -199 -200 200 -202 202 -204 -205 -206 206 -208 -209 209 -211 211 -213 -214 -215 -216 -217 -218 218 219 -221 247 -223 -224 -225 -226 226 -228 -229 233 231 -232 -233 -234 234 235 -237 -238 238 -240 -241 -242 -243 -244 -245 -246 -247 -248 -249 -250 -251 -252 -253 253 -255
leaf_value=0.026709495155281086 0.033212862124167089 0.03087836259585822 0.00055959827436077891 0.025930769189199503 0.033673814564645466 -0.0026874833283097184 0.007248781578089082 0.034851499250366666 0.0091389980996785022 0.00099435624465036058 0.036716453117462827 0.041752622882037155 0.034194088394614679 0.029512768116143197 0.018930077571314041 0.028258098555519751 0.0080493653763795709 0.017764115161442846 0.030431636316959502 0.027807905404335594 0.034315475479734764 0.031565008349078737 -0.00047569779729960142 0.03649834355059102 0.029972357144071836 0.041819873937208353 0.050235057435076461 -0.0096424773399190165 0.0078474890686562847 0.0056014938079586478 0.01628287656528378 0.012249634360591214 0.024062345554950838 0.0069368317127819629 0.039523817394044328 0.032247152758398262 0.01452620661070919 0.011157109080877459 0.01032679646684404 0.028306232000702498 0.0087639688348032669 0.037494759929464376 -0.005935871562320858 0.028288863613551866 0.011387346077709836 -0.0042400522056015959 -0.0062041775251540842 0.021898207132332485 0.023071117654660762 0.026182150910577861 0.024977293852637181 0.0057268786399714399 -0.0038198298084269645 0.011878519998137944 -0.0014610950481951091 0.0036830024571659504 0.012010100403068727 0.029939269976917531 0.023791232296788534 -0.00674193411316849 0.030304014979120449 0.0021012198239333656 0.015442468158966403 -0.00072422945281195303 0.030133436215136263 0.0137361844074078 0.00069329679003051175 -0.0046033680449059705 0.012379233102562963 0.018226344538688544 -0.00024088759697396992 0.015982221659742887 0.030320423470137411 0.033082592384591804 0.018043312484051829 -0.0022412877728303355 0.033033381979415209 0.02821176751495293 0.018166413607946925 -0.0053377499879215338 0.013739059926204562 0.009124654048568508 0.0057736686169386573 -0.010246315847338393 -0.00040520834063881284 0.029063029231462409 0.031124179133235865 0.027008146078927285 0.035118973639143375 0.030646345483567709 0.0089736926381193214 -0.0020361986753889591 0.022516839256149255 0.012443613084455546 0.0010014965549637893 0.0089787006136609511 -0.0071986240754537039 0.0015440663301405956 0.015809962694393359 -0.0065091908939124143 0.018470814478374894 0.027973567219225084 0.014401584263784895 0.023184129297563333 0.031162258398037174 -0.010064977380200344 0.030635826599060292 0.035155706835340611 0.026909051619006755 0.016105237815899322 0.0043709432925155287 0.039947369837511099 0.040070648102622286 0.0094088328661537813 0.045003955555316069 0.0033641950376166792 0.019730105211862355 0.033647729246711652 -0.008338459044188078 -0.0054515765711272484 0.025180617584769107 0.017163090381365015 0.023551354167336364 0.0059165125783336879 -0.0053516046282306422 0.0010689444151064313 0.032703349390375724 0.0031172456645325686 0.010771868332379824 0.032696740622881922 0.035975580309599624 0.028856544189942466 0.027828404433354659 0.0080508016861043884 0.029743711821126624 0.024742306780484485 0.015074351007324689 0.002433710357697023 0.041465897869757351 -0.0014131227990785392 0.007114417874397933 0.033299482652915449 0.013753073872369631 0.028511307715874651 0.025687639960764029 -0.0028876936260230118 -0.0038161425204426046 0.0048225976028669921 0.03716331066099067 0.012524622858663308 0.025916108071286015 0 0.035252299530011438 0.014287582704696041 0.011870012886054229 0.035207767036420083 0.013344457130168073 0.015250737655366194 -0.0099116537764972999 0.0089070679506930636 0.034533049233168536 0.011351575131018822 0.029420449004598961 -0.0006679101636775822 0.027096935105188333 0.0042192907145161551 0.026573765115670812 0.0028742816716484914 -0.0073094730373801341 0.024569979073055932 0.0020747053367647932 -6.1826911547850847e-05 0.02249140161895069 0.0061743745428209599 0.034622357133054629 0.020594726657352132 0.027296536158576825 0.018976385776678012 0.0050549642353930405 0.036110108508118806 0.011949440882805053 0.012633415805291716 0.010047390093196802 0.0083978586316989911 0.018062580377329728 0.024616184795186118 0.0015649393959816077 0.01463052937474474 0.030664220854201042 0.023841882321517894 0.0023863383797329044 -0.0018546477564189048 0.030291595197634226 0.010937190402838075 0.016171889218174675 0.022521170204509385 0.030900990755631814 0.014504555912988333 0.01462481788385438 -0.0017569302268995587 -0.0015176996875570282 0.040348291948889024 0 0.0054957631766622099 0.023199616633988174 0.030607751875226508 0.013583457988401278 0.033610012209903666 0.015929300828659582 0.0080341604149569042 0.036843876426672695 0.021919000954136653 -0.0034841551693732525 0.029202556756438933 0.033495771604492408 0.010546060717003196 0.011893383863625109 0.028838471422055013 0.0075414803351210539 0.021123520556470522 0.036974791315732627 0.026238101342174535 0.023068465936256225 0.015382843037482287 -0.0031288786018831456 0.023506283113599733 0.01558328637537724 0.031428292255181393 0.0063706563336009296 0.01995385606492836 0.028156510791586559 -0.0072528040183588976 -0.005714094499831051 0.037699222655134951 0.012697265356216956 0.026947852767812468 -0.0060736349549835103 -0.010117747042425447 0.012023780652492893 0.025613118527300371 0.0092579916756971095 0.0063716357000702748 -0.0053303673048182001 0.023709633584419656 0.015679616639093192 -0.0047798835894434389 0.012547807798131208 0.021347514665177959 0.035877904435389893 0.015401308362630633 0.022621726405989761 0.0031364016078613 0.030448038960778225 0.0066239590212818699
leaf_weight=334.01503013074398 1099.3453532978892 3413.285057246685 1541.6282318420708 193.30656084418297 4322.3231009542942 3127.9927940778434 195.7018652819097 262.91833759099245 385.10433679446578 50.199956480413675 19741.044700741768 56.647560957819223 2893.2790610566735 1140.1946214810014 105.02218697220087 737.99414405226707 571.96512787044048 62.972297802567482 263.72208447009325 105.44430638849735 1736.6685361042619 55.72057332098484 299.93956167250872 2939.8772659152746 382.93208988755941 104.74031239002943 33.595008667558432 28.300149042159319 39.565881565213203 88.654031977057457 234.88575057685375 119.43382979929447 294.73993400484324 161.66979979723692 34.920003361999989 80.022875800728798 493.52626687288284 47.771809462457895 1198.8104383051395 422.16721114516258 44.807298049330711 41046.072296261787 294.75115650892258 1129.1527010127902 75.614740319550037 609.61193378269672 137.03087144717574 45.688726644963026 65.116006918251514 643.81872868537903 839.85578695684671 79.248233839869499 47.003209922462702 72.589393924921751 97.549406133592129 83.581198059022427 102.23848446458578 3733.148282520473 359.21872091293335 403.76499019935727 3038.8450851291418 127.31567994132638 33.74146980047226 75.266514994204044 895.99577071517706 54.842099118977785 877.41094715893269 72.241299152374268 70.38216956704855 190.47131256014109 118.75073579326272 388.88495915383101 275.61318287998438 2647.6807034835219 40.996691253036261 36.993291702121496 299.8295072466135 1877.813342705369 209.45609259977937 32.480199325829744 48.395729437470436 75.669768452644348 44.76514695957303 43.432144347578287 1778.3416786156595 362.00862566381693 27.561993140727282 83.051189102232456 10367.200204223394 1266.4695056378841 168.05587758868933 36.333449196070433 1379.005751952529 63.919938378036022 88.638843853026628 319.08023045957088 180.70089168101549 208.03550869598985 852.07862370461226 5181.4371414780617 92.075595840811729 347.92997272312641 106.06169002503157 79.282664559781551 67.889754593372345 31.128110975027084 1075.6880976557732 77.205274045467377 61.942045904695988 50.33324421569705 843.30040997266769 49.550831273198128 43.544829562306404 135.16058164834976 53.235728114843369 52.312787309288979 83.842278111726046 4313.1370673105121 421.5336598046124 268.23692319914699 32.491790439933538 42.590216305106878 74.601060159504414 316.83816982060671 1988.7059507593513 822.91752031445503 58.494974907487631 655.2956141680479 335.69871253147721 47.576449271291494 7658.8900571987033 117.84551989287138 140.57106690108776 38.866596445441246 81.551511198282242 916.69312470406294 308.78074402362108 45.732723884284496 33.744968928396702 64.871161926537752 229.49370121210814 4571.1652110815048 333.7773658297956 1931.6152065098286 36.168258380144835 60.45703387260437 42.668278828263283 67.551638793200254 36.767425637692213 161.05016351491213 56.529226131737232 68.78252512216568 47.962215632200241 284.63722970336676 59.074486866593361 130.07937006652355 79.091874912381172 69.900709573179483 39.599230211228132 89.845893874764442 142.50273361057043 208.0450798496604 108.13678056001663 45.312704555690289 246.98580153286457 48.23952528834343 157.46609076112509 71.969817958772182 143.68090032041073 24.6115747615695 58.12120658159256 43.151870027184486 67.375728003680706 52.513917475938797 79.386866934597492 193.027642801404 91.014753501862288 145.39961470663548 104.43698356673121 47.492990989238024 45.771199181675911 75.976338624954224 35.306463107466698 75.278895743191242 132.43156979233027 228.17701774835587 188.18063513189554 272.82619048655033 1354.5051798969507 242.98995227366686 54.627112299203873 35.603946886956692 84.402051210403442 125.45472328364849 303.42209579795599 1331.2908404842019 70.60929698497057 76.954412270337343 244.17971139773726 191.61468501761556 339.29787224158645 46.661847081035376 86.267295680940151 27.34886284917593 25.709552742540836 205.93940887600183 78.099096946418285 270.96924587339163 115.77360849827528 61.559357576072216 84.242233641445637 155.08847666531801 43.162974774837494 44.394088305532932 1866.4482872411609 61.531169191002846 166.3224465996027 252.915586784482 71.581110492348671 200.72850992530584 96.679873280227184 174.94631685316563 318.32313736528158 39.262353520840406 40.678435355424881 718.28747701644897 241.6748156696558 34.601453945040703 34.176310896873474 23.499263688921928 113.09500290825963 51.289579067379236 33.657551046460867 49.035682275891304 109.40269605815411 177.36381185799837 35.327414207160473 33.909929648041725 45.451460853219032 48.937757849693298 58.608228385448456 59.427988968789577 411.41467557474971 73.898757360875607 254.15913959220052 79.015935771167278 38.005867842584848 73.254655361175537 2585.334009423852 84.411141358315945 35.248776830732822 272.98613313958049 46.770120982080698 33.799599662423134
leaf_count=1844 2982 9142 24728 1224 8679 56350 2613 847 4640 526 17527 320 5576 4140 643 3319 7303 616 1316 760 4353 263 4062 3465 1468 262 241 480 406 609 1200 611 1782 1634 237 493 4553 584 13358 2342 355 27167 4621 3265 1151 11006 1810 549 323 3066 4381 556 687 701 1032 990 560 10200 1643 7110 8294 1256 390 759 2537 569 12916 686 547 1109 1751 2832 870 4449 387 434 1357 7446 1765 497 461 844 468 559 28587 1496 197 535 12190 2804 1624 449 9459 536 935 2635 2729 2261 6080 99399 691 1377 706 591 537 375 2857 244 219 690 10964 252 273 1444 277 534 769 8533 7803 4229 282 489 746 5405 38057 11846 512 9044 4365 304 9503 763 879 351 603 4637 2266 671 353 668 2519 7597 2965 7018 292 832 359 824 290 1279 367 668 228 2558 531 477 488 991 699 666 632 1393 591 452 1361 377 464 432 2289 307 654 468 547 527 544 1506 761 858 1095 369 484 582 368 449 607 1067 2903 3666 4123 1297 416 436 698 1296 1671 7256 243 706 2086 2978 5496 509 1382 406 341 787 461 1029 632 409 305 829 484 348 4173 403 1481 976 497 993 330 1018 1553 341 422 4986 2129 240 347 267 1094 786 420 365 1095 1481 393 412 437 401 448 465 7061 621 2707 1022 407 368 3278 504 353 3097 385 363
internal_value=0.0279171 0.033079 0.00388689 0.0250573 0.0353135 -0.000975037 0.0135592 0.0205672 0.0108138 0.003487 0.0363983 0.0127547 0.0291455 0.0320426 0.0275018 0.0172907 0.0110391 0.0157986 0.0172602 0.0236506 0.0297752 0.0279059 0.0109849 0.0331217 0.0248283 0.0229275 0.00179121 0.0209746 0.00637032 0.0197875 0.0315226 0.0293585 0.0200366 0.0199913 0.0116579 0.0167705 0.0105737 0.00927603 0.00767895 0.0217902 0.0179716 0.036935 0.0024795 0.0341004 -0.00452267 0.000665536 0.00985212 0.00154431 0.0296017 0.0253611 0.0248726 0.0275389 0.00414255 0.00443507 0.0154971 0.0156039 0.029814 0.0285123 0.0205898 0.000410648 0.0322139 0.0148065 0.0338935 0.0130584 0.0348081 0.0183508 0.00270513 0.0230531 0.0162625 0.0247744 0.00276762 0.0222538 0.023182 0.0316678 0.0181672 0.0220374 0.0231608 0.0300829 0.0134203 0.00441805 -0.00085464 0.0225187 0.0118409 0.00304447 -0.00113331 0.0213215 0.0104908 0.0158646 0.0361691 0.0344386 0.0108886 0.0164938 0.0189665 0.0204768 0.0153474 0.0171595 -0.00325368 0.00545217 0.0171968 -0.00493459 0.0234315 0.0211612 0.0182418 0.0119326 0.0142099 0.0122338 0.0272898 0.0211776 0.0286449 0.00107697 0.00866305 0.0248063 0.022602 0.0200819 0.017447 0.02361 0.0301234 0.0324339 -0.00336571 -0.00226424 0.00823781 0.00595706 0.0132982 -0.00567594 -0.00379497 0.00401466 0.00588399 0.00426511 0.00573679 0.0146382 0.0351518 0.0141741 0.0234165 0.0160132 0.0230696 0.0228004 0.017781 0.0159281 0.0213365 0.0111585 0.0117696 0.03371 0.0213366 0.0270797 0.0129659 0.00547324 0.00912757 0.0149918 0.0209842 0.01745 0.0131618 0.0143389 0.0227566 0.0115329 0.0234366 0.0265047 0.0248321 -0.00264736 0.00604683 0.0217792 0.0281577 0.0210229 0.0201773 0.0121678 0.0221214 0.0178311 0.0211019 0.0142977 -0.00293457 0.0077811 0.0146903 0.0157493 0.0112756 0.0193962 0.0215122 0.0168098 0.0216862 0.014043 0.0136035 0.0154272 0.0248576 0.0239939 0.0243617 0.0232549 0.0262214 0.019088 0.00737315 0.0101169 0.0288618 0.0193928 0.0147843 0.0127581 0.0144463 0.018981 0.0215315 0.0224204 0.0165258 0.0219408 0.0179431 -0.00034667 0.00266618 0.00644017 0.0131997 0.0280844 0.00133448 0.0246413 0.0263893 0.0274645 0.0246748 0.0215863 0.0238495 0.0274757 0.00923869 0.0114607 0.0320093 0.0217549 0.00794767 0.0261009 0.0231564 0.0176707 0.0234845 0.0224348 0.0204734 0.00345274 0.00931929 0.0199399 0.0215586 0.015601 0.019507 0.0148751 0.0200935 0.00146258 0.0073323 0.0226692 0.0242508 0.0216714 0.00739186 0.0102357 0.00242398 0.0165583 0.020352 0.0154084 -0.00133914 0.0321263 0.0104497 0.00937883 0.0252828 0.0306231 0.0342421 0.0235475 0.00824463 0.007284 0.0108601 0.0209773
internal_weight=181662 149538 32123.7 32585.4 116953 21378.4 10745.4 15536.5 8314.22 9467.65 87808.4 6741.89 17048.9 29144.4 11116.8 7540.36 1732.99 5996.71 4809.14 7996.1 5995.02 4258.35 5422.22 20768.4 5121.8 2431.15 7734.65 95.6366 1050.28 2463.43 9405.58 8376 2889.77 1319.66 5122.28 889.471 4232.81 3477.39 2781.41 1157.99 735.827 71154.3 1572.33 16654 11910.7 874.204 1187.56 7639.01 8256.57 5532.67 5269.75 2701.13 919.697 1277.58 1094.33 695.987 8132.02 5125.38 438.467 5482.14 5932.12 605.281 67.3365 1919.37 12877.2 501.037 1100.67 1543.65 317.57 1226.08 2171.72 2422.3 1369.09 3776.83 682.717 2326.41 1962.19 2977.16 307.73 2156.87 185.427 504.367 1002.13 98.2742 3310.42 1093.48 223.264 364.224 30108.2 11362.8 419.902 755.419 2626.05 1844.31 781.742 693.103 228.473 271.008 957.523 11036.5 2033.42 1180.43 832.5 398.363 661.067 557.871 1679.16 312.091 1367.07 1591.96 2552.93 428.697 379.146 335.602 719.085 225.559 137.078 7726.42 3549.53 347.732 79.495 1020.95 177.648 7486.98 2305.54 2111.19 1288.27 1191.77 990.994 292.587 11981.2 731.127 185.378 255.579 120.418 1281.19 364.501 155.092 109.36 1418.34 1353.46 8422.97 1662.36 2847.45 88.481 103.047 148.73 176.908 109.357 435.178 258.258 465.302 111.882 353.42 176.92 852.99 722.911 719.112 109.5 2420.67 247.525 2173.15 683.77 137.388 546.381 299.396 291.378 133.912 200.773 57.0918 735.166 677.045 308.965 368.08 315.566 236.18 130.581 234.054 526.743 443.162 93.2642 915.832 103.196 859.427 494.44 364.987 579.758 391.577 2262.66 488.088 245.098 349.898 314.294 209.857 2083.3 1779.88 278.654 124.531 327.231 2906.66 716.9 377.602 160.278 74.0107 217.324 1392.23 971.671 893.572 622.603 416.664 355.104 239.331 295.949 252.786 3006.64 289.708 241.589 908.157 525.225 272.31 1501.23 245.328 420.562 136.812 201.729 1328.34 959.962 368.379 632.517 262.538 187.749 74.7888 74.6542 369.979 335.802 286.767 208.392 173.064 79.3614 93.7029 251.156 124.544 2189.76 130.546 1531.99 1277.83 96.5008 169.935 7156.5 192.548 618.298 583.05 310.063 80.5697
internal_count=781023 310974 470049 158945 152029 360856 109193 99670 92355 138971 85317 70193 59275 66712 45405 58541 20436 50149 38696 41129 21947 17594 60152 40235 23458 16838 118535 1111 13668 14572 23091 26477 20708 10041 56090 8900 47190 40316 33431 8407 6065 56884 22162 28433 221885 14871 11453 117424 25866 26557 25710 10256 12501 17541 8213 6885 25078 16765 2199 87608 13870 5124 631 17988 20719 4117 15726 8392 2251 6141 33738 13729 6359 7714 6768 16576 13521 10428 2893 29816 2271 4260 9182 1128 53870 5489 2810 3055 29717 17144 3890 6874 19392 13449 5943 5008 3313 2877 6840 207014 10897 6866 5489 3226 6648 5743 5416 1444 3972 25418 30118 3416 3164 2891 6425 1872 1046 17675 64153 5198 969 13031 2067 142861 43462 29267 17421 16502 13409 2634 18182 6305 1234 2398 954 7166 2529 2175 1504 13871 13203 13679 12164 11981 826 1321 1065 1815 991 3362 2068 3990 764 3226 1294 4031 3554 12696 1690 13202 1275 11927 4424 1143 3281 1920 1115 651 3093 804 6486 5832 2787 3045 2518 1974 1167 1467 5368 4378 853 4963 905 4022 2103 1919 8320 5417 8057 2822 1525 3525 3089 1994 11261 9590 1636 1010 2621 46760 11112 5616 2297 915 3319 6565 4452 3991 2962 2175 1766 1134 2943 2459 8313 1470 2240 3934 2466 1490 7954 1565 2113 1373 1701 10320 7115 3205 6242 2954 1901 1053 807 3288 2941 2576 2111 1718 849 869 1543 788 35648 941 17087 14380 919 698 10875 1095 6717 6364 3267 748
is_linear=0
shrinkage=0.01


end of trees

feature_importances:
Column_3=1079
Column_1=1009
Column_2=881
Column_6=856
Column_4=770
Column_0=700
Column_5=515
Column_8=230
Column_7=56

parameters:
[boosting: gbdt]
[objective: binary]
[metric: auc,binary_logloss]
[tree_learner: serial]
[device_type: cpu]
[data_sample_strategy: bagging]
[data: ]
[valid: ]
[num_iterations: 3000]
[learning_rate: 0.01]
[num_leaves: 255]
[num_threads: -1]
[seed: 20260825]
[deterministic: 0]
[force_col_wise: 0]
[force_row_wise: 0]
[histogram_pool_size: -1]
[max_depth: -1]
[min_data_in_leaf: 300]
[min_sum_hessian_in_leaf: 0.001]
[bagging_fraction: 0.9]
[pos_bagging_fraction: 1]
[neg_bagging_fraction: 1]
[bagging_freq: 5]
[bagging_seed: 20260825]
[bagging_by_query: 0]
[feature_fraction: 0.7]
[feature_fraction_bynode: 1]
[feature_fraction_seed: 20260825]
[extra_trees: 0]
[extra_seed: 27901]
[early_stopping_round: 0]
[early_stopping_min_delta: 0]
[first_metric_only: 0]
[max_delta_step: 0]
[lambda_l1: 1]
[lambda_l2: 2]
[linear_lambda: 0]
[min_gain_to_split: 0]
[drop_rate: 0.1]
[max_drop: 50]
[skip_drop: 0.5]
[xgboost_dart_mode: 0]
[uniform_drop: 0]
[drop_seed: 29628]
[top_rate: 0.2]
[other_rate: 0.1]
[min_data_per_group: 100]
[max_cat_threshold: 32]
[cat_l2: 10]
[cat_smooth: 10]
[max_cat_to_onehot: 4]
[top_k: 20]
[monotone_constraints: ]
[monotone_constraints_method: basic]
[monotone_penalty: 0]
[feature_contri: ]
[forcedsplits_filename: ]
[refit_decay_rate: 0.9]
[cegb_tradeoff: 1]
[cegb_penalty_split: 0]
[cegb_penalty_feature_lazy: ]
[cegb_penalty_feature_coupled: ]
[path_smooth: 0]
[interaction_constraints: ]
[verbosity: -1]
[saved_feature_importance_type: 0]
[use_quantized_grad: 0]
[num_grad_quant_bins: 4]
[quant_train_renew_leaf: 0]
[stochastic_rounding: 1]
[linear_tree: 0]
[max_bin: 255]
[max_bin_by_feature: ]
[min_data_in_bin: 3]
[bin_construct_sample_cnt: 200000]
[data_random_seed: 4775]
[is_enable_sparse: 1]
[enable_bundle: 1]
[use_missing: 1]
[zero_as_missing: 0]
[feature_pre_filter: 1]
[pre_partition: 0]
[two_round: 0]
[header: 0]
[label_column: ]
[weight_column: ]
[group_column: ]
[ignore_column: ]
[categorical_feature: ]
[forcedbins_filename: ]
[precise_float_parser: 0]
[parser_config_file: ]
[objective_seed: 9445]
[num_class: 1]
[is_unbalance: 1]
[scale_pos_weight: 1]
[sigmoid: 1]
[boost_from_average: 1]
[reg_sqrt: 0]
[alpha: 0.9]
[fair_c: 1]
[poisson_max_delta_step: 0.7]
[tweedie_variance_power: 1.5]
[lambdarank_truncation_level: 30]
[lambdarank_norm: 1]
[label_gain: ]
[lambdarank_position_bias_regularization: 0]
[eval_at: ]
[multi_error_top_k: 1]
[auc_mu_weights: ]
[num_machines: 1]
[local_listen_port: 12400]
[time_out: 120]
[machine_list_filename: ]
[machines: ]
[gpu_platform_id: -1]
[gpu_device_id: -1]
[gpu_device_id_list: ]
[gpu_use_dp: 0]
[num_gpu: 1]

end of parameters

pandas_categorical:null
