tree
version=v4
num_class=1
num_tree_per_iteration=1
label_index=0
max_feature_idx=142
objective=binary sigmoid:1
feature_names=Column_0 Column_1 Column_2 Column_3 Column_4 Column_5 Column_6 Column_7 Column_8 Column_9 Column_10 Column_11 Column_12 Column_13 Column_14 Column_15 Column_16 Column_17 Column_18 Column_19 Column_20 Column_21 Column_22 Column_23 Column_24 Column_25 Column_26 Column_27 Column_28 Column_29 Column_30 Column_31 Column_32 Column_33 Column_34 Column_35 Column_36 Column_37 Column_38 Column_39 Column_40 Column_41 Column_42 Column_43 Column_44 Column_45 Column_46 Column_47 Column_48 Column_49 Column_50 Column_51 Column_52 Column_53 Column_54 Column_55 Column_56 Column_57 Column_58 Column_59 Column_60 Column_61 Column_62 Column_63 Column_64 Column_65 Column_66 Column_67 Column_68 Column_69 Column_70 Column_71 Column_72 Column_73 Column_74 Column_75 Column_76 Column_77 Column_78 Column_79 Column_80 Column_81 Column_82 Column_83 Column_84 Column_85 Column_86 Column_87 Column_88 Column_89 Column_90 Column_91 Column_92 Column_93 Column_94 Column_95 Column_96 Column_97 Column_98 Column_99 Column_100 Column_101 Column_102 Column_103 Column_104 Column_105 Column_106 Column_107 Column_108 Column_109 Column_110 Column_111 Column_112 Column_113 Column_114 Column_115 Column_116 Column_117 Column_118 Column_119 Column_120 Column_121 Column_122 Column_123 Column_124 Column_125 Column_126 Column_127 Column_128 Column_129 Column_130 Column_131 Column_132 Column_133 Column_134 Column_135 Column_136 Column_137 Column_138 Column_139 Column_140 Column_141 Column_142
feature_infos=[0:356] [0:179] [0:90] [0:60] [0:30] [0:7] [0:3632863.5] [0:2265290.2000000002] [0:1209304.6000000001] [0:795680.40000000002] [0:504398] [0:316450] [0:71847] [0:40528] [0:17430] [0:10268] [0:2808] [0:665] [0:86575.199999999997] [0:66684.600000000006] [0:53900] [0:2584] [0:2584] [0:2584] [0:2584] [0:2584] [0:2584] [0:2584] [0:2584] [0:2584] [0:98525] [0:43939] [0:34426] [0:15682] [0:15515] [0:6678] [0:3758] [0:1859] [0:57447] [0:25995] [0:15965] [0:7902] [0:29449] [0:16109] [0:9379] [0:3417] [0:1937255] [0:869273.69999999995] [0:417364.94] [0:186820.53] [0:2159439] [0:776926] [0:233544] [0:135576] [0:312448] [0:158415] [0:85857] [0:46056] [0:35574] [0:32824] [0:27905] [0:12720] [0:1371] [0:1175] [0:1078] [0:234] [0:35056] [0:32549] [0:27753] [0:12616] [0:2808] [0:1571] [0:665] [0:365] [0:30] [0:14] [0:7] [0:3] [0:30] [0:14] [0:7] [0:3] [0:30] [0:14] [0:7] [0:3] [0:30] [0:14] [0:7] [0:3] [0:30] [0:14] [0:7] [0:3] [0:30] [0:14] [0:7] [0:3] [0:30] [0:14] [0:7] [0:3] [0:30] [0:14] [0:7] [0:3] [0:30] [0:14] [0:7] [0:3] [0:30] [0:14] [0:7] [0:3] [0:8.7700814999999999] [0:3.2673798000000001] [0:3.5] [0:2.9078947999999998] [0:8] [0:4] [0:3] [0:3] [0:3] [0:3] [0:3] [0:5] [0:5] [0:106] [0:106] [0:107] [0:107] [0:109] [0:109] [0:111] [0:111] [0:3] [0:3] [0:3] [0:3] [0:10] [0:10] [0:10] [0:10]
tree_sizes=27063 27660 27620 27587 27699 27602 27610 27684 27650 27683 27719 27703 27756 27809 27720 27737 27763 27849 27734 27693 27821 27747 27799 27752 27820 27787

Tree=0
num_leaves=255
num_cat=0
split_feature=7 7 55 55 58 55 6 8 6 58 8 60 54 7 37 54 29 1 54 7 6 6 8 49 72 55 6 62 10 55 6 49 54 58 62 89 63 60 13 52 7 60 114 62 10 137 52 8 6 47 54 89 47 27 55 72 63 47 133 24 118 134 119 52 6 54 130 1 55 2 64 28 7 133 33 8 21 54 50 136 62 8 88 8 49 114 36 55 8 6 118 20 6 116 113 52 13 7 55 6 47 27 128 27 13 6 131 114 52 36 50 31 36 6 42 13 42 131 8 114 115 28 116 6 27 20 27 54 49 131 128 47 94 54 40 33 117 30 8 24 20 64 6 58 47 37 1 60 54 47 49 6 21 39 116 134 6 29 115 54 80 128 117 55 24 49 60 58 116 54 28 8 8 119 13 26 36 117 131 7 107 27 62 58 130 107 67 114 6 4 27 94 10 21 81 107 98 27 33 118 114 24 10 39 115 13 50 94 115 127 8 31 55 30 114 38 47 42 43 19 114 111 10 6 37 80 94 55 6 33 6 55 49 10 20 95 21 19 106 6 29 24 88 131 19 28 7 30 30 75 6 1 114 50
split_gain=2.64617e+06 213433 211389 49052.5 32662.7 31941 29615.5 17017.2 9600.2 8263.27 7515 7427.02 6942.32 5813.04 5532.48 4671.8 3783.97 3661.63 3539.53 2989.09 2681.51 2536.83 2524.84 2522.18 2286.72 2046.87 1945.03 1806.34 1614.66 1491.23 1451.49 1419.22 1397.56 1360.75 1344.9 1276.43 1255.94 1155.99 1136.57 1113.74 1045.69 1021.57 1010.42 890.744 861.002 839.242 827.732 802.7 799.799 799.715 797.288 793.186 789.525 774.739 750.682 742.899 727.58 724.606 723.527 722.789 799.327 714.601 712.624 712.352 996.009 708.24 671.331 671.068 669.916 617.603 609.782 770.239 599.655 596.31 586.847 564.732 562.561 558.353 679.599 557.115 542.229 540.802 551.456 537.877 536.463 534.282 532.124 529.023 524.789 522.98 521.847 517.41 516.561 516.134 509.373 507.727 504.984 503.592 497.399 494.258 618.591 496.779 486.932 483.657 478.987 478.822 476.64 468.318 514.636 466.662 463.048 460.9 460.257 456.211 455.132 453.844 450.827 442.736 440.456 434.45 431.684 427.036 423.322 420.995 420.663 537.407 416.721 416.615 413.779 412.445 411.004 410.579 403.232 396.63 394.555 391.255 391.003 385.85 390.549 398.043 381.007 380.269 373.086 381.867 472.508 387.07 371.821 394.731 370.173 397.111 554.469 366.131 433.972 447.456 365.819 363.062 362.299 481.698 360.379 355.559 355.189 354.347 348.404 518.966 378.694 348.388 346.976 597.51 605.61 441.171 365.024 565.636 346.631 346.524 343.931 341.297 340.885 340.15 395.092 351.669 339.984 338.832 337.247 336.818 335.41 387.511 334.095 333.051 332.239 332.179 331.018 536.289 367.571 400.509 520.064 328.387 327.946 325.796 325.357 323.102 420.241 321.38 421.872 320.977 319.986 319.203 428.216 353.021 317.276 340.739 316.757 314.559 572.251 609.862 379.156 362.906 317.228 313.928 385.619 312.806 312.616 328.668 308.451 308.238 307.763 305.08 303.338 517.442 302.671 302.616 354.34 302.34 302.121 515.577 301.579 301.025 340.587 298.95 298.684 340.503 451.65 297.78 297.732 467.806 374.963 295.788 451.517 295.448 295.09 351.942 318.668 320.033 294.362 359.484
threshold=1129.5400000000002 4390.2250000000013 138.50000000000003 434.50000000000006 163.50000000000003 806.50000000000011 421.47500000000008 179.84000000000003 3771.6550000000002 54.500000000000007 7227.0700000000006 61.500000000000007 28.500000000000004 2677.5950000000007 39.500000000000007 41.500000000000007 3.5000000000000004 5.5000000000000009 283.50000000000006 8037.6150000000007 1438.075 643.91000000000008 245.51000000000002 1604.1555500000002 1.0000000180025095e-35 138.50000000000003 947.57500000000016 27.500000000000004 254.16500000000005 333.50000000000006 1772.075 197.62146500000003 373.50000000000006 105.50000000000001 26.500000000000004 1.5000000000000002 8.5000000000000018 18.500000000000004 4.5000000000000009 40.500000000000007 124.93000000000002 30.500000000000004 0.011800054500000002 4.5000000000000009 301.05000000000007 2.5000000000000004 13.500000000000002 734.69500000000016 4203.5700000000006 90.637215000000012 96.500000000000014 2.5000000000000004 1499.7691000000002 1143.5000000000002 235.50000000000003 1.5000000000000002 1.0000000180025095e-35 339.54680000000008 93.500000000000014 1981.5000000000002 0.0044651921500000009 67.500000000000014 3.5000000000000004 309.50000000000006 5393.6350000000011 847.50000000000011 49.500000000000007 5.5000000000000009 1677.5000000000002 1.5000000000000002 3.5000000000000004 8.5000000000000018 1260.7950000000003 93.500000000000014 94.500000000000014 1584.9000000000003 460.50000000000006 161.50000000000003 1.5000000000000002 2.5000000000000004 16.500000000000004 361.75500000000005 2.5000000000000004 582.85500000000013 10070.937500000002 0.16789053000000001 18.500000000000004 321.50000000000006 3005.8000000000006 11507.830000000002 0.0019960877500000006 17.803846000000004 1438.075 0.00049905328000000014 1.0000000180025095e-35 44.500000000000007 27.500000000000004 708.94500000000005 916.50000000000011 6416.9050000000016 1202.7349000000002 764.50000000000011 89.500000000000014 1059.5000000000002 6.5000000000000009 3005.8450000000007 86.500000000000014 0.0066636297000000006 25.500000000000004 1.0000000180025095e-35 67.500000000000014 2584.5000000000005 30.500000000000004 10233.525000000003 123.50000000000001 34.500000000000007 50.500000000000007 92.500000000000014 956.02500000000009 0.037333797500000009 0.088334275000000018 51.500000000000007 0.0011561528500000002 4317.7650000000003 915.50000000000011 164.82702000000003 811.50000000000011 1005.5000000000001 377.65694000000002 51.500000000000007 82.500000000000014 20.757941500000005 18.500000000000004 882.50000000000011 32.500000000000007 419.50000000000006 0.030880194000000003 3382.5000000000005 1236.0200000000002 1371.5000000000002 33.200193000000006 1.5000000000000002 317.71500000000009 28.500000000000004 791.4656500000001 4.5000000000000009 4.5000000000000009 16.500000000000004 153.50000000000003 4044.3242500000006 748.12357500000019 5542.7000000000007 2132.5000000000005 120.50000000000001 0.017912878500000003 65.500000000000014 2195.4350000000004 7.5000000000000009 0.065576645000000017 450.50000000000006 3.5000000000000004 52.500000000000007 0.040854820500000007 60.500000000000007 2196.5000000000005 412.6857700000001 1.0000000180025095e-35 3.5000000000000004 0.0093921217500000011 121.50000000000001 135.50000000000003 29.920000000000005 160.19500000000002 3.5000000000000004 26.500000000000004 1.5000000000000002 1.0000000180025095e-35 0.052651962500000003 45.500000000000007 1408.2250000000001 2.5000000000000004 760.50000000000011 14.500000000000002 13.500000000000002 38.500000000000007 3.5000000000000004 34.500000000000007 0.014800301750000001 1088.7300000000002 1.5000000000000002 1240.5000000000002 22.500000000000004 85.910000000000011 1108.5000000000002 1.5000000000000002 4.5000000000000009 10.500000000000002 724.50000000000011 156.50000000000003 0.0050764725000000009 0.036147037500000007 2104.5000000000005 714.79500000000007 23.500000000000004 0.076588010000000012 31.500000000000004 15.500000000000002 13.500000000000002 0.17074728000000003 51.500000000000007 864.29500000000019 1233.5000000000002 58.500000000000007 2859.5000000000005 0.012150445000000001 71.500000000000014 2348.4367500000003 38.500000000000007 18.500000000000004 23.999763500000004 0.3023867300000001 4.5000000000000009 529.85000000000002 5102.5400000000009 4.5000000000000009 6.5000000000000009 6.5000000000000009 36.500000000000007 325.39500000000004 98.500000000000014 109.52000000000002 280.50000000000006 116.53784500000002 476.99500000000006 159.00846000000004 12.500000000000002 1958.5000000000002 38.874632000000005 6.5000000000000009 881.92000000000019 5.5000000000000009 2203.5000000000005 2.5000000000000004 68.500000000000014 20.686250000000005 91.500000000000014 136.49000000000004 1364.5000000000002 509.50000000000006 13.500000000000002 588.62000000000012 5.5000000000000009 0.020728468000000003 16.500000000000004
decision_type=2 2 2 2 2 2 2 2 2 2 2 2 2 2 2 2 2 2 2 2 2 2 2 2 2 2 2 2 2 2 2 2 2 2 2 2 2 2 2 2 2 2 2 2 2 2 2 2 2 2 2 2 2 2 2 2 2 2 2 2 2 2 2 2 2 2 2 2 2 2 2 2 2 2 2 2 2 2 2 2 2 2 2 2 2 2 2 2 2 2 2 2 2 2 2 2 2 2 2 2 2 2 2 2 2 2 2 2 2 2 2 2 2 2 2 2 2 2 2 2 2 2 2 2 2 2 2 2 2 2 2 2 2 2 2 2 2 2 2 2 2 2 2 2 2 2 2 2 2 2 2 2 2 2 2 2 2 2 2 2 2 2 2 2 2 2 2 2 2 2 2 2 2 2 2 2 2 2 2 2 2 2 2 2 2 2 2 2 2 2 2 2 2 2 2 2 2 2 2 2 2 2 2 2 2 2 2 2 2 2 2 2 2 2 2 2 2 2 2 2 2 2 2 2 2 2 2 2 2 2 2 2 2 2 2 2 2 2 2 2 2 2 2 2 2 2 2 2 2 2 2 2 2 2
left_child=2 3 6 8 9 7 12 16 18 17 34 13 40 33 22 30 46 181 38 56 23 29 45 47 35 50 42 96 39 110 172 141 83 48 89 62 63 -24 -2 68 74 91 97 67 76 70 69 52 55 176 53 65 59 154 156 72 -11 -26 109 142 87 103 -14 64 73 81 77 -27 -16 119 71 -7 121 165 -1 -38 -20 78 120 85 220 204 136 -19 129 124 189 -61 -21 -6 -49 -22 132 180 140 242 -12 162 201 100 101 -52 182 112 -64 -93 118 126 148 -40 159 -81 -46 -85 127 -108 203 190 -34 -4 -51 -5 -47 -32 125 205 -68 199 228 198 -100 -42 146 -58 -130 -48 -83 177 139 -139 -25 196 -9 144 -144 -146 147 -73 211 150 226 152 153 232 -10 -116 157 -23 -112 175 -60 224 164 -164 -17 -13 -88 -168 170 -170 171 -169 -8 -133 -90 -18 -28 178 -111 -180 -54 -3 186 -151 -145 217 -39 -107 -79 -37 191 192 193 -56 -195 -182 229 -179 -33 -95 -201 202 -35 -84 248 206 207 -78 209 -53 -92 214 213 -213 -109 -215 -216 218 -186 -198 -15 -222 -57 -45 -63 -136 -150 -228 -71 230 -31 -142 233 -69 245 236 -131 -121 239 240 -124 -161 -59 244 -244 -175 -247 -196 249 -44 251 -250 -252 -254
right_child=1 4 5 11 10 14 15 20 25 19 27 36 24 80 28 26 21 32 44 88 41 54 37 94 57 43 49 -29 -30 31 123 84 106 98 -36 86 75 102 58 -41 131 -43 51 223 61 122 135 90 -50 66 99 208 93 -55 117 222 133 95 160 60 -62 161 104 -65 -66 -67 107 151 -70 128 -72 92 -74 -75 -76 -77 79 188 -80 111 -82 82 116 113 -86 -87 166 -89 174 -91 210 105 -94 114 -96 -97 -98 -99 130 -101 -102 -103 -104 -105 -106 187 115 108 -110 137 158 -113 -114 -115 155 -117 -118 -119 -120 237 -122 -123 238 -125 -126 -127 -128 -129 134 235 -132 173 -134 -135 225 -137 -138 138 -140 -141 231 -143 143 184 145 -147 -148 -149 149 183 -152 -153 -154 -155 -156 -157 -158 -159 -160 241 -162 -163 163 -165 -166 -167 167 168 169 -171 -172 -173 -174 234 -176 -177 -178 197 179 -181 195 -183 -184 -185 185 -187 -188 -189 -190 -191 -192 -193 -194 194 247 -197 219 -199 -200 200 -202 -203 -204 -205 -206 -207 -208 -209 -210 -211 -212 212 -214 215 216 -217 -218 -219 -220 -221 221 -223 -224 -225 -226 -227 227 -229 -230 -231 -232 -233 -234 -235 -236 -237 -238 -239 -240 -241 -242 -243 243 -245 -246 246 -248 -249 250 -251 252 -253 253 -255
leaf_value=-2.7461065322439535 -2.7205481085510104 -2.7161567840269969 -2.7218130621325614 -2.7160815101828457 -2.60603824295797 -2.6515466885455452 -2.7380339383595862 -2.7295775457146609 -2.7118213659793291 -2.6289327824469129 -2.6058484932832808 -2.6627210411523667 -2.7395697688920726 -2.6248799583139619 -2.6922990580390804 -2.7402873302114781 -2.7232713355547298 -2.683287152368893 -2.6454899759164352 -2.6161295740770258 -2.7055520986699308 -2.6800601133813542 -2.676328613392065 -2.6530965572429595 -2.7310859228940378 -2.6858738245785556 -2.6982887565894029 -2.5806331301166869 -2.6166316602854929 -2.7396940740033409 -2.7150919442008106 -2.6893336583147014 -2.6510313013275812 -2.6611268776203647 -2.5904313841838422 -2.7311630212317297 -2.6169462792229261 -2.6578339878415216 -2.7241582490741614 -2.6298037722469276 -2.7412617325780215 -2.6466779681356334 -2.7206797305272827 -2.6483213269543162 -2.6694507383094823 -2.7160006008002506 -2.6772312040715822 -2.7010616478475127 -2.6401346289198528 -2.7113708670718175 -2.7047269299258998 -2.6932860901325819 -2.7133309954500375 -2.6501376145224831 -2.6661870913090762 -2.6586577389279058 -2.6309335822014157 -2.722956051337762 -2.7480781056794075 -2.6935409844959599 -2.7242757717935699 -2.7007510951313161 -2.7331409850991091 -2.6044649237914066 -2.6136604834021107 -2.678383222606715 -2.7095391561293183 -2.6962178425370524 -2.6519902993986513 -2.7259329239727275 -2.6527182567651892 -2.7122845332356178 -2.6620144083576478 -2.6683456876195466 -2.7403808551287749 -2.6008066050484824 -2.7145367884892218 -2.7109976986598645 -2.7263152546751757 -2.6999724485151781 -2.6121263469088731 -2.7321888787795987 -2.6998748012197837 -2.6589164498645887 -2.6558014708618551 -2.7187441406405539 -2.7352585336304904 -2.6562253529239643 -2.6118250218010206 -2.596977416118273 -2.6461034918459978 -2.6743078728629799 -2.6607443114727896 -2.6911980283103638 -2.6534586793115795 -2.6674819934718506 -2.5876875584726302 -2.6964235738582985 -2.6300351096455223 -2.6490170121253644 -2.6524399245295456 -2.6706813355056345 -2.6844091677174626 -2.6385172694740886 -2.709480100013165 -2.6901171472047469 -2.6664934235305426 -2.6964157875913761 -2.6703763908198477 -2.7021083271911199 -2.6872476460213472 -2.6593756756935734 -2.6417110214295145 -2.6324537458268882 -2.7106474284159652 -2.6267890533246958 -2.7236976118586873 -2.7275945531538337 -2.6170447837791695 -2.7180001943102341 -2.6669819980722052 -2.663958817786845 -2.6638952698166274 -2.6822978834153219 -2.662694322583226 -2.659555450889282 -2.6634300050141002 -2.6580876720937474 -2.6585830991839332 -2.6850861845538443 -2.6550372200151875 -2.7426041082874684 -2.7001414568014552 -2.6104150933270529 -2.7193999174964016 -2.6345763899135326 -2.6971871140321149 -2.7479171651443006 -2.6733674900922404 -2.7021796167945631 -2.7101405779989145 -2.7009857330943907 -2.7064733127033018 -2.6851616993576508 -2.7047243115595445 -2.6575389198386916 -2.6505134419785628 -2.6752383365257431 -2.6789837985175278 -2.6937104579333049 -2.6689191826965319 -2.6426046361163205 -2.6826516683465611 -2.6880956153037379 -2.6705004603953819 -2.6736971612837745 -2.6901778185423222 -2.7209239839855499 -2.7253784568342181 -2.7186419106741031 -2.7022581999729001 -2.7096719563690885 -2.7364350865103115 -2.6772486448513901 -2.7036313270800045 -2.6281172125161159 -2.6804804621513147 -2.6755105250182654 -2.7277094808654363 -2.6762430915930384 -2.7370228547385458 -2.7323866784131674 -2.7266847301278854 -2.7106213428814838 -2.5970118939270965 -2.7352269566023883 -2.7250299214798259 -2.684889680065544 -2.6899354626626382 -2.6681792255025352 -2.6756525879100508 -2.6768754210070429 -2.6356011313998016 -2.7379917176072071 -2.7199058084459939 -2.6883122075207213 -2.6392961301036815 -2.6525124115597878 -2.6723566064988939 -2.7031154917977838 -2.6685428389170891 -2.7180045383654381 -2.7193275904623841 -2.7183911591785446 -2.6615139070838416 -2.7181170148664036 -2.691857952166909 -2.7209695192200001 -2.7251754734107956 -2.6899868396648161 -2.6507893245922474 -2.6320322019490567 -2.63449304982846 -2.6624457491145894 -2.7254261072048753 -2.6626698596011091 -2.7301921789826564 -2.6810142159949422 -2.6645249800505844 -2.7270851503722446 -2.6847081150726777 -2.6526146798577566 -2.7310539682230646 -2.7372111914142447 -2.7289102670572802 -2.6847323402363505 -2.7030033696099274 -2.729318997470441 -2.6752257242831177 -2.7289352481490567 -2.6704650027905412 -2.6251457205547082 -2.6339962601221956 -2.6292716698657586 -2.6575389198386916 -2.6725699160199938 -2.7285682056201295 -2.7008286218922035 -2.6855756995709985 -2.7431138827307535 -2.6945866780956824 -2.6772031312308608 -2.6398181345212834 -2.6385252583057119 -2.6850662712001307 -2.727245153665327 -2.7093796123592622 -2.6752340823111744 -2.7170328910534338 -2.6534569487208177 -2.7181511465274926 -2.6888129866799129 -2.7318015639116 -2.7338788659621076 -2.689357016990626 -2.6956075943743003 -2.7384177684016984 -2.6913725393376504 -2.7340637267891275 -2.6670349769171962 -2.695974615196151 -2.6959809424707957 -2.7276321948513003 -2.6868224919505725
leaf_weight=12293.008507728577 150.22103106975555 40.631909117102623 89.198640286922455 45.222638040781021 1727.8314317464828 104.35154120624065 854.11449219286442 62.057925641536713 89.642237320542336 506.50995448231697 311.18110582232475 51.855196878314018 3551.5039903372526 1744.9983436018229 71.745027244091034 318.6666204482317 867.68485102057457 42.835630342364311 57.824499681591988 343.54442535340786 48.009739026427269 31.775660738348961 225.62038505077362 56.12142975628376 153.43746514618397 66.693585157394409 62.172747597098351 8548.5963728576899 370.54107823967934 34.342389300465584 162.18531087040901 34.430823639035225 67.515166893601418 288.25598607957363 3125.0162739604712 1346.0898666828871 613.69138850271702 525.23231039941311 35.703133627772331 202.94630739092827 338.89449737966061 233.70283597707748 25.635195136070251 222.19926933944225 345.79378758370876 73.16639144718647 73.496593371033669 46.552715718746185 431.04855377972126 43.423289135098457 64.516251549124718 142.35324819386005 106.49535447359085 43.441832110285759 89.555943250656128 157.18521867692471 195.74391931295395 110.95842434465885 29.725272759795189 90.10366390645504 42.11959907412529 33.438792526721954 1843.7014883607626 291.0751820653677 606.74431852996349 48.47544464468956 37.406203553080559 42.102482944726944 141.47318685054779 31.911164432764053 152.18655182421207 48.755723521113396 500.81593659520149 59.439135268330574 2102.7677941471338 856.42092524468899 47.588250577449799 30.792187690734863 73.262670427560806 206.10996472835541 553.62893533706665 90.295508444309235 57.955010920763016 140.48971380293369 31.280001893639565 28.970730200409889 88.416996687650681 84.728439196944237 395.80042894184589 3316.541741669178 82.209493413567543 724.15201072394848 90.916687577962875 203.94689506292343 250.41973601281643 32.254203453660011 6344.9252075999975 39.337490543723106 903.53205694258213 299.48854532837868 175.74639821052551 199.35759298503399 50.788281947374344 136.57579143345356 88.128159746527672 37.538141638040543 69.296686246991158 62.826732143759727 41.374328002333641 73.978701695799828 63.217553943395615 34.330265626311302 96.048005938529968 283.18528909981251 90.866764530539513 97.992843449115753 35.018482431769371 34.535660684108734 951.46406146883965 28.229024738073349 54.650855928659439 25.385582908987999 27.180652782320976 53.750824764370918 279.20147386193275 93.13752493262291 54.106700882315636 117.09675118327141 105.78645592927933 259.19468127191067 116.52192948758602 98.581214159727097 187.86543659865856 1542.6653722077608 29.655381396412849 45.36884006857872 48.88766160607338 25.275039985775948 30.832125827670097 64.200313568115234 45.960064470767975 68.988592907786369 114.43944801390171 46.570545271039009 33.127133578062057 53.874204784631729 42.046142101287842 94.497555837035179 53.320778250694275 23.344466418027878 56.020158320665359 467.23950161039829 79.65845413506031 41.299444183707237 29.633986234664917 41.233831852674484 71.714360594749451 245.66497400403023 44.173552662134171 379.56420587003231 34.579877853393555 45.389521807432175 35.623970776796341 23.994171932339668 28.878730252385139 803.51663997769356 47.764405831694603 27.584311679005623 27.491598308086395 46.992033720016479 140.18732483685017 45.033645689487457 392.32581855356693 102.87026904523373 2714.2619183510542 334.04559816420078 210.77343720197678 60.821274757385254 136.78831771016121 288.71170678734779 73.979415118694305 60.272840678691864 240.67344138026237 54.877646148204803 67.324747696518898 46.544157654047012 198.13092701137066 238.33706864714622 189.64481718838215 41.99265344440937 73.031601175665855 78.016004085540771 39.977924570441246 63.901491716504097 47.580405935645103 28.343133270740509 41.444219365715981 47.934855207800865 95.56233049929142 66.241430059075356 67.344004094600677 156.64249047636986 112.8141155987978 51.684034079313278 580.65054146945477 41.084777638316154 31.371288418769836 136.77120158076286 31.056063860654831 40.723909065127373 46.228219673037529 33.386730715632439 41.553335443139076 25.042543888092041 236.39508181810379 27.018048048019409 58.670328766107559 147.3590462654829 27.470203146338463 52.332312747836113 57.16124364733696 39.268312603235245 167.41290971636772 442.11922171711922 53.874204784631729 30.489800229668617 81.535539045929909 472.66321951150894 51.758204475045204 133.18248717486858 32.267040550708771 112.19792892038822 187.76416666805744 30.275133684277534 19.921210438013077 26.864001378417015 87.899942681193352 52.605460405349731 27.316156476736069 40.167630344629288 38.380405113101006 36.682327643036842 25.525365635752678 39.472994238138199 150.98199293017387 27.136435613036156 159.69988392293453 220.65095800161362 143.06214673817158 26.412559702992439 94.325679615139961 24.428497478365898 113.96019187569618 25.508249506354332
leaf_count=212063 2228 582 1332 648 7144 860 14088 972 1253 3165 1260 475 59095 10294 867 5325 13111 476 435 1726 639 340 2407 463 2429 764 786 15129 1881 573 2322 401 547 2666 8377 21337 3149 4708 539 1272 5694 1840 377 1783 3472 1051 782 599 3144 602 856 1743 1505 342 861 1410 1247 1670 521 1102 637 427 29567 1139 2926 517 511 521 1178 487 1279 681 4685 579 35149 3108 675 424 1125 2658 2588 1438 741 1262 259 421 1434 733 1832 10924 631 7616 827 2461 2133 305 15409 487 5756 2429 1475 2019 572 962 1212 441 665 783 407 964 732 298 700 1854 1260 575 527 533 4904 408 524 228 245 595 2623 837 500 1040 943 2981 1001 1670 2425 7008 433 289 611 443 309 836 632 891 1543 527 436 467 332 991 573 279 548 3518 890 478 288 419 852 3655 673 5568 447 622 581 247 376 4972 519 281 424 491 2298 717 6052 1427 8944 5421 3217 690 1631 2862 776 637 1644 904 992 541 1419 2008 1950 548 716 1136 585 932 429 410 495 710 1458 785 544 1010 748 472 8890 373 492 1515 284 627 521 267 656 410 3695 300 768 2308 279 816 568 211 1112 2774 467 303 1270 6144 589 2262 392 1200 1353 198 219 413 1208 546 392 328 557 426 404 634 1793 331 2640 2667 2305 246 1176 298 1766 288
internal_value=-2.66148 -2.60878 -2.7215 -2.64163 -2.59417 -2.68349 -2.73572 -2.69425 -2.66616 -2.61253 -2.58833 -2.627 -2.74072 -2.63448 -2.65553 -2.71492 -2.70799 -2.63192 -2.67952 -2.6066 -2.67811 -2.7117 -2.66395 -2.68482 -2.73307 -2.65198 -2.70939 -2.58405 -2.6326 -2.7169 -2.73026 -2.70643 -2.62833 -2.64422 -2.59632 -2.73451 -2.615 -2.65447 -2.69482 -2.64735 -2.74467 -2.66643 -2.71636 -2.64492 -2.67061 -2.6768 -2.68325 -2.69035 -2.65226 -2.70243 -2.66454 -2.71261 -2.6927 -2.6861 -2.6981 -2.65831 -2.61617 -2.71269 -2.69022 -2.69989 -2.68404 -2.66188 -2.73691 -2.62133 -2.62473 -2.71549 -2.69994 -2.6521 -2.66495 -2.69036 -2.67159 -2.67694 -2.66599 -2.63234 -2.74527 -2.60736 -2.67726 -2.68817 -2.70261 -2.67951 -2.62276 -2.71696 -2.70467 -2.64442 -2.69608 -2.67456 -2.72723 -2.67468 -2.60046 -2.60003 -2.6695 -2.67101 -2.68302 -2.68546 -2.66389 -2.70494 -2.5885 -2.72973 -2.63757 -2.65996 -2.66781 -2.67865 -2.64975 -2.65687 -2.73203 -2.66943 -2.62218 -2.7034 -2.7051 -2.6875 -2.72238 -2.69353 -2.66299 -2.64079 -2.6805 -2.64213 -2.691 -2.69165 -2.61911 -2.70586 -2.6856 -2.69567 -2.69554 -2.70644 -2.67261 -2.68094 -2.68115 -2.67556 -2.68019 -2.69892 -2.63271 -2.73316 -2.68886 -2.61259 -2.67073 -2.65942 -2.71941 -2.68576 -2.70346 -2.71513 -2.6768 -2.72189 -2.70581 -2.70312 -2.69201 -2.67423 -2.67801 -2.68724 -2.70639 -2.70186 -2.69933 -2.64959 -2.65863 -2.65272 -2.70052 -2.69825 -2.71028 -2.71582 -2.70232 -2.72376 -2.72324 -2.6847 -2.73316 -2.71124 -2.73709 -2.63002 -2.71742 -2.71279 -2.71856 -2.69433 -2.72742 -2.70954 -2.73444 -2.72642 -2.59881 -2.72658 -2.71865 -2.68241 -2.67874 -2.67489 -2.69987 -2.69186 -2.64805 -2.72387 -2.71006 -2.71445 -2.65248 -2.65721 -2.67741 -2.73026 -2.68968 -2.69281 -2.68868 -2.6859 -2.69165 -2.6867 -2.72705 -2.7001 -2.71501 -2.68209 -2.66915 -2.64683 -2.65313 -2.6811 -2.7204 -2.68928 -2.69504 -2.68926 -2.69464 -2.70055 -2.65889 -2.71347 -2.69983 -2.68528 -2.71853 -2.70881 -2.72352 -2.71989 -2.70582 -2.71181 -2.62609 -2.64998 -2.64535 -2.63534 -2.67276 -2.69414 -2.70237 -2.70484 -2.7002 -2.73445 -2.71735 -2.68624 -2.64757 -2.66991 -2.72124 -2.69351 -2.69101 -2.68919 -2.68486 -2.67719 -2.69397 -2.71576 -2.70907 -2.7022 -2.6953 -2.72411 -2.73181 -2.68551 -2.71406 -2.69164 -2.71721 -2.72802 -2.70967 -2.71947
internal_weight=83645.1 44536.4 39108.7 13710.1 30826.3 10644.7 28464 7690.76 5127.46 7452.21 23374.1 8582.64 22950.4 5299.89 2953.98 5513.57 4158.06 1753.68 2646.28 5698.53 3532.7 3619.56 2167.28 2250.96 7807.52 2481.18 4051.2 15204.7 786.706 2623.16 1462.38 897.789 1652.78 2904.84 8169.39 7294.89 3282.74 1240.45 978.772 416.165 15142.9 1281.74 2026.93 1579.35 1667.51 926.831 538.5 1786.26 1327.07 2024.26 901.827 1580.43 1611.27 162.718 996.405 896.022 2244.92 512.63 828.551 815.719 216.952 711.12 5483.33 1812.63 1521.56 1366.3 1751.32 915.033 213.218 419.634 720.62 568.433 571.424 914.811 14395.8 1470.11 956.39 391.774 171.337 898.565 2395.06 1317.82 283.841 466.511 535.232 658.125 1811.55 174.832 3453.61 5044.37 174.99 1048.04 464.082 795.548 464.699 359.193 6656.11 446.501 1577.77 739.109 439.62 263.874 1014.82 578.418 1931.83 1000.03 1186.27 1359.54 1268.03 764.245 1725.37 240.44 441.842 423.675 586.73 167.29 144.658 647.25 1018.98 170.033 98.0741 70.6082 206.211 215.936 629.155 349.953 91.5129 454.629 249.601 503.952 1020.05 747.104 373.165 1738.41 165.932 118.865 139.183 728.542 120.307 89.4754 214.279 362.557 598.767 536.709 201.441 87.0013 185.299 143.253 1226.65 741.762 663.54 848.339 381.1 301.441 119.276 132.101 349.155 277.441 107.391 1617.98 64.3052 132.703 407.163 59.6181 347.545 855.372 423.47 335.053 287.289 74.4836 212.805 72.618 1246.44 408.209 3110.06 1201.73 272.946 608.235 499.479 425.5 208.818 100.905 964.037 78.2221 335.269 288.698 723.363 275.875 220.437 1388.08 612.714 539.683 461.667 421.689 332.133 102.323 293.568 108.756 129.993 337.532 133.585 557.713 401.07 109.639 1033.98 256.816 215.731 184.359 214.133 183.077 128.438 484.893 127.001 85.4473 357.892 52.0606 295.065 242.154 94.795 93.7765 1841.43 96.4296 324.598 664.318 87.313 60.1452 607.52 554.199 83.6694 199.792 66.6094 158.158 260.142 72.3776 309.628 373.959 347.095 80.8345 133.045 105.729 65.5611 416.247 326.939 215.98 176.507 289.707 186.836 268.231 453.333 52.0478 401.285 167.491 233.794 139.468
internal_count=780829 196182 584647 102515 93667 121274 463373 95358 50098 35424 58243 52417 384351 36069 25916 79022 56898 11502 29157 23922 38460 50786 20718 25916 125158 20941 55965 31798 5198 38080 23057 12149 10283 22408 26445 117923 16348 10750 12180 3317 259193 12544 29322 12279 16977 9968 6112 21488 11227 26643 8662 22306 19737 1883 12706 8083 11420 7235 9952 10537 2472 6650 89874 10091 8952 19652 22640 7722 2045 5041 7395 6116 5561 6026 247212 6257 10327 4625 2251 9892 13661 19135 3789 3592 6720 6936 28049 1835 12502 18068 1751 10704 5256 9200 4428 4806 16669 7016 11181 6779 4350 2875 8343 5134 30779 10065 6691 18015 17004 8984 25931 2956 4172 3116 6509 1240 1740 7859 5451 2286 1126 876 2573 2917 6515 3892 1011 4830 2755 6461 6757 11981 4429 8255 1679 1071 2049 8445 1588 1279 2295 5429 8065 7093 2446 903 2004 1672 16597 9718 8535 6958 3440 2550 1541 1679 4847 3995 1405 24526 968 1516 6529 828 5701 5447 6164 4730 4211 915 3296 998 20140 6287 10776 18532 4003 6857 5457 4493 2691 1219 7771 1183 4647 4120 6127 2449 2374 21885 7326 6610 5474 4889 4028 1186 4538 1400 1859 3790 1329 4424 3414 1213 15346 3055 2682 2190 2654 2370 1152 6879 1633 977 5246 710 4463 3579 1271 1311 11073 779 2522 4557 894 736 7987 7414 1076 3227 965 1832 2072 719 4617 4602 4189 954 1522 1130 802 5994 4501 2831 2197 4398 2971 3096 6456 623 5833 2603 3230 2054
is_linear=0
shrinkage=1


Tree=1
num_leaves=255
num_cat=0
split_feature=8 54 8 54 13 56 58 13 60 54 56 58 8 13 8 8 56 18 13 8 13 17 18 8 48 8 57 18 56 47 72 27 13 57 8 56 18 60 13 56 18 13 54 13 56 69 102 129 98 18 19 45 102 13 18 18 54 1 102 13 18 104 18 28 54 18 27 1 19 13 121 52 38 116 8 98 15 10 54 53 59 102 18 43 54 1 115 18 13 37 32 85 19 51 27 18 104 64 27 116 9 18 54 27 8 56 13 57 1 13 60 54 13 116 115 28 78 54 115 47 40 18 57 42 130 98 18 13 54 11 1 115 64 32 43 28 47 47 47 30 18 115 45 99 19 117 57 20 18 43 37 130 57 56 87 37 39 134 20 27 54 27 32 18 124 19 20 54 27 52 20 18 28 56 115 116 19 10 47 8 47 60 32 133 92 11 18 21 34 2 28 30 114 32 68 54 114 19 47 38 9 78 35 57 18 123 20 32 52 16 13 114 60 54 114 48 40 115 53 114 47 8 47 116 56 124 43 32 34 56 116 47 133 115 48 38 8 34 114 19 42 18 30 96 19 22 130 43 30 32 35 21 48 8
split_gain=2.10398e+06 177522 169099 37107.2 26865.8 24066.3 22270 11517.7 10225.2 7716.11 7662.23 4663.96 4160.7 4103.1 3606.48 3506.5 3412.89 3366.05 3202.34 2854.11 2456.55 2384.58 2279.06 2236.12 2086.9 1974.91 1568.83 1527.52 1501.78 1480.98 1473.79 1463.72 1425.16 1348.83 1312.14 1234.61 1221.74 1162.68 1096.53 1081.1 1022.91 1079.17 972.975 970.149 964.151 915.688 1046.14 883.824 856.877 794.895 791.195 785.458 779.204 777.973 1042.68 775.122 772.782 762.542 745.428 712.174 892.682 708.666 692.014 687.029 681.817 668.14 663.82 646.954 643.864 715.689 628.564 688.661 656.596 587.248 583.96 583.637 578.914 578.598 576.031 572.091 564.973 561.56 552.351 844.132 551.023 547.578 542.263 523.307 509.884 509.709 502.434 547.152 498.829 561.356 523.935 489.567 502.091 484.643 475.42 575.267 532.119 515.209 474.079 465.098 464.887 463.559 462.22 457.207 452.757 445.983 445.062 436.561 519.193 429.775 428.789 428.692 426.353 423.786 423.106 414.479 413.58 412.406 409.833 508.179 408.238 405.375 403.698 726.03 424.282 400.476 399.536 395.171 389.645 477.859 469.786 420.87 388.797 386.977 385.576 622.422 441.065 384.909 384.452 419.648 380.373 456.955 378.61 378.283 376.822 462.784 521.118 372.031 370.376 370.325 568.327 415.679 414.871 366.893 366.872 489.243 365.38 431.911 421.362 560.698 365.329 548.37 373.362 362.153 361.797 361.057 358.009 357.275 355.587 355.293 469.513 461.008 358.046 354.42 438.347 344.322 343.067 341.601 440.42 341.396 340.048 408.093 336.585 336.064 334.853 333.296 332.344 332.247 331.616 331.087 330.597 327.636 326.552 323.788 377.885 323.743 321.046 320.908 317.593 317.085 316.949 315.215 313.786 312.939 312.031 570.377 311.2 310.782 310.379 310.028 309.391 377.508 308.135 307.541 304.189 301.487 299.543 299.242 344.882 296.06 341.124 455.053 359.813 295.748 294.889 359.657 289.863 325.526 289.436 367.71 341.982 340.09 383.648 318.719 380.899 342.131 301.419 288.38 288.267 287.552 287.519 286.876 286.84 286.356 283.384 609.572 370.327 280.733 280.578 304.632
threshold=507.74500000000006 283.50000000000006 2225.1750000000006 651.50000000000011 2.5000000000000004 308.50000000000006 246.50000000000003 3.5000000000000004 32.500000000000007 734.50000000000011 6.5000000000000009 151.50000000000003 1038.0550000000001 5.5000000000000009 7227.0700000000006 5204.0800000000008 15.500000000000002 180.07519000000002 16.500000000000004 1015.7700000000001 8.5000000000000018 1.5000000000000002 169.65857500000001 120.22000000000001 154.99999000000003 1181.8500000000001 23.500000000000004 22.905000000000005 1261.5000000000002 244.69564000000005 2.5000000000000004 895.50000000000011 12.500000000000002 20.500000000000004 165.73500000000004 155.50000000000003 120.65636000000002 30.500000000000004 9.5000000000000018 137.50000000000003 145.18427000000005 8.5000000000000018 102.50000000000001 1.5000000000000002 49.500000000000007 10.500000000000002 2.5000000000000004 91.500000000000014 2.5000000000000004 133.68210000000002 69.881965000000008 19.500000000000004 2.5000000000000004 12.500000000000002 71.42625000000001 226.96537000000004 1149.5000000000002 12.500000000000002 1.5000000000000002 32.500000000000007 149.99187000000003 1.5000000000000002 73.73154000000001 10.500000000000002 99.500000000000014 189.91203500000003 1143.5000000000002 11.500000000000002 267.33542000000006 4.5000000000000009 1.5000000000000002 13.500000000000002 220.50000000000003 0.0014518003500000002 4190.1600000000008 5.5000000000000009 8.5000000000000018 275.74500000000006 1704.5000000000002 33.500000000000007 25.500000000000004 3.5000000000000004 279.00725000000006 8.5000000000000018 1661.5000000000002 13.500000000000002 0.17074728000000003 364.50160000000005 22.500000000000004 54.500000000000007 707.50000000000011 2.5000000000000004 83.588020000000014 12.500000000000002 455.50000000000006 124.46000000000002 1.5000000000000002 8.5000000000000018 654.50000000000011 0.0070393048500000015 1003.3450000000001 136.49211500000004 942.50000000000011 263.50000000000006 118.82000000000001 106.50000000000001 7.5000000000000009 113.50000000000001 15.500000000000002 11.500000000000002 1.0000000180025095e-35 342.50000000000006 5.5000000000000009 0.0045827365000000011 0.092787890000000026 73.500000000000014 15.500000000000002 2037.5000000000002 0.075556503000000011 33.752798000000006 25.500000000000004 259.30377500000003 2.5000000000000004 33.500000000000007 61.500000000000007 7.5000000000000009 215.86775500000002 31.500000000000004 831.50000000000011 233.84000000000003 5.5000000000000009 0.041127812000000007 1.5000000000000002 145.50000000000003 5.5000000000000009 3.5000000000000004 18431.625000000004 184.82334500000002 886.00720000000013 5506.5000000000009 32.70033500000001 0.064670785000000022 9.5000000000000018 8.5000000000000018 202.65500000000003 0.031806077000000009 245.50000000000003 58.602143000000005 82.423750000000013 50.500000000000007 1.5000000000000002 65.500000000000014 51.500000000000007 3.5000000000000004 7.5000000000000009 3.5000000000000004 54.500000000000007 28.500000000000004 50.636307000000009 543.50000000000011 519.50000000000011 903.50000000000011 733.50000000000011 101.69291500000001 2.5000000000000004 76.966145000000012 122.19250000000001 942.50000000000011 1082.5000000000002 5.5000000000000009 181.87000000000003 31.350217500000003 304.50000000000006 128.50000000000003 0.10829298200000001 0.0027440668500000004 171.86042500000002 194.84500000000003 20.757941500000005 605.70500000000015 177.84465500000002 2.5000000000000004 208.50000000000003 93.500000000000014 1.5000000000000002 39.925000000000004 31.350217500000003 2075.5000000000005 60.500000000000007 8.5000000000000018 109.50000000000001 2316.5000000000005 0.032260602000000006 184.50000000000003 4.5000000000000009 23.500000000000004 0.0092197695000000024 99.904055000000014 5177.9257000000007 27.500000000000004 217.91000000000003 22.500000000000004 27.500000000000004 25.500000000000004 30.576459500000002 2.5000000000000004 172.63410000000002 914.50000000000011 31.500000000000004 2.5000000000000004 4.5000000000000009 0.015915931000000005 34.500000000000007 440.50000000000006 0.014455248000000002 165.88793000000001 12.500000000000002 0.062498825000000008 1.5000000000000002 0.0033448811500000008 1627.5952000000002 918.79500000000007 966.21068000000002 0.0051819863500000016 2.5000000000000004 1.5000000000000002 7.5000000000000009 421.50000000000006 63.500000000000007 15.500000000000002 0.0013387777500000002 3929.5448000000001 91.500000000000014 0.053574640000000014 131.60263 20.500000000000004 120.22000000000001 51.500000000000007 0.064125284500000004 28.519293000000001 24.500000000000004 115.10246000000002 2402.5000000000005 1.5000000000000002 124.20252000000001 10.500000000000002 66.500000000000014 7.5000000000000009 529.50000000000011 194.50000000000003 14.500000000000002 1142.5000000000002 1840.4405000000004 260.10000000000008
decision_type=2 2 2 2 2 2 2 2 2 2 2 2 2 2 2 2 2 2 2 2 2 2 2 2 2 2 2 2 2 2 2 2 2 2 2 2 2 2 2 2 2 2 2 2 2 2 2 2 2 2 2 2 2 2 2 2 2 2 2 2 2 2 2 2 2 2 2 2 2 2 2 2 2 2 2 2 2 2 2 2 2 2 2 2 2 2 2 2 2 2 2 2 2 2 2 2 2 2 2 2 2 2 2 2 2 2 2 2 2 2 2 2 2 2 2 2 2 2 2 2 2 2 2 2 2 2 2 2 2 2 2 2 2 2 2 2 2 2 2 2 2 2 2 2 2 2 2 2 2 2 2 2 2 2 2 2 2 2 2 2 2 2 2 2 2 2 2 2 2 2 2 2 2 2 2 2 2 2 2 2 2 2 2 2 2 2 2 2 2 2 2 2 2 2 2 2 2 2 2 2 2 2 2 2 2 2 2 2 2 2 2 2 2 2 2 2 2 2 2 2 2 2 2 2 2 2 2 2 2 2 2 2 2 2 2 2 2 2 2 2 2 2 2 2 2 2 2 2 2 2 2 2 2 2
left_child=1 4 3 13 10 7 9 23 12 20 27 21 40 39 81 37 36 18 26 35 111 22 38 33 64 28 62 119 126 66 31 57 -17 121 63 82 42 58 70 98 53 117 108 51 167 46 85 49 -31 107 -24 129 -34 230 146 125 92 95 109 60 160 -27 76 -28 -12 80 245 78 69 203 71 73 186 204 152 -41 118 142 -51 -65 191 -8 83 86 -48 147 -15 -66 -76 131 91 251 93 102 -94 96 211 -16 99 -2 101 -100 158 -57 -86 120 193 -14 137 -11 -62 112 -4 -59 138 164 -113 151 -9 247 200 194 242 -124 220 170 127 128 -10 132 217 -73 134 -134 -26 -136 -47 -6 181 140 -140 246 -23 -144 145 199 202 -13 149 150 -71 206 -22 -120 -155 -156 -157 -97 184 -160 161 162 188 -164 -85 -166 -167 -25 -142 -53 195 -133 -105 174 175 176 -19 178 -38 -101 -137 -35 -183 218 185 -36 -72 -161 216 -49 -172 -46 -58 -64 223 -29 -159 198 -130 248 -20 -195 -55 227 -7 -152 -42 -163 209 -40 -180 -18 -188 -123 -212 -216 -50 -44 -30 -174 -92 222 -56 -3 226 -226 -225 -33 229 -147 -5 -232 233 235 -235 -213 -237 238 239 -236 -234 -106 -103 -198 -116 -21 -52 -1 -45 -250 -251 -75 253 -107
right_child=2 5 6 8 16 11 14 17 25 15 24 45 47 19 97 32 30 173 105 29 74 77 50 44 43 61 34 55 183 48 -32 68 52 114 56 -37 177 -39 208 75 41 -43 130 144 65 136 84 189 59 67 141 169 -54 54 221 103 192 113 -60 -61 110 -63 106 79 87 -67 -68 -69 -70 148 72 89 -74 90 88 -77 -78 -79 -80 -81 -82 -83 -84 115 104 -87 -88 -89 -90 -91 124 -93 94 -95 -96 157 -98 -99 100 179 -102 122 -104 172 241 252 -108 -109 -110 -111 -112 116 -114 -115 244 -117 -118 -119 153 -121 -122 213 123 -125 -126 -127 -128 -129 197 -131 -132 171 133 -135 135 180 -138 -139 139 -141 168 -143 143 -145 -146 228 -148 -149 -150 -151 205 -153 -154 154 155 156 -158 196 159 187 -162 207 163 -165 165 166 -168 -169 -170 -171 190 -173 219 -175 -176 -177 -178 -179 210 -181 -182 182 -184 -185 -186 -187 212 -189 -190 -191 -192 -193 -194 201 -196 -197 243 -199 -200 -201 -202 -203 -204 -205 -206 -207 -208 -209 -210 -211 214 232 -214 -215 215 -217 -218 -219 -220 -221 -222 -223 -224 224 225 -227 -228 -229 -230 -231 231 -233 240 234 237 236 -238 -239 -240 -241 -242 -243 -244 -245 -246 -247 -248 -249 249 250 -252 -253 -254 -255
leaf_value=-0.0084628855020840166 0.0087505406551826592 0.0039389550958114604 0.0087179471490179978 0.040180684081035069 0.0022303869316705554 0.011545543665666638 0.11765602492773335 0.013459658301051893 0.049378369734071025 0.063020065193526167 -0.0019322341045774473 0.037382033146340699 0.080877188483446383 0.039234174291685242 0.13221179931695884 0.087190727950109986 0.010557514922984564 0.019230701523816375 0.075414504810812549 0.024509317808633947 0.083528829592288578 0.053808647831477111 0.040165209812718865 0.016727240389198868 -5.3808802820131727e-05 0.10340189095171132 0.071063104087975421 -0.0048827512337831017 0.095032654991329527 0.032461355735327151 0.064935179600377854 0.028176367908951231 0.11686356238520912 -5.0795219799399843e-05 0.02316237525470953 0.072214166278712896 0.013546617309478273 0.11685115576697472 0.068824125248551513 0.081189535537980917 0.046753793774019087 0.094448434186949551 0.027662298878537411 -0.0035814288511836867 0.038006744301675686 0.081979008175656232 0.05017154767991211 0.042523835142300549 0.017580935711334084 0.082440735187391243 0.094305056107144111 0.022842538472510551 0.12689627082665444 0.072582610441914455 0.055775229253235116 -0.0088887574189022989 0.047458398236937462 0.029059397068609921 0.10977776215311862 0.093637971069449016 0.05040003503076778 0.11408332984253435 0.061065312970872747 0.028830865873842905 0.0071020661075338115 0.06348489956110373 0.080569012372186916 0.10546811931488799 0.078033388706358953 0.058670769903473599 0.034101575084602369 0.06700693787511465 0.028114744082773164 0.012644376185930629 0.084690900674404601 0.038101897572663648 0.066799360481325482 0.095024161538558347 0.10275156037481638 0.077858284779745088 0.052195389959879018 0.12693416730741 0.073187607475444103 0.058571293408671087 0.066206634891776861 0.09066579810396494 -0.0016556961702295554 0.044487091912385895 0.11136292421137699 0.094919598051933091 0.018040578324535289 0.071831425381660069 0.018575398097965264 0.066392690772754726 0.064443628141814022 0 0.049523310061636024 0.1369838032013421 0.0065565112027068844 0.06833472087309389 0.0020458264301030137 0.042400712719421536 -0.00019825313760182483 0.023408835182871006 0.085183093779213556 0.037772545861996035 0.052051614634436624 0.094602241348823113 0.04847636779480901 0.098369910720094947 0.086393242340256166 0.094256560485787802 0.059909404019530044 0.079543137779451822 0.011953300883752412 0.014470438737648379 0.042442837906206066 0.090280498224209721 -0.0040012831244927794 -0.0043282885606486634 0.029680061759901916 0.0069149219019432112 0.074117332744237138 0.028103301447243691 0.0021315697435923728 0.033482528948124937 0.10278771164287497 0.10189628541946429 0.060809875761024507 0.051438096950161598 0.033450632092037691 0.056629389663284443 0.054579506588455874 0.014436531355036563 0.044082186013743641 0.044373297182431042 0.10851156880899451 0.013104156510247163 0.024071679312129956 -0.0095997452136933475 0.039880253693618202 0.063258564766771344 0.083213519753590925 0.054163966224894423 0.047627325973362299 0.054214150345795582 0.077539925392949349 0.068919532706663733 0.057151492868013964 0.072956387775478873 0.0096001599892070084 0.028701258985487591 0.10142294092425626 0.052065781062376172 -0.0061633905625025779 0.049506165538504406 0.007254282098035335 0.011011806845045024 0.012291621269899798 0.043864613820129524 0.079021990208742468 0.077350482178457511 0.088297209049619213 0.03209686179906697 0.01412253975911454 0.061501322945609713 0.025468063427454543 0.050919467124848301 0.069811239566430816 0.060931449038017789 0.040840835703006485 0.0092755612934661107 0.022197255896664322 0.083484473418080921 0.025910767727470356 0.081299246514033835 0.062491760732211306 -0.0018289335145797423 0.025889961081379646 0.023570359009004487 0.0090253796488238211 0.056721274290290509 0.020704196246996123 0.083046581818114057 -0.0042213589683200861 0.069123546018007118 0.082453376678761639 0.075847424180218226 -0.0031217452203863801 0.079662577048907543 0.0010873638676111173 0.011529587290212943 0.079409385639877927 0.020267441982119321 0.037577660691375851 0.00084112836235027317 0.010640932532796403 0.090717598367439131 0.08355085628170239 0.0079973692563064854 0.040565043691414691 0.042733199600681296 0.04803238237522061 0.038437671388572008 0.033749988420526594 0.04585022686718488 0.074537938317104632 0.039168932495091228 0.087992137349267432 0.03580520266282982 0.056439692118240292 0.062739009817779301 0.051404725725410147 0.046321884045961915 0.01440968628091607 0.050663132555563206 0.059667246718962161 0.0092704165896382897 0.11256054031815385 -0.0010643243986910723 0.047517391028964004 0.063972587713362228 0.090981277044026837 0.013004938676008061 0.0015365599062406934 0.036153584993739191 0.059492960394926755 -0.0025918806621517531 0.058396618389139079 0.018019201100930086 0.050848179652942638 0.076096348259796401 0.060842389268955549 -0.0027862272938806694 -0.00055326624798075394 0.0057612711558386901 0.043121175170855806 0.0073489773115022854 -0.00064391095054229497 0.034131076112490971 0.020477032038272298 0.10532814893621371 0.005201014895732322 0.046376003872402143 0.042987095964279506 0.058277432483414313 0.062620058988102162 0.024140248478484613 0.075583797261036437 0.0084066382308295856 0.052320392228068682 0.048563116063415332 0.088122746660010215 0.074135498374629294
leaf_weight=8810.3910921476781 157.85406614467502 666.25125806033611 38.453309137374163 113.72740415483713 839.12818188220263 95.94780720770359 1266.2020940408111 274.03983778879046 49.662192951887846 54.775901895016432 1811.3499693870544 107.59575623646379 742.64518954977393 289.44495080411434 8757.6095207035542 129.17731789126992 341.05157859250903 29.393087401986122 100.49396347999573 99.368008442223072 464.08921620622277 115.64375409856439 59.039175771176815 212.94171542674303 570.16164710000157 1543.9636447690427 49.208968210965395 2687.4239782132208 237.88998986408114 44.845473133027554 131.06768874078989 61.995319008827209 1521.2412756644189 59.267657421529293 85.157860036939383 372.98810768127441 132.60319659113884 2633.9803234823048 241.20218673348427 77.221733957529068 73.562403421849012 439.20652305707335 147.59661706909537 24.282462637871504 109.41643379256129 129.91289397701621 48.992137938737869 56.310133770108223 36.696971639990807 454.62134249508381 232.23934005945921 86.040631975978613 4024.2718654088676 85.404455721378326 44.696163676679134 103.63342981785536 56.69825567305088 37.200528055429459 2088.2369076386094 312.25348979979753 48.799935523420572 1884.7982399575412 36.955098710954189 456.26550021767616 834.76450439542532 162.85764028131962 42.174273367971182 859.09975670278072 48.671867705881596 44.99450595676899 32.785807617008686 69.79211762547493 58.070383828133345 31.64025542140007 134.2528722025454 64.785855390131474 30.078653555363417 188.22443399950862 306.0729181393981 24.322304364293814 162.95781695842743 5980.7299474701285 114.26122411340475 739.38725779205561 100.69050054997206 48.444972801953554 35.79033774882555 37.455655638128519 475.5470156185329 36.168664384633303 52.240909844636917 114.31958134844899 30.101349208503962 86.409128703176975 288.34734446182847 28.359331525862217 54.702203717082739 6805.1475118100643 34.565339379012585 29.457288984209299 35.354709692299366 97.277281533926725 30.491810873150826 225.26775296777487 293.20600917190313 39.716379381716251 229.86413719505072 598.57811324670911 24.333631325513124 587.70433919131756 531.58818775042892 40.830416023731232 41.963233269751072 37.543213590979576 258.29524730145931 29.188779830932617 36.037743862718344 93.048129744827747 25.924819052219391 3601.9077454097569 51.908385135233402 33.82426330819726 91.132850613445044 38.162012882530689 35.092045221477747 29.786238811910152 286.89673100784421 296.04465192183852 149.50032398477197 20.590597800910473 215.55030516162515 28.030303858220577 36.099084302783012 152.50741271674633 34.923737455159426 26.306745663285255 247.09384755417705 538.61410725861788 154.12958206608891 27.360888998955488 258.23470914363861 113.14078599587083 304.35728704184294 81.606733124703169 64.506287876516581 36.312535163015127 122.53291031718254 71.939903222024441 210.17302374541759 29.567053738981485 97.74450296536088 33.616098448634148 271.11178515478969 109.09592689946294 39.290108799934387 54.717557948082685 41.758784662932158 41.313128896057606 32.157371621578932 108.76743524521589 134.27197651937604 126.32860277220607 40.290838621556759 38.016193363815546 54.555651381611824 113.82413280010223 45.360510561615229 35.84168990701437 53.853851739317179 37.03208015114069 34.251373346894979 37.295867960900068 78.372313786298037 250.94309051707387 32.107336141169071 147.7189020216465 76.327247563749552 36.537536859512329 226.7468980550766 48.004270680248737 1444.3843881934881 39.470934003591537 239.91417744755745 97.065377805382013 26.794617298990488 25.266828835010529 129.27585303038359 60.674305662512779 22.584574114531279 63.141173895448446 51.637860991060734 89.064297694712877 173.17186984792352 183.28779063373804 36.697217278182507 1586.8965647295117 27.555553570389748 447.81807472929358 276.97460209950805 238.96009430289268 49.510410822927952 105.33317075297236 243.03900242596865 89.554855354130268 224.46685134992003 31.027129661291838 186.80821431428194 35.433897003531456 67.051130045205355 78.047810729593039 101.84794762358069 31.860175095498562 65.420543722808361 52.459772430360317 66.262562677264214 53.642507791519165 37.720773361623287 246.88013316318393 764.40183886885643 178.70072013139725 136.34435945749283 99.608456719666719 373.69631613045931 37.697638161480427 163.77273147925735 47.786647412925959 31.225646860897541 59.375035911798477 40.7034269310534 117.00494430586696 161.51361526176333 105.02804520726204 37.083291042596102 80.560134761035442 31.705496475100517 55.186856582760811 55.703556336462498 153.11892431601882 47.428825505077839 229.51755490526557 43.052276350557804 196.63298811018467 27.940370287746191 212.32021547853947 32.792147058993578 36.283379416912794 55.09630037471652 24.996102668344975 25.024981115013361 71.597412783652544 25.185621932148933 92.152002811431885 162.41069382429123 109.31924031674862
leaf_count=153589 2408 10634 578 1335 13609 1426 4519 4049 521 491 30260 1289 5604 3523 17285 831 5195 404 845 1321 3370 1205 695 3109 9411 7952 430 45849 1408 554 1259 837 5462 967 1163 3213 1977 9733 2158 602 808 2714 2017 406 1358 959 514 624 512 3397 1492 1216 10423 728 447 1797 623 484 9274 1977 509 7562 365 6052 13156 1589 316 4277 393 465 409 639 751 462 930 772 275 1173 1634 187 1778 15620 961 7506 917 303 581 438 2050 210 737 1013 419 794 2767 454 612 9974 531 268 553 1165 482 3161 2101 474 2479 3664 268 3278 3794 245 404 297 3878 416 400 623 432 61243 661 520 796 496 545 387 1516 1581 1406 222 2776 279 396 2280 410 314 1176 8123 2136 467 3171 1054 2279 825 739 398 958 626 2194 254 1482 426 1472 1209 656 611 635 616 471 1262 1051 1019 277 469 780 1113 597 391 490 373 420 547 1124 1873 416 1151 722 595 3116 656 22451 415 3412 684 435 219 1015 508 361 467 838 1329 1389 2578 455 26014 411 2935 1992 3702 578 1244 2636 1116 2826 351 1578 404 459 935 1075 317 698 601 963 586 365 3811 3273 2959 1524 908 2492 571 2642 606 325 979 421 1695 1743 866 378 1335 519 864 660 2354 771 2956 608 993 431 2454 384 362 512 353 215 1110 274 1026 1149 913
internal_value=0.0711044 0.0157004 0.11351 0.0857982 0.00251115 0.0503658 0.125556 0.0387085 0.0951499 0.114764 -0.00202167 0.0697096 0.0848377 0.0599023 0.131479 0.117693 0.0235789 0.0504463 0.0464655 0.0644864 0.0931074 0.062373 0.0568908 0.0239835 0.00800078 0.104098 0.0419862 -0.00532376 0.0971203 0.074373 0.0323428 0.0303559 0.12338 0.0187893 0.0486261 0.0556678 0.0157266 0.111632 0.0511769 0.0376785 0.0740191 0.0832133 0.0119207 0.0136552 0.038619 0.0859324 0.0796453 0.0924219 0.077861 0.0935528 0.0767701 0.010717 0.124189 0.0682665 0.0732315 -0.000638681 0.0554163 0.0249187 0.106513 0.0792966 0.0748596 0.10934 0.0328975 0.0355788 0.00156176 0.0463437 0.0461258 0.0987411 0.0427126 0.0397032 0.0463901 0.0422476 0.0597977 0.0380367 0.0975368 0.062404 0.0249982 0.0787152 0.0908741 0.0316452 0.0382858 0.125347 0.0512248 0.049189 0.0864435 0.0599461 0.0347213 0.00881703 0.105803 0.0607583 0.0453535 0.0556952 0.0502918 0.0430561 0.0602821 0.0232603 0.0201929 0.134316 0.031188 0.0200031 0.0390977 0.0435496 0.0372408 0.0101413 0.0892563 0.0694386 0.0409366 0.0871418 0.00730508 0.0955765 0.0835675 0.054418 0.0363578 0.0559594 0.0264447 0.0538887 0.0717841 0.070018 0.0224363 -0.00719698 0.0560978 0.0107066 0.0484444 0.0612472 0.033904 -0.00208383 0.0901277 0.086979 0.0819788 0.00936571 0.0224542 0.0502899 0.00893366 0.0226644 0.00766065 0.0105849 0.0998759 0.00650146 0.0301256 0.0358447 0.0385627 0.0819153 0.0722225 0.0774081 0.0245661 0.0218249 0.0613501 0.0506943 0.0474075 0.0368284 0.0298639 0.0630043 0.0903983 0.0313189 0.035101 0.0208383 0.0318382 0.034529 0.0406208 0.049373 0.0638081 0.0572878 0.0451875 0.0626166 0.0550526 0.0424039 0.0517389 0.0220599 0.0454886 0.0351744 -0.00234433 0.0308214 0.0142705 0.0737454 0.0646306 0.0692554 0.0511372 0.0280308 0.0299252 0.0420108 0.00972385 0.0215992 0.0261951 0.106515 0.0271658 0.0348105 0.0675265 0.0561267 0.0300358 0.063226 0.0176229 0.0264091 0.072049 0.0327887 0.00881239 -0.00275595 0.0379632 0.0837023 0.0759234 0.0153381 0.064663 0.0287385 0.0548471 0.0242491 0.0272448 0.0189786 0.0671424 0.0696284 0.0661864 0.0610562 0.0346638 0.0186468 0.0727002 0.0314938 0.043279 0.0312757 0.0400477 0.0162819 0.108608 0.00610531 0.0396794 0.0832806 0.0875273 0.00760999 0.016205 0.00966797 0.0352911 0.0132453 0.0343596 0.0272439 0.0552721 0.0613268 0.0222022 0.019959 0.016059 0.0342801 0.0250483 0.0193661 0.0252098 0.0299111 0.0403048 0.0936855 0.034391 0.0424342 0.015753 0.0343296 0.0887389 -0.00836407 0.0270078 0.0331458 0.0207634 0.0398091 0.0776425 0.0651399
internal_weight=89552.5 38827 50725.5 15374.2 28127.6 10699.3 35351.4 6680.14 11291 12541.7 23148.5 4019.2 5255.96 4083.21 22809.7 11039.4 4979.18 3714.03 3177.54 3381.46 1502.29 2774.69 2084.86 2966.11 5735.19 6035.02 2664.18 17413.3 2606.25 1586.66 2349.43 2218.37 5674.69 2193.03 1533.83 1794.8 2629.74 5364.7 1625.34 701.756 2175.49 826.241 2012.1 3051.62 773.08 1244.51 867.502 3080.47 1408.83 2961.02 459.516 2408.05 5545.51 1349.25 968.977 4975.97 1004.04 1545.26 2730.72 1363.99 1051.73 3428.76 1130.35 529.797 2683.57 524.296 177.826 1619.79 673.103 624.431 1239.04 953.491 285.553 782.204 1345 142.008 574.906 689.832 760.694 480.588 361.439 7246.93 1421.81 1307.55 639.522 227.981 325.235 872.22 609.8 171.287 461.789 238.112 774.168 455.719 318.449 1470.52 1160.97 15562.8 559.748 235.316 324.433 289.078 369.31 585.974 590.529 513.359 555.44 1341.22 1402.08 642.48 580.388 157.285 80.4165 74.7437 1123.32 982.316 76.8682 387.035 544.827 12437.3 201.913 1069.72 254.513 129.295 223.677 4390 1506.9 1220 923.955 2284.97 610.027 135.118 2264.38 188.606 2075.78 1505.61 377.007 1377.74 832.232 493.579 466.218 400.476 501.608 385.964 643.578 579.071 450.976 179.536 413.506 203.333 173.766 293.987 735.201 270.787 244.862 135.766 96.4763 309.548 338.818 201.599 471.344 337.072 175.309 78.307 953.128 213.74 159.185 248.783 312.089 123.073 4360.21 65.3262 482.341 536.49 285.547 253.439 105.72 617.641 581.103 77.4616 1470.69 338.653 279.385 1099.36 137.219 110.425 227.482 169.442 97.0023 119.451 85.8892 198.481 229.87 325.576 983.431 4274.32 281.189 874.293 426.475 385.051 150.004 288.621 328.443 210.925 320.415 128.772 260.371 161.762 386.301 319.25 448.5 1106.27 194.696 86.284 221.753 119.905 74.4177 394.477 1002.29 257.073 188.585 518.001 418.392 946.734 280.483 211.559 68.9233 121.37 194.021 153.317 380.269 266.542 765.217 685.082 542.331 142.751 110.89 461.771 308.652 261.223 80.1356 489.839 125.218 239.876 291.087 135.651 287.336 8835.39 146.09 121.808 96.783 123.792 311.446 149.036
internal_count=780829 575072 205757 109418 457152 117920 96339 82148 68759 48941 387621 35772 37929 40659 47398 39492 69531 40920 36354 31981 9449 26894 21412 41228 89887 30830 31734 297734 15316 13291 30615 29356 16716 31674 17201 18690 38916 22776 17659 8678 18262 6149 30604 46033 9554 8878 6743 19667 11292 18576 3753 37073 15885 12113 8169 82549 10532 21285 13043 10738 8761 15514 14533 6669 43854 6054 1999 9308 8071 7678 14107 11234 2873 9559 7822 1374 7867 5482 5031 6239 4465 20139 15477 14516 4525 2218 4104 13594 2980 1675 5307 2501 8520 5334 3186 20504 16569 27259 7304 3332 3972 3419 4540 9041 4011 4620 6666 9268 22000 3769 4303 1627 982 781 15320 10412 645 3435 7592 215185 2084 16354 2888 1292 2806 73508 9951 8435 6854 35484 8604 1465 35262 2676 32586 23175 2135 21732 11058 6264 5797 3058 4309 3104 8960 8221 4322 1915 4746 2552 2298 2812 4842 3543 3111 1902 1246 3935 4058 2241 4458 3407 1984 746 9996 2490 1710 3500 3661 1589 73121 826 7244 4566 2693 2277 1126 8312 7717 924 22765 4794 3827 5365 1817 1382 2122 1770 1238 1091 1258 2687 2012 4187 15233 71863 3481 6333 3398 5707 1423 3822 3364 2932 4252 1833 2386 1423 3552 3093 5740 15957 1713 1121 2624 1549 877 5828 4681 4083 2261 3847 2939 14778 4144 3248 896 1816 2514 2093 3944 2609 10762 9776 7935 1841 1524 6600 4246 3475 986 3094 1596 2865 4262 1683 2004 153942 2005 1599 1384 1488 2536 1387
is_linear=0
shrinkage=0.01


Tree=2
num_leaves=255
num_cat=0
split_feature=7 56 7 12 56 49 59 7 6 60 56 6 6 71 6 6 56 62 47 47 56 56 62 59 6 59 37 7 57 62 47 56 6 0 8 0 62 15 8 8 47 43 0 50 7 62 139 15 8 47 8 48 9 28 49 20 62 48 15 9 62 37 9 63 34 98 6 115 59 47 49 124 57 25 82 48 34 24 45 135 28 6 56 44 56 49 6 9 15 21 51 25 70 60 68 6 39 59 130 132 132 118 8 12 98 62 6 48 97 130 57 118 133 28 30 139 133 8 57 59 7 135 12 9 6 132 110 57 25 88 21 28 82 127 6 21 12 30 116 133 27 49 21 43 115 12 116 34 38 39 0 124 48 21 115 84 111 116 115 59 6 36 0 30 127 9 115 124 57 28 115 117 50 127 37 133 49 24 21 47 37 34 117 24 98 60 9 28 133 67 107 6 62 132 44 6 74 21 130 116 60 91 48 47 27 0 116 9 82 115 135 48 95 59 98 11 87 43 49 115 56 28 36 28 30 115 15 133 114 6 127 21 33 7 49 62 116 32 98 7 63 6 32 7 60 56 66 56 56 116 98 22 40 30
split_gain=1.75289e+06 142208 141424 31551.6 31458.9 18040.6 16718.5 8037.48 7263.36 6325.22 5460.99 5441.1 5348.69 5005.34 3868.2 3276.83 2700.81 2512.09 2325.15 1913.13 1895.77 1800.41 1778.21 1503.69 1497.39 1475.09 1381.73 1300.42 1355.07 1219.96 1215.86 1112.81 1077.21 1049.43 1008.81 943.237 942.796 926.651 846.806 840.35 832.777 822.506 818.601 784.965 751.343 745.218 745.151 734.266 717.697 714.477 699.743 684.882 643.892 612.079 589.964 586.269 585.657 585.459 577.188 552.824 528.798 523.782 520.082 505.87 494.621 488.743 500.698 487.209 479.499 477.634 485.295 495.317 471.192 492.259 819.246 468.959 490.916 461.828 454.624 438.733 437.571 435.233 426.404 421.901 477.751 421.356 419.449 505.045 411.378 408.876 530.189 402.952 487.562 401.63 501.95 448.028 396.382 396.146 394.22 392.08 394.113 426.496 521.793 402.686 391.785 390.182 436.885 447.474 389.489 385.964 384.261 380.077 379.239 377.291 375.331 375.013 374.888 375.419 373.592 372.82 371.643 370.092 369.734 368.802 360.18 353.686 414.933 385.298 353.019 350.893 350.436 350.302 350.041 391.272 349.552 404.06 349.148 349.04 341.202 339.115 334.501 333.997 398.611 332.024 404.913 330.925 438.859 328.078 328.039 323.71 417.096 490.791 477.729 443.937 336.049 336.837 321.758 320.741 319.598 319.181 318.594 540.369 424.197 432.781 383.406 384.395 358.402 334.938 392.585 327.476 319.181 325.371 316.843 325.798 315.601 315.595 355.585 336.271 313.161 351.57 480.268 375.58 313.058 312.419 355.394 340.781 309.885 309.583 309.539 309.307 300.067 298.406 292.876 291.115 290.892 288.59 311.407 445.18 288.481 331.125 296.713 286.037 283.192 282.663 322.74 471.214 281.826 280.904 338.096 431.106 279.48 419.907 289.067 279.011 277.305 276.83 275.567 362.665 274.9 314.993 273.99 660.751 283.813 321.186 273.377 305.192 272.451 272.229 312.966 312.997 271.391 431.888 269.819 268.448 266.223 265.903 264.968 264.849 290.237 264.614 262.869 261.499 322.813 260.729 259.723 381.441 259.367 257.972 257.641 256.871 256.287 254.65 252.549 251.737
threshold=913.61500000000012 90.500000000000014 4013.4850000000006 3.5000000000000004 167.50000000000003 1350.3570500000003 77.500000000000014 220.04000000000005 3005.8450000000007 43.500000000000007 6.5000000000000009 13487.335000000001 789.72500000000014 1.5000000000000002 15399.740000000002 3501.8050000000007 243.50000000000003 2.5000000000000004 136.58593500000003 270.51310500000005 292.50000000000006 42.500000000000007 3.5000000000000004 3.5000000000000004 1307.4150000000002 5.5000000000000009 33.500000000000007 2434.4100000000003 1054.5000000000002 27.500000000000004 153.320435 302.50000000000006 296.03500000000003 4.5000000000000009 383.66000000000003 12.500000000000002 4.5000000000000009 3.5000000000000004 1038.0550000000001 73.350000000000009 1980.8765500000002 12.500000000000002 29.500000000000004 24.500000000000004 1955.8800000000003 2.5000000000000004 2.5000000000000004 4.5000000000000009 99.040000000000006 19.365632000000002 100.05000000000001 240.70589500000003 113.91000000000001 89.500000000000014 389.34326500000003 104.70321500000001 9.5000000000000018 23916.410000000003 1.5000000000000002 1279.5200000000002 3.5000000000000004 21.500000000000004 2181.9200000000005 3.5000000000000004 46.500000000000007 5.5000000000000009 7258.4050000000007 0.14521000500000003 22.500000000000004 177.84465500000002 123.56754250000002 1.5000000000000002 68.500000000000014 4.5000000000000009 2.5000000000000004 3579.8092000000001 26.500000000000004 2215.5000000000005 2.5000000000000004 2.5000000000000004 7.5000000000000009 789.72500000000014 798.50000000000011 32.500000000000007 185.50000000000003 4404.1522000000014 4962.9050000000016 942.48500000000013 3.5000000000000004 2303.5000000000005 1.5000000000000002 1.5000000000000002 3.5000000000000004 7.5000000000000009 1.0000000180025095e-35 524.97000000000014 170.50000000000003 12.500000000000002 90.500000000000014 65.500000000000014 12.500000000000002 0.0051478982500000004 439.4550000000001 12.500000000000002 8.5000000000000018 6.5000000000000009 6043.9550000000008 108.39589700000002 1.5000000000000002 62.500000000000007 87.500000000000014 0.0010811980000000002 78.500000000000014 33.500000000000007 7540.5000000000009 1.0000000180025095e-35 28.500000000000004 83.830000000000013 482.50000000000006 30.500000000000004 374.80500000000006 2.5000000000000004 7.5000000000000009 144.715 1062.9350000000002 42.500000000000007 2.5000000000000004 188.50000000000003 8.5000000000000018 5.5000000000000009 2156.5000000000005 111.50000000000001 27.500000000000004 64.500000000000014 1572.8950000000002 1605.5000000000002 22.500000000000004 2686.5000000000005 0.00046323105000000005 60.500000000000007 820.50000000000011 724.33050500000002 1404.5000000000002 204.50000000000003 0.07085274200000001 12.500000000000002 0.010529233500000002 46.500000000000007 27.500000000000004 208.50000000000003 9.5000000000000018 1.5000000000000002 892.61225000000013 2267.5000000000005 0.053574640000000014 5.5000000000000009 2.5000000000000004 0.036450740000000009 0.091667187000000025 3.5000000000000004 1572.8950000000002 5.5000000000000009 15.500000000000002 2896.5000000000005 61.500000000000007 154.70500000000001 0.028819754500000003 1.5000000000000002 2.5000000000000004 41.500000000000007 0.075556503000000011 0.016360370500000002 209.50000000000003 60.000000000000007 5.5000000000000009 47.500000000000007 65.313597500000014 1687.5000000000002 360.50000000000006 15355.207500000002 13.500000000000002 94.500000000000014 0.025002056500000005 2033.5000000000002 10.500000000000002 13.500000000000002 509.51000000000005 60.500000000000007 94.500000000000014 12.500000000000002 1.5000000000000002 6223.4950000000008 2.5000000000000004 65.500000000000014 10.500000000000002 49.405000000000008 27.500000000000004 1454.5000000000002 70.000000000000014 0.0016408237500000003 19.500000000000004 2.5000000000000004 1492.4944000000003 7650.0697000000009 1087.5000000000002 32.500000000000007 0.008703641500000003 490.85000000000008 11.500000000000002 0.13953946000000003 2.5000000000000004 17.261303000000002 1.0000000180025095e-35 10.500000000000002 7.5000000000000009 519.36000000000013 5.5000000000000009 15.500000000000002 91.717530000000025 0.13000328500000002 17.500000000000004 23.500000000000004 5.5000000000000009 53.500000000000007 813.50000000000011 0.090092332000000011 8.5000000000000018 67.500000000000014 0.043480937500000004 5102.5400000000009 81.500000000000014 1513.5000000000002 332.50000000000006 6669.4150000000009 221.89236500000001 1.5000000000000002 0.0080986565000000007 208.50000000000003 4.5000000000000009 518.90500000000009 7.5000000000000009 1688.8900000000003 356.50000000000006 209.00500000000002 28.500000000000004 636.50000000000011 1.5000000000000002 11.500000000000002 9.5000000000000018 0.0031098058000000005 3.5000000000000004 16.500000000000004 6.5000000000000009 1309.5000000000002
decision_type=2 2 2 2 2 2 2 2 2 2 2 2 2 2 2 2 2 2 2 2 2 2 2 2 2 2 2 2 2 2 2 2 2 2 2 2 2 2 2 2 2 2 2 2 2 2 2 2 2 2 2 2 2 2 2 2 2 2 2 2 2 2 2 2 2 2 2 2 2 2 2 2 2 2 2 2 2 2 2 2 2 2 2 2 2 2 2 2 2 2 2 2 2 2 2 2 2 2 2 2 2 2 2 2 2 2 2 2 2 2 2 2 2 2 2 2 2 2 2 2 2 2 2 2 2 2 2 2 2 2 2 2 2 2 2 2 2 2 2 2 2 2 2 2 2 2 2 2 2 2 2 2 2 2 2 2 2 2 2 2 2 2 2 2 2 2 2 2 2 2 2 2 2 2 2 2 2 2 2 2 2 2 2 2 2 2 2 2 2 2 2 2 2 2 2 2 2 2 2 2 2 2 2 2 2 2 2 2 2 2 2 2 2 2 2 2 2 2 2 2 2 2 2 2 2 2 2 2 2 2 2 2 2 2 2 2 2 2 2 2 2 2 2 2 2 2 2 2 2 2 2 2 2 2
left_child=1 3 4 10 8 7 11 20 21 15 32 17 19 16 56 40 39 25 134 52 33 48 42 65 31 53 110 28 54 215 123 58 49 41 57 -19 43 93 67 201 61 -3 186 89 75 230 78 64 224 252 72 213 -5 109 -11 77 -8 114 216 63 -29 -6 -24 172 -45 66 115 235 113 210 122 88 73 74 -32 76 -23 125 188 96 -43 -81 -28 85 -85 -41 87 -56 249 108 247 -54 -93 120 -95 139 124 -52 99 100 -60 103 141 -102 190 106 107 -40 160 -4 236 -36 -101 -22 116 227 117 -18 143 -77 178 132 158 -12 156 127 239 202 -74 -66 220 -78 133 195 175 -136 -27 194 -46 -96 -120 142 -103 144 -118 146 -110 -69 -115 150 151 153 193 -35 -153 -156 198 243 -71 -82 166 164 -163 -164 165 -162 -20 170 -169 -170 -168 -172 -42 -174 -99 177 -177 -14 248 180 -180 -182 -173 240 185 -185 -13 -34 -39 -98 206 -47 -128 -152 -80 -70 -197 -198 199 200 -33 -7 -53 204 205 -109 -51 208 -38 -210 211 212 -50 -26 -196 -16 -9 -218 -147 -220 221 -124 223 -223 -2 -226 -90 228 229 -10 -17 -232 -146 -138 -114 -25 -15 -184 -239 -127 -161 -213 -243 -75 -123 -246 251 -91 -21 -72 -125 -137 -1 -212
right_child=2 5 6 12 9 13 14 24 23 27 30 22 18 26 29 45 34 35 36 37 68 44 62 38 51 136 82 60 -30 -31 50 79 187 149 111 -37 207 46 105 83 59 80 -44 47 138 191 -48 -49 69 104 97 55 91 -55 86 -57 -58 -59 98 -61 -62 -63 -64 -65 129 -67 -68 147 121 70 71 -73 128 157 -76 119 131 -79 137 81 159 -83 -84 84 -86 -87 -88 -89 226 90 -92 92 -94 94 95 -97 189 174 -100 112 101 102 -104 -105 -106 -107 -108 203 145 -111 -112 -113 234 148 -116 -117 118 -119 140 -121 -122 244 130 250 -126 126 192 -129 -130 -131 -132 -133 -134 -135 135 246 233 -139 -140 -141 -142 -143 -144 -145 232 218 -148 -149 -150 -151 152 154 -154 -155 155 -157 -158 -159 -160 183 161 162 163 -165 -166 -167 167 168 169 -171 171 182 173 -175 -176 176 -178 -179 179 -181 181 -183 237 184 -186 -187 -188 -189 -190 -191 -192 -193 -194 -195 214 196 197 -199 -200 -201 -202 -203 -204 -205 -206 -207 -208 -209 209 -211 253 241 -214 -215 -216 -217 217 -219 219 -221 -222 222 -224 -225 225 -227 -228 -229 -230 -231 231 -233 -234 -235 -236 -237 -238 238 -240 -241 -242 242 -244 -245 245 -247 -248 -249 -250 -251 -252 -253 -254 -255
leaf_value=-0.0080690200458544987 -0.0033224813585108572 0.0056329351576275381 0.068966601302337088 0.003991487236629657 0.056256066614671481 0.006077359977146213 0.10306548993051928 0.0156546656512105 0.052149925347547754 0.066388107030207782 -0.0016241795482738906 0.059503682816291023 0.0095717049085670518 0.035713250178082738 0.11173669371155068 0.080407048442398571 0.0068979488574405943 0.071723269403739118 -0.0011061482572522403 0.058736620033910975 0.052080086398380694 0.034279672763701703 0.101694508211135 0.05930634291591419 0.046297484296482207 0.069307896069107103 0.074007327574368842 0.088958403950706838 0.10069963863784999 0.11990929473776588 0.065395565845394327 0.020880858699800858 0.025131549802755324 0.0090954624864902252 0.090044480460941809 0.098648379237654335 0.073743353864250599 0.0091475341217713731 0.042156561517398064 0.064849465823667976 0.062498336901565699 0.051474637838742121 0.10124490936496404 0.056935265235733425 0.046006715492933122 0.08565218520679313 0.066555390208897891 0.074168424273907393 0.025462123166194763 -0.0048314806648457288 0.015195835940246148 -0.005198637737201044 0.047049585403772874 0.012765653381706576 0.077747446809466492 0.072148547229483717 0.11085041863431182 0.080669439706803264 0.060215870255543154 0.085993718385962009 0.10293913157997814 0.090133555359831183 0.11189099641260056 0.079907069870545758 0.0062371411858931601 0.068164698763882758 0.06736344206419978 0.056940066291291745 0.034633678709920679 0.041979138821787387 0.037035773941942803 0.014345855022817183 0.016924577772812248 -0.0015918977031874329 0.0093225767361709896 0.019009384631500537 0.057235372635313739 0.077933744131547064 0.060139510952283148 0.023705672342877192 0.046409577301192571 0.054602631070525431 0.096374760588443811 -0.0050751337508793291 0.048619649012534127 0.026335509039364231 0.098015654688468054 0.091775688839908928 0.065203491778452985 0.027829825972726846 0.0085241221741606515 0.01055369530226395 0.049407613463793527 0.0059424269607847649 0.0093066071136259157 0.056743980850433723 0.01489465665958379 0.04581633638215539 0.005298924482278782 0.067871660142290985 0.022098284432324262 0.045103565709692851 0.069051132474868479 0.044842978241691631 0.027069764483129206 0.085105692705656696 0.082309818394467285 0.065148973458151543 0.04826851689132397 0.029724091369108984 0.074475733536764274 0.054960098513661092 0.010629069297495268 0.035774045827369427 0.01978597514652241 0.066857846762197359 0.062948824695463645 0.055179810243105837 0.055375567506282843 0.056541798604790236 0.024590131995053572 0.0069614716205426055 0.061850867605587515 0.0027480049883056522 0.035107754374830151 0.035753601117037251 0.044976271285813336 0.05924196100319138 0.058414548343866002 0.048947142249584505 0.070173513097919915 0.022781511653834567 0.021806807779287389 0.02717250459703419 0.0099000911616614062 0.048767427354412876 0.082189538250236505 0.018354946149396967 0.078314557900696177 0.045462276974454686 0.080154144871131108 0.065812378164996271 0.0045904653937775142 0.017482017794910189 0.050651214467877639 0.010941782738491916 0.0078887554511853572 0.018197831937782551 0.0033966189559691564 0.066417009811576999 0.041540852755988893 0.064366410226019369 0.013373654285555165 0.048489967356645909 0.041343968748070593 -0.0035176048248583554 0.090195330998236262 0.025083201473707743 0.00035230013566039817 0.013206349535194071 0.059194167250688476 0.0069597008498084234 0.050460504822107045 0.0010447868082879813 0.0091648640547671474 0.026010843758179317 0.03866924099485617 0.00070688485453505108 5.1601691004757364e-05 0.042040634471089064 0.0068277780408578671 0.0543003148440796 0.089784497024506874 0.054515044705896111 0.010000536650249817 0.0020504877924525633 0.042366719544916685 0.040517520909368651 0.011364770311848679 -0.0083880908118515816 0.055033736138239732 0.012032494619337713 -0.0093637446718664707 -0.00049931267916895308 0.050761283483124434 0.038824807341500865 0.087741248645365685 0.0035701107720504111 0.048516812377658002 0.054918139101737776 0.011382375576698616 0.095060635880364133 0.080387773829581927 0.081448962077855236 0.0048418610170673209 0.092021204841689991 0.034990066400985204 0.066605776194652813 0.036510389170927707 0.072162600143548458 0.05863671647004768 0.031503194188822151 0.039340754404886255 0.085131729911571447 0.080053845144981858 0.032634968529135638 0.0028056544206684427 0.069899593055100781 0.046163636529268554 0.010424112210310903 -0.0058427255446837087 -0.0017956896779824482 0.059280770317335349 0.0032685002169123086 0.046230869077980671 0.11652788101480382 0.052001187650459253 0.027554620869737444 0.039485285460016867 0.0077450220459371446 0.058647822097114104 0.049135959824048503 0.0067114814590532069 0.0062706743285540446 0.036729407017146269 0.0015075352142714439 0.02701491273752827 0.014266948645035287 0.0089535445018953802 0.014246983904518092 0.076430451131661539 0.035223501815501386 0.018851120336576207 0.096708732415928228 0.052127508721745236 0.071515669312225513 0.073647988308452705 0.044771741544157813 0.0090918205051126535 0.05471343037690482 0.047336125913765847 0.051980454515254605 0.0053191407452122834 0.027034147552388789 0.049357674205070472 0.0051006171411502443 0.0079985863309405495 0.065227892896470879 0.012394136875952493 0 0.042863763593912169 0.013814367980950534 0.021239426883014764 0.027330942329957596
leaf_weight=9762.6357171200216 44.33579482883215 539.51000071689487 151.35813153535128 1751.4203014709055 558.94190208986402 109.415248721838 2023.5998649373651 121.70202837884426 126.08590203896165 198.52618126198649 1595.2046684622765 70.782959058880806 90.249286778271198 61.495629455894232 3980.2644743919373 840.87869983538985 33.775921877473593 166.77870159968734 65.921806011348963 24.898633617907763 35.117680735886097 135.72109819576144 931.25052366778255 413.18266262859106 28.03782070055604 181.5632163695991 155.01633954420686 469.27628959715366 881.40004840493202 12287.844810307026 24.578858714550734 32.616866964846849 71.736808754503727 194.03323573991656 179.09917061403394 2681.9807638861239 38.417129419744015 146.71654267609119 77.132924739271402 114.78944746777415 749.60068257153034 45.438992213457823 1668.9944643005729 64.474871151149273 55.427976287901402 1271.1570306867361 56.185171447694302 81.929722961038351 45.36715330183506 5405.363835927099 303.28788991272449 31.698609381914139 41.056717537343502 31.414791390299797 803.28492671623826 330.17071726918221 4428.6893555447459 108.0598460957408 91.897244520485401 367.18015234172344 2069.5515219010413 56.354933891445398 3922.5086907036602 475.60239381343126 62.604912362992764 156.86431088298559 87.243280403316021 55.303407248109579 63.052812196314335 59.839359600096941 53.298502307385206 97.181017275899649 82.476836185902357 803.59794525057077 1770.5896195173264 86.786664303392172 844.46979771926999 85.318107075989246 74.561517842113972 97.124352067708969 41.540901459753513 97.565575078129768 553.58899975195527 31.011982589960098 32.062825970351696 44.216646000742912 361.86721539124846 575.42733549699187 79.610487882047892 30.414367310702801 30.771012268960476 341.03905845433474 34.216448001563549 73.120980609208345 68.208491202443838 71.544676128774881 40.68378622084856 93.978203877806664 27.699745863676071 128.00554395094514 238.7380645275116 48.077368158847094 79.552011042833328 123.45746034383774 39.278795577585697 496.39974435791373 375.19823044911027 277.229601547122 242.07495763525367 36.483622640371323 787.28923580795527 54.646981693804264 27.530124448239803 48.157576024532318 33.83330462872982 41.995399553328753 191.24600714445114 31.014400247484446 150.19141682982445 39.532231718301773 327.11263278126717 42.419127020984888 85.512749537825584 33.44504664465785 55.590457171201706 131.33175192028284 45.38544462993741 29.096593100577593 27.26488608494401 26.704859685152769 109.0023075863719 35.278840970247984 50.656510379165411 63.606363728642464 118.79117422923446 97.026330441236496 581.81041888892651 72.90529265627265 180.41866539046168 42.267078749835491 132.51920902729034 26.435646630823612 49.31665250658989 31.293764241039753 68.735197596251965 77.141634747385979 31.907946549355984 41.148471739143133 86.600747559219599 26.217580046504736 63.346068944782019 39.355082541704178 37.020803544670343 32.159319251775742 48.738831672817469 23.949781633913517 53.256019052118063 50.235097572207451 27.026291579008102 561.79675157740712 122.06596811115742 112.5267677642405 61.38977000489831 25.300144527107477 29.724583335220814 57.278885241597891 176.80383878946304 121.22312634065747 27.842106748372316 56.867043700069189 104.62926360592246 38.621173068881035 118.06004325300455 52.657476119697094 35.92262540012598 327.2502919472754 21.533294841647148 58.636501010507345 1226.8148499876261 79.683106269687414 45.23492768034339 39.359808407723904 21.925931196659803 46.688832759857178 56.064084220677614 38.837906654924154 280.55746400728822 727.10142526403069 21.694497756659985 40.559943202883005 124.83681675419211 932.96117283403873 98.232361048460007 33.361714784055948 28.593003060668707 32.725580964237452 79.447683032602072 140.13533565402031 53.890286363661289 221.95678048208356 85.092289440333843 75.22848704829812 22.932380437850952 131.95189046859741 137.73848065361381 62.40517570450902 527.60172336548567 67.185386832803488 215.70678500458598 42.461885884404182 36.401798781007528 36.303150862455368 79.923615109175444 31.987446565181017 38.938870832324028 6379.3866648897529 84.501599367707968 269.13674667850137 170.76953307539225 40.552191458642483 163.10602830350399 60.196070954203606 51.914532385766506 26.001460656523705 76.496834132820368 36.968538392335176 31.077364783734083 60.364165350794792 30.029600311070681 29.421993482857943 74.372684229165316 48.670207899063826 50.67490092664957 321.67654167488217 40.014312949031591 607.10979075729847 32.950989414006472 48.401049178093672 45.483419705182314 269.88601357489824 22.180999502539635 32.716421265155077 27.667040273547173 31.11430486664176 70.274999585002661 28.060010645538568 31.716841824352741 85.716004367917776 25.307330146431923 28.578614737838507 29.983926076442003 30.031499646604061 27.451892603188753 55.22330005094409
leaf_count=170941 722 8420 1164 28023 5127 1667 6946 1722 1279 1517 26604 601 1371 689 9611 5339 489 1140 1058 252 348 1609 3515 3748 296 1340 1130 2389 3506 17537 236 422 973 2889 996 11011 307 2177 805 1023 6334 474 6290 647 566 7299 493 653 597 92410 4406 492 464 434 5247 2549 11300 719 854 2085 7483 316 9698 3139 933 1259 722 524 754 660 621 1334 1194 13311 27197 1132 7929 610 721 1220 474 918 2554 487 319 553 1558 2808 688 393 448 5160 373 1119 1020 724 540 1055 408 1104 3142 524 660 1346 529 2911 2341 2263 2644 416 5754 492 392 577 427 351 1712 283 1407 350 4399 622 770 534 627 1520 463 251 282 276 897 457 659 796 1774 1074 3463 996 1263 476 929 221 738 409 697 1114 473 529 1314 225 731 365 524 346 565 385 298 697 417 8243 1211 1675 642 385 435 736 2120 1908 431 658 1583 394 657 468 526 5219 246 708 18461 1350 473 580 371 750 604 468 1484 11648 227 367 1918 4415 672 243 429 189 933 1230 609 1731 770 944 245 803 904 693 8592 548 2339 610 592 574 785 470 419 11949 887 3457 1988 599 1524 622 755 381 919 571 376 832 426 397 488 510 665 1375 402 4657 241 557 671 2595 240 331 409 418 741 410 473 778 372 434 351 434 396 704
internal_value=0.0661513 0.0138271 0.101322 0.00322733 0.0769733 0.0488657 0.111532 0.0385135 0.0583862 0.0870634 -0.003015 0.100958 0.0204174 0.0685304 0.115532 0.0794624 0.05506 0.0917195 0.0303608 0.0135339 0.0253443 0.046288 0.106509 0.0686147 0.0490224 0.0797706 0.0809058 0.0948954 0.0898414 0.117542 0.0062853 0.0440059 -0.00573693 0.0198842 0.0634611 0.097127 0.035185 0.0195634 0.0717331 0.0328326 0.0703748 0.0152592 0.0980661 0.0324847 0.054393 0.086233 0.0327507 0.0498399 0.0379028 -0.00630707 0.0098638 0.0586143 0.00666638 0.0549907 0.0848021 0.0605229 0.108443 0.0579333 0.0383764 0.0740377 0.100431 0.0596571 0.109979 0.0707671 0.0360288 0.0527074 0.0458902 0.064592 0.0388878 0.0405823 0.044472 0.033313 0.00801097 0.00716086 0.0101678 0.0507912 0.0531105 0.0549456 0.0274513 0.0536777 0.021609 0.0396378 0.0917177 0.0459185 0.0227213 0.0546617 0.086818 0.0837341 0.0425878 0.030186 0.0464936 0.0178228 0.0143661 0.0166641 0.0284494 0.0372736 0.0581926 0.0216819 0.0432546 0.0444601 0.0404213 0.0369865 0.0488209 0.0300821 -0.00361507 0.0767558 0.0726895 0.0671929 0.0286991 0.0617908 0.0720177 0.0824205 0.057442 0.023554 0.0543096 0.0389287 0.0559272 0.0311199 0.0583768 0.0315315 0.0149279 0.0433389 0.0498717 -0.000665886 0.0616318 0.0515721 0.054608 0.0308873 0.0281831 0.0199099 0.0532992 0.0559199 0.0480658 0.0514167 0.0152068 0.0242064 0.0846583 0.0370971 0.0712144 0.0237908 0.067507 0.0348539 0.025195 0.0504505 0.0536065 0.0356208 0.0436934 0.0412188 0.0153942 0.0323051 0.0301168 0.0238885 0.045212 0.0151162 0.0409347 0.0267305 0.0647383 0.00104066 0.0294398 0.0196977 0.0251443 0.0322967 0.0200991 0.0365002 0.0435716 0.049055 0.0209245 0.0231993 0.0124245 0.0286746 0.0281873 0.0207538 0.0658699 0.0797208 0.0362895 0.0100906 0.00479541 0.0222011 0.012697 0.0117632 0.0130061 0.0358818 0.029917 0.0180312 0.0313991 0.0177227 0.0824497 0.00557677 0.0147876 0.0358354 -0.00382455 0.0897217 0.0700373 0.0567808 0.0462557 0.056073 0.0610769 0.055631 0.0608296 0.0644224 0.0487819 0.0167166 0.0140501 0.0701976 0.0657108 0.0594301 -0.00414993 0.0501957 0.0452604 0.0404492 0.0295174 0.0356115 0.0477062 0.0243733 0.0294939 0.11471 0.0291737 0.0336838 0.0276709 0.033571 0.0481808 0.0400498 0.0257901 0.0367544 0.0174463 0.0255651 0.0552399 0.0336176 0.0396407 0.0453142 0.0780761 0.0610349 0.0377712 0.0875722 0.0361492 0.0667068 0.0503046 0.0209168 0.0281407 0.0487402 0.0146769 0.019188 0.031617 -0.000450827 0.0283696 0.0371819 0.0345915 0.056155 0.036938 0.0244551 0.0225948 0.0409255 -0.0079815 0.0142013
internal_weight=95250.7 38289.8 56960.9 29398.6 16834 8891.13 40126.9 5828.97 5928.19 10905.8 21567.7 11027.2 7830.95 3062.16 29099.8 5546.44 1471.81 4153.07 3200.07 4630.88 2590.5 2721.38 6874.09 3206.81 3238.48 1304.31 1590.34 5359.33 2820.51 22647.5 4881.68 2134.4 16686 1850.24 1065.09 2848.76 2424.84 2463.15 2674.8 406.725 2378.4 1352.06 2020.33 2061.07 1377.64 3168.04 439.595 235.714 1343.75 15887.2 3223.05 1104.08 2167.73 219.257 1939.11 1044.05 6452.29 831.344 1356.06 1763.1 2538.83 615.297 4853.76 1395.92 153.785 532.005 375.14 1116.74 740.254 1185.95 872.345 289.746 2789.86 2680.12 1795.17 1141.79 1015.47 713.881 383.41 778.336 812.548 194.69 708.605 222.081 63.0748 159.006 1740.58 1378.71 192.565 1825.35 146.901 416.312 375.256 2023.55 255.141 182.02 583.646 433.189 880.724 853.024 657.474 565.577 203.382 362.196 6097.08 1558.06 1061.66 686.458 1678.45 187.842 881.736 233.746 195.55 169.876 723.284 287.897 689.451 64.7903 624.66 126.319 1768.41 570.378 582.599 1658.63 502.403 628.563 544.836 83.7276 109.742 89.3098 495.733 879.749 429.624 378.968 775.235 277.566 1085.05 214.999 235.847 110.476 282.711 123.83 97.394 341.95 310.656 562.446 273.983 96.4519 134.758 498.182 471.965 338.236 133.729 226.193 112.044 72.6886 446.812 884.947 86.8657 767.109 1116 408.286 199.217 86.6899 209.069 179.345 707.719 641.797 205.932 84.7092 435.865 259.061 920.318 170.718 129.901 497.669 348.784 148.886 1441.3 1391.09 1311.41 84.5947 154.432 725.569 141.591 85.5267 351.34 798.838 168.411 81.2437 6057.8 2204.12 143.618 96.7078 142.093 315.361 252.309 219.583 393.556 339.666 117.709 184.644 54.631 609.325 477.373 339.635 5932.97 363.771 296.586 258.169 313.602 221.977 125.291 60.0253 67.5319 10359.7 475.34 353.638 288.463 211.322 386.731 223.625 138.112 86.1975 157.801 113.465 110.688 245.902 185.537 155.508 963.922 123.043 119.41 903.487 67.5444 1020.29 94.4466 115.81 93.8845 401.218 583.978 96.6866 60.3835 834.712 140.754 98.335 158.775 116.13 50.206 81.8771 63.429 127.058 9790.09 91.6251
internal_count=780829 566437 214392 473810 115118 92627 99274 68041 54433 60685 364218 41931 109592 24586 57343 36177 14218 20343 40884 68708 34519 28989 21588 25444 33522 8192 10368 24508 14636 39097 76811 23359 287407 25946 9225 12151 29585 34688 20178 4993 18126 19673 8375 25781 13306 18051 5462 2509 15683 274786 49322 10163 34020 2014 11130 9397 18246 7737 15857 12683 9872 5443 13213 10598 1856 5266 4007 9458 8573 13471 9479 3453 43335 41859 27433 11477 9995 6848 4969 7502 11253 2138 3684 2382 806 1576 9613 8055 2119 23272 1619 5997 5533 29226 3339 2220 5364 5987 9791 9383 7485 6631 2143 4488 103449 10720 7809 5468 21653 1580 6684 1488 1898 2239 7018 3285 6591 772 5819 1482 25887 6334 6026 27489 4457 6238 5250 988 1476 1209 4949 8386 4561 3902 11299 3755 6178 2565 1829 1496 2336 1483 1262 3483 3074 6818 3117 1053 1891 6273 6048 4550 1498 3235 1315 950 3830 14426 1077 10779 14835 5084 2702 1027 2382 1947 9751 8693 2997 1089 5696 3576 7459 1125 1581 7544 5465 2079 21488 20864 19514 1053 1993 10305 1822 1218 2085 12621 2404 907 102920 11714 1135 974 1569 3106 2352 2163 3532 2923 1192 2611 737 4663 3860 2956 101002 3804 3256 2949 3992 2696 1382 766 848 21560 6066 4344 3701 2587 4052 2528 1758 1003 2212 1490 1064 2934 2102 1676 6337 998 1362 4838 794 8405 930 1599 1228 4115 8483 1314 740 13729 1773 1151 1981 1171 624 1055 885 1508 171337 1296
is_linear=0
shrinkage=0.01


Tree=3
num_leaves=255
num_cat=0
split_feature=7 54 7 55 55 12 58 7 6 55 6 54 57 61 49 49 54 54 7 6 48 6 6 2 7 19 58 58 69 15 6 18 73 37 55 97 10 12 28 59 55 12 51 48 8 6 132 49 98 21 98 51 59 55 7 55 18 100 31 42 38 130 26 58 19 20 55 30 17 34 18 28 6 33 59 6 7 39 33 58 62 62 63 50 33 49 33 20 27 59 82 37 0 34 7 116 27 51 8 62 78 63 58 58 57 128 21 62 21 128 116 48 6 21 27 72 28 30 0 21 22 62 127 132 6 34 6 38 16 57 12 6 6 55 99 10 132 138 7 7 43 34 10 66 94 30 49 28 27 3 12 10 28 57 7 31 6 54 13 70 89 30 48 55 22 34 94 55 30 51 50 78 116 102 61 49 94 130 12 58 21 99 58 42 46 54 39 39 54 14 90 6 31 66 44 20 0 79 46 43 94 6 62 0 46 7 55 19 59 116 51 19 34 78 46 10 6 66 59 134 27 104 116 127 49 73 28 37 132 51 50 53 6 130 42 65 19 31 34 33 80 134 34 31 27 127 20 66 13 28 116 116 121 82
split_gain=1.47214e+06 137835 108712 26638.9 22239.7 15890.2 15787.5 10205.8 5172.88 4642.76 4360.35 4337.2 3310.76 3272.24 3111.67 2872.34 2844.23 2828.29 2553.49 2237.57 1498.86 1409.86 1390.09 1346.76 1326.37 1299.6 1287.38 1174.19 1147.49 1123.15 1120.91 1087.65 1062.99 1007.04 901.898 900.32 851.537 848.467 826.772 793.081 779.924 746.794 720.017 716.126 697.372 675.946 659.221 657.566 633.1 618.18 614.778 605.655 583.155 576.669 585.855 549.991 540.721 536.183 567.317 523.591 595.892 507.047 505.386 497.899 492.063 633.378 628.351 491.542 485.604 477.631 489.495 470.718 469.003 464.869 464.192 461.284 459.891 458.233 456.134 454.384 452.228 447.865 444.303 440.169 437.893 428.333 423.104 493.668 422.434 420.742 419.424 415.131 412.701 403.605 403.35 394.968 393.973 393.509 491.774 388.552 379.214 377.212 372.891 381.618 372.371 370.527 427.965 421.738 384.761 370.084 367.94 367.002 365.828 364.478 362.443 490.401 360.917 481.525 360.457 351.113 490.625 416.975 386.985 347.157 347.079 346.357 343.629 343.078 342.97 340.286 433.77 421.181 352.697 338.352 377.663 332.422 331.079 328.922 327.371 366.425 353.254 326.426 326.322 325.487 384.215 325.095 501.981 323.273 322.203 488.152 317.82 316.528 356.695 314.188 313.984 365.57 312.613 426.409 398.074 377.649 310.437 331.763 339.313 309.808 309.079 366.717 304.731 342.928 304.27 302.775 302.508 373.103 301.144 297.911 297.036 296.668 289.898 322.81 312.364 289.123 378.152 287.95 286.596 290.946 329.229 286.2 285.317 542.066 340.061 297.516 350.128 282.451 282.17 293.228 375.781 342.448 295.933 283.562 281.955 280.559 280.287 297.405 279.379 279.341 279.335 278.978 436.122 352.68 295.269 310.498 277.772 271.885 551.34 453.876 501.858 324.84 301.96 268.686 267.911 359.587 299.56 266.967 265.871 264.867 289.443 264.553 263.792 262.956 261.498 260.517 260.413 258.975 257.709 257.606 257.38 277.983 254.866 254.702 254.466 279.377 259.576 253.268 252.764 264.306 252.302 320.067 252.081 249.975 249.728 249.358 248.762 280.28 277.858 255.053
threshold=913.61500000000012 222.50000000000003 3592.0200000000004 418.50000000000006 806.50000000000011 3.5000000000000004 143.50000000000003 220.04000000000005 3673.8700000000003 11.500000000000002 15399.740000000002 373.50000000000006 64.500000000000014 52.500000000000007 3007.4133000000006 553.05632500000013 242.50000000000003 39.500000000000007 2493.0450000000005 10617.195000000002 140.73993000000004 789.72500000000014 628.92500000000007 1.5000000000000002 366.85500000000008 760.31060500000012 432.50000000000006 104.50000000000001 6.5000000000000009 6.5000000000000009 4317.7650000000003 136.49211500000004 1.0000000180025095e-35 33.500000000000007 68.500000000000014 2.5000000000000004 99.910000000000011 18.500000000000004 65.500000000000014 149.50000000000003 6.5000000000000009 12.500000000000002 25.500000000000004 297.52583500000009 73.350000000000009 296.03500000000003 95.500000000000014 109.80629000000002 6.5000000000000009 2291.5000000000005 10.500000000000002 12.500000000000002 47.500000000000007 260.50000000000006 1955.8800000000003 80.500000000000014 290.25785000000002 1.5000000000000002 1562.5000000000002 92.500000000000014 166.50000000000003 63.500000000000007 3.5000000000000004 37.500000000000007 35.25950000000001 50.636307000000009 114.50000000000001 2344.5000000000005 1.5000000000000002 116.50000000000001 39.901250000000012 79.500000000000014 4962.9050000000016 66.500000000000014 3.5000000000000004 1610.4400000000003 89.805000000000021 136.50000000000003 336.50000000000006 113.50000000000001 4.5000000000000009 4.5000000000000009 1.5000000000000002 13.500000000000002 559.50000000000011 1081.0271500000001 98.500000000000014 123.85747700000002 728.50000000000011 7.5000000000000009 25.500000000000004 13.500000000000002 2.5000000000000004 28.500000000000004 112.74500000000002 0.0039844245000000009 60.500000000000007 4.5000000000000009 155.50500000000002 5.5000000000000009 27.500000000000004 5.5000000000000009 2.5000000000000004 31.500000000000004 91.500000000000014 45.500000000000007 1519.5000000000002 12.500000000000002 1950.5000000000002 30.500000000000004 0.026201728000000004 1404.6002000000001 4203.5700000000006 1088.5000000000002 996.50000000000011 1.5000000000000002 107.50000000000001 1512.5000000000002 10.500000000000002 2186.5000000000005 4.5000000000000009 5.5000000000000009 46.500000000000007 5.5000000000000009 2724.0150000000003 40.500000000000007 4821.3350000000009 58.500000000000007 3.5000000000000004 36.500000000000007 6.5000000000000009 317.71500000000009 576.12500000000011 315.50000000000006 7.5000000000000009 285.05000000000007 90.500000000000014 2.5000000000000004 601.04500000000019 507.05000000000007 9.5000000000000018 57.500000000000007 59.905000000000008 9.5000000000000018 15.500000000000002 2464.5000000000005 1721.3854500000002 31.500000000000004 915.50000000000011 8.5000000000000018 22.500000000000004 59.010000000000012 45.500000000000007 79.500000000000014 738.23500000000013 1030.5000000000002 4962.9050000000016 575.50000000000011 20.500000000000004 1.5000000000000002 1.5000000000000002 299.50000000000006 776.35796500000004 159.50000000000003 1.5000000000000002 14.500000000000002 3.5000000000000004 1.0000000180025095e-35 264.50000000000006 1.0000000180025095e-35 3.5000000000000004 12.500000000000002 0.0046308211000000007 4.5000000000000009 4.5000000000000009 19.642005000000001 10.500000000000002 82.500000000000014 10.500000000000002 21.500000000000004 1641.5000000000002 8.5000000000000018 21.500000000000004 51.500000000000007 2995.6120000000005 1285.5000000000002 58.500000000000007 146.50000000000003 638.50000000000011 3.5000000000000004 3.5000000000000004 1860.4150000000002 2584.5000000000005 11.500000000000002 15.500000000000002 27.177500000000006 4.5000000000000009 5.5000000000000009 620.69718000000012 21.500000000000004 2.5000000000000004 181.80500000000004 8.5000000000000018 23.500000000000004 1481.7667500000002 626.35000000000002 165.50000000000003 164.24766500000001 25.500000000000004 0.0023150584500000004 36.500000000000007 105.23560200000001 62.500000000000007 19.500000000000004 2923.2021500000005 75.215000000000018 1951.0100000000002 1.0000000180025095e-35 10.500000000000002 70.500000000000014 740.50000000000011 1.0000000180025095e-35 0.0061168605000000006 90.500000000000014 197.62146500000003 1.0000000180025095e-35 202.50000000000003 9.5000000000000018 96.500000000000014 1.0000000180025095e-35 20.500000000000004 1.5000000000000002 143.90500000000003 38.500000000000007 11.500000000000002 1.5000000000000002 109.57553000000001 2373.5000000000005 27.500000000000004 170.50000000000003 2.5000000000000004 42.500000000000007 34.500000000000007 1219.5000000000002 924.50000000000011 46.500000000000007 49.006250000000009 2.5000000000000004 6.5000000000000009 119.50000000000001 0.0097851917500000017 0.0037883274000000008 2.5000000000000004 11.500000000000002
decision_type=2 2 2 2 2 2 2 2 2 2 2 2 2 2 2 2 2 2 2 2 2 2 2 2 2 2 2 2 2 2 2 2 2 2 2 2 2 2 2 2 2 2 2 2 2 2 2 2 2 2 2 2 2 2 2 2 2 2 2 2 2 2 2 2 2 2 2 2 2 2 2 2 2 2 2 2 2 2 2 2 2 2 2 2 2 2 2 2 2 2 2 2 2 2 2 2 2 2 2 2 2 2 2 2 2 2 2 2 2 2 2 2 2 2 2 2 2 2 2 2 2 2 2 2 2 2 2 2 2 2 2 2 2 2 2 2 2 2 2 2 2 2 2 2 2 2 2 2 2 2 2 2 2 2 2 2 2 2 2 2 2 2 2 2 2 2 2 2 2 2 2 2 2 2 2 2 2 2 2 2 2 2 2 2 2 2 2 2 2 2 2 2 2 2 2 2 2 2 2 2 2 2 2 2 2 2 2 2 2 2 2 2 2 2 2 2 2 2 2 2 2 2 2 2 2 2 2 2 2 2 2 2 2 2 2 2 2 2 2 2 2 2 2 2 2 2 2 2 2 2 2 2 2 2
left_child=1 5 3 8 7 9 11 12 16 45 39 23 22 18 31 21 40 30 27 25 83 29 43 249 41 101 202 68 35 51 56 52 44 128 88 85 59 -21 -33 173 78 47 48 84 125 73 92 168 62 82 -31 74 67 54 105 -45 94 58 241 123 -61 135 138 -53 97 81 71 -6 112 -69 -71 151 153 -1 -9 100 -35 127 166 192 -20 137 90 86 210 118 -11 -88 126 -38 93 119 -42 198 227 -36 -91 98 -23 -39 109 104 -94 110 -13 106 -18 186 -108 -68 211 -54 223 -77 115 179 133 -118 250 120 121 182 -122 174 145 -17 -10 -30 136 130 -49 -132 -133 -37 -135 199 -16 154 139 -26 238 -83 -87 144 -123 -34 -147 -121 149 -25 176 152 -67 185 155 248 157 159 -159 -97 -125 162 -162 218 -141 -166 167 -2 -19 -85 171 -124 -44 -8 -22 -89 -24 178 -178 -55 222 -40 -76 242 -185 -29 189 188 -188 190 247 230 193 194 196 217 197 -57 -43 -56 201 -96 -12 -113 -150 206 -59 -207 236 -210 -3 213 -213 214 216 -215 -104 -196 219 244 -220 -27 -181 224 -5 -129 -58 -7 -202 -128 -127 -15 -197 -198 -163 -236 -208 -115 239 -140 -241 -46 243 -184 245 -131 -116 -107 -66 -4 251 252 -14 -252
right_child=2 4 6 13 14 17 10 15 34 20 26 19 28 231 33 32 53 24 80 37 36 64 150 148 42 221 -28 72 77 50 -32 38 124 76 95 116 89 99 181 -41 46 49 172 55 57 -47 -48 129 -50 -51 -52 63 111 114 61 79 226 205 -60 60 -62 -63 -64 -65 65 66 75 69 -70 70 -72 -73 -74 -75 91 113 -78 -79 -80 -81 -82 141 -84 169 -86 142 87 175 -90 96 -92 -93 102 -95 200 156 -98 -99 -100 -101 -102 -103 103 -105 -106 107 108 -109 -110 -111 -112 203 -114 237 246 -117 117 -119 -120 147 122 143 170 160 -126 191 229 225 -130 163 131 132 -134 134 -136 -137 -138 -139 140 164 -142 -143 -144 -145 -146 146 -148 -149 204 -151 -152 -153 -154 -155 -156 -157 -158 158 -160 -161 161 234 -164 -165 165 -167 -168 -169 -170 -171 -172 -173 -174 -175 -176 -177 177 -179 -180 180 -182 -183 183 184 -186 -187 187 -189 -190 -191 -192 -193 -194 -195 195 232 233 -199 -200 -201 228 -203 -204 -205 -206 207 208 -209 209 -211 -212 212 -214 215 -216 -217 -218 -219 220 -221 -222 -223 -224 -225 -226 -227 -228 -229 -230 -231 -232 -233 -234 -235 235 -237 -238 -239 -240 240 -242 -243 -244 -245 -246 -247 -248 -249 -250 -251 253 -253 -254 -255
leaf_value=-0.0077606467259442096 0.0092512889429136932 0.0048238846792879311 0.040705672496932604 0.049529878892190481 0.05157540244670946 -0.0039010566272703147 0.088249521274345516 0.0089710525382770533 0.0086219476841816866 -0.0043810876268512164 0.098699973738695074 0.076883143299508655 0.014885146219928726 0.081439522757308772 0.060263416129837356 0.051326270674477419 0.070196371100024704 0.035219852188139916 0.078371427711545774 0.065227448850528308 0.01488790632686895 0.070427313089848648 0.013496650140826728 0.056131526894543059 0.031314074030053096 0.020388774333634448 0.10709669489574405 0.043467174598838379 0.059108597609334783 0.076664025916949818 0.052622220787931717 0.081778427953790728 0.06722594444997862 0.053926977624503991 0.062610137947675171 0.028986950105681714 0.012433463969831303 0.091600163701963208 0.060345031064731221 0.099874039284865421 0.0060083535029032522 0.0095696900808718618 0.035840846265211487 -0.00052144709657483057 0.066945202600046702 0.0039186818278138368 0.0035445500006551578 0.0061801122651539845 0.011351995062616154 0.069768250717041805 0.026067000063001635 0.018418804690218601 0.042347016360470661 0.070377759237780807 0.061588464336281873 0.029780263842350135 0.051546878525904054 0.017887190883712108 -0.0019373885540499151 0.073020370458685965 0.014621356647916176 0.030358470101061831 0.016643211212042808 0.066398814320326266 0.0508605130879718 0.06114571950076525 0.013475843199577847 0.0034510971635531439 0.074138405556626361 0.0045260719376012028 0.05471872377295213 0.053873983324125678 0.085368835256827466 -0.0035071546428010669 0.0020822821627288091 0.025268596232948831 0.086130096956776744 0.083073133829339757 0.060242540903560508 0.052457060485215368 0.088049341545625437 0.060686807113460924 0.055140517978755396 0.042923502047086858 0.040911203293837212 0.028199063665352988 0.0017210068292935813 0.04430180212376196 0.057506065659488459 0.067792522133317865 0.057311454581815323 0.003975004973555349 0.016434639931356347 0 0.032142796222792355 0.068575580890580343 0.024320819819415456 0.081573994335188582 0.020110756877595847 0.097855580531228267 0.013479288252732424 0.092207332944394635 0.025818896201286443 0.013127352534409539 0.086645535564088216 0.037902704910899317 0.0088866999568912725 0.0067506276703817852 0.053527065757500346 0.047616824026613318 0.062069058301334704 0.055148205804241894 0.071924237815507719 0.064223828015888662 0.044764378700666713 0.068573577775725869 0.051533216092874909 0.024206546136904414 0.047327413536365111 0.012713500473291508 0.071509796411560092 0.043117724289539965 0.018974605437496721 0.0035509758080997074 0.085572979715966044 -0.0073197151345742286 0.023850121769533036 0.0008623202298628092 0.073392401567510465 0.048700979032064946 0.048969161829821653 -0.0042032997400953537 0.028726104331039327 0.070358352846664349 0.033985234254312643 0.073737645987076064 0.026424340668746073 0.014425090498200501 0.005499535596794545 0.065181632382064536 0.034573886641849037 0.032080775036478035 0.059598297113519071 0.057968437975233877 0.0030046256902595023 0.032618137070469323 0.062923945531996345 0.049887692036338284 0.088123372216577275 0.083667701080996637 0.056182402714520067 0.013681408012087377 0.015200371253920488 0.076445304096050187 0.049271897670764536 0.015268765985910862 0.077696593775254605 0.084836032749760995 0.0517351444752715 0.039925812563981172 0.0092997984505664225 -0.0018504758118051943 0.058624169633804651 0 0.06136614888258872 0.022067168697891555 -0.00029033062050032044 0.040550713402585842 0.0083385518035489423 0.0056999056912458443 0.0043187202773768904 0.063529846913165933 0.077403369814375025 0.095609917527107485 0.055530999374869536 0.0010573240691099236 0.03676437601176373 0.06168470381715542 0.010052992617961751 0.042363808316205315 0.032369330173899827 0.029569185624537014 0.0032847459248869673 -0.0058174658680128022 0.022642088992748013 0.069115002548398807 0.0071742310761783012 0.056077959714134991 0.040859508769541711 0.050230304569076845 0.061072181309533513 0.043698410399562765 -0.0062785877717071474 0.006206210492902757 -0.0044499937910725852 0.066348010524367687 0.060042384935003863 0.0072434962792907965 0.037212688210149336 0.030902310356247954 0.0096364026788617486 -0.00081499747166744656 0.10355452665669188 0.075322602333669761 0.068446712273681709 0.055040091631371739 0.06799370085335732 0.084457872486493613 0.026115591980931399 0.051344661056021 0.041759904251277416 0.040410519937950681 0.0059962743726669036 0.038844186335210334 0 0.078948921385884704 0.058261703867871724 0.028730642042439442 0.05978188927455453 -0.0094903377839895622 0.020529294569500634 0.05916065461642641 0.065371348144479063 0.033720417592424924 0.063876804513388438 0.043799200076620463 0.0073941551984130442 0.026665157004384921 0.035175574045520325 0.064582171473834632 0.030957188798128473 0.093952453129952471 0.0303859881467195 0.020934689465209013 0.01059555144092926 0.038737979762531849 0.034286327091872799 0.037858634306336153 -0.0098220523389625884 0.054977437938600618 0.013058696064305072 0.031855121045882763 0.036283360538543523 0.040669973615416834 0.057733629023110633 0.0066084536373705594 0.073407546218457062 0.012025090149900554 0.017316618406274679 0.0036987160698242713 0.052762242247278303 0 0.044478391871577011 0.017680573276152731
leaf_weight=11097.568240083754 83.86077468842268 1146.7902360446751 46.296862527728081 246.82613926380873 134.61560847610235 690.04963221773505 1401.5129300802946 163.76038780808449 38.513650231063366 1681.5159820541739 2969.4245435297489 1035.9893912300467 318.78772621229291 343.12744389474392 217.91847424581647 35.55822879076004 122.27742194011807 42.049124550074339 990.99696873873472 118.04339180141687 71.075051318854094 38.148296054452658 100.72569156810641 296.09241436049342 322.14265371859074 38.008555881679058 16194.442447632551 66.575594011694193 82.27684024721384 74.199996557086706 47.001569442451 248.61136112734675 343.01294726505876 62.661094032227993 876.33349801972508 60.611250128597021 65.368030104786158 2761.6036812961102 115.55448976904154 4680.9539714977145 35.708305113017559 67.267873052507639 44.728534542024136 138.23989152163267 31.982695307582617 614.10460956394672 53.002180926501751 227.96190083026886 243.83235953003168 32.722918629646301 40.319855377078056 35.541254319250584 228.24260994046926 59.115332972258329 102.85634156689048 70.887387856841087 32.965365573763847 47.049518976360559 36.771726328879595 23.995016869157553 59.566319458186626 58.414038226008415 252.96715740486979 66.296218771487474 73.514337673783302 36.884437918663025 36.78216290473938 64.161174532026052 647.75202161073685 29.117368254810572 61.924447823315859 69.989205438643694 635.97573382407427 3362.7047970108688 95.657717682421207 36.944342486560345 736.2177253626287 50.844150334596634 22.127087417989969 42.243062783032656 1917.2746605724096 89.074988685548306 40.435151726007462 35.732061859220266 34.183290403336287 145.27522905915976 1236.2970512732863 43.205564390867949 360.48111416399479 43.440242972224951 25.448160976171494 72.435018390417099 61.067210879176855 101.02523374930024 27.161783248186111 97.495335340499878 46.895774077624083 60.078475840389729 43.475771177560091 3292.9994745627046 43.149718854576349 693.95893889665604 53.315745331346989 43.809633504599333 1164.9921311289072 96.760080676525831 30.064409535378218 33.954565484076738 60.708493661135435 509.52959114685655 112.8358383923769 624.27017075195909 366.17773295193911 325.96455043554306 51.095542065799236 191.00058421492577 97.531711958348751 215.31206719949841 40.808147594332695 31.475663285702467 35.751189786940813 52.779327977448702 40.06791652739048 1293.7715611681342 76.733298681676388 52.762020580470562 34.080872040241957 25.692770142108202 277.20972299948335 26.827628035098314 57.802941657602787 50.593370407819748 84.579118940979242 101.0782204978168 50.114657662808895 192.0047145113349 39.871107824146748 139.85406442731619 65.506823875010014 79.634901892393827 186.01429700478911 92.147444292902946 46.507848378270864 49.927146855741739 43.904842007905245 105.18838285282254 140.77574162185192 128.30291471630335 201.2428436614573 101.17769546061754 49.013105060905218 131.54109955206513 34.23485029861331 1997.7997320778668 90.950680706650019 135.25646154955029 661.80203466489911 153.29125829041004 67.389600001275539 117.10871716588736 29.540983956307173 159.43807847425342 27.166581649333239 29.274894922971725 38.914914947003126 69.130431205034256 90.07236385717988 61.569877002388239 1292.0165412761271 55.429930277168751 29.641408886760473 39.816235098987818 38.474410638213158 2535.0774502754211 23.862683445215225 25.336831886321306 151.31814219802618 36.598299812525511 65.572292946279049 140.78295277804136 166.66927232593298 51.929541617631912 65.112940777093172 67.689147554337978 95.670551359653473 398.49914832040668 84.859174177050591 60.623457923531532 46.135663904249668 558.40393201261759 41.212998677045107 23.769887283444405 40.174209248274565 126.73716439679265 27.838760148733854 42.293829131871462 24.388793703168631 257.4392423145473 88.604855880141258 53.910286195576191 554.43112519010901 440.89362343400717 7898.6020909249783 100.4651613868773 226.31038334220648 233.1254331022501 143.43842215463519 63.057638507336378 82.184666190296412 164.97048251703382 18.857104431837797 409.35821749269962 54.141984719783068 38.771857563406229 28.464181330054998 72.247465662658215 83.310909040272236 151.25822199508548 63.961288180202246 24.311601545661688 33.024361457675695 40.131396472454071 109.81800647825003 50.367054477334023 668.9683716148138 32.211824912577868 24.28529154881835 27.292670298367739 42.091045789420605 37.137724671512842 24.240638826042414 1627.63620467484 50.955029141157866 61.917169008404016 674.71240664646029 35.77170691639185 36.021687023341656 55.467530000954866 33.70542174950242 31.128911349922419 31.00798312947154 81.770706482231617 152.87976617738605 25.303818840533495 27.541996371001005 52.301852002739906 251.5254924595356 66.398376449942589 37.00886058807373 30.937202487140894 34.726004291325808 114.80994212254882 34.631061419844627 58.32613866776228
leaf_count=195189 1230 17972 478 2222 1263 11623 5294 2423 526 28554 7124 5579 4473 1608 1715 343 907 526 5241 758 1053 294 1423 2366 4008 428 22086 607 726 534 460 1398 2551 508 6588 751 943 9806 941 11121 530 993 504 2227 251 9795 776 3471 3445 265 484 469 2355 426 828 912 344 624 556 194 858 637 3536 537 742 325 486 910 3937 406 543 683 2905 57290 1449 433 3371 298 191 424 7811 774 389 436 398 1775 20141 497 3082 359 241 1057 822 1572 350 686 611 370 546 8979 566 2463 657 574 4983 1047 400 453 543 5115 979 5341 2264 2592 483 1351 978 2771 411 429 289 567 540 20624 404 832 409 383 1738 283 627 821 1074 768 566 1252 450 1887 968 691 2181 1058 386 447 646 1161 1070 1316 950 479 460 1800 461 11233 903 1817 3795 786 551 1144 445 2599 266 449 350 915 1375 695 19687 879 441 365 263 7339 245 402 1767 325 930 1389 1791 568 968 1072 1225 2628 1150 522 459 5247 341 237 653 1880 451 367 224 3888 1051 580 8376 7178 14350 632 1467 2065 1121 353 971 1520 216 4440 766 418 418 485 740 1940 594 407 440 283 829 525 5011 311 361 362 526 281 283 5504 624 836 10110 422 397 573 551 301 430 952 1785 276 266 785 1659 881 488 444 351 1767 374 793
internal_value=0.0618848 0.0135269 0.0920984 0.0698899 0.0411003 0.000625623 0.100003 0.0334951 0.0538026 -0.00344174 0.103139 0.0888507 0.0217678 0.0800956 0.064834 0.0428177 0.0465635 0.015422 0.0771685 0.0909384 0.00430286 0.0375396 0.0149824 0.0675182 0.0203847 0.0835068 0.105157 0.0727585 0.0335809 0.0296913 0.00539461 0.0555074 0.05344 0.0763251 0.0652521 0.0301588 0.00996197 0.0944881 0.0698479 0.0967748 0.034399 0.0157513 0.0279789 0.0118708 0.0469453 -0.00633614 0.0382571 0.013357 0.0261354 0.0291252 0.059689 0.0269365 0.0505936 0.0526782 0.0487582 0.017969 0.00412639 0.0501053 0.0319186 0.00846829 0.0328226 0.0595213 0.0293472 0.0504274 0.0428083 0.0413807 0.045564 0.0374995 0.0664157 0.0247262 0.0392157 0.0315448 0.0767628 -0.00677282 0.0248369 0.0492767 0.0837577 0.0565922 0.018522 0.0208274 0.0848111 0.0331088 0.0245698 -0.000394862 0.00658406 0.0233043 -0.00106511 0.00320063 0.0521211 0.0325122 0.0197995 0.0273361 0.0400889 0.0156309 0.00312832 0.0683198 0.0463491 0.0614191 0.0448685 0.0950352 0.0431281 0.0846103 0.0413345 0.0429796 0.0821289 0.0450092 0.0575929 0.0421757 0.0393601 0.045394 0.0444678 0.0544784 0.0625481 0.0576694 0.0590547 0.0543694 0.0403837 0.0330309 0.0190092 0.0290874 0.0262005 0.0223219 0.0429194 0.00755745 0.0635628 0.0251233 0.033629 0.0458837 0.0649374 0.0213804 0.0156659 0.0266419 0.0164466 0.0507869 0.0589684 0.0641761 0.0553119 0.0277444 0.0330372 0.0382589 0.0251696 0.0467048 0.0364016 0.0372113 0.0254335 0.0603985 0.0503714 0.0428741 0.0712759 0.0635535 0.0320545 0.0233334 0.0401864 0.0744689 0.033129 0.0267655 0.0727493 0.0648836 0.0753283 0.0535007 0.00673553 0.0111538 0.0342919 0.0304998 0.0496706 0.0371705 0.0140857 0.0229405 0.00924478 0.0210057 0.0323823 0.0423135 0.0565432 0.0930381 0.0261417 0.0289413 0.0283911 0.0341184 0.0289001 0.0483907 0.044931 0.0513233 0.0178259 0.0214765 0.0108615 0.0656668 0.0434088 0.0316176 0.0195492 0.0462674 0.0350091 0.0149612 0.019132 0.0204111 0.0229916 0.0321795 0.0168071 0.0122904 0.0256189 0.051621 0.00703119 0.00120493 0.102247 0.0581582 0.0780987 0.0535564 0.0481042 0.0618612 0.0513143 0.0432725 0.00550048 0.0416089 0.0364551 0.0499002 0.0383757 0.0659667 0.0462288 0.0235257 0.0344002 0.0242786 0.047202 0.0414056 0.0529235 0.058843 0.0601373 0.0255795 0.0338682 -0.0026533 0.0115667 0.0464108 0.00508203 0.0918637 0.0478525 0.0332088 0.00955888 0.0121313 0.0617354 0.0606334 0.0139758 0.0203916 0.0352743 0.0427936 0.0284164 0.0145092 0.0321 0.0218513 0.0689298 0.0277053 0.0402246 0.0264758 0.0167718 0.0136591 0.0180471 0.0317126
internal_weight=100758 38746.3 62011.7 16283.9 12348.7 26397.6 45727.8 9355.92 6325.89 20706.5 35680 10047.8 4146.98 9957.98 2992.77 5208.94 3882.25 5691.11 7987.21 9145.73 5632.12 3486.53 2637.43 902.057 3804.94 2973.08 27062.5 5078.94 1509.55 1406.53 1886.17 1658.89 1722.41 1333.88 2443.63 1318.52 2554.6 6172.65 416.095 8617.54 1303.66 2367.75 1437.19 2234.2 1056.7 15074.4 1046.03 2012.25 1353.99 355.504 114.52 1292.01 1242.8 2578.59 1608.58 1034.37 1839.17 920.373 150.525 2398.9 83.5613 407.185 1110.15 101.837 2080 1938.29 1280.49 289.819 1980.09 155.203 91.0418 272.65 3098.85 14460.3 1190.18 1007.84 798.879 191.026 257.63 896.133 2908.27 657.807 322.781 3077.52 1199.83 793.872 2986.36 1304.84 470.213 155.704 282.346 1026.42 993.031 256.898 1781.92 1973.42 90.336 141.703 81.6241 6054.6 589.461 2894.94 957.323 896.256 2200.98 1201.4 213.05 988.348 90.7729 546.312 852.446 952.978 1332.34 418.376 970.007 667.386 524.648 312.844 602.089 953.981 794.202 648.925 145.277 2315.34 665.71 136.331 109.732 140.181 534.999 678.181 420.937 192.975 135.172 211.804 151.193 348.771 257.79 476.584 857.186 509.823 347.363 181.222 191.783 146.611 96.6842 588.977 245.964 159.779 824.823 397.27 403.228 202.66 71.1193 2462.87 336.73 245.78 1097.09 435.285 220.681 214.604 2220.4 926.63 56.7076 257.244 187.68 108.045 235.503 145.431 1334.07 91.162 109.526 79.8842 83.2029 3936.59 94.9377 68.5424 354.214 253.489 216.89 476.386 417.27 167.484 502.314 406.656 163.36 465.075 954.394 191.618 130.995 762.775 204.371 100.773 853.89 813.716 686.978 272.346 414.633 328.327 155.873 156.767 1064.58 468.055 10868 724.735 427.553 769.848 473.665 296.183 426.615 247.155 1165.65 739.61 463.5 276.11 165.091 111.019 136.627 179.097 227.969 130.983 96.9856 78.14 250.601 966.162 915.795 57.9046 57.2507 717.342 596.522 71.2186 77.0027 1970.76 93.2489 86.306 869.922 710.484 179.46 381.432 161.349 127.644 62.1369 113.753 243.297 90.4168 106.671 79.1295 302.621 163.158 110.523 77.2341 561.281 468.229 353.419 93.0521
internal_count=780829 566437 214392 107615 132861 433576 106777 110722 56119 351912 67314 39463 55799 51496 22139 54923 38271 81664 44384 33279 89638 39232 37917 6184 52084 13736 43560 31332 17882 17319 29580 14357 15691 7782 17848 16164 38729 19543 2907 23754 15096 33941 18143 33012 10505 262274 11605 29430 17376 4511 1018 16301 11450 23175 15247 14426 29120 8810 1759 36816 1052 3297 13931 1006 21913 20703 13034 3122 13959 1859 949 3269 17373 252479 15295 9765 3879 1718 3491 12199 13052 7669 4246 50909 18586 10330 49594 21040 4298 1913 3857 12872 10829 3616 28415 13550 970 1210 840 18785 6167 13025 10299 9477 10562 11950 1850 10100 943 5601 8903 8328 10022 3598 7928 5786 5834 3749 8169 11815 10070 8435 1635 35764 5186 1695 1216 1420 3903 9217 5993 2522 1895 2085 1334 2660 2165 5837 10395 5964 4431 1832 2161 1660 1213 4782 2231 1745 5262 2845 4905 2586 786 14468 3950 3047 6962 3167 1337 1830 34466 13842 711 3224 1956 1265 3300 1925 20213 1315 1346 905 767 12633 1298 899 4445 3022 2697 4435 4009 1509 6775 5326 2297 3235 9647 2131 1609 7516 2269 1352 11775 11122 9242 3382 5860 4800 2044 1408 16430 7528 21474 5973 2417 7051 4633 2418 4009 2491 18188 7924 5206 2718 1815 903 1397 2391 2775 1741 1034 711 2218 7758 7233 694 705 11985 8902 690 1115 7112 991 1060 13131 10532 1518 3165 2250 1699 731 1203 3029 1244 1334 1068 2142 1928 1230 922 7758 6614 4847 1144
is_linear=0
shrinkage=0.01


Tree=4
num_leaves=255
num_cat=0
split_feature=7 54 7 55 55 54 12 6 53 6 8 55 61 54 9 54 54 7 48 6 62 12 48 62 48 14 9 6 71 62 7 61 19 55 48 16 62 12 47 6 128 62 6 53 30 47 55 9 57 32 70 12 62 57 45 29 6 7 130 6 116 9 136 34 37 6 0 131 50 63 38 30 35 54 29 19 9 135 106 99 28 133 55 7 8 8 54 36 79 70 43 34 18 54 18 18 55 42 30 8 6 36 29 8 135 114 133 117 6 137 140 55 115 131 7 115 116 32 55 9 53 8 48 57 117 47 63 32 111 44 6 127 106 28 55 28 115 8 116 80 31 18 48 51 28 38 31 117 61 54 30 6 18 13 134 19 30 19 55 99 8 26 25 116 90 131 134 30 8 29 19 47 117 9 6 30 62 18 9 70 55 74 30 50 28 19 62 30 31 126 30 116 66 66 14 47 43 127 42 30 47 32 44 127 48 32 28 35 0 78 131 48 135 30 19 35 55 31 30 32 54 42 92 48 67 128 48 29 29 53 55 31 84 26 43 133 7 47 35 18 54 117 42 6 26 12 115 55 26 48 63 32 30 8
split_gain=1.25484e+06 115654 98580.6 24608.8 20442.5 12598.6 11923.7 7799.89 6517.81 4890.95 4062.97 3889.48 3272.77 3163.06 3036.98 3020.36 2071.11 1963.26 1687.47 1436.69 1384.91 1345.92 1270.77 1264.56 1178.56 1131.34 1100.36 1061.42 1035.26 979.852 960.453 957.383 902.75 899.921 775.27 773.881 770.633 760.529 739.221 733.783 693.435 686.317 680.077 660.748 638.557 621.789 603.257 680.304 601.263 596.881 579.722 577.058 562.914 560.47 549.948 574.419 541.338 536.166 535.898 526.782 506.279 473.385 471.93 469.951 465.228 458.133 447.926 438.151 437.421 427.086 426.852 426.365 424.952 424.774 564.545 422.444 420.536 418.286 416.377 498.506 414.937 413.152 396.201 441.895 395.966 392.635 409.17 377.491 377.474 376.84 375.423 374.001 369.58 368.972 377.244 366.934 386.048 363.875 363.335 363.194 359.474 359.456 359.167 390.097 355.603 351.606 350.884 350.17 346.354 342.747 339.446 338.347 338.187 338 337.367 335.148 334.363 332.915 327.84 327.513 323.136 319.95 319.118 351.803 318.934 317.871 315.857 315.524 315.18 312.009 363.421 311.515 310.872 398.464 309.954 307.565 330.693 306.968 302.358 301.604 301.145 303.112 347.668 297.049 295.975 372.279 439.65 316.841 295.972 320.237 295.78 293.275 292.59 380.555 291.182 290.622 381.307 289.727 320.901 453.927 419.893 289.594 286.948 391.797 285.576 384.778 417.808 311.347 439.453 284.722 408.197 357.059 322.505 360.991 283.446 280.51 279.94 278.375 439.439 278.039 277.463 276.297 540.139 274.043 380.316 345.26 342.806 311.932 273.791 456.016 359.624 342.655 279.554 322.36 459.987 313.149 433.68 271.025 270.907 334.687 270.695 270.419 291.993 403.865 286.472 268.971 329.547 268.927 303.54 263.097 261.072 273.1 261.043 283.066 367.28 452.929 260.171 259.925 590.752 257.933 257.244 334.254 256.528 265.921 254.058 253.215 268.54 250.95 250.725 249.604 249.468 249.072 248.174 247.906 277.875 247.416 246.56 250.318 349.985 262.088 386.011 261.728 246.554 246.028 245.746 245.4 244.993 244.024 243.984 243.881 243.311 240.345 239.196 397.142
threshold=803.35000000000002 189.50000000000003 3492.9750000000004 411.50000000000006 380.50000000000006 1983.5000000000002 3.5000000000000004 512.55000000000007 5.5000000000000009 3673.8700000000003 4669.7200000000003 9.5000000000000018 17.500000000000004 373.50000000000006 208.20500000000001 242.50000000000003 39.500000000000007 2493.0450000000005 212.67536000000004 10233.525000000003 10.500000000000002 30.500000000000004 140.73993000000004 4.5000000000000009 4099.5732500000013 1.5000000000000002 68.010000000000005 2466.4500000000003 1.5000000000000002 16.500000000000004 366.85500000000008 3.5000000000000004 648.13000000000011 6.5000000000000009 279.77154000000007 3.5000000000000004 10.500000000000002 23.500000000000004 153.320435 296.03500000000003 45.500000000000007 9.5000000000000018 1438.075 5.5000000000000009 761.50000000000011 374.21033000000006 260.50000000000006 686.62500000000011 23.500000000000004 881.50000000000011 2.5000000000000004 18.500000000000004 2.5000000000000004 13.500000000000002 20.500000000000004 6.5000000000000009 33.030000000000008 1955.8800000000003 88.500000000000014 4203.5700000000006 0.0065796689500000009 2128.2600000000007 2.5000000000000004 103.50000000000001 38.500000000000007 1143.3550000000002 2.5000000000000004 92.500000000000014 13.500000000000002 1.0000000180025095e-35 17.500000000000004 1022.5000000000001 35.500000000000007 1123.5000000000002 3.5000000000000004 122.80989500000001 1400.2000000000003 2.5000000000000004 4.5000000000000009 6.5000000000000009 9.5000000000000018 5.5000000000000009 231.50000000000003 626.35000000000002 172.24000000000004 205.51500000000001 459.50000000000006 30.500000000000004 9.5000000000000018 2.5000000000000004 1.0000000180025095e-35 156.50000000000003 160.04747000000003 864.50000000000011 132.22679000000002 164.19743000000003 135.50000000000003 330.50000000000006 208.50000000000003 1038.0550000000001 215.61500000000004 28.500000000000004 46.500000000000007 309.42500000000001 2.5000000000000004 0.036147037500000007 99.500000000000014 0.011509871000000001 14057.970000000001 2.5000000000000004 4.5000000000000009 3191.5000000000005 0.06897120700000002 73.500000000000014 1999.4650000000001 0.15837521500000004 0.0088089425000000016 584.50000000000011 11.500000000000002 363.61000000000007 3.5000000000000004 36.630000000000003 798.18302500000016 217.50000000000003 0.0072602290000000009 339.54680000000008 5.5000000000000009 157.50000000000003 4.5000000000000009 5.5000000000000009 118.03000000000002 89.500000000000014 4.5000000000000009 33.500000000000007 806.50000000000011 3.5000000000000004 0.085720750000000012 4837.8750000000009 0.0016408237500000003 3.5000000000000004 650.50000000000011 164.19743000000003 399.48083000000003 22.500000000000004 127.50000000000001 34.500000000000007 1396.5000000000002 0.016737637000000003 18.500000000000004 1983.5000000000002 2790.5000000000005 54.010000000000012 39.901250000000012 3.5000000000000004 93.500000000000014 109.57553000000001 1923.5000000000002 137.75057500000003 185.50000000000003 4.5000000000000009 160.19500000000002 3.5000000000000004 5.5000000000000009 0.030943793000000004 4.5000000000000009 49.500000000000007 14.500000000000002 2258.5000000000005 94.045000000000016 38.500000000000007 130.65083500000003 7920.3147000000008 0.0064111906000000008 490.85000000000008 348.85000000000008 6646.5000000000009 6.5000000000000009 43.26499900000001 117.83500000000002 2.5000000000000004 222.50000000000003 25.500000000000004 478.50000000000006 5.5000000000000009 87.500000000000014 262.62065000000001 6.5000000000000009 1740.5000000000002 463.50000000000006 3.5000000000000004 892.50000000000011 0.024810048500000004 6.5000000000000009 3.5000000000000004 4.5000000000000009 339.54680000000008 10.500000000000002 48.500000000000007 49.500000000000007 2173.5000000000005 2486.7585500000005 599.50000000000011 5.5000000000000009 60.000000000000007 450.77769000000006 224.50000000000003 76.500000000000014 18.500000000000004 11.500000000000002 29.500000000000004 67.500000000000014 8.1915565000000026 2.5000000000000004 1614.5000000000002 67.266995000000023 85.500000000000014 1428.5000000000002 1879.5000000000002 1899.5000000000002 157.50000000000003 651.50000000000011 31.500000000000004 1.5000000000000002 187.69671000000002 1.0000000180025095e-35 82.500000000000014 798.18302500000016 81.500000000000014 32.500000000000007 1.0000000180025095e-35 556.50000000000011 1233.5000000000002 5.5000000000000009 1.0000000180025095e-35 8.5000000000000018 45.500000000000007 116.95500000000001 94.490997500000006 20.500000000000004 55.318000000000005 301.50000000000006 0.010959504500000002 23.500000000000004 844.0150000000001 3.5000000000000004 7.5000000000000009 0.082194305000000009 150.50000000000003 1.5000000000000002 115.66900200000002 1.0000000180025095e-35 1203.5000000000002 1761.5000000000002 158.80500000000004
decision_type=2 2 2 2 2 2 2 2 2 2 2 2 2 2 2 2 2 2 2 2 2 2 2 2 2 2 2 2 2 2 2 2 2 2 2 2 2 2 2 2 2 2 2 2 2 2 2 2 2 2 2 2 2 2 2 2 2 2 2 2 2 2 2 2 2 2 2 2 2 2 2 2 2 2 2 2 2 2 2 2 2 2 2 2 2 2 2 2 2 2 2 2 2 2 2 2 2 2 2 2 2 2 2 2 2 2 2 2 2 2 2 2 2 2 2 2 2 2 2 2 2 2 2 2 2 2 2 2 2 2 2 2 2 2 2 2 2 2 2 2 2 2 2 2 2 2 2 2 2 2 2 2 2 2 2 2 2 2 2 2 2 2 2 2 2 2 2 2 2 2 2 2 2 2 2 2 2 2 2 2 2 2 2 2 2 2 2 2 2 2 2 2 2 2 2 2 2 2 2 2 2 2 2 2 2 2 2 2 2 2 2 2 2 2 2 2 2 2 2 2 2 2 2 2 2 2 2 2 2 2 2 2 2 2 2 2 2 2 2 2 2 2 2 2 2 2 2 2 2 2 2 2 2 2
left_child=1 6 3 9 7 13 11 18 14 15 41 39 17 25 23 33 27 36 35 32 37 26 68 34 49 -4 67 84 53 43 45 92 126 117 129 236 58 -12 210 90 50 -7 77 59 -28 65 47 70 71 100 75 -21 161 227 55 125 230 72 60 -14 99 -53 63 131 89 98 -35 82 119 107 -42 -46 132 74 -25 -17 -60 225 243 -80 -47 115 83 144 249 143 224 -74 -77 148 -1 -51 105 -79 -95 96 102 109 -18 122 -10 -62 -32 121 135 138 114 -67 137 222 164 -22 -76 209 127 -57 -114 -2 -73 219 -65 124 123 -5 -104 -24 -15 235 -39 130 -6 134 133 247 197 -30 -137 251 -16 -56 220 157 -143 181 145 -9 147 -147 149 -26 -136 -70 -118 -154 201 -116 -157 158 159 244 -160 169 -83 -164 165 166 -82 -167 242 170 171 172 -40 -174 -106 183 -61 -168 200 -81 -162 182 -55 184 186 187 -72 -185 190 191 -129 192 193 195 -195 196 231 -58 199 -111 -179 202 204 -204 -127 -97 -207 208 -191 -75 211 -11 213 -23 215 -215 -43 218 -107 -13 221 -120 223 -48 -87 226 -33 -20 -34 -209 -36 -190 -145 -146 -235 -68 245 -238 239 -239 241 -241 -169 -50 -142 -3 -236 -49 -132 -8 -102 -27 -245 -254
right_child=2 4 5 12 8 10 16 21 24 38 20 22 29 19 31 40 30 -19 28 51 111 212 54 73 64 108 44 -29 104 -31 95 42 228 66 56 -37 -38 128 52 -41 46 216 -44 -45 48 80 97 57 78 91 -52 61 -54 85 139 81 62 -59 76 176 101 -63 -64 120 -66 69 106 -69 151 -71 175 118 87 113 112 88 -78 93 79 179 110 162 -84 -85 -86 86 -88 -89 -90 -91 -92 -93 -94 94 -96 205 -98 -99 -100 -101 250 -103 103 -105 174 217 -108 -109 -110 198 -112 -113 116 -115 155 -117 152 -119 140 -121 -122 -123 -124 -125 -126 154 -128 188 -130 -131 248 -133 -134 -135 150 136 -138 -139 -140 -141 141 142 -144 232 233 146 -148 -149 -150 -151 -152 -153 153 -155 -156 156 -158 -159 160 -161 180 -163 163 -165 -166 167 177 168 -170 -171 -172 -173 173 -175 -176 -177 -178 178 -180 -181 -182 -183 -184 185 -186 -187 -188 -189 189 207 -192 -193 -194 194 -196 -197 -198 -199 -200 -201 -202 -203 203 -205 -206 206 -208 229 -210 -211 -212 -213 -214 214 -216 -217 -218 -219 -220 -221 -222 -223 -224 -225 -226 -227 -228 -229 -230 -231 -232 -233 -234 234 246 -237 237 238 -240 240 -242 -243 -244 252 -246 -247 -248 -249 -250 -251 -252 -253 253 -255
leaf_value=-0.008251193455377448 0.012154385928414347 0.0027503688386120682 0.022636001559660612 0.043910273757784619 -0.0047975336528980903 0.083875706496898864 -0.0015846144581066536 0.0063491203372352369 0.033472754607399811 0.00631904742402773 0.067466321296616422 -0.0053452510866117018 0.066324062934461997 0.074974779159040536 -0.0053687878594920104 0.058265737971210027 0.0434030936514022 0.076511793109448001 0.016610515916809593 0.059630460634284302 0.094442900354828066 0.076396231657847466 0.0011030436562343559 0.061730833166251629 0.022597993254642981 0.065325744720782244 0.059810601115260424 0.036357194560341415 0.0686864477558356 0.085065220972955269 0.01686450236548314 0.038596239842442974 0.030599691629939276 0.0065375311752761756 0.0013119823252107853 0.051355728513716434 0.071094840152056749 0.088772520747169056 0.069181460370548842 0.0045443844221306528 0.06711782070735528 0.08507863663640805 0.073182854755552806 0.080455743567676347 8.4278045077968724e-05 0.045691723614183472 0.037276763520403537 0.048062266721724922 0.038516934603203955 0.00095309359607027942 0.069233758765992651 0.081233925773807239 0.067362131994853178 2.1576819592835692e-05 0.053046605516882457 0.014349006226715802 0.025865803769013922 0.063731624758280467 0.03702926447477374 0.069931983642115669 0.031875343858919596 0.088589634180825869 0.02542336664261775 0.026850907150982446 0.079423975120104337 0.028742981554569367 0.041142492915147461 0.00097149086589452458 0.0053483359356000315 0.056280585977309887 0.035632240569909567 0.0043603553171734149 -0.0020241799999449585 0.057957791457955501 0.044314783080972052 0.043900669971898107 0.069100837658131117 0.061421014737020586 0.041248982739690965 -0.0099139205076494256 -0.0014549683066929773 0.0072980783932869147 0.037567409845385584 0.042828423993898454 0.012783617987305 0.045097763436943446 0.052140832307150949 0.043755951376283492 0.0023716798759280812 0.072069881362222324 -0.0048899705685166118 0.047571754911208186 0.05832782866709204 0.014982921244538421 0.056731230332555074 0.013696950805480284 0.047337188289159345 0.022165711207197198 0.0053397421949085309 0.068815925027658237 0.043618112415271984 0.062331702231931366 0.00029856437376505902 0.0048546442669726124 -0.001426043076521392 0.054849387937317563 0.0034180692974128462 -0.0065865671294454853 0.075276397212661564 0.047358546056397256 0.050123543999796294 0.097650496578986667 -0.0032313852258133431 0.029173446814564751 0.072316529521031819 0.058506088088123437 0.00021722606656338645 0.042182117015351885 0.052206702035178305 0.03168830059615705 0.057090955452038898 0.046786098030597308 0.062292348265069304 0.075036212367454114 0.037962911042906125 0.040195598625466074 0.084166689309568443 0.03305302390465234 0.094073111883164723 -0.0026543967313853896 0.053311388180899186 0.015188555887078316 0.028509193530516494 0.035151833985744833 0.066293656616410582 0.052044982801336265 0.022296659006268711 0.034897286774440532 0.030987855129660763 0.015511160607206536 0.03389173654360824 0.028917935900747361 0.060419079322806504 0.0530820081087982 0.0016924726704781333 0.049503941429299932 0.012626040783482381 0.014294761808759165 0.064819314266583314 0.061512601696935745 0.031657137727460913 0.041520537948829046 0.053949249866845385 0.0087303799672175629 -0.0041581438010754694 0.054939568653081874 0.017694912497964354 0.0043604141229373287 0.0044504263749337589 0.0015703621419792292 0.063346869226856756 0.036711078080821968 -0.0038014879365157019 0.026763522160659199 0.0012387114207085192 0.0098049270150224813 0.048959475176565896 0.014092153874699746 0.0039687585953409885 0.044698262387081571 0.067923868284228014 0.070171008112440911 0.026068782551320089 0.050694980114229557 0.041548840929889724 0.056216132592794822 0.083928076003472546 -0.0039858697977715437 0.053954463318599058 0.026123312904408568 0.034896102213242478 0.017406532994197938 0.054007289503628764 0.053634293947410427 0.0068229319229642059 0.070988405824030321 0.0072520322498920847 0.03076390648352105 0.0075424132704931639 0.046845106399118513 0.071141982505319903 0.048487195662631113 0.0088061897811001193 0.01294454863570111 0.055757089282007108 0.014025230002170826 0.057188292276453022 0.047042161452949913 0.052998169722225666 0.012046418916597544 0.03506217490435614 0.00045017568492980952 0.029005719379317924 0.071833940666303178 0.00046000406551916537 0.021792501168396469 0.056182191938404902 0.068165079216328098 0.0098354665000619703 0.03112563027701875 0.059217822919404479 0.039999440272995894 0.033735010078930837 0.031400535257880981 0.079547936959559071 0.075183099343345688 0.091364568257593606 0.063404127442295857 0.0090409052403765851 0.00056653475144831367 0.071336899041827703 0.013192560799582951 0.045531989263942411 0.066018013447151094 0.0076684307782545142 0.032256439375389787 0.063912812772843872 0.0042616486956341864 0.065325773605915877 0.032189175539968182 0.026741878624447355 0.044406120596911444 0.020982347206578485 0.005041705086154832 0.044220300296003261 0.0076956273195265355 -0.0022919123796668896 0.0059292694898155241 -0.00097931543947664119 -0.0044759033370643936 0.036761424088547955 0.028267165156597857 0.047132456350455813 0.06468681882549851 0.0034127356712502677 0.02800493193887001 0.0084101740761784918 0.079577307164596905 0.013643165081067008 0.0080687795845095448 0.076151716342312506 0.038391485467152563 0.01553484339353095 0.050784778198605302
leaf_weight=8468.4233871474862 269.02738978713751 955.66589666157961 67.786125376820564 258.02747200056911 29.651003189384937 3616.1855684965849 1058.6049738787115 71.168845530599356 54.154646933078766 34.837771587073803 161.72061089426279 1230.3305719979107 1161.2152509093285 1992.0194426998496 32.428842648863792 141.42645493894815 23.935337319970131 1730.7142828777432 394.79257073625922 105.55248837918043 8042.4585447832942 90.342156562954187 64.602924395352602 74.890053894370794 58.5124108530581 495.30055256187916 142.75080299377441 100.03793220967054 48.70897613465786 1833.4677462652326 586.97359471768141 60.852961886674166 61.630328059196472 52.461977109313011 63.23328822478652 38.026242721825838 999.44251538813114 3190.8572642058134 63.831522114574909 578.48395638540387 47.768733132630587 1436.6522703841329 340.31389191746712 1721.7277695834637 41.940881069749594 58.473178826272488 46.46918959915638 63.875017173588276 258.67929391935468 38.426313724368811 303.24957862496376 1780.532624438405 1167.9557238668203 27.896271768957376 39.409882560372353 66.430999860167503 91.192275054752827 232.41973681747913 188.72783883288503 388.15586496144533 110.43271102383733 3497.0446774214506 293.11348634213209 306.46759912744164 660.4016191214323 72.755703255534172 31.000951431691647 65.118277218192816 56.671176549047232 32.781010162085295 391.26748142763972 39.796493507921696 36.843674749135971 454.61258339136839 99.273369275033474 63.227361898869276 58.06568106263876 51.679378412663937 170.5918339304626 35.174246724694967 34.865579016506672 1418.6813287548721 305.44848784431815 102.11054921895266 341.1853380613029 25.89874479919672 86.671247750520706 32.216052819043398 34.089263997972012 391.45770502835512 5522.5326794870198 29.971220977604389 101.02449927479029 76.334540657699108 30.207083433866501 36.470215007662773 62.080050881952047 40.527682825922966 916.09149973094463 837.98647878691554 46.492862842977047 69.968918330967426 41.197227448225021 48.394848182797432 34.586855161935091 61.765837647020817 31.610842347145081 43.259231738746166 326.38570100814104 59.322838559746742 31.225353244692087 15435.026166677475 43.295959819108248 64.0509291626513 50.224578812718391 22.748223897069693 27.263856634497643 42.040601324290037 62.043111070990562 27.449910867959261 41.425500150769949 129.95696429163218 1054.8107424341142 48.537896491587162 49.050763342529535 31.641785271465778 727.73564999550581 58.273570705205202 4053.1122790873051 78.626732811331749 36.809400167316198 34.188350386917591 69.07687034830451 79.026183415204287 140.52211479842663 84.345972463488579 77.874353270977736 52.303875520825386 68.592523630708456 51.510517820715904 209.60721724480391 84.042695488780737 71.995914470404387 49.060196004807949 123.5842646099627 126.53779635205865 77.963133625686169 35.541798010468483 114.63909524679184 36.630976092070341 38.342197742313147 36.732778552919626 53.137224033474922 30.312255125492811 26.470443200320005 78.162329569458961 47.280185203999281 49.982994914054871 29.31260995939374 74.316334534436464 62.830189045518637 82.825632616877556 499.05254269763827 43.741644136607647 102.58754291385412 413.44526180997491 88.898715633898973 35.896005492657423 62.018221005797386 168.08139656111598 451.51205203682184 108.81088619306684 98.880304310470819 196.63362988457084 24.818093035370111 67.377186346799135 464.14904107898474 48.798637572675943 31.652173694223166 48.57054828107357 106.61944884806871 1027.0140338651836 55.506946805864573 89.370340697467327 68.9979591332376 35.951178453862667 50.057992123067379 240.11787822842598 57.830439783632755 65.323843322694302 54.774257455021143 89.500259853899479 77.62574652582407 37.640832103788853 88.811219926923513 160.70076110959053 52.779721196740866 281.69986302405596 167.73784180358052 52.60111502930522 25.282883871346712 26.747553076595068 64.470084376633167 37.47036374360323 40.611090768128633 45.88227267563343 95.216329321265221 82.378692366182804 36.091642882674932 49.880646020174026 51.169197674840689 89.538419269025326 53.834510397166014 104.58212992176414 39.200248915702105 32.294068682938814 4926.6741180345416 50.236594531685114 53.150898102670908 1832.6640625335276 37.690622299909592 37.246179673820734 138.08713723346591 410.60047036036849 57.420879483222961 41.322818301618099 467.58583046123385 288.66422685608268 38.73446299880743 34.249228149652481 101.41712621226907 26.241696488112211 56.865524277091026 67.496057171374559 57.315025065094233 74.108113013207912 93.991090159863234 91.721913065761328 96.719683609902859 52.918920941650867 138.32845174893737 41.956334125250578 78.403235401958227 127.21277707070112 31.625996336340904 38.264220636337996 30.947538431733847 69.969360008835793 30.204051434993744 345.16542595624924 95.889239281415939 48.443274725228548 39.606549113988876 274.40600154176354
leaf_count=150441 3787 15206 814 2278 488 11670 17508 1032 569 460 767 21143 6710 9140 472 1114 265 7711 5488 656 13143 567 1019 557 657 3165 1202 1130 319 6132 7862 610 574 767 945 363 5482 7538 389 9162 347 4240 1947 6847 617 586 451 577 2755 514 1967 6508 7053 426 395 968 1076 1578 1731 1966 1066 9079 3444 3491 2894 904 322 972 893 299 4056 586 510 3644 991 592 321 387 1710 536 546 21791 3324 1059 4987 262 795 291 453 2218 95638 252 775 899 219 499 608 443 14154 4764 414 451 628 708 513 508 460 697 1562 511 312 18561 637 693 323 223 396 438 587 333 313 1375 7050 259 551 359 2397 655 7032 1208 350 432 735 819 990 777 950 477 735 705 2408 979 579 467 1853 1270 1071 480 777 255 407 437 479 401 424 666 577 715 420 1079 502 809 8357 586 1571 6038 945 509 928 1507 2854 644 1049 1556 244 536 1647 779 309 539 1159 14037 538 757 935 234 651 2586 802 654 397 824 1044 495 769 2092 453 2717 1344 635 301 407 795 294 628 573 884 623 477 510 404 872 572 1144 223 186 10650 357 680 30115 269 496 1190 2815 796 405 3160 4488 233 364 1209 260 723 1009 617 1028 1521 1376 1507 862 1643 540 847 963 461 498 444 392 412 5262 543 417 506 2453
internal_value=0.0581681 0.012093 0.0838404 0.0638016 0.0366594 0.0910711 -0.000307816 0.0257267 0.0513667 0.0493367 0.0934643 -0.0037438 0.0732481 0.0804147 0.0444546 0.0431884 0.0134469 0.0675515 0.0160196 0.0824817 0.0952941 0.036744 0.00332327 0.0376405 0.0689334 0.0631489 0.0346728 0.00499596 0.0213782 0.0786999 0.0183168 0.0560734 0.0763818 0.031967 0.0321116 0.00789337 0.0632321 0.0912539 0.0606118 -0.00646936 0.0490755 0.0877826 0.06096 0.0755289 0.0390124 0.0143228 0.0467152 0.0427605 0.0373775 0.0488836 0.0596875 0.085646 0.0621359 0.0189307 0.00876068 0.00780099 0.0346133 0.0515287 0.0601846 0.0712355 0.0617045 0.0861416 0.0369144 0.0404485 0.0730517 0.00903551 0.0356689 0.0262957 -0.000832588 0.0252533 0.0374945 0.0314936 0.0431049 0.0471974 0.0374988 0.0470459 0.0451101 0.0550475 0.0430794 0.0314889 0.0199751 0.0059131 0.0279327 0.0235737 0.00315274 0.022596 0.0369626 0.0198218 0.0297948 0.0657958 -0.00692605 0.0222942 0.0415765 0.0394322 0.0277389 0.025927 0.0232538 0.0533982 0.00640963 0.0630863 0.0577689 0.0442966 0.0213883 0.0310397 0.0398037 0.0347938 0.0368861 0.0155963 0.0660598 0.0547798 0.0182945 0.0965603 0.0298673 0.052627 0.0377501 0.0267587 0.0200417 0.0164881 0.0329475 -0.00148572 0.0307861 0.0366539 0.0594563 0.0493252 0.0212572 0.0208942 0.077498 0.0353686 0.0917648 0.0120282 0.023884 0.0460442 0.0485928 0.0547374 0.0478762 0.0459205 0.0382706 0.0607613 0.0193423 0.0326803 0.0342496 0.0314377 0.0440965 0.0205226 0.0200942 0.0268316 0.0327603 0.0421124 0.053471 0.0386413 0.0593563 0.0202507 0.0291276 0.0382297 0.0264143 0.0510663 0.0414782 0.0277762 0.0300068 0.0233864 0.0401298 0.0568068 0.00493396 -0.00123081 0.0170993 0.0190654 0.0300932 0.0146699 0.0257839 0.0582576 0.0606225 0.0533005 0.0478043 0.0427192 0.0171336 0.0358447 0.0777443 0.0357528 0.0238533 0.0109922 0.0461196 0.018912 0.0364909 0.0341415 0.0290733 0.040995 0.032483 0.0372836 0.0372665 0.0350002 0.0525108 0.0301862 0.0267215 0.0299211 0.043491 0.0238691 0.0349879 0.0420557 0.0446553 0.0313534 0.00978057 0.0304922 0.034991 0.0459236 0.0186101 0.0392731 0.0455302 0.0476131 0.0342158 0.0554579 0.0397804 0.030894 0.0564173 0.0606778 0.0517894 0.0427364 0.0899741 0.0438409 0.0342648 -0.00180676 0.0482994 0.0382196 0.0593551 0.0632929 0.0202044 0.0592133 0.0611728 0.0114371 0.0451139 0.0584054 0.0171686 0.0199294 0.0366503 0.0124153 0.0207304 0.0182379 0.00672543 0.0123338 0.0156131 0.0205585 0.0261704 0.0101854 0.0372628 0.0471752 0.0299979 0.00378694 0.0322395 0.0655399 0.0364907 0.000789995 0.0663489 0.0630939 0.0520321 0.0464968
internal_weight=106086 37960.4 68125.5 18069.3 12732.9 50056.2 25227.5 7307.25 5425.68 7143.89 40862.7 20186.9 10925.4 9193.47 3899.11 4629.81 5040.59 5356.71 3887.72 8203.25 30883.2 3419.53 5617.44 2463.61 1526.58 990.22 3099.27 1844.99 2340.12 5568.72 3195.59 1435.5 2820.12 1598.14 1566.89 1547.59 3626 7405.69 2514.08 14569.4 3031.67 9979.51 1068.3 3735.25 2036.04 2100.37 2489.68 1574.34 1893.29 264.934 541.993 5383.13 2338.53 2069.79 2433.59 2342.67 1391.6 583.427 2626.56 2013.52 2379.76 5277.58 1226.95 933.838 1261.64 1088.82 1287.07 1063.23 3183.85 148.796 990.909 939.051 351.007 896.717 328.173 238.743 246.794 727.983 954.241 254.337 1011.55 2050.65 998.113 692.665 1744.96 1386.33 169.991 69.0597 97.3166 601.24 13991 68.3975 367.199 158.221 106.542 1095.22 917.653 915.346 940.027 2199.36 196.537 180.402 855.573 268.6 270.334 266.175 1234.61 116.015 922.433 874.819 953.074 23477.5 253.283 568.544 1203 89.1792 154.009 311.068 897.11 3090.44 347.893 220.205 1361.38 306.565 90.248 292.014 2719.76 1027.33 7243.97 175.291 96.6645 585.945 281.947 212.871 551.756 210.929 162.22 596.048 101.021 90.9204 857.313 720.333 156.039 1216.34 590.554 311.212 240.043 162.08 209.782 95.1434 178.864 93.404 110.713 83.4495 227.411 175.667 125.443 564.295 514.312 315.55 198.762 1170.58 1961.48 542.794 921.848 819.261 229.498 589.763 176.317 1087.75 919.668 468.156 359.345 295.514 59.4049 943.14 852.305 194.632 105.734 83.7448 169.45 1110.42 83.4032 875.763 510.323 365.439 441.325 329.488 922.222 809.174 113.048 591.131 501.63 424.005 126.452 297.553 136.852 372.892 279.662 111.924 74.0815 200.941 174.193 101.94 72.2529 177.569 141.099 218.043 101.415 504.493 175.545 124.376 320.253 266.419 176.076 136.876 6363.33 165.153 114.917 3062.99 136.98 99.2893 595.157 457.07 83.3196 569.762 528.439 683.457 100.365 116.628 164.65 84.0721 105.926 279.343 155.759 105.109 1509.57 515.636 421.645 324.926 233.204 94.8753 114.299 699.905 241.233 993.93 88.2626 133.844 67.0135 1403.77 142.382 543.744 441.225 314.013
internal_count=780829 555398 225431 116808 137720 108623 417678 91683 46037 62393 73601 345113 54415 35022 36944 44796 72565 31113 54339 28587 47041 37344 89872 25790 9093 6435 34652 28887 30823 23302 43678 11154 12344 18277 17482 23516 23402 15337 17597 255241 26519 26560 7627 17170 21521 29990 22393 15004 20319 2292 4126 16243 15861 28020 36951 35851 15024 4902 17920 10323 15868 15587 12870 9426 6801 16319 14052 13131 52921 1900 10102 10857 3324 8308 3461 2159 2052 5680 9462 2785 13671 31925 12159 8835 27757 18044 1853 801 1045 3907 246079 766 3527 1505 1118 13688 11732 7389 14419 14351 1526 1517 11124 3262 2803 2752 13285 1601 5621 6946 13085 31704 2904 4847 12825 1191 1913 4225 10240 51591 3804 2554 9587 2537 1179 3926 11537 11259 14570 2458 1250 5622 2523 1788 5190 2046 1727 4059 1207 1100 9654 8302 1558 16191 7776 3853 2821 1750 1689 912 1397 1330 1276 880 2907 1566 1243 6744 6029 3948 2081 8808 30734 8943 12773 11202 2880 8322 2284 7999 6492 3638 2994 2605 757 9755 3613 2334 1389 1075 1661 15001 964 9219 5642 3577 4707 3343 9909 8857 1052 6739 5915 4871 1264 3607 1515 3793 2490 1146 1080 2483 2076 1089 987 1956 1457 2118 1131 4154 1736 1332 2692 2120 1553 1330 14890 1545 1188 51258 1352 1083 4456 3266 1058 4175 3770 9976 807 987 2154 1062 1190 3923 2070 1350 23153 7449 5928 4421 3045 1402 1356 6677 2869 15704 1061 969 762 22770 957 3582 3922 2959
is_linear=0
shrinkage=0.01


Tree=5
num_leaves=255
num_cat=0
split_feature=7 55 7 55 12 56 58 8 56 9 55 6 29 47 0 6 0 6 58 47 64 9 26 109 36 6 57 60 46 6 0 59 6 19 60 7 37 55 37 13 6 6 128 6 46 7 7 58 9 13 12 18 106 12 98 21 33 47 114 84 55 56 43 63 72 21 115 9 42 127 21 8 7 21 53 6 6 18 18 51 133 115 68 18 116 58 58 115 57 28 55 88 0 6 47 98 116 127 50 133 68 7 7 141 35 0 127 116 12 115 8 12 57 40 7 29 115 9 128 132 127 132 48 114 127 128 7 11 13 19 11 132 37 70 21 34 9 50 19 9 114 35 34 115 133 8 74 60 50 21 115 12 28 116 82 42 46 8 94 128 55 115 51 60 68 114 57 19 31 59 28 132 121 40 35 108 133 58 6 8 18 16 133 6 74 63 51 31 132 56 74 117 115 75 28 8 127 12 8 116 19 20 0 60 21 82 31 21 116 117 98 6 21 21 13 1 13 56 37 132 121 8 127 1 46 57 51 64 42 31 12 28 60 28 117 21 58 127 28 12 19 7 9 31 18 114 59 100 18 28 117 117 21 40
split_gain=1.083e+06 108792 78813.8 20895.6 19262.7 14271.5 10115.4 6368.32 4844.41 4182.85 4050.48 3805.24 2823.45 2767.17 2179.88 1920.73 1904.67 1589.87 1542.97 1449.16 1127.29 1100.22 1071.65 1013.04 1001.76 997.177 982.256 981.265 981.073 978.108 973.794 938.52 816.848 912.99 800.503 791.484 789.182 728.962 724.011 716.857 702.766 701.015 644.599 633.814 622.414 612.482 594.789 585.818 552.459 535.805 530.972 517.896 514.904 514.81 671.587 514.376 506.534 496.835 491.152 479.264 658.271 477.104 476.975 476.057 469.367 463.64 454.993 443.952 441.636 435.348 482.061 431.445 423.621 423.048 412.173 408.34 400.168 391.81 385.087 387.92 420.45 383.953 382.206 381.827 405.005 380.009 370.147 430.277 367.612 455.68 385.405 365.659 364.059 371.298 395.838 360.924 356.463 389.154 352.766 419.37 350.475 349.045 611.783 643.04 427.342 402.386 340.158 338.471 580.791 376.384 463.938 338.585 337.235 365.085 333.583 333.579 332.435 377.379 331.465 330.307 325.684 325.115 324.942 319.044 312.766 312.444 309.467 308.886 306.947 535.981 305.637 304.546 331.15 304.25 352.978 325.872 303.915 303.908 358.456 298.638 297.889 296.891 364.012 296.247 295.515 293.999 293.094 292.502 291.133 290.567 375.996 290.294 286.763 286.131 285.567 474.355 518.819 348.435 297.949 285.031 283.61 282.158 292.961 280.713 279.021 277.71 277.582 335.063 276.765 275.994 326.5 347.412 313.927 279.728 275.673 275.336 273.833 271.319 270.157 266.873 266.84 467.725 364.821 269.346 266.642 263.683 337.12 263.633 267.121 262.912 319.405 262.379 388.649 262.225 261.694 346.252 261.47 260.11 359.458 259.787 256.899 255.639 254.782 254.243 253.369 387.007 506.677 340.38 253.117 251.117 269.191 250.223 248.57 341.539 295.753 301.01 318.624 247.582 262.236 245.864 354.461 244.639 242.566 240.54 240.536 240.323 324.436 240.203 238.542 262.77 285.591 238.516 240.97 238.416 299.514 253.573 470.089 376.266 391.855 320.897 316.241 314.473 313.314 297.334 310.087 269.634 238.253 257.542 236.911 236.235 308.438 236.178 235.759 539.845
threshold=803.35000000000002 129.50000000000003 3492.9750000000004 260.50000000000006 3.5000000000000004 343.50000000000006 92.500000000000014 124.92500000000003 504.50000000000006 3809.3800000000006 11.500000000000002 3005.8450000000007 2.5000000000000004 121.29575000000001 11.500000000000002 3077.7750000000005 4.5000000000000009 947.57500000000016 111.50000000000001 966.21068000000002 3.5000000000000004 1919.7850000000001 4.5000000000000009 1.0000000180025095e-35 72.500000000000014 925.59000000000015 46.500000000000007 44.500000000000007 427.85921500000006 2466.4500000000003 2.5000000000000004 206.50000000000003 5701.9300000000012 550.15443000000016 1.0000000180025095e-35 417.84500000000008 5.5000000000000009 156.50000000000003 22.500000000000004 3.5000000000000004 993.83000000000004 296.03500000000003 38.500000000000007 8556.2900000000027 4019.2912500000007 1260.7950000000003 1955.8800000000003 44.500000000000007 55.795000000000009 23.500000000000004 23.500000000000004 130.70153500000004 8.5000000000000018 17.500000000000004 5.5000000000000009 243.50000000000003 78.500000000000014 2626.5788500000003 0.023296454000000005 2.5000000000000004 28.500000000000004 816.50000000000011 52.500000000000007 4.5000000000000009 1.5000000000000002 1590.5000000000002 0.12895892 686.62500000000011 66.500000000000014 27.500000000000004 1290.5000000000002 129.91000000000003 1039.1450000000002 1590.5000000000002 14.500000000000002 139.00500000000002 6806.6100000000015 14.167809500000002 125.72133000000001 14.500000000000002 92.500000000000014 0.09596107700000002 9.5000000000000018 209.15411500000002 0.083683476000000021 12.500000000000002 10.500000000000002 0.082760382500000021 61.500000000000007 95.500000000000014 10.500000000000002 2.5000000000000004 35.500000000000007 1143.3550000000002 4563.9055000000008 5.5000000000000009 0.0016026629000000002 40.500000000000007 744.50000000000011 93.500000000000014 6.5000000000000009 626.35000000000002 390.91000000000003 3.5000000000000004 25.500000000000004 18.500000000000004 45.500000000000007 0.0075339702500000008 29.500000000000004 0.083340658000000012 256.31000000000006 18.500000000000004 12.500000000000002 23.500000000000004 427.31500000000005 82.500000000000014 0.031251565000000002 291.72500000000008 48.500000000000007 94.500000000000014 27.500000000000004 51.500000000000007 12821.478500000003 0.07903141000000001 64.500000000000014 57.500000000000007 2316.3550000000005 9.9100000000000019 83.500000000000014 15.802250000000003 218.04500000000004 51.500000000000007 4.5000000000000009 1.5000000000000002 150.50000000000003 35.500000000000007 154.70500000000001 34.500000000000007 648.13000000000011 86.410000000000011 0.027166381500000003 67.500000000000014 148.50000000000003 0.064331578000000014 86.500000000000014 245.51000000000002 27.500000000000004 5.5000000000000009 4.5000000000000009 150.50000000000003 0.055559275500000005 40.500000000000007 87.500000000000014 5.862180800000001e-05 23.500000000000004 22.500000000000004 1019.67105 138.69500000000002 6.5000000000000009 89.500000000000014 26.500000000000004 0.13115299500000002 6.5000000000000009 26.500000000000004 72.500000000000014 0.068486900000000017 68.500000000000014 37.763250000000006 1108.5000000000002 73.500000000000014 296.50000000000006 54.500000000000007 1.5000000000000002 12.500000000000002 26.500000000000004 2.5000000000000004 32.500000000000007 36.500000000000007 11967.750000000002 734.69500000000016 122.01427250000002 16.500000000000004 60.500000000000007 3409.8650000000002 29.500000000000004 2.5000000000000004 39.500000000000007 2494.5000000000005 64.500000000000014 195.50000000000003 28.500000000000004 0.0055327050000000006 0.095245555000000023 11.500000000000002 48.500000000000007 617.6350000000001 86.500000000000014 24.500000000000004 361.75500000000005 0.0057721869000000011 62.927500000000002 19.902272500000002 9.5000000000000018 17.500000000000004 2226.5000000000005 16.500000000000004 1782.5000000000002 2132.5000000000005 0.0058409420000000009 0.0034827532000000004 4.5000000000000009 411.59000000000009 1318.5000000000002 516.50000000000011 11.500000000000002 4.5000000000000009 3.5000000000000004 116.50000000000001 15.500000000000002 11.500000000000002 1.5000000000000002 497.85000000000008 55.000000000000007 15.500000000000002 413.03351500000002 56.500000000000007 1.5000000000000002 1.0000000180025095e-35 100.50000000000001 281.50000000000006 1.5000000000000002 56.500000000000007 9.5000000000000018 213.50000000000003 0.0061353875000000006 1395.5000000000002 25.500000000000004 4.5000000000000009 17.500000000000004 7.5000000000000009 34.150273500000004 168.04000000000005 34.545000000000009 650.50000000000011 47.201000000000008 0.021651762500000001 23.500000000000004 5.5000000000000009 189.91203500000003 71.500000000000014 0.010959504500000002 0.035720955500000005 2139.5000000000005 67.500000000000014
decision_type=2 2 2 2 2 2 2 2 2 2 2 2 2 2 2 2 2 2 2 2 2 2 2 2 2 2 2 2 2 2 2 2 2 2 2 2 2 2 2 2 2 2 2 2 2 2 2 2 2 2 2 2 2 2 2 2 2 2 2 2 2 2 2 2 2 2 2 2 2 2 2 2 2 2 2 2 2 2 2 2 2 2 2 2 2 2 2 2 2 2 2 2 2 2 2 2 2 2 2 2 2 2 2 2 2 2 2 2 2 2 2 2 2 2 2 2 2 2 2 2 2 2 2 2 2 2 2 2 2 2 2 2 2 2 2 2 2 2 2 2 2 2 2 2 2 2 2 2 2 2 2 2 2 2 2 2 2 2 2 2 2 2 2 2 2 2 2 2 2 2 2 2 2 2 2 2 2 2 2 2 2 2 2 2 2 2 2 2 2 2 2 2 2 2 2 2 2 2 2 2 2 2 2 2 2 2 2 2 2 2 2 2 2 2 2 2 2 2 2 2 2 2 2 2 2 2 2 2 2 2 2 2 2 2 2 2 2 2 2 2 2 2 2 2 2 2 2 2 2 2 2 2 2 2
left_child=1 4 3 11 10 7 14 16 15 27 41 22 24 40 39 64 36 23 42 25 45 37 30 35 130 69 48 76 83 77 -2 50 33 44 136 53 75 160 51 -4 47 56 58 227 49 82 55 71 114 72 -11 88 68 224 -55 -32 -1 62 -14 -57 -61 66 209 127 212 202 175 -22 112 70 -9 -6 -13 86 122 149 -8 -18 79 80 163 151 223 84 -12 -77 -42 -88 90 -90 -25 211 93 -83 179 -76 118 -98 99 128 -101 102 104 219 105 -19 -66 108 109 110 -50 -111 -44 131 -21 176 -71 -118 -34 193 -87 -67 139 187 -112 -41 -99 133 -47 -130 185 -114 -133 134 135 146 -30 138 -127 169 177 166 -143 -141 180 164 -36 -146 -119 150 -3 152 -62 -108 155 157 -157 158 -37 -39 -16 -109 -163 203 -63 174 167 228 -92 170 173 172 217 -38 -158 -20 -24 -103 -29 -95 181 182 183 -17 -151 186 -7 188 -48 190 -122 -175 -193 -79 195 -46 -52 198 -59 -115 -51 -31 -27 -70 207 -206 -207 233 -173 -28 -211 -85 213 -5 215 216 -214 -172 -219 -104 222 -196 -221 -10 -15 226 -154 -23 229 230 -136 -169 -233 235 -235 236 241 -237 -239 -238 242 -195 -241 244 -240 -242 -155 -248 -138 250 -142 -252 253 -182
right_child=2 5 6 8 13 12 9 19 20 31 28 32 18 17 21 144 29 101 61 26 67 43 115 38 -26 65 57 178 34 201 46 -33 96 -35 63 154 74 159 -40 125 73 -43 52 -45 194 98 123 -49 107 200 196 -53 -54 54 -56 59 -58 197 -60 60 81 145 -64 -65 106 121 -68 -69 78 116 -72 -73 -74 -75 95 85 -78 119 -80 -81 -82 92 -84 91 -86 120 87 -89 89 -91 168 -93 -94 94 -96 -97 97 126 -100 100 -102 140 103 -105 -106 -107 153 161 -110 111 124 -113 113 199 -116 -117 117 148 -120 -121 189 -123 -124 -125 -126 137 -128 -129 129 -131 -132 132 -134 -135 141 -137 248 -139 -140 143 249 142 -144 -145 147 -147 -148 -149 -150 184 -152 -153 225 246 -156 156 165 -159 -160 -161 -162 162 -164 -165 -166 -167 -168 231 -170 -171 171 208 -174 191 -176 -177 -178 -179 -180 -181 252 -183 -184 -185 -186 -187 -188 -189 -190 -191 -192 192 -194 204 221 -197 -198 -199 -200 -201 -202 -203 -204 -205 205 206 -208 -209 -210 210 -212 -213 214 -215 -216 -217 -218 218 -220 220 -222 -223 -224 -225 -226 -227 -228 -229 -230 -231 -232 232 -234 234 -236 237 239 238 243 240 245 -243 -244 -245 -246 -247 247 -249 -250 -251 251 -253 -254 -255
leaf_value=-0.0074804993745272762 0.0018326607992867133 0.048178675088969378 0.012009301352132684 0.059201599106174313 -0.00018266029943565687 0.041366797756018689 0.069516971498107524 0.066858968836681132 0.054756832049390899 0.070771610930979043 -0.0024181293190942326 0.019893390697872645 0.044967653294111481 0.00068296074668247218 0.043448476938298002 0.039050879528363461 0.052255365406762816 0.025558137375690335 0.056272864058858015 -0.0099679315807219924 0.070304362271914778 0.05796309298726026 0.0018030043454649303 0.053604230691156371 0.075149382300268047 0.041741959047146303 0.061381658371095903 0.080629217991118926 -0.0012688098228343387 0.06380870705644949 0.065855503799177817 0.089162008415921465 0.022200129295672669 0.0049113911971302212 0.011123685255071 0.012225918047765729 -0.0078162876527199804 0.072897823788318702 0.067959236376240351 0.059996527713921263 -0.00048456097339910707 0.0041579759385221536 0.014922576428565077 0.079730738826104597 0.038628022259219401 0.071305695307917055 0.056448521578636224 0.04282934940603253 0.0078497655066025861 0.041908459425388747 0.086489919905311741 0.056857077306343158 0.016754582969274665 0.0081669215266544672 0.063791027696259731 0.046152631982078855 -0.0027512590681806389 0.04369752076485954 0.011484402135391415 0.016924159848855428 0.044088570590014087 0.048276932118115873 0.022880566789636316 0.047662954986946726 0.07353465134729778 0.022827684796293494 0.018379103959241475 0.07989484416459898 0.032904404236335616 0.04219933610414045 0.014556585269541761 0.011287366270888862 0.04904485708656936 0.025671000764151648 0.061653645509877356 -0.0023928735102802822 0.078568928131764762 0.055493249148646041 0.064699728433080153 0.059536354706252265 0.0029516415457025453 0.046639851330829311 0.066789279841551447 0.022025823089464512 0.033528800145583987 -0.0096644975792261664 0.054117915351911627 0 0.052691403998943426 0.0048328142628930176 0.020299630514410034 0.039127491924556959 0.06396933894433085 0.020057293655909053 0.00092414197054968951 0.016453546264003211 0.085918159346843381 0.049387872461741721 0.079452488426372633 0.036714487854960731 0.063779855369384991 0.0052593926100979035 0.062607880901421623 0.083814451561011499 0.0073369344479076249 0.053697107326910153 0.037829708003996633 0.052701575454791393 0.058668543833557303 0.043784861978303072 0.025263304342559922 0.0079926520679466356 0.019759497433873455 0.033379397558144029 0.030315118112978139 -0.0008088487580408994 0.0077405837315882107 0.03654600093655274 0.055173381612774318 -0.0024739538534990211 0.046943116398933393 0.054532935882897211 -0.0098634532683920841 0.023261753640912052 0.054258499975623597 0.045924979367820057 0.068480861615918653 0.021197160934134845 0.073783797202393545 0.027453457989694022 0.068521292371785503 0.028154893208919413 0.058575190533963532 0.030313506648775364 0.005279811190651084 -0.00030935152286349661 0.033906916497180244 0.060724768856129589 -0.00080823041111768065 0.064699919553165453 -0.0095662018109319655 0.047261376836169933 0.006650968368838015 0.020652691854782662 0.02902636625868181 0.069473926394419794 0.054842230018893594 0.058661345288573558 0 -0.005572483023366142 -0.0033027925244634338 0.014940820943343508 -0.00085447096955506066 0.077981556797629234 0.0041963725014502965 0.0042913101542314249 0.040301199071502321 0.006904227642569356 0.051828547806133558 0.052780924330256947 0.062636291476833014 0.0038696790482641318 0.049127703754290306 0.029345765314055635 0.07974734971951869 0.019134989406949805 0.02055492183491784 -0.0074068958084953394 0.001735369680362375 0.050478593721399942 0.0070589298543292534 0.0011156286563926768 0.052993218806297156 0.0030857749756479525 0.072376085675504187 0.035402516095759652 0.027978649609983794 0.039615086365138497 0.08484176562928232 0.036517719107879321 0.067940402393696669 0.081076784410497094 0.069905080227440616 0.05825317655092542 0.0075030128868676564 0.061772381323979213 0.061628216161052213 0.081006690339004067 0.028111584183584403 0.042513700549358262 0.014800724530591714 0.03042765467971972 0.0009828727204962038 0.026793387421794712 0.054382262786597649 0.062933535580413619 0.081649493102225038 0.066032970544109421 0.060628277285897446 0 0.011383540389482761 0.030584115163314832 0.013607957822641653 0.066248115253637621 0.0068408801424715421 0.057891210823933704 0.011319424695191488 0 0.03263752267236817 0.064475660019732081 0.037799894887906527 -0.010101258089900887 0.03868291886937817 0.039854440705809936 0.058496262656924237 0.043806439490559547 0.06548585998776571 0.037523744768667766 0.004104169934372643 0.033315521515537447 0.050927842323805726 0.021417721745737681 0.0099330658935589365 0.027009275019973918 0.011142843566750256 0.049087225948253981 0.040743965476592363 0.074749002313775473 0.029159099832342768 -0.0010665791274639968 0.035608731719083415 0.011989478595371651 0.038831294587939297 0.057080563954377744 0.014744731701400136 0.054555988160583047 0.016674757057456999 0.04507474934589336 0.052992450554609355 0.045129478932845031 0.073955136355890752 -0.0069912873757371468 0 0.0064220901496235185 0.0093495889020682506 0.039493091512865577 0.049444989451231568 0.070409356633484563 -0.0038172994997044767 0.047301089563971707 0.042654464121924869 0.0054640701899848002 0.07410747453302674 0.044739997900775944
leaf_weight=11615.415670473129 72.72508604824543 32.331404715776443 45.942612573504448 137.09969203174114 1196.635544680059 288.27119541913271 760.03646420687437 37.977570481598377 311.20478211343288 315.47353079915047 2331.8153899610043 58.823848124593496 64.737624298781157 257.73090222850442 117.65546460077167 103.42938434332609 59.496616750955582 381.73962717875838 304.45718491822481 38.601553089916706 880.38982001692057 256.0007488578558 48.165157150477171 27.030033629387617 583.20783358067274 57.074832323938608 103.09789781272411 4226.8987759798765 989.70268093794584 101.75795408710837 62.673944603651762 18057.079440169036 40.444203160703182 47.905853264033794 26.889694482088089 38.964766103774309 62.274976693093777 2171.99915830791 41.347993332892656 296.77735459432006 167.7478619851172 635.18188696354628 64.590243026614189 2977.6080170348287 82.589580580592155 2436.1785070374608 191.13485588133335 35.74799645319581 123.20373609662056 45.110342424362898 11341.869921736419 46.192628405988216 76.844510909169912 47.759437892585993 39.640399783849716 416.38042750954628 2826.1905815452337 341.31727942824364 137.20035289600492 210.6342475451529 735.96263469383121 233.41486735641956 113.07466619089246 32.626965761184692 199.45579849928617 44.317129481583834 51.290706895291805 2187.6386434063315 47.791663277894258 44.936363708227873 35.09045098721981 448.85941196233034 723.46412966027856 274.52168850973248 45.110533580183983 76.349573835730553 4564.3967757597566 30.842919666320086 157.74008828029037 127.72847086191177 32.592054687440395 89.720058426260948 463.28474648296833 40.926782391965389 29.744541797786951 28.150812439620495 29.169764839112759 28.251978866755962 71.284712631255388 28.558928400278091 307.4136771671474 41.687588535249233 29.160769991576672 233.86990331113338 64.934939071536064 32.485083013772964 97.095030382275581 175.10401344299316 520.97508196532726 82.552986815571785 180.12669985741377 143.59619500488043 38.2011873498559 32.446925356984138 109.84010146185756 60.540388815104961 87.054923675954342 244.0812944509089 89.362782951444387 244.71598730236292 174.09090666100383 31.512784149497747 38.849808488041162 127.69352970272303 39.666072838008404 63.674653582274914 308.20625663921237 96.274728149175644 239.25621658191085 39.249102503061295 35.742706082761288 213.48009736090899 34.359631575644016 39.123248461633921 50.4512048214674 30.848546769469976 280.41959012299776 226.08999070525169 52.83453530818224 54.567485719919205 247.20745056122541 53.852650362998247 178.64080583304167 62.361086640506983 144.20959291607141 30.847827855497599 43.330233450978994 34.827109802514315 31.844706203788519 28.885284133255482 24.376369573175907 38.218235440552235 52.164232142269611 37.762329582124949 48.591751512140036 319.19764592498541 40.658832520246506 213.56912735849619 28.314381282776594 215.99376617372036 23.177970942109823 46.465154800564051 47.970813669264317 76.404402516782284 60.873190429061651 39.932379044592381 107.25061817467213 139.03036008030176 40.194888107478619 102.40126863121986 588.3861815854907 30.439299266785383 26.569020476192236 109.90293462574482 39.047901839017868 39.77842104434967 122.07845002785325 54.803740043193102 110.63595640659332 25.959448464214802 59.618052762001753 90.542037174105644 51.574042726308107 121.98521162569523 44.631016787141562 101.845752928406 269.68203546106815 25.840124230831861 5509.0439495444298 190.94073923677206 1069.8723200783134 135.81844217330217 319.35670210421085 797.80380420386791 542.68378688767552 317.26676827296615 140.93186201155186 41.873687397688627 49.92602626234293 67.898779489099979 210.62687766179442 148.54140942916274 65.045308377593756 60.112912822514772 55.071017127484083 513.27100640907884 2160.6950239017606 197.1534229926765 255.50727023184299 28.495565328747034 74.975266244262457 39.378083366900682 80.828387707471848 66.363512843847275 33.826978266239166 90.495612695813179 33.542303573340178 57.585573319345713 33.926341261714697 49.487433537840843 297.19422406330705 53.455762345343828 76.236947517842054 415.69880427420139 751.21034070849419 518.33802182227373 186.41953086853027 129.65874231606722 30.059607803821564 243.81783892959356 105.94905150309205 46.249801784753799 58.355661690235138 43.129553981125355 1591.7585430145264 29.181964859366417 28.227216806262732 225.24118216335773 29.3254111148417 903.36663972958922 38.339754268527031 394.13096985593438 35.692145124077797 48.327652260661125 28.795064963400364 24.219656471163034 60.467638745903969 36.961734067648649 29.7044956125319 31.404458988457918 45.583040297031403 47.638686265796423 28.599686987698078 268.90961364284158 37.041385546326637 68.98883193358779 264.53806485235691 102.66084408760071 25.021297287195921 54.113227169960737 50.307486537843943 27.307694677263498 752.24879486858845 131.39786603301764
leaf_count=206613 1059 340 567 880 19507 2488 3079 275 2044 1135 39079 685 590 4098 920 844 520 4695 2224 601 3809 1427 683 267 2317 543 769 10660 16287 743 426 20868 425 621 395 552 993 8527 299 1808 2627 10022 794 8369 741 10365 1409 382 1653 393 18088 403 869 690 323 3935 48250 3080 1691 2661 6708 1833 1273 337 925 499 565 6552 493 459 446 6549 5864 3474 344 1213 12917 264 1011 878 437 815 2235 579 379 458 268 427 652 413 4022 496 193 2730 879 398 337 1276 1671 648 915 2003 310 179 1532 540 727 2080 651 2374 1943 399 450 1291 431 980 4286 1015 1710 589 373 1739 545 407 406 228 1453 2963 190 444 1287 578 1381 770 2266 490 533 185 401 220 372 416 781 471 432 1600 433 1252 399 3522 370 548 682 345 862 572 1127 1994 382 600 3202 409 224 1141 149 500 1660 905 1638 234 885 1375 510 1781 314 942 3124 253 10334 1864 5289 447 1549 4713 8122 1988 837 181 525 713 2924 1761 969 733 421 3173 4459 1202 1750 380 867 416 994 456 469 770 442 835 398 341 2907 914 671 3580 4995 4240 1133 1493 436 2702 977 485 784 390 23042 258 271 820 369 14645 480 5792 413 438 382 215 790 349 261 306 308 730 401 3757 502 713 1895 491 395 513 495 376 3230 915
internal_value=0.0549482 0.0119343 0.0775887 0.0600878 0.00134106 0.0387131 0.0837787 0.0300548 0.0667209 0.0854482 -0.00337375 0.0434916 0.0539191 0.0162047 0.0723653 0.0603024 0.0206318 0.0207389 0.0468903 0.039839 0.0723849 0.0738572 0.035779 0.0167389 0.0643695 0.0291741 0.0439287 0.0810178 0.00373575 0.030247 0.0381027 0.087536 0.0526649 0.0483785 0.00732185 0.0137951 0.0149892 0.0691375 0.0280358 0.0502869 0.00696611 -0.00610366 0.0395028 0.0778788 0.0496663 0.0687875 0.0391481 0.00385375 0.0366715 0.0438656 0.0853978 0.0250066 0.0425192 0.0108459 0.0343699 0.0371808 -0.0065562 0.0497032 0.0226033 0.0362686 0.0338007 0.0560326 0.0420343 0.0107158 0.0539724 0.0413153 0.0476966 0.0771936 0.0443878 0.0203157 0.0429313 0.00294998 0.0469219 0.0173608 0.0216071 0.0095991 0.0773053 0.0271217 0.0508382 0.0448184 0.0370512 0.0361437 0.0603513 -0.000985906 -0.00193315 0.0176144 0.00704842 0.0284986 0.0220904 0.039464 0.0180115 0.0151714 0.029723 0.0277683 0.0241152 0.0437453 0.0610011 0.0660295 0.0708201 0.0691586 0.0556534 0.0297763 0.0326726 0.0410398 0.025277 0.0296568 0.0613089 0.0386508 0.0346099 0.030972 0.023724 0.0398244 0.0370849 0.0403248 0.0105696 0.019917 0.0166712 0.0138158 0.0506325 0.0256638 0.0220924 0.0493388 0.0196387 0.0521591 0.0322437 0.0546386 0.0614113 0.0101203 0.0705045 0.0512685 0.0578944 0.0474889 0.0518718 0.00882576 0.00808826 0.0264024 0.000146764 0.0373545 0.0227414 0.0208139 0.0204305 0.00706042 0.0245827 0.0412174 0.0652552 0.0622804 0.0384029 0.0534677 0.0284058 0.00543122 0.0271414 0.0404574 0.041816 0.056436 0.0248755 0.0276211 0.037618 0.0167194 0.0332398 0.0720437 0.0595847 0.0478998 0.0260821 0.0418972 0.0533718 0.0443939 0.00610744 0.00497449 0.0154421 0.0190454 0.0178797 0.0243388 0.0306911 0.0113461 0.0506097 0.0512649 0.0240794 0.0109582 0.0830308 0.0276157 0.0661529 0.0621143 0.0598669 0.0561519 0.00376244 0.054188 0.048298 0.0559285 0.0509004 0.0250118 0.0198446 0.0149571 0.0215993 0.0267148 0.057013 0.0597219 0.0857283 0.0550078 0.0511407 0.0273725 0.0234309 0.0551655 0.0257537 0.0531816 0.0257395 0.0376699 0.0457561 0.023493 0.0101669 0.0467048 0.0419844 0.00389412 0.0513423 0.0448669 0.0536104 0.0487608 0.0580951 0.0249704 0.0314244 0.0375478 0.0348839 0.0401376 0.0289278 0.051578 0.00969295 0.0253261 0.0150755 0.0661171 0.00193887 0.00114233 0.0120207 0.011903 0.0144111 0.0251458 0.0421724 0.023248 0.0296406 0.01758 0.0148715 0.0375574 0.0444631 0.0119103 0.0243297 0.0112687 0.0298944 0.0543234 0.0598788 0.0556829 0.0202392 0.0303797 0.0205686 0.0301612 0.0688856 0.0654896
internal_weight=111208 38350.5 72857.3 19042.3 27481.7 10868.9 53815 6929.7 13600.1 46935.5 20864.3 5442.21 3939.16 6617.37 6879.53 6387.21 3533.67 4436.44 2362.28 3396.03 7212.88 6439.29 2962.43 3080.01 1576.89 946.5 2449.53 15060.4 5787.49 1302.93 2580.91 31875.1 2479.78 1647.46 3289.86 2447.54 2230.74 2980.44 632.464 440.24 2180.93 15076.8 1313.02 3458.85 1599.55 4144.85 2508.18 1681.24 1092.69 902.374 13818 591.116 1111.09 1936.89 87.3998 2186.12 14441.6 1356.83 201.938 2123.45 1707.07 1049.25 562.854 2231.8 2815.12 395.7 457.594 3068.03 1034.24 550.8 73.068 1645.49 782.288 499.691 997.788 1232.96 5324.43 1161.79 542.119 384.379 256.65 1496.43 817.619 2497.63 2361.56 418.769 225.17 57.4217 544.923 99.8436 445.08 136.07 608.626 579.466 489.746 77.5956 832.319 552.619 3327.24 2806.26 262.68 1356.43 1030.89 478.771 552.12 442.28 730.114 1014.43 713.337 623.975 347.746 276.229 492.123 427.532 78.2676 381.522 477.732 432.795 279.7 1102.3 342.419 257.797 920.192 322.058 224.542 394.298 455.524 2199.18 2543.58 107.402 993.677 271.343 232.493 1973.09 1910.73 98.3964 1058.05 97.5204 62.6933 885.833 325.541 1812.33 90.3825 66.6476 3572.09 591.66 67.5485 262.161 124.589 814.187 55.5094 887.808 841.343 530.658 510.656 449.782 231.592 218.19 79.1597 2274.4 706.042 301.09 57.0083 224.058 272.463 191.66 1721.95 1599.87 418.05 819.185 793.226 395.379 270.91 397.847 151.882 406.303 317.847 169.436 9735.94 424.811 3309.93 1356.41 1220.59 901.233 758.678 746.47 429.203 282.935 241.061 314.268 246.37 335.572 213.587 1063.05 697.181 595.861 13502.6 793.978 596.825 156.189 120.086 141.136 137.903 114.155 1032.21 157.865 124.038 874.34 124.468 449.78 346.682 94.3825 2085 552.798 1532.2 780.995 262.656 219.336 159.718 446.324 408.123 101.321 302.174 354.334 1849.49 105.38 76.198 481.242 1115.24 1085.92 182.549 484.627 429.823 816.755 77.1227 739.632 342.795 396.837 372.617 235.044 174.576 107.752 60.0041 335.655 66.7459 114.572 443.603 367.199 68.3515 156.105 101.992 77.6152 1953.52 1201.27
internal_count=780575 555376 225199 116605 447777 107599 108594 78929 67816 81540 356662 48789 28670 91115 27054 38553 45781 57881 19753 33148 29263 23865 30338 42150 8917 10655 22493 36990 91777 14933 25551 44550 18451 13250 50330 34456 30848 13249 7694 3189 33234 264885 12440 10616 12629 18902 24492 26438 11171 7809 23682 7395 10159 28153 1013 21970 254863 11322 2281 21544 17609 7313 5290 33115 19882 3775 3731 10361 9290 6880 721 26056 6549 6796 12813 18035 15996 13774 4416 3405 2527 14948 4669 41447 39458 5681 3322 695 6992 1065 5927 1989 6481 6288 5473 742 5201 3066 14233 12562 1563 15731 11719 4952 6767 5235 4383 10139 7426 6775 4002 2773 4874 4080 1032 4787 6159 5700 2135 13254 4468 2238 12071 2522 2349 2622 2729 32778 10999 634 6600 2409 1959 29815 29045 1318 17215 814 629 11526 4012 27727 1197 691 18671 3582 828 1684 1414 12354 710 8467 7919 3458 6303 5441 2513 2928 934 9127 4122 2713 633 2090 1982 1941 26530 24870 5660 10835 10601 5097 3324 5504 1441 3166 3807 2256 20994 4594 16987 7553 7106 5557 11644 5313 3325 2115 1934 4010 3297 4511 2730 12665 4820 3914 22547 6032 4830 1671 1260 1159 1537 949 12401 1681 1212 10720 1773 4017 3248 1493 15499 4460 11039 6044 1804 2814 1929 4773 4463 906 3486 2434 27140 1211 953 2247 17760 17391 2746 7110 6205 9885 820 9065 3981 5084 4869 2518 1728 1463 707 4520 763 1021 2731 2386 928 1756 1243 871 9434 6204
is_linear=0
shrinkage=0.01


Tree=6
num_leaves=255
num_cat=0
split_feature=8 54 6 55 12 55 58 6 6 56 60 6 48 8 54 6 9 58 48 54 28 48 28 6 6 73 48 12 54 24 6 57 11 0 45 6 62 56 62 56 6 43 54 71 63 51 57 115 42 62 6 59 30 118 6 62 43 42 115 54 132 48 130 28 2 127 9 6 32 86 31 122 129 106 68 6 6 27 9 19 57 130 24 24 118 24 27 6 9 19 8 134 115 62 30 106 24 28 19 62 34 34 48 86 11 30 48 58 11 98 0 114 57 63 57 12 132 52 6 38 6 82 55 127 129 28 86 61 28 38 132 90 39 45 129 43 36 1 48 32 6 132 134 34 30 9 130 8 127 120 19 60 12 28 6 117 50 114 39 28 84 30 24 30 9 115 24 0 36 39 6 81 24 50 50 134 119 89 99 36 40 38 56 57 134 129 25 54 24 2 48 50 56 62 42 30 133 8 122 27 115 60 99 106 30 32 52 63 133 51 39 117 55 10 130 55 114 6 78 115 58 130 133 63 50 0 32 115 114 51 48 55 90 75 28 32 28 19 62 31 58 51 68 58 114 43 54 133 99 19 55 0 106 45
split_gain=940786 86273.5 80499.9 24517.5 14174.6 11623.5 8015.47 5859.92 5782.81 4175.05 4093.56 3117.04 2827.41 2644.54 2403.2 2043.97 1993.57 1702.76 1442.23 1244.98 1107.35 1104.32 1065.4 1026.86 998.93 1167.25 978.604 905.439 843.786 789.406 774.217 736.719 711.677 697.367 693.803 692.559 658.416 635.825 631.026 627.85 615.982 614.369 607.428 594.841 590.534 580.776 570.967 502.289 501.447 493.793 507.48 487.361 474.628 468.546 462.679 451.124 440.481 438.357 437.964 453.696 428.69 425.842 422.747 422.569 420.865 418.603 412.891 410.821 402.927 390.009 388.747 385.254 383.767 383.658 382.036 382.016 377.381 412.347 391.987 374.538 402.075 374.333 373.736 367.533 367.288 366.496 364.627 362.012 361.16 360.953 359.648 358.165 354.205 353.349 350.473 349.166 347.609 345.217 344.65 339.357 338.892 337.397 331.09 330.023 325.234 341.675 319.354 319.035 519.196 344.913 314.754 310.331 307.126 306.721 302.207 404.275 297.993 296.799 295.26 294.934 294.137 435.759 346.469 290.948 312.099 344.656 459.185 288.165 286.398 284.29 284.201 286.405 402.941 282.858 281.797 281.48 280.506 279.79 277.186 273.991 332.723 399.854 273.015 272.211 270.861 402.219 364.964 322.517 270.23 269.87 268.639 349.796 391.954 267.976 267.898 311.967 302.5 266.178 265.453 264.818 263.879 325.87 262.534 291.343 341.637 503.557 310.186 262.396 313.327 261.944 440.988 260.767 258.121 257.652 256.215 255.802 290.471 319.68 310.844 263.841 275.398 255.627 353.153 274.292 255.113 255.095 255.013 253.492 253.487 252.856 306.794 252.793 252.409 271.603 251.636 440.236 251.554 251.307 283.009 259.674 248.761 248.018 247.028 415.3 336.047 246.282 245.79 245.193 244.861 244.838 369.495 304.097 244.603 244.139 243.025 241.928 284.937 239.105 361.565 259.891 251.048 238.749 237.741 236.454 235.885 234.631 401.407 234.189 347.988 320.039 411.555 352.171 233.637 233.485 233.07 295.661 237.493 232.108 231.96 231.274 231.091 230.599 367.305 230.523 228.988 292.921 266.862 228.055 226.579 286.269 226.291 225.791 225.413 287.871
threshold=321.49500000000006 222.50000000000003 6605.7500000000009 366.50000000000006 3.5000000000000004 303.50000000000006 135.50000000000003 643.91000000000008 2195.4350000000004 7.5000000000000009 43.500000000000007 1220.7450000000001 674.18915000000004 1038.0550000000001 157.50000000000003 26924.545000000002 1871.1350000000004 145.50000000000003 30.093388000000004 283.50000000000006 10.500000000000002 3959.9466500000003 4.5000000000000009 789.72500000000014 2356.3100000000004 1.0000000180025095e-35 131.60263 15.500000000000002 450.50000000000006 261.50000000000006 46.835000000000001 6.5000000000000009 76.010000000000005 13.500000000000002 4.5000000000000009 1688.8900000000003 8.5000000000000018 325.50000000000006 15.500000000000002 11.500000000000002 1903.4950000000001 9.5000000000000018 49.500000000000007 7.5000000000000009 6.5000000000000009 10.500000000000002 53.500000000000007 0.10447996700000002 103.50000000000001 3.5000000000000004 9193.8500000000022 1.5000000000000002 5506.5000000000009 0.011113486000000001 4088.0350000000003 4.5000000000000009 7.5000000000000009 4.5000000000000009 0.042480751000000004 1409.5000000000002 94.500000000000014 14196.559000000003 68.500000000000014 16.500000000000004 5.5000000000000009 44.500000000000007 107.88500000000001 421.47500000000008 188.50000000000003 8.5000000000000018 2373.5000000000005 1.5000000000000002 49.500000000000007 1.5000000000000002 12.500000000000002 202.84000000000003 3157.1100000000006 1595.5000000000002 1971.9900000000002 305.61268500000006 9.5000000000000018 38.500000000000007 2196.5000000000005 535.50000000000011 0.00089823047500000013 1634.5000000000002 1023.5000000000001 1815.5850000000003 139.91000000000003 73.951945000000009 49.905000000000008 42.500000000000007 0.12067196000000001 42.500000000000007 4565.5000000000009 16.500000000000004 809.50000000000011 9.5000000000000018 202.65500000000003 3.5000000000000004 95.500000000000014 113.50000000000001 84.41737000000002 7.5000000000000009 139.15000000000003 5307.5000000000009 521.56500000000017 33.500000000000007 54.030000000000008 17.500000000000004 7.5000000000000009 0.11678474000000001 115.50000000000001 1.5000000000000002 26.500000000000004 7.5000000000000009 94.500000000000014 25.500000000000004 4821.3350000000009 78.500000000000014 789.72500000000014 14.500000000000002 94.500000000000014 8.5000000000000018 41.500000000000007 123.50000000000001 11.500000000000002 26.500000000000004 24.500000000000004 66.500000000000014 92.500000000000014 1.5000000000000002 21.500000000000004 21.500000000000004 56.000000000000007 91.500000000000014 20.500000000000004 8.5000000000000018 2.6735475000000002 613.50000000000011 2000.0050000000003 63.000000000000007 43.500000000000007 22.500000000000004 4791.5000000000009 579.61000000000013 89.500000000000014 405.88500000000005 35.500000000000007 1.5000000000000002 233.00222000000002 10.500000000000002 57.500000000000007 143.50000000000003 1903.4950000000001 0.0036498912500000005 40.500000000000007 0.030277202500000003 88.500000000000014 33.500000000000007 6.5000000000000009 1783.5000000000002 1480.5000000000002 2653.5000000000005 103.94000000000001 0.10829298200000001 1422.5000000000002 38.500000000000007 10.500000000000002 6.5000000000000009 1772.075 1.0000000180025095e-35 1704.5000000000002 7.5000000000000009 1.5000000000000002 67.500000000000014 3.5000000000000004 1.5000000000000002 2.5000000000000004 35.500000000000007 10.500000000000002 81.500000000000014 23.500000000000004 39.500000000000007 48.500000000000007 49.500000000000007 16.500000000000004 105.50000000000001 2184.5000000000005 3.5000000000000004 57.615023000000008 8.5000000000000018 292.50000000000006 7.5000000000000009 14.500000000000002 993.50000000000011 93.500000000000014 115.05000000000001 1.5000000000000002 616.50000000000011 0.049506058500000005 1.5000000000000002 2.5000000000000004 2.5000000000000004 2072.5000000000005 699.50000000000011 31.500000000000004 1.0000000180025095e-35 60.500000000000007 6.5000000000000009 65.500000000000014 0.035137549000000011 442.50000000000006 216.715 88.500000000000014 60.500000000000007 0.032260602000000006 1772.075 22.500000000000004 0.051855376000000002 55.500000000000007 79.500000000000014 66.500000000000014 3.5000000000000004 4.5000000000000009 5.5000000000000009 751.50000000000011 0.098529477000000018 0.024074261000000003 2.5000000000000004 733.46762000000012 226.50000000000003 1.5000000000000002 13.500000000000002 87.500000000000014 56.500000000000007 83.500000000000014 29.728796500000005 2.5000000000000004 2014.5000000000002 48.500000000000007 20.500000000000004 2.5000000000000004 40.500000000000007 0.027472929000000004 62.500000000000007 691.50000000000011 25.000000000000004 6.5000000000000009 33.470411500000004 31.500000000000004 7.5000000000000009 4.5000000000000009 1.5000000000000002
decision_type=2 2 2 2 2 2 2 2 2 2 2 2 2 2 2 2 2 2 2 2 2 2 2 2 2 2 2 2 2 2 2 2 2 2 2 2 2 2 2 2 2 2 2 2 2 2 2 2 2 2 2 2 2 2 2 2 2 2 2 2 2 2 2 2 2 2 2 2 2 2 2 2 2 2 2 2 2 2 2 2 2 2 2 2 2 2 2 2 2 2 2 2 2 2 2 2 2 2 2 2 2 2 2 2 2 2 2 2 2 2 2 2 2 2 2 2 2 2 2 2 2 2 2 2 2 2 2 2 2 2 2 2 2 2 2 2 2 2 2 2 2 2 2 2 2 2 2 2 2 2 2 2 2 2 2 2 2 2 2 2 2 2 2 2 2 2 2 2 2 2 2 2 2 2 2 2 2 2 2 2 2 2 2 2 2 2 2 2 2 2 2 2 2 2 2 2 2 2 2 2 2 2 2 2 2 2 2 2 2 2 2 2 2 2 2 2 2 2 2 2 2 2 2 2 2 2 2 2 2 2 2 2 2 2 2 2 2 2 2 2 2 2 2 2 2 2 2 2 2 2 2 2 2 2
left_child=1 4 3 8 9 7 16 20 14 30 13 18 23 40 41 36 28 24 234 45 71 35 -20 31 25 37 187 -18 167 53 68 -7 44 47 75 119 74 64 43 55 46 102 -24 196 133 52 62 60 51 50 -29 138 83 -16 111 154 -34 -44 82 103 70 87 97 -53 89 137 72 162 -1 -36 79 81 -33 238 -8 160 77 78 106 90 -81 -3 84 -10 -41 159 101 95 -48 214 110 -68 206 -17 185 213 -67 -5 130 -37 149 192 -2 143 105 107 -15 201 109 209 -9 221 217 -30 115 -100 171 120 222 -12 121 -43 202 -69 125 126 -125 -38 -99 -86 131 142 -133 175 -106 -113 173 -35 186 157 141 -141 -85 -60 146 147 -90 -146 -39 169 151 152 212 205 155 -31 -157 -92 174 -26 161 197 163 164 166 -166 -59 168 -4 170 -65 -104 -140 -74 -159 176 177 -28 179 180 -179 183 -183 188 -173 -77 -13 -11 -171 190 -144 -32 193 -25 -193 -196 -23 198 -22 -199 -174 -105 203 -122 -204 -49 248 -70 -87 210 211 223 -42 -19 241 -200 -217 218 -98 -219 -220 -21 -47 -109 -96 227 237 229 -229 231 -231 -75 -186 -135 235 -6 -237 -227 -71 247 -130 242 -14 -239 -91 246 -246 -203 -27 -250 -191 -121 -187 -254
right_child=2 5 6 10 11 12 15 33 19 26 21 48 17 76 29 93 27 61 22 54 34 38 42 86 85 92 32 49 113 39 191 66 56 65 69 99 127 148 -40 58 150 117 57 -45 -46 118 88 153 -50 -51 -52 63 -54 -55 -56 -57 -58 67 59 -61 -62 -63 -64 100 -66 96 91 123 207 73 -72 -73 136 225 -76 94 -78 -79 -80 80 -82 -83 -84 98 129 208 -88 -89 144 244 139 -93 -94 -95 224 -97 112 128 114 -101 -102 -103 116 104 134 -107 -108 108 -110 -111 -112 135 -114 -115 -116 -117 -118 -119 -120 251 122 -123 -124 124 -126 -127 -128 -129 240 -131 -132 132 -134 233 -136 -137 -138 -139 172 140 -142 -143 189 -145 145 -147 -148 -149 -150 -151 -152 -153 -154 -155 -156 156 -158 158 -160 -161 -162 -163 -164 -165 165 -167 -168 -169 -170 181 -172 184 200 -175 -176 -177 -178 178 -180 -181 -182 182 -184 -185 232 252 -188 -189 -190 250 -192 194 -194 -195 195 -197 -198 199 215 -201 -202 239 204 -205 -206 -207 -208 -209 -210 -211 -212 -213 -214 -215 -216 216 -218 219 220 -221 -222 -223 -224 -225 -226 226 -228 228 -230 230 -232 -233 -234 -235 -236 236 -238 243 -240 -241 -242 -243 -244 -245 245 -247 -248 -249 249 -251 -252 -253 253 -255
leaf_value=-0.0078041405455614886 0.0087122778972451107 0.059916800898839551 0.056246818956045636 0.0048834217802989181 0.03080602403056918 0.0069272253453600422 0.07019981551298414 0.032166645739420227 0.0065668591107846865 -0.0022577675777320371 0.02939522388544687 0.045485347995772356 0.026299288494766086 0.034879080136351596 0.042552039590494611 0.080519634677757371 0.045905144027555619 0.041561834061703412 0.058748231777097787 0.051724607427421389 0.0031607107469248802 0.064974599396902852 0.00598159224328919 0.036447224899141401 0.023429080638776485 0.054204651452471511 0.0017769141547337181 0.054435855847252725 0.063808791399048867 0.033248112150821081 -0.0022958118975371748 0.0082252214415894972 0.0065201569838562214 0.038462945290789467 0.036639047181674829 0.053593409861167521 0.076199536281860172 0.029687107446526102 0.075242582228982044 0.026973606473382167 0.062725868172206878 0.032016459640843868 0.043315444992188423 0.072708617813813992 0.059722675834767681 0.029324248289363444 0.027409256889453837 0.03055711197068911 0.059884768693222609 0.076766740577038917 0.071960092716605903 -0.0049244188632537444 0.0040657291859726892 0.080972120007994947 0.057616499630410524 0.043809976532321625 0.046597865533206745 0.010170409468340814 0.03819816281206783 0.059178762344006444 0.0030106664485365802 0.068267995412356106 0.056460335223127933 0.016261416371788837 0.055310000325824067 0.012901607383630479 0.067612420898284314 -0.0038757398224055703 -0.0037619174683840356 0.012478475368453534 0.01305546850672871 0.068864724776675768 0.03830806745494203 0.0020204007175723755 0.076543745249243025 0.0025282957513090725 0.065838917219927365 0.083923652924483602 0.072341727752747109 0.027185399856781457 0.067481846307872906 0.017383382003165377 0.078265036825959464 0.022916612281725653 0.033249657669400502 0.068283003166768677 0.054414528970481824 0.063952160822797199 0.056612077992410192 0.019687072427190283 0.05234827818295653 0.032427858212399782 0.022559364768156943 0.083371930236619998 0.015926745672156514 0.069616101517380638 0.038058332414239483 0.044905562324488606 0.013515161203270207 0.066926588902431888 0 0.0075120936672378675 0.046517512505297509 0.0030577267539154897 0.04814432775872924 0.045790386746529438 0.05562278694285195 0.04430524153473879 0.011158938226831561 0.0079143704963483361 0.0084365591051338371 0.01443990541154532 0.059693169293600822 0.070190965397901664 0.065471303246122312 0.048032297415614565 -0.0095483299247557385 0.06004090872493599 0.079754818224895052 0.063828520192264732 0.033444489388443292 -0.010078961115883751 0 0.059724882850363835 0.018627873484637063 0.0064772509365155382 0.01671106305302765 0.079786424284000373 0.0015342635803983909 0.063223213377829934 0.0068424542341585506 0.014129607573106145 0.038988329002713547 0.046767065326902071 0.018194064135887981 0.045440677759582722 0.0094843528240968044 0.067945132522004292 0.0062014262004002818 0.0098157882299783287 0.053316008868052663 0.046427716273634873 0.05026669707104027 0.070439685224983964 0.022740850367144818 0.018367515068092241 0.029662931058376772 0.055086027134032656 0.043461033825176174 0.054377435383096355 0.066860564893639979 0.056255416699990082 0.016462985047629271 -0.00023356284599398728 0.039935775007425303 0.0021580087435736071 0.037150884837255614 0.0023148863471117416 0.059620130290944387 0.05113561116180948 0.027759778786502626 -0.0039644862910445978 0.0037486334724540784 -0.0037157607017303902 0.054890424989275106 0.0059072762128484137 0.043394930691531552 0.062870369539617887 0.037768938702878764 0.017760884212886657 0.055083345391681048 0.035348367265555611 0.0084219978997434018 0.0073264848980023924 0.034832888881685432 0.0015932995906415709 0.01651359125441159 0.026903444029424062 0.0026092804874142724 0.044337351193552553 0.0062497906821882476 0.0652156903620425 0.019764227158206374 0.04163418161378564 0.020799170399292254 0.012872879096293224 0.019721023586949018 0.0063067991555490468 0.0445487039478457 0.034684881589054334 0.0042968416471975811 0.00069399195136704702 0.016726260055664272 0.062364112666640881 0.058633633622415075 0.0057049648007906854 0.050525082486369471 0.0055161564128584925 -0.0036110962801782233 0.049652358121556411 0.035547865016070629 0.0026608893554172148 -0.0013871578813226609 0.073537710137325477 0.037826627247804445 0.0054210295081056226 0.063240657025190952 0.012082750988600427 0.045613042896213915 0.052592652231785754 0.012557976023430768 0.012900596659268583 0.040829123981641076 0.064262148276345535 -0.0050457901315248471 0.050182119235178763 0.0062647828996727495 0.024975465123894869 -0.0064613364060762844 0.048079031416535661 0.033521902703101424 0.034072111563911801 0.06418216764926217 0.017597711585855574 0.055698483875551097 0.056272695014061389 0.0089988354678225482 0.032116928815344552 -0.0040892037427906073 0.056600415426545439 0.017889558066508899 0.032895240470002779 -0.0066489734105181133 0.012354361318794738 -0.0004200887981942944 0.0024723070526964366 0.032578364841211134 0.006999040267960872 -0.0081722437142812115 0.0015322536279765962 0.031219530515582627 0.037931586012555155 0.0031210787220665491 0.042815975884271121 0.029728455164849659 0.022967690197694499 0.063394122311939263 0.030523620361815273 0.015555264085736159 0.046089469526765361 0.060574206120046888 0.042959595922831842 0.050002755329382483 0.011290991807708199
leaf_weight=10607.818816613406 420.35147310048342 28.770916420966387 322.49891533330083 47.722226019948721 50.445175852626562 208.89789516478777 2200.0905154198408 171.14866011962295 34.200086794793606 1421.563029397279 78.738318886607885 61.435308009386063 231.81244745105505 99.440424188971519 82.184709623456001 15154.493197672069 125.90292124450207 413.68295972049236 51.509274493902922 1394.9284431375563 512.95533467084169 1672.9270042702556 768.86982584372163 200.93517374247313 52.276450403034687 328.22414444759488 632.62425731122494 222.38805728778243 1821.046365365386 61.47800787165761 3190.0107429735363 120.82451384887099 43.504146583378315 64.104199673980474 115.6975623331964 299.53459463268518 5330.4060400649905 192.85645066201687 2234.7781492248178 88.278698775917292 90.496497474610806 48.871636059135199 58.310781177133322 1560.0692198202014 20.107399605214596 48.27600172162056 74.965111151337624 144.06382258981466 46.266972158104181 4272.9541327431798 2018.2405079379678 29.751653790473938 40.170404903590679 65.445096075534821 1410.8615444563329 91.607332229614258 79.04406413435936 302.29108759388328 83.363355409353971 88.635781273245811 43.70147592946887 329.52421579882503 80.827999074012041 44.231877580285072 58.901024390012026 50.596277311444283 43.483963210135698 47.735069587826729 1982.8171737492085 211.75958886370063 76.270404927432537 36.940870519727468 212.49647549167275 108.15542648732662 2926.2187611088157 208.99141203984618 2709.5734852775931 66.519070260226727 150.15783124417067 43.045294132083654 79.046329479664564 75.241831470280886 43.227802269160748 57.882442552596331 57.878264360129833 255.62983277067542 161.4980448409915 264.18044620379806 767.14990051090717 64.260997384786606 203.83997355401516 112.71490643173456 44.561544377356768 10445.390188127756 33.234814621508121 74.907757930457592 121.62752363458276 136.75095016509295 43.031596947461367 1301.8862428590655 29.529008813202381 40.703577164560556 49.498904529958963 54.632663391530514 249.65412803739309 167.43533100932837 789.35939502716064 359.87546673044562 89.803241927176714 39.806846380233765 87.121807184070349 53.3553516715765 83.588758055120707 2257.0067094415426 91.276312306523323 229.16849558800459 24.719162542372942 30.882591538131237 54.36876779794693 124.19364769756794 99.650862958282232 45.68629115447402 28.518620781600475 66.169857759028673 835.72162592038512 34.640746787190437 43.467349153012037 8781.9965632110834 36.424034427851439 110.84950220957398 33.646759785711765 109.86199897527695 178.0421065017581 30.456225723028183 40.965853471308947 75.002336971461773 59.65562367066741 106.01827035471797 208.49564864486456 103.5995772741735 41.558258511126041 41.433100569993258 28.570170443505049 49.484543897211552 44.280824296176434 61.65552931278944 63.029886431992054 164.40236120671034 1068.2780807428062 64.594706054776907 224.482157997787 1299.383647583425 49.167686432600021 59.760668609291315 46.957307312637568 166.29590563476086 27.243497870862484 34.257341336458921 31.085276499390602 162.53402125090361 46.53864461556077 347.89187420532107 351.95626040175557 68.8684974424541 52.369625072926283 35.850066915154457 29.646158367395401 368.45313070341945 163.09690069034696 312.58979762718081 106.10694597288966 75.379548322409391 63.092899225652218 32.853572905063629 89.708035681396723 641.6771035939455 396.27837092801929 113.49046172574162 196.47880967706442 34.730124466121197 153.88239067792892 40.871040392667055 33.797266814857721 83.721040766686201 96.373930007219315 496.67070815712214 120.254788544029 454.28959767147899 40.110088407993317 59.409856591373682 29.415769774466753 121.74811063706875 48.847656894475222 59.37138894572854 22.70543273165822 45.924984138458967 181.40359847247601 27.291845716536045 24.38176628574729 26.360216151922941 78.367048513144255 33.263333406299353 34.272570319473743 38.462090808898211 55.455333214253187 55.93616508692503 218.89782879501581 100.53551807627082 85.645341955125332 119.99808306619525 64.553709637373686 44.111626915633678 192.27770571410656 63.917807936668396 30.55139346793294 36.285011723637581 26.026802752166986 71.655014742165804 41.060499891638756 255.19688165187836 22.671365112066269 101.38343839347363 43.471290867775679 41.899642184376717 30.753081914037466 55.8252879306674 61.210872977972031 34.350206349045038 95.911391735076904 48.686678428202868 68.586076315492392 54.958882592618465 43.43723763525486 58.787432104349136 1042.8436333239079 304.43285279348493 26.855451542884111 33.485130317509174 70.789267290383577 36.486567612737417 101.11660873144865 90.194869499653578 98.915036272257566 41.485967520624399 44.047329910099506 57.817329611629248 77.29281035810709 360.97679797932506 45.204052682965994 128.39158208668232 151.77250476181507 141.50304971635342 38.919956978410482 40.615739818662405
leaf_count=190239 5980 215 1959 559 638 2990 6460 1911 424 23926 677 610 2648 805 726 20755 845 3378 392 9742 8022 6841 11693 1904 474 2279 10068 1155 7813 661 54178 1649 624 603 1265 1646 11140 1969 5747 929 503 543 637 4745 170 458 706 1530 337 9496 5904 427 486 285 7913 830 749 4356 777 585 600 1368 563 574 408 597 282 730 34138 2918 947 226 2252 1607 6141 3098 11103 178 541 453 474 914 206 622 564 1235 1128 1277 4857 730 1747 1177 446 9659 440 367 1191 1090 545 4965 412 488 489 729 1962 1413 4480 3155 1044 477 1148 569 544 7587 536 1829 393 213 194 615 1069 715 397 565 10877 500 558 13751 467 729 420 1261 1550 294 444 555 791 623 2904 1325 318 375 241 280 430 595 560 1039 9145 534 1026 7532 483 859 431 2306 255 459 222 1089 587 5605 5295 1079 495 506 320 1768 1220 3827 862 821 851 451 900 10102 5552 1495 3005 381 2319 297 396 792 1196 6895 1566 7086 368 585 370 2017 535 375 227 716 1004 399 406 261 838 432 482 232 538 739 1100 1544 599 905 753 528 1462 325 451 381 387 733 596 2025 223 895 266 469 276 478 828 395 1464 443 872 626 661 802 16948 4711 333 457 1107 478 960 861 1345 400 459 632 521 3726 485 975 993 997 379 543
internal_value=0.0520422 0.0102693 0.0714223 0.0556287 0.00031532 0.0338026 0.0778511 0.0228737 0.0416412 -0.00354413 0.0632785 0.0145014 0.0435397 0.0578344 0.0327263 0.0797795 0.0703657 0.0473229 0.0101993 0.049678 0.013949 0.0684568 0.0144312 0.0304575 0.0436295 0.0410944 0.00523357 0.0740297 0.0654033 0.0376934 -0.00588101 0.0231844 0.00945891 0.0356237 0.0125931 0.0616359 0.0772281 0.0369966 0.0707819 0.0363584 0.0513592 0.0200828 0.0135379 0.067817 0.00817236 0.0409855 0.0465082 0.0309499 0.0276259 0.0745575 0.0702753 0.0263959 0.0382938 0.0605053 0.053175 0.0244101 0.0327839 0.0165382 0.0384434 0.036576 0.0340674 0.05797 0.0357379 0.0314466 0.0295045 0.0429907 0.0289584 0.0156519 -0.00701388 0.0193368 0.0354031 0.0411887 0.0236012 0.0169866 0.0738515 0.00901288 0.0636304 0.0580992 0.0562781 0.0372012 0.0540224 0.0301513 0.0500623 0.0395882 0.0447123 0.056093 0.0415535 0.053646 0.0501237 0.0271504 0.0345059 0.043017 0.0517462 0.0816903 0.0139987 0.0484872 0.0389991 0.0301892 0.040679 0.0645089 0.0329013 0.0353128 0.0144843 0.0354163 0.034125 0.0320046 0.0533967 0.0300728 0.0342074 0.0372382 0.0243266 0.0492457 0.041148 0.0673761 0.0488105 0.0427504 0.0227162 0.0303345 0.0601449 0.0479539 0.0273664 0.0117867 0.0329385 0.0199088 0.0210831 0.034787 0.0433659 0.0784433 0.0344885 0.05351 0.0359707 0.0375209 0.0296998 0.00765652 0.0441099 0.0330503 0.0295664 0.05747 0.0188268 0.0392008 0.028609 0.0208324 0.044153 0.0511486 0.0516093 0.0418894 0.0546542 0.0485511 0.0414129 0.0342483 0.0554251 0.0537654 0.0437097 0.0181958 0.0182426 0.0139295 0.00746451 0.0444908 0.033562 0.0447174 0.00494333 0.00381956 0.010403 0.0151371 0.0182539 0.0356681 0.0134098 0.0558357 0.0502415 0.0321095 0.0440905 0.0258159 0.0134405 0.0342927 0.0261055 0.00691702 0.00914191 0.00652609 0.0125009 0.0188418 0.0151883 0.0284076 0.0458256 0.0252093 0.0206235 0.0120809 0.0288876 -0.000173788 0.0210695 0.0484802 0.0280341 -0.00162323 0.0388691 0.042827 0.00950137 0.0245217 0.0636224 0.00797938 0.00604865 0.0283858 0.0238052 0.0234639 0.0370177 0.0455715 0.0230358 0.0236998 0.0534695 -0.00298166 0.0629219 0.0390431 0.0356454 0.0388946 0.0482632 0.044876 0.0216262 0.0225669 0.0327592 0.0378817 0.0280416 0.0432272 0.00819698 0.0505823 0.046964 0.0416457 0.0363017 0.0214966 0.0307363 0.0170241 0.00572409 0.0221606 0.0347241 0.0127562 0.0122274 0.0249757 0.00202187 0.00868646 0.00512367 0.0405451 0.00724846 0.0260029 0.0235645 0.0236005 0.0194576 0.0275461 0.0370957 0.0429984 0.0519345 0.0282233 0.0489533 0.0384631 0.0537317 0.0531556 0.0155076 0.0311187
internal_weight=116210 36829.3 79380.4 22970.3 25883.7 10945.7 56410.2 5160.87 8126.05 20348.5 14844.2 5535.2 5784.79 7249.18 3857.95 44838.6 11571.6 4482.51 4171.98 4268.1 3038.77 7595.03 2747.41 1302.28 3336.29 2780.21 4276.91 6639.49 4932.1 2766.39 16071.6 790.927 2401.06 2122.09 2897.82 1945.86 19238.7 2014.93 5649.18 2618.76 3434.13 1091.56 2695.9 3414.4 2278.51 1232.56 1578.33 1305.58 1363.22 6513.58 2240.63 1316.95 1086.45 147.63 3035.53 393.582 122.548 1927.03 2225.18 1924.95 1045.82 1146.21 402.842 785.303 753.793 816.519 582.029 1868.72 12691.2 1000.9 1002.11 140.954 425.83 885.205 5126.31 1896.92 3815.05 1105.48 1038.96 925.844 122.092 104.013 300.234 1046.28 257.006 556.086 511.356 816.689 1175.48 694.892 803.752 156.199 765.279 25599.9 849.186 552.509 646.396 322.014 1012.08 1601.42 755.552 349.858 709.76 1836.31 1703.46 1412.84 888.8 1245.41 760.049 670.245 258.27 1624.67 595.8 4078.05 363.476 272.2 289.409 381.8 146.116 344.435 350.917 94.5579 256.359 1027.73 980 144.278 109.637 14112.4 274.292 168.728 648.602 614.955 287.904 2258.41 290.62 128.358 305.006 170.122 531.646 545.482 186.591 145.033 327.051 132.848 1100.52 270.339 830.18 208.683 1261.13 726.023 1855.81 1631.33 331.942 259.761 301.975 255.017 193.539 358.891 155.051 214.81 1047.73 1001.19 840.982 489.025 420.157 88.2197 331.937 854.049 485.596 661.428 150.339 264.69 349.956 245.35 123.965 2169.16 1527.48 1131.21 498.582 302.103 267.373 511.089 74.6683 436.421 215.191 785.198 181.69 1875.85 352.7 269.168 57.9859 3380.39 309.154 260.307 190.379 68.6304 1854.33 653.301 599.649 53.6521 141.46 485.359 227.841 138.113 89.7279 200 720.718 2083.35 341.275 630.439 510.44 445.887 282.774 477.601 451.474 86.6936 62.3118 512.211 185.359 326.852 63.7319 1496.31 91.7473 401.775 63.9879 602.656 192.007 410.649 130.262 280.387 117.273 163.114 139.811 89.2437 1424.58 381.733 331.288 130.796 282.549 430.727 137.541 420.922 330.727 74.9711 243.418 179.157 121.34 394.24 501.82 173.596 211.182 265.697 576.206 79.5357
internal_count=780575 537484 243091 137438 425860 111624 105653 63036 70262 349632 67176 76228 48588 39939 39808 67906 37747 34566 60633 30454 41894 27237 38003 14022 27851 24454 66573 17400 20347 26079 283059 9592 35561 21142 40539 8900 37492 19169 18337 25068 22832 13729 37611 12590 34188 10780 11826 14007 15595 16555 7059 15258 9862 1011 19674 4483 1373 25918 20585 18157 10879 6715 3639 8489 8055 7135 6602 25281 225921 12860 10279 1355 5143 11595 12601 27679 17107 6004 5826 9332 927 1129 2428 9376 2222 3397 4430 5347 8187 7647 8405 1459 5285 30414 11631 4070 5909 3076 8952 6611 8062 3302 9540 17572 16515 14109 5285 12696 7331 6287 3059 11761 5312 15400 2910 2374 3560 4189 918 2289 3976 1258 2718 13230 12500 1623 1123 24891 2517 1293 6042 5622 2811 34018 2406 1124 3494 1226 6769 5346 2018 1700 2811 1057 7481 2064 5417 1469 11114 7650 11006 9980 2448 3128 3653 3222 2561 3328 1581 1563 16048 15461 12051 6756 5677 1001 4676 4947 3179 7116 1436 3167 4593 2703 1359 32922 22820 17268 7200 4195 3814 5680 693 4987 2678 10915 2176 31012 4195 2189 611 57138 2814 2279 2960 943 7845 9856 9196 660 1689 5365 2321 1301 1020 2269 4839 35682 1834 5810 4905 4152 1965 3703 5305 1174 768 4768 2010 2758 819 10637 724 3624 716 7570 2163 5407 1859 3548 1315 2233 1857 1096 22630 5682 5044 1335 4025 4636 1427 4854 3993 857 2342 1612 980 4158 3739 1460 1578 1612 7817 922
is_linear=0
shrinkage=0.01


Tree=7
num_leaves=255
num_cat=0
split_feature=7 54 7 56 59 6 54 6 54 56 51 6 48 54 57 48 10 6 12 14 12 6 9 46 7 6 6 62 60 14 62 0 26 57 56 98 11 62 8 1 48 33 43 33 7 9 53 62 33 68 33 21 130 8 69 30 9 98 29 7 128 57 19 124 62 6 6 62 128 39 39 7 46 60 133 56 0 6 58 35 23 68 30 79 60 12 24 56 30 60 117 82 54 30 30 11 6 42 99 54 6 54 44 46 31 98 19 51 130 19 50 11 114 8 128 30 25 133 139 21 10 42 59 6 30 40 133 43 57 129 6 57 9 31 29 42 12 14 58 51 46 24 58 48 71 130 129 129 50 24 31 126 84 116 50 114 7 33 85 40 7 118 57 56 117 130 38 58 64 46 58 68 35 29 24 62 31 30 58 60 82 62 54 42 6 56 51 25 26 122 68 21 116 118 12 24 64 6 10 129 87 89 82 38 114 70 42 136 71 87 8 119 29 114 51 48 50 46 38 60 33 21 25 35 7 116 116 21 24 50 114 21 58 54 57 64 21 53 142 30 50 91 33 19 6 11 6 10 21 8 116 21 134 58
split_gain=833724 97902.4 55433.2 15525.6 12824.2 10747.9 8865.09 6652.74 3658.95 2963.42 2662.04 2482.63 2452.81 2344.34 2149.09 2009.91 1679.58 1391.52 1190.99 1171.81 1143.27 1015.66 1004.51 993.614 961.292 868.114 834.564 786.08 784.236 782.45 757.324 713.696 643.297 641.53 615.035 603.234 593.149 581.678 573.766 559.359 544.47 543.191 540.909 536.419 531.288 513.508 494.138 491.444 475.794 459.426 439.658 428.809 423.492 422.584 422.14 423.951 399.079 393.387 385.729 384.404 465.985 383.54 436.336 441.149 418.714 412.934 449.025 377.47 374.576 374.284 396.336 355.827 465.977 350.476 350.068 408.614 400.205 348.748 420.676 381.488 341.29 390.32 340.551 358.379 335.6 331.237 339.316 500.837 386.015 325.898 323.175 322.55 337.364 318.95 315.831 313.878 313.076 344.685 315.257 312.653 311.153 414.697 309.063 306.701 304.493 443.678 317.846 369.493 301.003 318.186 477.072 424.579 356.702 306.826 300.362 298.322 297.679 297.428 297.309 292.739 291.388 308.561 290.21 290.16 289.359 322.284 285.811 284.053 342.864 287.44 282.675 282.281 281.612 280.169 279.771 295.582 278.484 305.529 290.362 408.883 278.089 432.675 444.909 280.051 275.573 343.673 271.1 270.523 268.231 266.112 263.351 262.504 306.16 261.895 261.458 416.735 261.384 260.351 260.315 309.917 376.552 293.588 293.163 274.519 262.189 260.131 259.818 344.261 267.898 429.547 405.361 269.484 259.531 257.295 255.917 255.372 254.953 449.373 254.856 251.16 288.222 250.701 250.589 470.224 250.394 248.394 246.969 246.73 245.622 261.723 280.989 281.287 275.628 246.221 318.069 245.013 244.13 243.33 350.637 271.841 242.164 240.09 314.829 239.139 238.957 238.558 286.637 237.761 237.604 237.405 251.146 278.219 236.969 235.236 233.806 305.325 236.496 325.032 326.899 360.442 309.334 248.908 237.364 378.192 278.151 279.472 233.59 232.545 271.465 231.93 269.405 229.594 228.215 228.075 227.96 227.711 226.618 226.181 225.706 230.679 245.2 226.945 237.469 221.834 219.826 219.541 229.522 270.052 243.338 407.823 218.497 328.232 217.957 217.674
threshold=803.35000000000002 189.50000000000003 2978.5900000000006 292.50000000000006 33.500000000000007 134.93000000000004 2393.5000000000005 512.55000000000007 283.50000000000006 4.5000000000000009 40.500000000000007 12470.545000000002 136.14357500000003 831.50000000000011 241.50000000000003 212.67536000000004 233.21000000000001 1572.8950000000002 22.500000000000004 2.5000000000000004 30.500000000000004 2856.9300000000007 68.010000000000005 398.31134000000003 374.80500000000006 11507.830000000002 3157.1100000000006 16.500000000000004 183.50000000000003 5.5000000000000009 4.5000000000000009 3.5000000000000004 4.5000000000000009 48.500000000000007 98.500000000000014 17.500000000000004 61.750000000000007 2.5000000000000004 124.92500000000003 2.5000000000000004 1538.7345000000003 80.500000000000014 9.5000000000000018 618.50000000000011 6669.4150000000009 173.01000000000002 34.500000000000007 5.5000000000000009 21.500000000000004 1.0000000180025095e-35 197.50000000000003 1583.5000000000002 94.500000000000014 1379.5150000000003 2.5000000000000004 4565.5000000000009 623.6500000000002 18.500000000000004 2.5000000000000004 1178.9400000000003 60.000000000000007 150.50000000000003 97.237170000000006 1.5000000000000002 5.5000000000000009 317.71500000000009 177.93000000000004 4.5000000000000009 85.500000000000014 48.500000000000007 32.500000000000007 614.04000000000008 1360.3722500000001 11.500000000000002 44.500000000000007 17.500000000000004 14.500000000000002 524.97000000000014 12.500000000000002 4.5000000000000009 1.5000000000000002 2.5000000000000004 3427.5000000000005 9.5000000000000018 13.500000000000002 5.5000000000000009 2179.5000000000005 34.500000000000007 6076.5000000000009 2.5000000000000004 0.0010815404000000001 6.5000000000000009 47.500000000000007 3047.5000000000005 1345.5000000000002 159.04500000000004 26.905000000000005 133.50000000000003 5.5000000000000009 39.500000000000007 208.90500000000003 350.50000000000006 5.5000000000000009 7322.5923500000008 1413.5000000000002 5.5000000000000009 59.902142500000004 5.5000000000000009 40.500000000000007 114.24171500000001 254.50000000000003 30.905000000000005 0.07903141000000001 549.2650000000001 48.500000000000007 208.50000000000003 4.5000000000000009 88.500000000000014 1.5000000000000002 810.50000000000011 85.910000000000011 440.50000000000006 9.5000000000000018 1504.0450000000003 529.50000000000011 5.5000000000000009 93.500000000000014 41.500000000000007 6.5000000000000009 48.500000000000007 2934.5850000000005 13.500000000000002 167.79500000000004 1541.5000000000002 33.500000000000007 16.500000000000004 6.5000000000000009 5.5000000000000009 49.500000000000007 6.5000000000000009 4837.2883500000016 2124.5000000000005 36.500000000000007 1404.6002000000001 5.5000000000000009 90.500000000000014 52.500000000000007 51.000000000000007 9.5000000000000018 2046.5000000000002 363.50000000000006 2.5000000000000004 6.5000000000000009 0.0039374386500000006 5.5000000000000009 0.036147037500000007 446.34000000000009 727.50000000000011 2.5000000000000004 14.500000000000002 25.905000000000005 0.0030522620000000005 17.500000000000004 40.500000000000007 0.013516776500000003 16.500000000000004 211.50000000000003 127.50000000000001 1.0000000180025095e-35 2923.2021500000005 29.500000000000004 4.5000000000000009 20.500000000000004 9.5000000000000018 1177.5000000000002 12.500000000000002 395.50000000000006 688.50000000000011 17.500000000000004 1.0000000180025095e-35 16.500000000000004 3.5000000000000004 71.500000000000014 36.500000000000007 3077.7750000000005 110.50000000000001 3.5000000000000004 2.5000000000000004 4.5000000000000009 1.5000000000000002 2.5000000000000004 1565.5000000000002 0.011077333000000002 0.0060796435000000015 8.5000000000000018 1991.5000000000002 1.5000000000000002 3235.7450000000003 687.25000000000011 83.500000000000014 6.5000000000000009 1.5000000000000002 17.500000000000004 74.500000000000014 0.093048537500000014 3.5000000000000004 59.500000000000007 2.5000000000000004 7.5000000000000009 9.5000000000000018 118.82000000000001 1.5000000000000002 53.500000000000007 0.077516195000000024 52.500000000000007 1367.3873000000001 8.5000000000000018 1019.67105 54.500000000000007 1.0000000180025095e-35 312.50000000000006 2031.5000000000002 1.5000000000000002 34.500000000000007 475.04500000000002 0.0014518003500000002 0.0078129520000000015 2091.5000000000005 2148.5000000000005 6.5000000000000009 0.026097454500000002 2300.5000000000005 278.50000000000006 157.50000000000003 6.5000000000000009 1.5000000000000002 2201.5000000000005 2.5000000000000004 5.5000000000000009 2287.5000000000005 6.5000000000000009 1.5000000000000002 72.500000000000014 106.34449200000002 2653.4950000000003 76.010000000000005 1648.9500000000003 452.75000000000006 2075.5000000000005 864.29500000000019 0.033525062500000008 610.50000000000011 61.500000000000007 23.500000000000004
decision_type=2 2 2 2 2 2 2 2 2 2 2 2 2 2 2 2 2 2 2 2 2 2 2 2 2 2 2 2 2 2 2 2 2 2 2 2 2 2 2 2 2 2 2 2 2 2 2 2 2 2 2 2 2 2 2 2 2 2 2 2 2 2 2 2 2 2 2 2 2 2 2 2 2 2 2 2 2 2 2 2 2 2 2 2 2 2 2 2 2 2 2 2 2 2 2 2 2 2 2 2 2 2 2 2 2 2 2 2 2 2 2 2 2 2 2 2 2 2 2 2 2 2 2 2 2 2 2 2 2 2 2 2 2 2 2 2 2 2 2 2 2 2 2 2 2 2 2 2 2 2 2 2 2 2 2 2 2 2 2 2 2 2 2 2 2 2 2 2 2 2 2 2 2 2 2 2 2 2 2 2 2 2 2 2 2 2 2 2 2 2 2 2 2 2 2 2 2 2 2 2 2 2 2 2 2 2 2 2 2 2 2 2 2 2 2 2 2 2 2 2 2 2 2 2 2 2 2 2 2 2 2 2 2 2 2 2 2 2 2 2 2 2 2 2 2 2 2 2 2 2 2 2 2 2
left_child=1 5 4 7 8 9 13 15 31 41 16 47 17 18 26 29 30 38 39 42 22 34 71 -11 49 117 40 208 52 100 45 118 59 48 73 46 91 -18 99 -4 175 -1 176 58 235 54 127 144 -24 77 196 114 197 146 96 150 -46 67 -12 60 74 62 63 158 65 66 -64 -23 131 70 -65 85 -73 108 94 -76 123 78 119 -79 166 165 83 95 -32 -9 88 -88 122 102 -47 116 -93 104 -33 236 98 -98 -5 -7 238 231 -80 -68 105 106 107 -26 -10 110 111 112 113 253 -19 -101 124 -15 -2 -14 153 149 243 195 125 -25 157 128 -21 -129 226 -41 178 -94 135 -103 138 -138 139 -130 141 142 -86 229 145 -8 234 -135 172 237 -56 152 -142 -42 201 -156 -124 -61 162 160 -160 164 -44 -164 -161 -82 167 168 171 170 -170 214 -22 -55 205 245 177 -17 -35 180 -111 209 -85 -184 -174 -178 -148 -91 189 190 191 192 -108 194 -193 -77 -51 198 -16 -199 -107 -40 -203 -202 -188 206 -134 -92 -13 210 211 -63 -191 -168 215 216 217 221 220 -220 -219 -50 223 -221 -224 -226 -34 -81 -229 230 -144 -102 -147 -96 -36 -20 -52 -122 239 240 -3 242 -242 -87 -128 246 248 -248 249 -6 -43 -252 -217 -110
right_child=2 3 6 10 14 12 11 20 21 23 43 27 24 25 28 19 37 51 44 35 148 57 33 36 93 -27 -28 -29 -30 -31 84 32 130 132 53 -37 -38 -39 154 68 120 250 61 -45 56 90 -48 -49 80 50 82 -53 -54 173 55 -57 -58 -59 -60 126 -62 181 64 69 -66 -67 103 -69 -70 -71 -72 72 -74 -75 75 76 -78 79 89 227 81 -83 -84 182 140 86 87 -89 -90 187 207 92 133 -95 233 -97 97 -99 -100 115 101 134 -104 -105 -106 200 188 -109 109 179 -112 -113 -114 -115 -116 -117 -118 -119 -120 -121 121 -123 156 -125 -126 -127 244 129 136 -131 -132 -133 174 147 -136 -137 137 -139 -140 -141 151 -143 143 -145 -146 232 186 -149 -150 -151 -152 -153 -154 -155 155 -157 -158 -159 159 161 -162 -163 163 -165 -166 -167 213 -169 169 -171 -172 -173 184 -175 -176 -177 185 -179 -180 -181 -182 -183 183 -185 -186 -187 204 -189 -190 212 -192 193 -194 -195 -196 -197 -198 199 -200 -201 203 202 -204 -205 -206 -207 -208 -209 -210 -211 -212 -213 -214 -215 -216 252 -218 218 219 222 -222 -223 224 -225 225 -227 -228 228 -230 -231 -232 -233 -234 -235 -236 -237 -238 -239 -240 -241 241 -243 -244 -245 -246 -247 247 -249 -250 -251 251 -253 -254 -255
leaf_value=-0.0076661639332079356 0.0072973868927365838 0.0021531603942370045 0.014786571942214118 -0.0019616299067539839 0.0042602242004789936 -0.0015667788912099401 0.063117700028660823 0.011713488435156303 0.051447365340285538 -0.0022051838992637623 0.059914380031897217 0.071341368965474924 0.016484533740486532 0.064902038932909467 0.056400455750286495 0.0034740171367863741 0.041636966987854102 0.029829729958725029 0.055303082556956921 0.013666195967608563 0.051052245972218462 0.049240146932309443 0.061428594746849967 0.0055383189282054591 -0.0068592338094259787 0.070250319280334858 0.0587371134901594 0.076263508700954774 0.072360016938822047 0.040821773433529052 0.017930797293312591 0.05831275852003992 0.008569466028136366 0.054607895748930567 0.030586694618232362 0.058285114822160859 0.040602375036045038 0.061390891540133503 0.0059437313768475686 0.043522174915427259 0.049825901659369745 -0.0031967109810103456 -0.00080181695731577766 0.067255645710108794 0.049724374732566474 0.06959174945257543 0.055693772884522909 0.070807387482878903 0.0043146491281113924 0.0097576809130658203 0.010978290583646291 0.03224697387202597 0.038002928736571219 0.067068580844388506 0.060216995000484864 0.0072769411601325464 0.067839210131237893 0.033104603427793276 0.044598753966873142 0.041884453075149451 0.044604321440840665 0.043674475475470348 0 0.0219860358362741 0.055125391004651761 0.0063720122950853691 0.029177378410776326 0.057709175607422773 0.024100974656603893 0.011575957260754268 0.054482414018728074 0.0085480260100557811 0.045360054069730274 0.0073331000782224133 0.0061731063491027409 0.011791059410076058 0.010307291636499063 0.044682962272636628 0.012650450860095757 0.008932356847551259 0.042625027252178864 0.049204071520472993 0.001957477022495136 0.064745232238455908 0.062935934758331605 0.010066785008811563 0.067665082579595956 0.023110641630782185 -0.009886941185535068 -0.0099844781298809235 0.045080629301425576 -0.001640275917676603 0.0065662629810285967 0.01055275058312587 0.0059466723489942797 0.054175303263359301 0.032783049421587086 0.015046053463517483 0.033245354492845484 0.033905495961060871 0.00069122805785174954 0.040334236845292255 0.056817828273379133 0.068842457591345038 0.052622646449577093 -0.0072379662748101002 0.0055713153613600845 0.038760738943563994 0.039232071939932583 0.038781959050708734 0.060834365093728922 -0.0038383606905077151 0.0023153585908447598 0.041337876558914084 0.0007169094244806408 0.0041680844342250811 0.0076842448077497306 0.053148819935715394 0.042385551935881116 -0.00067913603289947709 0.055713498057414552 0.041929909495280186 0.032594358367485976 0.049341634609997763 0.0039587000410565513 0.04648926190294321 -0.00035198946874959636 0.031306138925839895 0.020053538579176609 0.0046469684486500082 0.033056002929242892 0.058086874119224953 0.036126997113777003 0.033657766769626313 0.029511180003638723 0.0041177331120339318 0.0095659122551374331 0.039080493171099316 0.060170446294139368 0.062436759193945014 0.052330558057506096 0.060291580926099188 0.037900100412004055 0.0094006826410349027 0.068610480844150057 0.032810364903951721 0.024972414066806552 -0.00063922009606375951 0.055737630539718079 0.044828731580423248 0.037685218280741263 0.054616682325363153 0.025211837270200661 0.021904013677641943 0.007127990316821208 0.048933671827994359 0.012009599170407071 0.013434488979559279 0.053550074939101723 0.015739416611097921 0.0080796115511825081 0.034890203015455562 0.046563130667630806 0.011076877865925139 -0.003892903998327884 0.011773133586002906 0.0015628125992026983 0.058445838595208362 0.045441099414513443 0.051678323976169283 0.011007821611316318 0.0039689663055933943 0.015071641848696976 0.039915226224284728 0.04821955714859099 0.053342202715835632 -0.0082618562151363113 0.044537597659143391 0.027970200751244182 0.044575764214153997 0.007590077570238443 0.049358509660030858 0.0026722105275880539 0.050609178321718372 0.047526961848435613 0.012289658176479888 0.051059882424699325 0.023306104004954677 0.012134008484798958 0.034657346045080056 0.050433694072499917 0.024506040042327575 0.039020521221674757 0.013174421771642728 0.063458507809340411 0.047278265121987982 0.034713869767496658 0.066155223912896216 0.065282352112222608 0.051973040930916384 0.032370434687695446 0.025792950473820558 -0.0097124926452982485 -0.0040689360249760477 0.023017630106955442 0.04895599645144099 0.0029650530911030375 0.024687509601776885 0.074616425771478742 -0.00014107058271474059 0.057115224120001543 0.011119361049878007 0.067945203120012482 0.027759682633191479 0.059091336336245831 -0.0036097187809183322 0.017657422722458901 0.054154293846603009 -0.00083350387278232892 0.020343779373648209 0.020459542129483043 0.03715704960982523 0.0033468159116572904 0.062804930351805871 0.053780177474656916 0.013979862210492355 0.032047922446344475 0.043493228914629534 0.0062332463998710334 0.053931064388376138 0.0040083893941384409 0.032111148092893796 0.059723914392775516 0.040528499814600771 0.048862233586902802 0.064312526565975123 0.043817242648282892 0.068504742257608109 0.029647487786631302 -0.0074247073864225389 0.0028807461525893426 -0.0052123683923172241 0.036563538227674733 0.032147885421074801 0.032932840767010724 0.02769946712551212 0.051500111936475336 0.029117652079514347 0.048365104579612385 0.045482555339967361 0.041172352307120103 0.0017188141233592791 0.028123657130569468 0.0062716014368442013
leaf_weight=11279.12245631963 152.91429265215993 674.02014338597655 52.728439595550299 71.661646664142609 59.871468380093575 1772.7105084918439 979.87565657496452 246.20469785109162 151.88294162601233 1815.5008233636618 446.69816800951958 6472.8062310516834 117.94661803171039 4060.9015891849995 1523.2652783840895 75.060221027582884 239.04275330901146 51.618505526334047 1502.3321214169264 99.753847572952509 98.046146132051945 1725.0287185758352 51.634994722902775 27.30653828009963 45.666497554630041 6325.3098465129733 2169.5350292250514 25876.769374661148 959.92157344520092 67.102301742881536 46.668792970478535 54.065340146422386 174.54644897207618 45.418414954096079 91.385373443365097 80.87053931877017 52.36856172978878 548.81153104454279 1030.6514063589275 293.10529270023108 102.3799606487155 2393.6252266056836 235.41923346370459 552.39932880550623 168.44763235002756 48.056062482297421 63.149166978895664 7102.7258106172085 60.207299862056971 406.11875243484974 140.96252143755555 224.66844850406051 86.362182103097439 164.4097983315587 69.904762610793114 41.138339448720217 1413.8703731894493 127.79047456383705 337.59733372181654 1134.7209201343358 173.90753455087543 40.813612833619118 28.310402195900679 92.835790239274502 52.094482645392418 88.819055128842592 56.353136286139488 958.18120557069778 60.061753537505865 102.38541838154197 69.285093355923891 46.542446814477444 152.24311062321067 41.041010428220034 135.40526803582907 66.874141335487366 93.518053792417049 42.839486870914698 31.619153443723917 281.79899127781391 30.03279921784997 39.38592491671443 47.623928591609001 41.16327616199851 37.946772862225771 198.98725457489491 43.472960244864225 66.694559950381517 33.577916197478771 41.189104780554771 287.85166648030281 498.58027435839176 1056.5482515133917 121.75754778459668 35.593184154480696 24.348203279078007 529.61935339123011 147.56567741185427 36.85554875433445 32.930433727800846 270.49417756870389 25.47160242497921 34.797128062695265 35.027986865490675 49.372046109288931 50.707776214927435 93.422256451100111 26.296640694141388 29.093464024364948 82.307916752994061 39.096088245511055 46.298276260495186 45.746047534048557 160.98958749696612 107.00543279573321 1154.8171292841434 192.43674890697002 303.42802587151527 27.289852257817984 573.25222497805953 496.00097335129976 167.33412181586027 368.7958737462759 88.076738387346268 41.024175588041544 73.879063598811626 30.642340611666441 64.304217122495174 83.608331017196178 108.72409950941801 135.52725923806429 362.61622434854507 67.308467201888561 74.942148696631193 155.83296785876155 133.97180467844009 74.525492373853922 69.443906027823687 70.019829034805298 31.914045248180628 90.986625820398331 71.966793488711119 58.455524578690529 74.703233323991299 1325.995287142694 86.14502377063036 140.42497217655182 31.890160243958235 260.18569052964449 161.40402887016535 370.45873552560806 500.29157350584865 92.249980732798576 59.417051926255226 59.298865873366594 39.651634357869625 79.788644384592772 36.597798928618431 46.283306244760752 237.83060047775507 31.475815050303936 55.811209127306938 22.489401619881392 253.63998736441135 92.979080609977245 231.34819062054157 48.79557553678751 58.38258808106184 64.133492011576891 173.65953912958503 76.397014405578375 40.556629657745361 69.964783951640129 61.998322352766991 586.46683983504772 221.53755205869675 138.1520221196115 40.17749085277319 245.18280144408345 407.81279733031988 48.841739822179079 62.445746764540672 33.4692089445889 53.602590624243021 37.878723837435246 99.28386315330863 127.79559040814638 43.791854664683342 52.598483558744192 59.480882525444031 61.286895636469126 46.549058739095926 32.383339516818523 37.208182312548161 46.03663208335638 27.462008122354746 42.436060931533575 2113.2819099500775 857.52245397865772 199.01007872819901 51.989665251225233 129.58052068948746 29.243061993271112 25.728768724948168 48.399527460336685 62.719300720840693 43.502266939729452 85.145112965255976 6922.930641040206 30.043223477900028 27.740964762866497 76.222813922911882 45.28336314484477 122.43822057917714 29.112179085612297 45.270807527005672 106.97963842004538 162.35049499571323 32.228882007300854 38.064594458788633 37.919743176549673 36.921766135841608 42.557122621685266 56.928414791822433 38.851170532405376 35.850056894123554 56.002126637846231 46.67894572019577 35.128909152001143 41.103722777217627 40.332046657800674 23.537860207259655 65.702627547085285 43.363775163888931 874.29439572244883 500.08254909515381 23.714574802666903 307.00294204801321 28.955184683203697 197.57972540706396 33.056836854666471 31.917970951646566 60.411614555865526 59.49545993283391 51.188650522381067 138.15320589393377 314.90066267549992 79.184790804982185 55.526238620281219 39.298406139016151 25.074570685625076 98.989394515752792 37.999002791941166 61.811338812112808
leaf_count=203324 2127 10627 607 1007 688 29638 3268 3248 1065 30497 2039 12225 1676 13162 7200 1103 1691 591 7502 1296 739 10855 349 417 680 13946 9816 27862 2264 642 488 397 2341 339 812 549 510 2650 15558 2041 626 41138 3628 1988 890 227 403 14915 809 5657 1935 2452 545 696 441 466 3995 935 2403 9412 1539 401 410 1159 406 1185 638 4872 548 1362 635 592 1301 470 1786 806 1102 437 456 3981 266 313 690 334 228 2645 305 739 506 665 2061 8171 16032 1576 456 192 5086 1638 364 405 4147 269 322 232 411 752 1296 244 250 725 224 585 557 1314 1566 17851 2970 1377 258 9113 2608 1039 3871 697 631 783 423 641 998 1407 1275 1818 595 909 1881 1887 959 627 507 211 569 426 509 836 3332 551 1321 500 1671 994 3157 3130 797 522 854 391 972 396 438 3119 435 593 226 3435 1402 2881 627 392 547 1309 920 513 777 444 4383 1258 2258 424 2482 3205 569 549 487 488 272 1366 826 565 715 611 509 550 324 469 330 223 447 6988 2911 948 542 1623 469 369 445 430 528 807 9535 422 193 992 329 1250 197 620 1237 1301 448 429 429 360 569 377 294 418 585 484 496 278 488 276 213 382 5996 1825 238 1159 371 3258 516 511 727 640 467 1171 1995 637 370 273 311 1632 398 737
internal_value=0.0494453 0.0114635 0.0675777 0.0327493 0.0520952 -0.000292914 0.0719541 0.0249915 0.0425654 -0.00456038 0.0471552 0.0740331 0.00969963 0.0651955 0.0595796 0.0164293 0.0425375 0.00517367 0.0588737 0.021584 0.0335957 0.0471982 0.0318452 0.00317641 0.0168965 0.0677575 0.0541847 0.0751699 0.0636668 0.0078169 0.0387641 0.0325315 0.0340148 0.0352937 0.0425887 0.0323677 0.00794716 0.0555306 0.00351898 0.0471869 0.0496457 -0.00672831 0.017703 0.0592634 0.0613487 0.0344784 0.0290378 0.0693474 0.0313722 0.0131824 0.0190438 0.0233769 0.0618892 0.0468612 0.0311579 0.0386762 0.0659823 0.0514636 0.0534647 0.0362973 0.0301832 0.0199959 0.0180662 0.0155316 0.0298825 0.0230644 0.0350608 0.0523089 0.0495119 0.0270058 0.0364295 0.0244797 0.0369619 0.0367248 0.0254113 0.0206183 0.0275755 0.00933287 0.00562237 0.0169354 0.0303501 0.0203754 0.0272134 0.0309373 0.0455366 0.0221456 0.0251182 0.0416743 0.0225365 0.0206134 0.0442535 0.00704588 0.00522107 0.0258893 0.0396335 0.0216916 0.0264513 0.0289884 0.0102904 0.00108878 0.00640823 0.012063 0.0369215 0.0456376 0.0284185 0.0264821 0.0304179 0.0102733 0.037823 0.0354613 0.028083 0.024001 0.0283615 0.0329968 0.0105064 0.00505657 0.0159939 0.0641119 0.0130729 0.00227437 0.0539814 0.0558936 0.0241139 0.0361664 0.0269066 0.0358565 0.03974 0.0260513 0.0304508 0.0148562 0.0215658 0.0517438 0.0415505 0.00816793 0.0200008 0.0103934 0.0353888 0.0242112 0.0436579 0.0327106 0.0467667 0.0383767 0.0316677 0.0255623 0.0650699 0.060799 0.0444275 0.0235044 0.048563 0.0582143 0.0415407 0.0506117 0.0391513 0.0400258 0.00908484 0.0246171 0.0290247 0.0410285 0.0123626 0.0177927 0.0359338 0.0139521 0.00736372 0.0143171 0.0102012 0.0156528 0.0325386 0.034254 0.0328772 0.0410068 0.0272093 0.029585 0.0389992 0.0600915 0.0448989 0.0433563 0.00632418 0.0183916 0.0325124 0.0405633 0.0275293 0.0319089 0.0439467 0.0327689 0.02722 0.000320872 0.0356667 0.00719708 0.0333977 0.0359568 0.0309505 0.0258848 0.0147355 0.036228 0.0449125 0.0229925 0.0122845 0.0623102 0.0596559 0.0649849 0.00945627 0.00774519 0.0191539 0.0203823 0.0437578 0.0331979 0.0234802 0.0406086 0.0730456 0.0251316 0.0303746 0.0230992 0.0501426 0.0204565 0.0309227 0.029631 0.0319558 0.0346849 0.0383431 0.0299934 0.0480893 0.0173977 0.034685 0.0466638 0.0242771 0.0356725 0.0145422 0.0134123 0.0281434 0.0338681 0.0245165 0.00344019 0.0451455 0.0255948 0.0472099 0.05762 0.0162363 0.0607743 0.00302322 0.00218216 0.00458165 0.0173189 0.0250657 0.0153954 0.0206387 0.0399758 0.0429363 0.0471977 0.0315528 0.0212706 -0.00252008 0.0102988 0.0110741 0.0175455
internal_weight=121058 39119.4 81939.1 13917.6 18063.2 25201.7 63875.8 9050.13 7952.33 17661.3 4867.51 48833 7540.43 15042.9 10110.9 4539.65 3530.82 4632.18 4353.24 2837.29 4510.48 5434.63 4044.41 3864.48 2908.25 10689.6 4371.55 39272.5 5739.36 1702.35 2742.96 2517.7 2337.49 2748.6 2623.63 746.313 2048.98 787.854 4248.88 768.512 2202.01 13796.8 2090.98 1336.69 3584.73 1688.26 665.443 9560.44 1698.01 2062.48 813.439 383.292 4779.44 1508.71 1267.2 481.502 1582.32 2811 784.296 1971.42 718.266 1738.31 1501.04 1240.43 260.605 208.511 119.692 2683.21 715.783 264.506 162.121 1295.8 198.786 1114.92 544.359 411.336 275.931 1249.04 842.596 406.446 1646.37 300.767 364.884 317.26 1054.71 1097.02 850.813 110.168 740.645 151.397 421.053 1996.61 1661.96 845.768 133.022 189.025 785.702 677.185 108.517 2960.46 1635.25 609.308 66.4163 91.3811 724.01 674.638 546.212 71.9631 1073.88 921.997 383.035 343.939 297.64 251.894 158.624 1187.75 334.647 4364.33 180.204 691.199 1293.54 1131.74 707.067 182.413 142.21 101.186 1253.15 602.294 429.265 173.028 366.076 655.722 1050.6 1163.38 315.276 159.443 329.512 143.969 185.542 115.522 1008.04 324.508 252.541 214.595 2457.72 1131.72 1282.3 106.832 466.075 964.408 440.363 683.528 183.237 161.797 1288.43 98.9505 448.585 1171.32 975.929 464.38 77.7591 386.621 511.549 276.129 330.81 261.381 1345.6 1174.37 1115.99 314.19 140.531 801.798 205.89 226.408 759.997 908.472 352.674 115.238 290.601 538.962 131.15 237.266 128.235 87.0718 107.844 237.436 316.62 84.981 474.249 421.651 316.886 255.599 125.806 129.794 92.5857 94.3361 448.555 4693.08 2380.79 2312.29 128.426 1189.47 158.824 77.7184 176.195 173.53 110.811 372.997 13395.7 174.821 144.777 117.036 104.764 171.234 761.241 732.129 648.859 541.88 444.75 244.48 200.27 97.1291 212.251 94.993 117.258 74.7012 230.549 363.607 81.8079 139.891 98.7876 294.032 151.848 78.957 965.68 2002.41 164.677 803.004 1025.94 996.986 799.407 125.386 93.4685 258.483 81.831 686.935 548.782 394.085 154.696 99.1699 2517.69 124.064 83.2698 90.9048
internal_count=780575 555376 225199 137783 105587 417593 119612 104009 61575 307825 33774 71901 109768 47711 44012 59721 27344 71398 19226 34609 44288 36903 40829 61420 38370 28485 23156 49622 20856 25112 23003 24672 22287 26010 20241 7598 30923 4341 66789 5014 13340 246405 27011 6430 14212 15254 7049 22279 17253 28663 10468 4609 18592 10540 12159 4064 4885 16662 4442 18086 7388 21860 19303 16432 2871 2465 1280 15727 4407 3156 1794 14819 1893 9701 5849 4614 2828 18195 12797 5398 16904 3460 4364 3674 7749 12926 9678 1044 8634 2008 3095 30413 25612 9707 1235 2365 8095 6724 1371 47894 24470 8460 778 870 8131 7720 6057 924 9231 8166 3667 3443 2858 2301 2157 18256 4801 14539 2385 10789 6948 5800 8128 1726 1831 1200 10698 6646 4598 2048 4201 3859 8757 17441 4037 2156 3302 1586 1716 1209 7261 2765 2339 2111 7364 4032 9400 1409 3459 4761 3598 4496 1366 1148 18895 1245 4843 9808 13276 5987 873 5114 7289 3661 4521 3147 13444 11567 11175 2776 1467 8399 1788 1140 5936 6392 5151 1527 2821 4499 1294 2557 1309 975 1049 3624 2592 1230 5133 4418 3478 2969 1620 1349 880 1029 6104 18047 10111 7936 1663 17650 2092 911 1271 1553 1123 2868 21760 2008 1586 1393 940 1877 7886 7689 6671 5434 4265 2535 1730 1169 2087 806 1281 712 2926 4961 980 1275 997 4423 764 838 6808 9327 2173 3767 16010 15639 12381 1754 1243 3285 890 5134 3963 2632 1331 961 43081 1943 1018 987
is_linear=0
shrinkage=0.01


Tree=8
num_leaves=255
num_cat=0
split_feature=7 7 54 55 55 6 58 61 49 12 6 6 48 44 7 6 19 54 6 48 8 9 57 46 49 55 55 62 54 9 29 14 19 50 8 6 30 58 6 24 50 8 6 74 57 45 55 30 122 8 31 7 45 27 11 46 58 53 137 118 11 20 48 62 51 54 29 24 10 14 41 14 24 43 24 67 27 79 98 62 58 12 54 46 24 132 27 127 7 7 8 44 19 20 6 42 134 44 25 42 127 118 20 81 12 24 49 127 29 115 27 7 54 50 48 58 62 54 6 38 62 29 9 7 31 8 58 6 20 48 134 54 139 54 46 132 55 132 19 117 6 6 132 117 48 49 19 24 55 46 42 115 58 7 95 62 27 6 7 24 8 40 27 36 38 19 54 24 74 19 8 24 98 127 136 39 27 43 117 46 127 12 40 46 27 27 115 9 13 8 55 32 44 38 46 31 30 41 136 50 11 43 50 35 12 132 48 57 8 61 43 117 36 90 15 6 31 6 19 30 43 128 127 92 54 12 30 30 24 7 13 122 24 19 42 50 45 31 39 117 54 6 54 50 12 19 46 19 24 73 35 30 36 12
split_gain=741008 69103.8 67807.2 18366.6 11622.1 8405.73 7568.17 3658.57 3643.71 3403.17 3335.9 2660.22 2451.51 2261.62 1833.78 1789.82 1736.2 1725.14 1521.99 1206.39 967.056 961.653 944.194 896.98 895.737 757.66 750.66 720.447 705.718 697.928 655.069 630.995 716.138 659.583 627.064 622.722 596.575 573.465 526.906 620.777 535.154 510.135 496.832 483.383 472.604 442.547 443.91 440.655 471.193 440.602 433.052 427.134 424.004 423.392 490.685 418.685 417.948 413.162 412.109 409.858 401.624 396.564 422.344 394.988 610.392 392.101 389.174 383.026 388 382.796 377.975 372.854 388.435 370.558 369.573 368.382 357.046 351.441 349.161 349.085 346.864 346.139 346.428 342.883 340.367 338.966 333.96 392.806 332.224 330.948 391.42 325.854 322.777 333.028 329.515 322.092 319.161 317.96 316.15 320.524 385.241 355.948 359.929 318.189 314.638 311.131 310.44 308.549 306.717 305.483 443.992 305.081 304.777 303.909 326.418 480.419 303.605 302.692 299.506 406.646 418.31 299.435 508.588 298.352 296.003 327.449 312.593 293.701 395.436 291.819 290.491 289.063 288.969 286.053 285.992 282.819 317.734 303.75 292.191 426.044 300.788 281.731 291.971 301.474 281.544 280.703 279.797 290.405 393.304 279.228 279 278.557 278.386 276.13 335.253 275.059 275.014 274.946 323.492 319.573 307.894 274.688 274.452 273.901 310.014 269.895 267.951 267.582 265.357 263.691 338.899 327.879 260.441 256.672 254.036 389.799 252.468 251.964 251.168 412.828 249.334 258.065 248.53 274.647 302.568 279.07 260.934 248.33 310.119 247.644 247.011 246.973 245.836 244.379 314.046 306.208 374.792 246.065 244.195 243.288 281.674 416.765 242.385 249.173 242.129 240.787 239.612 238.401 376.792 238.078 237.615 235.305 358.911 244.384 247.253 233.968 233.126 232.773 315.9 231.611 231.296 230.598 229.498 228.597 228.263 231.041 227.36 227.266 225.621 319.725 225.285 224.848 224.99 223.919 239.308 276.008 223.458 479.301 271.471 385.759 325.464 247.504 223.217 224.843 220.764 219.261 219.212 218.682 273.104 218.541 324.084 249.441 229.048 239.156
threshold=553.67500000000007 2978.5900000000006 189.50000000000003 260.50000000000006 303.50000000000006 84.710000000000022 163.50000000000003 17.500000000000004 1350.3570500000003 6.5000000000000009 3005.8450000000007 10233.525000000003 131.60263 4.5000000000000009 6669.4150000000009 3005.8450000000007 828.84110000000021 49.500000000000007 1572.8950000000002 15780.865500000002 129.91000000000003 163.63500000000002 610.50000000000011 4709.9150000000009 123.56754250000002 162.50000000000003 7.5000000000000009 4.5000000000000009 283.50000000000006 1871.1350000000004 5.5000000000000009 4.5000000000000009 115.38973000000001 2080.5000000000005 124.92500000000003 478.22500000000008 4637.5000000000009 541.50000000000011 615.77500000000009 1083.5000000000002 1.5000000000000002 734.69500000000016 43.810000000000009 28.500000000000004 42.500000000000007 20.500000000000004 1.0000000180025095e-35 1593.5000000000002 1.5000000000000002 765.1450000000001 2014.5000000000002 874.62000000000012 10.500000000000002 1172.5000000000002 43.740000000000009 4591.7132500000016 73.500000000000014 1.5000000000000002 2.5000000000000004 0.0066237353000000009 25.995000000000001 99.900832500000021 171.37156500000003 2.5000000000000004 46.500000000000007 440.50000000000006 14.500000000000002 1446.5000000000002 69.895000000000024 7.5000000000000009 34.500000000000007 5.5000000000000009 2203.5000000000005 12.500000000000002 1856.5000000000002 3.5000000000000004 895.50000000000011 12.500000000000002 8.5000000000000018 7.5000000000000009 93.500000000000014 13.500000000000002 1097.5000000000002 17173.019000000004 2070.5000000000005 92.500000000000014 690.50000000000011 46.500000000000007 390.91000000000003 98.995000000000019 287.95000000000005 1.0000000180025095e-35 142.07895500000004 383.71333000000004 2466.4500000000003 48.500000000000007 53.500000000000007 17.500000000000004 5.5000000000000009 107.50000000000001 48.500000000000007 0.0016616356000000003 59.004123500000006 2.5000000000000004 16.500000000000004 1829.5000000000002 377.65694000000002 46.500000000000007 20.500000000000004 0.069484450000000017 829.50000000000011 738.23500000000013 75.500000000000014 8.5000000000000018 733.46762000000012 39.500000000000007 9.5000000000000018 99.500000000000014 1648.9500000000003 55.500000000000007 2.5000000000000004 82.500000000000014 179.91000000000003 320.40500000000003 449.50000000000006 398.64500000000004 38.500000000000007 7258.4050000000007 283.4693200000001 187.69671000000002 45.500000000000007 847.50000000000011 3.5000000000000004 39.500000000000007 7122.796150000001 70.500000000000014 1026.5000000000002 59.500000000000007 89.322500000000005 0.020715035000000003 5393.6350000000011 64.825000000000003 53.500000000000007 0.024616226500000001 187.69671000000002 4211.9088000000002 107.43606250000002 1353.5000000000002 129.50000000000003 8991.1590000000015 61.500000000000007 0.10752857000000002 49.500000000000007 35.645000000000003 8.5000000000000018 16.500000000000004 975.50000000000011 862.80000000000007 588.29000000000008 386.50000000000006 277.71000000000009 21.500000000000004 838.50000000000011 21.500000000000004 79.500000000000014 73.038415000000015 1050.5000000000002 1380.5000000000002 29.500000000000004 176.23318000000003 79.910000000000011 1588.5000000000002 5.5000000000000009 47.500000000000007 2.5000000000000004 109.50000000000001 707.50000000000011 27.500000000000004 0.025441934500000003 6550.3593500000015 88.500000000000014 58.500000000000007 4.5000000000000009 15974.550000000001 531.50000000000011 736.50000000000011 0.12163370500000002 109.80500000000002 6.5000000000000009 79.910000000000011 659.50000000000011 208.50000000000003 7.5000000000000009 27.500000000000004 620.69718000000012 1582.5000000000002 3339.5000000000005 6.5000000000000009 2.5000000000000004 3.5000000000000004 32.805000000000007 41.500000000000007 7.5000000000000009 20.500000000000004 57.500000000000007 10.500000000000002 2207.6357000000003 42.500000000000007 73.350000000000009 5.5000000000000009 40.500000000000007 0.0074637579000000004 9.5000000000000018 1.5000000000000002 5.5000000000000009 789.72500000000014 414.50000000000006 1062.9350000000002 28.519293000000001 216.50000000000003 26.500000000000004 56.500000000000007 82.500000000000014 2.5000000000000004 96.500000000000014 6.5000000000000009 3123.5000000000005 3519.5000000000005 1398.5000000000002 374.80500000000006 2.5000000000000004 1.5000000000000002 546.50000000000011 50.584403000000009 44.500000000000007 7.5000000000000009 1.5000000000000002 1190.5000000000002 16.500000000000004 0.016540396000000002 270.50000000000006 881.92000000000019 1256.5000000000002 5.5000000000000009 27.500000000000004 85.186805000000007 94.721687500000016 202.65500000000003 1729.5000000000002 1.5000000000000002 37.500000000000007 8517.5000000000018 10.500000000000002 18.500000000000004
decision_type=2 2 2 2 2 2 2 2 2 2 2 2 2 2 2 2 2 2 2 2 2 2 2 2 2 2 2 2 2 2 2 2 2 2 2 2 2 2 2 2 2 2 2 2 2 2 2 2 2 2 2 2 2 2 2 2 2 2 2 2 2 2 2 2 2 2 2 2 2 2 2 2 2 2 2 2 2 2 2 2 2 2 2 2 2 2 2 2 2 2 2 2 2 2 2 2 2 2 2 2 2 2 2 2 2 2 2 2 2 2 2 2 2 2 2 2 2 2 2 2 2 2 2 2 2 2 2 2 2 2 2 2 2 2 2 2 2 2 2 2 2 2 2 2 2 2 2 2 2 2 2 2 2 2 2 2 2 2 2 2 2 2 2 2 2 2 2 2 2 2 2 2 2 2 2 2 2 2 2 2 2 2 2 2 2 2 2 2 2 2 2 2 2 2 2 2 2 2 2 2 2 2 2 2 2 2 2 2 2 2 2 2 2 2 2 2 2 2 2 2 2 2 2 2 2 2 2 2 2 2 2 2 2 2 2 2 2 2 2 2 2 2 2 2 2 2 2 2 2 2 2 2 2 2
left_child=2 3 5 10 9 13 11 15 21 20 17 16 18 26 155 23 25 111 34 44 24 27 49 51 146 162 246 42 61 65 70 52 33 56 133 153 75 180 39 40 -11 80 78 -44 -10 46 -15 109 55 174 222 118 59 54 -52 73 157 -47 116 67 141 62 69 64 124 -13 -21 68 83 -12 182 72 -41 108 77 131 130 -29 -6 135 249 82 106 -19 129 145 87 -69 -86 -42 -91 -88 216 94 224 -38 -89 -62 99 100 217 102 -101 113 177 -18 -76 -30 -49 207 -111 -2 -48 114 115 -102 144 -34 119 120 172 122 187 -106 -46 126 -126 128 247 -23 -57 236 227 230 -78 136 137 138 139 140 -17 142 152 -144 -53 166 231 -148 -149 -36 226 -82 -26 154 -32 -8 -80 159 -159 -33 -160 -121 202 -105 -165 -90 -27 -138 -54 170 171 -20 -5 -70 -9 242 -170 -50 210 -180 -16 -182 -14 184 189 -186 -187 188 -113 -184 -79 -173 -175 194 197 -195 -197 -114 -58 245 -201 220 203 -3 -31 -65 -24 208 -40 -153 -109 212 244 214 -213 -93 -61 218 -45 -135 -202 -196 -43 -64 -94 -226 -75 -37 -112 -230 -7 -4 -233 234 -207 -236 241 238 240 -240 -238 -22 243 -176 -162 -131 -1 248 -63 250 252 -252 253 -25
right_child=1 6 4 7 8 12 14 22 19 38 28 29 30 45 37 79 105 31 169 66 36 84 206 41 60 85 -28 74 107 204 35 32 117 -35 149 132 95 -39 47 71 89 50 43 98 63 57 112 48 104 -51 53 58 168 -55 -56 76 198 -59 -60 92 97 127 223 205 -66 -67 -68 86 173 -71 -72 -73 -74 150 81 -77 134 190 156 -81 151 -83 -84 -85 88 -87 91 96 165 90 -92 215 93 -95 -96 -97 -98 -99 -100 101 103 -103 -104 163 123 -107 -108 178 -110 110 228 121 193 -115 -116 -117 -118 -119 -120 161 -122 -123 -124 -125 125 -127 -128 -129 -130 199 -132 -133 -134 219 -136 -137 167 -139 -140 -141 -142 -143 143 -145 -146 -147 147 148 -150 -151 -152 209 -154 -155 -156 -157 -158 158 160 -161 211 -163 -164 164 -166 -167 -168 -169 176 -171 -172 191 -174 192 175 -177 -178 -179 179 -181 181 -183 183 -185 185 186 -188 -189 -190 -191 -192 -193 -194 195 221 196 -198 -199 -200 200 201 -203 -204 -205 -206 233 -208 -209 -210 -211 -212 213 -214 -215 -216 -217 -218 -219 -220 -221 -222 -223 -224 -225 225 -227 -228 -229 229 -231 -232 232 -234 -235 235 -237 237 -239 239 -241 -242 -243 -244 -245 -246 -247 -248 -249 -250 -251 251 -253 -254 -255
leaf_value=-0.008272081930751761 0.0037344526136555761 0.040379514017236072 0.0015674697699814206 0.037116257564601456 0.0038200528384952502 -0.0038057771173737975 0.063090848590022036 0.053024345662733251 0.013596981124428753 0.0026839908180182189 0.025128252316507407 0.05065736156601975 0.0058012853088902005 0.041113369054966563 0.069548680358384032 0.019765308010278006 0.0093320646731353749 0.012896195068632019 0.0021399763711731062 0.061569872318068972 0.00066474148292436049 0.013900860899114274 0.047554797936623726 0.0093350448784672458 0.029117019058590227 0.054512842768299929 -0.0016627468140604502 0.036240479337356434 0.059273057193713986 0.062944508547722475 -0.00040658385122792898 0.043657002263789393 0.018063207978715579 0.071813986443729189 0.0077432408271753328 0.019364540593876635 0.068227310316559459 0.071675159200211405 0.012794174726955685 0.0071252843436656757 0.063979113336690138 0.057876314914261276 0.044578074136805312 0.026370378066804884 0.049266558480878533 0.0051088459399948535 0.0001501582020350256 0.045792884793117557 0.037043362710376566 0.058073820583010534 0.027956789331177085 0.018947597634789388 0.064564297251106045 0.063541319657928585 0.04868866492008081 0.06178664946993892 0.050292024140872867 0.051975424788809538 0.031892489748550003 0.028990796449735803 0.018264182488528149 0.046868720850642823 0.033603713642272492 0.028595458323109519 0.053091300670687645 0.062036633092140109 0.040235542499848911 0.049368506293293535 0.058287436754152239 -0.010095839659030595 0.053372471634013444 0.030686099710211825 0.038794514844930302 0.0067709542706340352 0.00084051829051381532 0.031596472820030773 0.037475146166427213 -0.00322281237954562 0.011155762461019523 0.058168623098884195 0.051031436059982616 0.066022083096574022 0.050415351084046191 0.045783797639264892 0.062125385289240949 0.047626073984397735 0.0057165630435003006 -0.0070969115420267412 0.052433448920835617 0.02146369388858738 0.054972254316453091 0.015498734397825578 0.040285989178501194 -0.0052327107065854661 0.058345934940164941 0.024913622630747367 0.022401794960794825 0.054743522600623193 0.0042190752348333907 0.0031657627696127276 0.034634874395348597 0.037947698244416038 0.035672006954130628 0.049752918752528796 0.070536129376785356 0.037894964530918611 0.041153152306476211 0.050250353996055375 0.017799928389146749 0.016547714843620016 0.066817779535443225 0.041017340539673215 0.00036107172970371594 0.0020572347354118918 0.042099170637934995 -0.0026288464142511314 0.062471399635371919 0.045918339041060866 0.042320279109332073 -0.0049835023315475567 0.051786764236999891 0.0032409898342553867 0.010250391895051298 0.035074687267603676 0.038206295746611378 0.05266357247768385 0.017978014883120758 0.060063023310172582 0.016203649431542202 0.015385183461102203 0.032391252411601755 0.036982630963325602 0.04777090300065643 0.025043498745003882 0.001098884003147133 0.042946667578984153 0.04361673773824104 0.061757009649696611 0.051556738747619194 0.051938966192795866 0.046035318597143611 0.0094629918547183209 0.0016206452641846936 0.035469960940745435 0.045432676237647754 0.065264005037619907 -0.002940480798306696 0.0064210179916569764 0.048726941274647551 0.042973592643666854 -0.0027517980373232159 0.011608293088734952 -0.0042072850555079306 0.011098936553059213 0.040061228751350958 0.067212419807994084 0.044923669084779468 0.053720430999899468 0.0080890646029206734 0.0055288943089390145 0.018274227979240856 0.021626490427208066 0.053701841430398779 0.0024886366213654528 0.037868547996066287 0.014714705835825712 0.060573571814679997 0.0644045770636269 0.016958932559261699 -0.0042579775742010084 0.042037275871053215 0.044094891002728551 -0.0017715024734840843 0.0135006442594045 0.021125781838479515 0.020260440080040007 0.043252790277993676 0.0057447215185292486 0.019522435218099925 0.048957560973528214 0.055714244739970775 0.066911989429796509 0.011354551413822715 -0.004571454567278933 0.0022651365215892688 0.038202851039684134 0.010691887657564455 0.054954602499942634 0.008481985093790426 0.042823981634388719 0.026596518892007721 0.0096326480858731998 0.04284308855388054 0.00077593420165513892 0.03867993401238045 0.052719572719624595 5.2053266713252718e-05 0.027841346873618129 0.021970686002177772 0.048689361807810583 0.026503964616242836 0.015952550293340983 0.051826247132278243 0.014653193735144492 0.067650946353799368 0.063464222148946522 0.06341754694723728 0.065849565893982331 0.051397091920395398 0.042927640535545757 0.035518239994786302 0.049106575543253934 0.00041521645857472305 0.028706817835046753 0.025273348309351726 0.038879654473968246 -0.001580506252660159 0.041144166458077613 -0.0016056266360535113 0.0026334231172610145 0.059555664837702617 0.004768535612176771 0.041919829419082365 0.060246029127327204 0.027021104818145868 -0.0035123089494597188 0.029097633443361352 0.0019224758013159243 0.012131671988432567 0.051641603276764529 0.0043537413792127952 0.04189706918410141 0.0089035996410888642 0.05707865968814211 0.016433857173947401 0.044302096632854331 0.0088259954438252262 -0.0016988765166052902 0.0035558333974680155 0.045234873929572678 0.048821660631466333 0.034875096047770317 0.056433507261633375 0.048833865572962265 0.051169282497126219 0.036985717927017207 -0.0052534430857566795 0.05877714801022689 0.022385930443310532 0.054352393643059244 0.027352614955078815 0.053947492879119915 0.0513512371960217 0.044879079835802999
leaf_weight=8346.8580338023603 202.06729171425104 187.6222927570343 1197.6406459696591 30.429722815752029 179.07533792033792 1859.159025836736 4330.3954242765903 969.442053578794 55.344729654490948 44.867790911346674 152.85227885842323 423.49752599000931 82.76060738414526 31.08835731819272 18098.503475539386 128.72486232221127 82.325153682380915 357.01713285967708 70.935979638248682 699.56077514961362 188.86194914206862 54.676661260426044 135.05801253765821 36.686515331268311 269.8651819229126 1487.317453853786 2842.6074881851673 355.87116999924183 246.52046853303909 2089.4984466135502 407.78486567363143 26.559423994272947 46.532520532608032 39.226977296173573 1063.7899657040834 804.26816396787763 39.218498900532722 20413.32816080004 37.792459551244974 361.77176672592759 49.843947384506464 890.19764585793018 145.97292748093605 73.1283621750772 88.024666704237461 37.753250926733017 886.07222905755043 69.177770979702473 104.82520151883364 2162.1965321525931 208.15144171565771 50.08953845500946 41.165625546127558 103.72498591244221 297.92130366712809 55.610746216028929 154.69247991591692 37.588519431650639 315.39303099364042 29.36058371886611 56.935769654810429 131.91601379588246 255.0577046200633 60.724501706659794 210.21746934950352 2763.9769445732236 118.88705738633871 39.282606016844511 36.155698589980602 36.899539228528738 41.489719614386559 121.1089317239821 41.888388089835644 95.267002262175083 38.772394705563784 180.44647365063429 36.603950187563896 42.789410393685102 54.889914691448212 1496.095226302743 633.08385938405991 72.445182085037231 104.05714437365532 33.692526020109653 133.53471744433045 302.92169780284166 36.162123087793589 48.000418044626713 39.637914098799229 108.55408798158169 54.500800270587206 51.320053778588772 46.638568017631769 31.345516495406628 31.659271657466888 37.2640147395432 137.90857310220599 45.3216412961483 70.918169349431992 164.38056018948555 79.908448040485382 58.414374947547913 41.429130673408508 166.51806328818202 53.210737906396389 74.114719029515982 36.847829088568687 880.91705645620823 101.07769482210279 105.64406977593899 35.954590257257223 66.886831063777208 125.22363715991378 46.899083077907562 120.81579656153917 58.626367017626762 111.70701369643211 645.28232855349779 128.77555163949728 55.778209820389748 77.06355532258749 98.451729331165552 160.21948651969433 58.797539852559566 117.7731523476541 49.135846130549908 244.22652335837483 96.037947349250317 66.796968031674623 80.755563981831074 116.23992666602135 53.215876910835505 32.515418492257595 45.916189972311258 50.733217466622591 401.4229785874486 99.806533709168434 237.87050007283688 913.24685990810394 169.8391211181879 71.227278709411621 541.81901401281357 124.2068791501224 31.707684114575386 436.39152539521456 949.46307043731213 41.814204219728708 43.75574230030179 44.978739246726036 21.246942348778248 97.726318307220936 39.559228457510471 26.528587449342012 1104.8636101558805 19.529883395880461 4452.3482408896089 45.373574610799551 55.615456223487854 72.042126644402742 102.65746911615133 62.053839977830648 117.07382118701935 642.16769303381443 33.614871118217707 102.92785428836942 40.590401642024517 2597.4023388698697 409.25959914177656 59.514073017984629 26.566482726484537 106.48553325235844 54.559835024178028 35.370715625584126 68.289806921035051 60.851328626275063 72.262655459344387 120.98522567749023 36.017757341265678 99.598482847213745 101.21479050815105 329.77191974967718 1986.5026028603315 33.499150328338146 28.009915180504322 70.075822364538908 83.44808267802 63.35186817869544 47.538345757871866 54.802704248577356 142.34805922582746 72.485807906836271 36.420491296797991 52.877353265881538 363.25630132481456 76.504560701549053 24.992702305316925 27.825942058116198 42.439255401492119 45.345549292862415 322.19034442305565 43.722931683063507 90.242267429828644 170.13091408461332 52.542491465806961 6010.6548923179507 56.297168761491776 3280.9760390222073 70.664007529616356 92.547552946954966 75.557480566203594 157.6211278885603 147.68583850190043 67.311961151659489 665.67537577822804 75.253394611179829 635.19360629096627 118.6438475959003 30.914648622274399 85.407880004495382 1370.0538927204907 57.343672104179859 28.709209099411964 135.29597841203213 41.562206909060478 51.398281253874302 44.522221107035875 91.215353190898895 84.265195466578007 38.894791815429926 47.634107876569033 410.77000777050853 21.728119660168886 195.77341381087899 374.83965174853802 49.236141249537468 188.19031286984682 30.166688647121191 86.553738489747047 84.994929075241089 28.564864490181208 73.393540617078543 21.925063937902451 146.91109326481819 70.464692682027817 33.050922989845276 136.93282394483685 3433.4572159945965 82.407242748886347 81.802622575312853 83.246245384216309 381.36795987188816 41.025507308542728 184.19931856542826 42.496177546679974
leaf_count=152356 2974 1279 18596 250 2502 31943 10926 4831 625 631 1521 2155 1152 398 24208 1091 875 4320 1028 2691 2765 626 667 391 3224 6291 47768 3224 1179 5333 6545 210 517 163 15786 10075 253 19595 461 4939 368 4163 1212 783 582 534 14443 586 1010 8144 1581 481 227 377 1543 359 1040 315 2508 306 684 950 2158 489 1128 8030 848 321 228 484 296 1203 416 1187 513 1821 316 577 697 5970 3585 355 740 276 732 1423 476 674 243 1250 367 611 440 438 199 404 1516 340 962 2086 811 520 371 1311 291 551 305 5159 1186 1197 204 674 2010 611 1037 815 505 4724 944 721 518 1436 2057 524 950 259 2424 487 684 855 1128 508 290 604 650 2390 538 970 4644 869 384 7399 1841 351 2863 2573 644 625 426 221 1328 394 405 15798 203 8255 415 398 861 1297 670 1144 3185 418 926 402 8252 1387 647 385 1018 522 442 781 525 577 977 454 888 573 922 3153 448 408 978 846 820 375 724 1334 677 466 423 5675 885 243 428 546 437 2233 394 872 868 470 11268 277 9661 404 714 487 1139 1151 814 6278 734 5599 1615 255 1166 21533 309 425 845 209 537 598 939 1191 461 344 6520 234 2852 1939 491 1233 405 1217 1137 263 649 204 663 401 225 1112 60879 474 763 422 3285 231 1164 289
internal_value=0.0471096 0.0623648 0.00848481 0.0472655 0.0288017 -0.000887081 0.0674468 0.0535051 0.0390181 0.0186643 0.0342716 0.0618194 0.00746246 -0.00501777 0.0694669 0.0490409 0.0566572 0.0295205 0.00321588 0.0486625 0.0124927 0.0321944 0.0589485 0.0446625 0.00952267 0.0574664 -0.00628108 0.0285395 0.0438892 0.0648017 0.0146274 0.0317831 0.0355211 0.0316192 0.00184557 0.0123975 0.0219508 0.0703821 0.0284617 0.0217376 0.0344602 0.0476459 0.0246264 0.0272745 0.043147 0.00595718 0.00481802 0.0321882 0.0282779 0.0551122 0.051688 0.0376699 0.0277071 0.044485 0.0403248 0.023957 0.0304732 0.0293596 0.0416786 0.0260662 0.0164324 0.0368803 0.0302454 0.0442564 0.03857 0.0605606 0.0585887 0.0283757 0.0215045 0.0181925 0.0245651 0.0153622 0.0106114 0.0179877 0.0368705 0.0191091 0.0341676 0.0312929 0.0123501 0.0540416 0.0432203 0.0469258 0.0385292 0.0159764 0.040456 0.0590531 0.0322843 0.0212042 0.0521409 0.041023 0.0332548 0.0356551 0.0161623 0.0242254 0.0295816 0.048424 0.0147377 0.0352682 0.0249635 0.0263276 0.0295219 0.0164843 0.0100377 0.033428 0.0401504 0.0232346 0.0211669 0.0482861 0.0296316 0.0407998 0.0321848 0.0139725 0.00404403 0.0258185 0.0300285 0.0189811 0.0466982 0.0441166 0.0292583 0.0236662 0.036116 0.0187441 0.0232994 0.0529506 0.0322471 0.0283581 0.0247603 0.043728 0.0390725 0.0371407 0.0425625 0.0150252 0.0189022 -0.000120089 0.0169542 0.0514523 0.0530855 0.0505092 0.0483232 0.0400763 0.029536 0.014418 0.0202638 0.00892981 0.0428149 0.0597195 0.0046001 0.0185147 0.0285771 0.00852011 0.0108191 0.0483085 0.0260926 0.00846115 0.00159767 0.0651962 0.0271147 0.0283014 0.0298358 0.013988 0.0285507 0.0130236 0.0493142 0.0408652 0.0293924 0.0342938 0.058397 0.0605352 0.0409972 0.0251844 0.0281455 0.0185471 0.0166292 0.0347977 0.0501726 0.0420003 0.0349189 0.0293019 0.0460006 0.0347442 0.0690817 0.0653715 0.0219697 0.0250839 0.0272368 0.0189439 0.0267009 0.0353314 0.02682 0.0370803 0.0155763 0.0309107 0.0268746 0.00902261 0.0163571 0.00413326 0.0261699 0.00762209 0.0442026 0.0388222 0.0427396 0.0322675 0.0421954 0.03496 0.066454 0.0496532 0.0628215 0.0501146 0.0406421 0.0326323 0.0480966 0.0299257 0.0183244 0.031989 0.0414023 0.0371964 0.00472313 0.0166887 0.0114044 0.00340147 0.0461458 0.0297815 0.0558666 0.0377488 0.0224056 0.0129644 0.0179377 0.0177297 0.0451092 0.0346701 -0.00232228 0.00328509 0.0125969 0.0514599 0.0439181 0.0387503 0.0126002 0.0180789 0.0259523 0.0147278 0.0376538 0.00456448 0.0474261 0.0365786 0.0306274 0.0292311 -0.00739417 0.0440542 0.0378385 0.0381445 0.0360101 0.0302013 0.0449904 0.0291699
internal_weight=125760 90152 35607.9 22707.5 11239.4 24368.5 67444.5 15336.2 5594.57 5644.85 7371.29 17833.6 8064.11 16304.4 49610.8 8438.08 6546.01 4940.09 5065.9 2312.46 3466.68 3282.11 6898.16 4510.59 2642.08 6389.57 14622.9 2282.48 2431.2 11287.6 2998.21 4310.12 2238.99 1547.17 4770.94 2453.23 824.606 40828.1 2178.17 782.536 257.767 3152.51 1559.22 1279.88 1494.01 1681.45 1606.11 1395.63 966.503 3482.13 1635.29 1358.07 2071.13 609.798 506.073 713.652 1507.94 75.3418 913.581 1849.47 1096.38 945.333 486.372 1438.67 709.378 3187.47 818.448 1495.9 548.033 189.752 544.983 524.769 403.66 454.464 723.269 748.123 259.188 471.146 279.339 3927.49 1517.22 252.123 179.677 390.71 999.627 5337.1 947.867 225.192 213.763 212.899 163.055 722.676 353.568 205.564 174.218 76.4825 185.909 102.257 1133.9 1062.99 798.761 264.224 205.81 609.31 252.851 156.44 75.6202 1485.87 170.255 429.132 228.128 629.966 1575.02 306.25 259.351 138.535 598.188 691.815 444.492 315.716 142.864 427.899 329.447 112.008 499.16 411.136 362 458.961 362.923 785.864 171.851 567.677 921.049 3685.9 87.3372 2431.4 2029.97 1520.91 1283.04 369.791 199.952 994.127 452.308 155.915 486.481 5034.18 1545.69 130.549 88.7345 1085.04 284.209 748.201 296.394 1532.18 427.315 8782.74 100.263 1307.91 1178.69 129.217 1123.07 172.852 1052.46 303.061 136.543 80.2283 4084.72 509.066 221.665 294.968 268.402 161.916 65.8004 157.323 1319.93 350.49 180.499 140.843 1239.35 200.813 20414.8 2316.27 503.494 420.733 392.723 216.876 146.8 169.228 121.69 175.847 115.275 90.9803 121.167 688.952 272.877 416.075 52.8186 167.663 200.038 731.188 513.499 191.309 410.296 240.165 8100.15 729.288 3416.03 201.004 130.34 115.117 1038.54 1051.03 162.417 888.615 222.939 686.514 148.004 189.451 158.536 1415.97 101.067 105.214 1025.49 296.62 142.559 95.9205 186.482 888.533 122.483 86.5289 2269.93 1415.14 217.502 668.563 293.724 237.426 514.461 303.674 217.12 113.56 103.56 210.787 278.227 131.316 95.1048 217.688 11780.3 296.126 213.719 769.022 685.775 422.393 263.382 79.1827
internal_count=780575 258093 522482 138481 115167 407315 119612 72845 45003 70164 65636 52553 120410 286905 67059 47376 25767 48968 80026 13936 47247 31067 25469 29133 37621 24341 261003 23289 16668 26786 40384 40728 19519 14278 76607 34102 9626 47878 22917 9174 2616 18757 16898 13284 10397 25902 25053 13743 9958 15141 8509 10376 21209 3501 3124 7679 14115 849 6357 19358 14244 7730 4372 9772 5343 10185 3539 15225 6028 2005 6282 6558 5355 5226 6391 8969 2453 4478 3614 18243 10248 1913 1558 4596 7778 18539 9197 2511 1377 1985 1617 6686 4133 2212 1774 657 2190 1024 12072 11110 8133 2977 2457 5929 2279 1426 818 8938 1772 3785 2206 8240 24655 3274 2663 1626 3849 5241 4019 3075 1210 5266 3830 815 4215 3633 3374 3358 2871 6401 1487 7148 11556 60600 966 12273 9883 7958 6988 2344 1475 13220 5821 2192 3344 17116 23377 1695 1051 16007 3454 4466 3629 22546 6748 19181 1112 12638 11131 1507 10733 1865 5802 2655 1344 645 14543 1925 1851 3419 3034 2016 692 1432 6997 2166 1624 1464 7759 1461 28283 4075 5986 4834 4426 2644 1666 1773 1398 1782 1254 988 1204 10212 3866 6346 671 2556 1477 5775 3808 1575 2617 1749 16601 4429 10328 1579 1175 881 6298 9872 1709 8163 1885 6210 1921 2204 1949 22137 703 1310 5008 2367 1575 1135 2126 11266 1009 805 38463 21682 3086 3940 2001 1724 6640 3671 2454 1400 1054 2969 1589 926 895 1967 213235 2187 1713 5782 5360 3516 1844 680
is_linear=0
shrinkage=0.01


Tree=9
num_leaves=255
num_cat=0
split_feature=7 54 7 55 55 12 54 55 61 12 53 54 9 54 62 7 7 54 7 44 8 9 7 20 13 37 20 62 61 62 43 37 29 18 30 12 20 29 135 109 30 12 7 3 106 28 12 38 66 28 62 18 12 7 50 18 61 33 131 58 67 12 12 55 62 54 94 22 24 45 131 32 130 27 45 64 28 18 30 55 38 30 18 18 34 27 31 86 37 134 27 121 18 106 50 32 31 100 36 43 28 7 128 27 33 18 19 30 73 32 82 40 20 24 7 134 44 131 128 32 54 37 54 129 102 27 58 15 12 27 55 94 40 40 51 32 8 130 129 24 117 54 82 12 62 87 39 20 50 18 12 54 18 38 117 42 39 30 7 67 115 43 34 28 45 30 130 45 30 54 55 42 27 18 24 132 106 13 43 20 32 94 27 55 28 32 115 61 18 19 100 9 44 45 32 63 38 29 24 97 36 27 50 134 14 115 115 20 55 24 18 54 30 88 115 43 53 12 55 128 20 127 28 33 19 20 115 54 30 40 3 115 115 117 39 62 119 42 27 44 55 55 55 115 33 30 20 69 29 55 29 50 115 27
split_gain=664466 64519.8 60010.9 16242.2 10626 8016.08 6629.46 3457.87 3182.98 3178.08 3099.38 2697.06 1897.58 1793.94 1314.81 1226.57 1197.93 1130.9 1084.55 969.234 914.922 908.07 857.016 785.354 759.631 724.112 720.512 711.274 710.645 694.829 662.454 636.382 576.249 575.261 543.991 538.77 528.435 517.956 597.367 502.628 492.945 478.868 555.442 474.792 450.71 441.575 452.879 581.745 428.724 428.141 417.954 414.054 406.782 397.79 387.49 383.724 483.008 379.087 368.007 363.91 362.965 355.952 354.985 352.095 351.021 350.693 349.578 347.374 346.156 340.791 340.744 418.567 339.082 339.573 345.253 338.488 338.148 332.835 331.49 329.895 533.203 329.167 327.997 394.201 327.023 326.783 322.903 506.655 319.483 367.059 311.511 311.301 308.862 340.799 304.752 302.597 298.771 306.87 298.027 332.868 299.682 292.063 290.051 288.652 286.791 391.377 346.73 296.315 284.544 283.977 281.916 461.564 281.471 334.991 273.862 291.076 304.824 276.553 270.077 265.738 285.528 421.188 499.97 277.844 297.132 265.238 265.005 264.765 264.567 264.43 263.976 259.453 258.969 379.233 258.635 257.436 389.746 257.258 257.203 267.555 338.541 256.714 256.529 254.116 252.996 308.574 248.413 329.368 246.179 314.144 563.746 339.892 281.001 308.716 412.493 245.946 244.97 244.927 293.493 243.638 435.768 251.6 325.992 241.857 240.807 239.387 237.837 237.347 263.55 245.839 434.279 298.871 235.218 298.722 240.919 234.067 233.985 232.428 231.383 230.962 234.311 227.856 227.194 271.572 318.302 362.706 224.886 224.178 220.428 257.067 219.856 219.158 217.397 262.584 215.031 214.943 211.364 298.407 211.327 210.259 308.723 281.629 226.295 277.553 237.171 215.773 267.646 252.178 222.813 205.214 270.856 248.511 327.866 205.114 349.469 226.097 202.75 202.199 220.273 292.786 259.527 421.867 286.639 246.677 245.757 331.008 201.88 201.667 201.126 200.724 346.51 201.897 198.762 310.177 253.531 228.962 198.479 197.794 197.565 197.476 197.371 197.363 293.172 258.205 265.14 329.445 216.26 196.942 195.872 266.935 253.278 211.718 195.697 194.766
threshold=553.67500000000007 189.50000000000003 2978.5900000000006 260.50000000000006 303.50000000000006 3.5000000000000004 2393.5000000000005 8.5000000000000018 17.500000000000004 6.5000000000000009 5.5000000000000009 149.50000000000003 4578.9050000000007 450.50000000000006 3.5000000000000004 1351.7300000000002 1206.0400000000002 43.500000000000007 6669.4150000000009 4.5000000000000009 129.91000000000003 173.01000000000002 893.70500000000015 256.26123000000007 4.5000000000000009 5.5000000000000009 588.91230000000007 7.5000000000000009 42.500000000000007 6.5000000000000009 17.500000000000004 35.500000000000007 4.5000000000000009 99.000095000000016 4637.5000000000009 6.5000000000000009 221.32916500000002 14.500000000000002 2.5000000000000004 2.5000000000000004 398.50000000000006 15.500000000000002 399.03000000000003 4.5000000000000009 3.5000000000000004 4.5000000000000009 8.5000000000000018 8.5000000000000018 11.500000000000002 12.500000000000002 6.5000000000000009 290.25785000000002 35.500000000000007 232.24500000000003 1930.5000000000002 254.97456000000003 1.0000000180025095e-35 78.500000000000014 87.500000000000014 104.50000000000001 3.5000000000000004 56.500000000000007 13.500000000000002 27.500000000000004 3.5000000000000004 780.50000000000011 3.5000000000000004 1.5000000000000002 1729.5000000000002 5.5000000000000009 31.500000000000004 459.50000000000006 14.500000000000002 1043.5000000000002 5.5000000000000009 1.5000000000000002 73.500000000000014 133.68210000000002 6343.5000000000009 1026.5000000000002 937.50000000000011 2970.5000000000005 185.08084000000002 47.201000000000008 67.500000000000014 1019.5000000000001 1055.5000000000002 12.500000000000002 29.500000000000004 75.500000000000014 832.50000000000011 1.5000000000000002 125.72133000000001 2.5000000000000004 76.500000000000014 220.50000000000003 275.50000000000006 1.5000000000000002 31.500000000000004 35.500000000000007 22.500000000000004 112.74500000000002 57.500000000000007 756.50000000000011 324.50000000000006 246.08600000000004 277.13167000000004 4170.5000000000009 1.5000000000000002 1221.5000000000002 17.500000000000004 4.5000000000000009 132.19875000000002 468.50000000000006 803.35000000000002 63.500000000000007 15.500000000000002 82.500000000000014 24.500000000000004 1574.5000000000002 1028.5000000000002 4.5000000000000009 541.50000000000011 66.500000000000014 4.5000000000000009 1049.5000000000002 46.500000000000007 11.500000000000002 3.5000000000000004 686.50000000000011 6.5000000000000009 10.500000000000002 30.500000000000004 39.500000000000007 16.500000000000004 317.50000000000006 128.41000000000003 63.500000000000007 9.5000000000000018 2164.5000000000005 0.0078743110000000002 283.50000000000006 17.500000000000004 13.500000000000002 2.5000000000000004 6.5000000000000009 61.500000000000007 66.503750000000011 38.500000000000007 158.70549000000003 7.5000000000000009 1174.5000000000002 99.806460000000001 55.500000000000007 0.017591072000000003 56.500000000000007 47.500000000000007 4499.5000000000009 314.04500000000002 5.5000000000000009 0.065576645000000017 49.500000000000007 71.500000000000014 362.50000000000006 6.5000000000000009 950.50000000000011 88.500000000000014 20.500000000000004 499.50000000000006 51.500000000000007 15.500000000000002 26.500000000000004 712.50000000000011 97.353100000000026 1115.5000000000002 73.500000000000014 5.5000000000000009 1.5000000000000002 53.500000000000007 87.651250000000019 550.50000000000011 4.5000000000000009 826.50000000000011 68.500000000000014 768.50000000000011 178.50000000000003 0.13335545500000004 6.5000000000000009 88.997478000000015 29.001809000000005 2.5000000000000004 88.905000000000015 5.5000000000000009 1.5000000000000002 361.50000000000006 4.5000000000000009 421.50000000000006 7.5000000000000009 1667.5000000000002 2.5000000000000004 20.500000000000004 616.50000000000011 8.5000000000000018 86.500000000000014 4.5000000000000009 0.030143645500000003 0.060210371500000005 22.992500000000003 916.50000000000011 427.50000000000006 106.58283250000001 1881.5000000000002 1572.5000000000002 5.5000000000000009 0.0540562625 17.500000000000004 50.500000000000007 8.5000000000000018 1.0000000180025095e-35 57.500000000000007 39.898750000000007 40.500000000000007 22.500000000000004 100.50000000000001 79.120193000000015 91.967500000000015 0.10247411500000002 177.50000000000003 619.50000000000011 59.500000000000007 1.5000000000000002 0.06897120700000002 0.049506058500000005 0.022730543000000002 51.500000000000007 1.0000000180025095e-35 2.5000000000000004 49.500000000000007 583.50000000000011 13.500000000000002 52.500000000000007 18.500000000000004 1.0000000180025095e-35 0.087842655000000006 56.500000000000007 711.50000000000011 58.602143000000005 1.0000000180025095e-35 25.500000000000004 442.50000000000006 82.500000000000014 1.5000000000000002 0.15387517000000003 616.50000000000011
decision_type=2 2 2 2 2 2 2 2 2 2 2 2 2 2 2 2 2 2 2 2 2 2 2 2 2 2 2 2 2 2 2 2 2 2 2 2 2 2 2 2 2 2 2 2 2 2 2 2 2 2 2 2 2 2 2 2 2 2 2 2 2 2 2 2 2 2 2 2 2 2 2 2 2 2 2 2 2 2 2 2 2 2 2 2 2 2 2 2 2 2 2 2 2 2 2 2 2 2 2 2 2 2 2 2 2 2 2 2 2 2 2 2 2 2 2 2 2 2 2 2 2 2 2 2 2 2 2 2 2 2 2 2 2 2 2 2 2 2 2 2 2 2 2 2 2 2 2 2 2 2 2 2 2 2 2 2 2 2 2 2 2 2 2 2 2 2 2 2 2 2 2 2 2 2 2 2 2 2 2 2 2 2 2 2 2 2 2 2 2 2 2 2 2 2 2 2 2 2 2 2 2 2 2 2 2 2 2 2 2 2 2 2 2 2 2 2 2 2 2 2 2 2 2 2 2 2 2 2 2 2 2 2 2 2 2 2 2 2 2 2 2 2 2 2 2 2 2 2 2 2 2 2 2 2
left_child=1 5 3 11 9 7 13 33 15 20 14 22 29 24 21 27 40 23 64 53 25 39 30 51 -4 182 36 59 48 -8 63 43 66 57 44 -24 76 38 159 55 -13 42 112 164 65 -19 60 -48 90 -27 167 69 126 195 72 56 -6 192 -14 108 132 85 -40 77 -15 110 -21 -32 -53 101 103 -72 144 74 178 157 141 -2 96 80 -17 95 83 -75 -36 109 87 -46 89 -23 -10 119 93 -29 98 -65 -58 -98 99 -76 -100 143 -61 -43 105 217 -107 -106 114 130 111 -22 113 -11 118 226 117 -117 -5 120 121 -39 -123 124 -122 177 -20 -60 -93 -79 -26 165 137 -134 -104 -97 -137 -47 -115 252 -141 175 -95 -7 145 -42 -118 -148 149 151 -151 152 153 -120 -155 -78 191 158 -73 160 -16 162 -162 194 -12 -68 -81 169 -169 -34 171 -171 173 174 -62 176 -18 -113 -74 180 -101 -71 -3 -184 185 -185 -85 232 189 -189 -187 -143 -1 -194 -55 227 199 -198 -131 202 201 -201 203 205 -204 -99 207 -207 248 -166 211 212 -211 215 -215 253 -30 -37 223 220 -220 -222 -223 -219 -224 -226 -116 -9 240 230 -202 -231 235 -234 -235 239 -229 -87 -124 -51 -139 242 -103 244 245 -244 -246 -245 249 -208 -250 -252 -140 -172
right_child=2 4 6 8 10 17 12 19 28 41 31 16 58 18 37 79 26 45 52 32 34 88 35 -25 61 49 -28 92 216 -31 67 -33 50 -35 84 104 -38 91 62 -41 54 70 -44 -45 86 46 47 -49 -50 187 -52 68 -54 163 -56 -57 78 -59 127 102 172 -63 -64 81 -66 -67 131 -69 -70 181 71 75 73 82 94 -77 155 129 -80 166 -82 -83 -84 186 -86 237 -88 -89 -90 -91 -92 128 -94 142 -96 135 97 196 100 179 -102 241 134 -105 107 106 -108 -109 -110 -111 -112 125 -114 138 115 116 146 -119 148 -121 123 122 238 -125 -126 -127 -128 -129 -130 198 -132 -133 133 -135 -136 136 -138 228 139 140 -142 156 -144 -145 -146 -147 147 -149 -150 150 -152 -153 -154 154 -156 -157 -158 -159 -160 -161 161 -163 -164 -165 209 -167 -168 168 -170 170 213 -173 -174 -175 -176 -177 -178 -179 -180 -181 -182 -183 183 184 -186 190 -188 188 -190 -191 -192 -193 193 -195 -196 -197 197 -199 -200 200 229 -203 204 -205 -206 206 208 -209 -210 210 -212 -213 -214 214 -216 -217 -218 218 219 -221 221 222 224 -225 225 -227 -228 236 -230 231 -232 -233 233 234 -236 -237 -238 -239 -240 -241 -242 -243 243 247 246 -247 -248 -249 250 -251 251 -253 -254 -255
leaf_value=-0.0078323842266085335 -0.0036999331551630368 0.0027338860754416517 0.017075246201028293 0.0056719799814731776 0.0114436934802761 -0.0042686885749167519 0.05910341093375969 -0.0015298439289441659 0.03955241437155986 0.042089230018616031 0.019116487562427439 0.059211457010410168 0.067290633485878631 0.052538084658099039 0.053794101361391004 0.048618247386908058 0.039742306168891586 0.044719528657903504 0.041522741679836203 0.045875654011978122 0.0010593149156041507 0.03867832731404526 0.012971624455865638 0.058573684290955344 0.02141065311749157 0.044040336794644842 0.0065386021207082491 0.023010814461231908 0.057324164128751347 0.063775499175603059 0.047134815098891433 0.057014035263525463 -0.00016241495379724504 0.00073456525092110232 0.064430899015489485 0.0016630428679721145 0.051127016658724933 0.0021339331041441167 0.020900462374576975 0.052482429002652486 0.04385456650486675 0.064759822294019304 0.033957417751180892 0.056947136117384764 0.0067372074382323422 0.010618390361950418 0.044979350624286124 0.0175115072753457 0.054992514944231179 0.013463490483421044 0.04849350879069813 0.0022618027363031329 0.062710672090924499 -0.00036775287487841998 0.063818026636589656 0.041579975152841363 0.0476470669661214 -0.0032074770131432775 0.054936886823103492 0.048979454347127388 0.035217122921607176 0.055617606594090471 0.047971451256461954 0.0041002986595415087 0.057870273338992598 0.038553408907967171 0.021018362231459524 0.014123552700136828 0.044937431919476661 0.0429449312059813 0.040126713438973234 0.024098667846435485 0.022511642069306129 0.060274034975193763 0.036871349836293116 0.04497166415745503 0.032593564112535993 0.0022788499614082862 -0.0008162522546220492 0.055335753252252901 0.022392848943025095 -0.0098366711075049806 0.051052952464423068 0.030092551843931621 0.021774550713121645 0.057273281269755234 0.012684617354072414 0.052381314687254522 0.056664784783572425 0.016454899680515937 0.051215665992485331 0.021650079909792636 0.055892281548407551 0.065345177031069721 0.0067136602782305365 0.047361652534484516 0.0064383852557252635 0.048128521395001587 0.06546622934776794 0.0030177001352170198 0.031617452715362128 -0.00086486196618562985 0.011284665568511223 0.030415190420149806 0.049039498349345755 0.057906728100645774 0.02722638685341313 0.021574098696252274 0.050019299910094038 0.020770539509227155 7.1951074133630932e-05 0.03621865881445481 0.040346027362697393 -0.0001739427012754408 0.043293485054220537 0.0012528559908487305 0.052517071595067182 0.034087350000340078 0.053393164413916762 0.0081266694066027614 0.050529215299069369 0.05637035137063947 0.035852061806330812 0.011852398317170143 0.028651949669000566 0.051950142119742762 0.057520252121084803 0.06500665958398183 0.050836166647778618 0.0075906243879484163 0.045736924623921052 0.039264355005353066 0.043446670267716543 0.0085959740399575851 0.041908797088420061 0.046218094994591861 0.0093331296774031621 0 0.01817770654243786 0.048664140409311572 0.012116588423128684 0.063520880305143579 0.04381556098355021 0.016830385893524681 0.055110465780069479 0.0096492344069002284 0.0055240222592289447 0.040148237719801555 0.044957830076776076 0.0152148600103764 0.056540164799923506 0 0.010549191351602734 0.0059192269122280428 0.043492782757447924 0.0059037290368641861 0.036913909403343041 0.032629598677643583 -0.0021138029841705707 0.053898027321926632 0.019318670198254881 0.010941462426588016 0.055124160245415763 0.035556220032597112 0.054297507450382469 -0.010066560250600032 0.041833007369233427 0.046624494224577984 0.0088151982177171132 0.049249292064215314 0.0013356556929209598 0.0056390665730559272 0.0086184429669173973 0.056535083894701556 0.0033688267957974766 0.015346722185705585 0.017168566897030894 0.012462119240948063 0.043950113815159397 -0.0026826895997928606 0.036552637059950925 0.0061090058778756999 0.00045719456634442975 0.049007348656422284 0.0036080514270077778 0.021187623192922573 0.0023441957737409865 0.02362466200627655 0.035936247100722553 0.0001867568978287505 -0.0033729652239356932 0.044502073043480486 0.029169578787585956 -0.0097143099256970355 0.024116768781299324 0.029078516123971526 0.03275029882184094 -0.0068712994189398368 0.035261308684493502 0.021983098431954493 0.0070038380944915527 0.053626423972032024 0.001572346325017858 0.0024887623472698208 0.033902209208696119 0.00030809124269517318 0.051542577364222568 0.029362316430011054 0.056567191174775988 0.037774706730675817 0.052083095815247699 0.044796629844647877 0.012231876093032333 0.040714442217648451 0.0058213341725883551 -0.0030671123141560383 0.063674397850416467 -0.0064505025661950191 0.010076467267059543 0.04028763534980434 0.052362041137737771 -0.0024397371484394408 0.048445207010924196 0.033095597541903721 -0.0010250668835356945 0.029108580493353974 0.023883283360859698 -0.0013824567695917356 -0.0037195475983797881 0.046038702157344916 0.038107006441969592 0.01619262779890045 0.0016970357151828873 0.034365992636926197 -0.00037323473576281142 0.0020681787691813986 0.031604136413846948 0.037597584038554441 0.0081987432362973494 0.037329006735561616 0.037547434550186776 -0.0049703367769642218 0.018503373377408816 0.002621063422010626 0.005149236073158675 0.064265363416556212 0.031388153414747523 0.027504695318388499 -0.0024368115042608038 0.014904664232155387 0.042089995905891471 0.0077119260403682643 -0.0033066715636672771 0.011611438346738907
leaf_weight=10546.739841353148 200.18323563784361 1103.562022946775 75.769007951021194 45.236161395907402 346.06012400984764 681.00847440958023 4760.3616269230843 3461.3982449062169 412.65456118434668 59.540443740785122 65.194238446652889 64.280036319047213 26369.473348431289 2231.211887717247 148.44607996195555 3359.2821321934462 391.2860345877707 48.22137763351202 156.30235539376736 55.477606199681759 129.87650356814265 499.31291168928146 193.74906541407108 24.924011837691069 55.525431506335735 51.711371913552284 60.456616342067719 75.538804717361927 2405.1392263025045 14748.181215770543 88.817976761609316 707.04963143914938 560.43764306604862 1058.7019761353731 43.323067482560873 36.11772383749485 535.1116090118885 70.455006428062916 158.52906731143594 61.517656169831753 74.431603088974953 65.560162093490362 439.64190253615379 202.51667511463165 33.912740550935268 1078.0736073181033 84.153451532125473 905.66000784561038 2643.7594169378281 75.172188360244036 21.667896002531052 34.43062137812376 6874.6453739926219 105.87409365177155 35.332962714135647 110.12114256992936 61.559789579361677 2274.3781746067107 370.52244320511818 551.28209064900875 55.39895960316062 797.88350635766983 74.193265967071056 61.07721958309412 4526.0006376132369 51.420924007892609 51.842565022408962 54.24846288561821 42.559475511312485 32.758891984820366 273.85749800130725 77.884165596216917 1095.1115968599916 41.570307873189449 302.26208800822496 53.5021932721138 189.9003544151783 105.84609985351562 47.252820011228323 1476.6878433004022 85.848882302641869 31.202154666185379 125.28604658693075 277.13844505697489 36.269711129367352 341.48280221968889 64.255377449095249 95.983330868184566 87.134486235678196 94.258910521864891 760.73325785249472 45.830977484583855 450.1608275026083 74.998874269425869 42.385705456137657 59.321599297225475 88.146614901721478 53.22671165689826 60.83165243268013 32.143228210508823 60.046930156648159 253.3387410454452 46.942046776413918 50.653098676353693 160.59755892306566 78.976234767585993 83.403617333620787 60.189526338130236 162.54475823044777 66.168572284281254 155.70150104165077 60.690082214772701 67.656083606183529 73.790816366672516 746.26704374700785 61.936269193887711 68.690265737473965 42.808386899530888 55.83259904384613 55.376491900533438 161.5944779664278 53.342665325850248 41.243124455213547 39.216957360506058 123.12888300791383 30.204904586076736 769.77229167521 8064.9932982698083 155.76863749697804 49.209979370236397 604.23420894145966 32.195662368088961 52.405554216355085 78.476007822901011 76.908241614699364 41.556013226509094 90.662304919213057 29.62491637095809 755.87822759151459 63.14959130063653 45.688979927450418 79.002794846892357 501.98581529408693 60.188170529901981 96.436365939676762 43.677107159048319 45.402792677283287 73.694602586328983 116.94119244068861 57.522734668105841 85.108717776834965 56.981264196336269 77.694974288344383 62.957646578550339 54.967955246567726 44.49370476603508 516.90603314340115 69.341933060437441 89.818956378847361 455.11618638411164 54.564202293753624 54.940557386726141 54.292942006140947 38.353747453540564 102.25621866062284 43.733387183398008 187.71869274973869 27.813865963369608 53.892350167036057 39.474189210683107 307.57395872846246 27.128995832055807 70.400636676698923 34.895028706640005 42.583951503038406 63.092734113335609 58.828813999891281 137.97153045609593 54.564484499394894 39.392878346145153 63.375852935016155 35.408644709736109 193.53882116451859 39.597742918878794 161.00632313266397 177.60328399017453 33.897876750677824 146.67190502583981 80.973358351737261 69.599924221634865 44.252365853637457 980.17302146553993 33.248078756034374 32.239548236131668 51.607540991157293 21.606466516852379 30.108826272189617 44.543141759932041 68.789790160953999 45.378176685422659 102.46937882527709 105.98483247682452 86.02336348593235 45.20022613927722 29.289613611996174 68.457782927900553 57.641466312110424 52.054427418857813 32.527135230600834 102.73933704197407 98.529381275177002 106.07138124853373 105.03027795255184 43.313416726887226 82.878092475235462 265.6336698718369 996.99841689318419 40.887557480484247 109.3087423145771 155.28141644224524 59.255443889647722 38.262066405266523 42.486372336745262 22.900315728038549 48.326184049248695 137.39007598161697 69.196141742169857 34.716411300003529 245.60763994976878 74.194523297250271 54.985181145370007 38.380387265235186 297.50417257100344 59.940285388380289 30.871407359838486 59.270292848348618 34.839263793081045 83.766120724380016 71.546828281134367 72.169100288301706 23.838413041085005 138.08870121836662 46.058146961033344 254.27594217285514 115.84168072417378 24.966752707958221 42.347078323364258 34.696990590542555 38.577277705073357 34.431359574198723 44.963618993759155 31.999483916908503 43.485953696072102 470.06708369776607
leaf_count=193131 3009 16667 802 505 4374 11440 11652 57820 2403 521 626 382 25367 8586 855 16768 2882 362 764 500 1867 3754 2460 205 479 432 653 643 7587 24114 713 2642 9056 17461 267 480 3016 918 1529 378 581 364 4096 888 438 15064 804 11189 9913 1020 191 468 13164 1654 150 876 457 39506 948 2981 585 2964 459 818 13108 459 616 647 363 329 2259 790 11141 227 2524 386 1581 1547 600 5472 632 463 801 2482 390 1420 773 748 400 927 3347 454 2030 282 456 517 1098 419 286 378 525 4045 436 459 1140 458 775 587 841 511 2161 593 586 1023 4783 665 360 315 344 608 1070 365 359 415 1058 243 2127 9820 1018 676 3311 308 524 1058 442 349 1134 451 8957 520 553 344 2968 829 584 483 462 479 755 580 444 653 835 716 380 479 3568 649 1145 2476 532 561 310 451 539 674 1019 243 727 436 4769 416 947 263 595 633 564 1687 416 483 529 503 3087 388 2454 2281 404 1731 835 979 664 6079 466 581 666 266 249 592 739 458 1228 736 1093 566 241 903 438 488 195 721 519 618 1060 474 1214 4193 2219 592 1285 1297 402 475 316 221 615 1290 586 571 3795 547 443 407 4353 664 455 858 444 475 837 753 246 2157 635 3867 1744 223 512 420 515 378 405 401 609 6858
internal_value=0.0449972 0.00834302 0.0589079 0.0450746 0.0278555 -0.000878794 0.0635053 -0.00363769 0.0507942 0.018198 0.0374344 0.0329964 0.0652049 0.0579307 0.0330739 0.0467009 0.0367208 0.011054 0.0591768 0.00282664 0.0122414 0.0282497 0.0233627 0.00492577 0.0489175 0.009353 0.0411368 0.0421787 0.0557518 0.0626421 0.0155138 0.049907 0.00829195 -0.00634162 0.0213483 0.0285928 0.0418599 0.0395748 0.0445271 0.0244308 0.0316176 0.0275335 0.0243667 0.0433421 0.0186261 0.0151026 0.0145374 0.0199429 0.0526247 0.0163888 0.00663501 0.00411136 0.0618021 -0.00021078 0.0308505 0.0233641 0.0220647 -0.00692376 0.0666374 0.0391717 0.0113855 0.0501314 0.0299087 0.0114627 0.0561271 0.0139972 0.0251596 0.0350537 0.0265196 0.00307227 0.0346325 0.0311511 0.0303177 0.0290877 0.0269486 0.0224405 0.0396793 0.00561595 0.0249343 0.0499219 0.047981 0.0200624 0.0367554 0.0313877 0.0461255 0.0462304 0.031786 0.0408234 0.0381491 0.0352332 0.0471967 0.0334102 0.0490642 0.044182 0.0332205 0.023843 0.0259394 0.0246972 0.0351848 0.0309905 0.0495214 0.00214548 0.0457498 0.0506427 0.0313738 0.0285556 0.0427321 0.0418578 0.0367628 0.0417553 0.0113836 0.0162377 0.0205021 0.0191286 0.0354486 0.0385374 0.0294053 0.015153 0.0297444 0.0296226 0.031692 0.0228748 0.0314813 0.0379211 0.0413691 0.024724 0.0549263 0.0645787 0.0445281 0.0139503 0.0437756 0.0155194 0.00965897 0.0230695 0.0307448 0.0299793 0.0215165 0.0083456 0.0176436 0.0190994 0.0339077 0.040995 0.0468474 -0.00250122 0.0426585 0.0316599 0.0370588 0.0273405 0.0316174 0.0279535 0.0403838 0.02195 0.0269114 0.0339675 0.0239498 0.0276623 0.0431086 0.0169795 0.0101413 0.0488583 0.0411845 0.0291853 0.0379393 0.013587 0.0383935 0.00677733 0.0538709 0.00609572 0.0226119 0.00531469 0.00780235 0.0323139 0.0239259 0.0317138 0.0218199 0.0343423 0.0369031 0.0200581 0.0236124 0.0173955 0.0256636 0.0246731 0.0054706 0.0103325 0.0148096 0.02159 0.0271347 0.01468 0.021813 0.0161986 0.0162576 0.0460471 -0.00771853 0.0101583 0.00779506 -0.000981416 0.0261767 0.00941609 0.0241238 0.0274017 0.0329419 0.0446154 0.0232198 0.0263827 0.0103074 0.0289436 0.0258348 0.013214 0.0319657 0.0407328 0.0370992 0.0320633 0.0251499 0.00634505 0.0183243 0.00485423 0.0592244 0.0250921 0.0263616 0.0282763 0.0238013 0.0282871 0.0225459 0.00816936 0.0267634 0.0212867 0.0417211 -0.00118455 0.00010343 0.0260817 0.0182699 0.0364108 0.0110382 0.0067244 0.0226951 0.0189557 0.0154218 0.0536151 0.0188461 0.0255634 0.0173471 0.00593998 0.00791345 0.0122112 0.0201157 0.0360461 0.01254 0.00581173 0.0275607 0.038556 0.0182067 0.0284804 0.0169911 0.00757382
internal_weight=130319 35852.3 94466.2 23569.9 11505.3 24347.1 70896.3 19776.8 15990.4 5732.5 5772.77 7579.46 54313.5 16582.8 4283.39 8771.14 5461.42 4570.23 14557.9 5831.53 3503.05 2465.8 2118.05 1820.89 2024.83 2663.44 2919.25 3661.6 7219.28 19508.5 850.915 1489.39 2083.13 13945.3 839.61 1267.13 2858.8 1817.59 1000.08 1785.1 2542.17 2229.45 1548.83 782.338 760.017 2749.34 2701.12 989.813 3817.15 943.884 1899.88 1795.97 7800.72 3748.4 2477.89 1723.58 1613.46 12886.6 34805 2558.92 1711.3 1949.06 232.722 707.848 6757.21 565.865 183.249 143.066 76.9901 1718.98 680.618 564.405 2442.55 2228.01 1750.11 290.547 2323.68 424.029 1267.4 5109.54 3445.13 283.819 477.893 352.607 79.5928 1151.18 194.151 129.896 680.706 593.572 1173.39 817.504 1102.68 652.523 600.438 252.617 1220.14 1158.58 558.053 437.174 120.879 1650.81 675.132 116.213 1073.38 852.596 162.38 220.787 1883.78 725.928 514.445 358.743 1109.19 1041.53 1721.24 1108 292.532 104.745 613.243 615.904 560.528 236.588 166.133 323.94 284.723 228.867 926.075 8435.52 201.6 223.846 659.76 127.772 1508.03 130.882 123.85 191.54 132.218 1377.14 981.994 908.203 108.839 2089.29 576.985 741.197 214.545 118.109 187.788 119.097 568.007 451.066 142.631 308.434 251.453 173.758 117.926 234.394 1576.08 237.045 167.703 767.36 312.244 163.798 108.857 195.835 579.821 95.576 1664.41 1878.21 81.7062 1796.51 1236.07 66.6032 203.279 132.878 97.9829 513.208 450.115 198.662 1149.68 134.912 95.5191 68.1675 1719.56 615.999 422.46 261.453 311.036 892.173 297.245 216.272 221.856 1059.18 10612.2 65.4876 157.482 3552.56 1070.44 74.652 118 995.785 421.392 151.363 574.392 459.079 115.313 413.879 360.653 120.512 240.14 514.627 412.37 313.841 207.77 1169.47 126.192 1043.27 3402.14 690.216 654.098 590.31 435.029 325.72 266.465 63.7879 228.203 185.716 815.463 3530.95 299.071 270.029 157.455 112.575 594.927 388.316 90.8117 206.612 69.5557 425.249 112.79 147.341 53.4633 909.614 771.525 518.187 229.214 71.0249 158.189 288.973 207.613 92.0728 115.54 76.9631 799.364 777.641
internal_count=780575 522482 258093 138481 115167 407315 119612 343692 72845 70164 45003 65636 71901 47711 37390 47376 42631 63623 37749 92547 47247 23566 23005 27740 9962 37621 19799 23485 25469 35766 10612 7613 30675 251145 9626 12393 19146 13824 6722 18485 22832 22917 16865 4971 8969 35883 35521 11993 15663 12080 28577 27535 16055 61872 22450 18107 17231 233684 36135 17562 23528 9160 1988 9252 21694 7010 2098 1360 831 26704 6052 5229 22300 20652 16738 2970 16130 5971 12857 23891 17400 3281 3914 3113 657 6196 1959 1186 5081 4681 5750 7102 5923 3893 5181 2818 12257 11800 4725 3914 811 25872 3859 823 9933 8206 1233 1727 13703 4301 6551 4390 12769 12183 12862 7650 2281 980 5212 5630 5022 2479 1561 2543 2128 2523 2891 10768 1472 2962 3790 1598 21138 1582 878 2000 1483 19556 11662 10639 1073 14070 3250 12269 1648 1064 1301 941 4707 3952 1024 2928 2275 1440 1096 2060 9991 2584 1935 4734 2258 1403 842 2771 4083 1290 6491 28386 970 27416 18360 852 2390 1443 1180 4079 3446 2280 11557 1390 907 832 25541 8874 5787 3333 2886 11648 3545 2710 2945 6423 194178 1047 2320 59101 10702 841 1415 9861 3819 1194 6042 4708 1334 4142 3723 1391 2332 3457 2918 2399 1781 17508 1688 15820 9806 6973 6493 5680 4383 3098 2696 813 2221 1905 5369 58835 4492 2625 1671 954 8103 5472 1119 2631 1015 1895 1196 1773 697 13603 11446 7401 3114 858 2256 4287 2137 816 1321 806 9566 11627
is_linear=0
shrinkage=0.01


Tree=10
num_leaves=255
num_cat=0
split_feature=7 7 54 56 56 8 54 56 54 6 54 62 56 6 6 1 6 4 6 26 102 13 51 44 57 47 14 57 6 140 6 54 58 24 20 69 62 112 6 33 47 30 56 91 58 47 52 6 63 38 30 4 7 41 127 9 50 54 29 30 56 7 68 20 89 47 18 116 33 114 116 54 27 18 68 128 127 13 31 71 29 18 20 62 117 27 19 52 126 117 51 78 47 7 54 8 6 9 8 56 117 36 29 122 20 44 60 122 104 88 54 6 41 8 39 37 41 21 57 9 56 27 30 130 9 19 79 21 9 9 8 47 131 128 134 27 30 19 47 114 9 7 19 2 20 21 21 6 8 27 18 27 34 47 86 18 7 18 58 8 27 18 30 130 94 54 60 116 130 41 51 131 6 7 1 21 47 8 60 83 6 116 50 38 18 39 47 18 67 21 29 18 56 62 57 86 44 56 6 117 27 56 60 44 133 36 56 41 39 117 41 20 8 50 117 94 66 117 54 58 114 129 54 33 33 117 116 8 30 40 127 54 114 56 89 54 56 52 36 34 123 78 47 44 9 39 38 56 135 36 79 31 133 47
split_gain=600628 62732.7 51190.6 14780.4 8785.18 7831.65 6833.45 3584.47 2702.33 2589.28 2547.37 1866.23 1805.43 1773.09 1651.04 1306.29 1286.25 1173.63 1132.34 1093.15 990.034 930.093 813.321 784.64 733.45 665.765 660.527 651.008 649.707 641.109 622.022 603.943 595.316 591.412 576.485 656.509 533.44 522.179 540.3 484.709 478.839 471.655 516.058 461.991 451.398 449.79 443.113 438.465 427.471 426.557 407.916 404.789 402.211 397.142 390.704 388.744 383.579 439.466 416.16 378.857 438.029 392.354 378.526 377.511 376.377 372.389 368.709 349.808 344.334 340.638 340.248 336.705 336.147 332.674 329.004 489.423 328.264 321.826 321.301 318.349 316.088 315.699 315.282 310.82 310.77 310.566 309.313 320.57 323.263 306.866 344.575 302.697 304.426 299.423 297.713 295.053 294.805 291.634 289.974 289.305 286.626 284.727 282.206 280.241 337.097 279.93 279.294 278.943 378.747 316.464 273.965 273.376 316.432 369.297 270.732 318.57 270.065 268.928 268.813 267.353 264.474 263.678 262.998 259.44 288.318 258.486 310.233 366.591 293.902 327.088 258.449 257.091 268.996 366.972 256.454 275.096 254.032 253.112 252.849 251.933 250.591 250.172 350.192 247.817 246.811 262.395 246.705 245.639 245.254 245.069 244.451 244.403 263.113 246.554 244.276 377.173 283.019 313.571 308.874 243.865 243.616 243.515 242.69 241.984 302.286 287.359 278.002 241.211 239.089 237.443 236.686 236.499 235.964 235.225 246.067 275.929 234.069 232.299 232.141 230.484 228.315 321.706 228.29 445.379 235.182 227.696 227.513 226.014 225.929 224.573 223.488 221.757 219.751 482.635 529.072 280.523 268.895 391.407 246.903 224.373 284.331 232.033 219.424 217.348 217.015 313.347 268.533 242.552 272.068 257.77 271.103 257.245 253.16 241.847 222.872 216.65 216.52 216.335 221.178 260.104 216.059 215.735 320.395 276.174 214.229 214.187 214.182 244.674 210.425 213.299 237.952 210.876 314.08 249.603 210.595 210.415 208.596 207.997 205.262 205.201 205.172 203.797 203.332 203.172 202.334 202.212 289.337 218.019 212.197 305.595 201.758 200.528 200.346 229.329
threshold=437.13000000000005 2493.0450000000005 189.50000000000003 106.50000000000001 343.50000000000006 3361.5150000000008 28.500000000000004 611.50000000000011 921.50000000000011 643.91000000000008 185.50000000000003 14.500000000000002 90.500000000000014 99.905000000000015 129.81500000000003 6.5000000000000009 2356.3100000000004 3.5000000000000004 3005.8450000000007 4.5000000000000009 3.5000000000000004 4.5000000000000009 20.500000000000004 4.5000000000000009 1445.5000000000002 136.58593500000003 5.5000000000000009 158.50000000000003 1730.8150000000003 1.5000000000000002 1143.3550000000002 35.500000000000007 60.500000000000007 1863.5000000000002 59.004123500000006 8.5000000000000018 5.5000000000000009 1.5000000000000002 970.72000000000014 94.500000000000014 860.62833000000012 1512.5000000000002 78.500000000000014 3.5000000000000004 86.500000000000014 1627.5952000000002 32.500000000000007 4821.3350000000009 5.5000000000000009 27.500000000000004 3768.5000000000005 5.5000000000000009 1153.2450000000001 22.500000000000004 46.500000000000007 99.00500000000001 18.500000000000004 1005.5000000000001 7.5000000000000009 173.50000000000003 14.500000000000002 390.91000000000003 1.0000000180025095e-35 268.92579000000006 2.5000000000000004 1202.7349000000002 28.801052500000004 0.0004255863250000001 449.50000000000006 0.0075465650000000007 0.016080184000000004 114.50000000000001 736.50000000000011 242.09431000000004 12.500000000000002 87.500000000000014 89.500000000000014 1.5000000000000002 686.50000000000011 7.5000000000000009 97.500000000000014 135.00500000000002 52.93354200000001 10.500000000000002 0.041687356500000002 60.500000000000007 59.902142500000004 25.500000000000004 3.5000000000000004 0.020959930500000005 1.0000000180025095e-35 19.500000000000004 938.2317250000001 22815.745000000006 357.50000000000006 189.00500000000002 134.93000000000004 438.41000000000003 26.805000000000003 24.500000000000004 0.028710502000000002 11.500000000000002 109.50000000000001 1.5000000000000002 148.50071500000004 5.5000000000000009 10.500000000000002 1.5000000000000002 1.0000000180025095e-35 2.5000000000000004 63.500000000000007 5102.5400000000009 25.500000000000004 796.84000000000003 51.500000000000007 2.5000000000000004 5.5000000000000009 196.50000000000003 113.50000000000001 208.20500000000001 82.500000000000014 1082.5000000000002 3717.5000000000005 90.500000000000014 1366.6100000000004 522.15330000000006 2.5000000000000004 1183.5000000000002 277.09500000000008 72.935000000000016 58.830000000000005 3214.0523500000004 81.500000000000014 44.500000000000007 50.500000000000007 293.50000000000006 6343.5000000000009 39.352000000000011 2283.4896000000003 0.025053593000000002 3659.5000000000005 1083.4800000000002 81.867880000000014 1.5000000000000002 201.90541500000003 1525.5000000000002 1651.5000000000002 6806.6100000000015 335.59500000000008 549.50000000000011 200.53871000000001 859.50000000000011 121.50000000000001 541.63157500000011 13.500000000000002 69.900332500000019 177.05000000000004 41.298107500000008 6.5000000000000009 376.05000000000007 707.50000000000011 63.330588500000005 4565.5000000000009 26.500000000000004 24.500000000000004 1256.5000000000002 57.500000000000007 0.015505948500000002 50.500000000000007 3.5000000000000004 34.500000000000007 51.500000000000007 348.85000000000008 1775.6400000000001 4.5000000000000009 795.50000000000011 6271.872800000001 390.89500000000004 58.500000000000007 8.5000000000000018 844.0150000000001 0.0035353482000000003 4.5000000000000009 79.500000000000014 127.04293500000001 11.500000000000002 769.06746500000008 29.901211000000004 4.5000000000000009 329.50000000000006 41.500000000000007 31.350217500000003 18.500000000000004 2.5000000000000004 1.5000000000000002 15.500000000000002 2.5000000000000004 47.500000000000007 121.59500000000001 0.00081492951500000005 915.50000000000011 4.5000000000000009 6.5000000000000009 27.500000000000004 49.500000000000007 6.5000000000000009 47.500000000000007 1.5000000000000002 9.5000000000000018 0.0095926065000000015 18.500000000000004 201.90541500000003 73.350000000000009 2.5000000000000004 0.006779882000000001 12.500000000000002 41.500000000000007 0.023954146000000003 232.50000000000003 55.500000000000007 0.012501699000000003 68.500000000000014 350.50000000000006 80.500000000000014 348.50000000000006 0.0018760372000000002 0.0036833886500000006 368.52500000000003 1533.5000000000002 19.500000000000004 57.500000000000007 530.50000000000011 0.021407455500000002 235.50000000000003 2.5000000000000004 814.50000000000011 451.50000000000006 530.50000000000011 19.500000000000004 69.500000000000014 1.5000000000000002 18.500000000000004 19278.286000000004 26.500000000000004 438.41000000000003 33.500000000000007 19.500000000000004 58.500000000000007 2.5000000000000004 3.5000000000000004 10.500000000000002 901.50000000000011 85.500000000000014 575.77460000000008
decision_type=2 2 2 2 2 2 2 2 2 2 2 2 2 2 2 2 2 2 2 2 2 2 2 2 2 2 2 2 2 2 2 2 2 2 2 2 2 2 2 2 2 2 2 2 2 2 2 2 2 2 2 2 2 2 2 2 2 2 2 2 2 2 2 2 2 2 2 2 2 2 2 2 2 2 2 2 2 2 2 2 2 2 2 2 2 2 2 2 2 2 2 2 2 2 2 2 2 2 2 2 2 2 2 2 2 2 2 2 2 2 2 2 2 2 2 2 2 2 2 2 2 2 2 2 2 2 2 2 2 2 2 2 2 2 2 2 2 2 2 2 2 2 2 2 2 2 2 2 2 2 2 2 2 2 2 2 2 2 2 2 2 2 2 2 2 2 2 2 2 2 2 2 2 2 2 2 2 2 2 2 2 2 2 2 2 2 2 2 2 2 2 2 2 2 2 2 2 2 2 2 2 2 2 2 2 2 2 2 2 2 2 2 2 2 2 2 2 2 2 2 2 2 2 2 2 2 2 2 2 2 2 2 2 2 2 2 2 2 2 2 2 2 2 2 2 2 2 2 2 2 2 2 2 2
left_child=2 3 6 10 9 8 14 16 21 12 19 15 26 23 39 46 27 34 29 28 118 -3 36 -8 47 59 40 45 31 44 63 -2 -17 -32 35 48 56 38 62 105 68 42 102 54 51 151 140 83 163 110 70 52 64 101 114 67 57 58 82 -15 -61 171 66 143 204 167 96 -47 168 -60 -38 -68 149 86 75 178 150 94 -56 -34 81 177 137 100 99 -64 -33 88 89 90 97 92 -55 -13 -24 -28 -27 -88 146 -42 123 252 -11 104 -84 -1 130 109 225 -80 -40 112 113 116 115 -43 -23 -107 -10 -97 -74 203 -45 124 -9 126 -30 128 129 -128 221 132 133 -91 -31 -136 -85 241 235 -50 -7 142 -129 -16 -83 -146 -90 237 -143 -66 170 152 173 244 156 -156 191 -158 185 -144 -157 -111 217 236 165 -165 -167 -20 -4 -71 -18 -62 -86 174 -5 -176 202 -21 180 -70 181 -29 183 -140 -185 -159 -160 -145 -172 -54 -155 -87 193 194 -170 198 197 -194 -196 -195 201 -201 224 -59 205 206 213 208 -206 211 -211 212 -209 -12 -207 -163 -125 218 -132 -220 -173 223 -223 -101 -115 -109 227 -67 229 230 234 243 -233 -234 -171 -57 -6 -22 -79 -231 -217 -14 -37 -230 -153 246 -191 -247 -248 -250 -181 -177 253 -25
right_child=1 5 4 7 17 11 13 24 20 41 18 93 22 25 30 32 76 -19 65 80 147 111 77 53 -26 37 95 74 125 134 33 73 79 -35 -36 242 50 -39 49 -41 84 43 -44 122 -46 55 -48 -49 139 -51 -52 -53 189 91 78 138 -58 121 69 60 61 -63 85 -65 72 226 71 -69 179 169 -72 -73 120 -75 -76 -77 -78 238 107 -81 -82 144 103 136 172 154 87 -89 98 131 -92 -93 -94 -95 -96 119 -98 -99 -100 106 -102 -103 -104 -105 -106 117 -108 108 -110 161 -112 -113 -114 176 -116 -117 -118 -119 -120 -121 -122 -123 -124 216 -126 -127 127 141 -130 -131 162 -133 -134 -135 135 -137 -138 -139 182 -141 -142 148 159 187 145 -147 -148 -149 -150 -151 -152 153 -154 190 155 160 157 158 186 -161 -162 215 -164 164 -166 166 -168 -169 192 228 188 220 -174 -175 175 251 -178 -179 -180 250 -182 -183 -184 184 -186 -187 -188 -189 -190 245 -192 -193 196 199 195 -197 -198 -199 -200 200 -202 -203 -204 -205 207 214 -208 209 -210 210 -212 -213 -214 -215 -216 240 -218 -219 219 -221 -222 222 -224 -225 -226 -227 -228 -229 231 239 -232 232 233 -235 -236 -237 -238 -239 -240 -241 -242 -243 -244 -245 -246 247 248 -249 249 -251 -252 -253 -254 -255
leaf_value=-0.0078642507293019658 0.0070758995468777168 0.016505288027328261 -0.0015238284751241382 0.034161792067615056 -0.0059080534599656757 0.042498750220068805 -0.0018791393874304288 0.044196851671340555 0.048768127353436087 0.031494481763226376 0.016207383834537906 0.061932879521635148 0.032050170044023191 0.032390339402379856 -0.0014445550173768169 0.053950834417708857 0.043916676926357513 0.054861261539070637 0.03791919938109236 -0.002583678494042009 0.054624310337491509 0.039942473739857938 0.035922166316793284 0.0028848720461048072 0.05848106477699351 0.046617821712041589 0.0087082808593226396 0.016894728859976917 0.051834378277633743 0.059368008739643124 0.0044763020938297787 0.012156470307290852 0.058618974835804701 0.038091343077956578 0.044871750032626043 0.039131064732723993 0.044476253172594092 0.039235098767941318 0.011032417744355269 -0.0020620761683442816 0.005497704933447695 0.016188778815801084 0.047606587545590745 0.051954226557439684 0.039606887764440969 0.0031146172423138926 0.057402369670424419 0.056881936467851675 0.056817973390906447 0.013830733307632844 0.0077457139642941519 -0.005727533122342505 0.058083169813096636 0.0043723861974584487 -0.0062889520024835876 0.037921636348668616 -0.00066011099472214666 0.032676147785793357 0.037828506797074155 -0.00025371555237458911 -0.0030158136210563509 0.05065316720003022 0.037675346195253132 0.032651371486203326 0.03274574778441814 0.018140808500971852 0.002278415292933874 0.032791865954003109 0.0027762820555977731 0.0048552640747591439 0.021764239174116295 0.012205494548973102 0.047888473470680842 0.0065279807708280169 0.054966188031428741 0.011367779617733423 0.029087106330843684 0.025312157262201308 0.032077943446371882 0.061525946383023236 -0.0023416120426638224 0.027448620823751161 -0.0035539118151370554 0.055002601601425109 0.019293076503595082 0.023385118591482769 0.014060992354156325 0.060268239167385336 -0.00044858860583074211 0.053105976104835105 -0.0015547368969848884 0.0048595809700441991 0.043046320050779456 0.064031291207660046 -0.0022260549967724891 0.054214075734476445 0.012196788280574355 0.042973686535883106 0.046884966311064161 0.035192774954608638 0.054744558450562697 -0.00098998100962363307 0.0011638913422933181 0.037819868055005659 0.034865230244856209 0.038350060232448663 -0.0045837231826580871 0.040083932401806993 0.04836107716197665 -0.00079084920591443973 0.041563166857463189 0.049603686933453066 0.026424820895583175 0.042211176762191653 0.016220057179817768 0.050575659545444039 0.013556912099772602 0.00024349321835183768 0.054197452119078796 0.020552590088373065 0.020789291268635865 0.056275120608775826 0.023532323087844097 0.022072161887446682 0.057455309433115109 0.0053757064686283072 0.0048393206060491148 0.0042436455668385074 0.0028972502216246701 0.042118208698182072 0.051279764211842382 0.0027600740365726173 0.054786276442163225 0.021587424836569544 0.057799637560478921 0.027044273669031341 0.044348869069419643 0.045874730333325169 0.044502462070044956 0.034558315610168568 0.022096596572731914 0.023236096351890115 0.04152290806120696 0.029620119017885051 -0.010077310467037659 0.022245106064385612 0.037041073097759669 0.059229117598710072 0.042539898636083477 0.0038902676454529044 0.051268865227692723 0.035790966794121699 0.00052795970685159108 0.034628811430697785 0.011290240818948614 0.051653455133774361 0.042210627300671835 0.048447200147144751 -0.0040627346566088759 0.015761494600446336 0.015796453394874621 0.0042028341692031956 0.049536264300387267 0.026297573978419204 0.014710373938838284 0.044155377442068759 0.017503508722754423 0.017717636516832329 -0.00111568188195269 0.024932955191325355 0.035327888899652583 0.02344688284668716 0.053354799169982814 0.052091865413489841 0.037431617866692787 -0.00082867297219838161 0.059732980764942829 0.016220641312373999 0.022002313153192884 0.05410957391659782 0.045715978099255983 0.044213812144090155 0.040433197951268991 0.0071657916635248118 0.033040560074458804 0.0096025522470502295 0.019353607707956508 0.0047148929120548041 0.055476403770995796 0.010578028895833159 0.0094661693676223128 0.0014498147130492006 -0.0006447551456713759 0.0010429853325246772 0.02833923667832897 0.044793556193142202 -0.0011355608775615968 0.042168169937205367 -0.0060616098660117466 0.0024559121923099976 0.057981229308943075 0.038971901534681115 0.05086312114266802 0.0029149707480005346 0 0.0016075038066574909 0.059261028108145063 0.009827154997247874 0.020159913325669444 0.020612538782370179 -0.0099076598624396415 0.0098302762055879119 0.036554538911920946 0.042589708023350277 0.026815196208179147 0.017332471113563609 0.046636734692742578 -0.0042393390927520595 0.011099113112236624 0.039525089539083194 0.0047683361766365307 0.00048131064663786309 0.045347195748678397 0.0026024858768921321 0.019582188088718217 0.013470977599950813 0.05115425262606145 0.043186006580600504 0.0099692191997037063 0.0027538304882108611 0.0048020806870297536 -0.0060320738855568004 0.03298057426801234 0.0020555831000972575 0.050819849824935481 0.056335793264494977 0.02152649032210855 0.065247676307342697 0.047485656936398765 0.03226307737908219 0.035830718394062266 0.0057633095328259512 0.05561206874587498 -0.010263970167390694 0.066340745732217959 0.017753467941439598 0.043592465275880794 0.034813990330005991 0.048144652909318783 0.018327453510189613 0.015087763213342298 0.019731973684377218 0.020812375094552495 0.016592753514943798
leaf_weight=10850.512912414968 250.30699780210853 99.736174110323191 456.29027469083667 210.69671347737312 35.397618219256401 130.44260534644127 2843.8799306452274 1678.9842636808753 1594.0348236933351 184.3363487906754 66.907726470381021 17754.507240302861 95.570057235658169 44.897459827363491 1849.8270465247333 1997.6953986212611 2589.4435714259744 468.02546722441912 603.80855073779821 134.32451555505395 3151.1687384992838 128.50048002228141 41.210089132189751 443.63602510467172 1583.4047395735979 38.651408419013023 46.034086998552084 81.454367272555828 84.410539079457521 103.59903445094824 130.93281613662839 139.68824076652527 9575.2124818041921 86.791530262678862 735.47901914268732 256.71851183474064 182.43204401433468 72.208499152213335 41.016066920012236 1788.2624282352626 360.74608807638288 38.411409880965948 272.73619525507092 106.24886094778776 428.59794107824564 53.790324341505766 108.16530059278011 933.26608084142208 82.480798967182636 237.01736488565803 65.06642335280776 33.387874156236649 40.635770320892334 29.449795313179493 38.791932981461287 134.0568149164319 107.45813331753016 115.37406036630273 55.488175451755524 935.41286877170205 102.85667987912893 23.344301696866751 58.791749231517315 33.917034443467855 72.593521606177092 51.393797434866428 904.29282942414284 164.19961109757423 33.187744338065386 296.09664807841182 116.88712881505489 551.51896232366562 187.38699396699667 96.870137445628643 252.72503246366978 53.645822614431381 121.18473198264837 66.532221715897322 149.51368373259902 9474.7230510115623 130.88431041687727 216.5061425678432 87.087306018918753 1186.1866466253996 65.230802837759256 52.67941852658987 122.7504298388958 30.726156897842884 30.898637227714062 46.509673375636339 84.783079273998737 68.203569907695055 72.867137935012579 17792.996854774654 37.550929047167301 57.528375077992678 72.641101133078337 49.926331013441086 134.74065841734409 28.539440803229809 395.79375524073839 447.22901302576065 37.736796766519547 36.305036492645741 28.653900470584631 20.301372818648815 52.966732855886221 43.728321798145771 89.407354049384594 77.845591343939304 133.94076723977923 3162.826941639185 113.27570800483227 250.39576817303896 55.42145324498415 126.36549005284905 61.141475975513458 112.60679671913385 3935.1261202394962 47.483110558241606 51.93752484023571 39.608770653605461 56.612197831273079 105.32834702730179 216.07187837362289 36.831413071602583 38.084893945604563 60.195974417030811 77.123312909156084 65.261133700609207 28.072104129940271 32.956280678510666 47.630788683891296 198.60386767983437 45.334577113389969 104.04267298057675 367.17232593894005 96.252674635499716 109.50238487869501 198.1615062057972 132.71789012104273 93.357576850801706 110.30420278757811 40.465018194168806 43.135888610035181 54.464065499603748 36.983721125870943 7316.3629558309913 370.73441885784268 51.020065028220415 1135.9594807252288 64.39696503803134 39.221774347126484 269.17079862207174 117.68257959187031 55.137545347213745 44.883131485432386 34.750683907419443 95.091697160154581 62.269593514502048 33.356780383735895 91.162501648068428 39.152512315660715 442.34374291077256 130.6580142006278 241.96573334932327 52.614947617053986 73.479623690247536 292.103007029742 119.52979016304016 84.62493409961462 134.21117897331715 31.903461024165154 37.336650036275387 68.481551773846149 62.159823633730412 165.91753414273262 124.3195757381618 58.832477301359177 29.151664100587368 1088.4293482601643 104.49147855490446 1077.6307639032602 92.010527841746807 57.793912380933762 28.936846643686295 70.189143806695938 279.78741086646914 410.41598898172379 41.604079309850931 44.006584100425243 303.73773835599422 47.249470688402653 25.335734490305185 41.869867943227291 39.968758102506399 404.41991847008467 36.212049052119255 37.934167303144932 34.115438628941774 34.173952847719193 35.560374058783054 349.17653831839561 32.510588444769382 100.61400527879596 48.356034088879824 51.019159264862537 43.41885756701231 192.48082989826798 380.89288859814405 29.880955412983894 58.17027635872364 297.81649144366384 84.891534544527531 137.56910344585776 277.81465870141983 62.305726252496243 26.361126564443111 104.46041617169976 47.324195243418217 118.79206471517682 26.613591574132442 39.535372521728277 184.26007341593504 58.721994213759899 106.38948088511825 469.41513760387897 294.13066595047712 251.89912888407707 90.115550816059113 38.419167928397655 37.0462168417871 114.73399605974555 34.879544962197542 48.351503625512123 186.17276385426521 107.7689851783216 267.97475080192089 191.05124402791262 30.576181627810001 80.911187399178743 45.178950607776642 143.73993088304996 59.50606382638216 46.115633055567741 165.09013274312019 346.4218387119472 156.74447993934155 53.096111841499805 109.07379290089011 28.352010667324066 184.61529021710157 121.0919987782836 168.33857502788305
leaf_count=199655 3497 1006 7090 1755 461 640 48214 8104 5859 1746 726 21140 942 538 30905 5698 13517 1771 4006 1973 8604 833 382 6964 3945 403 556 748 587 541 1888 1663 17254 879 4328 1651 1437 591 514 30659 5170 419 1923 658 2980 610 258 2662 436 2923 774 392 181 418 524 966 1424 1069 569 14861 1641 195 556 401 625 459 13730 1315 481 4187 1277 7634 1323 1276 1002 500 831 613 1460 12462 1997 2361 1158 3822 797 634 1473 168 422 341 1135 991 694 14368 498 392 972 437 1109 311 1296 6959 510 299 246 237 762 369 612 992 1214 12780 758 1497 586 878 534 1861 11109 469 492 270 527 793 626 456 457 743 896 514 237 419 345 2184 229 917 1514 768 681 1420 935 894 916 504 651 612 341 13921 2632 597 4951 521 430 2041 1538 486 423 324 1401 679 419 1131 309 4038 1255 1627 482 614 4624 1375 501 1792 248 185 517 722 581 1510 415 246 5992 654 6642 916 394 384 834 4242 1499 433 470 4491 731 394 536 408 6089 384 593 514 312 388 1507 403 1299 580 297 515 1979 3859 395 642 2521 665 1280 2995 281 370 1323 418 1808 394 382 2648 455 1188 2215 1673 3273 1205 516 528 1156 449 399 899 1008 374 1205 313 683 548 496 893 198 1554 2348 1166 337 1008 361 1737 1665 2308
internal_value=0.0431007 0.0553031 0.00657425 0.0409388 0.0254809 0.0596306 -0.001448 0.046663 0.0543261 0.0195226 0.0298746 0.0615517 0.0159778 0.00573017 -0.00546508 0.0591633 0.0424917 0.0401819 0.0342772 0.022566 0.0562237 0.0472702 0.0220288 0.00109913 0.0523221 0.0102365 0.010351 0.0386969 0.0259054 0.031097 0.00210062 0.0211653 0.0594963 0.0181465 0.0373046 0.03396 0.0197941 0.0129085 0.0122168 -0.00690054 0.00915353 0.0297812 0.0382724 0.0265827 0.029848 0.0357507 0.0400433 0.0503252 0.0303653 0.0228287 0.0309232 0.028324 0.0287422 0.0073702 0.0242953 0.0387386 0.0175784 0.0187015 0.0169147 0.00442774 0.0034174 0.0124533 0.0104202 0.000495962 0.0259714 0.0416411 0.00742866 0.0256092 0.00566082 0.0138888 0.0358435 0.00605763 0.0352653 0.0244851 0.0438545 0.0417462 0.0464386 0.0365782 0.0214152 0.0600716 0.0115846 0.0147815 0.0259232 0.0487698 0.01444 0.0156175 0.0262764 0.0286442 0.0272451 0.0232635 0.014841 0.0215709 0.0323079 0.062987 0.0180057 0.030596 0.0248513 0.0228741 0.0383159 0.0126067 0.0463359 0.0052771 0.0264414 0.0142869 0.0063032 -0.00768689 0.0169975 0.0226094 0.03202 0.019182 0.0346678 0.0479751 0.0433164 0.045138 0.0364438 0.0429099 0.0317181 0.00662054 0.0526522 0.0397554 0.04227 0.0332332 0.0425405 0.0446661 0.0457728 0.0320275 0.0330245 0.0310896 0.0179545 0.0288279 0.0192058 0.0297596 0.0327259 0.0279899 0.0466434 0.0370846 0.052551 0.0331644 0.0404267 0.0414916 0.0324915 0.0344159 0.0253871 -3.16055e-05 0.0215083 0.00794379 0.020309 0.0580521 0.0387945 0.0211672 0.0469205 0.0302165 0.0258628 0.0362336 0.013969 0.0234469 0.0107883 0.0184127 0.0133793 0.0325718 0.038896 0.0154022 0.0267274 0.0271903 0.0292036 0.031713 0.039579 0.0358009 0.00447886 0.0126298 0.0452836 0.00965036 0.0314321 0.027601 0.0256528 0.0197549 0.0481295 0.00647153 0.0429423 0.0243953 0.0438651 0.0326069 0.0383097 0.0292048 0.0175178 0.0317799 0.00593411 0.00805709 0.0522082 0.0342939 0.0312073 0.00483221 0.00714827 0.0115298 0.0061443 0.0236597 0.00224149 0.0183659 0.0121164 0.0282685 0.0346709 0.0217995 0.0450177 0.0263264 0.0236597 0.0302577 0.0389587 0.0212753 0.0132534 0.0241252 0.0183309 0.0299385 0.03326 0.0313883 0.0203992 0.0182173 0.0317034 0.0219146 0.0258074 0.0204257 0.0148222 0.0124108 0.027987 0.00730685 0.0380981 0.021714 0.0463831 0.0396154 0.0153893 0.0216653 0.027859 0.0111788 0.0195603 0.0259592 0.032958 0.0489414 0.0146865 0.0554975 0.042036 0.0107153 0.021708 0.0238814 0.0453185 0.00603015 0.0495806 0.0330435 0.0368856 0.0262571 0.0389682 0.0286184 0.0361918 0.0145478 0.00910642 0.00671361
internal_weight=134759 101012 33746.4 23391.5 10052.3 77620.8 23694.1 15411.1 20654.4 7156.94 7980.39 56966.5 5323.51 8500.73 15193.4 21419 8882.57 2895.35 4974.81 3005.58 16264.7 4389.69 2561.37 4194.7 6528.51 4306.04 2762.14 4540.94 2301.95 3482.58 2421.72 1303.38 21047.6 217.724 2427.33 1691.85 2225.03 2946.52 2874.32 12771.7 2611.09 1833.43 494.809 1338.62 3229.61 2901.36 371.326 4945.11 1291.39 411.974 364.386 2801.01 2767.62 1350.82 1175.76 1875.16 1860.64 1753.18 1565.69 1359.51 1314.62 379.204 2462.34 2204 1854.96 1492.23 1567.1 217.99 1575.92 1176.64 299.319 1455.81 362.938 1053.07 1639.58 1386.85 4341.63 336.344 955.565 19049.9 703.634 572.75 389.048 4011.84 1035.17 895.237 956.198 816.51 785.783 583.16 257.46 170.521 102.317 35547.5 78.761 151.046 111.293 172.677 202.623 938.032 2458.48 1180.3 222.073 152.046 115.741 10983.4 577.286 916.773 239.525 677.248 174.957 4289.96 1127.13 1013.85 220.198 164.777 189.642 132.908 5529.16 105.011 239.325 187.493 162.861 2062.69 1895.06 998.573 961.742 877.331 180.469 103.346 524.319 325.701 292.744 245.114 252.976 149.377 1553.36 237.002 1657.17 280.642 263.16 696.862 232.77 2170.08 314.106 97.6 67.8824 10735.5 464.092 123.614 4220.44 1026.2 602.512 423.69 836.446 206.177 630.269 273.852 228.968 172.574 88.4943 527.734 245.37 1010.75 867.582 736.924 294.581 677.288 1485.23 1121.15 3084.48 355.86 97.1343 563.29 525.953 315.257 824.212 258.644 1333.21 90.6914 1274.38 185.946 1336.94 259.307 149.804 63.6875 165.281 320.252 495.041 912.666 313.177 356.417 1028.94 541.061 411.876 119.773 487.881 83.4615 79.804 129.186 103.85 69.6758 658.294 147.885 1492.02 388.744 202.818 1103.27 293.095 810.179 410.774 399.406 341.235 151.799 185.925 449.888 167.634 206.218 179.857 151.785 253.003 278.948 66.149 212.8 309.118 150.118 814.94 345.524 825.057 326.992 206.3 498.065 186.66 149.614 167.881 320.23 143.167 3419.14 257.583 120.692 358.726 140.749 400.458 311.405 110.513 872.03 550.196 321.835 508.592 162.17 57.5037 246.775 733.067 611.975
internal_count=780798 278761 502037 146188 102287 132573 399750 74652 59818 83314 71536 72755 66113 128519 271231 37247 51609 18973 38848 32688 39867 19951 28176 68213 23043 60306 37937 30310 23584 29881 38819 14810 35414 2767 17202 12874 25478 39471 38880 232412 36520 17201 4179 13022 28194 20999 1833 19098 10727 4651 3488 25214 24822 19999 11837 12423 21990 20566 18824 20835 20297 5436 34229 36052 17795 8967 22739 1925 23151 14863 2714 21364 3037 11313 9311 8309 21299 2698 9954 29716 9104 7107 3961 16436 13369 11490 10037 8374 8206 6334 3045 2103 1112 35508 880 1417 1375 1910 1872 12324 11100 17896 2256 1703 1404 201753 7154 9430 2169 7261 1728 18945 6165 5407 1883 1297 1367 2098 16968 861 1815 1742 1185 9804 8730 8774 8318 7731 1867 971 6392 3289 2870 2525 1687 1146 5336 2258 10498 1856 1575 5864 2338 35651 3624 1263 763 22899 3526 1222 20468 8576 5346 3230 10934 2443 8491 3366 2943 1595 905 5801 2657 8871 7402 6147 2109 4620 22063 14294 15517 5241 1045 4916 4731 2976 4040 3483 7809 1088 7394 1402 8633 1991 1310 708 2235 4746 2000 7027 2511 5125 14973 7769 6161 1537 7204 1115 1129 1608 1214 902 3459 1472 14758 3548 1688 11210 3278 7932 4254 3678 3036 1391 1860 4809 1074 2348 1978 1741 3600 3735 776 2959 1952 1557 4347 2132 10107 3808 2290 6299 2133 1605 1774 1865 1469 8978 1818 1518 3678 1490 2147 4166 719 6846 4126 2720 3693 1345 607 2459 10937 9272
is_linear=0
shrinkage=0.01


Tree=11
num_leaves=255
num_cat=0
split_feature=8 55 6 55 12 9 55 6 55 49 55 55 6 58 49 13 58 48 49 12 28 69 6 21 129 12 8 6 8 48 6 98 31 5 136 62 62 46 50 6 13 9 130 64 15 6 64 6 140 57 24 89 12 39 29 114 87 8 130 115 115 62 55 8 38 42 48 114 6 6 11 50 119 55 62 50 31 52 39 6 142 21 55 6 52 6 114 47 58 39 9 27 114 115 12 62 46 94 27 13 3 118 24 23 24 118 97 117 42 50 63 62 46 129 49 48 90 57 83 50 117 11 31 30 31 117 140 99 115 94 133 30 19 46 21 66 43 31 27 9 91 99 96 136 133 99 19 51 19 42 6 57 114 47 29 130 114 51 58 31 55 96 66 37 38 82 106 27 31 99 8 21 6 130 8 117 114 133 43 114 28 47 30 61 114 66 29 30 48 31 115 117 124 49 66 55 48 6 78 50 81 19 27 63 12 94 129 13 31 57 42 9 27 87 9 117 31 115 6 28 87 30 19 133 27 6 43 26 10 24 47 15 31 8 62 50 115 124 57 92 142 49 2 48 99 89 46 114 28 39 58 21 21 55
split_gain=542070 51333.3 50450.3 14754.6 10164.1 7952.41 7765.45 3946.23 2315.39 2314.17 2249.28 2197.16 2127.85 1715.91 1700.17 1277.48 1255.3 1066.63 1042.58 903.066 827.071 821.216 809.7 761.26 738.011 697.443 690.177 654.741 632.575 579.564 550.175 544.665 530.177 528.19 493.152 488.174 478.295 470.874 470.476 467.351 466.327 431.567 428.778 422.163 420.375 415.298 408.194 432.642 398.199 395.543 452.963 375.181 367.299 365.432 418.891 389.301 364.994 360.528 360.123 366.322 558.121 450.456 358.968 356.186 353.969 353.789 352.101 351.424 407.899 345.911 344.709 342.405 339.828 337.836 331.871 325.271 324.612 318.374 317.278 316.733 316.653 307.441 307.433 304.887 379.343 302.954 300.272 294.672 294.065 291.458 287.378 284.144 288.56 280.837 279.685 278.914 278.542 276.761 275.29 489.367 274.563 273.5 297.155 272.749 271.488 270.788 270.67 311.717 270.019 269.759 305.468 267.234 263.472 319.653 260.2 257.731 246.427 240.39 240.216 464.513 240.028 364.521 338.148 340.495 281.984 264.742 239.749 239.37 238.316 322.144 316.95 290.809 267.099 287.516 237.298 237.072 237.01 240.957 251.514 234.48 233.592 233.104 238.285 288.791 289.977 269.465 232.795 277.607 231.959 230.874 230.846 230.063 349.804 434.781 289.162 382.45 311.033 238.817 229.708 229.2 330.323 236.176 427.734 242.396 228.893 273.708 310.773 292.078 340.049 227.464 246.346 274.524 268.782 227.216 349.609 226.775 225.545 224.553 224.2 223.219 221.97 221.691 221.118 219.683 290.328 219.659 219.222 241.188 289.422 251.031 218.266 218.078 215.654 235.864 215.6 259.164 215.484 283.792 367.336 215.476 214.978 271.609 255.882 226.211 212.585 212.451 383.26 212.239 225.889 227.26 211.389 264.554 251.653 228.122 297.585 276.004 259.126 277.441 210.696 213.644 209.622 208.603 207.776 206.818 206.583 449.513 206.053 213.925 205.594 205.2 204.65 205.135 202.286 232.736 201.681 201.617 201.282 218.193 216.554 257.825 200.613 200.273 199.947 199.911 258.3 366.889 251.615 412.345 234.688 225.801 223.19 228.625 221.256 217.194
threshold=239.56000000000003 68.500000000000014 4203.5700000000006 292.50000000000006 3.5000000000000004 2128.2600000000007 303.50000000000006 643.91000000000008 7.5000000000000009 4035.9469000000004 659.50000000000011 138.50000000000003 1143.3550000000002 274.50000000000006 197.62146500000003 5.5000000000000009 109.50000000000001 388.25582500000002 86.417210000000011 22.500000000000004 8.5000000000000018 8.5000000000000018 2525.9100000000003 516.50000000000011 89.500000000000014 13.500000000000002 1015.7700000000001 1730.8150000000003 1624.9950000000001 131.60263 309.40500000000003 5.5000000000000009 513.50000000000011 2.5000000000000004 2.5000000000000004 4.5000000000000009 4.5000000000000009 1609.9657500000001 2080.5000000000005 824.81500000000017 5.5000000000000009 942.48500000000013 71.500000000000014 1.0000000180025095e-35 4.5000000000000009 8271.885000000002 5.5000000000000009 253.81000000000003 1.5000000000000002 6.5000000000000009 1034.5000000000002 2.5000000000000004 11.500000000000002 18.500000000000004 85.500000000000014 0.04746914650000001 3.5000000000000004 168.92000000000004 9.0000000000000018 0.092263290000000012 0.048611674500000007 1.5000000000000002 761.50000000000011 76.045000000000016 37.500000000000007 14.500000000000002 150.18329000000003 0.013015588000000002 844.0150000000001 228.00500000000002 9.9100000000000019 9.5000000000000018 3.5000000000000004 1123.5000000000002 6.5000000000000009 14.500000000000002 1431.5000000000002 1.5000000000000002 43.500000000000007 675.0100000000001 1.0000000180025095e-35 286.50000000000006 235.50000000000003 2856.9300000000007 20.500000000000004 706.05000000000007 0.039126735500000002 18431.625000000004 18.500000000000004 16.500000000000004 1279.5200000000002 867.50000000000011 0.083868027000000026 0.030695340500000005 3.5000000000000004 14.500000000000002 222.54483000000002 10.500000000000002 1065.5000000000002 4.5000000000000009 5.5000000000000009 0.0073358602000000014 1467.5000000000002 4.5000000000000009 1660.5000000000002 0.0082940525000000011 2.5000000000000004 0.016540396000000002 56.500000000000007 1.5000000000000002 2.5000000000000004 37.500000000000007 1050.6079000000002 62.500000000000007 724.33050500000002 1088.6813500000001 1.5000000000000002 30.500000000000004 6.5000000000000009 4.5000000000000009 0.024616226500000001 79.815000000000012 1503.5000000000002 641.50000000000011 552.50000000000011 0.04001477400000001 5.5000000000000009 6.5000000000000009 0.09927759500000001 1.5000000000000002 97.500000000000014 272.50000000000006 158.82382000000004 475.78113000000002 2291.5000000000005 1.5000000000000002 7.5000000000000009 704.50000000000011 1008.5000000000001 232.45000000000002 1.5000000000000002 9.5000000000000018 4.5000000000000009 2.5000000000000004 43.500000000000007 6.5000000000000009 93.567053000000016 9.5000000000000018 82.666192000000009 96.500000000000014 2195.4350000000004 20.500000000000004 0.091039387000000013 7174.6903000000011 123.50000000000001 29.500000000000004 0.030918277500000004 55.500000000000007 28.500000000000004 2373.5000000000005 730.50000000000011 6.5000000000000009 72.500000000000014 28.500000000000004 166.50000000000003 20.500000000000004 1.5000000000000002 461.50000000000006 428.50000000000006 3.5000000000000004 507.74500000000006 1940.5000000000002 1088.7300000000002 47.500000000000007 199.90500000000003 0.027212699000000003 0.015160492500000003 69.500000000000014 29.500000000000004 0.028413664000000002 49.500000000000007 4167.6338500000011 4791.5000000000009 8.5000000000000018 0.029314519000000004 15.500000000000002 251.50000000000003 800.50000000000011 233.46332500000003 749.50000000000011 0.09596107700000002 0.013334431500000002 2.5000000000000004 951.04993000000002 5.5000000000000009 156.50000000000003 3352.2726000000007 443.92500000000001 11.500000000000002 4.5000000000000009 2.5000000000000004 90.708795000000009 786.50000000000011 1.0000000180025095e-35 8.5000000000000018 1.5000000000000002 52.500000000000007 23.500000000000004 2539.5000000000005 173.50000000000003 46.500000000000007 107.88500000000001 430.50000000000006 10.500000000000002 324.85000000000008 0.020410063000000003 1735.5000000000002 0.06657033250000001 2856.9300000000007 6.5000000000000009 1.5000000000000002 1274.5000000000002 76.184445000000025 52.500000000000007 744.50000000000011 1471.5600000000002 37.500000000000007 1.0000000180025095e-35 216.715 2276.5000000000005 494.65015000000005 4.5000000000000009 3282.5000000000005 298.02000000000004 14.500000000000002 1.5000000000000002 0.021741167000000002 1.0000000180025095e-35 31.500000000000004 1.5000000000000002 2.5000000000000004 23.138883500000002 8.5000000000000018 970.91817000000015 7.5000000000000009 2.5000000000000004 5550.5236500000001 0.025831450000000002 97.500000000000014 100.50000000000001 55.500000000000007 1619.5000000000002 1651.5000000000002 979.50000000000011
decision_type=2 2 2 2 2 2 2 2 2 2 2 2 2 2 2 2 2 2 2 2 2 2 2 2 2 2 2 2 2 2 2 2 2 2 2 2 2 2 2 2 2 2 2 2 2 2 2 2 2 2 2 2 2 2 2 2 2 2 2 2 2 2 2 2 2 2 2 2 2 2 2 2 2 2 2 2 2 2 2 2 2 2 2 2 2 2 2 2 2 2 2 2 2 2 2 2 2 2 2 2 2 2 2 2 2 2 2 2 2 2 2 2 2 2 2 2 2 2 2 2 2 2 2 2 2 2 2 2 2 2 2 2 2 2 2 2 2 2 2 2 2 2 2 2 2 2 2 2 2 2 2 2 2 2 2 2 2 2 2 2 2 2 2 2 2 2 2 2 2 2 2 2 2 2 2 2 2 2 2 2 2 2 2 2 2 2 2 2 2 2 2 2 2 2 2 2 2 2 2 2 2 2 2 2 2 2 2 2 2 2 2 2 2 2 2 2 2 2 2 2 2 2 2 2 2 2 2 2 2 2 2 2 2 2 2 2 2 2 2 2 2 2 2 2 2 2 2 2 2 2 2 2 2 2
left_child=1 4 3 11 8 10 7 17 30 16 36 15 18 19 22 48 24 37 31 40 64 25 57 177 28 46 38 53 43 71 65 128 -26 95 39 45 52 69 67 42 -7 91 127 83 80 -21 47 73 49 222 158 70 89 54 101 82 -41 62 -14 60 118 -61 75 191 114 -1 -28 68 -17 186 149 126 -73 141 -12 175 -57 109 -27 -50 98 -69 85 84 210 -55 -62 -23 103 -4 115 159 192 -87 105 -11 -83 179 -25 -100 -34 102 199 230 -32 -52 -94 -108 204 110 -36 -15 -53 116 -19 -54 -114 -104 119 150 229 122 123 -122 125 -125 -10 194 129 -6 131 -131 -133 -134 164 -111 -33 -138 190 232 235 142 226 144 -144 -146 147 207 -59 -31 241 154 153 236 155 156 -22 -156 -51 224 -161 -162 163 -163 165 167 -167 168 -39 170 171 180 -173 -65 176 185 -175 -20 -66 -63 -96 -118 -137 184 228 -8 -3 -188 -189 -190 -139 -29 -93 -194 195 -13 197 198 -154 -9 202 203 -71 -202 -84 206 -106 208 209 -80 212 -212 -5 214 -213 -215 217 -216 219 -58 -81 -68 -2 -48 -18 -226 227 -16 -79 -98 231 -70 233 -45 -43 -64 -153 -238 -239 -240 -149 -60 -85 244 245 248 250 -248 -49 -249 -245 -252 -251 -254
right_child=2 6 5 9 12 13 14 27 29 33 74 34 58 111 21 26 41 20 23 35 151 87 -24 44 32 78 66 63 -30 51 104 136 100 -35 77 -37 -38 134 -40 56 -42 234 -44 139 -46 -47 223 243 79 50 94 112 90 55 -56 76 218 148 59 61 86 97 140 173 178 -67 221 81 88 200 -72 72 -74 -75 -76 -77 -78 183 146 220 -82 96 108 242 -86 93 -88 -89 -90 -91 -92 92 106 -95 169 -97 120 -99 99 -101 -102 -103 117 -105 205 -107 107 -109 -110 135 -112 -113 113 -115 -116 -117 181 -119 -120 -121 121 -123 -124 124 -126 -127 -128 -129 -130 130 -132 132 133 -135 -136 182 137 138 -140 -141 -142 -143 143 -145 145 -147 -148 240 -150 -151 -152 152 196 -155 157 -157 -158 -159 -160 160 161 162 -164 -165 -166 166 -168 -169 -170 -171 -172 172 -174 174 -176 -177 -178 -179 -180 -181 -182 -183 -184 -185 -186 -187 187 188 189 -191 -192 -193 193 -195 -196 -197 -198 -199 -200 -201 201 -203 -204 -205 -206 -207 -208 -209 -210 -211 211 213 -214 215 216 -217 -218 -219 -220 -221 -222 -223 -224 -225 225 -227 -228 -229 -230 -231 -232 -233 -234 -235 -236 -237 237 238 239 -241 -242 -243 -244 246 -246 -247 247 249 -250 252 251 -253 253 -255
leaf_value=-0.0072214795598728593 -0.010011354723328402 -0.001998591974846304 0.0073597619458056493 0.017300618441197485 -0.0024347553288847977 0.023665081309860718 0.015909849903017012 0.016987588188258147 -0.0023002203555763812 0.04595632446403107 0.051421819715029446 0.047845469876900019 0.049914816329400903 0.058703629337753666 0.025592500551692973 -0.0043501379834546194 0.046086441355943357 -0.0049011925563471684 0.029764037917568143 0.044782786507403839 0.053688272236600859 0.040280027092886618 0.043186962739278086 0.012278931192370593 0.054385043655190486 0.051090780931204893 0.026525700921049236 0.021922806774107972 0.05028341982704225 0.0021310646769423093 -0.0023271025789539787 0.0057846403387885525 0.0059129554491895433 0.055440754444182394 0.014848881540837867 0.057491661759200285 0.049945244850157548 0.046240146866390372 0.062950633774122688 0.057997276826704622 0.048428335833926993 0.047047199059364005 -0.0030963387118020471 0.042911075245474127 0.047349987862246506 0.054658650988794084 0.024778915556508935 -0.0021455849846579943 0.013825745473272973 -0.0063252041065264067 -0.0026253338974577801 0 0.040918124386921682 0.031164953773118096 0.015167189000297746 0.032066756962376063 0.019398282391923864 0.020741119719409763 4.7930276769297148e-05 0.0084467058397522526 0.040201864421805018 0.025160575617253374 0.028579720989388116 0.053418090470091543 0.060935423511317935 0.0011397114571620136 0.024966841631343998 0.047131573680107258 0.039381875984066776 0.0018678175483825507 0.018437210755593667 0.0033466749661197944 0.038474660691731499 0.035329300021787503 0.055058194917732881 -0.0048206394683065505 0.0040590490260147393 0.036806196049220891 0.037054020788271316 0.022274372826094159 -0.0079882013761535652 -0.0016802795747378342 0.05264779360362902 0.046240086608660066 0.048807327983423007 0.036023592054452297 0.016418994428469402 0.054049920922185801 0.0066687974330971169 0.038694492038508423 0.049679072571306639 0.052032035855154569 0.023731225850796751 0.0019919655905816028 0.030091492693031286 0.053908794964373272 0.028626875927616417 0.0064363223479718384 0.010757045356017543 0.0607494410903014 0.031634711312687455 0.014106193600707717 0.054973193260349475 0.0026501483061315534 0.044933785676110879 0.033443037564056574 0.03521835866660214 0.058465878416687281 0.0027435183973589191 0.055712362090291477 0.041572206452942836 0.060569871540264518 0.049362445611511076 0.0040602841899797177 0.036571032057959835 0.047147736485033134 -0.0037218056341606753 0.029240462174611761 0.0031515488408072833 0.052556632803104901 -0.004051206115717596 0.035966158094996661 -0.0022443275325616796 0.013028412413737185 0.017983102779585564 0.04625375424642815 0.021176255306090276 0.0073338401801781895 -0.0014163806283903002 0.0305426680412943 0.028023516685051677 0.0039275125801181837 0.00011215872969253635 0.042994706989279957 0.035155812743167487 0.029097053114087914 0.0052174113576281675 0.003653318368943136 0.056485223281148481 0.043233401134950229 0.038348566988456692 -0.0027244207681949941 0.0069233095517228114 0.00602446020377723 0.044541293724633418 0.021748029658204517 0.04574921156898417 0.034716049199440574 0.04271028371178668 0.027588934789168285 0.026149896937704278 0.038735809093724129 0.035196916676757083 -0.0035764116864916914 -0.00067797098784594867 0.011003596068069452 0.012997357576190336 0.031050795998441971 0.026697192276969574 0.010519160865380064 0.045506284023062921 0.0021424609592499704 0.049246842372882987 0.029209296766307773 -0.0071741259858024518 0.0030390046841819781 0.034875340020819864 0.0034544591934528236 0.010177896547619055 0.015232467375373407 0.045557216424742406 0.017681919191366684 0.056417562553846383 0.053279315992266429 0.015147646643465301 -0.0098212446745913878 0.034007107003301014 0.0659375740329044 0.031906527817379099 0.060061511925094395 -0.0010766164440527541 0.037658259424406329 0.048587110368978045 0.029930381559742009 -0.0057821014584650303 0.039892283366327878 -0.00082355068717836644 0.0064628997687713879 0.044032866940632791 0.0084798902724394186 0.032183437581554689 0.039755398174343586 0.027722153626569185 0.049791136391519844 0.042436327215957484 0.015121985835412653 0.040663575387539716 0.048469112365777389 -0.001627470116724713 0.047655811022941807 -0.0031620500561787323 0.045327542657083823 0.017448909314280826 0.02997893142896468 0.01876549254949475 0.00067958515371195009 0.0068906862361054469 0.047413593194262145 0.0033808835962372127 0.014245805833248713 0.0068053695207437323 0.0091505879328169955 0.039914253084923232 0.028558521486820653 0.043935641126601671 0.046367945041808412 0.010530502407300244 0.018608233280068821 0.043813119405012237 0.036932533247372674 0.05345238432785978 0.044622296807998472 0.012543579433230334 0.048032911267374294 0.013294282340846191 0.042786790065081251 0.0010076613632732292 0.0037291944798273171 0.0046830666936998307 0.053526687137545936 0.012363398126255887 0.012423654390155007 0.051983698161064185 0.022629348972233024 0.054984214430533876 -0.0019559053582040679 0.0012947389708306415 0.03183039720046555 0.018630867638989072 0.0011286102295261708 0.054640661501806714 0.029202934081568235 0.029197415900483525 0.052171639787369259 0.0078074752740038798 0.045501050189540662 0.0040003026831903037 0.042732913222021225 0.028059492295150222 0.035673523682503906 0.045301119263311949 0.017995617751266405 -0.0027663232686426561 0.027471348393832362
leaf_weight=12679.228464547545 40.747302569448948 676.67657073959708 49.014605183154345 63.819309189915657 378.15852427110076 91.324496790766716 576.19358849525452 87.165274392813444 2930.7924243509769 1893.9151136651635 4634.8561173379421 32.397456504404545 49.045687701553106 21506.752095490694 176.1058861836791 75.029474623501301 779.86870800703764 29.437350556254387 47.852751135826111 550.41243399679661 41.340590588748455 442.87380994856358 177.35745424032211 602.56038534268737 38.307743340730667 256.45261019468307 257.49602368474007 266.17308820039034 534.90427719056606 1532.1118260733783 261.25364359468222 129.64868804067373 135.01643367111683 1990.5016900375485 159.95657980442047 13500.063405126333 3540.1648193076253 38.889024224132299 31.572584241628647 110.03220575302839 890.84039129316807 955.43246769160032 41.565545435994864 89.819344356656075 35.369797170162201 4840.5011986419559 58.662454880774021 36.745775170624256 67.659785185009241 73.845707185566425 58.634188584983349 57.851872358471155 1873.1453191116452 49.783497970551252 141.16864785179496 271.60695593059063 84.575878210365772 105.61707215383649 99.256632719188929 319.21986693516374 285.63680400326848 49.805657286196947 49.140804711729288 118.0158932954073 60.521517049521208 524.43680128082633 75.546659387648106 72.725120075047016 164.18532321602106 268.74298236891627 152.03507143259048 87.103372626006603 39.08721598982811 208.072002209723 8732.7820036187768 80.23904924839735 50.485096208751202 43.507187865674496 104.33647928759456 40.390954133123159 65.614096332341433 35.327539999037981 41.95622219145298 342.44460490345955 134.73689369857311 24.615542281419039 71.884767409414053 307.67185989767313 112.61299231275916 81.94071052968502 1245.655429199338 942.60981297492981 99.946807816624641 287.47126700356603 39.801199518144131 733.14382061362267 888.74817673116922 34.324152506887913 48.845191411674023 32.700468640774488 59.639642216265202 54.167997308075428 134.29325311630964 44.767482157796621 42.694101668894291 29.689082134515047 180.93348760157824 102.25419136881828 32.885651882737875 60.717611104249954 59.934013538062572 18873.71126627177 54.78920716047287 51.100688103586435 27.518817696720362 1346.04350117594 24.554504331201315 63.74258429557085 87.064177870750427 41.999073173850775 48.050105344504118 139.90599690750241 72.835020404309034 37.237595342099667 281.81756632402539 84.745588142424822 42.09645389020443 40.917796768248081 785.08032583445311 46.980076774954796 74.150260340422392 854.73884338513017 27.598913203924894 35.577316343784332 52.088527530431747 314.12791994959116 56.815146777778864 41.669613268226385 28.045855600386858 1699.050431035459 117.33889212086797 39.514637272804976 42.001941084861755 53.415115796029568 148.56653394550085 92.895681902766228 269.1447795778513 213.95939073711634 104.72291618958116 34.582298491150141 131.87275294959545 41.944441072642803 41.9328208938241 109.62530622258782 247.83693728968501 367.86419662460685 37.498626161366701 24.167936399579048 27.094043340533972 55.559627801179886 194.19328583776951 56.47227031737566 69.623460099101067 82.133680790662766 49.95249231159687 43.766818005591631 109.98009300604463 238.6291276216507 79.833258461207151 87.144746456295252 121.26644602045417 36.35660170391202 41.781567461788654 106.3242374882102 69.272310942411423 29.916006986051798 211.03411408513784 34.401295483112335 66.771283373236656 35.18545251339674 48.803129646927118 23.788619615137577 81.065610446035862 96.261530112475157 62.89543179795146 40.834802553057671 268.19514263421297 260.27731448039412 43.385102245956659 38.848984781652689 81.058265723288059 101.84012118726969 105.41966357082129 117.03352988511324 148.68706161156297 99.415113359689713 94.273933924734592 26.844360291957855 68.971586290746927 32.495483566075563 42.901208240538836 36.764606326818466 173.81327626854181 36.212572377175093 40.027450509369373 80.663057990372181 69.079942770302296 40.402080319821835 52.425365634262562 83.955436818301678 59.350524693727493 113.43305181711912 368.02779395878315 321.6621859818697 121.74221272021532 135.34676510095596 62.828905567526817 76.391586139798164 554.68852642923594 1064.64022397995 65.432904545217752 403.16157154738903 952.32582203671336 199.3193701505661 74.324435047805309 198.26682303845882 76.702142633497715 62.29742693528533 38.034618474543095 36.493830688297749 58.219323631376028 38.26419310644269 52.025027312338352 190.5941114500165 737.65190311521292 36.038817126303911 88.689690042287111 99.855102550238371 508.04073108360171 102.59648246690631 82.678957633674145 29.18361534923315 109.09213156253099 164.49423034489155 64.498153038322926 96.692175526171923 50.206141579896212 199.32535957545042 77.550469037145376 130.54351707175374 72.296288419514894 62.243148550391197 39.519379999488592 54.363038100302219
leaf_count=233017 632 10532 485 564 6304 644 6629 944 49553 7710 12926 230 368 24248 1670 1081 3622 407 524 1962 351 2596 979 7959 176 1260 2095 2489 1977 24055 4250 1821 1308 4822 1567 19830 11402 379 124 503 2883 3536 513 546 274 9615 462 440 888 1036 822 889 9609 485 1659 2446 707 997 1431 3934 2424 502 436 617 338 8833 607 515 1351 3899 1949 1381 435 1457 17707 1087 605 317 756 449 1014 486 278 1616 636 215 742 976 1220 484 4322 3569 671 3597 385 1934 7917 395 651 213 379 608 932 586 492 292 953 292 397 325 400 14775 541 753 216 5486 376 587 1085 271 636 1128 884 403 2893 650 618 447 12384 559 935 12799 413 333 540 2513 792 572 225 8989 904 480 481 606 1057 885 1193 1396 737 401 1303 424 414 1565 3805 4842 475 274 256 476 877 488 251 460 755 639 1154 3471 1086 928 848 412 254 588 639 435 1596 228 555 205 652 251 435 708 716 335 4338 3971 456 545 895 771 678 433 1066 1064 857 197 967 222 634 330 2204 396 394 1269 1058 190 548 763 607 1120 2404 2356 694 750 568 626 2950 7583 453 2361 11991 1043 623 920 912 758 383 195 619 419 227 1470 1893 444 1248 1079 6076 1378 327 298 670 948 692 643 525 1272 688 927 456 549 462 393
internal_value=0.0413442 0.00758063 0.0528902 0.0393868 -0.00108993 0.0564997 0.0242865 0.0171156 -0.00438005 0.0454992 0.0512532 0.0283209 0.012151 0.0583701 0.0332487 0.0239766 0.0426287 0.0117938 0.00806229 0.0559074 0.0170565 0.036465 0.0232891 0.0175209 0.0388951 0.0342578 0.0279809 0.0281615 0.0398061 0.00141812 -0.00651609 0.00481663 0.0211618 0.0513568 0.0348841 0.0564072 0.0470455 0.00731554 0.0251358 0.03753 0.0461887 0.0463081 0.0267789 0.0383565 0.0143918 0.0536692 0.0309182 0.0292686 0.0171019 0.0154508 0.0221614 0.00571658 0.0447889 0.0235958 0.0302645 0.0192357 0.039644 0.0201147 0.0233954 0.0222075 0.0265003 0.0147864 0.0173462 0.0349439 0.0372592 -0.0068885 0.036465 0.0245294 0.0169117 0.00477597 0.00414855 -0.00125868 0.014736 0.0240187 0.053806 0.0139716 0.0277598 0.0285207 0.0408579 0.0315231 0.0127018 0.0267133 0.0133639 0.0348146 0.0324363 0.00870979 0.0355657 0.0460667 0.020754 0.0273287 0.0452863 0.0439132 0.0471307 0.00492031 0.0263291 0.0482188 0.0257366 0.0312464 0.0147183 0.0318985 0.0140861 0.0358572 0.0394231 0.0258375 0.00428278 0.00986007 0.0388884 0.0439989 0.0275399 0.0320862 0.0224868 0.0595791 0.0182196 0.0249703 0.0155277 0.0435537 0.0349614 0.0471157 0.0180118 0.0222098 0.0263534 0.0215582 0.0175754 0.020788 0.0237738 0.0365655 -0.00195042 0.0306685 0.00299117 0.00543839 0.00831258 0.00673266 0.00543941 0.0249929 0.0149041 0.0365758 0.0166202 0.02322 0.0297812 0.0416422 0.0291595 0.0205088 0.0219362 0.0278527 0.0318599 0.036064 0.0376344 0.0336922 0.0320254 0.00273384 0.0169121 0.0150566 0.0177897 0.0150229 0.0105081 0.0154447 0.0352584 0.00231074 0.00278794 0.0405506 0.0340959 0.0372581 0.0291586 0.0184399 0.0128879 0.0148885 0.0260322 0.00994806 0.0226437 0.0301071 0.0344372 0.0258467 0.0394103 0.0405347 0.0363217 0.0163254 0.0407884 0.0462177 0.0465148 0.0407728 0.013169 0.0171289 0.0333447 0.0182869 0.0101559 0.0176369 0.00190865 0.00624668 0.0117845 0.0279558 0.0227907 0.0270729 0.0497614 0.0397175 0.033961 0.0238345 0.0288592 0.0202424 0.0125841 0.0260447 0.0113379 0.0234199 0.00806073 0.0122494 0.0370651 0.0132395 0.0220443 0.026099 0.0221192 0.0271935 0.0306898 0.0276937 0.0366906 0.0291529 0.0230193 0.0340338 0.0288942 0.034504 0.0383863 0.0356867 0.042279 0.041658 0.0115898 0.043015 0.04328 0.0349372 0.0154436 0.0199995 0.0224131 0.0297331 0.0297311 0.0345069 0.03327 0.0294191 0.0505719 0.0157972 0.0174615 0.0162386 0.0180811 0.0157198 0.0406317 0.00709525 0.0422915 0.0337092 0.0258347 0.0311736 0.0364287 0.0315025 0.0183928 0.0347034 0.0439422 0.0331904 0.0272133 0.0148464
internal_weight=139053 35435.1 103618 21860.7 23328.6 81757.2 12106.5 6729.21 18687.2 14077.5 21503.6 7783.14 4641.34 60253.6 5377.33 4689.72 9459.96 4544.69 3406.87 19873.1 2085.73 4059.93 1317.4 867.344 4708.23 3309.39 2958.74 2184.52 4475.27 5029.89 13657.4 2539.52 232.964 4617.56 3093.42 18891 8135.96 2458.96 2222.54 2176.92 982.165 4751.72 362.983 3940.36 785.09 5390.91 2206.03 1948.05 1730.97 1557.49 564.417 1930.81 4595.8 1311.86 513.033 798.832 1813.94 1140.04 1234.48 1185.43 746.898 438.535 929.702 872.66 184.249 13203.7 736.204 2190.97 493.079 1845.82 1718.73 3099.08 126.191 899.571 13367.6 727.183 322.092 916.501 1103.36 173.484 749.72 1697.89 476.74 1908.88 1457.34 361.87 357.522 750.546 418.049 130.955 4464.84 3058.64 1548.2 312.087 463.477 2627.06 1625.16 119.315 684.106 81.5457 194.656 371.865 317.697 305.436 453.691 88.3233 383.134 283.188 114.869 675.802 219.891 40380.5 212.085 154.233 56.9562 3219.19 103.132 198.036 389.376 302.312 1589.83 664.592 524.686 451.851 403.801 121.983 2972.89 321.417 2202.28 1417.2 1039.05 964.895 917.915 63.1762 613.139 455.911 337.238 207.589 150.774 2031.49 202.519 691.499 651.985 336.879 283.464 241.462 846.902 577.758 210.34 1566.69 260.313 1901.48 1182.77 950.752 718.708 446.703 78.8392 272.005 100.94 1510.44 457.982 402.423 208.229 138.606 561.051 511.098 153.747 357.351 118.722 375.154 288.009 166.742 78.1382 504.647 386.631 646.944 317.358 82.254 127.293 84.9911 88.6043 48.3431 395.194 240.699 144.437 617.028 1287.38 610.707 342.511 82.2341 122.728 368.013 1165.06 222.453 280.5 131.813 232.023 137.749 110.904 119.661 558.435 115.878 442.556 79.1138 81.9837 192.437 111.774 281.119 240.717 188.292 1322.6 890.755 431.847 831.405 374.396 457.009 260.963 198.134 1703.9 1149.22 105.824 478.708 993.073 257.982 1052.46 272.591 315.105 238.403 81.5418 925.242 260.669 202.45 332.438 280.413 1693.08 85.1796 841.126 799.182 710.492 610.637 296.638 128.44 451.537 1048.48 275.487 210.988 772.991 473.957 114.296 423.751 299.034 134.539 224.426 93.8824
internal_count=780798 513634 267164 130786 391974 136378 121660 80866 330121 61891 62421 68895 61853 73957 40794 46468 47425 60797 48895 34934 25468 27811 12983 10863 27683 24239 26170 20069 25820 81202 248919 38032 1863 14466 22427 31407 31788 35329 21107 15063 3527 19742 3320 23843 10111 11577 17806 16301 20298 18508 5885 29215 20386 13369 4952 8417 11743 12004 12958 12590 7554 5036 10270 6700 1516 241850 5063 20983 5276 27305 26405 51987 1816 8306 30633 8486 3051 7364 6433 1790 9837 15707 5366 12611 10325 4297 3166 3572 4195 969 19417 14313 6596 3812 4593 9644 15192 1102 8823 864 1687 3293 2685 2975 7069 1114 1916 1245 1069 5240 1967 39023 2810 1921 623 15095 1168 1519 4388 3303 14706 6594 5466 4582 3946 1053 50171 2807 33727 21343 15039 14104 13545 746 8024 3273 4305 2484 1692 11232 1784 6849 6369 3029 2423 1942 5173 3980 1734 24456 3032 23952 14205 11770 9747 5668 826 4079 1292 7717 2552 2076 1199 948 7484 6729 1793 4936 1465 3479 2551 1703 666 3440 2823 7399 2184 752 893 707 1037 627 2948 2124 1416 6964 19842 9310 4972 1001 1467 3260 4680 1111 2360 1294 2435 1578 1381 1166 7463 1360 6103 1030 672 2819 1550 2257 2067 1519 9689 6721 2968 6114 3008 3106 1888 1320 11240 8290 902 2968 12623 1505 5165 1543 3340 2428 700 8112 2389 1770 2243 2016 5429 880 10205 9781 8533 7454 1723 1729 2286 7995 2463 1771 5532 3579 1128 3054 1953 1005 1782 855
is_linear=0
shrinkage=0.01


Tree=12
num_leaves=255
num_cat=0
split_feature=7 7 54 56 56 54 6 56 60 0 54 12 6 56 59 19 48 6 49 48 6 9 18 54 62 49 6 62 24 140 48 6 6 2 135 10 33 102 15 10 47 56 7 9 46 54 49 52 82 24 48 60 141 134 20 34 52 114 47 70 38 47 10 46 15 134 114 47 27 127 116 19 114 38 46 49 132 98 127 42 6 34 115 115 56 59 20 47 9 106 68 59 42 47 127 44 50 54 39 24 43 127 133 27 24 19 21 133 7 6 19 28 32 27 47 49 7 38 116 21 49 32 59 43 46 18 56 12 18 10 127 34 56 27 56 27 31 101 28 18 15 20 9 19 21 80 74 127 97 55 27 21 54 132 49 116 26 116 35 34 104 19 134 56 21 133 6 18 130 124 19 114 133 10 42 58 114 6 9 136 114 116 31 27 135 10 42 6 24 32 132 107 18 38 96 33 24 1 7 47 116 115 27 114 115 68 31 42 47 55 49 60 18 33 0 27 3 15 115 54 102 32 48 27 116 1 122 55 49 128 132 27 33 82 49 47 47 50 48 118 101 7 0 126 32 1 27 132 38 43 55 34 50 50
split_gain=498034 49970.6 46870.9 12038.7 7436.34 6585.32 6368.17 2898.11 2712.67 2585.4 2141.27 1922.47 1616.88 1468.62 1421.45 1231.85 1040.45 1026.38 980.477 966.345 918.429 751.861 725.02 649.771 635.198 614.506 579.691 563.194 545.274 545.058 543.659 535.442 532.63 511.44 486.304 483.465 482.48 469.62 460.562 429.77 424.983 421.061 410.695 549.787 407.181 388.599 378.481 400.35 395.425 378.285 372.656 365.066 359.76 356.729 355.17 340.762 350.624 338.82 335.698 331.134 373.001 328.593 327.763 324.683 320.883 311.48 309.173 308.449 301.998 297.28 378.867 304.186 295.539 289.763 303.297 288.028 287.017 284.429 498.356 341.57 284.37 337.44 283.509 427.787 283.111 282.427 295.082 331.348 281.952 318.391 331.791 276.928 299.7 374.775 276.218 275.633 274.958 395.381 274.254 271.124 270.937 270.188 269.389 269.321 339.687 267.327 266.364 265.792 262.933 261.798 261.254 328.027 259.403 293.914 414.939 608.503 413.078 317.278 257.465 252.592 252.037 319.986 301.823 276.679 294.712 290.107 329.466 316.958 289.784 249.178 435.252 248.505 248.064 290.974 266.136 257.549 247.175 246.583 245.042 265.576 244.548 243.592 312.563 242.205 240.851 239.293 350.721 291.152 276.262 337.09 262.966 238.429 240.779 332.813 251.131 391.374 290.702 323.796 236.148 237.665 235.99 301.32 256.742 234.57 233.785 235.943 252.234 239.278 372.335 332.108 277.377 280.543 257.667 288.5 244.346 233.288 298.822 232.867 232.07 231.716 231.148 252.902 230.701 228.576 223.076 263.715 265.19 222.871 222.708 233.71 222.533 222.135 267.577 219.709 219.64 219.13 219.267 218.695 304.605 332.11 215.212 260.561 214.159 265.913 232.542 214.1 213.957 238.786 211.628 210.159 210.059 209.295 336.228 276.063 245.717 207.586 207.457 228.92 207.308 230.346 206.069 205.769 248.348 205.584 204.709 204.115 203.728 235.037 203.552 203.423 203.138 234.356 232.913 203.115 219.078 202.171 201.385 203.713 199.747 199.231 198.639 237.961 198.157 201.046 199.474 197.733 291.094 197.608 294.819 196.542 214.533 205.493 196.187 195.582
threshold=437.13000000000005 2493.0450000000005 189.50000000000003 106.50000000000001 343.50000000000006 28.500000000000004 12470.545000000002 611.50000000000011 20.500000000000004 6.5000000000000009 185.50000000000003 3.5000000000000004 129.81500000000003 82.500000000000014 137.50000000000003 828.84110000000021 131.60263 2356.3100000000004 9.5089120000000005 17601.311000000005 3005.8450000000007 75.830000000000013 14.167809500000002 20.500000000000004 4.5000000000000009 553.05632500000013 1143.3550000000002 3.5000000000000004 1532.5000000000002 1.5000000000000002 34.63343600000001 628.92500000000007 588.62000000000012 2.5000000000000004 2.5000000000000004 445.53500000000003 94.500000000000014 3.5000000000000004 4.5000000000000009 52.840000000000011 747.6232500000001 4.5000000000000009 893.70500000000015 759.05000000000007 48640.098000000005 831.50000000000011 520.85215000000005 2.5000000000000004 9.5000000000000018 2132.5000000000005 5.1759730000000008 15.500000000000002 2.5000000000000004 15.500000000000002 256.26123000000007 13.500000000000002 1.5000000000000002 0.0059065692000000005 7650.0697000000009 3.5000000000000004 444.50000000000006 1724.0956500000002 79.895000000000024 31255.017500000005 1.5000000000000002 69.500000000000014 0.032619320000000007 1202.7349000000002 1077.5000000000002 38.500000000000007 0.011865747500000001 67.266995000000023 0.0073785921500000009 132.50000000000003 3081.4158000000002 186.17001000000002 49.500000000000007 6.5000000000000009 56.500000000000007 137.50000000000003 970.72000000000014 46.500000000000007 0.033507415000000006 0.06813416500000001 3586.5000000000005 4.5000000000000009 557.10000000000002 1774.6262000000004 99.935000000000016 3.5000000000000004 1.0000000180025095e-35 169.50000000000003 78.500000000000014 1627.5952000000002 89.500000000000014 5.5000000000000009 5.5000000000000009 114.50000000000001 223.50000000000003 2246.5000000000005 33.500000000000007 62.500000000000007 93.500000000000014 1105.5000000000002 594.50000000000011 145.29600000000002 2254.5000000000005 95.500000000000014 1234.0700000000004 1572.8950000000002 12.922500000000001 539.50000000000011 1221.5000000000002 996.50000000000011 5350.3685000000014 893.64571500000011 1178.9400000000003 73.500000000000014 0.0066675558500000004 196.50000000000003 40.109876000000007 280.50000000000006 1.5000000000000002 11.500000000000002 16585.167000000005 148.57958000000005 30.500000000000004 5.5000000000000009 106.58283250000001 67.705000000000013 62.500000000000007 226.50000000000003 451.50000000000006 782.50000000000011 207.50000000000003 707.50000000000011 957.50000000000011 2.5000000000000004 85.500000000000014 29.901211000000004 11.500000000000002 73.504445000000018 149.92000000000004 115.38973000000001 1801.5000000000002 6.5000000000000009 29.500000000000004 35.500000000000007 1.5000000000000002 806.50000000000011 1077.5000000000002 150.50000000000003 421.50000000000006 27.500000000000004 8.1727440000000016 0.0051819863500000016 4.5000000000000009 0.0012972318500000001 49.500000000000007 59.500000000000007 1.0000000180025095e-35 41.33764200000001 85.500000000000014 123.50000000000001 1489.5000000000002 39.500000000000007 105.72000000000001 40.585981000000011 62.500000000000007 1.5000000000000002 71.401110000000017 0.0080554465000000023 59.500000000000007 11.995000000000003 15.500000000000002 40.500000000000007 0.01284483525 4317.7650000000003 159.82500000000002 2.5000000000000004 0.058472339000000005 0.0095259700000000017 838.50000000000011 381.50000000000006 2.5000000000000004 674.3950000000001 221.50000000000003 3157.1100000000006 2132.5000000000005 659.50000000000011 39.500000000000007 1.5000000000000002 54.816333000000007 88.500000000000014 2.5000000000000004 58.500000000000007 41.500000000000007 4.5000000000000009 382.89500000000004 153.320435 0.015505948500000002 0.053574640000000014 859.50000000000011 0.082214185000000009 0.10169691000000002 1.5000000000000002 357.50000000000006 4.5000000000000009 1109.7736000000002 58.500000000000007 2294.1268000000005 12.500000000000002 79.90206000000002 227.50000000000003 17.500000000000004 1125.5000000000002 6.5000000000000009 8.5000000000000018 0.07466142000000002 67.500000000000014 1.5000000000000002 798.50000000000011 843.74747500000012 640.50000000000011 0.013495542500000001 2.5000000000000004 2.5000000000000004 876.50000000000011 5777.0840000000017 48.500000000000007 91.500000000000014 699.50000000000011 54.500000000000007 4.5000000000000009 2.3964910000000006 630.08422000000007 465.29189000000002 2.5000000000000004 240.70589500000003 0.0010395910500000003 1.0000000180025095e-35 893.70500000000015 24.500000000000004 2.5000000000000004 1363.5000000000002 5.5000000000000009 658.50000000000011 70.500000000000014 54.500000000000007 94.500000000000014 806.50000000000011 138.50000000000003 4.5000000000000009 31.500000000000004
decision_type=2 2 2 2 2 2 2 2 2 2 2 2 2 2 2 2 2 2 2 2 2 2 2 2 2 2 2 2 2 2 2 2 2 2 2 2 2 2 2 2 2 2 2 2 2 2 2 2 2 2 2 2 2 2 2 2 2 2 2 2 2 2 2 2 2 2 2 2 2 2 2 2 2 2 2 2 2 2 2 2 2 2 2 2 2 2 2 2 2 2 2 2 2 2 2 2 2 2 2 2 2 2 2 2 2 2 2 2 2 2 2 2 2 2 2 2 2 2 2 2 2 2 2 2 2 2 2 2 2 2 2 2 2 2 2 2 2 2 2 2 2 2 2 2 2 2 2 2 2 2 2 2 2 2 2 2 2 2 2 2 2 2 2 2 2 2 2 2 2 2 2 2 2 2 2 2 2 2 2 2 2 2 2 2 2 2 2 2 2 2 2 2 2 2 2 2 2 2 2 2 2 2 2 2 2 2 2 2 2 2 2 2 2 2 2 2 2 2 2 2 2 2 2 2 2 2 2 2 2 2 2 2 2 2 2 2 2 2 2 2 2 2 2 2 2 2 2 2 2 2 2 2 2 2
left_child=2 3 5 10 9 12 8 17 15 13 18 16 36 32 27 24 96 25 42 34 29 33 -11 -20 85 88 54 140 -28 45 50 46 61 75 39 51 95 -10 80 145 49 -18 230 141 68 57 48 245 -24 239 109 -9 65 -36 138 -33 69 -12 -39 132 -61 151 100 64 -63 129 -35 200 77 70 -57 190 -59 74 -47 226 -62 79 108 120 164 197 -34 -84 102 99 -87 -88 89 90 179 92 93 -55 184 -1 195 -98 -41 177 -42 -99 143 104 -64 -85 163 110 -79 218 -77 160 113 116 115 117 216 188 208 -97 121 144 -123 125 -125 126 -122 -127 -128 183 236 -78 134 -134 135 -27 -50 -21 139 -14 -8 -44 -143 -37 -25 148 -147 -148 149 194 -149 -4 -153 -154 155 156 157 -155 159 235 162 -162 -112 -17 165 -32 -167 169 170 -168 171 -169 -173 -174 -172 176 -118 -3 -178 -5 181 -163 -31 -43 185 186 215 210 189 -115 -71 192 -150 -114 -6 -7 -197 198 199 -82 201 -22 -90 204 -204 225 207 -54 -106 -124 -53 213 -213 214 -192 242 217 -74 219 -13 -195 -58 -223 -100 253 -66 227 -15 -104 -30 231 -2 -233 -144 -235 -138 -131 -238 -161 -23 -119 -242 244 -244 -19 246 -48 248 -40 250 251 -186 -203 -188
right_child=1 6 4 7 19 11 14 35 37 22 20 30 26 21 -16 106 41 94 23 137 67 40 31 44 -26 59 28 -29 229 182 38 55 82 66 53 84 -38 58 247 98 62 52 43 -45 -46 73 47 -49 136 -51 -52 187 206 91 -56 56 221 72 -60 60 76 63 103 -65 205 -67 -68 -69 -70 71 -72 -73 112 -75 -76 107 131 78 -80 -81 81 -83 83 105 -86 86 87 -89 202 -91 -92 -93 -94 -95 -96 119 97 101 223 -101 -102 -103 228 -105 118 -107 -108 -109 -110 -111 111 -113 193 114 -116 -117 175 240 -120 -121 123 122 209 124 -126 127 128 -129 -130 130 -132 -133 133 -135 -136 -137 158 -139 -140 -141 -142 142 233 -145 -146 146 147 150 191 -151 -152 152 153 154 -156 -157 -158 -159 -160 238 161 180 -164 -165 -166 166 167 168 -170 -171 174 172 173 -175 -176 -177 178 -179 -180 -181 -182 -183 -184 -185 249 -187 224 -189 -190 -191 211 -193 -194 220 -196 196 -198 -199 -200 -201 -202 252 203 -205 -206 -207 -208 -209 -210 -211 -212 212 -214 -215 -216 -217 -218 -219 -220 -221 -222 222 -224 -225 -226 -227 -228 -229 -230 -231 -232 232 -234 234 -236 -237 237 -239 -240 -241 241 -243 243 -245 -246 -247 -248 -249 -250 -251 -252 -253 -254 -255
leaf_value=-0.0078201223149228314 0.0040921932183751921 0.020609477005015361 0.023711833338675763 0.025224780010807506 0.024294570227770478 -0.0055090399124628356 0.047452680054465866 0.027657647904561662 0.049160843829816496 0.05222760880622266 0.00063950493028017618 0.0018417215927184821 0.032142950649055292 0.0068935413605779707 0.056883155096298731 0.0031142111621394208 -0.0027538603362464546 0.040952169411363357 0.0059524640590144454 0.03803507259709054 0.023064087704191036 0.021242141199320514 0.040665068963644926 0.0047708707383785874 0.048404986738653601 0.017115276244042878 -0.00083489679208027139 0.054550621085786857 0.052058271644410146 0.050116106647017197 0.0035053751766918602 0.052702353996385752 -0.0055934156393306405 0.05595709090114178 0.0017820257024723622 0.045913487031201815 -0.0020113373725204266 0.050224193693750072 0.038659858992211096 0.044117190798175387 0.029161252598690485 0.00044680772873481985 0.01729367064889439 -0.0059381108202801883 -0.0031092616235273546 0.023915382181298996 0.06885722028638229 0.014280666978210663 0.0012465320168643225 0.043986631673963689 -0.0022908548274120609 0.039262429957181898 0.0054670470605778865 0.014865320980113948 0.028868187145126321 0.026851494263266145 0.041420486861596419 0.045429246785496064 0.054238412082019377 0.0465346857768692 0.044758704743186557 0.011544856213292154 0.039181028862158448 -0.0045269402079532494 0.034633567372851767 0.00092960990634820501 0.016526926235520416 0.042398001984872841 0.038434403036211491 0.036307090156394842 0.063725777262899588 0.029632030730953419 0.019107553783029307 0.02628185785299994 0.044504434969099407 0.025275546019083887 0.0018503468735402784 -0.0024715088910587293 0.036353701072753673 0.060109559460338975 -0.00012809385878748074 0.0033860025147776124 0.037684107164363691 0.0043873318378413141 0.055622261529170575 0.044266229079600594 0.041051811399688456 0.0094100689998856488 0.030585894056921022 0.0084498122396924752 0.039463488864229741 0.053860687112095559 0.011404324537155196 0.039552901209501487 0.026904000248375665 0.036645619408982547 -0.00016150786743199673 0.012998192137901517 0.037774280175480644 0.05636028852740118 0.051510732010429758 0.05485022881528754 0.021923120567645053 0.0499616402064577 0.030803516177628189 0.03449203408321963 0.039311657235326217 -0.0063617776800109736 0.022780323019989362 0.034995061096162558 0.00087977078325366775 0.046706840398406231 0.020543633576853789 0.044987900766984758 0.00020043289442928547 0.065963964530787178 0.010489667960201805 0.0023817026392687173 0.029958852010770143 0.00024077999214709012 0.00049786506298721527 0.020649741164558675 0.053682020306504395 0.026715636085803154 0.053186834780477546 0.0098241310246392991 0.034907284848640925 0.035985178245828676 -0.00081564647241626003 -0.0097006556709921723 0.055040654278486388 0.031058169207656236 0.03629697636588259 0.013043453488977976 0.041383246384682243 0.0360370701162245 -0.0043849480241732637 0.053159054843734906 -0.0014903323173213617 0.0044690905697262794 0.052385749446080779 0.058101261515081853 0.0028995260624847191 0.053089628885298799 0.037411705907395398 0.049801221976901823 -0.0032885396023354407 0.028453168240568837 0.013832099178054438 0.04058811958659056 0.00038400476025875793 0.0019048286538018593 -0.010268000400740791 0.039345291008582875 0.0070723408639467716 0.044727632368427174 -0.0069049808293191739 -0.0039393768357618379 -0.0020700256934952687 0.046955243288692772 0.0039248956370611732 0.002841159285670844 0.027301674453560021 0.029386699534819712 0.0078229552578222682 -0.0062226435726406987 0.035028900370861767 0.041152085715379663 -0.00077381060683114414 0.0032883230870957114 0.013394072162403389 -0.0019179030904293013 0.0044286277600655592 0.0460996949355005 0.042663976844716088 0.01962275557555479 0.018187083600566617 0.036839088529299596 0.041753023923318637 -0.0025814251265076967 0.051221063728714301 0.037643387690484351 0.029278403671543753 0.011033662281901063 0.039055691838600151 0.051116695121532295 0.027573664442143712 0.049133678605996385 0.017193847954926757 0.018324743853158808 0.010265453997916332 0.044192011606728442 0.039298376976687102 0.050898771567150315 -0.0066450099152588716 0.027332284712766559 -0.00046790197919644854 0.0038406166500655255 0.054315005716830123 0.029955514616010037 0.016371884532586149 0.043110981259994546 0.042456078924072785 0.019742678941056052 0.027654076602512245 0.04852789035166518 0.0096617982395750812 0.040657071097905846 0.0038986267783125794 0.029410486576163408 0.046157506940402979 0.0054391962495587629 0.042179912222370664 -0.0012939934780272866 0.038567588101965034 0.049895400058493057 -0.0010026192629961849 0.04326218875622017 0.000740596351047291 0.027331796413210013 0.026743353770463125 0.043884956616321642 0.015724979611504854 0.01427070096700795 0.054109804358906388 0.0064243075420134113 0.026767248956068364 0.038083013724795202 0.04536235916465009 0.022236003013234678 -0.0063896507035356397 0.02947853869396054 0.010493288297559982 0.037920147754941243 0.0090173769906469053 0.021285951205213292 0.036015232075804253 0.0001471543022146904 0.019455286242587713 -0.0022795050887013404 0.0052567904949706382 0.037878652284354282 0.052703557005746478 0.040775099558448262 0.026814231342115351 0.022223552705539752 0.02958662265817865 0.054786046273589885 -0.00020378550893668742 0.026315377809311351 0.049340268390490626 0.019171464596447786 0.028112259454729196 0.040703254882897867
leaf_weight=10711.702592846006 279.88781310245395 125.07635662704706 65.623536169528961 117.80940513685346 46.565884526818991 1182.7808982133865 1933.2278673052788 133.3443129658699 5244.3845085948706 112.97136622667313 52.422022394835949 60.592407450079918 37.935196749866009 619.9763398617506 36286.071234114468 97.208676677197218 354.72539179027081 711.39231876283884 155.51334720849991 192.46969266235828 156.38631966710091 56.157307013869286 49.245893646031618 58.161979526281357 3603.6471906602383 113.61868877336383 94.89107882976532 17717.632924936712 32.598682012408972 172.49277609214187 139.74258299916983 63.708248309791088 33.561401356011629 49.037217617034912 59.248433507978916 1227.6746695190668 1778.4947954155505 3621.2905859947205 51.290780201554298 772.04319225996733 121.6348755992949 262.18390816822648 245.38233848661184 66.698147542774677 41.627080172300339 104.40195398032665 42.707716681063175 102.38488067686558 165.24953932315111 32.00395380333066 368.85166797414422 920.82120210677385 27.40259263664484 100.20761978626251 41.228357367217541 100.44479644671082 281.09893293678761 83.1449174284935 8037.5910006612539 888.27195736765862 91.882748998701572 317.37721194699407 93.631152875721455 77.439073301851749 52.65413124114275 503.82585378736258 37.804784595966339 873.90242808312178 257.87329008057714 50.582156412303448 41.563356522470713 333.39601717889309 1088.9041102416813 291.8834323734045 334.48631206154823 430.62415996193886 46.099686942994595 112.21652710437775 83.16876683011651 32.943824231624603 44.449476044625044 85.861670900136232 131.93279177322984 110.50061426311731 906.03371898829937 3214.419271029532 83.713381253182888 57.889738455414772 1143.4298756718636 101.79652555659413 157.4517711289227 38.563979245722294 115.29609254002571 181.34773866832256 127.95589642971754 21.089512143284082 133.59806713089347 44.184380508959293 105.40235505998135 62.209382899105549 124.3208195567131 24.121352221816778 77.247695595026016 41.271756060421467 35.332255836576223 39.136755432933569 50.297853369265795 39.776334669440985 62.360209807753563 42.067263379693031 209.94603750854731 27.733473148196936 76.754005268216133 194.17859163507819 40.476583682000637 52.335375867784023 48.818205110728741 56.718289740383625 96.394533701241016 112.62893870845437 135.22405131533742 67.077723544090986 136.92851502075791 318.45382334291935 51.164736859500408 73.450734902173281 72.464828960597515 139.73877187818289 31.764597292989492 27.743826791644096 31.018987096846104 82.194619596004486 118.54034756869078 106.63422343879938 727.29178594052792 244.18792910501361 51.23523772880435 414.2623493000865 1842.2973334267735 284.30459655448794 3589.15419703722 38.455878980457783 32.523560933768749 1110.4269367158413 36.650732338428497 48.957319103181362 42.096277855336666 240.74812219291925 73.203217703849077 61.05771940946579 39.600979179143906 1126.676637083292 66.40271683037281 47.60832554101944 258.68453985825181 53.927784033119678 46.949137695133686 25.395562786608934 54.237309359014034 46.309660706669092 72.038208764046431 43.944501731544733 42.858713980764151 51.58531991392374 797.68496921658516 39.278808258473873 160.24141822010279 28.011250410228968 109.65041991323233 42.821167279034853 49.686700288206339 106.53176874667406 39.511742357164621 28.090979941189289 79.193014021962881 169.51403973251581 56.660973206162453 454.33081391453743 270.36876947432756 38.663199760019779 35.491458773612976 39.643217731267214 97.827646896243095 951.42945175990462 768.89336553215981 549.37361080944538 272.39834538847208 1280.2124177366495 58.712682370096445 45.878586359322071 115.41498389840126 330.89405509829521 108.72310692816973 107.98967918753624 41.473171815276146 26.792516387999058 1930.3555974811316 40.839995123445988 40.837996412068605 191.47045969963074 76.979419387876987 337.03049989044666 606.56870277225971 83.467365905642509 153.70337878912687 42.416777290403843 81.96203376725316 76.383514706045389 144.31250460445881 63.41918995603919 1293.7561671063304 45.845378138124943 56.341066308319569 130.08821643516421 41.888202726840973 631.83363188058138 47.613904625177383 40.92519872635603 161.18367159739137 87.686275135725737 67.878301419317722 48.951111502945423 96.699309218674898 65.086391612887383 64.2707479596138 52.388333316892385 64.135114826261997 23.466629777103662 90.696177318692207 96.586316734552383 76.226534564048052 98.099755622446537 201.74169354513288 112.08871684968472 37.289977267384529 70.485024526715279 37.831082068383694 27.245656300336123 74.785866316407919 92.012077126652002 36.855416089296341 61.431124091148376 338.59734389185905 372.05128417909145 140.26711674779654 44.942450698465109 44.10722591727972 33.458414819091558 29.965262167155743 133.66602679342031 234.74828296154737 64.238948546350002 147.79163333773613 247.66726349294186
leaf_count=199655 3914 1020 802 1024 425 20819 5704 850 13598 630 616 932 439 8333 31821 1049 5993 3553 2035 989 1162 603 446 736 10352 1008 1412 24814 258 963 1963 380 463 323 636 3939 30659 8243 448 3984 1090 3947 2699 864 515 856 211 1004 2148 245 5668 4471 409 1010 484 873 1912 564 12889 3899 378 4209 645 1144 511 7650 381 4347 1984 405 170 2905 10793 2237 1944 4570 407 1447 657 161 613 1110 1171 1408 1740 12454 362 410 8152 1027 1123 149 1056 1168 831 237 2194 640 562 226 776 238 475 235 314 349 298 559 533 380 2712 217 691 1281 450 202 472 627 787 1861 1740 734 914 2918 298 911 619 1078 388 425 226 465 661 830 4005 1642 733 1148 30824 4305 6562 213 402 2840 319 256 476 1857 722 387 420 17003 1057 505 3518 531 753 388 694 361 904 544 425 330 10928 608 1697 288 1598 592 644 1553 556 252 757 1420 525 2441 1733 455 232 338 724 13509 3954 1780 1610 3867 547 434 1297 1981 723 622 522 366 32059 501 267 1898 614 1833 3461 661 1112 313 1146 786 1600 565 4545 503 385 1619 298 2414 539 262 2472 1079 555 351 919 502 190 649 696 182 316 1097 1161 1074 2528 883 398 748 351 362 780 1226 403 421 1220 1761 869 421 410 212 383 779 781 422 1011 1135
internal_value=0.0397334 0.0501579 0.00637475 0.0377008 0.0239928 -0.00142594 0.0538377 0.042655 0.0495453 0.0185403 0.0279132 0.00556324 -0.00541155 0.0145922 0.0556172 0.0446108 0.00221448 0.039012 0.0213121 0.0370576 0.0318222 0.0199241 0.0274448 0.0257233 0.0452569 0.0357096 0.00205395 0.0536354 0.0173058 0.0290097 0.0122576 0.0260917 0.00919291 0.016123 0.0342019 0.0475462 -0.0068494 0.0518163 0.0147896 0.0364597 0.0277403 0.00726258 0.0141078 0.0206411 0.0274415 0.0278754 0.0191045 0.0296708 0.014152 0.0138154 0.00470664 0.0448507 0.00902136 0.025053 0.000485769 0.0297579 0.0285846 0.0260319 0.0530013 0.0393428 0.043554 0.00745565 0.0314908 0.0142304 0.0173827 0.00765796 0.0396631 0.0382347 0.0281838 0.0249384 0.0384485 0.0223526 0.0265381 0.0344767 0.0397601 0.0148312 0.0311733 0.0263356 0.0164779 0.0283839 0.0136495 0.0212064 0.0213498 0.0246133 0.0503814 0.0423937 0.0436212 0.028497 0.0320187 0.0241711 0.0291517 0.0281741 0.0253953 0.0309685 0.0424119 -0.00764133 -0.00138255 0.00986335 0.0414841 0.0358422 0.0408227 0.0290599 0.0484398 0.0257107 0.022722 0.0126781 0.0196903 0.0184714 0.00664787 0.0120486 0.0195889 0.014291 0.0258758 0.0247407 0.0312738 0.0337287 0.0226284 0.0297158 0.0168615 0.00651149 0.0273933 0.0345418 0.0401908 0.0241558 0.0306734 0.0187001 0.0109344 0.0271934 0.024116 0.0101799 0.0236625 0.0208292 0.0357116 0.0255408 0.0377622 0.0301849 0.0111432 0.0485185 -7.63706e-05 0.00793597 0.0506784 0.024478 0.0322057 0.0493684 0.018004 0.0317957 0.0249748 0.0208908 0.0355212 0.0228357 0.0245545 0.00526329 0.0044842 0.0102576 0.0134643 0.0227282 0.0121845 0.0244512 0.0165701 0.0207575 0.012043 0.0203973 0.00557753 0.0125579 0.011738 0.0154934 0.0179141 0.0194171 0.0151077 0.0284817 0.0203714 0.0127747 0.00773768 0.022715 0.0318331 0.0299029 0.0343846 0.0334358 0.0378358 0.0183451 0.0300504 0.0199576 0.0428822 0.00875925 0.0428357 0.0442772 0.0428855 0.0454877 0.0357978 0.040127 0.0167071 0.0390869 0.0293675 0.0357589 0.00978473 -0.00211469 -5.47114e-05 0.0259415 0.029116 0.024292 0.0330511 0.0349808 0.0336294 0.0376601 0.0395571 0.0295581 0.0222576 0.0317394 0.00952619 0.046415 0.0433331 0.0139643 0.0262132 0.00942343 0.0182544 0.0445772 0.0192055 0.0200662 0.0086926 0.0171452 0.0420375 0.0362313 0.0257231 0.029129 0.0363858 0.0210409 0.00993227 0.00816101 0.0350249 0.0305165 0.00874286 0.0107649 0.016892 0.0261044 0.0309856 0.0105034 0.0121313 0.0215996 0.0306452 0.00673296 0.0176223 0.0260946 0.0423589 0.0466046 0.0387037 0.0411628 0.0501335 0.0342402 0.0245472 0.0387679 0.0402651 0.0375841 0.0386936 0.0339774
internal_weight=143219 109118 34100.5 24888.5 10464.2 23636.3 84229.7 16519.2 24703.6 7386.91 8369.36 8582.59 15053.8 5122.22 59526.1 7800.38 5723.59 9478.97 3118.6 3077.25 5250.76 2573.55 2264.68 1930.2 7601.29 4821.61 2429.84 23240 224.076 3658.67 2859 2151.71 2548.68 1736.48 2470.52 7040.21 12623.9 16903.3 2138.62 1975.85 837.071 2381.75 1188.39 532.439 1774.69 3388.35 745.691 234.142 511.549 180.173 720.381 3628.13 2027.03 494.664 2205.77 1406.02 1342.31 2657.58 11658.9 2418.72 1108.45 2233.54 656.898 542.276 464.836 1841.28 86.842 1592.09 1733.06 915.564 142.008 773.556 2605.16 730.772 438.888 1649.63 220.177 1475.19 257.746 1217.44 2023.9 403.46 315.132 281.57 3412.08 3997.64 3356.02 141.603 2402.89 415.721 313.924 435.415 396.851 281.555 4657.35 10845.4 3341.83 201.904 942.532 641.617 245.956 68.3057 2506.05 410.942 369.67 149.637 199.092 942.056 174.577 351.53 902.28 471.656 2522.01 2269.39 546.587 506.11 1722.81 453.775 276.039 133.718 1184.5 362.238 267.425 822.262 369.619 452.643 239.453 213.19 104.229 1337.45 123.84 128.294 1310.27 225.175 1085.1 357.807 462.303 606.732 2164.54 322.24 5522.38 465.74 220.358 2338.1 94.8127 1033.32 371.403 322.445 661.917 149.097 280.349 1691.27 1625.64 498.968 432.565 173.881 119.953 73.0039 297.053 242.816 443.922 191.117 252.805 148.794 1620.44 822.76 683.017 643.738 440.676 203.063 331.025 202.146 174.134 67.6027 128.88 545.362 375.848 579.407 327.03 156.473 119.079 83.5877 270.32 1213.61 4529.4 3327.85 2778.48 3494.79 298.77 240.057 440.16 512.82 181.926 252.622 88.0391 3139.93 1957.15 317.598 276.758 235.92 718.188 641.208 1987.17 843.739 760.272 147.459 185.748 103.786 179.645 200.348 2214.58 389.578 102.186 287.391 157.303 2194.14 1177.44 1129.83 309.462 148.279 175.868 426.749 145.65 170.489 584.336 105.042 707.578 643.443 167.944 129.185 655.956 579.729 299.841 181.902 149.379 121.72 92.8206 65.0767 121.096 148.169 155.005 98.2865 1562.31 710.649 851.659 131.757 86.8149 114.714 81.256 1201.55 1067.88 833.132 484.822 520.066
internal_count=780798 278761 502037 146188 102287 399750 132573 74652 63672 83314 71536 128519 271231 62711 68901 28942 91120 51609 32688 18973 38848 27937 20603 18552 27265 30310 38819 37080 2767 29881 37399 19973 34774 20416 16836 23043 232412 34730 26868 12817 7521 34804 14136 5459 16517 28194 7956 2046 5910 2074 10531 13733 28811 4019 36052 12017 11637 23157 21132 13295 5149 31383 5447 6826 5682 26470 704 8967 16002 8455 1043 7412 22541 5037 2800 19712 1250 14018 2637 11381 25825 4389 3391 2928 9310 16913 13226 772 17015 3629 2602 3383 3234 2178 21299 201753 56316 3072 5048 3687 1866 878 7570 3581 3346 1757 1677 10501 1980 4863 9942 5372 21977 20109 4365 3915 15744 3713 2701 2098 11220 3268 2213 7952 3216 4736 2747 1989 1007 18820 1364 872 8146 1491 6655 2650 5464 2137 35568 4744 12266 4595 1896 6779 1055 7769 3009 2753 4760 1334 2277 24557 23755 6752 5695 2177 1646 893 3316 2622 5155 2018 3137 1379 21436 10508 8545 7937 5648 2289 4050 2649 2361 808 1401 4150 2730 3461 2258 1479 1114 882 1687 17456 20468 14532 12752 12883 2262 1715 4507 3426 1445 1868 947 53244 32425 3279 2778 2511 4620 4006 13386 5234 4573 1473 2341 1195 1914 1479 9016 4102 888 3214 1595 9817 11594 11055 4483 2011 1177 3182 1270 1064 2935 1160 9211 8515 791 1355 8677 7516 3602 1683 1281 1481 1138 713 1141 1829 1451 824 7403 2981 4422 1042 621 1043 831 5936 5157 4376 2844 2745
is_linear=0
shrinkage=0.01


Tree=13
num_leaves=255
num_cat=0
split_feature=7 7 54 55 55 54 7 56 55 52 44 54 15 7 7 7 9 49 7 28 19 52 49 58 61 59 11 18 33 73 58 46 24 58 129 128 50 21 29 130 46 7 42 47 49 98 28 122 9 120 139 45 120 54 29 9 36 19 86 129 90 66 33 124 127 56 21 54 4 37 50 33 33 18 47 117 59 87 127 55 19 8 103 2 55 55 40 9 24 33 109 18 115 24 115 44 47 37 136 134 132 61 58 21 29 130 118 7 51 24 56 66 107 115 24 58 58 45 117 32 47 114 56 18 138 139 11 40 59 46 7 130 21 61 8 30 9 7 18 7 39 134 56 46 19 36 28 24 115 49 54 21 38 86 49 28 8 126 59 135 132 58 86 56 132 47 19 117 24 115 53 38 25 9 124 129 18 138 118 11 136 117 24 88 114 114 24 30 32 31 134 50 29 30 118 54 18 19 7 41 7 134 115 80 44 29 114 115 134 8 124 55 55 117 18 115 47 40 18 117 29 115 115 8 18 18 36 41 50 55 49 24 2 115 43 58 24 9 132 118 135 58 38 16 50 54 7 9 19 19 39 9 43 9
split_gain=456541 48148.5 41645.3 11946.5 6760.25 6141.94 5856.63 3806.84 2239.37 1770.74 1470.94 1419.84 1374.06 1357.02 1258.68 1159.26 919.01 913.795 763.188 707.93 701.358 682.423 658.636 653.948 606.155 599.478 597.669 540.51 533.944 499.788 476.71 458.599 452.665 434.088 464.172 422.242 404.572 380.314 434.569 379.24 409.116 376.165 374.943 374.424 360.697 394.169 357.561 345.875 345.084 372.132 342.539 341.607 337.84 337.49 333.966 331.908 329.676 328.822 327.971 333.233 352.674 331.925 320.661 378.282 319.459 312.771 310.96 308.606 307.883 322.837 324.609 304.918 303.441 300.32 296.173 293.984 289.094 288.227 325.04 287.53 284.973 316.181 282.882 281.597 284.476 355.418 274.395 272.609 271.98 268.119 266.466 338.164 261.885 278.001 261.368 257.246 256.318 270.124 255.912 255.046 254.616 251.455 324.719 249.288 248.738 248.695 246.232 241.971 268.086 241.06 248.363 239.924 237.795 259.183 237.646 236.634 235.589 233.928 255.699 232.722 231.403 259.835 227.039 502.59 344.81 245.702 225.471 225.245 248.071 224.955 224.18 417.455 223.091 221.436 220.317 267.332 218.101 324.238 366.09 217.906 217.407 219.599 236.33 215.902 271.14 244.319 286.71 215.153 214.703 214.699 213.046 298.387 318.904 306.907 212.701 212.578 284.27 217.089 211.576 264.058 249.271 364.47 210.256 227.903 209.493 228.606 297.237 235.775 212.193 209.358 208.555 205.074 261.031 236.167 203.921 202.903 210.162 223.385 206.439 201.698 200.918 200.903 200.617 200.447 367.394 426.026 318.583 277.288 365.202 261.392 245.337 250.18 234.362 212.326 335.112 302.839 211.867 209.679 218.225 264.031 285.216 200.099 198.966 197.973 216.481 214.501 197.763 197.654 197.355 197.657 228.697 324.347 233.872 252.938 238.857 216.199 197.103 242.062 412.396 281.448 257.518 247.841 307.467 279.223 263.333 665.945 349.81 237.02 204.436 196.782 196.197 195.991 195.641 235.278 317.177 224.987 213.708 193.152 192.972 333.912 192.875 245.831 204.315 198.907 191.585 190.701 189.848 188.911 195.386 213.038 187.071 186.809 186.772 215.808
threshold=399.03000000000003 2493.0450000000005 189.50000000000003 138.50000000000003 303.50000000000006 28.500000000000004 6669.4150000000009 567.50000000000011 434.50000000000006 14.500000000000002 4.5000000000000009 39.500000000000007 11.500000000000002 124.93000000000002 803.35000000000002 131.29000000000005 144.715 134.57002500000002 1061.5100000000002 300.50000000000006 828.84110000000021 29.500000000000004 325.57108500000004 49.500000000000007 34.500000000000007 147.50000000000003 9.9100000000000019 314.64317500000004 94.500000000000014 1.0000000180025095e-35 82.500000000000014 662.97450000000015 2070.5000000000005 274.50000000000006 89.500000000000014 88.500000000000014 1863.0000000000002 2272.5000000000005 87.500000000000014 90.500000000000014 4837.2883500000016 723.65500000000009 566.50000000000011 16.820789500000004 8.5992055000000018 2.5000000000000004 12.500000000000002 1.5000000000000002 72.935000000000016 1.5000000000000002 1.5000000000000002 20.500000000000004 1.0000000180025095e-35 498.50000000000006 82.500000000000014 447.61000000000007 26.500000000000004 578.26030000000003 26.500000000000004 49.500000000000007 2.5000000000000004 7.5000000000000009 192.50000000000003 1.0000000180025095e-35 86.500000000000014 72.500000000000014 2300.5000000000005 1983.5000000000002 4.5000000000000009 33.500000000000007 25.500000000000004 94.500000000000014 170.50000000000003 200.53871000000001 411.62286000000006 0.026123823500000004 17.500000000000004 2.5000000000000004 28.500000000000004 10.500000000000002 54.101765000000007 138.69500000000002 1.0000000180025095e-35 1.5000000000000002 15.500000000000002 5.5000000000000009 176.50000000000003 222.92500000000004 2116.5000000000005 263.50000000000006 1.5000000000000002 160.04747000000003 0.07508682500000001 2179.5000000000005 0.10910054000000001 5.5000000000000009 7650.0697000000009 1.5000000000000002 2.5000000000000004 13.500000000000002 11.500000000000002 1.0000000180025095e-35 7.5000000000000009 196.50000000000003 251.50000000000003 51.500000000000007 0.00050231063500000013 4138.0550000000012 69.500000000000014 2283.5000000000005 35.500000000000007 1.5000000000000002 2.5000000000000004 0.022557412000000002 546.50000000000011 1.5000000000000002 151.50000000000003 3.5000000000000004 0.0086219430000000017 471.50000000000006 1824.0908000000002 0.022341720500000006 9.5000000000000018 146.89585500000001 2.5000000000000004 3.5000000000000004 5.8400000000000007 13.500000000000002 62.500000000000007 4709.9150000000009 244.74000000000004 36.500000000000007 1692.5000000000002 1.5000000000000002 89.905000000000015 3519.5000000000005 154.70500000000001 564.93500000000006 41.298107500000008 2045.6450000000002 468.50000000000006 67.500000000000014 23.500000000000004 442.99090000000007 12.922500000000001 5.5000000000000009 97.500000000000014 2007.5000000000002 0.013423714000000002 1548.8736000000001 283.50000000000006 1282.5000000000002 31.500000000000004 16.500000000000004 624.72675000000015 5.5000000000000009 249.79500000000004 2.5000000000000004 10.500000000000002 2.5000000000000004 67.500000000000014 3.5000000000000004 3.5000000000000004 6.5000000000000009 79.500000000000014 667.92163500000004 66.566458000000011 0.046571373000000006 1613.5000000000002 0.10312288000000001 31.500000000000004 77.500000000000014 5.5000000000000009 58.220000000000006 1.5000000000000002 92.500000000000014 133.68210000000002 1.5000000000000002 0.00032865166000000003 15.835000000000003 2.5000000000000004 0.034014586500000006 1797.5000000000002 5.5000000000000009 0.033727672000000007 0.023061544500000006 1856.5000000000002 3618.5000000000005 891.50000000000011 1017.5000000000001 48.500000000000007 8.5000000000000018 10.500000000000002 1158.5000000000002 0.017483590000000004 96.500000000000014 203.42385500000003 119.00107000000001 530.0100000000001 6.5000000000000009 681.3900000000001 91.500000000000014 0.039533237500000006 4.5000000000000009 14.500000000000002 1.0000000180025095e-35 0.069675130000000016 0.12378108000000002 91.500000000000014 69.895000000000024 1.5000000000000002 235.50000000000003 240.50000000000003 0.0024129611500000006 70.661000000000016 0.088334275000000018 72.468450000000018 8.5000000000000018 75.820492000000016 0.0089692192500000021 380.50000000000006 0.096611323000000013 0.053574640000000014 69.895000000000024 34.711466500000007 39.002666500000011 10.500000000000002 9.5000000000000018 1.5000000000000002 105.50000000000001 624.72675000000015 755.50000000000011 2.5000000000000004 0.12067196000000001 2.5000000000000004 27.500000000000004 2046.5000000000002 4782.005000000001 47.500000000000007 0.0013005439000000002 2.5000000000000004 29.500000000000004 168.50000000000003 1.5000000000000002 3.5000000000000004 314.50000000000006 1129.5400000000002 45.515000000000008 34.150273500000004 46.572175000000009 24.500000000000004 2181.9200000000005 8.5000000000000018 312.8300000000001
decision_type=2 2 2 2 2 2 2 2 2 2 2 2 2 2 2 2 2 2 2 2 2 2 2 2 2 2 2 2 2 2 2 2 2 2 2 2 2 2 2 2 2 2 2 2 2 2 2 2 2 2 2 2 2 2 2 2 2 2 2 2 2 2 2 2 2 2 2 2 2 2 2 2 2 2 2 2 2 2 2 2 2 2 2 2 2 2 2 2 2 2 2 2 2 2 2 2 2 2 2 2 2 2 2 2 2 2 2 2 2 2 2 2 2 2 2 2 2 2 2 2 2 2 2 2 2 2 2 2 2 2 2 2 2 2 2 2 2 2 2 2 2 2 2 2 2 2 2 2 2 2 2 2 2 2 2 2 2 2 2 2 2 2 2 2 2 2 2 2 2 2 2 2 2 2 2 2 2 2 2 2 2 2 2 2 2 2 2 2 2 2 2 2 2 2 2 2 2 2 2 2 2 2 2 2 2 2 2 2 2 2 2 2 2 2 2 2 2 2 2 2 2 2 2 2 2 2 2 2 2 2 2 2 2 2 2 2 2 2 2 2 2 2 2 2 2 2 2 2 2 2 2 2 2 2
left_child=2 3 5 11 15 13 8 14 20 16 19 41 23 27 29 17 22 21 36 48 107 47 52 55 76 251 51 28 95 39 100 82 90 34 230 58 44 38 65 40 72 132 129 -15 50 111 -19 -4 56 158 -13 62 53 -6 87 133 92 112 59 60 106 -60 -12 -64 -25 73 83 98 69 70 -11 -31 -5 80 -28 104 -9 -67 -79 -47 119 244 -17 96 85 -85 -44 -43 -39 -75 91 169 93 143 155 -1 97 162 120 -78 179 -53 -103 -97 127 -22 -24 108 109 110 150 -46 113 148 -49 -87 -63 118 -112 -33 121 -61 -21 125 -125 -124 -94 171 -129 -32 131 -72 -2 -8 135 -74 137 138 -42 229 141 -102 -143 144 -7 146 -145 -29 -20 -133 151 -3 -153 -154 -122 -73 -157 -158 160 -160 -50 -162 -45 -164 165 166 -80 -167 -168 238 -26 172 173 -54 -37 176 177 -101 -178 -16 -83 -96 -105 187 185 -185 -186 188 189 190 191 192 -81 195 -195 -192 197 198 -191 -200 -201 -148 206 205 -205 -76 -36 -171 209 210 212 215 -48 -214 -215 -212 -65 218 220 -220 -218 222 223 227 -223 -226 -227 -219 -229 -114 -10 -127 235 234 -234 -115 -235 -57 -18 -240 241 -138 243 -242 -82 -197 -179 -121 -249 -250 -100 -14 253 -134
right_child=1 6 4 7 9 10 12 24 33 68 26 18 25 43 30 31 32 46 57 122 105 -23 35 64 170 -27 74 147 -30 71 42 37 -34 -35 202 174 -38 88 -40 -41 136 54 86 66 45 79 208 114 49 -51 -52 101 75 -55 -56 237 -58 -59 61 67 -62 116 63 216 -66 77 -68 -69 -70 -71 130 94 134 89 203 -77 99 78 164 183 81 180 -84 84 -86 115 -88 -89 -90 -91 -92 -93 126 -95 181 103 -98 -99 250 175 140 102 -104 182 -106 -107 -108 -109 -110 -111 117 -113 139 232 -116 -117 -118 -119 -120 247 154 -123 123 124 -126 231 -128 128 -130 -131 -132 149 252 -135 -136 -137 240 -139 -140 -141 -142 142 -144 145 -146 -147 201 -149 -150 -151 -152 152 153 -155 -156 156 157 -159 159 -161 161 -163 163 -165 -166 167 168 -169 -170 207 -172 -173 -174 -175 -176 -177 178 246 -180 -181 -182 -183 -184 184 186 -187 -188 -189 -190 196 193 -193 -194 194 -196 245 -198 -199 199 200 -202 -203 -204 204 -206 -207 -208 -209 -210 -211 211 -213 213 214 -216 -217 217 221 219 -221 -222 224 -224 -225 225 226 -228 228 -230 -231 -232 -233 233 236 -236 -237 -238 -239 239 -241 242 -243 -244 -245 -246 -247 -248 248 249 -251 -252 -253 -254 -255
leaf_value=-0.0075184183224261507 -0.00042082797415317287 0.0069994323623429281 0.0024502512395864874 0.032913277650594083 0.0037722745805118469 0.011537065686792492 0.019167192503430814 0.023219199705467982 0.045848246427499413 0.049518236479935918 0.0047681798541349138 0.014346565763933811 0.04792800352994446 -0.0019032370116546843 0.032068114604998553 -0.0027690565390959747 0.032845812983597837 0.037743021562190525 0.029277137559432613 -0.0040437353031072135 0.026980155602221619 0.057066476148629419 0.019623118574096578 0.051092785452618666 0.046111246607592138 0.054408924060651981 0.0058378493945706366 0.0030951319672884083 -0.0019035501153697172 0.057745158452296164 0.036189443269955497 0.028503881997570743 0.048163771119430349 0.050831811781094569 0.021387659458380556 0.00057169964023026068 0.057434631580643311 0.015578514742854342 0.0047187353186210384 0.0091776249224109763 0.040925832020912795 0.030202856256185743 0.012055571736489832 -0.00074603793470507925 0.040270570810133195 0.0039382711483061704 0.012582159939929739 0.041899362869512034 0.0032461864253248867 0.037910783618334165 0.03772468474894438 -0.00024272420084079643 0.040965875870611457 0.032189200971152812 0.0029406224193744557 0.046723322991965278 0.036799368139941675 0.0067103132600513024 -0.0069162971210183152 0.040721346192366809 0.011335102670354818 0.0075535109372031782 -0.0043480303489768172 -0.0097544713640571896 0.043848948366335884 0.052211264024526055 0.039511054893928241 0.048655565046485258 0.051389774164908648 0.045475775834070399 -0.0038584253618769459 0.04790890842029133 -0.0037990913263114996 0.017996633725119688 0.04846397530145035 -0.0074699521017712323 0.030977181534625555 0.04079609429134002 -0.0072325073212571381 0.004701094199233237 0.010319461313150698 0.0083859581189010546 0.021672971256254638 0.0086733504656423127 -0.009729902712564048 0.057871597896262374 0.035858559925333051 0.012856271156079796 0.04007288743317057 0.055676630677596213 0.042404187486362856 0.041818041916570257 -0.0014924794807302157 0.026589992632653572 0.031751461428584642 0.035271486715043952 0.027748089398618721 -0.0085936099281781336 0.034986361778841422 0.048123258259833844 0.038196258586792861 0.050252026297895241 0.013240543039479292 -0.0060418155830985554 0.0036224481458603515 -0.0026331016391561396 0.041705451456044935 0.044697306660357324 0.050904506617494009 0.052460415261102532 0.036405592465073612 0.019867770412176699 0.0040423407315547284 0.021729547696859888 0.011418736456868295 0.021570132987526271 0.037119660090159684 0.037402000621558351 0.050039340129456815 -0.0098252479608304209 0.053107956951342995 0.013349289680847531 -0.0015489714063408565 0.0021226344707029978 0.044366200914253855 0.041591826785711813 0.016576324547158339 0.0087356228751381756 0.029379500102606797 0.043165358935257955 0.039181992102995417 0.013627775077702124 0.0031105693540852825 0.040461206331046731 0.024116600452131896 0.026574797987270395 0.019670736991467229 0.035061663822211896 0.0061212399577842422 0.036735953670268343 0.018797768240140615 0.014315059520645308 0.033960125057912446 -0.00074516261055303961 -0.0042228835644038164 -0.00050055947651115836 0.02479538046730172 0.028449185803429311 -0.0057677751256357884 0.034611410194752883 0.037886429333540951 0.041458689171644067 0.0018091704602421722 0.035963517393994997 0.035084724243955118 0.014331891863291504 0.025709659697051551 0.044721114461633599 0.0034554514064896679 0.042677134861096644 0.04299383524228205 0.0081444763903256029 0.0099459386593194997 0.044579400014510003 0.006705117882223101 0.029445364005691178 0.0052537885570796807 0.0019143563609349266 0.038381167316431597 0.047678995182579675 0.051550671755438864 0.0041646417145125222 0.008909614495856779 0.014166100390901959 0.02858941101565542 0.026811993027601615 0.037790201665443987 0.035472024751515979 0.049466074062898421 0.012416732409838352 -0.010400978233153103 0.007911122311623605 0.024627907855713192 0.021169794473109529 0.0062308311443214203 0.058849502380972959 0.038862950120910733 0.011676820966106546 0.044662763603347096 -0.0002259171830608672 0.031651090446938278 0.051162489059229335 0.03338404483081172 0.028525823084891048 -0.0023315129095445174 -0.0039288251484326528 0.032909972933783962 -0.002654897917159615 0.0087801012729666738 0.052211742966194637 0.015204118771013258 -0.0040806036111016731 0.04551177293696821 0.005458895829484136 0.02801860761052144 0.024442950760318098 0.038406763034743115 0.018701054755842141 0.002308085334856646 0.0049878920861742056 0.044881398151369323 -3.9369618836836587e-05 0.0019720752040105071 0.023362942642264156 0.054441270500006446 0.01540469438990362 0.0013601140034450283 0.0072079407478471622 0.05704480656679347 0.017006933646172423 0.034533581706359222 0.0058121495098673974 -0.0010185229733682185 -0.0098411037298299382 0.069412155050649557 0.037917821015987722 0.0099419714523752666 0.046597431038871137 0.01474665583899005 0.026629134730821444 0.049120393520483495 0.0046296372651203994 0.013659757229780497 0.029955553001355991 0.037941954346372528 0.038705806600460725 0.0069399805965106023 0.033595438213408921 0.026301178637844275 0.003999029029760741 0.048026074490930847 0.040732839633322034 0.0063361761334500971 0.019747433088111922 0.034739627120640437 0.021474178783230654 0.042727324613499783 0.031686355565026678 -0.010028430685335377 0.023551477261366673 0.013455388614621771 0.052401796952173785 0.03753294767719436 0.032286368807480349
leaf_weight=11375.995911121368 256.00870748236775 66.838863275945187 1325.4147246107459 406.24826554954052 51.665113918483257 158.65936619788408 109.86120094358921 87.978941947221756 3447.9779468327761 105.14681020379066 1376.6873743310571 758.42369197309017 1348.8249400556087 443.07319481670856 169.6149719581008 136.88889705017209 89.690089926123619 77.527149979025126 32.81402362883091 1600.2985069565475 95.734019391238689 23.2161655575037 104.49639160558581 6264.6519684866071 2552.8774634897709 35083.235787674785 101.05531673505902 88.444458913058043 2145.5047930143774 76.611658617854118 681.19128197431564 210.15554912760854 232.53447919338942 7582.4565127119422 106.0538877248764 79.197163160890341 31.992901314049959 68.530831832438707 177.82926060631871 97.973634865134954 39.798631846904755 216.42837321385741 77.717197693884373 125.83523320034146 227.7975593842566 82.383356217294931 521.11020348966122 27.553071968257427 396.95155400037766 49.060655929148197 68.180433008819818 30.282912589609623 144.23034518584609 252.60890282690525 111.40294193103909 766.22537879645824 27.504070043563843 59.987735744565725 43.870841175317764 57.972171932458878 150.4959817007184 48.610592201352119 124.29332214593887 31.925659526139498 816.89811211079359 39.743955798447132 32.054367266595364 150.589594848454 268.55827936530113 419.03935555368662 44.976914495229721 201.8808177113533 67.327541176229715 46.543839603662491 60.634375587105751 53.003744214773178 205.88260777294636 105.63529415801167 49.457261972129345 38.273664657026529 71.780618526041508 223.9036347605288 69.655052438378334 86.258614260703325 29.34483702108264 34.214221581816673 148.64564143121243 167.77341313287616 170.90576481446624 35.272285778075457 194.0144711509347 146.92739727348089 1026.9246467873454 64.599101953208447 113.41857948899269 21.766438066959381 38.522944860160351 161.26446018368006 65.432864241302013 500.87055023759604 3701.1783585175872 48.79555295035243 49.847865451127291 105.42163038626313 127.20318138971925 38.652529302984476 115.28499944508076 2387.5151307284832 238.64122202247381 145.84617365896702 256.72501939535141 88.748790942132473 90.789804421365261 319.31172644719481 242.58548536896706 46.208130247890949 65.428640492260456 1238.4431085586548 448.47789849340916 30.075223844498396 99.40984582901001 93.719596587121487 816.24589534848928 35.066016603261232 43.123747576028109 21.8904068171978 72.010804679244757 265.97736212238669 74.776833739131689 2855.9028376936913 160.64925380796194 73.723348889499903 121.62983406707644 102.42629428952932 793.81590287014842 47.723889764398336 68.749823182821274 205.85116577148438 115.98216654360294 59.497523695230484 75.526041522622108 71.346131280064583 1027.4671701267362 78.694107435643673 337.99820267781615 137.3450469262898 194.2571860216558 53.472947429865599 33.249388568103313 183.75905538350344 399.80884249508381 136.19297134876251 58.270408131182194 47.326334178447723 326.43652161583304 65.329747147858143 107.23398814350367 194.35494165122509 31.391764905303717 38.659375827759504 41.37022827193141 105.06789686903358 88.538871489465237 23.374127503484488 86.357074998319149 400.01707812771201 37.106438752263784 34.875848174095154 42.138169851154089 63.94623588770628 1371.4536228477955 39.864519909024239 53.401716433465481 47.760783173143864 37.28183725476265 87.377614676952362 233.63950341194868 720.89185103774071 1011.8708320632577 83.279221631586552 73.86765518039465 55.151764258742332 24.610985536128283 56.11230480670929 79.613561190664768 75.590012859553099 47.813575126230717 237.71601150557399 78.795667078346014 58.996947683393955 56.391907054930925 65.310053758323193 130.72882151603699 386.01421198621392 37.733389437198639 90.961921017616987 54.613739706575871 76.74537992104888 84.802085943520069 42.232110410928726 45.681219339370728 26.088073987513781 322.58067061007023 84.080788090825081 89.596543453633785 125.2920667566359 285.386275164783 45.100391112267971 105.02596755698323 125.74183805659413 89.755258951336145 29.55618080496788 35.18099083006382 97.786720227450132 36.048773635178804 39.740454405546188 75.726060669869184 67.604524560272694 48.308210998773575 31.82050746679306 32.432074118405581 120.19564425200224 223.82823770865798 32.245797958225012 27.059759061783552 61.750997982919216 162.7634287700057 46.728060204535723 40.902405120432377 67.905967466533184 7409.7394794598222 39.199266660958529 61.003164149820805 280.77505365014076 1100.2161201536655 112.98839435726404 50.092010550200939 169.32548367977142 138.80743025243282 132.23487920314074 47.835027188062668 662.12207809090614 42.902762316167355 63.436283029615879 62.709843069314957 41.162932477891445 1097.9991740956903 52.700191479176283 37.23355221003294 34.28463639318943 118.48113008216023 18006.942269727588 26.989037003368139 30.561338536441326
leaf_count=212334 3814 616 19668 3108 652 2386 752 590 9252 501 20198 8539 2776 7314 1041 1945 618 585 258 27953 745 169 1002 9854 7492 28618 1363 1333 36776 276 3488 2027 1121 12524 547 884 133 751 2308 968 233 2044 562 2039 1900 1026 6591 256 5761 521 585 417 1180 2158 1512 2104 296 680 531 395 1462 504 1927 538 1910 227 334 726 773 1536 475 867 816 488 415 725 1025 752 674 431 918 2792 759 1214 463 292 692 1892 1337 195 948 804 16259 803 720 237 497 2689 479 1524 19925 387 587 1801 1651 442 704 7583 739 467 1179 896 912 2837 3249 578 384 5473 1535 437 563 925 13426 533 468 262 946 2984 588 11682 848 707 1754 412 6621 421 578 1403 1212 338 539 610 6098 1206 5491 2098 2499 610 374 1103 1880 743 534 249 2317 575 752 960 428 345 429 1470 1331 248 983 3528 455 389 346 351 2804 482 660 509 287 505 1013 3631 2967 638 1068 469 339 533 871 380 334 2531 559 738 509 384 1090 3470 468 1132 438 951 922 263 448 414 881 1054 833 1295 989 381 1418 1594 776 386 464 1056 254 480 1124 960 399 401 386 1719 3296 493 182 646 2144 459 533 498 16256 621 564 2106 6816 699 480 722 1064 1355 240 3744 395 501 615 356 3931 471 528 359 1145 22791 245 319
internal_value=0.0382504 0.0477868 0.00574043 0.0359664 0.0227706 -0.00158005 0.0513676 0.0396992 0.0472217 0.0310665 0.00523852 0.0238549 0.0530008 -0.00543534 0.0362167 0.0146396 0.0275528 0.0102713 0.0258546 0.00205705 0.0415636 0.00540028 0.0243877 0.0490996 0.0451585 0.0535885 0.0107241 -0.00628996 -0.00649257 0.0310399 0.0382306 0.0198999 0.0355728 0.0488586 0.0475563 0.0286138 0.0225313 0.0213053 0.0197159 0.0288675 0.0296089 0.0124021 0.0410255 0.00519703 0.0221192 0.0242722 0.0170539 0.00457175 0.00554239 0.0118406 0.0163733 0.00886667 0.0184138 0.0274529 0.0183545 0.0417877 0.00356398 0.0302838 0.0301 0.0317936 0.0234496 0.0160588 0.00802953 0.011987 0.0502712 0.0212957 0.0099299 0.0351115 0.0413798 0.0385485 0.0332811 0.0380383 0.0255841 0.0170693 0.0212356 0.0149305 0.0422677 0.0258971 0.0243656 0.022457 0.0151008 0.00949817 0.00555464 0.00829792 0.0182105 0.0232458 0.0279072 0.0227596 0.0332907 0.0353013 0.0318395 0.0283734 0.00308856 0.00679285 0.0358266 -0.00734531 0.00377146 0.00130484 0.0322994 0.0426872 0.0361624 0.0246798 0.032283 0.00549177 0.0165357 0.0184757 0.031523 0.0421268 0.0400743 0.0391113 0.0383345 0.0347424 0.0309129 0.0320267 0.0148495 0.0381648 0.0249503 0.0402826 0.0452072 0.0216305 0.0356469 0.0242689 -0.00174042 0.00210709 0.0260712 -7.17089e-05 -0.000271425 0.0191238 0.01344 0.0418459 0.0293759 0.0239115 0.00554752 0.0297697 0.022232 0.00895351 0.0337988 0.0267866 0.0154825 0.0205083 0.0366879 0.0369593 0.032722 0.00535756 0.000817725 0.0104743 0.015518 0.0129803 0.0118411 0.0287932 0.0328772 0.0261538 0.0313068 0.0175934 0.039544 0.0391595 0.0340849 0.0382082 0.00962293 0.0258235 0.00742907 0.0185038 0.00807634 0.017923 0.0215629 0.02379 0.0116859 0.0272793 0.0235035 0.0239878 0.04804 0.0257376 0.0291398 0.0345653 0.00995506 0.0433272 0.0437139 0.0417193 0.047348 0.0257843 0.00365385 0.0241944 0 0.0233007 0.0316731 0.0434275 0.0189637 0.0218329 0.023678 0.0222313 0.0253126 0.0342094 0.0270777 0.0217913 0.0257565 0.0126489 0.0149199 0.011511 0.0162282 0.0218442 0.0338591 0.0213256 0.0393017 0.0254788 0.0173404 0.0327623 0.0339533 0.0363368 0.0154924 0.0168949 0.0186304 0.0295548 0.0160201 0.0262902 0.0324859 0.0362833 0.0140253 0.0148356 0.0250663 0.0420682 0.0118446 0.0123053 0.0068664 0.0162442 0.018227 0.0240264 0.0179475 0.0217825 0.0325031 0.0139806 0.0480908 0.0189315 0.0327015 0.034498 0.0367006 0.0263474 0.0265638 0.0444347 0.0200474 0.0155661 0.0365859 0.0388244 0.025549 0.0326259 0.0221215 0.00411301 0.0398994 0.0119596 0.0173854 0.00613598 0.0214634 0.0520955 0.0140407 0.00937697
internal_weight=147260 113860 33400.4 26478.7 10040.2 23360.2 87381.1 20236.5 24712.7 4966.31 8436.26 6242.24 62668.4 14923.9 12365.6 5073.91 3710.46 2776.24 5311.45 5342.41 5558.47 1618.77 2667.2 8229.39 7870.84 54439 3093.86 13815.2 13673.3 3473.75 8891.87 2297.67 1043.26 19154.2 11571.7 1556.71 3042.82 2091.12 1851.69 2659.77 2561.79 930.794 3763.46 1108.69 3010.82 2184.22 1157.47 1595.55 2786.58 662.501 826.604 2633.2 1110.49 304.274 495.605 1147.84 2124.08 2268.63 1440.23 1282.32 370.277 157.91 2504.27 1127.58 7081.55 1673.86 665.616 912.042 1255.85 987.295 568.255 813.981 1315.12 878.527 460.659 806.218 3946.51 795.331 755.587 1867.67 796.711 432.262 206.544 633.561 196.026 166.681 226.363 384.202 239.437 81.8161 810.721 616.706 2096.58 997.641 737.37 11527.8 437.536 399.013 761.452 3858.53 5128.41 128.926 98.6434 151.799 753.215 134.387 219.781 5424.09 3036.57 2797.93 2652.08 316.546 2208.64 1990.45 270.139 80.4224 114.039 1943.65 705.203 364.449 577.538 151.692 2555.82 955.525 78.1898 877.336 1098.94 626.012 340.754 3537.09 463.109 302.459 435.189 212.287 908.867 115.051 1246.68 361.632 155.781 218.193 4875.52 4799.99 1098.81 933.042 496.658 436.384 299.039 141.917 66.0634 257.482 708.437 308.629 241.79 105.597 425.846 568.799 366.919 301.589 613.441 70.0511 543.39 146.438 237.748 111.913 649.952 563.595 128.702 434.893 79.2446 469.779 3924.33 285.257 245.393 191.991 116.479 3652.65 3565.27 2319.76 1245.51 252.894 297.771 168.57 130.033 1785.29 259.129 131.702 127.427 1526.16 1288.44 1209.65 846.577 234.313 169.002 612.264 423.748 188.517 363.071 308.458 231.712 172.715 87.9133 220.345 714.021 359.604 173.677 185.926 391.44 109.047 1079.95 974.92 849.179 159.052 690.127 169.016 133.835 129.496 1003.29 971.366 188.287 80.1287 108.158 783.079 411.309 187.481 371.77 251.574 224.514 155.235 87.6305 158.696 10857.7 61.0897 1924.39 1492.09 1161.22 432.3 330.867 935.551 360.732 271.042 885.046 730.872 154.174 111.271 134.49 132.125 1818.89 154.294 124.218 71.5182 183.914 19355.8 179.18 152.191
internal_count=780798 286218 494580 153645 97780 396800 132573 95616 62634 36482 126371 58029 69939 270429 70134 61298 30539 36946 46449 84615 22185 23342 23897 15754 25482 54185 41756 253430 251487 24859 45275 24352 6642 40449 27925 12308 29887 21648 19560 20240 19272 11580 16424 16999 29754 20630 13604 23173 41352 8954 9124 36796 11589 2810 5448 3990 32398 16562 11137 9718 3168 1419 35405 15207 11764 17252 9685 6550 5943 5170 3634 4619 10966 9898 4960 8779 15186 7354 7127 17834 9215 5393 2704 9351 2547 2084 1254 3936 2088 683 5521 4573 32102 14897 4343 214711 6804 6307 5824 14596 28851 1391 974 2377 8054 1187 1706 20998 13415 12676 12209 2796 15882 14134 3505 870 888 8187 2714 3822 4200 1320 43263 15310 1001 14309 17205 6403 3572 15170 3133 2285 6132 1164 7858 1237 8306 2848 1445 1748 27172 26633 6708 14094 7877 6217 4119 1943 632 1810 4022 2142 1526 783 2880 3154 2287 1712 8433 773 7660 1899 3618 1579 6375 5392 1475 3917 801 3769 10296 2831 2349 1689 1171 13571 13066 9086 3980 1679 3860 1189 2140 16808 2118 913 1205 14690 12159 11600 7840 1905 1521 5935 3938 1997 3760 3322 2371 1633 711 2913 2417 3597 1887 1710 1536 732 13019 11601 10007 1642 8365 1774 1310 1256 13280 12742 2310 800 1510 10432 5741 2445 4691 2972 2790 1952 992 1410 25508 883 13502 9966 7380 3536 2586 2826 3037 2419 5458 4322 1136 741 1533 1488 7562 1795 1358 887 1624 25567 2318 2073
is_linear=0
shrinkage=0.01


Tree=14
num_leaves=255
num_cat=0
split_feature=8 55 6 55 12 55 9 6 56 6 9 13 49 55 62 49 49 48 56 12 8 21 6 69 55 6 6 12 11 55 6 48 98 24 62 46 34 133 36 15 99 58 55 140 33 2 59 52 98 47 32 6 59 32 128 133 62 21 6 27 98 58 32 12 6 42 13 24 56 6 62 94 21 56 59 8 21 27 117 128 8 50 24 42 58 136 58 35 132 38 12 20 55 56 68 49 56 68 33 56 40 117 32 9 34 39 42 133 15 18 8 52 62 15 46 18 50 6 39 133 20 31 18 133 52 133 114 50 50 38 133 115 18 46 2 20 132 27 6 67 117 20 10 94 120 27 37 19 66 127 137 133 45 40 59 136 49 9 31 62 18 38 82 39 55 119 115 81 27 55 45 55 52 62 125 32 62 38 81 49 42 33 49 27 6 18 19 61 6 40 44 45 66 134 38 18 36 6 93 78 10 115 98 42 114 21 19 44 13 32 63 48 119 142 44 79 49 47 9 58 62 18 115 8 46 42 31 62 46 24 133 58 21 117 47 21 91 19 34 35 132 50 91 77 115 34 20 39 114 94 139 114 49 31
split_gain=416570 44973.2 37361.2 12229.3 9461.1 6166.08 4997.97 3281.24 2306.31 1831.86 1823.43 1823.26 1329.94 1299.6 1269.29 1082.08 941.333 929.584 862.531 830.275 707.621 668.714 655.741 636.758 602.324 570.135 566.527 547.631 547.093 536.188 525.403 500.959 498.414 458.909 448.794 429.726 383.448 365.611 363.15 361.809 361.031 357.195 352.903 352.391 346.509 342.763 334.069 329.734 322.079 321.648 340.102 318.995 314.084 310.501 310.39 309.409 315.318 362.849 309.485 367.909 307.516 306.879 326.06 306.323 465.89 297.698 325.973 297.421 297.401 296.533 330.905 334.246 294.17 292.988 292.285 290.495 285.252 283.522 282.917 282.378 281.662 280.061 279.345 279.12 314.197 275.856 277.791 274.108 273.913 273.396 268.683 300.999 417.282 424.28 376.597 292.6 268.49 349.395 267.903 278.142 264.419 260.483 259.065 258.681 254.027 252.873 608.086 251.6 251.328 250.443 249.315 249.298 326.755 294.678 248.896 246.272 242.267 238.919 266.382 289.086 245.49 244.611 245.541 238.644 274.503 237.18 235.037 231.537 230.888 261.918 229.9 229.386 329.526 329.501 307.688 288.042 264.366 227.852 227.418 226.842 280.111 280.144 228.578 224.906 224.903 248.719 299.839 224.374 224.263 223.191 222.96 330.545 247.619 332.081 307.354 248.702 221.035 219.322 219.222 293.28 345.448 218.185 264.178 250.978 217.927 239.559 227.78 217.841 223.96 217.598 217.361 275.56 216.99 300.123 214.629 214.584 262.271 239.638 232.563 245.164 213.37 216.235 340.941 213.053 265.232 243.299 211.292 210.319 210.181 241.985 208.912 248.086 208.77 208.511 208.335 207.743 338.932 206.932 206.418 205.069 261.006 312.928 332.778 299.845 204.863 203.993 232.984 203.639 199.974 199.519 338.425 199.414 199.127 243.321 198.902 235.953 229.998 197.263 270.784 353.926 380.303 285.028 269.293 244.574 239.474 227.19 225.036 209.911 202.051 229.819 197.042 196.926 196.717 372.47 196.626 195.744 222.898 221.085 195.456 269.725 195.388 195.209 195.206 194.217 193.806 197.198 193.359 193.269 193.259 207.28 193.174 192.915 205.782 198.043
threshold=239.56000000000003 68.500000000000014 4821.3350000000009 286.50000000000006 3.5000000000000004 303.50000000000006 2128.2600000000007 643.91000000000008 6.5000000000000009 1143.3550000000002 727.74500000000012 5.5000000000000009 197.62146500000003 979.50000000000011 12.500000000000002 1306.2911000000001 86.417210000000011 388.25582500000002 15.500000000000002 23.500000000000004 706.04500000000019 516.50000000000011 2525.9100000000003 8.5000000000000018 514.50000000000011 49.995000000000012 1373.3950000000002 13.500000000000002 25.995000000000001 141.50000000000003 1730.8150000000003 131.60263 5.5000000000000009 1107.5000000000002 1.0000000180025095e-35 1609.9657500000001 94.500000000000014 93.500000000000014 200.50000000000003 4.5000000000000009 7.5000000000000009 60.500000000000007 156.50000000000003 1.5000000000000002 80.500000000000014 1.0000000180025095e-35 66.500000000000014 45.500000000000007 6.5000000000000009 37.928928500000005 327.50000000000006 228.00500000000002 10.500000000000002 798.50000000000011 91.500000000000014 52.500000000000007 3.5000000000000004 685.50000000000011 234.82500000000002 798.50000000000011 8.5000000000000018 20.500000000000004 191.50000000000003 6.5000000000000009 756.63000000000011 95.500000000000014 1.5000000000000002 2138.5000000000005 149.50000000000003 13487.335000000001 1.0000000180025095e-35 10.500000000000002 1988.5000000000002 21.500000000000004 43.500000000000007 76.045000000000016 1611.5000000000002 309.50000000000006 0.022730543000000002 4.5000000000000009 4.8900000000000015 5.5000000000000009 1496.5000000000002 100.50000000000001 23.500000000000004 2.5000000000000004 5.5000000000000009 42.500000000000007 95.500000000000014 49.500000000000007 5.5000000000000009 36.00441150000001 92.500000000000014 34.500000000000007 3.5000000000000004 868.56546500000013 24.500000000000004 1.0000000180025095e-35 312.50000000000006 308.50000000000006 36.500000000000007 0.0055327050000000006 707.50000000000011 384.22000000000008 48.500000000000007 21.500000000000004 41.500000000000007 28.500000000000004 22.500000000000004 355.01983500000006 361.75500000000005 27.500000000000004 2.5000000000000004 16.500000000000004 7736.1898500000007 209.15411500000002 2.5000000000000004 903.19500000000016 22.500000000000004 74.500000000000014 133.95500000000001 536.50000000000011 106.58283250000001 68.500000000000014 4.5000000000000009 44.500000000000007 0.0024415057500000005 2969.5000000000005 1.0000000180025095e-35 38.500000000000007 52.500000000000007 0.09927759500000001 142.00065000000004 475.78113000000002 2.5000000000000004 39.902000000000008 67.500000000000014 798.50000000000011 601.85500000000013 1.0000000180025095e-35 0.0079875655000000018 49.006250000000009 139.04000000000005 20.500000000000004 1.5000000000000002 966.50000000000011 4.5000000000000009 59.239465000000003 18.500000000000004 84.500000000000014 1.5000000000000002 89.500000000000014 5.5000000000000009 33.500000000000007 19.500000000000004 2.5000000000000004 59.545103000000005 1140.7450000000001 1666.5000000000002 11.500000000000002 72.933667000000014 166.50000000000003 20.500000000000004 5.5000000000000009 226.50000000000003 1.5000000000000002 0.079487765000000016 2.5000000000000004 823.50000000000011 1050.5000000000002 13.500000000000002 132.50000000000003 33.500000000000007 16.500000000000004 1.5000000000000002 232.50000000000003 2.5000000000000004 35.500000000000007 2.5000000000000004 795.62135000000012 43.500000000000007 215.50000000000003 126.93183250000001 794.50000000000011 1340.9550000000002 46.569933000000006 828.84110000000021 5.5000000000000009 3588.4000000000001 32.500000000000007 5.5000000000000009 1.5000000000000002 2.5000000000000004 66.500000000000014 68.500000000000014 41.945557000000008 24.500000000000004 168.04000000000005 1.0000000180025095e-35 25.500000000000004 245.58500000000004 0.12651124500000002 11.500000000000002 45.500000000000007 0.080512788000000016 1966.5000000000002 102.19641000000001 13.500000000000002 15.500000000000002 828.50000000000011 1.0000000180025095e-35 34.63343600000001 1.5000000000000002 1.5000000000000002 24.500000000000004 10.500000000000002 175.74010500000003 575.77460000000008 412.65000000000003 44.500000000000007 1.0000000180025095e-35 83.248848000000024 0.12378108000000002 328.09500000000008 2287.5033000000003 23.500000000000004 1643.5000000000002 2.5000000000000004 823.98620000000017 1886.5000000000002 96.500000000000014 50.500000000000007 1507.5000000000002 0.0061353875000000006 4856.653150000001 1525.5000000000002 2.5000000000000004 114.24171500000001 197.50000000000003 57.500000000000007 51.500000000000007 35.500000000000007 1.0000000180025095e-35 2.5000000000000004 0.079487765000000016 78.500000000000014 149.80250000000004 11.500000000000002 0.034097193000000005 16.500000000000004 2.5000000000000004 0.22137831000000005 571.24886500000014 2262.5000000000005
decision_type=2 2 2 2 2 2 2 2 2 2 2 2 2 2 2 2 2 2 2 2 2 2 2 2 2 2 2 2 2 2 2 2 2 2 2 2 2 2 2 2 2 2 2 2 2 2 2 2 2 2 2 2 2 2 2 2 2 2 2 2 2 2 2 2 2 2 2 2 2 2 2 2 2 2 2 2 2 2 2 2 2 2 2 2 2 2 2 2 2 2 2 2 2 2 2 2 2 2 2 2 2 2 2 2 2 2 2 2 2 2 2 2 2 2 2 2 2 2 2 2 2 2 2 2 2 2 2 2 2 2 2 2 2 2 2 2 2 2 2 2 2 2 2 2 2 2 2 2 2 2 2 2 2 2 2 2 2 2 2 2 2 2 2 2 2 2 2 2 2 2 2 2 2 2 2 2 2 2 2 2 2 2 2 2 2 2 2 2 2 2 2 2 2 2 2 2 2 2 2 2 2 2 2 2 2 2 2 2 2 2 2 2 2 2 2 2 2 2 2 2 2 2 2 2 2 2 2 2 2 2 2 2 2 2 2 2 2 2 2 2 2 2 2 2 2 2 2 2 2 2 2 2 2 2
left_child=1 4 3 11 8 7 13 17 25 16 15 18 22 42 19 26 32 35 43 186 29 -18 46 27 77 44 34 54 79 49 36 48 131 61 98 51 45 172 158 53 238 -21 157 117 190 -9 72 144 115 -13 246 -3 -34 73 55 78 57 -57 59 -59 109 -20 -63 -52 -65 66 193 74 167 70 76 80 82 147 139 -32 243 -12 -14 -19 -72 -55 138 84 -74 86 103 -29 148 -73 164 92 -92 -94 95 170 97 -68 99 114 104 -69 -60 -22 116 183 -107 -25 -16 -27 -45 112 113 137 -5 -10 242 120 119 -119 -2 -122 -123 212 -125 -78 -111 -113 129 -36 -117 132 134 136 -6 -136 -134 -17 -7 -28 235 195 -143 -87 145 146 -30 -23 199 -15 -130 152 154 -154 -152 -155 -140 -4 -39 160 -160 162 163 -37 175 166 -166 168 -53 -100 171 -95 173 -26 -127 176 177 -81 -177 214 -164 -182 -183 185 -185 -47 -8 197 -79 -190 -1 -192 -38 230 -179 -142 -197 -148 -169 200 201 202 209 -202 232 206 -82 -64 -42 -66 -211 -176 -58 -214 215 -180 -217 223 221 220 -220 -219 224 -35 -223 -224 227 228 229 -225 -33 -156 233 -76 -89 236 237 -141 239 -31 -167 -188 -75 -11 -48 -246 -51 -165 -61 -250 -128 252 253 -44
right_child=2 5 6 10 9 12 14 30 31 69 24 20 23 149 108 111 21 28 33 41 85 39 -24 107 37 60 67 87 47 40 75 65 52 217 128 161 192 38 -40 -41 208 -43 251 110 -46 105 244 -49 -50 50 63 68 -54 81 -56 56 123 58 102 248 -62 62 207 64 88 -67 96 101 -70 -71 71 89 83 100 204 -77 125 188 -80 90 205 -83 -84 -85 -86 143 -88 234 -90 -91 91 -93 93 94 -96 -97 -98 -99 169 -101 -102 -103 -104 -105 -106 106 -108 -109 -110 126 -112 127 -114 -115 -116 130 -118 118 -120 -121 121 122 -124 124 -126 174 250 -129 150 -131 -132 -133 133 -135 135 -137 -138 -139 156 140 141 142 -144 -145 -146 -147 187 -149 -150 -151 151 -153 153 155 231 -157 -158 -159 159 -161 -162 -163 180 247 165 240 -168 198 -170 -171 -172 -173 -174 -175 211 178 -178 194 179 -181 181 182 -184 184 -186 -187 241 -189 189 -191 191 -193 -194 -195 -196 196 -198 -199 -200 -201 203 -203 -204 -205 -206 -207 -208 -209 -210 210 -212 -213 213 -215 -216 216 -218 218 219 -221 -222 222 225 226 -226 -227 -228 -229 -230 -231 -232 -233 -234 -235 -236 -237 -238 -239 -240 -241 -242 -243 -244 -245 245 -247 -248 -249 249 -251 -252 -253 -254 -255
leaf_value=-0.0078487375095993555 -0.0022104336618150745 0.0017676394319917355 0.035937111869404986 0.00067732708241558697 0.0019466013011172464 0.012083566290657122 0.042350160554106536 0.013804830741431847 -0.0024795217348263067 0.029557877106996117 0.048941036483344476 0.0060591747468924017 0.024024884565265327 0.0480740997864691 0.050335928158767231 0.028824026194919701 0.042457312735795678 0.031523796903364473 0.0028804859511366541 0.044557154872132493 0.035047947119235333 -0.0023465434781940308 0.03840119201627995 0.025070336142428973 0.042320028045742059 -0.0031059038498059848 0.040744466871551997 0.042959144367512102 0 0.032606848597728687 0.024571415388411861 0.0061469848327026415 0.012277110263469558 0.010012245449247444 0.034624844454181056 0.036466050819826429 0.020784150544601327 0.039280547844405635 0.050416332785966522 0.04295927218550416 0.0033253316359860762 0.049498910446607626 0.043586031759971063 0.0067544929899232059 -0.0032442477389843447 0.048290752893353515 0.043144146912282903 0.049447102488113369 0.016731903285349153 0.031216422109482025 0.049360178615691516 -0.00047370120189066086 0.043353511862217482 0.035902242359881459 0.0065308883888990487 0.039534029762480175 0.054309989157900834 0.0053896180066350446 0.035751884476683642 0.0081085624494495832 0.037487265912053466 0.049409359269304412 0.0049255449617490871 0.0020954011312269974 0.014226739172999594 0.029572418732905108 0.0093931540859171214 0.048858656513742112 0.03142771684693179 0.043262482539767937 0.015735276860355748 -0.010063370478025106 0.0012636895642016512 0.017364452724692621 0.018322859824751549 0.036303061135730709 0.034166709812522893 0.030763075145997042 -0.0011133703025671493 0.0011986333915793592 0.03060952935976281 0.0020756562775232621 0.0026138561221165208 0.0018140622763652479 0.033069415575137227 0.029110321244761185 0.035626832907518564 0.024402396120591155 -0.0031593511617839004 0.022676368980701925 -0.0061830179276823232 0.0037414908158059125 0.056918093212837015 0.049873721797659663 -0.0034106976577564607 0.0058947160463560357 0.0052206854193795459 0.041748146925139049 -0.0045047310167099334 0.037338425320950129 0.039113500937879117 0.035799235575602134 0.020571109935224034 0.0072071552466466326 -0.010035981526591731 0.0034036450754689296 0.028540026781248212 0.042830873244475688 0.052190604157126515 0.03137393513794566 0.036716318764722457 0.045654917056295777 0.041577251432996079 0.012246890820044008 0.031755236687869108 0.035165133555287054 0.032477456923761916 0.023896874980350851 -0.0020000752724261823 0.0014513038461741294 0.0013087311282779306 0.046177529474226868 0.013469613361742917 0.013315555485176368 0.037714907003480638 0.027478745022868338 -0.0013599146235987896 0.032125080207572224 0.049552012483940339 0.00054938278403022329 0.0012676769705961977 -0.001477946875947126 -0.0099868597810741505 0.038657040988930511 0.0058848236852637285 0.034684069500399428 0.02755610025638882 0.040248229198144393 0.037597311154086793 0.0039998254364823731 0.036436222461234055 0.047093545959867388 0.031072648739061865 0.009329604472679472 0.043895324446973076 0.041395016384007922 0.051529270364367691 0.013238814215903831 -0.0018210424231323635 0.043059197154686236 0.04409247481784697 0.011513796710325633 0.043512515679815643 0.03377718216685581 0.0044057691279672066 0.013283445313842117 0.01229414559160045 0.043398526779754143 0.034703036183650532 0.039304184870953794 0.0013392125018040189 -0.0047515286730667591 0.0075820915538993075 -0.0047976042870811397 0.042828515541933475 0.024983136584949245 0.0083555761314950284 0.012067537937250062 0.015148065402265064 0.026124371217684995 0.058062201480764471 0.015779942342006609 0.048424754116610708 0.048328155325756857 -0.0050390939794291547 0 0.041875543002178744 0.038127942184611407 0.0076338403711344186 0.00067161097726744557 0.04584383328724459 -0.001862133524301062 0.042626865277695596 0.043039111238912034 0.014092562145293801 0.019216706099087356 0.021859834614954578 0.012513940985424282 0.045510168098227423 0.027911837806306052 0.027523371371784251 -0.0097304116306942672 -0.001688296588273655 -0.0011339319841947102 0.006901066437438326 -0.0075104954601358381 0.03159327416978238 0.016844490115751242 0.044401464476024811 0.034200481464008774 0.041912594475158431 0.0043285513165153026 0.045557523383697437 0.009876117276304424 0.029692034886807245 0.021826684412902801 0.056595719343073156 0.028999858485561393 0.028888808931704417 0.014210993758332898 0.047507803499653369 0.016973198123288864 0.033220019766308194 0.056694903733924072 0.00020110335382625408 0.0075161266117841335 0.039904263865140767 0.014287666637156948 0.0051779768171682826 -0.0019444062675230557 0.036810902573869576 0.051030645830267743 0.035853448136940927 0.017542791982659633 0.033183106264064663 -0.0010216648726725781 0.0049873837260706539 0.041327158132016407 0.0091751881080104365 0.043647194431159664 0.029325381172340761 0.025182613290784143 0.043417550686820142 0.040296761432145195 0.035991481047084051 0.014263912870490447 0.045393400899088547 0.031922493338663142 0.048585349005495611 0.011291968791082697 0.0038566079886534362 0.039673055760212281 -0.0099814977759243428 0.0074647030795969294 0.030934377734615135 0.0016246884362907509 0.0099344219465683399 0.012505903797393719 0.017218978216740847 0.048447958924076766 0.029856037439956223 0.035810086625866926 0.045646544871275944 0.038238762959935287
leaf_weight=9899.7432648725808 236.97421813756227 1300.9677792079747 1336.9338508956134 65.007671363651752 1160.8961462713778 362.07265279069543 646.96974121779203 286.48548153042793 1574.3245195224881 44.179821278899908 190.18478294461966 117.40598782524467 535.35789964720607 9851.8934551998973 12885.265854015946 351.97213423252106 88.076296471059322 82.295193564146757 155.84415556117892 1860.1289666742086 61.970893889665604 241.14294700697064 194.06769622862339 104.4433945864439 3050.3567685261369 2839.6640178859234 211.96506224572659 434.06087197363377 85.786638509482145 1019.1451927013695 393.06152755767107 815.48315118998289 313.57493352890015 139.13427342101932 38.784672759473324 34.247881010174751 66.5875593572855 183.68056430667639 144.76882735639811 38.348268277943134 73.890897758305073 19530.324852369726 3008.6539527326822 42.745767273008823 2098.8984517678618 34.641286879777908 77.990745514631271 54.322927184402943 99.874732922762632 562.20547071844339 34.063263352960348 271.84175491705537 35.292544063180685 87.553587213158607 68.918088737875223 184.32368018105626 83.229423210024834 168.25486178696156 252.17293032258749 39.173256009817123 17.472651824355125 33.968731608241796 86.242964118719101 141.69434833526611 304.65991859138012 55.703937880694866 67.759404499083757 367.37261288613081 60.472072921693325 60.726760774850845 73.766580183058977 34.141496829688549 37.085024308413267 75.288660805672407 117.88403790444136 548.48544238507748 121.63877578452229 603.51362968981266 47.825004443526268 102.51011227071285 76.413629297167063 34.918905008584261 204.55642670020461 47.271661136299372 219.31558595970273 799.35130520164967 1985.8625247329473 241.08135149627924 41.725260026752949 85.583762086927891 38.120871651917696 94.071670785546303 43.77240153029561 36.378579623997211 43.519146393984556 44.71974877640605 114.75189271941781 68.867961753159761 73.423424802720547 93.7775898873806 44.630879107862711 345.32802999019623 232.45432710647583 74.919572103768587 39.280366681516171 138.95152880623937 322.85145335271955 721.55704092979431 31647.248204924166 34.999799098819494 89.129294544458389 1520.5662515982985 1811.5393641591072 63.658672578632832 41.550749503076077 31.966403033584356 66.074118934571743 269.28314210101962 70.860014002770185 74.339754942804575 127.10269405320287 28.043029233813286 119.44763876870275 99.78413599729538 92.850060559809208 127.17064972221851 133.76116846129298 167.8374956920743 82.044717326760292 51.985929027199745 50.647919993847609 789.80445320904255 41.923258878290653 54.47513085976243 91.620261251926422 56.076051339507103 30.631769627332687 452.98790115863085 84.077439799904823 49.440237164497375 46.828029900789261 159.66603264212608 278.96041499823332 66.120880268514156 43.295723266899586 42.556902665644884 37.756622031331062 146.47424481064081 35.006552532315254 1242.3186261877418 76.62741319835186 80.329823866486549 368.1536507755518 300.14179729670286 58.630386888980865 80.421164378523827 64.747547663748264 701.3381299674511 48.379932165145874 73.912346377968788 82.988749958574772 54.612905617803335 49.179582506418228 81.22363119572401 58.713665451854467 67.339955110102892 30.857823353260756 79.678546685725451 135.56743309274316 31.384248457849026 34.021875515580177 73.841680578887463 2326.3493119850755 1407.6571630984545 56.526474464684725 387.6032002158463 33.434572160243988 45.631348956376314 74.200952250510454 147.39583268389106 63.662590000778437 36.088420275598764 29.995183255523443 207.11187159270048 41.564200803637505 188.0696043074131 137.39016728103161 97.289556536823511 307.08565957844257 127.56155410408974 34.739680666476488 32.787164684385061 101.56303372606635 454.34357417747378 42.34978150203824 47.834714971482754 37.919094324111938 37.400340821594 26.175693858414888 158.76203148439527 109.12604933977127 130.26694091036916 52.765121709555387 42.884821832180023 272.53751054406166 59.611666716635227 87.322839133441448 60.043789222836494 52.276829443871975 71.972172915935516 56.230732038617134 136.89326379448175 419.27905908972025 54.984846875071526 55.260214731097221 32.448117058724165 80.536128919571638 65.806276571005583 55.98323467373848 51.87887004762888 127.24826994910836 150.10547322034836 31.268776260316372 79.844154357910156 207.92120851203799 32.323942564427853 47.022940918803215 98.518185883760452 75.190157257020473 66.102829407900572 36.906780373305082 244.88495280593634 733.36438971757889 270.24485822021961 530.18654206395149 191.73119423538446 58.172421038150787 69.722547955811024 78.336252123117447 67.479716531932354 125.1403472982347 136.49524410068989 37.325864259153605 336.00560433417559 68.288837566971779 35.532840851694345 50.25697635859251 284.09814778342843 42.235622439533472 52.749670460820198 21.153002388775349 388.66771264374256 3894.1484565585852 1174.6491757631302
leaf_count=187226 3477 19842 6523 698 17871 4167 1849 3196 26656 439 636 1436 4361 17940 14593 1973 752 875 1882 4449 451 3583 979 648 10023 49355 1003 2078 1101 6847 3260 12107 4002 1623 244 361 649 688 257 274 737 26090 9045 575 36819 187 458 273 1383 4666 220 3947 303 847 688 1151 393 1771 1677 424 186 181 946 1723 2945 588 956 1256 612 346 762 438 457 913 743 3440 1044 3278 520 1480 679 471 2443 534 1804 5287 11264 1662 499 773 532 1164 298 284 552 524 1573 690 799 541 394 1651 1898 762 576 1601 2756 2924 24460 413 781 4570 6742 421 286 385 651 2685 868 951 1811 243 1460 896 486 1225 2078 698 334 518 778 12384 689 520 1272 602 389 1968 605 426 240 672 1571 535 307 338 236 1845 384 2994 446 694 1886 1713 579 634 616 2387 193 214 620 800 660 1221 521 701 385 1008 1687 196 204 819 4858 3056 754 5576 310 452 982 2028 552 497 243 1496 396 1879 809 1016 989 613 468 590 1209 7157 558 470 209 386 209 1149 720 1466 293 413 1401 550 467 468 341 685 312 1402 2666 170 752 432 772 672 586 523 833 884 246 819 1560 380 494 633 774 455 455 1764 2810 1165 2693 1392 241 375 359 599 1610 412 557 4079 544 376 513 3690 397 308 258 1389 10068 3986
internal_value=0.0368803 0.00722392 0.0461716 0.0357899 -0.00106328 0.0222688 0.0493015 0.015947 -0.00430503 0.0114841 0.040549 0.0261342 0.0298993 0.0450941 0.0506594 0.0374494 0.00768202 0.0111086 0.0191061 0.0486645 0.0291037 0.0164847 0.0213094 0.0326065 0.0439164 -0.0059733 0.0341856 0.0307226 0.0158996 0.0257739 0.0256465 0.00317129 0.00459323 0.023832 0.0293456 0.00694477 0.021643 0.045035 0.0365464 0.0135544 0.0308124 0.0490738 0.0425211 0.0120763 -0.00694963 0.0235982 0.0184798 0.0265187 -0.000518986 0.0223323 0.0233852 0.0045225 0.0156786 0.011975 0.0278527 0.0284797 0.0306581 0.0267135 0.0236056 0.0154253 -0.0021018 0.0132972 0.0221178 0.0201434 0.019181 0.00719041 0.00634694 0.0366686 0.0107241 0.0216078 0.0204706 0.0278026 0.016172 0.00914589 0.0349547 0.0314786 0.0166838 0.0371814 0.0219495 0.0134821 0.0335071 0.0265264 0.0125807 0.0244626 0.0285532 0.0326466 0.034657 0.0363105 0.0215749 0.013246 0.0125624 0.0196595 0.0243374 0.0285991 0.0227844 0.0288422 0.0167472 0.0261411 0.0180922 0.0248326 0.0172715 0.0426628 0.0286054 0.020206 0.0124387 0.0265581 0.0210456 0.0406632 0.0516565 -0.002358 0.0273252 0.0411252 0.0390549 0.0336996 0.0132496 -0.00158376 0.017491 0.00983974 0.0154818 0.0191064 0.0052065 0.0116132 0.02029 0.0356682 0.0253942 0.022165 0.00868859 0.0443555 0.0317934 0.0156496 0.0150231 0.00283844 0.0052188 0.0204891 0.00369981 0.0172032 0.00604317 0.0353492 0.0165261 0.0310054 0.0287174 0.0331984 0.0371145 0.0276356 0.0226051 0.0192379 0.0152579 0.00355497 0.0226627 0.0475213 0.0328946 0.0316761 0.0330791 0.036534 0.0260929 0.0295646 0.0269643 0.0385494 0.031127 0.0234745 0.0140374 0.0140648 0.0158686 0.0112072 0.0102689 0.0180512 0.0315035 0.00815284 0.0047487 0.00489085 0.0357104 0.0278101 0.0456904 0.0442402 0.0173966 0.00803535 0.0166482 0.0117793 0.00550543 0.0109381 0.0259841 0.0326625 0.0188434 0.0318257 0.0383919 0.024173 0.0390587 0.0227853 0.0349276 0.0405198 -0.0077281 0.00953166 0.00729171 0.00431604 0.0236955 0.0198095 0.00999263 0.0352827 0.0208309 0.0236004 0.0213127 0.0182683 0.021954 0.0331851 0.0381628 0.0391407 0.0450444 0.0151322 0.0142809 0.0188574 0.0293974 0.0105033 0.0390969 0.0361893 0.0170823 0.0219582 0.0309822 0.0266801 0.0301401 0.0208899 0.0273603 0.034478 0.0375233 0.0216186 0.0409355 0.0174979 0.0259173 0.0289149 0.0230195 0.0298639 0.00722856 0.021257 0.0401559 0.0337765 0.0324544 0.0216137 0.0292566 0.0206773 0.0325667 0.0313156 0.0114801 0.0309968 0.00819743 0.0101995 0.031045 0.021218 0.0295244 0.00862634 0.027674 0.0353064 0.003165 0.0434668 0.043825 0.0421059
internal_weight=151181 36066.9 115114 26671.9 23257.2 12809.7 88442.4 7009.76 18483.8 4773.39 17861.1 8810.75 5799.93 21598.6 66843.8 9314.68 3473.41 4680.38 2622.37 22311.3 6188.38 899.114 1395.01 4404.92 8546.44 15113.2 4946.12 3578.92 2172.57 3200.15 2329.37 3370.63 2574.29 1564.45 1687.15 2507.81 1387.83 7318.09 533.73 811.038 1291.13 21390.5 10504.4 1057.93 12066.2 1219.68 1200.94 398.409 1756.81 1909.03 1791.62 1874.7 348.867 772.69 2373.59 2304.67 1721.49 971.364 787.041 302.413 3047.05 336.1 180.255 1179.16 1145.09 1613.82 1558.11 3258.97 573.736 1299.98 1239.25 416.84 1019.13 650.217 2546.27 941.547 822.415 1228.35 583.183 1774.16 297.115 122.472 715.454 303.672 256.401 2988.23 2122.75 1205.33 1003.4 119.725 1691.87 408.446 314.374 276.253 232.481 188.962 251.379 136.627 305.144 200.336 262.6 712.701 484.627 136.89 217.969 933.19 461.803 826 44532.5 3029.58 131.875 4368.56 2680.16 868.619 106.558 1656.94 178.689 926.05 414.483 343.623 511.568 274.593 147.491 750.128 192.634 442.229 189.914 1688.4 1382 90.7706 82.6143 2225.43 1435.62 127.03 1308.59 147.696 72.555 804.96 510.898 1152.24 940.275 571.208 438.626 865.472 344.086 300.79 258.233 387.617 961.674 11094.2 1291.23 1209.19 1128.86 748.717 380.143 380.563 148.825 2038.27 388.962 205.281 131.369 633.108 578.495 399.57 1283.42 282.052 89.5715 513.263 407.409 104.808 144.242 110.22 6784.36 4458.01 320.59 1001.37 223.926 190.491 777.444 389.841 178.926 129.746 66.0836 471.387 248.676 222.711 920.855 172.447 1038.16 434.647 9967.27 67.5268 168.151 1306.73 87.9811 132.582 85.7538 75.157 105.854 926.668 767.906 615.895 485.628 152.011 1394.03 223.348 163.736 146.287 126.168 432.863 128.203 193.42 557.493 474.264 242.445 187.185 112.984 1228.35 722.536 235.11 183.232 487.426 421.619 505.813 358.027 63.5927 366.678 319.655 221.137 145.947 852.39 303.515 1121.49 388.129 771.268 369.066 177.335 119.163 1164.96 1086.62 192.48 273.885 112.615 380.185 181.812 103.822 612.462 365.322 134.159 94.9853 154.914 8466.12 8077.45 4183.3
internal_count=780798 513634 267164 140170 391974 121660 126994 80866 330121 61853 68754 71416 40794 54332 72662 43329 48895 60797 26810 33609 44606 10863 12983 27811 25425 277393 26957 24239 25468 26307 20069 52728 38032 13959 11332 35329 13369 19909 1972 10111 8883 30539 33398 12851 225103 11511 12004 3657 29202 17424 15988 27305 4305 9837 17806 17118 12237 7626 6475 2900 52290 3477 1595 10809 10589 23526 22938 15625 7463 12958 12612 3669 10626 8519 12718 6700 8943 5516 4881 21811 2458 1318 7831 2795 2261 18299 12477 6433 8866 1211 20936 4377 3213 2681 2383 1831 3219 1646 2520 1525 3091 2907 3575 1213 2697 8315 4357 3572 39053 52104 1356 16372 11104 4362 984 27819 2121 11495 4504 3636 6991 3514 1703 4611 1382 4425 2749 5268 8812 762 1163 33727 21343 1598 19745 1874 1078 3941 5388 6599 5596 3162 2243 5822 3384 3077 2739 5428 8367 20934 8050 7716 7022 4233 2789 2347 1221 8910 1715 1027 813 8024 7224 5272 16559 3217 906 6851 5634 995 1307 1103 17937 13079 3381 13342 2800 2490 10542 4966 1952 1292 740 3958 1892 2066 3070 1638 4880 1602 188284 1058 1858 19719 1010 919 679 622 1217 7983 6834 5701 4235 1133 6119 1696 1146 1414 1078 3942 997 2156 3229 2836 2938 2186 1204 10482 5684 1942 1419 3742 3070 4798 2444 626 3175 2681 2048 1274 12562 2343 4718 1908 4355 2434 1042 801 7805 7446 2311 1221 1470 4518 1378 920 5179 4911 1129 705 2336 24488 23099 13031
is_linear=0
shrinkage=0.01


Tree=15
num_leaves=255
num_cat=0
split_feature=7 7 55 55 55 12 6 6 56 56 56 49 12 56 46 19 6 46 59 70 6 11 26 14 48 6 33 9 6 8 6 60 6 21 19 102 21 25 36 48 46 19 116 12 58 55 11 8 4 9 49 122 12 58 8 60 132 6 115 140 134 9 21 128 38 50 43 60 102 48 18 12 3 126 46 18 21 134 48 49 70 27 47 118 69 46 27 27 48 36 140 21 25 49 21 129 41 26 25 38 105 129 38 6 2 9 98 128 116 124 6 47 21 19 12 12 27 27 40 115 82 115 136 21 21 25 21 118 38 27 21 60 21 117 118 116 39 19 26 79 18 18 9 56 87 2 46 61 131 134 58 7 43 118 48 7 6 46 6 118 86 58 60 128 7 48 21 21 8 55 80 19 19 116 21 57 50 49 117 38 6 70 21 21 12 21 55 130 136 27 61 34 52 134 50 49 130 124 56 55 141 55 51 18 56 134 118 46 39 43 104 95 69 115 18 58 27 117 132 27 21 116 18 51 9 21 49 38 27 12 104 131 21 33 14 129 33 16 26 134 34 120 121 87 58 33 48 38 38 39 26 1 102 115
split_gain=388289 39979.4 37253.9 10615.3 7205.3 5467.91 4241.02 2184.09 2136.6 2073.81 1574.64 1423.03 1352.56 1278.59 1238.11 1124.97 1034.3 955.834 876.003 610.129 593.126 567.209 554.252 554.067 533.452 505.31 501.644 485.714 479.302 459.369 445.21 435.408 423.113 394.53 424.356 392.039 388.445 383.138 401.453 379.214 365.27 351.67 347.052 343.671 338.652 326.871 322.349 386.505 322.275 321.739 318.341 385.365 330.185 311.348 309.247 307.241 367.401 301.66 347.447 404.394 300.987 300.467 300.148 298.54 297.765 380.355 299.975 295.692 293.43 292.608 304.384 316.687 291.991 282.871 278.463 277.683 297.164 267.931 313.924 266.393 262.733 261.222 337.906 285.957 261.179 265.769 308.666 260.689 258.124 256.749 284.391 256.605 254.215 257.402 253.888 252.867 260.851 247.342 327.929 243.667 291.722 349.099 242.381 241.293 239.773 299.668 259.54 236.506 293.312 235.891 246.827 299.266 232.375 242.439 300.695 248.015 474.136 355.693 235.813 232.093 231.11 310.288 280.188 230.721 231.013 230.114 265.796 244.656 229.936 229.113 228.054 232.729 260.194 227.949 281.906 262.749 244.919 321.917 226.613 283.824 289.879 222.459 221.631 221.414 220.592 219.079 266.452 217.79 293.563 244.255 266.397 243.953 217.575 240.4 216.174 215.62 260.462 211.219 210.668 210.418 209.768 355.456 209.517 208.706 226.693 240.578 206.547 204.667 203.52 203.474 219.538 201.987 284.615 214.428 201.87 271.737 201.381 292.782 237.012 200.819 300.29 238.558 200.53 292.288 200.462 200.373 251.558 307.489 199.086 198.416 370.816 198.381 198.319 198.311 198 321.294 291.457 216.805 248.925 291.517 198.696 196.895 196.604 196.365 195.728 193.053 197.061 265.96 246.998 278.72 192.625 215.253 192.39 203.092 363.57 192.198 365.907 190.42 189.676 189.647 189.391 250.031 189.367 349.079 188.34 187.774 217.059 184.62 182.846 182.304 272.112 219.881 182.243 339.354 182.192 180.909 217.838 303.883 180.898 216.494 180.436 179.097 244.292 243.444 178.147 338.87 248.627 282.454 194.507 241.041 177.328 177.175 192.487 185.887
threshold=399.03000000000003 2899.4400000000005 72.500000000000014 265.50000000000006 315.50000000000006 1.5000000000000002 14057.970000000001 1730.8150000000003 313.50000000000006 611.50000000000011 7.5000000000000009 1148.9267000000002 15.500000000000002 12.500000000000002 356.84839000000005 828.84110000000021 2356.3100000000004 849.80415000000005 147.50000000000003 3.5000000000000004 38.050000000000004 26.905000000000005 3.5000000000000004 7.5000000000000009 15780.865500000002 659.3900000000001 74.500000000000014 465.02000000000004 512.55000000000007 21.910000000000004 1143.3550000000002 1.5000000000000002 3771.6550000000002 2105.5000000000005 97.237170000000006 2.5000000000000004 309.50000000000006 2.5000000000000004 32.500000000000007 388.25582500000002 142.28313500000004 258.01581000000004 0.00060438177000000004 55.500000000000007 51.500000000000007 1202.5000000000002 21.180000000000003 260.10000000000008 1.0000000180025095e-35 113.91000000000001 44.510358500000002 1.5000000000000002 5.5000000000000009 147.50000000000003 4.8900000000000015 204.50000000000003 93.500000000000014 824.81500000000017 0.020053467000000002 1.5000000000000002 40.500000000000007 291.72500000000008 2254.5000000000005 51.500000000000007 593.50000000000011 28.500000000000004 32.500000000000007 14.500000000000002 3.5000000000000004 464.43211000000002 99.806460000000001 2.5000000000000004 6.5000000000000009 2.5000000000000004 1285.5556000000004 56.003462000000006 516.50000000000011 70.500000000000014 1221.0947000000003 2131.8711000000008 5.5000000000000009 663.50000000000011 2153.2850500000004 0.0022454039000000003 1.5000000000000002 4978.1665000000003 871.50000000000011 599.50000000000011 6400.5195000000012 18.500000000000004 1.5000000000000002 220.50000000000003 3.5000000000000004 49.056123500000005 2354.5000000000005 49.500000000000007 6.5000000000000009 3.5000000000000004 8.5000000000000018 52.500000000000007 1.0000000180025095e-35 65.500000000000014 82.500000000000014 7022.8400000000011 1.5000000000000002 159.82500000000002 12.500000000000002 88.500000000000014 0.00038670827500000008 2.5000000000000004 903.19500000000016 4856.653150000001 343.50000000000006 550.15443000000016 13.500000000000002 27.500000000000004 891.50000000000011 826.50000000000011 9.5000000000000018 0.13000328500000002 17.500000000000004 0.07412492800000002 2.5000000000000004 1583.5000000000002 836.50000000000011 1.5000000000000002 1541.5000000000002 0.0063378445500000009 32.500000000000007 699.50000000000011 919.50000000000011 18.500000000000004 1183.5000000000002 0.021801069500000003 0.011628521500000001 0.023050618500000005 69.500000000000014 110.63455 10.500000000000002 1.5000000000000002 44.624721500000007 160.04747000000003 1971.9900000000002 125.50000000000001 3.5000000000000004 2.5000000000000004 1214.6417500000002 7.5000000000000009 30.500000000000004 67.500000000000014 123.50000000000001 1508.5450000000003 50.500000000000007 0.0027104363500000004 46.991645000000013 69.905000000000015 288.00500000000005 1050.6079000000002 168.04000000000005 0.017483590000000004 26.500000000000004 109.50000000000001 7.5000000000000009 48.500000000000007 227.02000000000001 1027.3256000000003 2291.5000000000005 2009.5000000000002 348.62500000000006 33.500000000000007 1.5000000000000002 73.038415000000015 97.237170000000006 0.0020739275500000006 150.50000000000003 17.500000000000004 1.5000000000000002 228.16133000000005 0.038466900000000005 741.50000000000011 3235.7450000000003 18.500000000000004 2145.5000000000005 1303.5000000000002 2.5000000000000004 2337.5000000000005 147.50000000000003 65.500000000000014 2.5000000000000004 966.50000000000011 4.5000000000000009 109.50000000000001 5.5000000000000009 93.500000000000014 47.500000000000007 20.467763000000001 80.500000000000014 1.5000000000000002 17.500000000000004 82.500000000000014 2.5000000000000004 599.50000000000011 35.500000000000007 471.95025000000004 134.50000000000003 13.500000000000002 0.0050764725000000009 823.98620000000017 17.500000000000004 6.5000000000000009 1.0000000180025095e-35 3.5000000000000004 4.5000000000000009 0.030143645500000003 97.353100000000026 49.500000000000007 736.50000000000011 0.029175533500000003 68.500000000000014 339.50000000000006 542.50000000000011 0.034898220000000008 66.903080000000017 47.500000000000007 1871.1350000000004 1385.5000000000002 590.32220000000018 28.500000000000004 732.50000000000011 26.500000000000004 1.0000000180025095e-35 38.500000000000007 2086.5000000000005 272.50000000000006 2.5000000000000004 85.500000000000014 182.50000000000003 3.5000000000000004 1.0000000180025095e-35 68.500000000000014 33.500000000000007 1.0000000180025095e-35 1.5000000000000002 8.5000000000000018 19.500000000000004 218.50000000000003 145.41764000000003 50.500000000000007 71.500000000000014 11.500000000000002 1.5000000000000002 3.5000000000000004 2.5000000000000004 0.10526791000000001
decision_type=2 2 2 2 2 2 2 2 2 2 2 2 2 2 2 2 2 2 2 2 2 2 2 2 2 2 2 2 2 2 2 2 2 2 2 2 2 2 2 2 2 2 2 2 2 2 2 2 2 2 2 2 2 2 2 2 2 2 2 2 2 2 2 2 2 2 2 2 2 2 2 2 2 2 2 2 2 2 2 2 2 2 2 2 2 2 2 2 2 2 2 2 2 2 2 2 2 2 2 2 2 2 2 2 2 2 2 2 2 2 2 2 2 2 2 2 2 2 2 2 2 2 2 2 2 2 2 2 2 2 2 2 2 2 2 2 2 2 2 2 2 2 2 2 2 2 2 2 2 2 2 2 2 2 2 2 2 2 2 2 2 2 2 2 2 2 2 2 2 2 2 2 2 2 2 2 2 2 2 2 2 2 2 2 2 2 2 2 2 2 2 2 2 2 2 2 2 2 2 2 2 2 2 2 2 2 2 2 2 2 2 2 2 2 2 2 2 2 2 2 2 2 2 2 2 2 2 2 2 2 2 2 2 2 2 2 2 2 2 2 2 2 2 2 2 2 2 2 2 2 2 2 2 2
left_child=2 3 5 7 12 10 8 13 15 16 26 20 17 36 30 42 23 50 35 25 45 28 32 53 72 31 -1 67 97 -24 49 138 112 61 -35 43 -2 38 77 -23 -15 174 185 129 57 241 47 81 -26 -7 52 87 232 80 -53 56 -29 125 -59 120 157 -27 -17 -40 65 66 -25 -11 -10 70 71 -22 75 -21 -18 76 202 78 -12 -58 147 227 83 -83 85 86 244 -52 238 90 205 -48 93 -72 154 -88 -97 98 193 -78 101 -101 215 -44 -93 192 -107 109 -109 143 111 158 -9 114 118 116 182 -117 -114 -118 121 122 -60 124 -100 -38 -127 -128 -80 -8 -41 132 -132 134 136 -135 145 -138 139 140 -16 -61 179 -71 -14 146 167 148 -5 150 -149 -150 153 -68 -30 -91 -157 -31 -111 188 163 -162 -84 164 212 -166 -32 -34 -141 220 -171 173 -173 -119 175 -39 177 -146 229 181 -181 222 183 191 -134 186 187 -3 234 190 -186 -116 -106 194 197 -196 -197 200 -199 -200 210 -82 -13 -115 -195 -33 -207 -208 209 -209 -19 -212 213 -145 -215 216 -73 -185 -151 -123 221 -28 223 -76 -70 226 -154 -42 -190 230 231 -178 -4 -234 -51 -224 -237 -238 -87 -240 -121 243 -243 -6 -49 248 -247 -248 249 -246 -94 253 -253 -77
right_child=1 6 4 9 11 14 18 22 68 27 37 24 144 40 19 62 74 21 -20 73 69 39 29 64 48 33 169 55 94 60 166 89 133 34 -36 -37 44 41 63 130 46 -43 103 -45 -46 -47 91 84 -50 159 51 54 -54 -55 -56 -57 79 58 59 141 -62 -63 -64 -65 -66 -67 152 -69 224 107 92 102 -74 -75 142 251 99 -79 128 -81 201 82 162 -85 -86 88 95 -89 -90 155 -92 104 250 -95 -96 96 -98 -99 123 100 -102 -103 -104 -105 105 106 -108 108 -110 110 -112 -113 113 203 115 117 119 171 -120 240 -122 219 -124 -125 -126 126 127 -129 -130 -131 131 -133 184 135 -136 -137 137 -139 -140 168 -142 -143 -144 160 176 -147 -148 149 151 218 -152 -153 225 -155 -156 156 -158 -159 -160 -161 161 -163 -164 -165 165 -167 -168 -169 -170 170 -172 172 -174 -175 -176 -177 178 -179 -180 180 -182 -183 -184 217 189 -187 -188 -189 228 -191 -192 -193 -194 204 195 196 -198 198 199 -201 -202 -203 -204 -205 -206 206 207 208 -210 -211 211 -213 -214 214 -216 -217 -218 -219 -220 -221 -222 -223 235 -225 -226 -227 -228 -229 -230 -231 -232 -233 233 -235 -236 236 237 -239 239 -241 -242 242 -244 -245 245 246 247 -249 -250 -251 -252 252 -254 -255
leaf_value=-0.0075442333332798915 0.034621545752681948 0.031418178799919684 -0.003889181672032132 0.0068994309644927129 0.002361682037570173 -0.0014368747036239363 0.029641598768701097 0.047186648862743666 0.043838099371107359 0.019284397936335997 0.0058999726175712457 0.024445980552685345 0.047971555462771057 -0.0059997209437552259 0.044227220979991461 0.007437045276573304 0.021906251478837634 0.005591250486912001 0.049763519243565313 0.045353845092088604 -0.0075530801963467776 -0.00010209063309105611 -0.0050500498812289579 0.040905579067291788 0.022775051368594989 0.0095873381951216072 0.0006096224055681125 0.043159800703441595 0.036832806697885453 -0.0047382902690757747 0.0087488512657310207 -0.0080539377949997663 0 0.034028811769616918 -0.0024276237778813291 0.048055858307883982 0.02791867037597303 0.0021883794275261311 0.046148405738128222 0.037096409408412141 0.020744513818517458 0.035422920692846957 0.038505786407903413 0.046194600063172844 0.03088386887150131 0.037255804945493985 0.051148935171872689 0.012820667664665622 0.044628679711220295 -0.0011986579285239282 -0.0010529160529195831 0.0077049077919671815 0.01426266189029411 0.0371539538584904 0.039224783713877824 0.048671823668030745 0.016561085502065379 0.00041117069304249555 0.034507558519152777 0.02072314834866671 0.027587798324450553 0.040743926364926304 0.03496611636020653 0.0045341580360797971 0.024942246781094725 0.043658815393626905 0.03229371337062388 0.038718022739243491 0.044844847447732768 0.015191439176156956 0.052342597082010667 -0.0045602699064639773 0.048912920046599341 0.012868171431114826 0.027710985076734713 0.039849023690760203 0.035049640721830089 -0.0055351540887257312 0.049115898935858909 0.036992272906500014 0.027625045399170215 0.029917121241314688 -0.0077753982174700587 0.009766233199771936 0.011666393893642338 0.0428407583282348 0.011429294654940565 0.011504926507049628 0.015497922915517149 0.035524038113767996 0.031526314212994608 0.0089366390701279257 0.027395053370794269 0.025583932132936044 0.046786220921703037 0.041902933412906823 0.018584247034998086 0.001012371214799101 0.036246846868545006 0.018232544827889038 0.028206736551380247 -0.0083522614049540856 0.0057487767138723099 0.0429219177199354 0.0342916791151626 0.029225192686794684 0.0095729797071435717 0.027323389831510038 -0.0043669458697468471 0.025077117310980057 0.035071630799458312 0.033686400015105818 0.040220898437584078 0.027281395692008732 0.0068831523520017299 0.037168877678541684 0.033005731397501285 0.0055182608298937922 0.028394525526699802 0.030319348783865073 0.0050002118018915706 -0.0099216003055073321 0.0069316843702880186 0.047791672706361935 -0.0044942081215715865 -0.0030547876985588464 0.015865412674173247 -0.0075196074340202011 0.01329223829361607 0.041981658181537533 0.0014687983838236672 0.0076494438494404448 0.046646744491158083 0.025856593550945606 0.01708196423795549 0.046408248285096522 0.038096558022045625 0.0080365411945435943 -0.0045436149707059935 0.0037916801896248544 0.0045771660891148419 0.055369812699133075 0.047437060603262839 0.035887680941971534 -0.0020867529886095209 0.043210389636657152 0.038660860697316071 0.034272323032794802 0.024042821562287067 0.0062601292345442119 0.010713863322527092 0.03852672008001095 0.025091653723657691 0.0079005347705758885 0.016809421365997872 -0.0064578237165605181 0.025975781770811484 0.02027127577705334 -0.0038954928975095215 -0.0054475637380989421 -0.0036034072644834927 0.030078588389877519 0.02252222147794767 0.035941178331746197 0.048555982874360394 0.021293891444536465 0.031756023567860933 0.031218574815795954 0.032453393230381974 0.0247149922426558 0.00032858943053001274 0.03879283823883297 0.015961749656751061 0.025279052690026553 -0.0019237893799610947 0.039140738826515656 0.03742888850462827 0.033892512923511323 0.0096012035219170989 0.012596622482536696 0.035352677390683325 0.051243722864609292 0.0040325432108249256 0.029728950158461852 -0.0041981713818620087 0.050406876113756917 0.037865203292705756 0.0066395738782808215 0.013497675671834098 0.041224608359625173 0.031461949528568282 0.033029360137245112 0.060287575710248023 -0.0049828199926705069 0.052047992130187862 0.0095765593666796885 0.041898448578865509 -0.0062324209403322563 0.049727775522920493 0.016979185052157949 0.024380961098703496 0.052171574830856285 0.047585823005328876 -0.0060862666100566908 0.018449053817584406 0.0054438659594220331 0.0016113317956005756 0.01286304989057355 0.0089570036214097187 0.046910159172054336 -0.0098552155202683654 0.01669242350787551 0.039687128810179162 -0.0026231205487938091 0.033896220940613613 0.034382763021006721 0.031007441338100853 0.010002208559013964 0.027220301925241792 0.014759742436585224 -0.0046981332213270116 0.033231373156625242 0.039290201946042283 0.044671981186337945 0.047676969374653266 0.026197447493581612 0.048075102911153675 0.0033181504552644383 0.04625555076742123 0.044748819240408036 0.043197807764469139 0.0068103149400596686 0.00047910537129260914 0.040547436785335615 0.024775064480086123 0.044690131469200076 0.0085798380298646188 0.038210716808206022 0.014554742551109641 0.043533035745921787 0.0028769847221415921 -0.00057787721597521218 0.027555131570847213 0.040021657548596073 0.038782821464371162 -0.010097955813217164 0.037147783598927189 0.0069214865190497131 0.047604854170007364 0.009729225613253031 -0.0053757285332580789 0.0084328502015136916 0.034195382619626548 0.021083709613292527
leaf_weight=10338.676258284599 86.466781422495842 456.19851364940405 593.50011776015162 92.901451215147972 33.936201337724924 2688.9748980514705 210.89940332621336 74.906711958348751 6061.7588494792581 89.219618707895279 418.08158795908093 76.332134000957012 58.406033348292112 36.700421243906021 34.805030260235071 139.49564067274332 114.35867179185152 961.66628147289157 37409.041991665959 64.045591976493597 54.802865460515022 58.317932568490505 56.283938426524401 373.9800585731864 84.563963901251554 619.54365136474371 426.00303324684501 5161.1920148134232 59.776784002780914 52.563787888735533 188.35580004379153 67.399786461144686 40.981797195971012 166.89989694580436 38.43654041737318 18589.109120309353 42.125655986368656 71.055701315402985 44.332270108163357 152.2824928611517 91.105165757238865 25.018412295728922 2311.4421007037163 5265.143967628479 97.804650105535984 43.010426044464111 57.694856002926826 239.08448446914554 671.60106667131186 82.717773113399744 255.9012898914516 57.183209538459778 158.70412121713161 466.1781592965126 72.321018621325493 1064.3144353181124 86.467969946563244 137.01006665825844 158.16923047602177 42.279613792896271 565.32195350155234 31.116142768412828 55.021256826817989 29.118590984493494 223.58384837955236 704.80405171960592 72.683308459818363 2470.2746100947261 4578.2792380824685 92.895339362323284 59.159574832767248 51.940864183008671 98.042713977396488 50.503631960600615 467.55537708848715 496.96916323900223 121.90201028436422 154.25744165107608 29.181274399161339 347.50815600901842 73.669311352074146 319.59960995614529 56.682721752673388 95.507623784244061 120.92861893773079 238.81081365048885 53.499709580093622 456.36317487433553 68.238834086805582 74.998226262629032 53.059435687959194 60.582359313964844 30.511998742818832 116.41752618551254 32.975440636277199 202.47968688607216 71.431656211614609 235.86326026916504 24.524553142488003 197.90950749069452 190.03810302168131 63.703084893524647 109.69975295290351 3915.0350932851434 124.43747687712312 573.25329471006989 80.70663970708847 66.761231251060963 49.097147613763809 32.590828441083431 71.736482083797455 46.509768731892109 404.50332171469927 30.576324671506882 187.67816568166018 503.02290535718203 540.28002440929413 91.581076432019472 357.59920348227024 43.069613687694073 173.30816853791475 32.822265852242708 50.636257898062468 40.428561069071293 27.676734358072281 262.49891379848123 213.09039361029863 54.553166847676039 49.950427617877722 1034.6584430783987 36.334092635661364 89.818487659096718 59.906303990632296 422.24766363948584 69.045195989310741 78.453381024301052 88.836180254817009 62.372521124780178 281.14794143289328 1694.9233585856855 39.250186651945114 40.125703558325768 306.65713002532721 31.207153633236885 53.935631211847067 830.08359976112843 183.89840139448643 842.77246575057507 1178.7690414190292 69.285889178514481 54.624698393046856 137.76974251866341 74.758628025650978 95.008916743099689 667.1353209502995 40.786079254001379 57.094913501292467 86.796807773411274 88.681809902191162 62.685832176357508 44.045818950980902 99.407887704670429 35.213355928659439 874.7553211376071 73.260774530470371 69.715969555079937 49.036321736872196 42.037968911230564 23.291855171322823 50.799351297318935 125.76221902668476 168.14924972504377 89.411721989512444 146.68574768304825 1436.3420217037201 26.149238638579845 33.306384589523077 36.11149949580431 50.984728924930096 82.071636609733105 241.93642411381006 162.74466664344072 90.411650136113167 278.01828894764185 48.791418958455324 98.00683306157589 927.61985339969397 58.794528514146805 43.18821743875742 48.533974915742874 67.406071893870831 33.212951108813286 47.91444443911314 137.02722602337599 27.704770881682634 149.77344751730561 33.359986055642366 39.10943491756916 28.850430715829134 337.39186012744904 77.39491405710578 80.811340548098087 95.174493946135044 36.400000974535942 45.881808448582888 476.44514587521553 86.367696564644575 44.258353222161531 76.802762191742659 59.772299274802208 31.904490698128939 324.18714465200901 34.723091274499893 93.912409223616123 36.03546104580164 100.45540426298976 60.870720557868481 64.52399604767561 126.70901345461607 299.94252643361688 2093.2843621894717 22.923182040452957 4527.622951105237 179.58695864677429 8765.7513480857015 241.10316726565361 130.60617822408676 183.2019345536828 30.735714197158813 103.34984901547432 63.673641294240952 76.823320519179106 95.743541140109301 25.337700638920069 37.51150244101882 61.573661804199219 83.757771581411362 60.411058865487576 70.84039481729269 43.49529641866684 54.082404889166355 196.30949371680617 34.47204016149044 34.621935609728098 60.26488534361124 33.636355586349964 52.743367396295071 76.085722632706165 66.67664260417223 58.146262034773827 31.621646672487259 53.681196160614491 69.55036599189043 70.015482097864151
leaf_count=195911 748 2300 9474 859 426 45311 823 339 13210 594 6304 531 334 520 391 1244 694 12893 28715 438 767 738 727 1752 574 7689 7356 13626 515 623 2416 1048 407 1543 506 22078 410 1133 390 1067 912 258 7958 8709 746 283 257 2504 2105 1299 3676 761 1904 2198 659 1748 522 1889 1365 409 4281 236 292 412 1282 2666 396 9025 8582 907 334 677 311 560 2424 2561 738 2515 277 1215 431 2733 706 1011 1139 1408 504 5912 610 764 562 621 254 944 207 1304 630 3468 238 1541 1179 669 1216 9564 934 4297 731 528 552 273 428 296 2460 242 1795 2951 3428 870 2468 310 1969 469 580 371 409 3794 2659 777 669 2630 426 942 408 2607 464 303 408 476 4706 25537 596 243 756 226 645 3360 947 4683 8661 587 410 673 468 739 6904 580 597 664 972 984 507 657 302 5696 363 512 460 271 241 725 2062 916 691 1046 23868 301 224 266 502 555 970 337 855 1918 615 265 3165 461 602 338 530 200 172 2009 232 1774 273 585 255 3864 861 238 349 457 509 6765 1215 562 971 509 476 3775 202 1065 239 794 514 604 785 3358 37143 299 17229 565 11655 1431 429 2113 294 592 375 820 1458 253 461 227 624 234 641 258 530 2510 322 262 405 413 356 761 372 573 401 457 363 485
internal_value=0.0355773 0.0439309 0.00555012 0.0341777 0.020562 -0.00181426 0.047319 0.026079 0.0440141 0.038385 -0.00519873 0.0293736 0.0131765 0.0211502 0.0053314 0.0396007 0.0354895 0.0117791 0.0487644 0.00897639 0.0244917 0.0145501 0.0302603 0.0320557 0.0352346 0.00830539 -0.00653859 0.0419334 0.0129399 0.0221351 0.000652588 0.00641998 0.0314826 0.0151137 0.0271988 0.047271 0.0140671 0.00245747 0.00845325 0.0238684 0.0248566 -0.000332149 0.0401975 0.0450143 0.0129114 0.0120164 0.0252191 0.0230762 0.0422644 -0.000409618 0.00555281 0.00993532 0.00130399 0.0293819 0.0257119 0.0434087 0.0423887 0.0116986 0.0152055 0.017728 0.0243287 0.0112129 0.0155514 0.030341 0.0363729 0.0378454 0.033609 0.0380601 0.04582 0.0262405 0.0200817 0.0143226 0.0317107 0.0315836 0.038229 0.0304622 0.0260014 0.00588488 0.00945589 0.033039 0.0279877 0.0172746 0.021543 0.0253739 0.0261537 0.0274387 0.0242473 0.00698885 0.0341906 0.01171 0.00942434 0.0302256 0.0289965 0.0351444 0.0199236 0.0321401 0.0360368 0.0108183 0.0118235 0.0223534 0.0187652 0.0117069 0.018089 0.041297 0.0287412 0.030156 0.0268517 0.0283101 0.013963 0.0292704 0.0196439 0.0126533 0.0292098 0.028745 0.0291608 0.02726 0.0242234 0.0311194 0.0347736 0.0304116 0.0152042 0.0184208 0.0279969 0.0301785 0.015093 0.00592264 0.00405766 0.0110414 0.0275112 0.0399511 0.0266563 0.0219112 0.0266861 0.0354338 0.0377218 0.0292685 0.0388264 0.0260291 0.00376072 0.00507259 0.0240167 0.0386244 0.0385225 0.0308244 0.0293382 0.0405307 0.0319005 0.0271465 0.0244067 0.030618 0.0328764 0.0256222 0.0290314 0.0187883 0.0185663 0.0228387 0.0125022 0.0108339 0.00409002 0.0102346 0.0318633 0.0197608 0.00396019 0.0332507 0.0261058 0.035809 0.0137686 0.0162508 0.00422331 -0.002708 0.00759915 0.0248373 0.0310897 0.0178345 -0.00096735 0.0128185 0.026496 0.0126562 0.0301639 0.0380389 0.0297319 0.0385117 0.0181008 0.0203184 0.0306718 0.0356995 0.034625 0.0286453 0.0153528 0.0243125 0.016586 0.0111204 0.0421846 0.0110173 0.0119235 0.0211478 0.0159074 0.0108155 0.0172836 0.0198422 0.00890707 0.0410323 0.0377452 0.00935125 0.000976839 0.00789211 0.0093685 0.0162369 0.0230735 0.0330355 0.00795511 0.0142442 0.0186824 0.0136643 0.00778844 0.0242776 0.01475 0.0261217 0.0199993 0.0122507 -0.0034332 0.00243754 0.0381059 0.0325563 0.0467129 0.0327554 0.0400794 0.00925039 0.028109 0.0338149 0.0268211 0.0166619 -0.00159187 0.00946776 0.00709611 0.0388484 0.0287937 0.0214174 0.0376668 0.0262234 0.0155098 0.00813346 0.00378206 0.0221171 0.019731 0.0243555 0.0134631 0.0197514 0.033617 0.0249976 0.0109136 0.035174 0.0233667 0.0376316
internal_weight=154800 121106 33693.4 31230.1 11088.3 22605.1 89876.3 10682.8 27367.4 20547.3 15340.9 5052.65 6035.67 4909.8 7264.15 7961.61 11328.3 5559.08 62508.9 4080.95 2763.17 3844.02 5773.04 5040.02 2289.48 3966.4 13057.4 9218.98 3282.63 760.966 3183.21 3110.4 5012.07 855.996 205.336 25099.8 1690.83 2283.49 724.922 561.391 3218.96 1558.57 7767.1 6510.7 1604.37 342.35 3182.26 2237.67 756.165 2945.81 1715.05 841.769 873.285 3123.49 129.504 6659.48 5595.17 1506.56 934.294 797.284 704.683 650.66 194.517 73.4509 1916.53 1692.94 988.14 2559.49 19405.8 2420.82 615.48 377.77 1533.32 114.549 6288.28 1435.28 745.059 651.471 497.213 433.976 2657.31 781.31 507.003 415.107 1456.36 1335.43 914.049 712.264 421.385 1036.98 864.105 944.589 237.711 175.577 759.888 327.411 273.911 2522.74 2286.88 573.553 451.651 261.613 322.967 6226.48 886.894 826.312 653.96 1805.34 115.858 1689.48 239.519 167.782 3194.11 3119.21 3052.23 2290.13 1291.28 998.851 762.103 637.432 714.878 541.57 208.805 92.6298 52.2013 572.268 530.142 267.644 79.1317 1245.56 503.073 350.79 260.972 1817.96 1317.26 500.701 1248.21 151.209 2073.42 1792.27 74.0552 82.4053 6173.92 1449.96 476.591 1097 266.918 2502.83 1409.44 1093.39 897.397 1316.54 614.16 167.692 726.912 172.879 97.881 139.361 121.273 256.839 1357.06 143.454 91.8961 1213.61 338.855 142.977 237.392 83.0198 1718.22 2718.77 176.562 495.828 257.561 238.267 1533.55 97.2049 418.185 90.0471 328.138 5867.26 324.008 5543.25 653.845 563.433 224.638 1540.62 1442.61 514.993 194.153 164.731 116.197 220.891 172.352 2194.25 2011.34 210.838 183.133 1800.5 405.352 366.242 1395.15 154.481 171.507 66.9763 182.909 811.046 743.646 267.201 180.833 104.031 1317.76 356.092 195.878 161.155 129.948 213.267 112.812 342.542 195.995 332.765 2542.21 448.926 5380.51 647.142 13344 446.468 205.365 274.307 73.9239 277.153 173.803 110.13 714.581 121.081 120.229 4733.37 205.742 144.169 353.147 114.336 97.152 299.34 230.782 68.5581 586.638 347.553 162.465 128.829 185.088 118.411 62.1336 690.216 123.232 566.985
internal_count=780898 285905 494993 164254 107527 387466 121651 84221 58696 80033 279623 34990 72537 46603 107843 25249 53303 68779 62955 56016 23127 44682 37618 28688 11863 55018 243496 26730 39618 6295 51827 45044 31323 9974 2049 34240 19416 36127 10567 5064 27187 25560 23713 12162 18668 3803 26667 19655 2679 48951 24097 11008 13089 19525 1420 17111 15363 17922 10282 8393 5568 7925 1536 802 9163 7881 5215 9619 33447 19324 5901 3968 9184 998 24615 8873 5007 9765 7250 1737 17327 7777 4752 3744 11878 10739 7822 9588 2917 13573 11632 7012 1933 1278 7626 2438 1934 31992 28524 4127 3389 2210 3201 17522 6755 6134 5028 13423 1080 12343 1969 1541 22080 21741 21042 16114 9640 6474 4928 4268 7741 5772 1945 1018 647 7640 7230 3436 946 3453 4326 3259 2317 9243 6333 2910 5869 884 31471 26765 987 652 23921 10374 3758 4985 1625 16658 10193 6465 5093 9334 3463 1135 7419 1941 1177 1287 1245 3640 9467 1164 1008 8303 2607 875 2876 678 25778 47585 2787 3523 1607 1916 25302 1434 3424 911 2513 23165 1525 21640 5372 4517 1891 6191 5926 2761 2656 1483 1145 1995 1106 27506 24988 2279 2047 22709 4704 4119 18005 669 880 699 2518 11070 10022 3257 2042 1071 17144 4251 1732 1530 1304 1985 1191 2522 1372 3827 44798 7655 21303 2989 20237 2328 897 3025 896 2011 1419 1044 11185 1711 1760 18314 1085 858 2307 899 840 3520 2832 688 5384 2880 1530 1117 1350 978 655 3866 820 3046
is_linear=0
shrinkage=0.01


Tree=16
num_leaves=255
num_cat=0
split_feature=54 6 6 9 56 9 6 57 56 54 29 6 119 56 13 6 53 6 46 12 57 6 62 10 52 54 10 33 131 6 28 57 21 83 36 49 12 89 56 51 13 28 123 21 21 34 131 20 34 127 15 98 9 21 36 128 6 57 127 29 83 134 82 16 57 32 9 116 12 21 132 46 46 58 6 46 34 133 32 6 6 38 20 28 66 117 116 37 59 135 6 56 127 46 49 44 33 127 6 33 116 21 79 58 132 46 33 20 6 132 40 62 20 61 100 33 73 57 1 20 49 32 54 49 49 127 134 67 6 28 34 6 116 106 78 44 40 131 58 49 131 116 56 88 54 38 57 32 117 51 21 54 133 16 21 61 43 114 34 20 6 20 57 33 29 46 21 56 10 57 33 134 25 59 59 56 114 114 13 54 46 68 61 88 43 6 118 20 59 86 118 116 10 38 80 38 80 20 59 34 21 131 79 54 65 38 6 62 116 121 116 28 44 46 20 51 13 114 44 38 40 36 98 40 20 131 12 134 12 14 52 25 93 36 49 49 83 35 44 99 86 122 135 134 98 44 121 25 1 117 29 9 20 66
split_gain=353037 44465.8 34145.4 8150.15 6367.64 6314.86 3845.06 3110.34 2704.32 2075.38 1704.35 1644.84 1502.12 1377.87 1255.29 1036.19 912.323 865.488 794.26 710.696 688.36 609.51 586.843 581.912 556.034 552.506 537.521 513.747 498.281 452.796 445.153 443.807 439.968 410.775 407.367 399.562 381.973 376.82 371.283 368.526 349.319 344.235 353.696 343.149 335.555 357.918 330.693 324.131 355.018 318.98 353.064 312.466 311.144 329.137 310.569 376.254 309.272 313.781 308.909 308.272 304.48 301.516 294.14 287.866 283.75 279.64 377.562 329.227 279.299 271.336 284.398 271.319 279.819 270.116 432.22 269.801 268.874 263.944 260.832 260.17 258.106 255.001 253.205 254.664 249.636 358.027 306.115 315.665 246.383 243.273 357.04 269.786 250.948 271.023 242.469 324.597 364.385 262.524 265.533 240.905 239.435 233.312 274.454 261.597 233.224 232.865 232.762 340.689 277.324 311.187 245.65 232.678 232.52 240.498 231.854 231.725 230.394 229.955 279.544 248.143 229.127 268.411 227.827 227.529 264.428 226.096 238.975 223.919 263.167 220.668 220.443 220.325 219.724 218.007 217.664 217.205 215.878 239.089 326.43 214.623 243.157 213.87 212.333 363.452 262.335 260.358 226.446 324.399 221.185 209.573 229.394 232.805 223.801 207.395 207.384 218.825 205.832 319.157 314.663 221.306 205.577 205.124 203.677 203.274 201.337 197.047 197.025 196.397 195.944 194.586 193.97 257.409 236.141 193.384 228.701 193.056 192.796 190.724 190.032 189.652 189.264 226.69 189.244 188.995 188.709 188.308 187.798 185.734 199.106 183.842 202.073 234.564 244.844 187.897 181.051 199.506 280.071 262.191 283.312 266.072 298.193 202.411 180.071 204.243 179.231 188.773 179.158 177.343 240.2 300.942 257.05 201.823 177.327 176.948 176.681 231.374 179.071 176.579 175.669 218.257 250.116 174.166 172.991 177.156 172.304 172.019 171.615 190.185 171.212 170.133 169.777 210.593 169.195 182.596 169.036 189.978 168.827 168.433 168.376 240.198 167.574 177.48 227.933 166.899 166.646 181.259 166.204 286.297 233.704 204.882 322.919 212.5 211.356 166.205
threshold=283.50000000000006 3409.8650000000002 524.97000000000014 139.91000000000003 4.5000000000000009 1919.7850000000001 1730.8150000000003 115.50000000000001 350.50000000000006 35.500000000000007 6.5000000000000009 411.59000000000009 3.5000000000000004 451.50000000000006 28.500000000000004 1903.4950000000001 100.50000000000001 4821.3350000000009 296.99212500000004 7.5000000000000009 68.500000000000014 19405.500000000004 8.5000000000000018 160.49500000000003 23.500000000000004 587.50000000000011 307.62500000000006 70.500000000000014 91.500000000000014 6806.6100000000015 77.500000000000014 37.500000000000007 2226.5000000000005 5.5000000000000009 4.5000000000000009 2056.5299000000005 4.5000000000000009 1.5000000000000002 123.50000000000001 4.5000000000000009 6.5000000000000009 42.500000000000007 1.5000000000000002 286.50000000000006 150.50000000000003 12.500000000000002 64.500000000000014 35.601351500000007 7.5000000000000009 82.500000000000014 3.5000000000000004 8.5000000000000018 337.93500000000006 2186.5000000000005 30.500000000000004 57.500000000000007 643.91000000000008 1.5000000000000002 89.500000000000014 93.500000000000014 9.5000000000000018 19.500000000000004 5.5000000000000009 1.5000000000000002 72.500000000000014 620.50000000000011 79.810000000000016 0.0049264196500000005 22.500000000000004 1719.5000000000002 94.500000000000014 1285.5556000000004 12525.358000000002 3.5000000000000004 373.72500000000008 1019.67105 51.500000000000007 84.500000000000014 172.50000000000003 118.03000000000002 1471.5600000000002 762.50000000000011 188.961105 176.50000000000003 47.500000000000007 0.0031561149500000003 0.0024818295000000007 21.500000000000004 145.50000000000003 2.5000000000000004 970.72000000000014 60.500000000000007 89.500000000000014 14867.941500000003 553.05632500000013 8.5000000000000018 180.50000000000003 57.500000000000007 844.0150000000001 239.50000000000003 0.00013361839000000005 441.50000000000006 5.5000000000000009 50.500000000000007 51.500000000000007 707.17015000000015 146.50000000000003 94.081668000000022 1062.9350000000002 60.500000000000007 14.500000000000002 4.5000000000000009 21.896429000000001 25.500000000000004 1.0000000180025095e-35 156.50000000000003 1.5000000000000002 179.50000000000003 4.5000000000000009 208.08143000000004 438.19708000000008 205.50000000000003 130.50000000000003 81.068265000000011 116.53784500000002 48.500000000000007 32.500000000000007 6.5000000000000009 1405.0600000000002 5.5000000000000009 9.5000000000000018 675.0100000000001 0.008929679250000001 2.5000000000000004 19.500000000000004 8.5000000000000018 134.50000000000003 38.500000000000007 98.500000000000014 123.56754250000002 14.500000000000002 0.0046953148500000009 14.500000000000002 3.5000000000000004 258.50000000000006 45.500000000000007 24.500000000000004 252.50000000000003 0.017995549000000003 6.5000000000000009 890.50000000000011 1123.5000000000002 39.500000000000007 2.5000000000000004 150.50000000000003 1.0000000180025095e-35 55.500000000000007 0.11678474000000001 97.500000000000014 355.67419500000005 947.57500000000016 31.911428500000003 123.50000000000001 434.50000000000006 20.500000000000004 23134.893000000004 1354.5000000000002 688.50000000000011 59.895000000000003 95.500000000000014 112.50000000000001 33.500000000000007 17.500000000000004 62.500000000000007 76.500000000000014 143.50000000000003 0.034484817500000008 0.0020625647000000005 16.500000000000004 1050.5000000000002 1750.5081000000002 1.0000000180025095e-35 8.5000000000000018 4.5000000000000009 7.5000000000000009 6605.7500000000009 0.0029803720500000005 54.946142500000008 11.500000000000002 29.500000000000004 0.0017331813000000002 0.0071859598000000007 399.05000000000007 173.50000000000003 2.5000000000000004 28.500000000000004 5.5000000000000009 69.900527000000025 4.5000000000000009 73.500000000000014 2303.5000000000005 32.500000000000007 6.5000000000000009 380.50000000000006 1.0000000180025095e-35 65.500000000000014 74.010000000000005 6.5000000000000009 0.0034897924500000006 1.5000000000000002 0.0017184736500000001 93.500000000000014 235.50000000000003 620.69718000000012 67.300835000000021 4.5000000000000009 14.500000000000002 0.014620812500000002 14.500000000000002 436.50000000000006 114.50000000000001 127.50000000000001 16.500000000000004 68.500000000000014 36.801275000000004 34.500000000000007 4.5000000000000009 56.500000000000007 4.5000000000000009 9.5000000000000018 1.0000000180025095e-35 1.5000000000000002 1.5000000000000002 29.500000000000004 5.2289070000000004 120.11329800000001 5.5000000000000009 42.500000000000007 5.5000000000000009 1.5000000000000002 8.5000000000000018 1.5000000000000002 2.5000000000000004 40.500000000000007 7.5000000000000009 22.500000000000004 1.5000000000000002 4.5000000000000009 3.5000000000000004 0.020145061500000002 55.500000000000007 28.705000000000002 59.901000000000003 1.5000000000000002
decision_type=2 2 2 2 2 2 2 2 2 2 2 2 2 2 2 2 2 2 2 2 2 2 2 2 2 2 2 2 2 2 2 2 2 2 2 2 2 2 2 2 2 2 2 2 2 2 2 2 2 2 2 2 2 2 2 2 2 2 2 2 2 2 2 2 2 2 2 2 2 2 2 2 2 2 2 2 2 2 2 2 2 2 2 2 2 2 2 2 2 2 2 2 2 2 2 2 2 2 2 2 2 2 2 2 2 2 2 2 2 2 2 2 2 2 2 2 2 2 2 2 2 2 2 2 2 2 2 2 2 2 2 2 2 2 2 2 2 2 2 2 2 2 2 2 2 2 2 2 2 2 2 2 2 2 2 2 2 2 2 2 2 2 2 2 2 2 2 2 2 2 2 2 2 2 2 2 2 2 2 2 2 2 2 2 2 2 2 2 2 2 2 2 2 2 2 2 2 2 2 2 2 2 2 2 2 2 2 2 2 2 2 2 2 2 2 2 2 2 2 2 2 2 2 2 2 2 2 2 2 2 2 2 2 2 2 2 2 2 2 2 2 2 2 2 2 2 2 2 2 2 2 2 2 2
left_child=2 3 4 8 12 13 9 15 11 32 24 20 27 29 22 25 26 31 139 -19 65 167 40 39 34 38 84 79 30 52 33 36 177 186 -6 58 -8 122 44 69 -7 42 230 130 -5 -46 -34 48 -21 185 165 82 53 161 55 62 -47 -58 71 -41 180 176 105 175 -22 67 232 -2 101 70 77 -10 -73 114 134 -17 106 123 132 -1 222 129 163 -84 85 -9 87 115 -23 92 -91 -92 136 -94 95 97 -97 98 -35 -40 221 -63 -103 104 -104 -39 107 170 125 110 213 -101 207 -114 -56 -87 -26 118 119 120 135 -122 154 -11 -125 -108 -127 128 -44 -77 -14 -43 -69 -105 -75 184 137 138 178 206 -141 -49 145 146 234 148 -144 162 -124 150 151 -139 -152 -37 155 -20 157 158 159 -38 164 -3 -148 246 -96 -51 -135 -16 -68 -31 171 -71 -173 -117 -175 -57 -32 -4 -27 187 181 -59 228 202 -36 -15 -13 188 -131 190 193 192 -192 -54 -64 196 217 199 -199 200 -197 -201 203 -80 205 -126 -12 208 209 210 211 -66 -18 -110 216 -216 -62 -196 -102 -220 -221 -28 223 -74 -190 -181 227 236 -106 -158 -25 -232 233 -67 -145 -236 -219 -203 239 -133 -88 242 -242 -123 -162 -246 248 253 -45 250 251 -250 -253 -248
right_child=1 5 6 7 10 14 17 16 35 23 18 28 43 49 21 75 212 19 37 47 64 88 -24 41 116 89 100 -29 -30 169 61 -33 46 94 117 153 156 54 99 59 -42 131 127 51 45 56 -48 141 -50 50 -52 -53 189 -55 73 63 57 60 -60 -61 214 68 194 -65 112 66 168 78 -70 76 -72 72 80 74 -76 81 -78 -79 183 -81 -82 -83 83 -85 -86 86 240 -89 -90 90 91 -93 93 -95 160 96 -98 -99 -100 111 218 102 103 133 182 -107 108 -109 109 -111 -112 -113 113 -115 -116 173 -118 -119 -120 -121 121 243 142 124 204 126 -128 -129 -130 179 -132 238 -134 166 -136 -137 -138 149 -140 140 -142 -143 143 144 -146 -147 147 -149 -150 -151 152 -153 -154 -155 -156 -157 229 -159 -160 -161 244 -163 -164 -165 -166 -167 -168 -169 -170 -171 -172 172 -174 174 -176 -177 -178 -179 -180 225 -182 -183 -184 -185 -186 -187 -188 -189 224 -191 191 -193 -194 -195 195 197 -198 198 -200 201 -202 237 -204 -205 -206 -207 -208 -209 -210 -211 -212 -213 -214 -215 215 -217 -218 226 219 220 -222 -223 -224 -225 -226 -227 -228 -229 -230 -231 231 -233 -234 -235 235 -237 -238 -239 -240 -241 241 -243 -244 -245 245 -247 247 -249 249 -251 -252 252 -254 -255
leaf_value=-0.0077932104388005966 0.0026578112127958594 0.034314104419117489 0.020743390739708732 0.046979993119195429 0.0037057553789020515 0.023745647791392859 0.0036379386380244049 0.03776216135196038 0.012842208583591728 0.0080119357952107267 -0.0041750385682631569 0.032443254715805211 0.0010048903910528436 0.041649321471799922 0.043454834937425774 0.015362104646633132 0.041025551527921707 0.00076337930882822526 0.0029228510502749654 0.043154439529310355 0.04191174589990921 0.046414574663178998 0.044941276890976038 0.043657089758678519 0.023016462954495519 0.0026915005179490555 0.030092191169755884 -0.00264104657274725 0.0069275636128515077 0.038479924525561177 0.038305307444185262 0.033078022425324129 0.031718162255642814 0.0077612702316050058 0.0039168369952578335 0.031773100803042971 0.024786224768810674 0.0095877408594803506 0.035379149687093714 0.029008055683300463 0.040256842840705319 -0.0061629657033035867 0.0032254608488385384 -0.0022987490283567294 0.043065357803276638 0.0067838939726587964 0.0038659138151821283 0.032438344416057613 0.016997861343888993 0.013081143758051599 0.040179093837966501 0.039048363198672158 0.043343079868271898 0.039607305292875379 0.014777798630923607 -0.0039438149943373888 0.007909300304333294 0.028312378879100441 0.0082454160378517515 0 0.034484769095324053 0.041458654491126179 -0.0074549082112205503 0.033325686144814709 0.026760096154696912 0.012004636373946333 0.045023746435217657 0.046644191999074096 0.033260401262662456 0.034876816297353279 -0.0064352259529749656 0.031094774547623563 0.0026217045957875884 0.025550799365619829 0.043643324258095459 0.042968458186358839 0.007570400051653106 0.024749872018003143 -0.0027028982579208965 -0.0011912615208177679 0.034558430432080518 0.017228225165512836 0.039433734180533503 -0.00012118791567947788 0.039053536230262142 0.033253903396055627 0.049286301097363393 0.032820861755347285 0.048099856720619963 0.013347844729982778 0.011211742652361821 0.032874608519244765 -0.0037487650027314794 0.030085665556297596 0.030210127403086737 -0.00055852574923779988 0.021623024275476427 0.048583649183190233 0.031966658256570822 0.014091575762399841 0.032352551833919524 0.0029195966590955008 0.0085046525579138364 0.00043901754405767526 0.0078062867100091183 0.048910129644938315 -0.010219501847923061 0.041023728621382177 0.018903001686862871 0.042049386698239072 0.037061461203398906 0.034973950882779006 0.0059343724845560561 0.034757729906734439 0.050810168489605366 0.013393941823768274 0.052910306707742757 0.045739101017663548 0.033422338672625153 0.044247280759101441 0.042808034978591224 0.033233504930603328 0.014162849189259516 0.031340920546183267 0.0023334177076758077 0.035622399867700015 0.0083524664008458732 0.03665093082705121 0.034677233578929274 0.0040339993892798808 0.039082986181267133 0.023246159036546934 0.010902474960252513 0.0330468481450958 -0.002039494617745624 -0.0014588676236707314 0.018039730442755721 0.0021557653253518913 0.035466618377702215 0.03594980349372387 0.0040435396240951285 0.040738546866779995 -0.0027289491751086347 0.034220234379211976 0.045618691424259179 0.00041767894572169285 0.030694098455277749 -0.002075507079600112 0.04039313422751864 0.038873963280491301 0.010702239501543222 0.030266786867526478 0.03377011975222094 0.041606724918108337 0.00083178311314457184 0.037589062317238846 0.022751028917291905 -0.0036736702002579356 0.003734329313961456 0.0089900647720531565 0.040944399940956465 0.02379860521650675 0 0.022233912662706381 0.053167664380758622 0.033841734707905982 0.0099985720218538129 0.046069228199010173 0.016833849745892592 0.042417204139399936 0.032243932733615262 0.0047136904079682846 0.035378818882509003 0.041144505236569318 0.014835211208064461 0.020718754842525354 0.014679762746628746 -0.0017081652874168035 0.029658603075611998 0.022476809136922432 0.035278139177591622 -0.0021230683676008682 0.037296166341190914 0.022574232009926747 0.023162020129385667 0.044542369916952762 0.055002942673797482 0.032621226185996832 0.039106517681070992 0.046087982722788995 0.027841037101862712 0.038744954766931843 0.035832246425511756 0.034053578212561629 0.0025473880918827998 0.0010409598387899946 0.038477057213121203 0.044313284505554877 0.0076100644419886745 0.040484169401607283 0.0300023316060536 0.023522596919820386 -0.0031981960340137206 0.025691343625764244 0.025999856929958032 0.018503167455255692 0.0023645661998934549 0.035612546932563542 0.0058895996254174597 0.039781680595540062 0.032171796993843912 0.0049429143241485254 0.048539850951612291 -0.007078546491588426 -0.00076678406784739367 0.024937180306582644 0.0071883618925991689 0.0017177448845095101 0.042490866284910001 0.0200407853760965 0.038067149613420941 0.042120924998651693 -0.0070174960628755232 0.031496514702245522 0.017874870106974881 0.038173243917974879 0.039785448256228644 -0.0057327195341076121 0.024397114707587292 0.049920856517152057 0.040749550269456876 0.014825720788822725 0.032876053771641198 -0.0047415565076412217 -0.0052292976143273814 0.022186776639640957 0.027951018476775072 -0.0031796922493046264 0.031063314212730224 -0.010053176069500611 0.032892278858911855 0.039013602398836521 0.020345184001014899 0.0071960424596704819 0.0059771846844346825 0.027988733005098153 0.011747590783319557 0.0022701228079876875 0.05096629685721369 -0.0035571389355158281 -0.0024971711659714218 0.0010869712157189201 0.038725022354609499 0.046133448463160462
leaf_weight=9786.9893938265741 850.24425525963306 325.9556832537055 37.668056674301624 38.065219338983297 223.28520277887583 146.9380112066865 105.58167531713843 936.56699296087027 114.93451705947518 736.10229835659266 1200.6081930734217 104.77770083770156 25.381530243903399 4472.3033320233226 5273.5197070986032 85.541018925607204 790.69288050383329 64.84580934420228 44.294597361236811 72.151051498949528 53.792594771832228 15635.15527639538 6006.9327356517315 193.239297285676 57.388413980603218 88.214292321354151 539.18253760784864 2929.2249812036753 179.45893029496074 3697.9819531366229 139.18177634850144 490.44258818775415 78.309311833232641 64.766414660960436 93.520365614444017 757.25557086616755 1782.2622553296387 28.977233160287142 263.64022053778172 334.28481242805719 3303.294127009809 37.611579176038504 96.732780426740646 1705.6193048022687 49.656763166189194 286.77586285769939 94.221083618700504 722.88740079849958 200.74951875209808 85.691085033118725 1239.6295663490891 19.94060493260622 830.1361692994833 360.99263253808022 34.784356884658337 367.29651185497642 194.19406189024448 68.891291126608849 86.448584794998169 41.854648262262344 66.063177891075611 36.471864756196737 54.806432761251926 22.747908867895603 59.593388848006725 323.6004744656384 53.416640318930149 38.57372323423624 116.55264870077372 52.263076636940241 75.411350883543491 1210.6460895203054 43.757852151989937 36.555554255843163 35.041326247155666 318.55182231962681 182.47042052447796 176.18466905504465 40.43559467792511 640.36814632639289 58.738999888300896 95.32175750285387 32.102141298353672 30.157800864428282 784.28775510191917 126.46186553686857 72.102076828479767 402.61662290245295 32928.702005326748 238.5643249116838 74.478584207594395 333.80170198529959 44.237998232245445 46.894273988902569 102.78623677045107 89.149141669273376 409.02824381738901 68.084422744810581 173.90088767558336 169.78558304160833 329.29687532037497 143.80536667257547 117.50966252014041 133.64788953587413 81.173688992857933 34.420785371214151 47.663216192275286 117.15985802188516 55.320193853229284 68.129301458597183 36.803912445902824 81.865686304867268 218.07008365914226 31.958075843751431 43.316675797104836 336.27404797077179 58.429217707365751 30.880907949060202 99.242209449410439 26.206371873617172 47.104015592485666 33.202114693820477 91.738557767122984 100.63295720145106 173.79824963957071 38.086132410913706 183.61497188359499 53.206121601164341 35.423012487590313 49.546413064002991 38.53521766141057 52.639327481389046 34.119964819401503 54.320702485740185 107.69361153617501 132.93117246776819 124.45903097838163 57.078819237649441 100.59203018993139 28.062493678182364 124.61020928621292 712.86539815366268 388.47789628431201 25.7552130818367 28.340127043426037 68.369038991630077 76.583960130810738 108.41101809218526 52.650158703327179 570.55833201855421 48.064273234456778 61.526716493070126 839.83215248212218 364.23285581171513 1461.8687314987183 30.241891529411077 53.092116802930832 44.250473275780678 82.152953386306763 98.58217117190361 54.490487858653069 541.28763687610626 29.235728591680527 40.591544780880213 79.903228007256985 113.16032253205776 123.36033707857132 11380.108572430909 54.131408609449863 2561.7098248898983 105.74300664663315 157.51888963207603 28.377825677394867 65.802679762244225 74.758849784731865 32.665957417339087 52.52410215139389 806.30525875464082 36.025022469460964 89.307547271251678 204.68366410583258 36.077084101736546 97.221229732036591 81.510920040309429 116.58021495118737 7517.9564869254827 77.607479989528656 1397.4816668704152 71.821460649371147 265.46495073288679 700.40643333643675 1258.3182845935225 1088.2950823381543 386.77119577676058 103.62233145162463 536.43185072392225 51.588815949857235 37.460612807422876 48.952617008239031 31.380882028490305 36.170385893434286 47.939356815069914 124.26113693416119 61.846564922481775 81.829760916531086 124.42295634001493 639.16670177131891 81.125132713466883 109.13681510090828 83.456328563392162 87.936075016856194 145.31221779063344 810.4291001111269 46.093573428690434 105.97807164490223 49.707622081041336 40.750574722886086 36.183343466371298 2426.4584082588553 95.800592534244061 806.58478729426861 187.333461612463 42.340647123754025 41.67413853853941 99.069182947278023 1030.9421165511012 31.835617046803236 35.335735119879246 343.10913329198956 53.761185847222805 63.746187657117844 70.110369797796011 29.968890804797411 79.25837143138051 59.871298588812351 40.548285514116287 82.217852286994457 42.931140072643757 75.35221941024065 33.896181646734476 625.15000922232866 334.81311397999525 212.43179163336754 92.602717455476522 61.698356598615646 104.56135196983814 39.892282094806433 321.85846792906523 25.747070509940386 88.457616727799177 58.407605245709419 38.209936812520027 23.228759009391069 22.682829722762108
leaf_count=187452 11786 1590 485 187 3165 750 1347 4025 1088 9002 20856 756 390 10865 8907 645 2123 742 687 382 414 16992 8496 1299 505 854 2391 51421 1864 11052 995 3108 862 717 1295 4030 14460 393 1589 2777 7762 505 1072 28677 336 3285 1393 3458 1516 484 2888 190 2534 1426 454 5614 1915 511 812 540 445 229 856 208 475 3980 379 356 756 460 1039 7712 418 387 265 1105 2058 1786 612 10994 270 591 323 458 2648 671 262 1847 22734 2126 634 1813 464 286 678 939 3313 356 1169 1425 1500 1670 1236 1445 921 285 664 897 535 466 256 469 2389 213 340 2521 237 190 820 178 356 259 1289 880 2058 317 2197 329 245 449 391 516 433 390 1519 1735 825 564 510 320 1881 2521 5889 279 250 1011 861 1573 563 2758 423 371 5144 1241 22809 341 408 493 819 924 274 3001 401 534 380 352 1200 13292 569 5980 970 1956 284 254 474 361 489 12060 206 494 1320 382 635 846 1286 12627 343 7642 351 645 3399 4309 4023 1448 1501 7698 524 330 616 297 386 572 1756 688 694 1254 10059 612 1276 616 777 1757 1254 570 1108 358 364 530 6920 485 2369 473 424 249 698 4213 297 556 2977 215 370 647 238 1078 913 470 984 627 573 437 2973 1368 1328 1077 549 648 596 5218 243 1327 921 559 239 239
internal_value=0.034399 0.0419759 0.00499795 0.0302871 -0.00143725 0.0449972 0.0213351 0.0341692 0.0221568 0.0149919 0.00620072 0.0181967 -0.00501501 0.0406773 0.046468 0.0293053 0.0378537 0.0279616 0.00429451 0.0334407 0.0124148 0.0469706 0.0429918 0.0184881 0.0182572 0.0260561 0.0364936 -0.00634906 0.0232579 0.0381776 0.0242844 0.0243503 0.0023283 0.0283698 0.0155056 0.0303608 0.0223894 0.00665381 0.0214328 0.0165066 0.0395707 0.0266533 0.0310256 0.00207705 0.0181621 0.0170751 0.0167836 0.0346727 0.0242133 0.0429076 0.0381483 0.00146494 0.0360662 0.03136 0.00998959 0.00837819 0.0157608 0.0190806 0.0270292 0.0258226 0.0228141 0.0202948 0.0111514 0.000203761 0.0197034 0.00880969 0.0148134 0.00614637 0.0184233 0.0151297 0.0122493 0.0280842 0.0293108 0.0202171 0.0131171 0.0336193 0.018871 0.0132758 0.0138559 -0.00738903 0.0174707 0.0341015 0.00112013 0.0207108 0.0337365 0.0324012 0.0301342 0.0258464 0.0475594 0.028908 0.023315 0.0290212 0.0306714 0.0138264 0.0261485 0.0228061 0.0176473 0.0309832 0.0255588 0.0285564 0.0389719 0.0168289 0.0159247 0.0178718 0.0215532 0.0319329 0.0210407 0.0261771 0.0159529 0.0246709 0.015556 0.0211465 0.0181294 0.00990478 0.0356567 0.0210824 0.0388247 0.0193873 0.0179648 0.0150044 0.0133346 0.022713 0.00408807 0.0115683 0.0169378 0.00910501 0.0133585 0.0195319 0.0121216 0.0346128 0.024603 0.0151761 0.0307432 0.0101944 0.00513785 0.00847414 0.031448 0.0323475 0.0221714 -0.0009437 0.0103618 0.0366174 0.00788038 0.00535428 0.0189396 0.0166908 0.00180378 0.0100187 0.024217 0.033762 0.030783 0.0170814 0.0325595 0.0350441 0.00168023 0.0177334 0.0233168 0.0225376 0.0231367 0.023974 0.0326471 0.0278322 0.0223106 0.000583033 0.0407723 0.0251645 0.01739 0.0452473 0.0314928 0.0401058 0.0208823 0.0155695 0.00977481 0.0177081 0.0276263 -0.00181162 0.0321023 -0.00064762 0.0109362 0.0336064 0.0295768 0.0179143 0.0244306 0.00966603 0.0147604 0.0434712 0.0425894 0.0312264 0.0221251 0.0373258 0.0367566 0.0352488 0.0327433 0.0404595 0.00997111 0.0108429 0.0172491 0.00799894 0.0242767 0.00589639 0.00298587 0.0191807 0.00482096 0.0145337 0.0129538 0.00919134 -0.00189755 0.0216938 0.0192107 0.0229962 0.0179412 0.0115337 0.0448911 0.00708891 0.0146356 0.00758881 0.0244863 0.0131896 0.0400739 0.0408148 0.036213 0.0333147 0.00912663 0.0172196 0.0272051 0.0369731 0.0189884 0.0141619 0.0212979 0.0371789 0.0373502 0.0276631 0.0105201 0.00867815 0.0122509 0.00596044 0.0201789 0.0110028 0.0202096 0.0101573 0.0335449 0.032486 0.029778 0.0145586 0.0255722 0.0200479 0.0001818 0.0061745 -0.00100591 0.00831277 0.0155428 0.0275252 0.016247 0.0254097
internal_weight=158480 126007 32473.8 25886 23298 100121 9175.85 17515.1 8370.87 4692.23 7430.56 5650.84 15867.4 25446.1 74674.7 7558.05 9957.04 4483.62 6419.19 1773.5 2641.75 65217.5 9457.16 3675.72 1011.37 4320.46 8355.92 13356.6 3009.09 12017.3 2829.63 2710.13 1016.5 1390.75 895.555 2720.03 2219.68 4426.74 1656.13 2963.77 3450.23 711.957 512.458 2510.81 1140.84 1102.78 172.53 1708.65 272.901 13428.7 1438.48 2446.9 5757.63 1228.24 1920.36 1662.97 1053.12 766.346 1598.54 376.139 572.151 1438.88 1240.25 422.71 870.381 1771.37 540.376 1230.99 1247.17 2587.63 1468.38 1512.09 1397.16 257.392 179.29 3237.58 1119.24 1392.97 380.748 10427.4 186.512 3152.04 2426.96 62.2599 3971.27 3186.98 2250.41 1005.91 48563.9 2664.33 646.845 408.28 2017.48 91.1323 1208.37 804.929 498.177 306.752 238.667 515.291 4384.66 1130.62 1094.15 950.343 639.014 63.398 936.774 461.063 475.711 206.347 138.218 251.651 816.588 250.028 78.101 603.297 115.818 672.27 641.389 542.147 515.941 172.909 2506.39 1216.79 480.684 269.364 221.701 185.362 132.156 3056.72 63.9167 199.499 72.6937 311.329 144.249 343.032 1926.35 1801.89 224.831 1992.45 152.673 1435.75 969.981 757.224 154.515 212.758 602.709 214.231 144.389 1577.06 1006.5 118.606 887.896 1121.49 1536.41 74.5365 2114.1 2007.25 1963 1880.84 403.44 867.243 105.82 2364.7 182.689 198.851 177.681 16653.6 107.548 6259.69 343.903 238.16 185.897 476.836 140.562 399.962 191.706 843.973 124.239 2738.17 309.652 104.968 521.504 308.054 210.101 11990.3 182.385 1617.92 220.437 4529.39 4263.93 3047.02 1788.7 1216.91 1176.86 1122.05 340.784 781.267 86.4132 694.854 572.602 122.251 226.543 102.282 380.051 298.221 1839.77 566.56 485.435 376.298 292.842 204.906 1601.12 101.414 262.499 155.686 106.814 289.195 3658.14 3328.84 902.385 726.516 127.773 85.432 170.891 1120.25 185.573 153.737 424.283 106.853 327.096 133.857 432.828 402.859 126.175 100.42 118.401 90.8705 161.888 86.5355 1244.5 1172.39 837.582 125.805 220.75 166.26 2324.1 384.434 1939.67 234.051 145.593 87.1858 61.4387 62.5751
internal_count=780898 300725 480173 155169 397327 145556 82846 82746 72423 52453 107155 56179 290172 66623 78933 46860 35886 30393 96052 8619 31250 61925 17008 37653 11103 30672 32509 249867 24929 39407 23065 21774 14800 10122 10361 16244 18666 62936 13694 31660 8512 5993 3962 40305 10211 10024 2255 7877 1898 27216 3724 39524 22375 6017 25600 22635 9688 6403 10973 3317 4488 12943 16452 6183 8529 22721 6244 16477 11459 28343 16713 10161 9073 2965 2171 16188 11630 15674 4691 198446 1361 15543 39334 781 18371 15723 11698 5767 39726 16978 4573 2447 12405 750 9023 6494 4252 2242 1886 3483 14138 10703 10474 8804 5769 678 9572 4567 5005 1827 1361 1894 8115 2602 794 3920 742 7196 7006 6186 6008 1692 37336 13888 4886 3178 2514 1646 1317 14952 781 2031 789 3035 1906 4316 11655 10830 1570 33116 2201 5979 13499 10636 1912 2863 8724 2835 1852 9260 6502 935 5567 5271 23837 1028 17319 16696 16203 15384 2529 4591 1262 38553 1058 836 1590 22199 948 17032 3670 2700 2240 3249 728 5975 1484 12545 1060 13847 2213 893 4533 3902 2581 23492 1099 9140 1498 16358 15713 11731 7422 3982 15774 14918 4392 10526 946 9580 8084 1496 3056 1300 4006 3312 30915 5513 4901 3625 3009 2232 3377 1105 2275 1466 809 3868 11274 9774 2854 2864 1091 667 1049 4707 2367 2070 3898 623 2316 1017 5296 5058 1662 1383 1514 1199 1526 953 5931 5669 4301 1336 1471 1197 38019 6053 31966 3289 1962 1041 798 835
is_linear=0
shrinkage=0.01


Tree=17
num_leaves=255
num_cat=0
split_feature=7 54 8 54 54 7 12 54 29 54 44 57 12 109 59 53 7 101 57 12 53 63 54 57 7 128 12 12 122 94 46 67 89 8 33 46 57 57 18 7 54 70 132 18 46 102 47 27 27 21 29 21 47 132 64 53 58 38 135 18 101 94 8 19 29 42 30 19 47 118 7 9 132 132 38 135 139 12 117 7 19 8 117 29 115 21 19 7 121 29 114 18 18 27 38 18 59 7 7 114 19 34 33 128 12 30 27 47 34 115 124 33 21 21 46 59 18 57 33 30 97 34 114 64 31 33 7 120 9 46 114 132 115 27 41 18 86 45 18 114 132 46 27 8 57 33 54 115 40 38 27 133 19 134 29 29 19 132 38 54 27 118 9 10 21 57 8 21 46 86 54 21 27 136 132 31 10 54 133 67 33 66 47 18 121 106 19 117 64 47 115 40 57 33 21 115 25 44 121 118 99 34 115 18 18 21 9 130 54 27 118 114 132 30 54 29 47 63 21 33 18 46 115 135 33 7 118 8 54 33 47 117 107 22 35 18 29 12 118 21 115 7 129 128 133 102 12 115 8 96 14 36 5 12
split_gain=334845 35309.1 34122.6 7162.7 5952.01 5279.44 3859.32 1967.82 1799.67 1669.54 1529.21 1322.46 950.792 942.772 928.067 881.163 798.606 662.387 642.319 614.632 600.547 594.958 590.697 585.856 552.727 546.157 544.489 533.851 457.805 452.369 450.976 430.879 404.872 404.002 403.267 400.152 393.717 376.865 406.674 366.387 361.417 345.355 343.168 340.84 329.959 326.936 323 321.06 316.243 387.347 363.822 314.949 309.945 293.513 292.578 382.587 325.976 291.496 314.138 293.881 288.851 282.996 280.857 274.891 273.501 340.069 321.568 272.73 263.622 263.519 262.912 262.657 262.554 325.807 259.98 338.577 259.728 258.485 348.528 257.713 255.433 255.433 260.663 255.661 255.372 254.709 264.992 298.754 260.003 254.131 251.14 249.992 246.472 250.336 244.638 304.574 239.171 246.835 235.19 235.176 234.915 234.105 233.32 229.232 229.168 231.927 229.081 226.133 225.743 252.166 234.794 225.035 233.628 233.755 224.798 233.813 223.733 225.582 274.132 223.443 222.473 325.583 221.493 291.201 220.413 258.122 217.775 217.127 216.418 579.934 232.353 232.931 230.799 308.355 297.342 214.205 213.728 245.799 212.297 257.256 212.288 217.894 211.678 211.259 210.709 228.187 210.294 240.119 306.907 304.324 231.913 276.727 210.092 209.726 208.883 206.989 206.252 268.06 205.448 205.254 303.91 243.196 204.932 319.597 204.457 203.158 202.421 201.461 199.655 198.097 198.002 197.281 276.857 196.812 194.946 210.215 231.769 248.196 342.915 194.941 191.904 191.743 202.261 191.574 234.975 220.531 217.007 191.239 283.629 262.482 190.349 300.403 189.253 188.635 209.273 251.641 242.386 291.971 188.622 228.789 188.49 208.991 188.113 260.303 204.263 186.517 186.455 186.299 313.232 185.557 185.534 185.31 214.016 185.058 184.836 218.208 184.757 184.459 187.572 285.567 183.571 181.394 299.94 190.51 180.62 180.061 179.96 190.964 179.772 179.332 341.862 336.838 255.814 177.918 207.625 177.452 209.056 220.483 177.288 255.705 355.966 204.711 177.229 179.313 222.515 204.472 181.558 268.84 187.282 312.147 297.558 240.947 186.476 177.036
threshold=399.03000000000003 130.50000000000003 1236.0200000000002 651.50000000000011 847.50000000000011 6199.9850000000015 1.5000000000000002 942.50000000000011 4.5000000000000009 189.50000000000003 2.5000000000000004 167.50000000000003 8.5000000000000018 1.0000000180025095e-35 147.50000000000003 3.5000000000000004 1321.1800000000003 1.0000000180025095e-35 1.5000000000000002 6.5000000000000009 16.500000000000004 3.5000000000000004 29.500000000000004 64.500000000000014 1581.8900000000001 89.500000000000014 30.500000000000004 22.500000000000004 1.5000000000000002 6.5000000000000009 1523.7135000000003 15.500000000000002 2.5000000000000004 47.910000000000004 70.500000000000014 707.17015000000015 29.500000000000004 1054.5000000000002 149.99187000000003 2550.4850000000006 43.500000000000007 1.5000000000000002 86.500000000000014 122.01427250000002 2006.2785000000001 2.5000000000000004 191.56839000000005 497.50000000000006 703.50000000000011 376.50000000000006 39.500000000000007 2234.5000000000005 252.58877000000004 64.500000000000014 1.5000000000000002 17.500000000000004 59.500000000000007 193.50000000000003 2.5000000000000004 118.56728000000001 1.0000000180025095e-35 10.500000000000002 398.64500000000004 137.75057500000003 58.500000000000007 15.500000000000002 4428.5000000000009 608.05090000000007 1499.7691000000002 0.015580370000000001 2094.9300000000003 312.8300000000001 86.500000000000014 81.500000000000014 405.50000000000006 2.5000000000000004 2.5000000000000004 17.500000000000004 0.034014586500000006 343.34000000000009 22.006142500000003 124.92500000000003 0.010457701000000002 248.50000000000003 0.10447996700000002 1142.5000000000002 67.266995000000023 199.00500000000002 2.5000000000000004 38.500000000000007 0.0092197695000000024 114.02522000000002 279.00725000000006 332.50000000000006 13.500000000000002 59.800842500000009 12.500000000000002 1153.2450000000001 109.04500000000002 0.039126735500000002 458.95833500000009 43.500000000000007 98.500000000000014 88.500000000000014 13.500000000000002 2344.5000000000005 1143.5000000000002 3815.1141000000002 65.500000000000014 0.029414032500000003 2.5000000000000004 915.50000000000011 2254.5000000000005 2328.5000000000005 1050.6079000000002 36.500000000000007 284.70512500000001 15.500000000000002 134.50000000000003 1083.5000000000002 1.5000000000000002 39.500000000000007 0.020948520000000002 1.0000000180025095e-35 1735.5000000000002 491.50000000000006 3592.0200000000004 1.0000000180025095e-35 184.79500000000004 2287.5033000000003 0.093048537500000014 86.500000000000014 0.15837521500000004 823.50000000000011 20.500000000000004 119.50458500000001 8.5000000000000018 16.500000000000004 46.569933000000006 0.04942749250000001 18.500000000000004 34.866575000000005 720.50000000000011 2466.8300000000004 40.500000000000007 324.50000000000006 55.500000000000007 0.049506058500000005 10.500000000000002 72.500000000000014 996.50000000000011 50.500000000000007 258.01581000000004 13.500000000000002 81.500000000000014 40.500000000000007 76.966145000000012 51.500000000000007 58.500000000000007 242.50000000000003 979.50000000000011 0.0082940525000000011 330.64000000000004 133.69500000000002 2139.5000000000005 567.50000000000011 219.10000000000002 575.50000000000011 641.37740000000008 13.500000000000002 1149.5000000000002 2215.5000000000005 1008.5000000000001 2.5000000000000004 85.500000000000014 600.50000000000011 21.810000000000006 237.50000000000003 52.500000000000007 5.5000000000000009 164.50000000000003 1.5000000000000002 350.22037000000006 82.423750000000013 1.5000000000000002 1.5000000000000002 86.198570000000018 0.022730543000000002 1.0000000180025095e-35 350.22037000000006 0.16663655000000002 10.500000000000002 200.50000000000003 84.500000000000014 1499.5000000000002 0.066674280000000016 5.5000000000000009 6.5000000000000009 1.5000000000000002 0.0067270608000000011 2.5000000000000004 13.500000000000002 0.073381627500000005 71.42625000000001 37.214583000000012 1598.5000000000002 1221.9650000000004 50.500000000000007 498.50000000000006 612.50000000000011 0.0029448111000000003 0.055140409000000008 93.500000000000014 2022.5000000000002 45.500000000000007 83.500000000000014 4296.076250000001 1.0000000180025095e-35 80.500000000000014 170.50000000000003 142.00065000000004 1569.1003000000003 0.063472387500000019 2.5000000000000004 200.50000000000003 821.16500000000008 0.0010605157000000002 115.05000000000001 625.50000000000011 166.50000000000003 159.28138000000004 0.0083070860000000017 1.5000000000000002 1.5000000000000002 52.500000000000007 301.02390000000008 7.5000000000000009 3.5000000000000004 0.026292388500000003 1199.5000000000002 0.10829298200000001 1129.5400000000002 89.500000000000014 69.000000000000014 73.500000000000014 2.5000000000000004 11.500000000000002 0.05053349800000001 448.04500000000002 5.5000000000000009 3.5000000000000004 8.5000000000000018 1.0000000180025095e-35 4.5000000000000009
decision_type=2 2 2 2 2 2 2 2 2 2 2 2 2 2 2 2 2 2 2 2 2 2 2 2 2 2 2 2 2 2 2 2 2 2 2 2 2 2 2 2 2 2 2 2 2 2 2 2 2 2 2 2 2 2 2 2 2 2 2 2 2 2 2 2 2 2 2 2 2 2 2 2 2 2 2 2 2 2 2 2 2 2 2 2 2 2 2 2 2 2 2 2 2 2 2 2 2 2 2 2 2 2 2 2 2 2 2 2 2 2 2 2 2 2 2 2 2 2 2 2 2 2 2 2 2 2 2 2 2 2 2 2 2 2 2 2 2 2 2 2 2 2 2 2 2 2 2 2 2 2 2 2 2 2 2 2 2 2 2 2 2 2 2 2 2 2 2 2 2 2 2 2 2 2 2 2 2 2 2 2 2 2 2 2 2 2 2 2 2 2 2 2 2 2 2 2 2 2 2 2 2 2 2 2 2 2 2 2 2 2 2 2 2 2 2 2 2 2 2 2 2 2 2 2 2 2 2 2 2 2 2 2 2 2 2 2 2 2 2 2 2 2 2 2 2 2 2 2 2 2 2 2 2 2
left_child=1 6 3 9 8 7 10 18 23 16 34 26 17 19 27 36 22 35 39 46 51 67 92 69 29 37 43 42 30 90 99 -27 61 -18 135 -10 -6 38 62 53 91 138 -7 242 -38 206 -8 101 49 -24 72 155 140 -4 55 56 -25 58 64 -60 63 159 104 -54 65 210 -67 -9 70 98 124 235 73 116 75 103 84 85 153 94 -77 83 -83 136 162 88 171 -88 221 -76 225 -21 142 -94 95 102 97 -28 205 174 -95 216 -42 108 105 -13 -86 -64 -46 -110 202 112 238 -114 120 -116 117 166 -119 127 -63 -122 168 -124 -45 -126 -20 -93 130 -130 132 253 133 -32 144 -1 154 -138 179 -140 141 -12 -2 -128 -135 224 -62 -148 150 -150 151 -149 -92 -79 -30 190 157 -66 -134 160 -31 209 163 -26 -127 -23 -50 -100 -51 -120 -40 192 -173 -168 175 176 177 200 -179 -17 -85 182 -157 184 -52 186 -185 188 -177 -189 -15 -192 198 -159 196 -196 197 -195 199 -87 201 -19 204 -204 -111 -3 -29 -169 -209 -161 -49 212 -35 -200 -188 -216 -37 218 219 -36 -97 -14 -223 -224 -146 -11 227 -82 -131 -96 -231 -232 -233 -109 -235 236 237 -48 239 241 -241 -34 243 244 246 -245 247 -5 249 250 -248 -250 -249 -132
right_child=2 4 5 11 15 14 13 21 12 24 52 25 77 20 -16 41 33 28 126 40 -22 165 48 54 76 31 96 45 81 32 128 -33 111 211 217 47 44 -39 170 -41 79 -43 -44 68 74 -47 71 57 50 122 183 -53 60 -55 -56 -57 -58 -59 59 -61 146 114 107 -65 156 66 -68 -69 -70 -71 -72 -73 -74 -75 89 80 -78 78 -80 -81 226 82 -84 180 106 86 87 -89 -90 -91 152 119 93 100 229 220 -98 -99 167 -101 -102 -103 -104 -105 -106 -107 -108 233 109 110 -112 -113 113 -115 115 -117 -118 118 169 -121 121 -123 123 -125 125 164 143 -129 129 228 131 -133 158 134 -136 -137 137 -139 139 -141 -142 -143 -144 -145 145 -147 147 148 149 -151 -152 -153 -154 -155 -156 181 -158 193 -160 161 -162 -163 -164 -165 -166 -167 173 207 -170 -171 -172 172 -174 -175 -176 187 -178 178 -180 -181 -182 -183 -184 185 -186 -187 214 189 -190 -191 191 -193 -194 194 195 -197 -198 -199 213 -201 -202 -203 203 -205 -206 -207 -208 208 -210 -211 -212 -213 -214 -215 215 -217 -218 -219 -220 -221 -222 222 223 -225 -226 -227 -228 -229 -230 230 231 232 -234 234 -236 -237 -238 -239 -240 240 -242 -243 -244 245 -246 -247 248 252 251 -251 -252 -253 -254 -255
leaf_value=-0.007812863496358324 -0.0017877848818003746 -0.0041203103518009558 0.02264889775811571 0.034275142555694783 0.018133247736875132 0.038466328023015577 -0.0010792132474006172 0.039226390311628542 0.00082915190648310394 0.0011328302312412727 0.037294048455896824 0.033696917211497847 0.0075073597175497235 0.020271720964716394 0.045848920489169179 0.0011868716308017636 0.0111339998852485 0.0038350788346284683 0.033612639348634572 9.5517162767474372e-05 0.047903265270508255 0.041233271228861473 0.032969980933088346 0.023232719626243147 0.031269519014519437 0.017072781994722824 0.0081421559114367645 0.035539654357840456 0.043624273687217684 0.0096242090393144752 0.0061322216543233613 0.0352091922892303 0.023375790652688157 0.032553977968060914 0.00066962938691926099 -0.0044430286871279543 0.010336814481352386 0.042244349762721407 0.033587088891826142 0.03100813603394403 0.020429729104954223 0.039357059742343242 0.021473661894742879 0.027644176400453701 0.040754867329498554 0.044370115493097197 0.024771761158434675 0.056344858002386297 -0.0010781779756996344 0.013088998978604813 0.0035062024239273476 0.034848600538627109 0.00016117747793853923 -0.0001611116954035998 0.038057654931559673 0.040208111012263535 -0.0066251768154522526 -0.0053712352409592025 -0.0013261506712641674 0.021879171037486943 0.0031236170155836511 0.0035843891941600803 0.031580004921194352 0.028610989654865551 0.0023706567367516597 0.013762921444922485 0.044802196122001432 0.023709281467906945 0.034517192935218245 -0.0069829740852927194 0.036786018628785062 0.035627508335122189 -0.0012171643130359669 0.043631719420604766 0.023935282110245138 0.035614198321407921 0.04576604932148199 0.047507922225735869 0.0010168905546236967 -0.0039488686527748033 0.0070765094474253719 0.016361780987775548 0.044586915781834151 0.044026530061121838 0.020554540798955304 -0.0026737365675765365 -0.0025891050339064288 0.027397144052979848 0.05106734856422851 -0.0014496134210667296 0.040719531943532415 0.042879273323335756 -0.0047572542657271198 0.039315386011394629 0.0060215334576708196 -0.0026234035359198921 0.03628941767469205 0.030905955555995505 0.042523611604961022 -0.0027960660349539645 0.0063270514066752284 0.010503429301204468 0.056588782040922839 0.016306150640562789 0.032571667017021098 0.010269811343822138 0.036896744083845995 0.038596792746195797 0.011386758664406103 0.025303255318368731 0.015795317845421122 0.043205583815872556 0.0030170166868876947 0.030284520011137378 0.023099796411681833 0.010308211623096142 0.039213207596002338 0.042023887479969088 0.00583535027738071 -0.0031930702273441757 0.032698310930394298 -0.00034625166105305241 0.013648310110639003 0.035443812537872266 -0.0004501878402199843 0.0087731952631092663 0.042054123866980916 0.010852444021189433 0.050276746386608111 -0.00020980344427969821 0.031539703146953743 -0.0011593360764613541 0.040851390031471056 0.010686919746694595 -0.0045820643142738503 0.00022207318353200479 0.003798437214081431 0.02941203043520401 0.016085294272971416 0.040347273656249814 -0.0034035888948472613 0.0040228540625156985 0.011256772966818309 0.034711097271758487 0.027567877220909965 0.040566532203417209 0.034146248575680639 0.035363885121963784 -0.010366869554323142 0.019665783123809052 0.040770249685845104 -0.0060657167812809788 0.019727165987195743 0.025806342351134676 0.0080287595656459605 0.00055420531395284224 -0.0041599954645958354 0.0061903574798138983 0.0075722345404767161 0.016784398524691213 0.036612658141112975 0.041498737481956011 0.036644517471490605 0.0086976517883231488 0.036786633158433495 0.044064915337225966 0.020754564315581484 0.030988911464866702 -0.00062310483928813181 0.030150438014059002 0.041834708804071551 0.032697858160520281 -0.001451071753768589 0.0038050948939957474 -0.0062830610063833838 -0.0012596494754349452 -0.0097387870420082949 0.0044589979321750413 0.040225855346903087 0.025485012728486994 0.016417499749229143 -0.00486724496660507 0.030046950888439349 0.055109473354297348 0.036953117536292983 0.013222637932308543 0.046342111031382402 0.035984642132361161 0.013821204234974406 0.0035506908091267036 -0.010273129988792982 0.02341796109566292 0.031391703898505721 0.05555843655399105 0.024526977019284264 -0.0022916691362317217 0.0052475759225516496 0.019218014045801316 0.028164591700860137 0.019515632600694451 -0.0044210056542045 0.032344529359793053 0.034478895054074345 0.013183809362212464 0.043113073076909932 0.021089179508187793 0.042255272342804691 0.0037997290694911589 0.031504652363838835 0.030035895660565696 0.022430701314760267 0.016514263356146947 0.012618189653789814 0.00023383204805380787 0.032700979223602003 0.012255186049312278 0.019333517479050901 0.0086373984254798728 -0.0042084215231399007 0.043794370232361483 0.03126181132059231 0.0048364337888521479 0.024570889001048122 0.052291632006110041 0.0035394940324742757 0.030791197447175445 0.00044877103611585568 0.029889157355714402 0.028099576926927407 -0.0098582769839695612 0.039176186330486397 0.0014798866291368049 0.036413006790284176 0.036164700348865035 0.013472069620470258 0.020212742342244888 0.0020728077896180249 -0.00010893064063479703 0.045883015793281787 0.035296865290973603 0.019882406428475243 -0.00022929944766743565 0.010833845749347632 0.023350796938196611 0.013327821533863565 0.046811314071294713 0.028755212858163938 0.019237527114506478 0.043875571279233763 0.032119838953518623 0.0070526957969678219 0.029032831736101525 -0.0010844272928468496 0.0060571320977595476
leaf_weight=9700.3089564032853 242.11767037957907 71.407599173486233 257.77722959592938 89.957716315984726 570.80381859838963 571.18017172813416 2797.1492819823325 9206.8157729580998 790.09090111032128 37.180270865559578 20.822585251182318 70.223659530282021 74.287134543061256 226.81117533147335 42678.128646582365 48.857575446367264 144.95982406660914 51.883141539990902 2350.2517475932837 500.16024419292808 50.589552510529757 7145.5532089173794 103.72282569110394 380.78035780787468 504.64716207236052 235.46054708212614 62.305522888898849 547.92597265541553 37.912058092653751 140.60292378440499 598.34145448356867 323.57450057566166 226.0488670617342 760.20841889828444 67.500991124659777 321.78430374339223 106.87636550888419 1947.4486144185066 421.52012999355793 643.63721875101328 37.97579375654459 909.68994665145874 165.4273486584425 442.52678094804287 357.72578982636333 21632.729128919542 85.259348887950182 39.5709273442626 95.49162744730711 249.74575325474143 63.081106200814247 55.778983689844608 741.57648158445954 70.916444547474384 298.79441897571087 132.91555558890104 39.007834989577532 89.256242092698812 231.0175126940012 69.113575153052807 200.00378063693643 146.42554029077291 828.02569926530123 33.633915193378925 152.28770548850298 287.55567701533437 37.009156946092844 128.98935274779797 1708.4957430288196 44.057316895574331 227.88336043804884 24.85591235011816 64.643035151064396 51.934781137853861 178.13120675832033 80.839252568781376 141.13330648839474 56.170443341135979 50.307502340525389 69.909514434635639 66.7020049020648 60.559837643057108 84.36089039221406 54.561003684997559 379.6310750991106 264.81403009966016 38.68654491007328 199.28634947165847 33.046285562217236 49.276468474417925 381.80601774901152 35.579390987753868 29.087046209722757 62.88874215260148 228.49472774192691 39.72657110914588 2703.9713800102472 252.80812505632639 44.350271113216877 194.67879502102733 34.854754477739334 252.41070974245667 41.733361274003983 88.46939143165946 789.31289583444595 112.88015758991241 119.45296619087458 2729.5656909793615 66.991724073886871 99.864457994699478 84.089859634637833 117.2281648516655 74.710714943706989 54.134354501962662 1833.0823920406401 163.17876425385475 44.310422819107771 62.223394870758057 81.13714911043644 42.65845550969243 86.383364778012037 44.036969590932131 362.89496321231127 74.618662461638451 72.055261358618736 52.381305418908596 947.65444882214069 55.570754993706942 61.117969650775194 58.306696195155382 165.53971625119448 32.721026752144098 48.970899786800146 134.99011427164078 51.555341854691505 340.92342310026288 209.80359585210681 44.219954811036587 66.15601322799921 168.27979356795549 1050.3047206997871 156.94026834890246 250.4440742097795 894.29243429005146 82.586413774639368 79.191198915243149 60.167634032666683 25.062706872820854 82.148013699799776 54.239567033946514 46.254765264689922 37.939567979425192 63.373679891228676 324.97703528776765 31.299443393945694 54.010043900460005 72.55764876678586 99.26180075481534 32.174648862332106 153.34286819770932 59.757810838520527 153.48725492507219 838.64139361679554 75.203513294458389 55.962116397917271 5439.0744829103351 217.38010968267918 90.121904440224171 181.02905407547951 58.276959471404552 2049.8437350094318 72.577771563082933 33.783432640135288 103.42636438459158 73.854523092508316 325.64797507971525 27.757140595465899 39.189521335065365 91.959836509078741 107.34560462087393 55.08705273270607 134.76998331770301 39.906249649822712 47.234292235225439 30.473140422254801 62.340599834918976 68.347179394215345 47.787591096013784 198.77964678034186 52.521775349974632 61.263159457594156 43.376516118645668 27.33934435993433 51.766834173351526 85.863802101463079 56.549463976174593 27.805377386510372 44.778432324528694 57.586268939077854 54.204447697848082 51.949502188712358 52.081252813339233 174.02300703525543 93.331447683274746 302.1965684928 46.688450459390879 6893.4473017975688 124.55236038565636 59.943685550242662 470.49812822043896 35.585365250706673 109.76917403191328 63.424895688891411 40.677798345685005 192.61784831434488 78.465936858206987 34.279581066220999 126.82985477894545 2224.5140454247594 18.093646239489317 23.939680397510529 47.577412229031324 80.887197487056255 42.111719414591789 52.335721086710691 46.084043607115746 65.441174168139696 88.414971485733986 33.741922706365585 33.471370749175549 81.619498547166586 74.31840979680419 27.668344080448151 108.07701971381903 72.004392497241497 63.117217570543289 1366.5640992186964 58.805197577923536 68.284721001982689 602.05560390651226 216.87157326191664 42.751312784850597 75.537839032709599 74.210592061281204 136.66451285779476 99.124694496393204 106.58527453988791 155.76599615812302 146.57195170968771 232.98306496441364 159.42306410521269 662.66768759489059 61.697545059025288 35.072739772498608
leaf_count=186820 3445 942 1745 534 5363 1471 46849 22558 12180 412 278 342 877 2508 31919 462 1444 758 9968 7700 286 13815 833 3049 2535 1363 509 1513 309 1375 7230 1050 1594 4595 1167 4847 1031 4128 1625 2848 447 3080 763 2701 1874 24494 974 284 1168 2768 733 544 11996 692 1582 568 407 1278 3397 721 3011 1491 3516 387 2238 3443 263 575 7295 515 811 228 755 335 1176 505 451 287 546 943 641 582 557 481 2280 3328 458 1611 193 510 2026 283 441 542 3007 562 9814 1120 273 2687 474 3198 318 734 3447 848 472 8047 572 695 637 515 666 337 13651 1302 278 376 828 585 571 451 3791 506 635 404 2427 684 314 668 1436 392 390 1647 638 5773 2643 377 481 699 18109 2567 3071 2858 763 590 623 267 1289 658 497 592 492 2550 370 843 1023 1447 386 1279 379 775 3472 528 253 7563 1993 678 2180 434 5098 589 392 1156 1092 4557 411 504 794 645 616 2026 422 239 222 624 493 474 2276 673 937 431 176 441 992 837 416 545 518 533 790 593 1034 735 1459 477 11128 1420 425 3134 418 839 540 494 1476 834 400 1977 39686 223 211 518 712 230 626 284 627 540 234 521 716 975 244 380 392 716 20836 809 240 3364 1594 377 613 493 1055 373 706 1185 631 1287 1390 3505 558 394
internal_value=0.0333008 0.00539224 0.0407048 0.0310502 0.0186395 0.0434672 -0.00245121 0.0396828 0.0141532 0.0248211 -0.00522038 0.0350979 0.0122487 0.00407736 0.0448799 0.0291598 0.0195976 0.0104674 0.0340723 0.00275399 0.0153153 0.041001 0.0168436 0.0248718 0.027693 0.03757 0.0319278 0.0434892 0.0135344 0.0259097 0.0117659 0.0276762 0.0248804 0.0269821 -0.00665275 0.0068665 0.0255933 0.0381686 0.0370505 0.0265741 0.00881039 0.0358858 0.0347321 0.0296847 0.027805 0.0437084 0.000967277 0.00925711 0.0191879 0.0147663 0.0224057 0.012476 0.00189872 0.0177261 0.0298812 0.0253217 0.0204163 0.0119255 0.0131358 0.00409388 0.0053381 0.0228893 0.0352429 0.00147884 0.0158515 0.0222747 0.0175856 0.0390182 0.0321682 0.0158984 0.0273696 0.00455124 0.0179026 0.0196457 0.0288266 0.0303031 0.0321468 0.0193885 0.0260115 0.0139915 0.0204323 0.0216349 0.0332435 0.0175906 0.0310925 0.016657 0.0136653 0.0224997 0.0249563 0.0184264 0.0348255 0.00338307 0.00811355 0.0204642 0.0161442 0.0275354 0.0352909 0.0265163 0.0182489 0.00720756 0.0280149 0.00316969 0.0404057 0.032608 0.03018 0.0195756 0.0246176 0.0365406 0.0337938 0.030655 0.0323202 0.0294506 0.0281227 0.0148377 0.0208864 0.0220706 0.0176239 0.0159381 0.0246587 0.0154155 0.0122149 0.0216284 0.0125095 0.0175327 0.0238021 0.0141229 0.0357955 0.0241133 0.0154989 0.0268424 0.0141297 0.023237 0.0121138 0.0107371 0.0175246 -0.00753907 0.0129212 0.00849119 0.0276174 0.033737 -0.00168371 0.00834733 0.00484323 0.0385359 0.0208253 0.0270128 0.011204 0.0164015 0.0117741 0.00161607 0.0241076 0.0108424 0.0378551 0.0292619 0.028345 0.0101143 0.011429 0.0136381 0.0282758 0.0274835 0.0180053 0.0298613 0.0333258 0.0283992 0.023738 0.0424647 0.0115926 0.0227067 0.00732726 0.0163528 0.0404603 0.00976395 0.0219323 0.0153786 0.00914085 0.0103746 0.017047 0.0197211 0.0298408 0.0180593 0.0307879 0.00270715 0.0135555 0.0287618 0.0150508 0.0315171 0.0343577 0.00695263 0.00446841 0.0195014 0.015148 0.00377641 0.0067455 0.0182604 0.0226349 0.0139243 0.0321533 0.0395371 0.00496486 0.00116341 0.0108753 0.0185523 0.0343279 0.0272352 0.0388613 0.00594805 0.0417718 0.0191858 0.0130961 0.0268586 0.0414143 0.0294036 0.0310652 0.0169373 0.0311347 0.0269526 -0.00203084 -0.00299344 -0.00364325 0.0106916 0.0105298 0.0210067 0.0266726 0.0348266 0.0185082 0.0180023 0.0145529 0.0203581 0.010438 0.0123497 0.0188493 0.0241864 0.0115712 0.0379262 0.0273938 0.00400947 0.00330003 0.0146849 0.0295665 0.0284507 0.0312853 0.0196106 0.0264746 0.0270711 0.0260217 0.037205 0.0270714 0.0197718 0.0287463 0.0236101 0.0159356 0.0318351 0.013469 0.0272377
internal_weight=162050 33977.9 128073 28498.7 12635.5 99573.8 21342.3 27085 8862.03 11231.2 14987.3 17267.5 7529.41 6355.08 72488.8 3773.51 3991.15 6031.09 5164.53 5688.58 666.506 21920.4 2912.79 1332.62 7240.03 9687.94 7579.58 29810.7 3252.54 5181.33 2674.74 559.035 4652.88 1078.36 12478.2 2778.55 2473.18 9128.9 7181.45 972.331 1292.83 1300.33 736.608 4560.49 1902.37 29074.1 4395.75 1988.45 2293.4 972.011 1321.38 615.916 2509.09 328.694 851.498 552.704 419.788 1379.98 1290.72 300.131 1281.03 3250.8 4710.09 775.21 990.592 399.721 324.565 9335.81 2559.3 481.122 850.809 1598.6 778.824 714.181 1795.5 1568.09 2058.71 1498.32 431.455 658.857 301.397 577.804 144.921 432.883 1917.58 1066.87 788.956 237.973 277.91 227.408 528.444 633.969 619.392 126.831 588.948 143.375 3019.09 315.114 437.064 1208.09 97.7435 608.475 79.7092 1266.69 972.417 183.104 499.084 3737.67 1178.22 820.497 753.505 1402.09 1284.86 128.845 2273.11 1996.26 662.246 617.936 201.638 133.809 276.846 130.42 868.288 437.514 622.925 180.399 4192.2 91.1501 1466.65 153.167 1313.48 233.333 1080.15 999 400.659 10041.2 323.235 254.024 390.639 234.436 1228.07 177.763 492.562 1841.95 349.103 214.113 505.816 305.812 245.645 136.388 109.257 63.0023 445.18 381.147 69.2115 560.137 590.871 518.313 81.1455 977.689 200.361 777.328 1418.49 579.851 108.343 12584.6 416.298 318.968 430.775 139.414 2471.36 550.983 106.361 320.806 1013.41 939.557 314.82 287.063 131.149 156.203 109.648 228.686 93.9163 542.56 93.5542 449.006 386.665 624.737 524.428 100.309 331.451 104.64 444.622 366.026 266.764 142.413 124.351 96.5453 417.283 319.018 155.914 103.964 669.415 267.354 402.061 118.096 7441.37 274.618 184.496 623.841 75.1563 933.402 823.633 98.2641 339.431 271.084 356.064 2436.94 2310.11 85.5946 63.6663 244.863 170.576 122.999 134.922 83.2643 220.558 155.117 92.0486 445.572 217.078 183.606 101.987 2909.65 180.081 1573.75 1510.63 144.065 1156.01 1087.73 818.927 268.8 2001.19 1925.65 1752.32 173.335 1615.65 307.421 1308.23 498.991 266.008 809.24 217.464 200.612
internal_count=780898 494993 285905 149568 123468 136337 371525 65049 99968 83460 275920 66108 89632 95605 71288 23500 37413 75620 20538 87608 7997 44511 29995 10336 46047 30236 35872 39369 37252 36309 31317 2413 33095 7418 235646 38368 18133 27823 23695 5285 17196 5367 2234 24429 12770 37135 70412 26188 22022 10078 11944 7711 40274 2437 5606 4024 3456 17743 16465 4118 19320 24408 16972 12383 12347 4408 3706 23133 12099 4730 4804 23563 7323 6568 11739 10053 9738 14012 3383 7944 2313 5935 1139 4796 9287 10629 8099 2069 2530 1686 3214 9252 7973 1457 7001 1538 11443 1629 4215 15609 1016 8445 765 7740 4637 1190 2752 12335 7006 5132 4560 8687 8172 1003 17466 14953 6233 5955 1638 1552 2513 1022 9245 4297 3993 1292 15253 967 15708 1216 14492 2222 12270 11494 4264 192593 3699 3020 2287 1180 20954 2845 6516 5285 3626 1979 6937 3926 3303 1947 1356 859 2518 2837 679 7167 7939 6916 776 6942 1754 5188 6535 3063 657 21378 4317 2796 4948 1262 6723 6030 981 3149 12922 11830 3850 3439 1298 1107 1097 3291 1265 4621 955 3666 3042 7980 6833 1147 3876 1368 5049 4678 3231 1829 1402 986 4873 3861 2141 1351 3923 1769 2154 1419 12641 2523 1845 4413 702 5974 5135 1012 2803 2310 5247 43053 41076 1390 773 2337 1460 942 1389 696 1808 1181 902 5463 2456 1935 1219 8819 772 23335 22619 1783 7169 6929 4958 1971 12330 11717 10851 866 9796 2277 7519 3383 2096 4136 1743 1830
is_linear=0
shrinkage=0.01


Tree=18
num_leaves=255
num_cat=0
split_feature=7 54 7 54 54 6 6 48 54 49 60 44 29 6 48 6 52 6 18 70 9 6 54 47 6 49 48 109 71 116 139 48 60 122 51 63 131 132 26 31 50 37 3 43 8 33 131 26 34 45 33 47 44 6 8 118 54 18 7 95 8 9 45 42 36 63 58 30 43 33 60 58 50 124 9 1 27 58 94 6 6 39 59 31 27 44 47 18 8 118 115 129 49 58 129 6 20 7 49 115 126 133 48 106 54 115 31 45 83 86 42 135 6 27 25 21 116 137 21 1 129 71 48 115 34 59 6 51 18 12 12 7 31 29 8 115 89 47 50 118 20 58 14 1 44 30 35 34 20 8 27 18 42 68 118 83 29 30 31 48 60 39 6 21 39 115 21 133 34 63 58 86 133 60 31 28 120 138 27 54 21 118 34 39 20 27 25 68 27 58 45 50 14 106 28 21 27 44 116 51 18 60 133 35 28 18 130 8 91 54 27 42 33 7 26 131 43 50 42 20 18 30 133 30 89 27 49 54 27 54 33 42 49 94 48 26 131 139 34 33 30 33 142 115 8 27 115 86 21 120 27 41 106 12
split_gain=312197 34035.3 31870.9 8558.89 5575.97 3961.83 3501.09 1790.14 1705.97 1659.41 1633.92 1479.2 1058.69 1025.34 998.53 992.974 950.452 888.657 852.394 741.24 692.477 684.386 611.147 569.883 529.925 490.785 479.942 469.769 454.318 414.373 407.388 431.9 384.441 381.33 378.8 410.35 376.53 375.361 373.069 372.987 374.938 368.586 362.342 361.228 376.433 343.424 338.454 329.333 329.275 321.416 304.012 299.529 365.036 298.215 289.109 299.43 288.773 288.646 310.898 287.526 287.312 373.943 310.799 290.711 286.684 286.464 341.386 283.375 281.829 273.754 273.349 267.285 328.979 263.858 260.623 313.224 260.514 256.582 276.598 256.573 255.604 252.41 250.777 307.217 341.295 292.275 320.597 288.468 281.167 248.137 245.146 243.934 298.091 243.131 243.055 241.8 296.019 241.713 241.169 279.309 237.564 260.823 237.165 235.238 235.128 234.153 307.544 236.113 232.716 281.661 230.826 274.486 302.794 227.764 227.409 256.413 277.108 224.545 223.717 223.33 234.686 222.99 262.721 304.935 327.88 317.306 288.241 221.067 288.053 222.076 226.957 397.839 267.678 220.569 219.901 219.087 224.188 217.747 216.825 215.759 214.993 213.362 213.245 223.611 212.581 212.054 212.033 282.647 339.994 254.085 210.982 209.734 209.019 321.067 210.15 208.536 240.772 235.022 208.165 207.475 209.439 235.935 214.612 292.711 208.276 223.977 205.744 205.582 202.219 202.083 200.074 199.26 199.234 198.965 197.493 196.558 196.089 195.113 194.203 193.665 193.104 191.982 190.932 216.509 207.327 199.188 244.717 190.667 190.622 325.085 385.822 262.936 199.283 190.42 190.332 277.798 189.579 189.161 187.936 185.634 187.485 185.316 183.505 183.367 181.932 212.536 180.838 180.364 179.397 178.066 177.781 176.943 176.477 175.816 174.284 255.641 278.84 234.424 197.928 276.649 178.245 171.911 182.642 170.564 170.473 335.757 210.397 170.431 216.777 169.958 210.491 168.926 168.472 168.434 238.576 220.718 213.131 165.99 165.681 165.008 194.06 210.899 164.771 163.115 162.671 184.057 162.098 227.917 161.744 161.329 160.542 257.909 218.846 175.515
threshold=399.03000000000003 130.50000000000003 2899.4400000000005 651.50000000000011 847.50000000000011 79.940000000000012 14057.970000000001 602.36015000000009 185.50000000000003 536.41070000000002 28.500000000000004 4.5000000000000009 4.5000000000000009 1438.075 131.60263 512.55000000000007 1.0000000180025095e-35 1648.9500000000003 682.09027000000003 11.500000000000002 465.02000000000004 1572.8950000000002 35.500000000000007 19.365632000000002 2856.9300000000007 22.227861000000001 16659.612500000003 1.0000000180025095e-35 1.5000000000000002 0.00064148827000000007 2.5000000000000004 20.313181000000004 33.500000000000007 1.5000000000000002 18.500000000000004 1.5000000000000002 90.500000000000014 91.500000000000014 1.0000000180025095e-35 1108.5000000000002 1.0000000180025095e-35 20.500000000000004 7.5000000000000009 63.500000000000007 184.99500000000003 915.50000000000011 85.500000000000014 4.5000000000000009 130.50000000000003 24.500000000000004 26.500000000000004 836.11343500000009 14.500000000000002 7022.8400000000011 165.73500000000004 0.00052590061500000019 350.50000000000006 66.903080000000017 1508.5450000000003 1.0000000180025095e-35 124.92500000000003 9.9350000000000023 13.500000000000002 20.500000000000004 22.500000000000004 4.5000000000000009 71.500000000000014 2754.5000000000005 63.500000000000007 74.500000000000014 1.5000000000000002 155.50000000000003 1074.5000000000002 2.5000000000000004 232.45000000000002 2.5000000000000004 410.50000000000006 24.500000000000004 5.5000000000000009 1772.075 7738.920000000001 73.500000000000014 15.500000000000002 799.50000000000011 1093.5000000000002 3.5000000000000004 686.63630000000012 57.989638500000005 439.4550000000001 0.023157085000000004 0.10910054000000001 47.500000000000007 160.76065500000001 72.500000000000014 90.500000000000014 807.06500000000017 259.49750000000006 4791.7700000000013 9009.0615000000016 0.017544090000000002 3.5000000000000004 89.500000000000014 182.31980500000003 3.5000000000000004 734.50000000000011 0.15837521500000004 1379.5000000000002 3.5000000000000004 8.5000000000000018 17.500000000000004 440.50000000000006 2.5000000000000004 24.905000000000005 538.50000000000011 35.500000000000007 150.50000000000003 0.025513304500000004 2.5000000000000004 2091.5000000000005 26.500000000000004 90.500000000000014 1.5000000000000002 315.31453000000005 0.085720750000000012 63.500000000000007 20.500000000000004 1405.0600000000002 2.5000000000000004 83.248848000000024 6.5000000000000009 15.500000000000002 1129.5400000000002 357.50000000000006 6.5000000000000009 194.05000000000004 0.049506058500000005 1.5000000000000002 10224.6975 76.500000000000014 0.00043094692000000004 69.900527000000025 167.50000000000003 1.5000000000000002 2.5000000000000004 6.5000000000000009 2258.5000000000005 13.500000000000002 13.500000000000002 130.52176500000004 8.8350000000000026 574.50000000000011 118.56728000000001 235.50000000000003 5.5000000000000009 0.0013999883500000001 2.5000000000000004 61.500000000000007 519.50000000000011 90.500000000000014 5484.695200000001 16.500000000000004 56.500000000000007 253.81000000000003 2145.5000000000005 25.500000000000004 0.090910240000000017 1507.5000000000002 86.500000000000014 27.500000000000004 14.500000000000002 44.500000000000007 9.5000000000000018 59.500000000000007 218.50000000000003 1190.5000000000002 382.50000000000006 1.5000000000000002 1.5000000000000002 752.50000000000011 127.50000000000001 1309.5000000000002 0.0014451670000000002 47.500000000000007 73.500000000000014 69.898335000000017 841.50000000000011 2.5000000000000004 5.5000000000000009 663.50000000000011 13.500000000000002 1.0000000180025095e-35 1.5000000000000002 8.5000000000000018 4.5000000000000009 54.500000000000007 2091.5000000000005 859.50000000000011 2.5000000000000004 0.019357241000000001 189.50000000000003 149.99187000000003 6.5000000000000009 95.500000000000014 18.500000000000004 35.500000000000007 127.04293500000001 42.500000000000007 73.350000000000009 2.5000000000000004 39.500000000000007 1204.5000000000002 3.5000000000000004 218.50000000000003 4791.7700000000013 1.0000000180025095e-35 65.500000000000014 9.5000000000000018 4.5000000000000009 127.50000000000001 141.27066500000004 100.64166500000002 1455.5000000000002 33.500000000000007 3567.5000000000005 2.5000000000000004 736.50000000000011 289.09495500000008 217.50000000000003 752.50000000000011 488.50000000000006 340.50000000000006 4.5000000000000009 109.80629000000002 4.5000000000000009 187.69671000000002 1.0000000180025095e-35 39.500000000000007 4.5000000000000009 8.5000000000000018 182.50000000000003 1593.5000000000002 72.500000000000014 6.5000000000000009 0.11000413500000002 765.1450000000001 1143.5000000000002 0.07508682500000001 13.500000000000002 709.50000000000011 1.0000000180025095e-35 876.50000000000011 2.5000000000000004 9.5000000000000018 14.500000000000002
decision_type=2 2 2 2 2 2 2 2 2 2 2 2 2 2 2 2 2 2 2 2 2 2 2 2 2 2 2 2 2 2 2 2 2 2 2 2 2 2 2 2 2 2 2 2 2 2 2 2 2 2 2 2 2 2 2 2 2 2 2 2 2 2 2 2 2 2 2 2 2 2 2 2 2 2 2 2 2 2 2 2 2 2 2 2 2 2 2 2 2 2 2 2 2 2 2 2 2 2 2 2 2 2 2 2 2 2 2 2 2 2 2 2 2 2 2 2 2 2 2 2 2 2 2 2 2 2 2 2 2 2 2 2 2 2 2 2 2 2 2 2 2 2 2 2 2 2 2 2 2 2 2 2 2 2 2 2 2 2 2 2 2 2 2 2 2 2 2 2 2 2 2 2 2 2 2 2 2 2 2 2 2 2 2 2 2 2 2 2 2 2 2 2 2 2 2 2 2 2 2 2 2 2 2 2 2 2 2 2 2 2 2 2 2 2 2 2 2 2 2 2 2 2 2 2 2 2 2 2 2 2 2 2 2 2 2 2 2 2 2 2 2 2 2 2 2 2 2 2 2 2 2 2 2 2
left_child=1 5 3 8 7 11 10 15 17 13 18 23 38 50 21 25 37 22 29 36 71 74 113 -1 28 138 42 95 39 89 31 231 -22 43 35 57 104 73 65 68 140 233 110 48 67 93 121 64 56 59 -5 80 -53 -31 55 118 100 187 79 -13 61 62 63 -35 127 66 -9 172 137 211 -61 72 98 159 75 209 -49 78 150 229 90 105 83 85 87 102 88 -85 -87 244 -26 -54 -93 214 171 96 224 -91 99 193 101 -14 -80 -66 -8 134 107 -107 170 -110 111 112 -18 -2 115 116 177 204 -15 120 199 122 123 124 144 126 -125 129 -129 -19 194 179 -133 197 155 136 -72 167 242 141 -41 -28 -76 -144 146 -102 147 207 -149 -148 -33 -115 -101 154 208 156 -27 -158 -137 160 161 162 163 248 -162 -166 -88 188 206 -21 -37 -52 -45 -34 -170 -114 -73 -25 -122 -132 -152 -127 185 184 221 186 -58 -30 191 -190 -191 -10 246 -11 195 -131 227 -117 -157 200 -56 -146 -103 -134 -89 -206 -97 -17 -154 -7 -192 -23 -62 -12 215 216 -42 -218 219 -219 -217 -184 -223 -164 -16 226 -226 -136 232 230 -59 -24 -229 235 -235 -29 -236 -32 -182 240 241 -169 -3 -211 245 -4 -193 -248 -6 -135 251 -173 -253 -254
right_child=2 4 6 9 16 14 19 12 24 20 213 49 33 54 27 46 26 47 -20 169 32 69 30 114 51 81 139 41 34 53 237 77 173 60 -36 108 -38 -39 -40 40 45 -43 -44 44 -46 -47 -48 76 -50 -51 94 52 91 -55 119 -57 182 58 -60 70 212 -63 -64 -65 103 -67 -68 -69 -70 -71 135 176 -74 -75 142 -77 -78 -79 82 -81 -82 -83 -84 84 -86 86 166 117 -90 97 -92 92 -94 -95 -96 168 -98 -99 -100 152 145 202 -104 -105 -106 106 -108 -109 109 -111 -112 -113 175 151 -116 133 -118 -119 -120 -121 178 -123 -124 125 -126 181 -128 128 -130 130 131 132 203 249 196 158 -138 -139 -140 -141 -142 -143 143 -145 201 -147 149 148 -150 -151 180 -153 153 -155 -156 198 157 -159 -160 -161 164 -163 223 -165 165 -167 -168 239 174 -171 -172 250 -174 -175 -176 -177 -178 -179 -180 -181 238 -183 183 -185 -186 -187 -188 -189 189 190 210 192 -194 -195 -196 -197 -198 -199 -200 -201 -202 -203 -204 -205 205 -207 -208 -209 -210 243 -212 -213 -214 -215 -216 220 217 218 -220 -221 -222 222 -224 -225 225 -227 -228 228 -230 -231 -232 -233 -234 234 236 -237 -238 -239 -240 -241 -242 -243 -244 -245 -246 -247 247 -249 -250 -251 -252 252 253 -255
leaf_value=-0.0079866433631536476 -0.0030941971943107371 0.0023402465349052883 0.018856229016189632 0.047034670029437071 0.024760817228670021 -0.003106215704381749 0.038057015678340508 0.029599822267512139 0.013644806479619014 0.02678316833472455 0.039758512865408276 0.033215451373041077 0.010039313530015968 0.016422951602410571 0.003793157223827605 0.0171762806546303 0.012884989807068327 0.0061000866061188454 0.017749715415674251 0.043464875429030492 0.034771451286202508 0.013552378798916496 0.022853922122487793 0.025397536214145772 0.025623620082695978 -0.0037815288842956143 0.014020663961893614 0.033723893366698329 -0.00177047431710234 0.035039495979252579 0.046940627487714687 -0.0032001328167206621 0.038549959775924604 0.035015433976969754 0.038340848490532688 0.044551506305140612 0.03828538650263888 0 0.014625204350187382 0.016730822474955991 0.039728328502375024 0.046906808602843894 0.046955868826435571 0.031088189478440324 0.043004956357685219 0.040174995992304237 0.00035435009819602869 0.034116466125796857 -0.0023152911438199613 0.029376520351778648 0.0019966663704706791 0.036847557004644226 0.038870359886939786 0.039173054655066805 0.031542069112799817 0.0036558232826958852 0.023566511343565747 0.016374411445626985 0.0043853843749040904 -0.0018936384861793062 0.019620251900249738 0.0031436843628699163 0.04135464800239462 0.0079017291613795067 0.00041605049883600305 0.043230511781823647 0.0014628434667888369 0.00191015404957738 0.0085070891384204303 0.0056400086840040905 0.00041329736924661069 0.037294361568616506 0.010809940604985866 0.0069273642502802471 -0.0019905956814918521 0.0056886248216108035 0.0106332004208803 -0.0010828157376145612 0.044763987833244825 0.038291747737910158 0.037794099841350175 -0.0038382373165441216 0.04118777718461171 -0.010325151314047591 0.036221415941329535 -0.0043758263156441161 0.015703107571864081 0.031022347118257451 0.026116400675205015 0.0047124130196397971 0.010499812275814258 0.0077729262619288877 0.02736090002715327 -0.0034142897899994609 0.00055715430019289292 0.043419453090810793 0.037090276212729957 0.031390086802976822 0.039861668224604865 0.032815828101930962 -0.0027860955780682635 0.043458804842428228 0.015131113427778779 0.03117862619806475 0.042719195084401605 0.027795672236330657 0.051527157970757714 -0.002927518263835182 0.013026657599672342 0.033315238574790781 0.015363033819313547 0.020603430485924897 0.030896611064405964 0.00073670536474741612 -0.0076087196141171086 0.026150310229395412 0.037472631006314434 0.00076068160925182025 0.041205545022528177 0.02103899649408247 0.031825091734135044 0.033108824236571723 0.0090132930739625448 -0.0013135600111761146 0.042464606171341741 0.01266834470123885 0.023909513736012588 0.015244032776204838 0.040382651927572732 0.0081281216221541323 0.0025291818351412297 0.0047146288269435512 0.034422302884277146 0.00082597147788145641 0.038202330754673691 0.033872793614288445 0.037332238402607604 0.0071225122172589896 0.024206916619919052 0.042030463955646358 -0.0018797072484397408 0.037897720549217584 0.034701383882657949 0.002163558948631059 -0.00043661434628399133 0.014285788162964861 0.054892091775757809 0.0056524822267703832 0.043607740656508222 0.02243037656755905 0.031761704119211552 0.01629575280701541 0.0091123089139402303 0.033232107669661282 0.0031745520578961069 0.009223796220379981 0.0085184928924827551 0.044764603524277968 0.0040104930007404073 0.00057009649397641541 0.046561024369611341 0.0074498684705460632 0.034969750850510795 0.041276527029064633 0.03141473584093931 0.0096292245411293449 0.042708009490526437 0.026751057356629825 -0.0042184466710579486 0.044936649277638366 0.0233595628652556 0.03127531682901314 0.0069744968693495968 0.043744644699777686 0.020845708386997144 0.04862804554644895 0.023382913105621853 1.6217220035953766e-05 0.0085747765379656973 0.022370351228184662 0.027371466010392118 0.043669731806205883 0.019461514791608309 0.028536196401670284 0.023650290888997408 0.030644016029608073 0.0019839263473832394 0.020645867750551723 0.043413592989529119 0.012791546519875812 0.032976754045078618 0.032370174164265408 0.044341765125562871 -0.0012683437360173527 0.037246633694729317 0.041266580556299719 -0.0014009730982596624 -0.0051247956016428368 -0.005437580110721073 0.047604673156741717 0.035764998825597458 0.025584913652294816 0.011250768940784335 0.017821933292832923 0.0021323106453398329 0.023058543413176768 0.016858876957945773 0.046883536919082654 0.032405547922280398 0.0046406775384597674 0.016470559683226617 0.038414404909284813 0.04113806927892992 0.041972959772964488 0.015361747365935164 0.040231659147728652 0.023133113580082423 -0.0029245152070333904 0.024933724496110369 0.023010704154302224 0.021095064555277245 0.019161515239746022 -0.0042974247161455936 0.012925096319447731 0.039536462745443382 -0.0098603101766985262 0.0048784317179108748 0.019975792763321797 0.038381990117171111 0.0026414428933476479 0.039423708204912637 -0.00040529684560214145 -0.0065399733600692627 0.029757892193697653 0.026341853136741245 0.0080079290976875911 0.0011810707232807983 0.020317915834137234 0.00048030931328538288 -0.00021954810088613578 0.037314673561875761 -0.0061120308497363152 0.026200301717251361 -0.0039141156983240558 0.034578100952938493 0.038999897425397244 0.0261386263095023 7.9534047745858985e-05 -0.0023780264481070785 -0.0046362858132900607 0.028400927045689764 0.014723528977332721 0.040149928868439919 0.015333133722311248
leaf_weight=8040.2210965044796 203.68079067021608 1596.5512921921909 166.14325117319822 51.18804807215929 28.667748622596264 2160.5279929898679 1386.4148345515132 641.55654054880142 192.03753700479865 46.852320060133934 7321.4066462367773 29.973905857652426 375.4774842299521 81.798020169138908 1275.9699196740985 42.454217899590731 95.002791009843349 61.985169045627117 252.30105163156986 24948.204713076353 2862.8540427535772 55.398796208202839 35.048454355448484 32.661402501165867 570.02065166085958 24.497094988822937 71.222992412745953 91.784606765955687 83.580040395259857 3049.239752613008 62.186907719820738 82.4046640843153 6166.7767340540886 58.80571561306715 376.74302780628204 205.53985361009836 2886.5532473400235 85.020113322883844 184.586396407336 126.13853432610631 65.020103357732296 40.803135242313147 109.06059571355581 126.71336153149605 75.223152220249176 91.298184677958488 108.46737287566066 56.482343550771475 146.15837032347918 48.151638999581337 45.579720199108124 1017.176870033145 157.42607365548611 5445.541784375906 2716.4581321701407 70.912870086729527 149.92066523805261 116.16147399693727 67.266887925565243 636.38094713538885 68.860140603035688 119.30774937570095 77.858591496944427 121.88541265949607 79.212749544531107 156.6060986854136 47.251886621117592 82.939166560769081 92.721651822328568 101.57098343223333 26.795101460069418 1687.2601826041937 81.147852540016174 109.8456398434937 54.679688155651093 752.58686160668731 284.00190668925643 63.580208700150251 117.48161820694804 150.89897155761719 142.27413511276245 113.03208833932877 63.206302806735039 51.401106491684914 63.626741789281368 73.634497258812189 56.255000464618206 86.400871518999338 48.284000903367996 65.140474177896976 139.82466420531273 94.896617501974106 534.31226020306349 41.830181054770947 51.607502683997154 35.163080435246229 27.251825928688049 73.375707112252712 351.88038410246372 1822.105954490602 232.90618340671062 43.690409913659096 39.921036295592785 34.723302945494652 17429.843607977033 58.36396262422204 30.33797026053071 41.190253868699074 112.66938547790051 198.78090865164995 148.57438312470913 357.38218906894326 1340.4449048414826 146.72247528657317 1204.5972395278513 44.461747117340565 23.925569269806147 91.413811389356852 74.493324607610703 168.38930833339691 73.161968395113945 103.09087284654379 284.07091322541237 163.11226925998926 87.792690318077803 44.248427025973797 60.292685151100159 62.765184640884399 228.68622925132513 70.806727953255177 124.4449061639607 47.37241330742836 292.60818769782782 647.92312845960259 58.049212541431189 22.481361545622349 43.209424611181021 57.727956429123878 46.868378333747387 520.38644478097558 118.0179689899087 91.513423666357994 56.056247781962156 34.713300000876188 74.552719809114933 103.13776233047247 45.100342009216547 148.11581157520413 26.50799098610878 63.069271262735128 52.511477898806334 215.29538511484861 58.498033851385117 228.93989756703377 83.16527333855629 1581.0382865257561 30.689430318772793 48.317057572305202 597.27023753896356 38.101956464350224 70.399659905582666 115.60512876138091 172.63868391886353 27.805169504135847 211.81018546968699 65.350386761128902 67.199072696268559 39.093720499426126 72.917963273823261 21455.846961572766 69.485351867973804 187.24265931546688 50.182586304843426 1025.6579404845834 51.946738958358765 72.966654255986214 125.70092417299747 246.32337016612291 75.590742260217667 81.491609908640385 30.56926342099905 40.607962641865015 59.262531910091639 68.569958906620741 73.950498502701521 172.40131197869778 82.531055465340614 65.977060541510582 185.07279143482447 140.69338233023882 666.17701407894492 136.73920106142759 67.709370665252209 46.329904071986675 260.07659571617842 39.4781828597188 33.867904122918844 31.380220327526331 90.402172617614269 107.70582138746977 2192.3123132660985 40.526562493294477 33.498549312353134 99.306365668773651 93.427955538034439 102.7170112580061 109.84260854870081 48.897947054356337 86.212851516902447 704.96303005516529 82.07318028062582 70.30369433760643 116.46398137509823 11288.060413330793 441.62891745567322 133.44991224259138 349.54338756203651 133.18107922375202 66.714177414774895 56.96149268746376 94.047676511108875 39.385284043848515 165.2603416107595 49.978306271135807 50.414075665175915 32.249588947743177 28.308567084372044 53.293924655765295 32.609512563794851 43.306591235101223 65.335026443004608 193.39999271556735 40.17663262039423 51.550513874739408 39.829843670129776 56.05598846450448 178.70491966977715 47.722770001739264 80.194076634943485 43.405015844851732 49.288631960749626 35.300901658833027 27.605662371963263 322.58888600021601 2012.9562056735158 68.458977207541466 89.493014086037874 54.248093254864216 74.517865091562271 3161.3638860285282 476.88509934395552 527.0312677398324 70.190274246037006 56.272192589938641
leaf_count=156488 2977 23726 975 209 280 37437 3347 4194 1723 254 13405 387 4426 557 18512 454 836 662 1654 22228 10266 615 377 486 3284 348 476 840 827 9207 384 1041 14934 507 1617 870 4860 949 1643 1087 369 219 306 1013 407 442 1286 437 1894 441 410 4182 557 11479 11833 585 1217 920 523 10472 591 1357 523 1406 782 646 407 953 804 1208 402 5085 499 1036 824 10959 2837 722 849 753 542 1538 375 672 444 913 526 650 409 454 1030 667 2613 413 487 254 243 255 1124 7924 3212 338 402 210 19710 632 189 565 833 1025 1033 2608 7611 2055 22879 581 291 1065 286 844 334 712 2896 2100 594 448 520 505 1209 645 1346 432 1686 11279 497 232 435 513 520 1347 1184 269 605 474 884 1236 264 1749 170 563 433 2633 400 908 628 20317 419 473 8847 344 326 1164 1175 202 1257 562 422 279 992 12810 417 1151 528 1486 537 295 551 4294 524 657 269 265 551 547 590 1316 956 426 1014 1253 4137 912 315 362 1614 209 422 504 1293 262 7864 335 399 714 1074 919 1191 306 386 10795 618 585 690 14794 3756 740 2565 1343 453 383 692 371 2010 454 475 483 371 509 217 378 340 2507 497 506 390 702 2278 438 939 438 307 382 332 5233 6237 236 655 547 970 56779 2886 3959 307 381
internal_value=0.0322741 0.00531796 0.0392716 0.0308559 0.0181908 -0.00243193 0.0421566 0.0138569 0.0240106 0.0345919 0.0392755 -0.0052774 0.0192224 0.0305559 0.00410537 0.0101208 0.0282479 0.0186579 0.0362068 0.0434135 0.0365195 0.00132928 0.014295 -0.00629859 0.0267219 0.00753322 0.0313014 0.00968246 0.0248254 0.0366305 0.0174501 0.0160281 0.0380218 0.0158413 0.0294206 0.0265016 0.0418397 0.0200305 0.0278456 0.0228487 0.019378 0.0186537 0.0288671 0.013828 0.0233747 0.0212842 0.0174127 0.023819 0.0119658 0.00447906 0.0230226 0.0304136 0.0327876 0.0376991 0.0325311 0.0210062 0.0132778 0.0204525 0.0245132 0.0035457 0.0231883 0.0179592 0.0246808 0.0170673 0.0258754 0.030679 0.0276939 0.0173684 0.0259067 0.0181422 0.00281856 0.0332315 0.0311801 0.0218022 0.000383264 -0.000102572 0.0147345 0.0183137 0.0193493 0.0280482 0.0253115 0.010598 0.0217961 0.0203214 0.0148421 0.0268425 0.0196562 0.0114662 0.00784607 0.0327939 0.0226965 0.027445 0.0244565 0.0199732 0.0220816 0.00721359 0.00553237 0.0191611 0.0317749 0.0305385 0.00890611 0.0136246 0.0375953 0.0102537 0.0423803 0.0113743 0.0243964 0.0151783 0.0325059 0.0261375 0.0278372 0.0288077 0.030715 0.0053094 -0.00377789 -0.00267054 0.00615211 0.014527 0.0286697 0.0330121 0.0333922 0.0188562 0.0175367 0.020234 0.0245487 0.0120191 0.00560104 0.0271514 0.0351438 0.0249193 0.0260438 0.0222595 0.0276449 -0.0033638 0.0104969 0.00717347 0.0237439 0.0267683 0.00341874 0.0387474 0.00775224 0.0278055 0.0134367 0.0226805 0.0211535 0.0024775 0.0248215 0.0196717 0.0118993 0.0368066 0.0096989 0.010056 0.0312393 0.0248135 0.0160966 0.00930241 0.0230389 0.0313665 0.0052153 0.0236813 0.0247431 0.0201452 0.0242024 0.0135923 0.030771 0.0264196 0.0309288 0.0273906 0.0158813 0.0441475 0.0394407 0.0228871 0.0244579 0.0393041 0.00629427 0.0318865 0.0363622 0.00318288 0.020347 0.0105683 0.0162295 0.0282831 0.0174833 0.0124784 0.0090412 0.022397 0.0160286 0.00819446 0.0285053 0.0310365 0.0283568 0.0233585 0.0285789 0.0129974 0.0324548 0.0206033 0.0200042 0.0132823 0.00841929 0.0337688 0.0334439 0.00892228 0.0302446 0.0303532 0.0189091 0.0132635 0.0238708 0.0338485 0.0233102 -0.0014755 0.0312283 0.0279195 0.033491 0.0411066 0.0207144 0.023293 0.0200315 0.0177794 0.0103328 0.00495156 0.0326169 0.00476284 0.000310754 0.0302243 0.00485258 0.0166626 0.027627 0.0239678 0.0168417 0.0208511 0.0250654 0.0032871 0.00857548 0.0156612 0.0107645 0.0242771 0.00600949 0.0360401 0.00834444 0.0163534 0.02216 0.0112746 0.00278367 0.00194289 0.0336118 0.0250566 0.0244512 0.0165086 0.00539425 -0.00370464 0.0235981 0.020801 0.0176983 0.0295956
internal_weight=165514 34111.8 131403 33553.2 12818.5 21293.3 97849.5 8962.19 11853 21700.2 29742.6 14837.1 3674.39 7026.82 6456.18 5287.8 3856.3 3991.73 11133.2 68106.9 14673.4 4313.39 2168.29 13432.9 7861.29 3906.89 2806.55 2142.79 5205.36 10880.9 1602.59 1492.68 10055.3 2644.39 1555.74 1179 21702.8 1049.74 1030 3649.61 1717.83 458.729 2123.43 2081.21 335.058 1473.68 1380.91 1823.44 1746.15 1404.26 1466 2655.93 1803.81 8494.78 5560.82 227.204 1599.99 592.526 442.969 1356.11 563.182 377.857 258.55 180.691 1482.96 845.415 688.808 259.835 1931.78 227.273 1326.14 4618.09 2805.13 964.721 4086.12 3940.67 340.484 1264.23 1200.65 375.702 852.119 2235.87 954.969 891.763 488.987 402.775 245.373 425.361 121.918 2386.07 709.845 786.635 629.209 1382.38 1414.81 1684.06 1414.19 138.516 2723.98 2372.1 788.71 452.666 157.403 113.936 18816.3 2122.83 129.892 99.5542 586.475 311.45 2014.37 1865.8 1508.41 565.699 5392.64 4188.04 302.91 373.96 156.291 5333.62 5165.23 1272.44 1169.35 885.279 577.018 308.261 223.405 1369.02 291.451 1077.57 1015.58 645.223 439.287 3885.13 1992.94 689.756 70.0045 1839.06 1671.03 683.123 244.157 162.736 145.449 90.7695 489.225 336.044 374.146 265.976 174.624 108.17 245.679 362.018 2278.92 456.816 227.876 1774.94 103.504 79.0065 619.752 854.875 816.773 469.213 353.608 130.991 347.56 277.161 123.454 1781.33 269.87 46404.1 275.025 1363.2 176.896 7192.43 124.865 1413.41 1812.96 278.985 148.753 205.937 163.275 84.8564 811.282 406.429 337.859 404.853 232.452 149.557 1614.24 1074.02 888.944 540.227 348.19 93.1822 370.362 110.285 217.997 75.842 1671.44 5016.48 4908.77 115.079 77.189 391.915 282.546 196.145 145.006 91.3522 144.711 3188.08 748.25 125.702 185.324 18609.5 1340.55 898.918 671.42 606.4 256.857 190.143 227.498 263.908 204.646 222.617 1386.94 110.972 78.7226 184.129 126.08 224.803 181.497 228.448 93.4706 417.926 270.085 147.841 218.535 109.91 110.763 167.088 123.683 74.3946 1624.16 1027.55 2247.56 234.602 280.48 143.741 103.186 3809.29 1317.62 840.736 653.494 126.462
internal_count=780898 494993 285905 164254 123468 371525 121651 99968 86568 77686 58696 274797 33928 32879 96728 66040 23500 37440 30497 62955 44807 68735 23495 253581 49128 52494 14781 27993 36253 28843 15830 15008 26686 27038 8929 7312 27917 8719 6890 27324 13427 4935 12689 21964 2901 11156 13546 13945 19063 21216 9790 12875 8019 20686 23089 1428 17169 4167 2914 20775 5074 3793 2436 1913 10671 5247 4601 2494 13897 2408 20388 18121 12485 7770 66327 64424 3274 12124 11402 2391 4856 27916 8720 8345 4824 3521 2270 4380 1322 8157 4314 3837 3280 10714 9581 23058 20084 709 11986 10862 9611 5163 1251 992 23057 26378 1386 1197 3145 1858 12383 11350 8742 7665 97093 74214 5071 3708 843 21661 20817 12260 11548 8652 5319 3333 2620 9679 1714 7965 7303 4835 2832 69143 24992 9916 837 13093 24578 2092 2271 745 1903 1079 4725 4448 3506 2679 1919 827 2682 4688 10246 2322 1414 22850 1240 892 9079 6734 6390 4245 3081 1452 2145 1819 948 12580 2974 35038 1287 9094 1541 16420 1529 7906 5636 4780 858 2003 1641 713 7558 4069 3522 3489 2173 1253 11174 7022 6008 4152 2429 616 2468 854 2142 1085 21610 19959 19697 1219 737 2400 2643 1993 1445 760 786 53465 4755 1200 1281 28199 10301 6545 5113 4744 2179 1726 1432 2932 2381 1629 19841 1329 846 1720 1223 1638 1260 2884 1006 4716 3174 1542 2668 822 1208 1406 968 661 24058 16028 7448 1211 2114 1202 1250 68058 8684 5798 4647 688
is_linear=0
shrinkage=0.01


Tree=19
num_leaves=255
num_cat=0
split_feature=7 55 7 55 55 12 6 49 6 56 55 12 46 49 56 19 6 46 62 61 28 12 6 42 26 8 48 6 12 6 139 46 135 56 6 63 24 33 20 8 27 49 122 29 64 27 33 55 49 122 12 8 42 21 8 56 33 33 19 66 7 120 48 48 63 20 35 131 100 27 99 21 36 20 12 129 7 19 19 36 56 49 6 27 24 19 118 6 6 131 32 33 57 62 131 8 62 2 140 33 27 106 83 0 126 50 49 124 88 12 106 32 43 7 30 19 56 45 55 131 114 6 27 27 107 46 56 15 21 55 33 85 88 114 8 28 49 57 57 24 51 114 46 35 20 126 30 24 64 47 46 20 27 24 21 32 21 6 131 132 21 133 40 47 63 6 55 129 133 47 21 30 124 12 44 8 28 27 27 12 7 51 41 36 48 50 57 29 30 48 62 56 63 24 42 78 46 21 33 0 140 32 28 6 7 118 94 20 37 43 30 71 6 131 106 48 27 84 47 95 40 21 47 50 40 57 20 48 56 56 139 0 94 0 43 42 50 57 118 21 21 27 20 6 48 51 44 66 46 34 57 21 24 120
split_gain=291858 32023.3 29817 7988.64 5642.27 5090.7 3169.96 1672.56 1623.44 1560.95 1512.72 1113.15 1103.88 1061.1 1006.81 892.838 880.059 816.062 726.386 672.14 627.015 517.917 490.299 466.741 463.364 436.189 409.043 401.343 400.688 397.051 381.145 359.17 356.671 347.327 343.39 327.064 314.443 310.684 310.084 309.704 333.259 350.303 306.03 289.57 286.288 283.812 334.54 283.532 282.003 343.394 302.2 273.177 322.499 268.742 265.916 257.52 256.243 255.851 255.084 318.365 288.919 252.212 319.648 251.264 250.419 248.092 246.685 246.405 333.984 243.973 281.743 240.869 237.703 235.745 236.246 256.885 243.365 306.031 241.265 235.679 234.681 233.21 232.843 240.518 233.338 232.145 231.391 231.378 230.906 230.227 229.872 253.038 234.343 228.441 226.886 276.023 225.687 271.09 223.827 223.58 330.414 362.513 223.565 222.884 300.595 222.234 276.569 224.265 282.156 316.032 310.747 260.112 254.683 222.102 245.208 220.44 258.167 248.486 218.317 217.289 216.69 216.399 216.353 341.41 219.673 214.807 213.838 213.513 213.414 276.082 213.198 243.988 221.232 213.056 209.911 307.816 204.079 202.51 202.193 224.474 200.724 218.709 223.153 200.051 332.459 199.363 262.359 208.637 207.056 198.725 196.986 248.666 228.703 194.546 271.419 193.559 338.419 192.797 195.893 192.756 192.313 191.378 191.224 228.415 187.167 204.205 285.345 185.839 185.455 209.63 185.242 184.749 184.574 205.206 194.132 184.525 412.811 292.85 183.152 325.157 193.229 180.606 179.791 178.493 267.25 250.107 233.71 208.615 178.155 176.971 175.845 175.822 175.671 175.487 239.492 376.136 179.57 175.101 313.197 174.887 174.704 174.357 254.754 174.089 173.691 173.465 258.617 190.311 173.046 172.505 172.258 426.477 242.84 244.443 171.791 171.392 230.008 169.974 185.873 177.167 168.571 181.126 168.403 168.356 261.176 168.189 168.129 168.026 166.88 166.242 165.886 284.501 209.482 196.096 201.982 225.379 263.113 185.67 175.891 209.928 165.471 183.919 164.1 179.572 164.099 238.409 163.991 271.16 196.804 193.7 191.296 176.942 247.338 163.758
threshold=399.03000000000003 72.500000000000014 2978.5900000000006 260.50000000000006 315.50000000000006 1.5000000000000002 14057.970000000001 536.41070000000002 1730.8150000000003 451.50000000000006 7.5000000000000009 15.500000000000002 356.84839000000005 1148.9267000000002 12.500000000000002 828.84110000000021 1307.4150000000002 849.80415000000005 10.500000000000002 37.500000000000007 9.5000000000000018 6.5000000000000009 38.050000000000004 95.500000000000014 4.5000000000000009 734.69500000000016 15780.865500000002 512.55000000000007 57.500000000000007 1143.3550000000002 1.5000000000000002 1285.5556000000004 2.5000000000000004 57.500000000000007 3771.6550000000002 1.0000000180025095e-35 303.50000000000006 70.500000000000014 50.636307000000009 335.59500000000008 895.50000000000011 53.984068000000008 1.5000000000000002 93.500000000000014 1.0000000180025095e-35 223.50000000000003 197.50000000000003 1202.5000000000002 44.510358500000002 1.5000000000000002 5.5000000000000009 229.43500000000003 46.500000000000007 150.50000000000003 4.8900000000000015 29.500000000000004 344.50000000000006 90.500000000000014 23.999763500000004 1.5000000000000002 244.74000000000004 1.0000000180025095e-35 4.3906555000000003 1404.6002000000001 5.5000000000000009 256.26123000000007 15.500000000000002 92.500000000000014 3.5000000000000004 599.50000000000011 3.5000000000000004 2254.5000000000005 6.5000000000000009 625.05950000000018 13.500000000000002 48.500000000000007 893.70500000000015 94.481240000000014 116.60169 8.5000000000000018 319.50000000000006 138.40056000000001 247.61500000000004 798.50000000000011 2132.5000000000005 81.867880000000014 0.00014382111500000003 772.80500000000006 4962.9050000000016 11.500000000000002 160.50000000000003 72.500000000000014 6.5000000000000009 8.5000000000000018 52.500000000000007 430.93000000000001 1.0000000180025095e-35 1.5000000000000002 3.5000000000000004 203.50000000000003 802.50000000000011 9.5000000000000018 5.5000000000000009 16.500000000000004 4.5000000000000009 47.500000000000007 18.861480500000003 1.5000000000000002 3.5000000000000004 2.5000000000000004 4.5000000000000009 208.50000000000003 18.500000000000004 91.845000000000013 1656.5000000000002 401.9778300000001 37.500000000000007 7.5000000000000009 23.500000000000004 59.500000000000007 0.038218857000000002 6806.6100000000015 152.50000000000003 410.50000000000006 2.5000000000000004 135.67176000000003 308.50000000000006 21.500000000000004 2267.5000000000005 32.500000000000007 112.50000000000001 1.5000000000000002 4.5000000000000009 0.042989397500000005 184.99500000000003 48.500000000000007 49.056123500000005 19.500000000000004 161.50000000000003 1503.5000000000002 197.50000000000003 0.064125284500000004 3161.6626000000006 26.500000000000004 124.99500000000002 4.5000000000000009 4294.5000000000009 1951.5000000000002 1.0000000180025095e-35 2486.7585500000005 2768.5111000000002 111.76788700000002 855.50000000000011 1132.5000000000002 779.50000000000011 643.50000000000011 1048.5000000000002 824.81500000000017 11.500000000000002 59.500000000000007 2226.5000000000005 11.500000000000002 22.500000000000004 3123.3048500000004 5.5000000000000009 2856.9300000000007 545.50000000000011 90.500000000000014 60.500000000000007 1928.2598000000003 2291.5000000000005 3984.5000000000005 1.5000000000000002 23.500000000000004 5.5000000000000009 34.920000000000009 341.50000000000006 632.50000000000011 410.50000000000006 12.500000000000002 821.16500000000008 812.50000000000011 21.500000000000004 6.5000000000000009 154.99999000000003 1.5000000000000002 25.500000000000004 565.50000000000011 1022.5000000000001 140.73993000000004 2.5000000000000004 155.50000000000003 1.0000000180025095e-35 535.50000000000011 7.5000000000000009 7.5000000000000009 823.98620000000017 2086.5000000000005 272.50000000000006 21.500000000000004 2.5000000000000004 121.50000000000001 632.50000000000011 675.0100000000001 19.830000000000002 0.0021610471500000004 22.500000000000004 65.768335000000022 56.500000000000007 8.5000000000000018 1572.5000000000002 1.5000000000000002 2588.3850000000007 38.500000000000007 1.5000000000000002 1291.2174000000002 871.50000000000011 6.5000000000000009 4563.9055000000008 11.500000000000002 19.500000000000004 722.50000000000011 1824.0908000000002 6.5000000000000009 16.500000000000004 51.500000000000007 177.63500000000002 2495.9770500000004 100.50000000000001 94.500000000000014 1.5000000000000002 2.5000000000000004 5.5000000000000009 5.5000000000000009 20.500000000000004 21.500000000000004 5.5000000000000009 20.500000000000004 0.0042922842500000011 1503.5000000000002 1437.5000000000002 984.50000000000011 181.87000000000003 382.89500000000004 892.61225000000013 66.500000000000014 12.500000000000002 2.5000000000000004 7122.796150000001 20.500000000000004 99.500000000000014 1641.5000000000002 1258.5000000000002 1.0000000180025095e-35
decision_type=2 2 2 2 2 2 2 2 2 2 2 2 2 2 2 2 2 2 2 2 2 2 2 2 2 2 2 2 2 2 2 2 2 2 2 2 2 2 2 2 2 2 2 2 2 2 2 2 2 2 2 2 2 2 2 2 2 2 2 2 2 2 2 2 2 2 2 2 2 2 2 2 2 2 2 2 2 2 2 2 2 2 2 2 2 2 2 2 2 2 2 2 2 2 2 2 2 2 2 2 2 2 2 2 2 2 2 2 2 2 2 2 2 2 2 2 2 2 2 2 2 2 2 2 2 2 2 2 2 2 2 2 2 2 2 2 2 2 2 2 2 2 2 2 2 2 2 2 2 2 2 2 2 2 2 2 2 2 2 2 2 2 2 2 2 2 2 2 2 2 2 2 2 2 2 2 2 2 2 2 2 2 2 2 2 2 2 2 2 2 2 2 2 2 2 2 2 2 2 2 2 2 2 2 2 2 2 2 2 2 2 2 2 2 2 2 2 2 2 2 2 2 2 2 2 2 2 2 2 2 2 2 2 2 2 2 2 2 2 2 2 2 2 2 2 2 2 2 2 2 2 2 2 2
left_child=1 5 3 8 11 10 9 16 14 15 37 17 29 22 30 35 99 48 28 25 42 33 47 57 34 88 145 44 119 65 36 136 38 53 73 128 -2 -1 80 40 41 209 192 178 105 -23 66 253 50 69 197 52 113 -14 -51 -46 63 81 204 -60 -61 62 -59 96 -27 125 79 140 -69 -50 183 191 -40 74 115 78 77 85 -76 134 82 -12 83 -24 162 229 208 242 228 -64 200 -92 157 -11 95 -32 97 -42 161 126 101 -101 -35 104 118 107 -107 175 111 112 -111 -109 -110 -48 -115 117 -117 -10 -41 -8 -54 -37 -43 -124 -125 -7 143 -20 129 -4 131 -91 -132 223 203 -136 -18 149 246 -140 141 142 164 144 -5 146 147 -15 -148 -102 151 152 189 154 -74 -29 -157 160 -159 -155 226 -83 -84 -164 165 -33 -167 -131 169 -62 -31 188 174 -174 -153 -22 220 -178 -26 -180 -181 190 215 186 -185 187 -71 -186 -160 -36 227 -17 -19 194 -39 -196 -197 -3 -199 -191 -38 202 -195 -47 -34 -144 207 -207 -28 -16 -13 212 213 -212 -163 216 230 218 -82 -219 221 -177 -208 224 -105 -58 -93 -21 -9 -77 231 -120 -233 238 235 237 -237 -235 239 -234 -138 -242 -55 -244 -108 -246 247 249 250 -57 -248 252 -251 -6
right_child=2 4 6 7 13 12 18 19 24 93 23 210 21 26 39 71 31 20 127 181 27 45 32 -25 43 64 86 155 -30 170 94 67 58 102 150 121 90 193 72 103 56 122 -44 -45 55 46 51 -49 49 54 -52 -53 120 87 -56 138 225 61 59 60 168 -63 89 -65 -66 -67 -68 68 -70 70 -72 -73 153 -75 75 76 -78 -79 -80 -81 217 98 84 -85 -86 -87 -88 -89 -90 130 91 92 -94 -95 -96 -97 -98 -99 -100 100 137 -103 -104 133 -106 106 244 108 109 110 -112 -113 -114 114 -116 116 -118 -119 182 -121 -122 -123 123 124 -126 -127 -128 -129 -130 167 132 -133 -134 -135 135 -137 240 -139 139 -141 -142 -143 205 -145 -146 -147 148 -149 -150 -151 -152 172 -154 159 -156 156 -158 158 171 -161 -162 214 163 -165 -166 166 -168 -169 -170 -171 -172 -173 173 -175 -176 176 177 -179 179 180 -182 -183 -184 184 185 -187 -188 -189 -190 199 -192 -193 -194 201 195 196 -198 198 -200 -201 -202 -203 -204 -205 -206 206 222 -209 -210 -211 211 -213 -214 -215 -216 -217 -218 219 -220 -221 -222 -223 -224 -225 -226 -227 -228 -229 -230 -231 -232 232 233 234 -236 236 -238 -239 -240 -241 241 -243 243 -245 245 -247 248 -249 -250 251 -252 -253 -254 -255
leaf_value=-0.0076758344133847365 0.031112307282180063 -0.0039096922616453358 0.021485225301345251 0.035427882175915741 0.020212955802434967 -0.0028756822589571934 0.038639149933516727 0.018022394950511934 0.034295784280265543 0.03816796854949734 -0.004024199896233158 0.033769497165748341 0.027822859462451669 0.026197925236029533 0.013809595639595496 0.0011853614769479662 0.0028112477388724097 0.027817533221387972 0.041398937232026131 0.02019646289394967 0.0024387484164100346 0.032029595128027263 0.00068843458123241618 0.028297272697933407 0.034375102296401741 0.033884235009711897 0.01049967300611453 0.021636168458883366 0.040885034898358145 0.0080125257957872793 0.016002523781579962 0.020914450119271032 0.014178404449866889 0.036974458866828042 -0.0044943112521842622 0.033915967748226347 0.0014729805045348629 -0.0024040792636202939 0.010304994548934495 0.0037538551854425701 0 0.039574686303303866 0.045715637639827618 -0.0044775166486593233 0.03685703749831875 -0.00051646111755579188 0 0.033347610809445961 -0.0012925472743765978 0.0070717872097989035 0.01328062340215201 -0.002185389491862665 0.045641684885061817 0.0035805020706330039 0.035571187695438385 0.031334330132093406 0.00078341830813358909 0.044607958267805198 0.029031268916269913 0.0004580067847628818 0.032273810555097995 0.00085756187913353221 0.031007485083830135 0.0075490081980759908 0.038489846808421872 0.029784051405717719 -0.0021133083414420391 0.029042197373471513 0.0039068877410741746 0.031647510357681 -0.0015053170811279327 0.031268055982254579 0.031477957099000746 0.0037144641701357169 0.03440120700896309 0.0086440995729324954 0.024193103922223368 0.0011220905156916663 0.017844807577899396 0.031992280599474801 0.033713534286032604 0.029462106216383489 0.030452782784153941 0.024134955867695394 0.0012529310135870337 0.036601907927074448 0.03877087016057007 0.01535771555929577 0.037216973054838849 -6.6015806249204932e-06 0.025696213758567205 -0.0043618482355011739 0.024800095417302055 0.040663352207306123 0.0091528998636129892 0.048244551364726551 0.039426807032775388 0.032088864494907672 0.030433763762683773 0.0082741747746432025 -0.006400308000179664 0.032187637112595854 0.006376970396726217 -0.0063201617400950628 0.038444747675976582 0.03991404798740348 -0.0038672054580305166 0.020177309775807142 0.05503455689164919 0.0012430703457231352 0.030792891582794499 -0.0036048940181827396 0.019358624102158672 0.040444412630333604 0.014752174188758484 0.0017947281510131577 0.029653512685952461 0.016232334009424549 -0.0021643680055912352 0.032426080806020816 0.018887357092395439 0.037886808237955434 -0.00062292636778144754 0.023083866664501733 0.0030060337057256714 0.0026721433301949006 0.036264930836891043 0.043020346150891411 0.038528927669835615 0.033127542608755632 -0.0042403745298108678 0.038598191743215021 0.022111377719353457 0.0032919146308537477 0.033994599850813122 0.0013629590861860008 0.036964578567865489 0.028401869742978467 0.0090495499288919447 0.042623491389115496 0.044685822392875212 0.027423789650880694 0.036315156961838707 0.012160482803621992 0.0059803501367904658 0.040087943715500826 0.0035378965801329296 0.036229499364030845 0.023535229550221425 0.0257091835570771 0.03345763791966664 0.025316648872686077 0.026541061233354792 0.038642355676265096 0.0030422954084508352 0.032781588923867178 0.0070844570179550226 0.030321051075205805 -0.0067369118332132804 0.023191847080447397 0.022503795264929977 -0.0053284795449087497 0.0019807194607587937 0.02756557777922005 0.036696338246662748 0.03497165063145851 0.015017161618456256 0.018937107969572171 -0.0001711716583575854 0.0064518321092226364 0.029206773470009995 -0.0074330606873939933 0.032153072593066524 0.0067525141347037597 0.042550742328351814 0.024844214385300722 0.049820773148488914 0.0096807792590382306 0.0013282177453221406 0.0021991573224876327 0.0245029654183389 0.042811895103739318 0.01381696837190895 -0.0047001779605517647 0.043506924866824691 0.0029625483701351337 0.0018332388566169012 0.012073608095539971 0.014135752187110421 0.031773545160275717 0.038215194243089515 0.022693533928547182 0.0080072657635582457 0.027058641071780302 0.051205904866558183 -0.0098851271440265117 0.017329275991444338 0.0003609518116189799 0.038109365154516461 0.005364753779976892 0.027249267849232178 -0.0055808573779681722 -0.0050322817339592367 0.012206036109325608 0.037278861656469806 0.024612795578772752 0.009505563495770317 0.036536506773175555 0.036016547067261519 -0.0017578406398194499 0.026992646732833074 0.042302069996399655 0.03212148167426554 0.0015177149306391496 0.021023608257032211 0.033219196714108661 0.030743055373641363 0.0057654882858526506 0.015311086534116464 0.02554129606119003 -0.0020448380702720488 0.0065763134598569983 0.027076884906405807 0.035114054421361382 0.030785139791620401 0.026907490514507346 0.015421534544011344 0.034530016468782274 0.030521436888726026 0.028218047062434623 0.039371664100996497 0.0012826611933419963 0.003249935461848567 0.0087100250724994489 0.027820933047434077 -0.0036166275722706327 0.023430299533867795 0.036478368913924294 0.04061352331560026 0.032480533991226336 0.0011028423808774085 0.028724141598253011 0.033535824034651877 0 0.030588730931486046 0.0048485840503929793 0.025604708120349491 -0.0038489657205423291 0.00026895516080942738 0.00018074053146207553 -0.00072533699340193573 -0.0070367168049232558 0.036210612820284517 0.0031500768478599245
leaf_weight=9270.9751419387758 75.294653318822384 595.01123305410147 269.21168626844883 160.38843480497599 72.692410923540592 1776.7232908345759 2142.6493414565921 124.54516099393368 716.72681676596403 6726.1547924950719 1549.4294551610947 197.6311699859798 50.1835634149611 1020.9878055267036 129.57280607521534 110.60888287425041 64.009910181164742 137.2087506018579 13525.202603489161 104.88122369349003 864.39117749407887 77.35633946210146 131.63758556172252 57.520025763660669 79.660652995109558 4124.1652443259954 62.314101658761501 570.95692318305373 17332.12784178555 195.39287146553397 50.210703942924738 413.92129085958004 59.763727709650993 56.445120450109243 48.536894708871841 2315.6871704012156 350.79063658416271 284.74307318031788 56.351676039397717 51.375690501183271 41.254841774702072 46.931356403976679 71.45471715182066 50.676390700042248 53.314894713461399 212.42462001368403 71.695657998323441 46.828016743063927 261.76109277829528 59.167898118495941 164.95555794239044 54.814456548541784 74.567736819386482 2431.3375615216792 78.020660910755396 49.570424769073725 64.358881764113903 23.392605617642403 98.358588505536318 200.29380283504725 90.645900711417198 1446.9603298790753 35.352113395929337 48.316420741379261 1964.8365555256605 24.939364347606897 178.57595887035131 173.4200616106391 78.05454408377409 31.086804628372192 134.00099018588662 66.877916514873505 95.800104606896639 50.701036602258682 403.52901640534401 139.47693097218871 1690.0734303221107 112.31070373952389 125.55208426713943 48.729575619101524 341.99880610406399 21.366582352668047 228.69395565241575 64.326649826020002 48.989469643682241 69.378019593656063 727.44392425566912 193.00792254507542 586.89165408909321 29.99592811986804 129.12818691134453 217.79990157112479 106.22478110343218 11945.367881499231 52.412434712052345 65.898351322859526 193.83152990415692 73.32439412176609 32.070893123745918 362.43482302874327 37.159551449120045 76.194787181913853 43.56680915132165 36.957085005939007 178.38928394764662 43.897272638976574 46.698349669575691 68.123431906104088 38.049442831426859 100.95247381553054 53.763379767537117 130.88588022813201 49.534799098968506 46.391238670796156 197.52237680926919 59.019736554473639 77.541287280619144 93.748742438852787 54.09737017005682 934.72975613176823 60.559427801519632 5054.4244027286768 90.183526918292046 419.06657894700766 64.684902675449848 1145.436915166676 182.88969424366951 35891.436645895243 598.27954213321209 2554.6806009113789 195.15521048009396 32.726620625704527 35.999077871441841 94.533531688153744 70.431227222084999 49.490780938416719 62.066904604434967 344.28327231109142 37.195167485624552 47.197692539542913 135.12824229896069 1100.0196810290217 1804.9717671871185 130.51559161394835 52.52690427005291 132.51981218159199 82.091829754412174 293.20178016275167 148.56146416813135 35.918686099350452 1229.2389138787985 120.1866403222084 283.04195712506771 415.56167659163475 53.066654793918133 61.761906575411558 280.90336147323251 54.338032681494951 43.018358197063208 119.47470837086439 40.020058989524841 148.23205894231796 70.00405815243721 70.119400396943092 247.39177506417036 372.59378360211849 96.524427592754364 108.63495630770922 43.013319738209248 51.034211955964565 52.18397643044591 50.325906701385975 76.174631431698799 57.78871113806963 203.69331929087639 67.526275642216206 38.909550197422504 36.165025983005762 98.593729145824909 45.575637705624104 330.91732504218817 792.01736801117659 140.44007130712271 28.776000183075666 80.618341345340014 32.392164029181004 133.72861917316914 32.307517562061548 460.1071968562901 48.421771623194218 3905.8159560039639 56.976938657462597 71.507607348263264 39.363290887326002 20.682221591472626 40.725034184753895 53.701636895537376 96.694762211292982 26.673400070518255 54.00688299536705 26.573604267090559 1666.8081319965422 59.347105529159307 212.59135574102402 87.555473800748587 194.50623236596584 71.590858705341816 731.04635736346245 50.036496669054031 152.11265401914716 51.000729463994503 73.165945127606392 58.854760751128197 134.39707200601697 27.578775487840176 297.11398713290691 385.07366973161697 71.548246994614601 73.884479522705078 136.77592097222805 158.87576152384281 273.80612965673208 316.34972596168518 61.584950521588326 35.096402525901794 38.919833093881607 51.356599137187004 907.53519756346941 3626.1976526528597 64.744987972080708 47.117273211479187 49.159640565514565 41.961993515491486 45.528925463557243 156.80190106481314 105.38413882255554 51.927719369530678 56.603210747241974 102.68503728508949 62.068931184709072 48.205122821033001 48.202163770794868 36.584149479866028 27.94226411730051 68.989708121865988 77.009650196880102 184.46697826683521 134.61919121071696 54.224605843424797 41.236364580690861 31.39681189507246 47.069959029555321 34.374342136085033 240.40933244302869
leaf_count=181104 610 9474 1442 894 688 30719 3826 824 3983 12321 27263 1261 497 5839 1355 1016 507 1035 13262 518 11933 671 1527 594 502 13180 484 5096 20088 2416 567 2508 565 537 470 6527 4648 5109 533 584 447 268 333 629 492 3068 969 283 3676 761 1904 685 482 35985 659 485 686 284 715 2129 557 23029 443 452 4627 258 2372 830 523 349 1802 312 553 477 2123 1313 10634 1098 875 449 2033 255 1638 568 499 407 2030 2211 1690 496 1234 2983 927 15052 581 365 1178 492 377 3013 387 372 549 400 904 388 619 754 269 1252 442 1801 535 382 2229 620 463 659 621 2274 602 10004 992 3460 655 17974 833 23419 1551 7824 3203 381 450 841 577 622 262 2013 392 313 334 4821 6127 1039 447 413 706 1358 868 224 5085 664 1548 2040 486 468 2992 427 578 829 410 2430 729 490 874 1374 506 493 417 431 460 605 354 397 661 676 276 424 1019 482 2234 1105 1129 434 660 406 1857 404 4668 252 8517 299 701 601 235 746 819 1458 253 415 223 30336 1115 2394 539 955 442 2439 165 1743 367 339 349 1442 353 1775 2488 633 532 881 2018 3414 1293 344 219 275 571 2477 15634 378 257 529 421 445 1079 1109 373 336 589 418 378 225 361 374 616 883 1760 1766 646 553 376 657 317 2832
internal_value=0.0313126 0.00524509 0.0379427 0.0299969 0.0185956 -0.00175873 0.0407329 0.0333466 0.0231646 0.0379843 -0.00509218 0.012127 0.00503913 0.0260108 0.0189953 0.0349841 0.0293524 0.0108617 0.041905 0.035159 0.0133438 0.0084114 0.0219155 0.000523815 0.0265747 0.0336085 0.0308156 0.012247 0.0402699 0.000606127 0.0128436 0.0310331 0.0234308 0.0059702 0.027464 0.0354011 0.0113035 -0.00687824 0.0255428 0.0221763 0.0183829 0.0147646 0.0277813 0.0180878 0.0103657 0.0135021 0.0123243 0.0108354 0.00515407 0.00918363 0.00115379 0.0186586 0.021214 0.00528635 0.0236298 0.0158588 0.0253657 5.90098e-05 0.0167307 0.0130849 0.00885598 0.00271864 0.0102794 0.0293986 0.0353842 -0.000415911 0.00812711 0.0315234 0.0213724 0.00641563 0.0106907 0.015417 0.0307713 0.0255182 0.0258243 0.0241922 0.0225332 0.0151509 0.0305732 0.011221 0.0223636 -0.00262629 0.017803 0.00860151 0.0220334 0.0208234 0.0366486 0.00484166 0.0310983 0.0075554 0.0102826 0.0125021 0.0107804 0.0397691 0.0271477 0.0348934 0.0327187 0.0208032 0.00673163 0.0220667 0.0187783 0.0125781 0.0241301 0.0246677 0.0258507 0.00849394 0.0176374 0.00732103 0.0135632 0.0207812 0.0118373 0.00460607 0.0358517 0.0154533 0.0199686 0.030243 0.0178852 0.0322638 0.0244359 0.0367775 0.0341746 0.0366501 0.0189596 0.017125 0.0204432 -0.000697269 0.0273047 0.0425785 0.0327719 0.0315685 0.0045099 0.0205519 0 0.0150162 0.00923508 0.0208531 0.0181802 0.0251795 0.014045 0.028494 0.0319791 0.0316397 0.0327154 0.0223217 0.0283329 0.0278491 0.0267423 0.0284953 0.0165526 0.00951308 0.0307373 0.0269103 0.0212169 0.0324082 0.0215825 0.0180326 0.0119085 0.00909495 0.012362 0.0353101 0.00260212 0.00255939 0.0247451 0.0150618 0.0286642 0.0263248 0.0309683 0.0325671 0.0178073 0.0232614 0.0127181 0.010478 0.0321697 0.0215299 0.0363808 0.00538448 0.0097695 0.0313672 0.0201757 0.0176398 0.0218553 0.0379756 0.0250899 0.0155228 0.0225784 0.0280385 0.00782864 0.0349676 0.0123117 0.0109529 0.0371777 0.00873822 0.0212183 -0.0034548 0.00250101 0.0145539 0.00552676 -0.00164605 0.00908005 0.0183143 0.00344857 -0.00481062 0.00794872 0.00585123 0.02829 0.0341614 0.0311434 0.0341 0.0223825 0.00541467 0.0262132 0.0212951 0.0146694 0.00879222 -0.000948513 0.0261502 0.0242744 0.0267609 0.0305571 0.0189163 0.00639605 0.0103431 0.0239253 0.0230652 0.0119617 0.0110472 -0.000464282 0.0330977 0.0301189 0.0151117 0.0209695 0.019657 0.0214294 0.0229941 0.0188045 0.0131458 0.0054307 0.0246007 0.0311212 0.0210681 0.0242132 0.0153178 0.0040128 0.0195538 0.0121534 0.0173283 0.0118231 0.00670101 0.0175139 0.014953 0.0217577 0.00785736 0.0172006 0.00724643
internal_weight=168873 34243.3 134630 34996.5 11782.3 22461 99633.1 23477.2 11519.3 29806.9 15072.1 6296.28 7388.89 5485.99 5189.96 11135.4 7340.31 5781.23 69826.1 16136.9 4026.04 4194.22 2968.83 3635.78 6329.32 10426.6 2517.16 3745.87 20409.5 3194.68 1773.5 5958 2608.9 2839.07 5723.89 10900.9 1604.98 11436.3 1978.23 3416.46 1362.56 902.552 280.171 605.424 2832.24 1355.15 1277.79 359.93 1755.2 871.86 883.335 505.551 450.736 2739.06 137.189 714.666 460.006 3578.26 630.665 483.346 384.987 1799.58 352.622 356.727 6089 2947.1 772.244 5735.52 251.475 734.672 472.91 234.464 740.255 3602.8 3552.1 2605.07 2075.98 385.911 529.081 593.668 1237.98 1778.68 613.771 195.964 417.807 273.6 839.795 2688.87 4337.63 329.229 1529.68 1152.32 1023.19 18671.5 168.521 116.109 308.411 114.579 229.248 1382.31 855.991 438.63 100.012 2053.9 1825.73 2117.58 236.595 1880.98 441.309 242.3 154.716 199.009 87.5842 315.609 243.914 947.037 136.561 810.476 1647.34 3077.38 135.127 7370.11 620.866 573.935 483.751 2922.16 526.321 49416.6 3530.81 2932.53 293.877 62.7225 231.154 228.172 544.938 119.922 222.484 417.362 661.352 84.3929 5484.04 5348.92 4248.9 343.431 212.915 1677.36 1544.84 1314.19 230.653 73.0782 2121.09 891.851 434.008 683.903 148.867 913.622 342.665 916.966 607.789 535.036 309.177 197.177 368.817 140.123 1130.43 883.04 469.118 2663.32 184.693 141.68 247.577 553.451 457.843 133.963 323.88 1439.67 575.283 75.0746 554.747 475.087 376.493 5710.25 1595.96 338.909 174.094 145.318 164.815 112.926 503.126 150.966 4918.23 167.586 208.716 2165.37 399.852 115.109 94.4267 718.379 123.368 102.429 377.364 1765.52 98.7104 425.016 147.319 3118.46 1313.49 925.553 112.351 281.685 515.05 317.419 244.253 185.398 175.811 1455.52 1158.41 624.207 415.883 208.324 500.208 341.332 387.941 133.638 72.0535 103.279 269.157 1012.42 3750.74 204.222 773.336 726.219 672.121 622.962 416.246 259.444 157.312 102.132 206.716 104.031 158.474 96.4073 2495.86 64.5264 192.698 145.999 576.959 306.87 270.088 172.251 215.864 122.681 75.6107 313.102
internal_count=780898 494993 285905 166195 107527 387466 119710 82192 84003 56841 279623 72537 107843 34990 46261 29468 33620 68779 62869 48572 44682 56016 23127 59558 37742 35955 11863 42613 26188 51827 19397 24398 19324 40514 32876 27841 17884 220065 13971 26864 12003 8473 2069 4866 34057 15502 14831 3803 24097 11008 13089 5349 4664 39428 1420 7757 3530 58964 5353 4249 3534 28286 5257 2569 17807 48951 9482 23026 1353 9588 5912 1627 4441 23030 22553 16828 13830 3196 2998 7110 9530 30678 5451 2095 3356 2098 2679 38931 18148 4973 17274 12403 11169 27373 1513 932 2117 939 3415 9222 6009 3385 1086 14861 13057 26300 2506 23794 5053 2498 1694 2555 804 3580 2611 5725 1083 4642 12153 6100 1084 16531 5375 5107 4115 48693 3213 36681 11310 9759 4530 877 3653 1804 6661 1199 1372 2624 7265 705 21673 21339 16518 2380 1341 9184 8771 7197 1574 611 9846 4761 2685 3908 1039 8556 3460 10242 6278 2869 3964 3038 2857 1219 5262 4388 1880 8317 1405 988 2876 5851 2076 751 1325 18741 6808 700 4237 3735 2716 12617 11569 4110 1904 1470 2206 1064 5246 1137 11512 1315 1736 38961 6909 1800 1565 11185 1711 667 4871 32052 1716 5462 1104 11256 5129 3394 649 3098 3758 2497 2158 1809 2783 10440 8665 4079 2565 1514 6108 4090 1735 963 619 961 3554 2995 16458 1691 6177 5920 5299 4770 3342 2263 1482 781 1428 839 865 603 36720 735 2118 1499 6560 3778 2782 2012 2136 1527 870 3520
is_linear=0
shrinkage=0.01


Tree=20
num_leaves=255
num_cat=0
split_feature=7 55 7 55 55 12 54 6 55 57 54 0 29 47 6 7 6 57 19 122 54 12 62 54 47 28 10 67 140 20 42 60 117 47 62 6 32 6 6 124 47 0 89 20 6 7 33 60 50 63 70 117 10 20 21 3 83 115 62 130 0 62 57 6 19 26 8 7 68 57 28 132 123 57 25 21 82 47 7 21 8 63 27 47 27 6 14 21 43 128 128 54 10 12 12 116 54 29 35 50 47 27 21 99 66 6 115 54 34 132 134 61 130 20 116 45 28 59 26 134 66 6 33 47 6 27 134 42 21 38 6 19 57 45 138 27 47 10 96 30 129 116 20 30 62 117 20 54 0 96 137 6 57 20 6 57 115 30 115 28 34 130 8 115 129 47 13 12 34 27 39 128 6 28 29 13 132 130 42 34 13 128 10 20 19 136 128 29 55 32 20 19 30 54 47 116 139 59 136 20 33 50 117 12 83 132 60 20 54 54 83 14 115 132 34 67 30 34 10 19 132 27 95 97 55 21 34 38 116 27 38 7 32 8 8 6 50 21 116 124 117 39 27 32 27 33 30 34 66 8 121 32 13 0
split_gain=273571 31784.9 28355.8 7696.93 5165.32 4735.87 3211.72 1572.69 1439.42 1315.09 1178.02 1142.73 1136.13 1058.96 951.952 941.236 849.013 661.348 637.785 571.697 511.128 470.221 466.973 462.06 433.93 409.187 407.462 407.292 404.297 403.716 396.807 393.291 387.05 388.298 373.108 358.814 349.967 349.798 348.058 376.275 338.798 329.512 326.964 340.317 325.035 316.246 310.655 310.336 307.276 289.726 282.365 378.05 335.478 282.043 281.833 281.02 304.639 280.248 279.507 279.219 275.34 273.82 272.657 267.222 382.546 266.869 264.494 261.647 260.596 255.977 252.722 307.473 252.592 250.763 246.955 281.949 286.511 280.834 243.936 254.337 337.84 243.134 241.39 252.375 238.088 239.626 292.438 237.675 237.164 235.183 258.973 290.751 253.764 388.614 291.666 243.708 231.94 237.321 229.344 228.607 226.561 226.21 224.667 235.772 289.405 224.383 273.975 224.186 235.333 222.321 222.035 227.663 354.185 238.952 233.571 221.355 219.074 217.135 216.269 254.443 215.813 215.376 214.461 214.34 212.073 240.469 211.606 210.846 210.104 209.807 299.442 265.411 226.791 209.672 209.545 207.724 206.596 225.648 205.875 205.661 205.632 213.076 205.155 204.317 202.565 202.523 200.609 199.888 198.379 197.423 248.111 247 267.795 209.929 396.055 205.925 197.198 196.239 195.926 242.516 217.298 228.375 206.629 195.601 192.715 192.605 240.209 319.713 229.699 192.401 219.11 191.48 224.502 200.368 197.955 191.331 190.039 189.016 230.966 188.776 188.008 187.664 187.543 187.509 186.148 187.497 256.182 208.369 203.52 198.571 186.145 185.682 207.181 185.092 183.592 183.331 205.766 213.078 181.034 237.693 182.188 180.134 328.213 308.152 291.893 270.294 308.928 264.423 226.133 238.01 190.02 225.773 181.528 212.801 179.898 194.266 177.883 250.677 177.602 177.524 330.767 176.371 176.353 176.038 175.451 174.992 173.36 190.615 172.985 176.209 185.848 172.634 172.586 213.092 188.938 172.27 289.69 171.766 198.282 171.261 310.074 257.053 171.138 222.109 170.682 170.553 178.38 169.82 205.602 169.202 168.358 166.851 166.118 171.43
threshold=399.03000000000003 72.500000000000014 2824.0100000000007 260.50000000000006 303.50000000000006 1.5000000000000002 2393.5000000000005 1903.4950000000001 7.5000000000000009 399.50000000000006 39.500000000000007 4.5000000000000009 5.5000000000000009 191.56839000000005 16816.950000000001 874.62000000000012 7022.8400000000011 20.500000000000004 828.84110000000021 1.5000000000000002 450.50000000000006 15.500000000000002 4.5000000000000009 99.500000000000014 886.00720000000013 213.50000000000003 387.05000000000007 42.500000000000007 2.5000000000000004 53.65207800000001 95.500000000000014 4.5000000000000009 0.024616226500000001 339.54680000000008 10.500000000000002 3771.6550000000002 386.50000000000006 2653.4950000000003 903.19500000000016 2.5000000000000004 17577.609500000002 2.5000000000000004 2.5000000000000004 26.000964000000003 1143.3550000000002 119.84000000000002 70.500000000000014 45.500000000000007 1631.5000000000002 2.5000000000000004 3.5000000000000004 0.028373045500000003 288.85000000000008 153.82024500000003 1619.5000000000002 2.5000000000000004 7.5000000000000009 0.06108842250000001 6.5000000000000009 78.500000000000014 35.500000000000007 38.500000000000007 59.500000000000007 253.81000000000003 35.25950000000001 3.5000000000000004 104.98500000000001 159.00500000000002 1.5000000000000002 37.500000000000007 18.500000000000004 94.500000000000014 1.5000000000000002 412.50000000000006 5.5000000000000009 2360.5000000000005 2.5000000000000004 165.44430500000001 25.905000000000005 2374.5000000000005 99.040000000000006 1.0000000180025095e-35 992.50000000000011 6271.872800000001 118.50000000000001 675.0100000000001 2.5000000000000004 1994.5000000000002 24.500000000000004 90.500000000000014 62.500000000000007 2929.5000000000005 189.99500000000003 30.500000000000004 19.500000000000004 0.00075250021500000014 498.50000000000006 3.5000000000000004 18.500000000000004 55.500000000000007 31.914383500000003 256.50000000000006 2075.5000000000005 8.5000000000000018 67.500000000000014 925.59000000000015 0.069484450000000017 798.50000000000011 7.5000000000000009 35.500000000000007 69.500000000000014 6.5000000000000009 44.500000000000007 167.09174500000003 0.0031532892000000006 121.50000000000001 12.500000000000002 21.500000000000004 4.5000000000000009 44.500000000000007 3.5000000000000004 57.82500000000001 30.500000000000004 288.90578000000005 3235.7450000000003 80.500000000000014 63.500000000000007 12.500000000000002 516.50000000000011 176.50000000000003 628.92500000000007 39.902858000000002 18.500000000000004 3.5000000000000004 2.5000000000000004 699.50000000000011 1378.8976000000002 75.215000000000018 6.5000000000000009 2072.5000000000005 58.500000000000007 0.0011890834500000002 90.859020500000014 335.50000000000006 2.5000000000000004 0.011088502500000002 43.286606500000012 719.50000000000011 9.5000000000000018 1.0000000180025095e-35 1.5000000000000002 789.72500000000014 50.500000000000007 79.903335000000013 202.84000000000003 4.5000000000000009 0.083340658000000012 619.50000000000011 0.090902615000000006 205.50000000000003 60.500000000000007 50.500000000000007 29.920000000000005 0.06657033250000001 87.500000000000014 2626.5788500000003 11.500000000000002 11.500000000000002 48.500000000000007 829.50000000000011 24.500000000000004 51.500000000000007 824.81500000000017 166.50000000000003 81.500000000000014 4.5000000000000009 59.500000000000007 53.500000000000007 159.50000000000003 20.500000000000004 10.500000000000002 94.500000000000014 25.905000000000005 160.63666500000002 477.92524000000009 2.5000000000000004 28.500000000000004 45.500000000000007 1632.5000000000002 2147.5000000000005 23.801389000000004 73.951945000000009 1399.5000000000002 67.500000000000014 611.86162500000012 0.0017577782500000003 1.0000000180025095e-35 1.5000000000000002 2.5000000000000004 17.803846000000004 381.50000000000006 8.5000000000000018 0.0029942479000000005 7.5000000000000009 5.5000000000000009 63.000000000000007 1.5000000000000002 53.65207800000001 63.500000000000007 121.50000000000001 8.5000000000000018 7.5000000000000009 0.15837521500000004 38.500000000000007 83.500000000000014 5.5000000000000009 1174.5000000000002 50.500000000000007 237.94500000000002 47.189473000000007 67.500000000000014 497.50000000000006 3.5000000000000004 2.5000000000000004 10.500000000000002 1702.5000000000002 109.50000000000001 56.500000000000007 0.040026702500000004 752.50000000000011 14.500000000000002 530.0100000000001 421.50000000000006 1084.325 796.84000000000003 220.81500000000003 3.5000000000000004 1605.5000000000002 0.0019151739500000002 1.5000000000000002 0.025002056500000005 52.500000000000007 564.50000000000011 914.50000000000011 996.50000000000011 424.50000000000006 2790.5000000000005 36.500000000000007 13.500000000000002 361.75500000000005 2.5000000000000004 1318.5000000000002 4.5000000000000009 13.500000000000002
decision_type=2 2 2 2 2 2 2 2 2 2 2 2 2 2 2 2 2 2 2 2 2 2 2 2 2 2 2 2 2 2 2 2 2 2 2 2 2 2 2 2 2 2 2 2 2 2 2 2 2 2 2 2 2 2 2 2 2 2 2 2 2 2 2 2 2 2 2 2 2 2 2 2 2 2 2 2 2 2 2 2 2 2 2 2 2 2 2 2 2 2 2 2 2 2 2 2 2 2 2 2 2 2 2 2 2 2 2 2 2 2 2 2 2 2 2 2 2 2 2 2 2 2 2 2 2 2 2 2 2 2 2 2 2 2 2 2 2 2 2 2 2 2 2 2 2 2 2 2 2 2 2 2 2 2 2 2 2 2 2 2 2 2 2 2 2 2 2 2 2 2 2 2 2 2 2 2 2 2 2 2 2 2 2 2 2 2 2 2 2 2 2 2 2 2 2 2 2 2 2 2 2 2 2 2 2 2 2 2 2 2 2 2 2 2 2 2 2 2 2 2 2 2 2 2 2 2 2 2 2 2 2 2 2 2 2 2 2 2 2 2 2 2 2 2 2 2 2 2 2 2 2 2 2 2
left_child=1 5 3 7 11 8 16 10 46 15 171 17 40 23 58 31 18 32 62 24 -18 70 27 44 110 42 47 29 41 48 49 36 96 -34 124 50 -5 89 39 177 102 126 53 67 45 -7 -1 115 73 74 51 59 60 55 143 149 -57 -55 180 98 -52 -16 195 64 245 82 169 -44 218 -27 244 78 134 129 75 76 77 -10 -72 80 198 -22 84 165 -43 86 -86 117 105 90 91 92 93 94 -33 -92 97 -3 118 -99 181 -88 103 109 116 133 -107 108 122 147 111 113 -113 235 -114 164 -105 176 140 -120 226 224 -25 135 125 -17 -12 219 -111 130 -14 -132 -133 -82 -21 -37 -31 -138 -75 -135 141 -9 -65 -46 -143 183 -93 -6 231 -15 193 152 153 158 -155 -153 -156 -51 159 -152 -160 -162 -163 -61 -11 166 167 -84 -168 -35 -171 172 173 -2 191 -45 -66 -24 -179 -146 -8 -47 -169 -38 185 188 -187 189 -127 -188 -58 -174 -193 -151 -54 196 197 -4 199 200 221 202 203 -87 -203 206 -204 210 -208 -210 -206 -212 213 -211 215 -139 -215 252 225 220 -102 -80 -23 237 -110 -67 227 -100 -48 -230 -231 249 234 -234 -53 -19 -237 238 -223 -125 -241 -242 243 -126 -13 -26 -247 -30 -249 -103 -207 -39 -218 -254
right_child=2 4 6 9 12 13 14 35 30 26 28 21 22 25 61 34 20 19 -20 72 81 222 38 107 63 69 -28 -29 247 136 -32 37 33 66 -36 123 145 251 -40 -41 -42 65 43 175 54 100 228 -49 -50 157 52 232 194 57 -56 56 190 -59 -60 163 -62 -63 -64 142 87 68 -68 -69 -70 -71 71 -73 -74 138 -76 -77 -78 -79 79 -81 88 -83 83 -85 85 201 101 -89 -90 -91 95 146 -94 -95 -96 -97 -98 99 120 -101 127 148 -104 104 -106 106 -108 -109 121 128 -112 112 114 -115 -116 -117 -118 -119 119 -121 -122 -123 -124 239 242 184 -128 -129 -130 -131 131 132 -134 139 -136 -137 137 214 -140 -141 -142 144 -144 -145 179 -147 -148 -149 -150 150 151 155 -154 154 156 -157 -158 -159 160 -161 161 162 -164 -165 -166 -167 168 182 -170 170 -172 -173 174 -175 -176 -177 -178 178 -180 -181 -182 -183 -184 -185 -186 186 187 -189 -190 -191 -192 192 -194 -195 -196 -197 -198 -199 -200 -201 -202 204 205 -205 207 250 208 -209 209 212 211 -213 -214 216 -216 -217 217 -219 -220 -221 -222 223 -224 -225 -226 -227 -228 -229 229 230 -232 -233 233 -235 -236 236 -238 -239 -240 240 241 -243 -244 -245 -246 246 -248 248 -250 -251 -252 -253 253 -255
leaf_value=-0.0076670749495182594 -0.0042969056967746035 0.024836892312358874 0.0069416987216926809 0.027891553201922711 -0.00082814961104391818 -0.0035294349214671193 0.025520529389799543 0.036847125951216787 0.003167282521930766 0.027076494409183274 0.013792162687977109 0.020267022307199411 0.011678458213084622 7.079607112806457e-05 0.040383637982708324 0.040658988556713585 0.031933623985237997 -0.0024684278680994895 0.0083024812688577195 0.024150514015222075 0.035381833170975339 0.039144941987806652 0.02828911252548057 0.041294811672339365 0.0092451695996237388 0.0019344040113195332 0.03744441424835019 0.036982605901179501 0.035482058875348173 0.014295241532930013 0.026150386674905005 0.019975957465922158 -0.010166148227465855 0.0048694133371594318 0.03479255518612525 0.0067743761829419649 -0.0064787808696657083 0.037575177974882155 0.03580214585309717 0.0030908931487846564 0.036286542578989806 0.031854096803636094 0.041626916175312445 -0.0030453878351823418 0.019966986714156559 -0.0038683347825552408 -0.003990770431600189 0.034623139343386664 0.037991683603996837 0.042385948512930462 0.0090285776164047739 0.025579578708504289 0.021898327822993328 0.049127341527979977 0.018984437272570175 0.027992055507450521 0.024545807862132486 0.011983371299459158 0.039242771243280197 8.2952458760777767e-05 0.033128010366442542 0.04190820738307173 0.035094047401300933 -0.0045969891195077441 0.046328997694874197 0.0018718118913597947 0.031666372360430149 0.011724756357075063 0.033294564224859977 0.023547619696791026 0.0273667323714324 -0.0079612998981910092 0.037048783390785614 0.027501351625229955 -0.0029872428178595481 0.03731069998199503 0.0010427589001270577 0.047535902125334747 0.00056888139291891033 0.040947781489081223 0.0095149763207925692 0.038393039729698819 0.027017087491540939 0.0059131076061157027 0.00036428874305914329 0.012677738833661044 -0.0058792007909742742 0.0051758573374751891 0.0083555159792713888 0.0096706679766785271 0.018735085087995162 0.020584642663963763 0.027440480197914893 0.03421954009621065 0.0049963070314246825 0.036672785396010481 0.012325232142870762 -0.001102808366724982 0.0065513657066786617 0.018254110243772576 0.009114103969622072 0.014039396872932795 0.035602272679702798 -0.0044561046373299638 0.037250344242580863 0.045089635700604237 0.016266130272048086 0.03082320286793884 0.042858764935662298 0.039696479292984373 -0.0041450282010248134 0.032387448475525493 -0.0030881191104973268 0.033567494903777882 0.01760838915037883 0.038160042711793928 0.018921511051973525 0.011555071120879714 -0.0033953055392943201 0.023908731051503877 0.026204442570650497 0.0033911871086244106 0.0081459712834411266 0.033143014424835346 0.030569647560105506 0.030938941911853014 -0.0063333579223748861 -0.0022747074816797685 0.02687067329197905 0.0050480221166633674 0.033203278218962837 0.030761961236905461 0.0023200861408811031 0.03695793992588986 0.0037171487704413574 0.025604837561456588 0.035745659204807517 0.012353909151298845 0.0042682466162021438 0.011500325399149304 0.014256371966632904 0.018580083648399342 0.019060198175062739 -0.010392644982942036 0.047918335827709976 0.020314819912934347 0.040183431732228901 0.023400965012280311 0.0020984797530453352 0.0093214376587044973 -0.0033561873829483463 0.023719677734481831 0.033183521707922894 0.050921257012027682 0.022839216641896695 0.0050087475829998134 -0.0069021202626511581 0.0042158674724314168 0.0043279515513346446 0.029961590020840641 -0.0041995126518977587 0.046066625532423217 0.012054520483130769 0.021049033729590574 0.012150195729991167 0.039324420006116093 0.046538579964006337 0.020896645728983917 0.020153725563665341 0.040949725525498699 0.004201159776659232 -0.0015609059746569843 -0.0015410818768492127 0.021114693587590518 -0.00058484398488909209 0.025126813371043801 0.01970948894079436 0.0076544693024316601 0.029991483098304361 0.026889524798849099 0.036894792362042857 0.012734592480863593 -0.00037804673325447791 0.018583375540523934 0.012781439810122671 0.038047691959364534 0.020177708805530572 0.039472191759051582 0.020187873488020182 0.039069359870716518 -0.0054370879602447372 0.030469289194486795 0.0079760704507243312 0.041127916774607191 0.036164042782466231 0.032269209726679828 0.038473313592384345 0.025461146060645437 -0.00064211258288554096 0.0017497694403491152 -0.0010059605369271379 0.041395308113799309 0.0027877896422677574 0.031553298239527294 0.026992637480001431 0.020482391607844489 0.038622118536381075 0.027160219615497489 -0.0012951376224829808 0.0038066417503726897 -0.0081988137594354357 0.017137151889082186 -0.00018090667292788612 0.0028592651561967202 0.0075049665402558644 0.039294377134853058 0.010419361334831113 0.013618961791134232 0.022103523785626984 0.0080184993586608772 0.051394180832503855 0.0097995507225518523 0.023081137786842607 0.044484967860385922 0.0056049794747091266 0.01534197207865017 0.0004959986910149603 0.022898343450860472 -0.0054841739017433442 0.0027405648917306425 0.044312314641475739 0.0080590686376743777 0.0029722964225358489 0.024571097904161485 0.0043620616197059779 0.0024780759678884154 0.040396736915205803 0.0074726503664771203 0.041715413753322626 0.030181832172893108 0.0022202977771909995 0.027506877468371136 0.033102618443212758 0.010044666478062994 0.042808313692218408 0.043114951294934527 0.0099986760433639042 0.0090118135771024011 0.03479906056332293 0.038024688721539614 0.040957543259826819 0.021508098406886465 0.036239002103806615 0.015878853152526171
leaf_weight=9203.1667495332658 146.5978997386992 37.215814124792814 74.485032685101032 148.00712755322456 45.598441600799561 2028.5358503386378 174.79031329602003 415.68592162430286 32.442504081875086 633.76570446789265 173.12887124717236 185.69637205079198 802.22927541285753 285.33267122507095 33161.470821321011 183.50212110579014 1824.7939243838191 300.15270814299583 108.87238091230392 174.56045402958989 4027.7704147547483 90.226377103477716 599.45959416031837 33.837028589099646 321.21106837689877 853.73408932611346 4649.1437964886427 119.26228158921003 236.64125688746572 138.09076494351029 56.770276077091694 807.38480234146118 56.45482587441802 146.79319353029132 3269.4624692052603 75.652073301374912 102.51144671440125 424.89405259490013 318.67289826273918 85.018781378865242 763.76423068344593 152.48978590965271 95.259035978466272 61.391771350055933 28.526441015303135 457.23925573378801 2084.669215016067 2400.3537588268518 57.54110998660326 24.411943912506104 135.05178555846214 170.71208899095654 132.85269543528557 34.198153614997864 153.46323566883802 149.08876299113035 28.818600419908762 52.64191210642457 16775.581740751863 81.424264945089817 74.529654480516911 22996.689756318927 3053.4029124900699 100.7749842479825 105.97428077086806 227.91123235970736 96.190394341945648 46.276691552251577 57.420865751802921 56.763872720301151 135.49274632707238 61.655896659940481 107.41051442921162 221.27982677519321 1803.651396330446 20.757823672145605 1621.1736858040094 24.688838757574558 39.474852722138166 30.922285597771406 187.64333865046501 13026.141408003867 325.99536756798625 62.029168017208576 149.33607141301036 128.69258216023445 33.948798283934593 37.134696651250124 206.06044982373714 94.029091335833073 105.78100142627954 84.63142205029726 874.09139119833708 167.10691279172897 158.98383346945047 389.26337822526693 191.97290380299091 1221.0303630158305 102.75833936035633 62.207885537296534 53.112120140343904 47.863827228546143 310.02297735214233 68.804035536944866 45.629060439765453 75.091738104820251 66.176555939018726 38.953993428498507 24.211972195655107 185.21105126291513 189.13025208935142 80.430741298943758 101.92748224362731 22.539346054196358 112.3617710955441 168.10469279438257 90.188874274492264 39.684620905667543 42.41947603225708 152.65456188470125 404.98427587747574 697.43405343219638 47.756989236921072 1117.0013048574328 165.8708369359374 2696.5268974378705 72.28342654928565 148.17668229341507 591.25386745482683 285.46759903803468 144.36562053114176 42.548814259469509 78.954838447272778 75.589914858341217 72.991532623767853 319.79551723599434 228.18481114879251 50.931168459355831 48.256977237761021 60.413108989596367 83.244525581598282 205.33067236840725 54.77648114785552 78.487030901014805 63.335618630051613 81.570056527853012 194.78801738470793 122.53242705017328 46.012841694056988 36.946355868130922 399.12327479943633 163.4179898314178 33.340341292321682 25.730655044317245 39.674897983670235 95.657063491642475 45.718032501637936 29.832295902073383 408.50843342021108 21.079074326902628 26.28928666561842 36.239367503672838 39.075199991464615 98.790151223540306 108.72493780404329 120.4079819098115 89.120347268879414 75.494287677109241 62.375929206609726 37.097181037068367 29.723003949970007 219.21387367323041 34.716089691966772 37.173944927752018 61.693634074181318 36.783324114978313 43.754256404936314 121.58992230892181 76.570870280265808 192.05346969515085 5902.2981308177114 77.806890688836575 86.963251858949661 39.751992262899876 80.864654652774334 138.02864845842123 819.56162713468075 74.073824785649776 210.56432826071978 62.094634391367435 60.598049767315388 129.03972476348281 64.161402739584446 39.831516809761524 455.3029792457819 1581.4340066835284 112.07756938040257 512.73207706212997 197.13267717882991 182.00113759562373 48.056119691580534 92.127524331212044 222.0601586997509 305.84590898454189 59.044612184166908 325.93526159971952 41.786407500505447 336.10295765846968 80.607651613652706 91.625200815498829 62.766034059226513 74.605469532310963 57.467630669474602 53.91666716337204 72.641127370297909 65.394807245582342 48.694752372801304 210.33010417222977 110.05531654506922 304.25082463398576 28.036103092133999 35.959150981158018 417.75827003642917 34.423662319779396 27.138444773852825 168.59133448824286 64.700773142278194 264.84871066361666 34.219313163310289 21.99569970741868 20.718883406370878 47.132457792758942 194.98779062181711 58.537561275064945 58.270780421793461 80.199821211397648 25.346293579787016 74.286291740834713 48.115175403654575 508.33190181106329 88.942997932434082 73.419437997043133 3418.3172340616584 83.241436146199703 44.08064766228199 32.525343649089336 35.625229354947805 74.930278494954109 55.026408202946186 101.97201174497604 48.630352735519409 91.484136112034321 190.38243483752012 61.261111348867416
leaf_count=181025 2182 356 565 882 431 35357 581 2261 542 2542 1756 1583 8106 4281 29008 459 5843 4383 901 1701 8307 485 3766 335 3782 12717 9487 496 1481 1184 584 5402 927 1974 9409 630 1030 1464 1462 763 2147 949 771 806 333 7518 37772 6307 233 258 1034 1234 799 230 1575 1348 268 610 20203 800 355 13004 7419 1265 686 2643 836 504 390 611 1247 818 758 1359 31405 224 25592 211 487 199 2092 19740 2299 567 1747 1202 385 428 2118 707 644 434 4353 717 1246 1612 2285 18236 863 722 740 469 1405 586 151 378 565 330 286 712 2729 758 1387 172 1230 462 591 408 466 1173 2298 9730 678 4680 590 11237 922 2261 3336 2791 879 290 734 566 907 1861 1242 414 393 622 638 1459 464 1174 221 581 600 717 493 471 5872 1588 303 212 436 1083 655 439 5672 247 381 311 481 693 639 623 403 578 447 385 401 3080 469 458 860 309 431 1081 393 1089 10260 1178 855 272 493 455 4388 293 956 181 794 1206 743 335 1948 5060 346 2203 2466 2182 593 459 2313 2087 410 2638 276 2167 889 853 707 549 586 507 597 315 428 1737 897 4480 255 418 3131 226 401 1640 582 1734 613 375 256 463 1791 349 520 1045 204 846 361 2219 671 342 10965 455 256 240 421 634 242 638 271 452 1113 491
internal_value=0.0303946 0.00515639 0.0366958 0.0288158 0.0182909 -0.0018836 0.0393126 0.0220885 -0.00511693 0.0321575 0.018394 0.0119523 0.0250973 0.00466067 0.0402958 0.0303897 0.0361152 0.00865631 0.0325654 0.0126017 0.0371346 0.0175581 0.0215551 0.00137949 0.0101377 0.009027 0.0354715 0.0189153 0.0200662 0.0179149 0.000377821 0.0260042 0.00436115 0.0135609 0.0318576 0.0258559 0.016024 0.0270851 0.0266822 0.0233046 0.0307353 0.0192544 0.0113071 0.0223659 -0.000301329 -0.00120897 -0.00686477 0.0326772 0.0154212 -4.51724e-05 0.0237877 0.0221589 0.0291266 0.0099699 0.0103797 0.0091502 0.0193152 0.0275001 0.0385378 0.0239517 0.017878 0.0410096 0.0330554 0.0156582 0.0186132 0.019878 0.0179541 0.0322193 0.0133093 0.00334147 0.0151006 0.0136095 0.0241378 0.0145691 -0.000409295 0.00232176 0.00183916 0.0234692 0.0145141 0.0131893 0.0124761 0.0376867 0.0208197 0.0257373 0.0194835 0.0188122 0.0117312 0.0289583 0.0174795 0.0256656 0.0261953 0.0247011 0.0233034 0.0200615 0.0175373 0.0329508 0.00211172 0.000602886 0.025039 -0.000129712 0.00318493 0.0177784 0.0277773 0.0255995 0.0155019 0.0214489 0.0320727 0.00786862 0.0067083 0.0277389 0.00543333 0.00795741 0.0147024 0.00324537 0.00778026 0.027472 0.00881308 0.0334658 0.0280046 0.0179464 0.0208802 0.00489973 0.0226715 0.0290973 0.0306382 0.0290269 0.00782072 0.00778609 0.030037 0.0127632 0.0148026 0.0240343 0.0126979 0.0166125 0.0182438 0.0220798 0.0253625 0.0289166 0.0234407 0.0260526 0.0299972 0.0314451 0.00380647 -0.00199014 0.0264112 0.00795496 0.0344713 0.0168386 0.0211456 0.00769373 0.00922629 0.00818193 0.0060338 0.00509311 0.0179852 0.0169407 0.00700819 0.022468 0.00350719 -0.00152713 0.00766348 0.0206353 0.0293179 0.0117359 0.0249427 0.0273217 0.0249323 0.0213012 0.0361444 0.0114966 0.0253456 0.00611852 0.00968735 0.000961581 0.0151454 0.007701 0.0389784 0.0254336 0.0165491 0.0324753 0.0365778 -0.00139687 0.00958143 0.000615445 0.0284819 0.0287902 0.0250438 0.0230797 0.0301781 0.021605 0.00444248 0.0194149 0.0232089 0.0265745 0.0330438 0.0302934 0.0257318 0.0231606 0.00733278 0.0107429 0.0164928 0.0200091 0.0183826 0.0260697 0.024781 0.0160111 0.0133573 0.0217438 0.0161392 0.0148498 0.0122447 0.00553768 0.0166859 0.0181742 0.0203298 0.0279917 0.0204666 0.0222877 0.0109022 0.0116718 0.0247267 0.0201338 0.0260963 0.0240416 0.024306 0.00767262 0.0157717 0.0184161 -0.00344035 0.0110707 0.0242088 0.0254791 0.0140014 0.00815176 0.020308 0.00137983 0.0122589 0.019036 0.0287258 0.0306177 0.0263109 0.0139112 0.0324926 0.0238856 0.0249666 0.0124511 0.0267248 0.0302911 0.0203684 0.0307145 0.0233707 0.0348419 0.0281951 0.0314862
internal_weight=172026 34369.9 137656 34323.7 11992.9 22377 103333 11397.2 14978.5 22926.5 5761.61 6213.45 5779.47 7398.49 79010.8 14966.4 24321.7 3917.2 5443 2038.51 18878.7 2296.26 3556.46 4226.97 1683.55 3171.52 7960.09 2355.15 5069.01 2235.89 3613.73 3764.28 1878.69 366.259 11202.1 5635.62 371.841 3392.44 1201.31 882.639 2223 4702.42 2261.02 239.711 3357.63 3097.16 11364.8 3310.95 1680.64 3556.96 3452.48 2654.74 797.737 2021.31 260.477 1934.47 238.505 86.8401 22852.7 2172.23 209.581 56158.2 5334.13 771.461 615.909 4457 309.804 141.536 563.979 910.498 1788.27 1558.5 354.963 1623.1 3502.71 1699.06 1678.31 57.1313 1496.84 1361.35 1330.42 17053.9 3893.02 822.386 3070.64 2918.15 426.266 226.548 670.975 2876.06 2782.03 2286.99 2007.57 1133.48 966.369 495.044 1512.43 1320.45 1992.02 1283.24 1068.62 276.93 1459.24 1149.22 204.622 464.915 141.268 869.332 830.378 944.596 912.088 722.958 294.72 428.238 214.289 910.595 158.993 189.413 1154.72 195.074 837.292 748.784 81.594 2183.14 7932.65 4265.22 245.412 533.576 776.465 1353.57 1068.1 265.869 121.504 323.646 247.552 395.448 555.243 417.152 269.537 136.003 959.65 876.406 155.551 107.013 460.72 223.833 279.419 168.131 242.981 1695.96 1410.63 1333.85 1074.78 1041.44 111.124 259.075 85.3929 54.2442 930.315 420.202 510.112 101.604 75.3146 180.214 742.491 760.357 639.949 488.453 151.496 213.613 66.8202 692.597 473.383 183.772 289.611 98.1751 149.729 797.62 198.161 255.389 6077.09 535.046 162.458 142.263 4081.71 4000.85 1093.76 955.73 2907.09 881.656 89.4167 227.917 193.201 76.7779 588.156 2280.73 699.295 587.217 659.449 462.316 280.315 2491.88 1867.24 434.538 624.647 1432.7 1058.13 532.519 836.072 794.286 196.416 137.372 713.678 656.21 188.967 116.326 564.585 510.668 506.558 385.399 81.1482 232.259 507.985 192.784 51.3504 396.503 432.308 367.607 2161.6 76.9339 42.7146 196.968 482.508 253.525 228.983 405.699 105.546 158.361 84.0743 1787.7 670.694 162.362 3667.43 249.112 229.777 389.362 68.1506 366.598 129.957 149.836 374.566 516.378 300.338 251.644
internal_count=781023 494957 286066 162626 107734 387223 123440 82912 279296 79714 50202 71160 36574 107927 73056 60277 50384 49521 16494 23399 33890 21639 26498 66631 20033 41296 19437 19033 41204 18537 59255 20396 26122 4523 39881 32710 2765 17631 7465 6003 10076 38847 27968 2390 54871 51789 220041 9950 14785 58671 22307 18171 4136 25578 3082 24738 2410 840 31044 14277 1389 42012 15593 8125 6396 36169 3596 1275 5570 13328 18023 16184 3366 14552 57974 26569 26345 753 15366 14119 13920 28047 30599 5772 24827 23878 4195 1953 6341 15715 15008 12752 11718 7365 6648 2256 21599 19314 12784 18958 16432 2448 7929 6524 1328 4223 943 11760 11430 5196 11908 9179 3375 5804 2617 3643 1177 1525 7307 1639 5477 10417 1013 10403 30472 18462 2678 7736 4048 12800 10009 1903 1024 3280 2608 2491 3752 2568 1752 1188 5668 5030 1729 1507 2769 1883 1034 1148 2063 22328 18047 17241 14570 14267 1303 2671 1091 697 12964 6119 6845 1173 792 1493 3181 5205 4582 3732 850 2760 786 8998 5918 2640 3278 1115 1117 5240 1474 1310 10841 8696 1433 1302 18003 17510 5317 4862 12193 4569 1062 2418 1949 806 2747 8174 3114 2768 7579 5113 2931 19683 15391 3289 4292 12102 9193 3833 6880 6604 1666 1256 5715 5129 1326 729 4276 3769 5180 5475 995 2338 3616 1851 687 4283 3179 2597 39016 1244 631 1570 3894 2140 1754 5632 1249 1625 779 7912 3232 1013 12010 1045 1839 4443 661 2357 876 1107 2909 1916 2032 1604
is_linear=0
shrinkage=0.01


Tree=21
num_leaves=255
num_cat=0
split_feature=7 54 7 54 56 54 54 0 12 6 54 56 6 44 6 49 6 11 53 7 62 19 54 12 132 11 114 47 54 46 47 38 6 37 7 34 134 59 28 29 107 62 29 28 54 11 6 59 7 46 34 7 69 6 62 1 128 115 29 74 59 7 74 62 3 62 139 26 56 21 6 132 115 50 40 30 21 40 37 53 26 46 21 114 63 47 38 49 102 134 46 28 31 115 24 128 114 36 44 60 31 134 121 24 21 56 99 1 28 50 31 115 54 32 62 10 6 135 19 54 6 142 28 56 50 22 11 36 54 29 61 47 7 56 54 6 31 44 94 44 32 60 19 38 115 50 129 82 54 114 30 45 24 59 40 28 36 95 7 12 56 19 39 34 19 102 118 42 94 39 49 115 6 128 6 29 28 39 115 25 19 19 34 42 74 129 118 0 115 21 11 47 49 0 39 7 26 30 67 49 29 34 31 134 46 50 49 78 47 132 50 7 115 39 19 31 32 7 12 0 14 129 39 38 25 54 30 54 36 0 41 0 47 114 7 68 30 10 62 41 42 49 19 130 38 63 118 129 46 24 99 54 94 34
split_gain=256954 30343.6 26736.9 7011.21 5621.58 3806.84 3060.16 1555.47 1439.63 1412.98 1359.13 1268.68 911.822 844.679 842.423 817.282 798.292 784.178 775.848 754.543 601.372 595.99 481.256 456.594 420.554 411.554 536.785 387.235 369.79 352.253 351.589 394.538 350.234 342.853 348.085 331.554 322.57 321.761 320.688 337.528 315.214 301.753 399.795 299.965 320.865 299.239 294.847 286.328 285.717 284.474 283.657 280.327 277.567 295.331 273.819 269.207 266.119 263.157 262.22 273.651 303.539 261.459 250.528 244.598 241.184 239.979 238.855 391.941 238.317 234.543 345.369 280.692 260.167 255.838 232.708 232.628 271.774 231.461 231.343 231.342 230.996 229.98 227.16 227.116 226.261 222.192 262.97 221.364 295.09 220.498 246.396 327.684 223.922 219.368 231.272 218.874 218.662 214.981 214.106 327.918 213.847 315.308 220.752 332.044 213.238 212.479 219.99 240.804 211.493 211.146 210.781 229.985 210.112 209.673 279.587 207.291 207.128 206.863 244.474 320.131 286.256 275.802 205.892 205.15 205.041 204.961 217.166 204.442 201.929 200.265 199.59 199.415 199.333 199.062 261.677 245.155 228.611 197.282 194.002 192.952 217.747 192.098 190.358 190.35 228.159 203.711 200.406 189.801 246.513 318.055 216.149 196.076 211.335 187.835 187.763 316.8 265.893 239.129 212.616 234.413 286.947 213.339 266.507 213.538 202.153 224.342 250.939 200.115 403.065 312.6 247.861 200.633 195.369 187.343 211.683 220.517 193.71 186.528 186.195 186.1 184.938 190.061 184.866 184.325 209.27 269.681 183.957 216.927 183.777 180.635 184.578 294.718 253.522 191.108 180.489 179.426 207.084 192.078 179.426 177.963 177.524 177.505 177.035 177.02 185.173 190.979 188.738 176.474 189.546 208.572 294.571 175.761 242.844 174.59 173.811 178.338 263.363 208.035 173.124 172.181 172.163 256.658 244.216 171.91 171.886 172.761 268.331 220.691 171.743 171.781 170.885 180.621 170.875 203.104 196.97 170.288 170.178 169.999 169.753 169.073 168.528 167.603 167.525 167.249 166.536 166.322 216.506 166.789 308.841 171.907 208.078 166.266 166.056 164.823
threshold=399.03000000000003 130.50000000000003 2824.0100000000007 651.50000000000011 231.50000000000003 13.500000000000002 2393.5000000000005 4.5000000000000009 3.5000000000000004 2195.4350000000004 39.500000000000007 834.50000000000011 16079.095000000001 4.5000000000000009 1438.075 138.40056000000001 7022.8400000000011 29.915000000000003 5.5000000000000009 131.29000000000005 4.5000000000000009 828.84110000000021 450.50000000000006 15.500000000000002 88.500000000000014 28.100000000000005 0.019690848000000004 288.90578000000005 719.50000000000011 48640.098000000005 465.29189000000002 25.500000000000004 1143.3550000000002 9.5000000000000018 150.03500000000003 11.500000000000002 31.500000000000004 42.500000000000007 18.500000000000004 245.50000000000003 1.5000000000000002 4.5000000000000009 1.5000000000000002 23.500000000000004 3783.5000000000005 9.9100000000000019 1116.5400000000002 22.500000000000004 358.02500000000003 798.8907200000001 27.500000000000004 220.04000000000005 5.5000000000000009 198.71000000000001 38.500000000000007 2.5000000000000004 89.500000000000014 0.18645617500000003 8.5000000000000018 16.500000000000004 6.5000000000000009 588.29000000000008 28.500000000000004 6.5000000000000009 2.5000000000000004 5.5000000000000009 1.5000000000000002 3.5000000000000004 383.50000000000006 653.50000000000011 524.97000000000014 94.500000000000014 0.067228082000000008 10.500000000000002 1.5000000000000002 529.50000000000011 1327.5000000000002 3.5000000000000004 23.500000000000004 67.500000000000014 1.0000000180025095e-35 18470.870000000006 2312.5000000000005 0.040537250000000004 1.0000000180025095e-35 205.83998000000003 10.500000000000002 465.45882500000005 3.5000000000000004 50.500000000000007 1285.5556000000004 362.50000000000006 1431.5000000000002 0.055029025500000002 1422.5000000000002 39.500000000000007 0.036518969000000005 9.5000000000000018 8.5000000000000018 1.5000000000000002 1666.5000000000002 11.500000000000002 1.5000000000000002 2175.5000000000005 1824.5000000000002 134.50000000000003 2.5000000000000004 4.5000000000000009 551.50000000000011 5.5000000000000009 650.50000000000011 0.044011160000000007 1074.5000000000002 288.50000000000006 2.5000000000000004 19.905000000000005 1903.4950000000001 2.5000000000000004 148.80015000000003 388.50000000000006 239.85000000000005 4.5000000000000009 7.5000000000000009 49.500000000000007 3.5000000000000004 1.5000000000000002 11.925000000000002 44.500000000000007 63.500000000000007 23.500000000000004 10.500000000000002 1673.7234000000003 754.6500000000002 70.500000000000014 321.50000000000006 1405.0600000000002 1782.5000000000002 4.5000000000000009 17.500000000000004 20.500000000000004 761.50000000000011 10.500000000000002 83.588020000000014 762.50000000000011 0.06657033250000001 316.50000000000006 49.500000000000007 14.500000000000002 165.50000000000003 0.027166381500000003 3123.5000000000005 7.5000000000000009 1613.5000000000002 12.500000000000002 31.500000000000004 47.500000000000007 29.500000000000004 5.5000000000000009 1153.2450000000001 9.5000000000000018 94.500000000000014 180.24071000000004 32.500000000000007 76.500000000000014 149.96735000000004 1.5000000000000002 0.012195921500000002 23.500000000000004 9.5000000000000018 43.500000000000007 76.102000000000018 0.13000328500000002 2934.5850000000005 51.500000000000007 824.81500000000017 81.500000000000014 166.50000000000003 8.5000000000000018 0.05053349800000001 6.5000000000000009 89.901088000000016 73.038415000000015 68.500000000000014 42.500000000000007 25.500000000000004 48.500000000000007 0.00072365447500000017 2.5000000000000004 0.085720750000000012 2201.5000000000005 46.810000000000009 813.04995000000008 2056.5299000000005 10.500000000000002 12.500000000000002 2204.0900000000006 4.5000000000000009 1158.5000000000002 3.5000000000000004 325.57108500000004 107.50000000000001 46.500000000000007 1690.5000000000002 51.500000000000007 5861.9775000000009 11.500000000000002 155.92184000000003 29.500000000000004 836.11343500000009 68.500000000000014 5.5000000000000009 1906.4300000000001 0.096611323000000013 51.500000000000007 85.186805000000007 2411.5000000000005 987.50000000000011 1508.5450000000003 22.500000000000004 30.500000000000004 4.5000000000000009 69.500000000000014 34.500000000000007 384.50000000000006 8.5000000000000018 237.50000000000003 1112.5000000000002 270.50000000000006 6.5000000000000009 7.5000000000000009 2.5000000000000004 9.5000000000000018 886.00720000000013 0.076214690000000015 738.23500000000013 3.5000000000000004 2686.5000000000005 69.050000000000011 1.0000000180025095e-35 27.500000000000004 56.500000000000007 1306.2911000000001 133.52314000000004 91.500000000000014 73.500000000000014 1.0000000180025095e-35 0.009618276000000002 63.500000000000007 3619.4736500000004 1137.5000000000002 5.5000000000000009 541.50000000000011 5.5000000000000009 106.50000000000001
decision_type=2 2 2 2 2 2 2 2 2 2 2 2 2 2 2 2 2 2 2 2 2 2 2 2 2 2 2 2 2 2 2 2 2 2 2 2 2 2 2 2 2 2 2 2 2 2 2 2 2 2 2 2 2 2 2 2 2 2 2 2 2 2 2 2 2 2 2 2 2 2 2 2 2 2 2 2 2 2 2 2 2 2 2 2 2 2 2 2 2 2 2 2 2 2 2 2 2 2 2 2 2 2 2 2 2 2 2 2 2 2 2 2 2 2 2 2 2 2 2 2 2 2 2 2 2 2 2 2 2 2 2 2 2 2 2 2 2 2 2 2 2 2 2 2 2 2 2 2 2 2 2 2 2 2 2 2 2 2 2 2 2 2 2 2 2 2 2 2 2 2 2 2 2 2 2 2 2 2 2 2 2 2 2 2 2 2 2 2 2 2 2 2 2 2 2 2 2 2 2 2 2 2 2 2 2 2 2 2 2 2 2 2 2 2 2 2 2 2 2 2 2 2 2 2 2 2 2 2 2 2 2 2 2 2 2 2 2 2 2 2 2 2 2 2 2 2 2 2 2 2 2 2 2 2
left_child=1 5 3 9 7 19 16 15 13 10 173 14 65 48 43 49 21 24 20 32 52 79 -18 38 29 28 -27 45 87 66 -15 125 40 46 57 -29 -20 61 63 69 74 42 -13 -5 56 83 64 -28 58 198 85 -30 53 78 -14 -26 113 199 75 60 179 138 -55 109 -10 122 67 93 -64 73 147 72 98 96 -1 -7 -77 -68 80 82 95 -21 112 195 -24 86 -48 88 89 177 -91 92 -92 94 178 -6 -40 228 99 115 101 -63 103 116 127 106 107 -19 139 124 -96 132 245 -45 235 236 142 118 121 120 -120 -51 -8 -93 -9 -32 -127 -44 -87 -57 200 214 -112 134 135 -25 -135 -110 -16 -89 -141 -139 -102 145 -145 -39 -146 -71 149 -149 151 237 -153 -69 158 156 211 -157 167 160 -160 163 -163 164 165 -161 172 170 -169 171 -37 180 -167 174 176 -176 -2 -17 -12 -60 181 -170 -100 188 -185 -186 187 -54 -33 190 -108 -192 193 -193 -155 196 230 -197 251 -35 203 -36 -195 -74 205 206 -205 208 -22 -210 -211 212 -156 218 224 216 217 252 -136 -114 221 -133 -222 -129 225 226 -95 -227 229 -66 -11 -232 240 -234 -235 -115 -72 -150 -158 -213 -116 -38 -172 -124 -179 247 -247 249 -249 -4 -251 -3 -216 -70
right_child=2 4 6 11 18 8 12 23 33 27 17 41 54 30 37 25 22 105 36 81 207 -23 84 133 55 26 47 35 51 -31 31 183 -34 34 201 154 241 143 39 -41 -42 -43 104 44 -46 -47 50 -49 -50 117 -52 -53 186 62 -56 129 -58 -59 59 -61 -62 100 68 -65 97 -67 77 153 253 70 71 -73 130 -75 -76 76 -78 -79 -80 -81 -82 -83 -84 -85 -86 128 -88 108 -90 90 91 123 -94 131 110 -97 -98 -99 182 -101 102 -103 -104 -105 -106 -107 189 -109 137 -111 111 -113 219 114 232 -117 -118 -119 119 -121 -122 -123 243 -125 -126 126 -128 223 -130 -131 -132 220 -134 136 213 -137 -138 141 -140 140 -142 -143 -144 144 146 -147 -148 148 150 -151 -152 152 -154 194 155 157 238 -159 159 161 -162 162 -164 -165 -166 166 -168 168 169 -171 242 -173 -174 -175 175 -177 -178 244 -180 -181 -182 -183 -184 184 185 -187 -188 -189 -190 -191 191 192 -194 202 -196 197 -198 -199 -200 -201 -202 -203 -204 204 -206 -207 -208 -209 209 210 -212 239 -214 -215 215 -217 -218 -219 -220 -221 222 -223 -224 -225 -226 227 -228 -229 -230 -231 231 -233 233 234 -236 -237 -238 -239 -240 -241 -242 -243 -244 -245 -246 246 -248 248 -250 250 -252 -253 -254 -255
leaf_value=-0.0077675598249086295 -0.0042701394544668939 -0.00037586332633528105 0.017565758980061599 0.027821797494347142 0.0019102621001169647 -0.0056446784211062933 0.036850149439661965 0.025095268842457039 0.0050585349354793771 0.034049021777442033 0.013347002415388658 0.035129115541409003 0.039061161717431001 0.0014618315167162579 0.0014012550816772669 0.038517256914003116 0.030949987695348371 0.013971947826256617 0.017368888697920876 0.0027213192687480852 0.011529056404879249 0.0081695801605736005 0.034272089939031365 -0.0033808902022446248 -0.0104721503047654 -0.006920636910710226 0.037057331861352474 0.041109968552780388 0.015344855067034214 -0.0024148525559522351 0.035716276422382169 -0.0030864355562910291 0.011685965872562888 0.035952359837088457 0.023939601923957991 -0.0017671303499263715 0.018711539719647157 0.032202323687157634 0.023092717114774921 0.04603408494259343 0.030164274112407106 0.035929162405995314 0.014992281842063134 0.031592072140467678 0.040883380452837112 -2.7506203810072054e-05 0.025262111536424343 0.011175852952622696 0.024621066003449391 0.0068077064955927441 -0.00073687142667310229 0.037501609708605665 0.028705687472779188 0.033826120157636766 0.04054829571629865 0.0023792519292326233 -0.0019444194055226835 0.053658850298861707 0.020292099788361141 -0.0034205679588168282 0.037623345753894061 0.012146455066735401 0.013188283153667536 0.00034933607872457835 0.0025968265491659532 0.03785665170951874 0.040804905744329142 0.0085108725857965736 0.027506313999113442 0.00061790125712982993 0.011520345503437796 -0.0072529079205619577 0.00066266011750787434 0.038750577934637306 -0.0045656742328373445 0.031028862787001545 0.00059053538726917289 0.018509904329295744 -0.007699119546240263 0.039905829875684577 0.0038918603952284342 0.03118225666801426 0.037999278624492497 0.0053823241733061593 0.037147699855426639 0.013422967427167152 -0.00071413298003693325 -0.0024430375087041308 0.034421213131264193 -0.00083937731091852236 -0.0023912655667118511 0.0034881462527404945 0.0211549449526485 0.021957713459130716 0.039338700536741385 0.02156427545976012 -0.0059586302281641138 -0.0055207030445265336 0.0027664522614062209 0.036516255369929043 0.022473973084666518 0.031793567728563801 0.032031895789499207 0.033813397612304542 0.032027747988719553 0.029987687664661582 0.033517489687149807 0.036092579308917391 -0.0059926403365626827 0.017629608961311213 0.019301983058423268 0.013492616516439765 0.035009214338391569 0.0083343690250203845 0.021497156913908234 -0.0056882356560446498 0.023916147296282015 0.0018213336428192432 0.031256660267973232 0.033763932923601858 -0.010158065766622724 0.024410427802486284 0.03362900777721136 0.033790222129810144 0.04902442893651679 0.0046701913345035505 0.035357771245230235 0.017560055110378139 0.040236017737942185 0.018045675144452825 0.026396168229896332 0.015077949078040649 0.038516455003463637 0.032015986582734135 0.017892133828955638 0.021213753162471555 0.012834408700289065 0.026590435181207451 0.023787282645598304 0.019357881857200148 -0.0068609858069732643 0.0019989665245128156 0.00099664378500927521 0.032495533433950764 0.031540211553422334 0.039316412386342592 0.010548516723310435 0.046813421321507613 0.011207298823064092 0.0035708065239170518 -0.00028075091075081539 0.0092297067476315355 0.036272920519474935 0.0369634276877812 0.030234282225731612 0.027614773928778279 0.01969201598837677 0.0042046946039805419 -0.00057352729937862486 0.022692123871234066 0.030453788634718374 0.03822317682744391 0.022165134272462601 0.034989472493274817 0.01524657348045704 0.021224802279721327 0.017756943890021623 0.04396637304676175 0.015641380186014697 0.034408443937587019 0.0083116727562435669 -0.0038615459639575818 0.039615153070420489 -0.0010138617262942856 0.018437487584258196 -0.0015309008917021294 0.020555856380154228 0.007004261442686446 0.032667960477202336 -0.0013451543282234277 0.010175290964974389 0.041813119253947033 0.023066206477222701 0.038813960567364691 0.027629887847088735 0.001712571307708122 0.03271047235488924 0.0032673676406618168 0.009378898663012912 0.0019996751441724351 0.0047646141436725421 0.034370569821317636 0.0013671918502651914 0.0075538661564105939 0.0095480134687339919 0.026186092987219325 0.0153067841080147 0.0020478036739406298 0.014984530614125385 0.0085406012670722394 -0.0055633778182354997 -0.0035733673124940112 0.031949097232825276 0.020207015209927275 -0.00047441320314803342 0.040716433904704072 0.00057756776930612073 0.012421869741086869 0.032593274668116061 7.7514990531080149e-05 0.028873575743402796 -0.0035248826347017122 0.0061630574757549576 0.0081106088911453919 0.0049392729648513713 0.032380636374451988 -0.00032479567661911703 0.032929950711402901 0.040546058813264438 0.028585038433051314 0.038506766959681686 0.039365775309336118 0.021263492127915454 0.030954858309979679 0.033019775133573612 0.034052951310714161 -0.0025064949909080017 0.011677110228914638 0.039501418621774233 0.028126302827556796 0.037254077349670907 0.014496608395290963 0.027405611210596759 -0.004069713875729632 0.024990215389124125 0.02201852764422315 0.037549189801743606 -0.010200704227681448 0.034352253840845927 0.020233003730899438 -0.0037969880121355055 0.034177713947025151 0.032762660710703079 0.024180278691690586 0.0270992220547671 0.027542235868119037 0.036368733867775033 -0.0031556354918740584 0.025147843356380109 0.032035329668854487 0.016890839783313332 0.022469154550978782 0.019058450886410092 0.0149836918865293
leaf_weight=8153.2473487369716 146.05690188705921 1048.3693076521158 172.12581360340118 1579.8992374390364 70.432113755494356 65.162217997014523 3339.2440637797117 105.01018033176661 1748.8900745436549 277.73941370099783 238.31785666942596 1636.7122432440519 34887.948278769851 838.56785253062844 59.301611445844173 42.077766604721546 1863.8231602013111 72.406303822994232 152.61066187918186 690.78520011901855 59.912690982222557 109.56607192754745 4116.2177283540368 83.634488970041275 61.078607253730297 43.876297064125538 177.61961633712053 171.57397506758571 197.62391654402018 72.332136124372482 77.911842286586761 224.62092224135995 101.34472637623549 44.465781889855862 33.77992757037282 66.719160541892052 85.765213042497635 5217.6402148529887 84.58904841542244 30.723589818924665 20.997844200581312 5267.3386069312692 211.28576067835093 170.89558258652687 80.620332486927509 69.081606663763523 75.1788838095963 60.626419752836227 37.624025344848633 1254.2881882153451 77.158652372658253 83.766973845660686 75.500551283359528 135.12922372668982 23838.09935644269 136.19455328956246 51.196530096232891 36.349089540541172 48.315377179533243 4252.9556154981256 27.041440952569246 89.308899067342281 416.76230802759528 39.194415189325809 56.511932592839003 16781.013680204749 105.25105299055576 466.41385146975517 352.10136234015226 268.83364107459784 67.282835368067026 48.198024056851864 104.88707886636257 72.56531585752964 3186.8717669919133 64.85871759802103 53.619949139654636 96.969164341688156 52.129372946918011 383.20014791190624 164.93844451010227 27.75084537640214 519.25519321113825 82.317362882196903 13326.715921856463 49.204122643917799 77.044021293520927 332.27320406213403 59.523758418858051 202.49598873406649 129.3510712236166 31.378304105252028 56.133340522646904 59.12962993979454 150.99605582654476 324.60643912106752 35.279229022562504 32.595050599426031 88.329697817564011 176.65903324633837 80.066594466567039 2706.8638514280319 629.55616325885057 333.49533937126398 604.92626437544823 846.98794548213482 98.354220412671566 197.25646911561489 37.143812995404005 143.32683399692178 105.06087738275528 129.90880751609802 1495.8911718428135 289.85290989279747 59.704403415322304 33.313901852816343 1123.7479352578521 464.0584122762084 23.992665734142065 87.828457891941071 44.404038727283478 94.88965879753232 1710.8116092160344 88.180304355919361 64.939010880887508 78.985843695700169 31.627103142440319 150.2800402790308 79.566023245453835 210.41386025026441 88.89846758544445 339.65530513226986 137.72236254811287 358.25995794683695 67.59173496812582 74.772886514663696 81.952393732964993 105.54062239453197 116.66196312010288 100.33318366110325 43.963427558541298 46.863292049616575 85.4592160359025 234.61483034491539 69.15546902269125 500.15535625070333 142.51942797005177 38.393031399697065 229.47640951350331 30.915114261209965 189.63436517119408 59.663245856761932 60.257417533546686 49.60776100307703 157.23979842662811 61.573117762804031 121.83337016403675 146.46370634436607 58.768116943538189 540.69107427448034 57.073269821703434 540.42918454110622 144.72078758478165 353.0472816079855 171.13477382063866 83.370800405740738 103.80647704005241 101.50025862455368 67.145180009305477 129.58216720819473 53.688890524208546 44.050596125423908 320.3103915899992 238.04452363401651 266.8651641830802 68.119969591498375 37.853611040860415 111.12978930771351 65.159732162952423 185.21009559929371 127.35098750889301 53.436539813876152 93.252827100455761 29.284616712480783 58.578293785452843 122.66901561617851 242.65237481147051 61.799942515790462 244.11705698445439 57.349409446120262 125.10228484123945 150.48595479130745 47.59458701312542 80.875644125044346 50.765134520828724 56.02459990978241 162.08468581736088 79.516998756676912 88.433797147125006 54.24227175116539 61.602459814399481 65.512596026062965 48.241035580635071 206.42819347605109 59.440766721963882 34.008821986615658 65.572862140834332 69.558308966457844 878.17970218509436 53.232076235115528 109.24548725783825 59.114707186818123 60.050037659704685 46.791577585041523 95.628194231539965 97.495550736784935 72.396077133715153 102.92219832539558 84.675227269530296 716.90116816014051 147.04190314561129 50.189150504767895 221.44066944718361 357.5371773019433 36.790947929024696 52.92879644036293 165.05882680416107 268.58766035735607 41.122807268053293 49.810888804495335 49.183724910020828 136.14423231035471 550.4017798602581 44.529438845813274 44.82577258348465 136.76861438155174 42.760446451604366 42.065050538629293 333.71405932307243 56.542027778923512 44.037689588963985 1260.2821402326226 64.705711051821709 248.03396248817444 67.499404333531857 837.97300265729427 489.87288155406713 56.965868525207043 111.16467548906803 545.24471392482519 121.50291944295168 30.842267837375402 914.18662937358022 168.61458434909582
leaf_count=160805 2182 16117 871 7306 742 1031 5105 819 24529 1560 2094 3740 30045 12992 483 384 5843 641 842 10781 533 901 8307 991 771 534 1092 687 1874 736 745 3424 1193 403 316 637 580 16375 802 197 281 10962 1066 914 261 598 709 507 434 16570 953 443 450 731 13237 1350 477 179 690 74569 325 525 3496 375 752 20336 602 4966 2052 3516 707 598 1161 449 59178 739 794 707 561 647 1821 306 1146 716 19740 504 969 4367 474 2728 1679 441 547 481 828 2636 436 421 923 1170 422 10500 2318 1124 1800 4115 573 1103 567 1169 866 1069 3315 2356 412 405 5003 6306 245 632 630 1069 3567 788 312 1117 253 685 518 1786 656 2784 671 2023 552 584 663 1047 655 977 568 568 652 722 194 1064 729 300 2643 383 2285 612 417 296 719 327 666 1099 541 3047 246 1910 748 1402 1014 474 599 408 466 590 424 417 995 3284 2746 946 458 1359 397 3339 920 223 733 228 615 1706 1089 484 3275 524 1188 824 405 684 441 355 1386 660 1114 629 775 832 257 1922 642 201 709 465 4231 463 547 446 441 429 1018 600 725 536 414 1985 720 278 1515 1082 253 329 1865 2234 320 486 252 1002 2877 389 221 794 296 553 1227 288 433 4229 316 766 668 2873 1247 450 459 2057 543 341 7431 1207
internal_value=0.0295464 0.00508701 0.0355434 0.0279649 0.0168887 -0.00236564 0.0380537 0.0120728 0.00257999 0.0218899 0.0190032 0.03127 0.0390026 7.01294e-05 0.0294631 0.0085809 0.0349671 0.0204972 0.0256458 -0.0060052 0.0228451 0.0315606 0.0359442 0.0172591 0.0183559 0.013548 0.0247733 0.0258952 0.0116908 0.0192809 0.00609972 0.0105562 -0.00662869 0.00898247 0.020495 0.0271828 0.0316458 0.030726 0.015239 0.0138514 -0.00679497 0.0344321 0.0317429 0.0247312 0.0213758 0.0198384 0.00778158 0.0306608 -0.00210241 0.00537691 0.0161158 0.0221941 0.0195426 0.0177399 0.0396664 0.00854648 0.020182 0.0308533 -0.00232898 -0.00280866 0.00709082 0.0288247 0.0209265 0.0241869 0.00621387 0.0372332 0.0196562 0.0190956 0.0189884 0.0133739 0.0123684 0.0159802 0.0169979 0.0240025 -0.00686959 0.00930984 0.0175749 0.0304489 0.0120897 0.0320258 0.0139705 0.0039179 0.0314124 0.0214744 0.0364737 0.0207512 0.0122112 0.00962338 0.0132177 0.0113814 0.0076691 0.0133185 0.00483087 0.0203685 0.0249625 0.0181126 0.0145029 0.0172028 0.0223968 0.027365 0.0292492 0.0311787 0.0268237 0.02476 0.0275029 0.0262985 0.0226668 0.0303364 0.00533081 0.0271164 0.0290601 0.0246813 0.0306417 0.0210358 0.0194343 0.0156718 0.0223617 0.00769502 0.0094942 0.0213242 0.0047029 0.00808743 0.0352431 0.0261079 0.0347608 0.0233112 0.0140055 0.0236043 0.030429 0.0119674 0.012562 0.0188984 0.0304682 0.023942 0.0181223 0.0082859 0.0285418 0.014214 0.0163997 0.00173216 0.0113167 0.0192173 0.0115894 0.032326 0.0256032 0.0328399 0.0176845 0.00773322 0.010648 0.0283063 0.00843483 0.0126623 0.0232724 0.0112837 0.0265746 0.0226 0.0255119 0.011378 0.0278411 0.0293246 0.0148857 0.0300472 0.0349203 0.0278758 0.025754 0.0274277 0.0323446 0.0227869 0.025989 0.0214498 0.0135046 0.0154698 0.0359651 0.00628967 0.0096504 0.0143622 0.000952079 0.0197278 0.0177149 0.00322334 0.0189478 0.0278141 0.0133837 0.00694352 0.0146875 0.0103536 0.0273747 0.0175388 0.00339649 0.0191604 0.0209159 0.0180181 0.0229954 0.0266056 0.0236528 0.023184 0.0254737 0.0123335 0.00145194 0.021457 0.0101411 0.00597586 0.0170931 0.012234 0.0155061 0.0186257 0.0155501 0.0286206 0.0296109 0.0306182 0.0196157 0.0184387 0.0237445 0.0257398 0.0170747 0.0191619 0.0180133 0.0192139 0.0309171 0.0329601 0.0233139 0.0184153 0.0283421 0.0270949 0.0124117 0.0108885 0.00403882 0.0155793 0.0222998 0.0149479 0.0289297 0.0209228 0.0231676 0.0251181 0.0106269 0.0128269 0.0222136 0.00780405 0.0305565 0.00815133 0.0107967 0.0332289 0.0220801 0.0324636 0.014869 0.028414 0.0308559 0.0251294 0.0155749 0.0269908 0.0293492 0.00030812 0.0177437 0.0235433
internal_weight=175179 34494.7 140684 35012.3 13351.1 21143.6 105672 8617.69 8962.58 12343 7181.24 22669.4 80805.2 6441.15 14441.3 5154.51 24866.4 6424.3 4733.45 12181 3234.79 5559.66 19306.8 3463.18 4699.64 2017.4 282.122 5161.73 1735.28 4291.96 1706.36 867.795 11462.5 2521.43 234.35 4249.64 1498.66 11388.5 2665.5 2313.03 11361.1 8228.08 2960.74 3052.73 1472.83 912.093 2287.08 238.246 4734.79 3137.11 358.152 281.391 2064.67 1684.71 58726 407.687 1392.21 135.057 4697.16 4513.52 260.567 5224.46 1072.61 352.47 1928.93 22079.1 4219.62 4017.4 937.478 2282.31 2089.87 1170.64 1122.44 192.434 11340.1 183.641 118.479 202.22 612.106 5450.1 559.977 718.536 5066.9 843.011 17442.9 280.993 152.223 1453.89 787.77 728.246 507.539 305.043 185.484 3450.62 827.166 395.039 119.868 180.041 501.599 320.016 5048.5 2796.17 2252.33 1622.77 1324.03 1724.65 877.666 269.663 666.118 313.276 523.688 372.692 4547.64 1341.02 1170.12 143.357 1289.27 1969.46 1505.4 156.225 68.3967 1349.18 5298.09 119.559 169.949 188.525 110.613 719.103 128.77 346.608 620.839 2623.45 242.783 797.678 357.466 158.407 440.212 189.548 175.964 476.57 144.297 152.404 165.526 6164.09 446.29 5717.8 211.675 919.238 650.405 69.3081 581.096 391.462 119.921 566.787 4078.06 996.531 788.494 208.037 3081.53 2373.35 115.841 2257.51 685.15 1572.36 1219.31 1048.18 507.488 708.179 523.066 421.565 185.114 291.983 403.681 756.94 518.896 334.985 183.911 220.707 303.478 233.525 247.933 120.582 181.583 679.27 210.532 181.247 379.953 137.3 468.738 608.003 550.654 452.3 327.197 279.603 100.373 760.694 625.152 135.542 1167.65 98.7081 531.94 99.2925 129.117 470.338 365.451 306.01 272.001 1170.13 1100.57 1040.66 162.478 332.947 217.29 199.059 1865.12 1282.63 1185.13 1112.74 152.267 2212.79 758.327 389.844 368.483 507.817 582.496 545.705 224.188 321.516 147.446 106.323 463.067 185.328 743.499 639.757 89.3552 426.622 110.043 271.541 455.547 115.657 103.742 1346.05 118.395 1958.85 178.629 2334.85 1327.85 1007 168.131 838.873 666.748 1079.21 1009.81 520.716
internal_count=781023 494957 286066 162626 123617 371340 123440 96458 138796 86085 58279 76541 73056 106276 57206 64636 50384 48663 27159 232544 21508 16494 33890 31822 38349 21612 2133 27806 19479 34442 24355 11363 221457 32520 2359 21277 5651 40766 26166 23491 220264 19335 8373 16440 9134 6529 30161 1599 81921 43024 3653 2317 15269 13246 43282 3907 8873 1211 81487 78923 4354 21682 7486 2675 26508 29774 33706 32397 6755 23294 21607 10898 10300 1687 219983 2564 1533 1309 5760 15593 5199 11087 14946 5931 28047 2700 1678 17162 9068 8594 6183 3455 2226 26694 5925 3378 1238 1979 4234 2578 20544 11025 9519 7201 4633 10314 6199 1744 8094 2300 3434 2606 13800 8396 7482 1408 6077 25452 19146 1507 875 17639 9438 1229 1131 2115 1370 2833 1022 3136 6066 20769 1537 5656 2970 1575 2686 2182 1138 5912 1545 1615 1074 19084 1645 17439 923 10709 7193 683 6510 4225 1029 5703 20590 5213 3787 1426 15377 10976 787 10189 2658 7531 6129 5115 2068 4401 3024 2616 1377 2026 1469 9616 6332 3692 2640 2411 2491 4029 1609 689 1656 9248 2549 2321 2023 934 6699 4455 3931 3358 2170 1765 737 5215 4200 1015 17572 1032 5410 1148 941 4635 3474 2832 2631 6239 5774 5241 1010 1894 1160 1395 15472 10310 9710 8985 966 5300 5297 3062 2235 1767 5162 4909 2346 2563 1558 1238 2814 1254 4332 3487 610 3150 1003 3196 1893 734 845 4809 740 4333 2027 8500 4120 4380 909 3471 2600 16458 8449 3259
is_linear=0
shrinkage=0.01


Tree=22
num_leaves=255
num_cat=0
split_feature=8 54 8 55 56 9 0 12 56 55 12 62 44 12 25 12 18 57 0 19 29 18 46 18 18 56 41 12 51 17 43 34 65 14 55 54 29 18 62 56 8 18 0 119 50 140 52 62 18 18 55 38 62 95 31 48 54 132 20 8 33 115 33 31 46 34 20 90 83 14 116 34 69 12 115 57 117 29 127 116 1 39 42 46 1 54 0 132 131 29 48 20 32 44 10 133 8 57 131 63 132 33 43 39 29 35 1 54 127 133 31 42 95 57 39 20 29 46 54 122 55 67 100 133 117 20 54 34 12 50 12 20 56 48 132 31 42 48 95 131 54 14 9 54 3 57 117 54 63 115 116 32 34 127 42 31 46 49 0 8 33 40 68 116 10 136 46 44 51 39 18 55 31 35 133 117 19 55 50 117 54 31 46 32 54 122 19 56 96 115 40 39 19 29 54 55 20 131 128 33 38 36 46 57 8 33 44 20 81 95 68 120 55 34 38 56 46 39 32 20 131 10 117 1 131 133 39 3 117 14 8 39 89 82 12 133 20 51 49 48 11 46 50 55 20 133 133 66 31 29 42 54 20 10
split_gain=240699 26575.1 26505.9 7116.25 5668.1 4154.55 2855.5 2728.97 1596.99 1193.17 1154.69 1076.54 956.829 835.796 807.065 680.163 622.792 552.828 533.411 530.81 521.2 500.512 493.33 484.884 471.67 468.509 454.584 432.758 394.4 372.018 369.683 362.558 360.396 352.862 348.026 340.813 338.522 338.334 338.026 330.346 312.25 307.633 320.133 306.785 325.623 292.76 290.766 490.058 287.332 286.226 308.931 285.329 281.069 274.721 274.616 314.736 284.819 369.068 280.083 264.119 263.673 333.156 262.445 287.573 262.158 289.576 260.888 294.125 294.572 263.878 368.073 270.968 259.251 259.57 253.713 253.145 252.134 391.147 319.632 265.687 283.784 248.703 247.624 262.017 246.303 244.696 337.731 315.165 313.42 244.218 243.824 240.965 240.871 274.181 239.695 257.118 236.644 236.046 235.466 233.03 231.151 360.098 345.067 227.484 225.278 310.681 223.322 223.165 221.019 327.089 245.283 254.385 219.545 231.191 218.609 218.535 268.867 231.401 334.902 217.325 285.504 257.397 243.719 279.588 227.42 293.257 249.781 221.725 216.299 237.046 214.716 280.856 210.729 208.076 205.112 205.034 204.37 416.423 201.595 200.79 199.91 199.877 199.206 196.632 200.847 193.22 192.304 247.759 192.15 299.819 255.127 191.771 302.819 191.275 208.881 188.763 201.52 256.196 196.54 191.42 188.683 327.588 188.574 188.509 192.385 188.508 229.408 186.951 186.068 276.311 198.606 185.534 184.969 182.483 180.887 180.706 180.64 186.793 180.221 180.2 179.322 212.725 178.061 201.86 176.466 176.462 216.025 203.065 237.957 192.101 181.857 228.996 180.411 176.128 223.32 207.181 274.289 176.103 172.465 172.203 172.092 171.82 253.601 171.565 171.107 170.276 169.633 169.62 179.942 168.51 177.176 195.074 230.24 208.412 173.688 197.926 168.302 167.911 167.831 167.365 167.077 238.644 165.515 164.689 163.804 161.722 161.238 160.643 160.412 159.92 159.688 179.477 193.016 159.647 159.45 158.513 257.627 243.674 192.115 175.839 166.33 222.954 173.245 185.661 164.784 285.018 235.517 158.385 169.345 363.653 188.343 206.399 198.445 229.396
threshold=165.73500000000004 63.500000000000007 1181.8500000000001 138.50000000000003 227.50000000000003 2073.9400000000005 3.5000000000000004 3.5000000000000004 578.50000000000011 659.50000000000011 8.5000000000000018 8.5000000000000018 4.5000000000000009 9.5000000000000018 4.5000000000000009 42.500000000000007 135.00500000000002 4.5000000000000009 14.500000000000002 73.038415000000015 7.5000000000000009 164.19743000000003 5550.5236500000001 192.90273000000005 102.69490500000002 106.50000000000001 10.500000000000002 12.500000000000002 32.500000000000007 1.5000000000000002 1.0000000180025095e-35 28.500000000000004 2.5000000000000004 3.5000000000000004 1.0000000180025095e-35 43.500000000000007 4.5000000000000009 106.58283250000001 1.5000000000000002 36.500000000000007 9807.9100000000017 238.34184000000002 22.500000000000004 3.5000000000000004 9.5000000000000018 1.5000000000000002 70.500000000000014 2.5000000000000004 338.29889000000009 133.68210000000002 1807.5000000000002 168.50000000000003 5.5000000000000009 8.5000000000000018 463.50000000000006 212.67536000000004 1932.5000000000002 94.500000000000014 86.636305000000007 538.78500000000008 190.50000000000003 0.060610218000000007 368.50000000000006 414.50000000000006 2351.8815000000004 110.50000000000001 104.70321500000001 6.5000000000000009 8.5000000000000018 4.5000000000000009 0.000209345575 77.500000000000014 10.500000000000002 29.500000000000004 0.044944905000000007 173.50000000000003 0.034014586500000006 21.500000000000004 57.500000000000007 0.0022377624500000003 1.5000000000000002 20.500000000000004 4.5000000000000009 707.17015000000015 1.5000000000000002 19.500000000000004 9.5000000000000018 70.500000000000014 49.500000000000007 3.5000000000000004 970.91817000000015 59.004123500000006 798.50000000000011 55.500000000000007 245.58500000000004 69.500000000000014 277.71000000000009 1.5000000000000002 47.500000000000007 3.5000000000000004 65.500000000000014 126.50000000000001 51.500000000000007 49.500000000000007 62.500000000000007 18.500000000000004 2.5000000000000004 248.50000000000003 63.500000000000007 76.500000000000014 1666.5000000000002 30.500000000000004 10.500000000000002 24.500000000000004 32.500000000000007 21.241853500000005 31.500000000000004 156.80066000000002 26.500000000000004 1.5000000000000002 280.50000000000006 1.5000000000000002 4.5000000000000009 33.500000000000007 0.0043674936500000009 51.427672000000008 232.50000000000003 206.50000000000003 12.500000000000002 6.5000000000000009 29.500000000000004 51.427672000000008 6.5000000000000009 1956.0854500000003 95.500000000000014 12.500000000000002 10.500000000000002 165.88793000000001 4.5000000000000009 52.500000000000007 864.50000000000011 5.5000000000000009 384.22000000000008 328.50000000000006 1.5000000000000002 203.50000000000003 0.010204496000000002 202.50000000000003 1.0000000180025095e-35 0.087270082500000012 0.014155104000000002 421.50000000000006 56.500000000000007 44.500000000000007 75.500000000000014 769.50000000000011 1214.6417500000002 1.5401385000000001 2.5000000000000004 118.82000000000001 503.50000000000006 25.500000000000004 26.500000000000004 0.0071859598000000007 149.82500000000002 2.5000000000000004 12525.358000000002 50.500000000000007 97.500000000000014 324.50000000000006 195.73179000000002 321.50000000000006 2132.5000000000005 98.500000000000014 92.500000000000014 0.080016502000000017 222.66896000000003 64.500000000000014 2.5000000000000004 0.025729151500000002 69.500000000000014 484.50000000000006 7521.5277000000015 416.50000000000006 283.50000000000006 1.5000000000000002 108.53923000000002 22.500000000000004 3.5000000000000004 0.13794638000000004 35.500000000000007 85.500000000000014 39.902858000000002 33.500000000000007 289.50000000000006 153.50000000000003 24.902455000000003 54.500000000000007 73.500000000000014 184.50000000000003 136.50000000000003 20.500000000000004 15974.550000000001 47.500000000000007 239.56000000000003 76.500000000000014 24.500000000000004 79.903335000000013 1.5000000000000002 7.5000000000000009 4.5000000000000009 1.0000000180025095e-35 20.500000000000004 13.500000000000002 30.500000000000004 82.500000000000014 12525.358000000002 98.500000000000014 950.50000000000011 224.68225000000004 65.500000000000014 35.280000000000008 0.010330168000000002 5.5000000000000009 90.500000000000014 52.500000000000007 16.500000000000004 10.500000000000002 0.0050254864500000008 4.5000000000000009 138.69500000000002 8.5000000000000018 1.5000000000000002 14.500000000000002 8.5000000000000018 66.500000000000014 89.00500000000001 1.0000000180025095e-35 1448.9242000000002 1492.4944000000003 138.68000000000004 1523.7135000000003 1.5000000000000002 100.50000000000001 92.953250000000011 20.500000000000004 40.500000000000007 24.500000000000004 641.50000000000011 83.500000000000014 98.500000000000014 105.50000000000001 20.590708000000003 15.930000000000001
decision_type=2 2 2 2 2 2 2 2 2 2 2 2 2 2 2 2 2 2 2 2 2 2 2 2 2 2 2 2 2 2 2 2 2 2 2 2 2 2 2 2 2 2 2 2 2 2 2 2 2 2 2 2 2 2 2 2 2 2 2 2 2 2 2 2 2 2 2 2 2 2 2 2 2 2 2 2 2 2 2 2 2 2 2 2 2 2 2 2 2 2 2 2 2 2 2 2 2 2 2 2 2 2 2 2 2 2 2 2 2 2 2 2 2 2 2 2 2 2 2 2 2 2 2 2 2 2 2 2 2 2 2 2 2 2 2 2 2 2 2 2 2 2 2 2 2 2 2 2 2 2 2 2 2 2 2 2 2 2 2 2 2 2 2 2 2 2 2 2 2 2 2 2 2 2 2 2 2 2 2 2 2 2 2 2 2 2 2 2 2 2 2 2 2 2 2 2 2 2 2 2 2 2 2 2 2 2 2 2 2 2 2 2 2 2 2 2 2 2 2 2 2 2 2 2 2 2 2 2 2 2 2 2 2 2 2 2 2 2 2 2 2 2 2 2 2 2 2 2 2 2 2 2 2 2
left_child=1 7 3 10 6 9 14 12 13 17 31 15 24 54 29 33 18 27 36 22 75 26 35 28 30 91 39 140 38 112 -1 45 43 -7 -14 -12 107 51 66 106 -13 42 104 203 48 -2 47 -10 136 50 173 193 72 89 58 142 57 119 -5 -47 61 -37 63 -28 128 219 67 68 90 103 145 -72 73 168 -27 165 78 -78 79 80 222 -24 -38 180 -81 86 -23 88 -87 -36 98 148 93 96 95 130 -83 -63 -15 -11 139 138 108 -70 134 -106 -9 -8 109 110 111 -103 155 -114 -43 -108 -117 -118 -119 122 121 -121 123 233 125 -125 -126 133 178 -130 -62 -132 -46 143 235 -32 137 -45 184 247 -4 -30 207 -128 -145 -71 172 -148 149 176 -150 -141 234 -44 220 174 159 -158 160 -157 -159 -162 -17 164 -86 166 -6 -53 169 170 -22 -35 -29 229 185 -99 177 -18 -40 199 -84 -182 -98 -184 -102 186 190 -188 -189 192 209 -192 -187 194 -20 -196 -197 -172 225 -100 -143 -124 -203 -16 -165 -137 -115 208 -56 210 211 212 -3 -214 -215 -216 -202 -160 -91 -66 221 -155 -33 -136 -19 -54 -111 -67 -226 -49 231 -93 -233 -57 -153 238 -237 -238 239 240 242 -242 243 244 245 -21 -246 248 249 -85 251 -250 253 -253
right_child=2 4 5 8 20 11 16 21 46 99 19 40 34 23 32 162 25 224 37 41 52 85 81 -25 -26 74 62 146 141 -31 135 76 -34 171 53 60 82 -39 64 -41 -42 114 153 44 132 59 -48 49 -50 -51 -52 167 198 -55 55 56 -58 -59 -60 -61 94 97 -64 -65 65 227 -68 -69 69 70 71 -73 -74 -75 -76 -77 77 -79 -80 84 -82 92 83 100 163 87 -88 -89 -90 218 -92 230 -94 -95 -96 -97 182 175 179 -101 101 102 -104 -105 105 -107 115 -109 -110 226 -112 -113 113 206 -116 116 117 118 -120 120 -122 -123 201 124 126 -127 127 -129 129 -131 131 -133 -134 -135 223 205 -138 -139 -140 151 -142 200 -144 144 -146 -147 147 -149 150 -151 -152 152 -154 154 -156 156 157 158 217 -161 161 -163 -164 204 -166 -167 -168 -169 -170 -171 197 -173 -174 -175 -176 -177 -178 -179 -180 -181 181 -183 183 -185 -186 189 187 188 -190 -191 191 -193 -194 -195 195 196 -198 -199 -200 -201 216 202 -204 -205 -206 -207 -208 -209 -210 -211 -212 -213 213 214 215 -217 -218 -219 -220 -221 -222 -223 -224 -225 228 -227 -228 -229 -230 -231 -232 232 -234 -235 -236 236 237 -239 -240 -241 241 -243 -244 -245 246 -247 -248 -249 250 -251 -252 252 -254 -255
leaf_value=-0.0080535819491647006 0.0068686137676674522 0.039754300424968511 0.0083827135850532784 0.013145286904349312 0.02941203927215371 0.017767579321609259 0.012498834745343787 -0.0014312080004616936 0.026453401622733765 0.03326247723707329 -0.0051555115725015399 0.037565745300826528 0.032842885620536895 0.033338684781935128 -0.001928347298483134 0.035734358931408625 0.018597697109593244 0.03194043943704182 0.0091993110230533578 0.033489530770758724 0.014466406193150386 0.0010803940497745466 0.034971864852978367 0.032246943610303655 0.00050831721306620389 0.013534687458967279 0.033048843809805772 0.032637159660633561 0.021279690053699004 0.030679279157529493 0.018624954713093701 0.011718960193502966 0.039832720918423083 0.027958693867568659 0.023066281446221703 0.031889481804840761 0.03055193237970345 -0.0024764499462576494 -0.0030243835397912289 0.022813156220643133 0.039062473489846719 0.032028694463395388 0.038859531746501495 0.0015057428456264504 0.0058589617697672944 0.01247952615894142 0.035607360795064408 0.019225116541737114 0.027541784002012248 0.035705328746767032 0.033556245778088474 5.3424571543884345e-05 0.018015090162899015 0.030555106419736754 0.027130240575070356 0.022629898938365325 0.031659300056648625 -0.0032438902409548183 0.034811985793387089 0.038554792716244388 -0.0080241065207096781 0.0029696789549317928 0.042800935938269502 0 0.03094917699680284 0.025972016193482956 0.028417482650884378 0.028394742053612587 0.035246059750136942 0.0031532031404872163 0.0087383090598630794 0.028165492022456322 0.031926789034362482 0.030691556011791441 0.034114872187618855 0.030778893072634858 0.031920348075429608 0.0021381123131960925 0.00075084627735725468 -0.001963114869898518 0.0041551220382148903 -0.0011675751733343689 0.024068788216582298 0.021774045225204798 0.041965557314622259 0.033307228003610703 0.033150217843035727 0.041115704636683237 0.0028417031703514735 -0.00032958427272190838 0.033119172794154141 0.048235305171066639 0.0035295902329675224 0.045016945532436237 0.02576202793546643 0.019129483712665856 0.039680288225996493 0.014473283432181596 0.016377047836438615 0.035759901471984587 0.0011968386901771444 0.022237108471805503 -0.0024301589658287008 0.013361795787500852 -0.0052068824435629992 0.027450760118050744 0.0012383504243503886 0.027778126152030916 0.013479745690209346 0.030222834434189393 0.011810547898903219 0.049341964846179143 0.0033023936916299046 0.034062875903109455 0.014598317549141553 0.0013792648276553781 0.0048453252752907634 0.044598185533461114 0.010227678747194689 -0.0066459269899824007 0.03256913136139801 0.024338817701430839 0.021810279504722682 0.007198556188149483 0.036364575045541352 0.032050104763234236 0.00039872452186169376 0.037987292410464411 0.026554982356485759 0.0082530338493929101 -0.0045882176297793878 0.030613789625459943 0.03497060968483668 0.0051265371756859099 0.019684024050584063 -0.0061699669547552452 -0.0021128332495810817 0.029398995002940798 -0.010410314463142419 -0.0090443174566258219 0.030811862350543891 0.03905003727983454 0.021642951090592725 0.029757994887541397 0.015323411911063881 0.020267247378489089 0.012434250456683466 0.026462089165151526 0.027576538794712186 -0.0010682584759380642 0.0027539516596061203 0.0047510512201917703 -0.0079925941206222314 0.0053990540858638606 0.010684683234935167 -0.0010729229654487947 0.037253092759957279 0.0073712501180711043 -0.0050313127945047107 0.022243534580873432 0.036893955661541071 0.0017221118137889539 0.03799411921963506 -0.0016088466451310338 0.015546773098284911 0.0089110281249419731 0.0083278316577077571 0.024452917969047704 0.029557487408051149 -0.0075898772238752309 0.029120501411852181 0.033814242863000429 0.016918441562203863 0.018823252776963121 -0.00034334231484151338 0.0382434148363055 0.024808375269393279 0.00096884797372875811 0.020355092740090629 0.027362472559680908 -0.0066998471412292229 0.0068096212358981431 0.026802027153074386 0.0021283210388170198 0.02739327795872391 0.027914039297978248 0.040482805097981862 -0.0031755379351401719 0.03261923177785294 -0.0046807182725371408 0.031764767711703862 0.00091920536660748653 0.0060757370583842344 0.032405345092428796 0.039596871258362691 0.031212006838905442 -0.00086961632951208377 0.0088104422383086731 0.009890615920081558 -0.0044304129081362458 0.016435772249216295 -0.0051816000450414443 0.023277989921653804 0.0081325325897758319 0.02268286059182752 -0.0026675233258611629 0.012029996698058277 -0.0012459686435313487 0.0011775925848960564 -0.00664990466955938 0.024135865367664731 0.0047215400461555566 -0.0099047604257763971 0.026184018941092933 -0.0099774100096562575 0.025253743936255787 0.031949799253799871 0.018030147942751915 0.020605262748217928 0.016060217948004486 0.03766581437854561 0.027733395128899021 0.043002515822268689 -0.0074046379694836743 0.011847425973575795 0.030407451198146217 0.0042419951148477634 0.011321389175882372 0.028146281841165778 0.030592240152400269 0.011408789112234925 0.0080354317562215238 0.036019239522199625 -0.0014580128277006169 0.032498924095206466 0.033678138807367954 0.026773801158612179 0.0074181899858615594 0.032679413936982211 0.0020032706272420479 0.014044890415743101 0.042657245165989961 0.013195362711727195 0.033876863599468288 0.0035253243012357944 0.0019301043779271915 0.027648465955478888 0.027425069353096635 -0.0060435629570534674 -0.00080499456527566282 -0.0017655381549033311 0.013539645830076757 0.0062530309123148041 0.036374675519438106
leaf_weight=7193.0213233157992 1235.1550116240978 31.932816028594971 202.45756731554866 80.666836570948362 259.59622115641832 181.38278763741255 189.05425422266126 954.40566717460752 1726.0405817553401 6920.4552199169993 111.58298080787063 28052.807374745607 37.342354837805033 81.05010774731636 1665.5215065218508 11435.147996433079 128.69986905902624 7441.0469357296824 112.52054019272327 36.32370712980628 1137.549640994519 154.02793214842677 138.48229475319386 2336.005588427186 1024.4883915409446 79.187592245638371 40.292759120464325 728.5555077418685 181.15043446421623 75.652889408171177 35.444902379065752 39.597770653665066 22.605390455573797 800.21336153149605 48.445818826556206 130.87522752955556 61.76260843500495 54.046807691454887 57.855253703892231 76.336492605507374 35125.728017233312 497.66674897819757 126.67740523815155 201.97487976774573 45.183161400258541 144.02435638010502 2129.1814600378275 167.93240336328745 46.457659173756838 2112.8836563676596 1657.9410469681025 81.332357440143824 150.43844259157777 31.898783691227436 59.017743084579706 39.28744187951088 301.17636244744062 59.678700715303421 298.77684799209237 54.213522683829069 163.18142586573958 141.9614760838449 38.490862268954515 70.676387194544077 2840.190297909081 1837.544706851244 704.73522275686264 438.23258128762245 110.85907773673534 347.09826219081879 120.55979304015636 192.42495785653591 143.84465210139751 144.11979265511036 341.18212102353573 1215.301922686398 195.89737036824226 58.075512796640396 157.04204707965255 36.024141199886799 233.34653817489743 47.986710093915462 42.700268615037203 290.91991114616394 97.138755425810814 53.977521877735853 40.037936851382256 69.318608105182648 88.229430574923754 957.11772295460105 219.32173060625792 50.186698984354734 82.236345700919628 47.46568851172924 56.751289650797844 79.975444883108139 49.762605980038643 149.08270240202546 87.397066473960876 10912.761425070465 63.189022984355688 58.917578630149364 55.806727338582277 91.941510155797005 82.865004722028971 42.251237370073795 449.6391851939261 212.3198277503252 156.4980292879045 35.839109174907207 39.221286296844482 115.84731911495328 75.024181053042412 87.334564164280891 92.598113417625427 138.58538825809956 68.172627065330744 59.606544867157936 57.07196418941021 38.989068128168583 341.70190256088972 76.421051099896431 77.410377211868763 57.036735385656357 79.407292425632477 378.03757923096418 52.43219830840826 48.210590772330761 610.07691863924265 84.456522867083549 49.105694986879826 38.789964012801647 58.942962497472763 147.64181336760521 38.599113743752241 3622.4307259507477 413.76243091374636 71.364468634128571 60.370134256780148 99.309086002409458 49.156799577176571 396.10641361773014 143.57185114175081 167.33721093833447 258.83421090245247 80.445600435137749 165.21859655529261 673.33497110754251 193.08868154510856 140.30292213335633 54.33550938218832 38.341243214905262 61.188333798199892 62.863022856414318 95.378666616976261 527.74496346712112 27.173591520637274 686.1849432066083 188.6135072670877 35.697667896747589 59.62646883353591 47.880515046417713 7046.0164104402065 34.632742330431938 44.811218231916428 98.255383335053921 68.524153672158718 50.024571985006332 103.73613659292459 48.407524913549423 192.0849791765213 2761.1398159265518 94.273624055087566 258.27591669559479 149.33178612962365 42.040477119386196 143.81210526078939 114.0311649851501 71.388378135859966 62.104471541941166 156.29710473865271 436.62628304585814 83.298183768987656 56.370172962546349 42.603675834834576 153.9345597922802 40.363273706287146 42.222067959606647 30.12924786657095 28.424735423177481 67.103086620569229 38.162393502891064 53.358644429594278 267.40591077506542 80.165989704430103 59.880042009055614 45.58380564302206 59.576173767447472 63.52850391715765 69.350324191153049 86.057826086878777 102.08987560868263 42.66862928122282 186.47105142846704 149.14239111915231 2278.3709141016006 65.625715907663107 126.36989847570658 49.349320709705353 79.810578305274248 64.520939331501722 758.23803228512406 36.371141944080591 77.818763580173254 39.048956714570522 23.975322131067514 903.86960437148809 35.782857116311789 37.863097202032804 87.371574826538563 123.83318430930376 234.18836039304733 32.524144314229488 47.848893694579601 82.6020178347826 539.1335091739893 70.062408365309238 85.118129938840866 317.37884300947189 824.24117816239595 53.070985399186611 46.65733714401722 57.06838420778513 79.79420267790556 47.955465015023947 228.75977583602071 161.01857083290815 114.46144980937243 96.496265433728695 68.820151537656784 53.468950942158699 64.03067584335804 535.59352519363165 100.78435783088207 51.625996511429548 117.20306050032377 217.11761174723506 58.503330465406179 69.145818699151278 92.993503861129284 152.16306330263615 351.88315925374627 357.77807725593448 50.446021974086761
leaf_count=143777 15079 366 1653 628 1470 979 1882 15366 6313 14338 1481 27034 473 384 27505 15196 1168 20692 1035 235 9648 1962 770 7013 16977 587 316 2259 920 483 589 472 182 2595 507 836 624 492 528 805 21141 2201 428 3193 618 1676 4345 831 408 4396 3953 775 968 328 469 251 1211 565 1433 336 1927 1484 297 924 11444 7697 3306 1992 537 2663 832 882 634 604 1797 4925 1461 693 1820 446 2569 515 502 2779 573 395 237 470 990 15310 911 236 726 170 368 640 242 1248 581 16370 828 581 647 633 952 275 6437 1468 1622 320 406 668 912 656 534 1899 978 561 671 400 1579 503 470 471 456 1838 509 195 3035 579 474 209 541 1115 335 69423 6206 787 799 1346 188 1145 937 940 1816 391 1006 2476 1253 1532 524 473 776 469 593 7646 256 8586 2497 381 489 584 6370 431 388 831 468 297 532 477 959 5280 399 1059 2149 250 946 1161 451 350 2248 5523 488 493 374 1665 356 554 230 408 618 461 645 1678 387 304 413 433 443 620 443 896 217 2467 1185 40189 663 1313 510 1133 649 10759 583 918 610 232 3039 368 500 468 490 1139 213 517 410 2535 810 452 1080 2535 436 403 318 729 360 1390 1114 972 522 619 418 272 4265 533 517 1172 1519 454 955 1168 1753 3704 3969 381
internal_value=0.0287468 0.00472755 0.0343693 0.0262426 0.0139792 0.0366297 0.0104575 -0.00376747 0.028854 0.0332415 0.0175566 0.0377233 -0.00531458 0.0268787 0.00585132 0.035798 0.0156473 0.0303933 0.0137087 0.0204572 0.0239379 0.00623712 0.015394 0.0280692 -0.00601678 0.0214474 0.00412203 0.0254633 0.0270707 0.00893621 -0.0065267 0.0120443 0.00171872 0.0318155 0.00360356 0.0111366 0.0120341 0.0213757 0.0261713 0.00271522 0.0383993 0.0227038 0.0212222 0.00136532 0.00638073 0.0087134 0.0322482 0.0311764 0.00398357 0.0327867 0.0306399 0.0232416 0.021081 0.00251981 0.0221911 0.021034 0.0224087 0.0210132 0.0303251 0.0199743 0.0132897 0.018383 0.0207746 0.0124235 0.0275708 0.0284801 0.0231011 0.0210969 0.0188676 0.0154463 0.0125904 0.020817 0.0188953 0.0177407 0.0303442 0.0283948 0.0164388 0.0252191 0.0136668 0.0166806 0.00965953 0.0234101 0.0108833 0.0104556 0.0224961 0.0163284 0.00801842 0.0237591 0.0147764 0.00159636 0.0249812 0.0175719 0.0188559 0.0231898 0.00710747 0.00374405 0.0184447 0.0128876 0.0188167 0.0347951 0.0119881 0.0168517 0.0208569 0.0256008 0.0192379 0.00600118 0.00179597 0.0207038 0.0236046 0.0284124 0.0355407 0.0406158 0.00845322 0.0179616 0.0293697 0.00578642 0.0120319 0.0198646 0.0283262 0.0217492 0.027946 0.0138512 0.0198574 0.0215133 0.02298 0.0288629 0.0195043 0.0174028 0.0221489 0.0243739 -0.00122959 0.0111713 0.022781 0.0156863 0.0200828 -0.00467279 0.00230088 0.00898519 0.00386868 0.00993135 0.0130125 0.0317764 0.0124019 0.0188881 0.0211271 0.00647599 0.0273251 0.0237463 0.0149091 0.0113804 0.0222313 0.00154285 0.00876424 0.0274768 0.0245253 0.00778754 0.00530295 0.00789805 0.00703324 0.000460089 0.00936585 0.0216383 0.0366005 0.0252272 0.0340269 0.0214643 0.0251163 0.00964783 0.016485 0.0154951 0.0163164 0.0325178 0.0308937 0.0267179 0.0101038 0.0200956 0.0159068 0.0104324 0.00992659 0.0131401 0.00470841 0.00322111 0.0234254 0.0170849 0.0121517 0.0111059 0.00964999 0.0228618 0.0120724 0.0191264 0.00838263 0.020901 0.0224523 0.0263361 0.0206798 0.0274132 0.0174944 0.0244593 0.0263128 0.0071683 0.0331085 0.00995859 0.00334184 -0.000902276 0.0180832 -0.00482069 0.0249517 0.00657248 0.0156378 0.0071529 0.00824092 0.00712287 0.0156541 0.0108604 0.0163563 0.00363575 0.0306471 -0.00118291 0.000496779 0.0305195 0.0275728 0.0231081 0.0267412 0.00474902 0.031588 0.0277783 0.0135243 0.0253411 0.0248809 0.0287209 0.0272467 0.0324273 0.0239164 0.00664901 0.0206708 0.0207896 0.0257193 0.0188791 0.0188937 0.0177665 0.0186754 0.0301737 0.0173352 0.0214889 0.0183629 0.00979585 0.0231116 0.0113741 0.0106399 0.0163031 0.00838578 0.0102603 0.0117685 0.0165933
internal_weight=178235 33809.1 144426 31436.2 16183.8 112990 11959.7 17625.3 24165.1 27587.2 7271.05 85402.4 15266.4 15288.6 6339.37 22223.9 5620.33 9754.02 4218.7 4759.42 4224.1 2358.87 1468.95 12182.7 14153.8 1401.62 1953.28 1913 9846.71 3627.09 13129.3 2511.63 2712.28 3742.74 1112.67 963.347 3467.74 750.96 8279.52 1803.82 63178.5 3290.47 2700.21 2689.68 837.686 1433.39 8876.5 6747.31 733.559 5021.27 2908.39 696.913 2582.42 1075.33 3105.91 2726.46 2348.16 2046.98 379.444 198.238 851.764 463.96 149.46 110.969 5674 4850.22 2605.52 1900.79 1462.55 943.329 740.529 312.985 1829.32 1685.47 420.37 1641.68 1078.23 253.973 824.26 667.218 305.468 505.602 3066.37 3004.61 361.749 405.591 194.066 211.526 142.207 1043.43 519.224 981.254 367.12 284.883 387.804 331.053 237.418 333.085 299.902 17833.2 2368.98 698.355 532.192 202.801 2057.27 125.116 1727.48 401.374 476.386 319.888 213.986 174.765 3551.44 227.984 590.265 773.076 323.437 184.851 116.679 1987.3 457.112 115.41 1530.19 1308.02 1188.94 435.074 753.863 674.456 823.777 694.533 251.077 87.8957 104.126 626.245 1932.15 5936.25 687.102 273.339 166.163 1670.63 251.614 1567.18 378.309 478.604 426.171 427.544 1661.38 838.554 774.27 526.846 247.424 246.794 147.485 642.941 516.263 3323.45 1608.7 1045.26 1018.09 563.443 793.692 107.507 18481.2 325.725 141.95 426.376 328.12 131.357 1541.35 1437.62 1389.21 3561.35 822.829 1250.45 1714.75 191.123 386.543 242.731 129.244 218.852 635.624 592.923 189.431 139.668 105.793 1565.41 1329.7 112.715 72.3513 235.718 1216.98 105.265 207.293 565.556 298.15 185.63 105.464 251.661 753.1 156.747 1386.03 222.169 144.759 1851.99 183.775 5900.8 152.96 234.737 108.367 1111.72 1031.91 967.385 209.147 177.214 140.843 63.0243 989.927 224.396 994.981 2927.56 420.885 297.051 72.1219 86.448 7841.03 689.572 105.902 1922.66 399.981 992.174 206.983 153.912 103.726 119.082 86.2967 1845.7 504.24 275.48 1341.46 1244.97 1176.15 117.5 1058.65 523.055 422.27 153.527 268.744 1423.83 1365.33 383.913 981.416 829.253 760.107 402.329
internal_count=781023 486234 294789 155323 165853 139466 140926 320381 94179 60871 61144 78595 288073 70747 87764 30420 53162 30163 42801 33802 24927 32308 12321 51296 270955 10361 28254 7981 44283 45857 253978 27342 41907 8854 17118 8917 37420 5381 38736 26717 48175 21481 18746 41725 11753 17091 23432 19087 10594 12774 8378 4889 17233 16645 19451 17390 14161 12950 2061 2012 7436 3818 1537 1240 24654 20061 14082 10776 8784 5938 4768 1714 13287 12653 2384 7694 10251 2154 8097 6277 3254 3404 34070 33446 3023 4054 2199 1855 1385 16317 2846 7977 2634 1908 3618 3250 1738 2982 1935 30708 25173 7055 5054 1170 15627 1227 25912 3350 4407 2785 1655 1249 45374 2231 2735 10546 4109 2210 1232 12385 2482 903 9903 8320 7340 2309 5031 4575 4593 3614 2610 683 1159 4380 14400 110201 10186 3980 2001 18118 1841 5547 3229 3265 2756 3054 6140 3482 6584 4807 1777 2955 1609 3119 2691 43143 20807 12780 12524 8027 9659 1073 21566 2577 961 2769 1938 1072 12049 11517 11040 7875 2658 4425 22336 1498 3275 2329 979 1551 8273 7771 1223 981 1202 20187 17469 1140 784 2718 16329 1079 2310 3817 2139 1104 717 1392 3946 1201 4627 1583 1113 29972 1616 109612 1319 2292 979 15250 14117 13468 2709 2343 1760 842 3482 2865 15810 11912 2098 1608 685 852 22182 3503 1130 8149 1490 3366 1393 957 721 980 833 13548 3476 2086 10072 9550 8931 690 8241 3976 3443 1407 2036 15163 14709 3947 10762 9009 8054 4085
is_linear=0
shrinkage=0.01


Tree=23
num_leaves=255
num_cat=0
split_feature=7 55 7 55 12 55 58 56 56 54 52 0 47 12 7 7 9 48 18 11 114 7 54 12 63 11 10 63 86 19 15 136 57 60 32 7 109 48 39 78 58 7 39 31 19 117 16 31 21 31 20 18 129 60 115 12 21 18 56 116 74 1 57 32 134 44 52 35 19 54 21 18 18 18 54 9 56 36 132 12 40 130 12 60 9 2 21 132 36 7 21 19 21 21 31 57 23 8 137 12 47 31 35 119 48 46 117 139 47 48 48 52 115 47 13 114 97 134 48 21 56 32 51 116 57 32 12 37 21 51 134 66 54 53 7 8 132 55 78 56 31 21 48 58 58 8 7 8 7 8 7 131 18 35 55 59 46 60 134 21 130 29 47 31 44 62 117 21 115 114 83 48 114 57 46 18 2 18 48 58 58 7 18 19 34 37 118 55 110 18 35 13 115 31 35 39 115 13 58 118 32 51 129 48 46 8 52 19 132 58 131 21 40 136 20 54 39 34 0 10 54 32 47 114 32 74 116 32 32 9 116 116 134 58 7 118 75 41 51 31 94 21 31 117 61 115 13 18 56 29 114 54 40 78
split_gain=228271 28556.4 24116 6572.76 4501.9 4368.95 2648.5 1505.56 1260.12 1165.92 1074.98 990.819 972.768 916.386 863.722 724.097 718.833 683.415 581.511 538.695 573.089 527.83 429.815 399.522 398.744 392.469 385.804 383.173 366.508 344.417 343.89 395.754 333.346 327.184 423.5 309.151 308.883 307.955 316.719 305.093 298.978 287.91 282.551 278.639 275.524 273.955 269.26 268.418 263.927 350.432 279.473 261.508 258.589 255.273 254.323 253.466 299.32 251.359 246.78 246.612 273.582 243.419 242.646 239.428 237.321 315.338 301.517 259.548 260.927 232.866 508.487 231.94 358.376 227.936 376.589 224.37 252.307 223.825 223.644 273.262 245.754 220.333 219.702 382.294 350.055 218.433 217.074 216.675 216.343 215.978 214.484 274.209 264.007 237.148 212.515 210.963 209.501 206.008 203.415 201.937 201.185 216.059 200.669 199.745 195.349 260.285 233.676 196.294 221.941 194.638 199.44 194.614 192.997 192.992 192.3 191.837 216.895 191.452 190.208 189.924 213.933 189.689 189.669 225.75 218.812 305.628 187.731 290.994 224.304 261.839 270.553 215.059 187.074 189.586 186.67 186.765 186.164 432.94 185.764 185.701 325.962 196.958 183.991 183.201 209.508 222.029 185.114 221.701 182.796 226.511 180.904 180.891 179.834 179.721 179.344 187.673 179.323 177.211 282.91 199.615 175.598 218.354 181.614 174.683 174.311 173.587 173.07 172.877 172.698 172.641 172.467 238.15 217.915 171.935 171.46 207.537 187.711 198.906 188.046 181.693 173.769 277.169 170.736 278.504 196.839 189.51 183.535 170.209 168.444 167.153 166.363 165.385 169.452 164.369 167.303 205.569 164.128 163.781 162.338 249.041 162.215 195.766 201.661 201.594 261.797 161.285 160.847 160.762 383.589 183.429 159.589 159.192 159.096 158.903 161.442 157.39 157.373 201.749 161.359 160.938 157.301 156.72 212.761 243.437 159.557 156.545 156.313 156.121 212.405 156.071 177.636 156.014 154.962 154.953 154.835 154.784 263.851 259.644 219.771 224.315 219.038 211.103 312.468 267.256 269.56 248.676 291.856 241.609 225.379 196.082 162.724 159.035 290.062 197.24
threshold=399.03000000000003 72.500000000000014 2978.5900000000006 260.50000000000006 1.5000000000000002 303.50000000000006 167.50000000000003 7.5000000000000009 578.50000000000011 39.500000000000007 14.500000000000002 4.5000000000000009 191.56839000000005 22.500000000000004 1153.2450000000001 874.62000000000012 4578.9050000000007 233.46332500000003 29.901211000000004 26.905000000000005 0.019484639000000002 6199.9850000000015 99.500000000000014 15.500000000000002 3.5000000000000004 39.925000000000004 387.05000000000007 2.5000000000000004 3.5000000000000004 648.13000000000011 1.5000000000000002 1.5000000000000002 19.500000000000004 3.5000000000000004 268.50000000000006 1260.7950000000003 1.0000000180025095e-35 464.43211000000002 53.500000000000007 17.500000000000004 83.500000000000014 116.95500000000001 329.50000000000006 78.500000000000014 828.84110000000021 0.025441934500000003 6.5000000000000009 633.50000000000011 2221.5000000000005 3133.5000000000005 47.343713500000007 279.00725000000006 93.500000000000014 21.500000000000004 0.048611674500000007 17.500000000000004 1931.5000000000002 364.50160000000005 185.50000000000003 0.0074507110000000014 26.500000000000004 1.5000000000000002 36.500000000000007 1104.5000000000002 54.500000000000007 20.500000000000004 1.5000000000000002 52.500000000000007 258.01581000000004 1.0000000180025095e-35 625.50000000000011 37.214583000000012 59.800842500000009 149.99187000000003 357.50000000000006 447.61000000000007 86.500000000000014 1.0000000180025095e-35 68.500000000000014 36.500000000000007 27.500000000000004 41.500000000000007 29.500000000000004 58.500000000000007 246.76500000000001 1.5000000000000002 2348.5000000000005 17.500000000000004 49.500000000000007 358.02500000000003 1336.5000000000002 12.078369500000003 1261.5000000000002 1142.5000000000002 414.50000000000006 59.500000000000007 1.0000000180025095e-35 99.040000000000006 2.5000000000000004 6.5000000000000009 22.143137000000003 78.500000000000014 39.500000000000007 2.5000000000000004 3959.9466500000003 4837.2883500000016 0.00094950851500000017 1.5000000000000002 25.154283500000002 944.90778000000012 1058.7981000000002 304.50000000000006 0.065576645000000017 153.320435 3.5000000000000004 0.04746914650000001 1.5000000000000002 67.500000000000014 365.87091000000004 196.50000000000003 52.500000000000007 659.50000000000011 1.0000000180025095e-35 0.0013387777500000002 10.500000000000002 643.50000000000011 17.500000000000004 33.500000000000007 376.50000000000006 24.500000000000004 83.500000000000014 55.500000000000007 12.500000000000002 2.5000000000000004 626.35000000000002 439.4550000000001 18.500000000000004 21.500000000000004 24.500000000000004 43.500000000000007 567.50000000000011 1619.5000000000002 344.82556500000004 36.500000000000007 26.500000000000004 108.825 124.93000000000002 205.51500000000001 307.38500000000005 19.895000000000003 358.02500000000003 91.500000000000014 84.020180000000011 39.500000000000007 52.500000000000007 12.500000000000002 1440.9437000000003 9.5000000000000018 46.500000000000007 2286.5000000000005 53.500000000000007 64.500000000000014 594.00148500000012 1735.5000000000002 21.500000000000004 14.500000000000002 0.035720955500000005 1364.5000000000002 0.030143645500000003 0.12747772500000001 6.5000000000000009 53.219040000000007 0.0059065692000000005 61.500000000000007 18470.870000000006 142.00065000000004 3.5000000000000004 490.97767500000003 279.77154000000007 46.500000000000007 10.500000000000002 1351.7300000000002 160.04747000000003 142.07895500000004 58.500000000000007 6.5000000000000009 0.0032420836000000004 1202.5000000000002 1.5000000000000002 75.082870500000013 39.500000000000007 18.500000000000004 0.13000328500000002 1562.5000000000002 45.500000000000007 25.500000000000004 0.091667187000000025 28.500000000000004 75.500000000000014 0.0011887176500000004 1221.5000000000002 1.0000000180025095e-35 40.500000000000007 1027.3256000000003 10412.431000000002 287.95000000000005 84.500000000000014 47.189473000000007 84.500000000000014 2.5000000000000004 12.500000000000002 1634.5000000000002 10.500000000000002 2.5000000000000004 39.898750000000007 23.500000000000004 132.50000000000003 162.50000000000003 26.500000000000004 258.11000000000007 798.50000000000011 284.50000000000006 252.58877000000004 0.070865172500000018 248.50000000000003 20.500000000000004 0.00028308564000000008 232.50000000000003 136.50000000000003 213.05000000000004 0.0080008890000000023 0.00064148827000000007 107.50000000000001 22.500000000000004 1817.5700000000004 0.0020503057000000003 13.500000000000002 14.500000000000002 7.5000000000000009 1562.5000000000002 10.500000000000002 1296.5000000000002 1095.5000000000002 0.0018760372000000002 1.0000000180025095e-35 0.11232288750000001 4.5000000000000009 93.70463500000001 32.500000000000007 45.500000000000007 0.021172237500000003 295.50000000000006 16.500000000000004 15.500000000000002
decision_type=2 2 2 2 2 2 2 2 2 2 2 2 2 2 2 2 2 2 2 2 2 2 2 2 2 2 2 2 2 2 2 2 2 2 2 2 2 2 2 2 2 2 2 2 2 2 2 2 2 2 2 2 2 2 2 2 2 2 2 2 2 2 2 2 2 2 2 2 2 2 2 2 2 2 2 2 2 2 2 2 2 2 2 2 2 2 2 2 2 2 2 2 2 2 2 2 2 2 2 2 2 2 2 2 2 2 2 2 2 2 2 2 2 2 2 2 2 2 2 2 2 2 2 2 2 2 2 2 2 2 2 2 2 2 2 2 2 2 2 2 2 2 2 2 2 2 2 2 2 2 2 2 2 2 2 2 2 2 2 2 2 2 2 2 2 2 2 2 2 2 2 2 2 2 2 2 2 2 2 2 2 2 2 2 2 2 2 2 2 2 2 2 2 2 2 2 2 2 2 2 2 2 2 2 2 2 2 2 2 2 2 2 2 2 2 2 2 2 2 2 2 2 2 2 2 2 2 2 2 2 2 2 2 2 2 2 2 2 2 2 2 2 2 2 2 2 2 2 2 2 2 2 2 2
left_child=1 4 3 9 7 11 13 28 15 51 18 17 22 44 25 33 226 73 36 32 -21 95 41 86 37 46 35 64 -1 78 52 -32 40 34 -5 -10 148 38 39 94 45 57 156 -24 -4 -19 71 -39 49 50 63 99 87 96 103 89 -57 -6 81 109 -61 -53 114 138 65 67 -67 68 98 70 -30 -11 139 113 -75 76 -23 -59 80 154 117 167 83 84 182 -31 90 -14 190 119 92 112 93 143 -20 -15 -22 188 136 -2 101 225 -50 164 105 107 121 108 -74 -56 -111 165 -92 -3 -46 -112 -117 169 -62 -33 -121 -107 124 213 -99 -126 127 128 -12 -130 131 -131 133 -89 135 229 137 215 193 140 -73 153 -36 144 145 -13 -145 -148 149 187 -52 -86 -95 -141 -80 234 -17 159 -159 -115 161 170 -163 210 168 -28 233 -27 -34 174 171 172 -101 -44 175 180 177 178 179 -177 181 -16 183 184 185 212 198 -7 -93 -81 -65 -182 -193 194 195 -49 -94 -18 -186 -200 201 -38 -203 -204 -205 -63 -106 208 209 -102 -25 -119 -35 214 -124 -9 217 218 -82 -218 232 222 224 227 -138 -43 -8 228 -224 230 -83 -175 -45 -47 -156 236 -110 241 239 240 -237 243 -243 -238 249 246 250 -248 -246 -245 -244 252 253 -241
right_child=2 5 6 8 12 10 16 27 26 14 126 23 30 21 29 42 197 19 24 20 53 75 43 163 -26 58 111 -29 69 85 31 55 54 82 142 -37 200 47 -40 -41 -42 100 173 220 62 166 -48 48 102 -51 150 61 -54 -55 59 56 -58 77 -60 60 118 205 -64 88 -66 66 -68 -69 -70 -71 -72 72 104 74 -76 -77 -78 -79 79 189 216 134 -84 -85 151 -87 -88 132 -90 -91 91 97 196 152 -96 -97 -98 122 -100 160 207 -103 -104 -105 206 106 -108 -109 235 110 115 -113 -114 157 -116 116 -118 211 -120 120 -122 -123 123 -125 125 -127 -128 -129 129 130 -132 -133 -134 -135 -136 -137 221 -139 -140 141 -142 -143 -144 146 -146 -147 147 -149 -150 -151 -152 -153 -154 -155 155 -157 -158 158 -160 -161 -162 162 -164 -165 -166 -167 -168 -169 -170 -171 -172 -173 -174 231 -176 176 -178 -179 -180 -181 191 -183 -184 -185 186 -187 -188 -189 -190 -191 -192 192 -194 -195 -196 -197 -198 -199 199 -201 -202 202 203 204 -206 -207 -208 -209 -210 -211 -212 -213 -214 -215 -216 -217 219 -219 -220 -221 -222 -223 223 -225 -226 -227 -228 -229 -230 -231 -232 -233 -234 -235 -236 238 237 -239 -240 251 -242 242 245 244 248 -247 247 -249 -250 -251 -252 -253 -254 -255
leaf_value=-0.0073020076409389938 -0.00061302927968869328 -0.0060044610370390316 0.029375896351529589 0.031272367498021238 -0.0032143637107014747 0.008071292278573259 0.032844356212354146 0.0182313429650383 0.026947886579911106 0.027286401993507851 0.034107714660317041 0.0089092330513163287 -0.0013368568113731136 0.029990353451659624 0.030010132933754523 0.021405146047665902 0.03469068011423429 -0.0005223005472339042 0.027091058458500173 -0.0015593065604506563 0.035228538447367813 0.014741890426842597 0.034091159289994011 0.039771707685137818 0.027742854983161258 0.042566239450646956 0.031118099602338956 0.02990657037541623 0.055916194251129134 -0.0057473249129230798 0.035891652711619981 0.029435506178454109 0.0047472110323729588 0.026410296727285315 0.012968661301973885 0.032012957265945982 0.029496278695245889 0.030211062557555301 -0.003868557655472712 0.025059913928620531 0.037322094457620122 0.0036818091220831794 0.01078591231553057 0.0045037598263729791 -0.0025139379957839904 0.0089699316989038796 0.033040973039682071 0.02550875942477282 0.015128786364999536 -0.002738137507723335 0.026596332332368848 0.0051975813415143617 -0.006291044048441382 0.0051085057824810055 0.001458662506530993 0.010915474652716882 0.047126989566441346 0.03141381868220796 0.036213989863465745 0.041230450649339424 0.02691527260291263 0.012633979206108177 0.0270395337531333 0.027744844818026523 -0.0021853346397638657 0.0066074956365278761 0.047963121294215968 0.026700775710879025 0.035260381631817425 -0.0035561738639438519 -0.0056234947338991556 0.018657643013472947 0.0029628702543617476 0.0024880050196066962 0.029912321145567435 0.0352051709285221 0.031980594867514756 -0.00218338276995438 0.0061730095151833588 0.016322344670884743 0.015217827818917722 0.014060300089699274 0.030138461562672691 -0.00023432976836551864 0.027381388802708066 0.024210469401755492 0.032483075627995815 -0.0021216268295409578 0.038683948000306875 0.025771357065086913 0.040467413421597057 0.0025676948382246417 0.019209301504880837 -0.010376821408324606 0.0023424366792565636 0.033165525126515744 0.013551067249683628 0.0060168561795619557 -0.0035119094392391183 0.029035203495488771 0.021364820254139372 -0.0047980048046484484 0.034751079879395581 0.011436030252011975 0.0052577466809900289 0.023226999262169326 0.020786782760860364 0.029213005390417216 0.0055728650918511879 0.035743102310258304 -0.0013261726396716505 0.037256411440701048 0.0093390148963474265 0.00077573275102931643 0.01832042239672842 0.035435886816788713 0.0080791127721970557 0.013961003864601395 0.0077185253214909081 0.0044545727831136585 0.025049335748383916 0.048038395801236589 0.038130433950120904 0.0012210030884265844 0.036615956901577339 0.0038220886811426271 0.03590244920396226 0.033345456690674118 0.032140592945722871 0.0026165987716277261 0.026435253185381508 0.025581040876826285 0.0097609899311260333 0.026800098000533318 0.015683014888626331 0.034851332768315632 -0.0027817331357904173 0 0.00074671154840071758 -0.0030648185834885396 -0.0054501296422619907 0.023985237773966647 -0.0057545528895258094 0.044237523671891765 -0.0029659230336005222 0.02738808785612161 0.0038452276250123991 0.033677908439557064 0.030522638493675012 -0.0043390049169871369 0.007180093817764078 0.0096209497427266928 0.017475908417494138 0.023927726543275386 0.029474802648824974 0.0091635958416058459 0.029402340012140971 0.039430226491324903 0.0046231137506357956 0.018417398705465011 0.002157044788641726 -0.0065036216585647689 0.023506222996028631 0.010313743794757644 0.042621037811322003 0.035043538934240254 0.0046243645032218146 0.019572055986797614 0.029383692265650865 0.011369804730386074 0.0031688215173006945 0.033684432071045864 0.0044058832632674462 0.01339130212807213 0.037691055072358648 0.013338889942262174 0.033751671336016413 0.040111576006645902 0.030321144798623724 0.033592421283402472 0.021336792891690163 -0.0001934798086781625 0.026566462740788794 -0.0052107435300252506 0.0022591981716585515 0.034117355808154622 0.026383740829737611 0.031402816214981831 0.022713678384724358 0.0342051023254967 0 0.03240770861361239 0.018382504023305529 -0.0033774405488915171 0.02893864068918893 0.00471192421594394 0.047032338820961382 0.037646223874201072 0.022794632829816797 -0.0023084368916551239 0.030269760622181001 0.00068314220696242352 0.030587745881619628 -0.00087525913390835443 0.02251414686890776 0.033492131124192012 0.028656568595244188 0.0044928695384636244 0.046779252819684682 -0.0034209059765284728 0.023440269964125501 0.02580554438912282 0.0038434773937022094 0.000346085831017255 0.0127203220727322 0.05163015800266707 0.017811431577161481 0.0016462161155331512 0.026565885250696843 0.034785599323279084 0.026443820840241244 -0.003977460765462364 0.0057965526598756931 -0.0059103513469122458 0.022603051273103549 0.029881247858185748 0.035724718430565482 0.0010587697129047834 0.040885512603319032 0.0094619173122650266 0.041508250039302218 0.027620094240047161 0.028686325539666491 0.041091915011562591 0.012914129834891916 0.015039951320933645 0 0.0048324370244057866 0.031789705552765203 0.028780531936043997 0.0047488890730475507 0.027708839396706684 -0.00044125331354534329 0.019485368372437452 0.047270846723619031 -0.0027543258666771053 0.0086335828852842876 0.032501045630959673 0.017651165674774576 -0.01018399652728396 0.025111132600563579 0.012000371675596267 0.041809489594972771 -0.00040617184005394588
leaf_weight=9806.2465294934809 213.81281240656972 269.06669166311622 2189.5274956151843 88.648086436092854 2045.6690331026912 266.22576645761728 2497.7518100887537 35.881654839962721 2391.5871457904577 226.73884050548077 143.31607507169247 146.50017775222659 247.27088605239987 3753.538971029222 50.626949891448021 325.27474801242352 2391.123952627182 557.99430924281478 42.85076804086566 83.629745632410049 234.29625410959125 119.47711712121964 36.050408851355314 79.697579555213451 1056.465760961175 89.67505307495594 3554.0137293189764 47.646981414407492 19.07084559649229 61.367514289915562 73.970757029950619 36.536623328924179 48.223460122942924 67.846901133656502 125.89800494909286 2828.7913060858846 89.169464692473412 347.04899679124355 88.292933754622936 215.78332465514541 23.859156161546707 95.66685913875699 121.44004508107901 787.78893872722983 55.271857410669327 29.875685390084982 112.90816627442837 74.032829821109772 80.154874444007874 73.789657711982727 506.00384550541639 85.719898354262114 144.00237822532654 46.213509332388639 375.11876314878464 54.737453501671553 40.58773484826088 38.428084224462509 156.73584988713264 39.700713559985161 71.804752122610807 63.884443916380405 333.63243716955185 41.806705124676228 894.32717662677169 43.026843160390854 29.656351272016764 43.665311768651009 21.710764672607183 2635.7889592014253 35.465651515871286 81.394908264279366 121.01787180453539 138.47633887454867 77.623942084610462 15695.34413830936 377.1840033903718 37.425641901791096 148.80817956477404 87.125829987227917 321.64575033634901 53.455851905047894 558.7850082218647 68.210444122552872 1455.1218286752701 37.373268112540245 62.009308166801929 236.22127873077989 69.189865492284298 73.959480825811625 49.242354471236467 445.37450752034783 49.522198751568794 56.613970752805471 160.43918197974563 6341.6422885730863 61.293762933462858 71.346734277904034 457.12161923199892 56.187542214989662 51.299701910465956 397.359948374331 195.63033659011126 157.48243745043874 205.41018173098564 74.530115023255348 624.05546528846025 128.22923796623945 137.64283940941095 31.346573729068041 98.247468408197165 1244.0854481831193 36.66946878656745 911.70929868891835 198.28941636532545 41.557999800890684 96.120747074484825 204.90164036303759 189.36871684342623 553.768091481179 54.067201796919107 65.885006718337536 45.352494917809963 187.40315448865294 105.02228347957134 40.346698138862848 452.51555666327477 538.72411338984966 121.91768175363541 173.86182278767228 128.36480071023107 52.032131560146809 1697.1270551234484 23.031472973525524 455.97272682189941 138.73644328862429 198.86419726535678 86.128550812602043 128.12154062092304 78.195552170276642 168.67828750982881 116.52752465754747 86.605233311653137 45.686377055943012 59.594455350190401 122.83839098364115 50.662248514592648 49.887046575546265 31.457774959504604 139.57450727373362 56.569726951420307 64.426995605230331 36.308163240551949 33.481360517442226 179.40243501216173 132.89596784859896 9201.7824882864952 32.075764440000057 78.914822425693274 67.160670228302479 175.79690090939403 75.913489073514938 25.165132012218237 84.764025539159775 52.931917991489172 2063.1829902082682 78.77992457523942 63.296911999583244 75.06522498652339 65.895695589482784 64.06798455491662 101.77911172062159 99.388878680765629 108.33539469540119 207.73490513116121 229.52292262762785 800.02478960156441 87.755506969988346 219.52826049923897 56.403906047344208 506.42586056143045 70.283681325614452 225.38054380565882 53.94768201559782 146.84145025163889 123.67743660509586 92.171916931867599 34.472344107925892 44.134352561086416 172.95466074347496 41.808937184512615 460.90578553825617 122.30406641215086 41.364227414131165 90.237702593207359 134.16310570389032 46.087353609502316 49608.198242858052 147.26537332683802 52.336259976029396 105.51984290033579 101.76304209604859 79.774333756417036 89.962111458182335 98.018561944365501 109.00972690805793 33.034679271280766 567.21080388128757 30.418129995465279 65.577936235815287 372.2113639190793 299.99466779828072 60.075367324054241 39.867551516741514 63.411361142992973 27.962024383246899 108.88317363709211 68.716020725667477 228.44753357023001 144.19594218581915 35.454312968999147 232.81471361219883 26.795720536261797 36.723627518862486 26.229905370622873 28.765509031713009 25028.346055284142 25.211670137941837 55.150504972785711 95.689137808978558 48.008870616555214 375.6525649651885 25.718168020248413 33.911625396460295 93.025455214083195 458.94379051402211 97.259035360068083 104.62609935551882 66.426630571484566 44.771805517375469 386.44911636412144 673.72362041473389 87.770600169897079 48.889546237885952 45.829835943877697 57.218698848038912 61.083508543670177 164.02009624987841 68.032340526580811 37.453434363007545 32.369774915277958 131.2509069442749 73.848458424210548 44.430123455822468
leaf_count=194885 2992 4410 6293 432 35599 2862 3955 538 8332 1475 546 1618 3599 10125 287 1634 2657 7745 336 995 1389 540 333 337 5447 335 8644 517 203 664 565 317 588 395 973 6757 541 1843 981 1584 185 1490 666 10834 565 383 552 502 572 681 2837 1141 2222 433 4723 518 191 343 629 302 674 646 1124 246 14590 553 189 492 196 47674 671 679 1393 1869 651 20769 790 514 1222 521 1984 426 2193 482 6720 222 411 3786 312 651 334 5222 458 747 1716 12321 579 765 7701 477 632 6486 947 1727 1884 523 4283 840 1346 249 1233 1746 394 13336 1003 335 1059 1348 2150 6922 475 261 302 1954 675 418 1186 1469 528 1338 637 211 21763 287 3290 729 3411 1337 1203 785 1886 756 797 266 683 968 524 295 159 1507 402 440 317 223 914 896 31184 303 1047 800 2091 1026 214 730 344 3496 1013 411 719 424 685 732 1144 538 691 1617 2965 283 998 226 2903 612 1156 505 1253 574 487 194 375 589 394 1832 716 401 502 1172 270 31600 860 437 526 895 563 807 527 733 181 8203 268 973 2549 1510 511 441 586 300 629 488 1012 476 303 3706 397 581 366 363 27847 375 614 811 234 1221 290 280 569 3987 1065 933 385 321 3537 4751 898 402 239 598 551 920 527 464 222 1022 345 466
internal_value=0.0279915 0.0049477 0.0334585 0.0265819 -0.0018403 0.0170535 0.0358556 -0.0050384 0.0294627 0.0205406 0.0231163 0.0112701 0.00448121 0.0332556 0.0214985 0.0273472 0.0368048 0.00821527 0.0205698 0.0115442 0.0217691 0.0338392 0.00132772 0.0163687 0.0225562 0.018891 0.0318295 0.00241281 -0.00640416 0.0245126 0.00861031 0.0139217 0.00934615 0.0233074 0.0131405 0.0297056 0.0139261 0.0202354 0.0131809 0.016798 0.00389277 -0.000304723 0.0287038 0.00751937 0.0277066 0.00263702 0.0176516 0.022118 0.0202422 0.0182183 0.019536 0.0105252 0.00658771 0.0274819 0.0124211 0.011829 0.027088 -0.00254202 0.0243444 0.00970965 0.0171784 0.0192862 0.0213864 0.0147808 0.00179772 0.00444907 0.024448 0.00326398 0.00238229 -0.00312478 0.0169362 0.0172722 0.0167595 0.00307153 0.0125687 0.0349861 0.0279295 0.0150785 0.0248738 0.0198847 0.0258165 0.0222925 0.0242777 0.0229706 0.0236102 0.00574794 0.0141266 0.00743878 0.0256667 0.00972064 0.0134503 0.0107388 0.0179983 0.0152785 0.00782093 0.0319921 0.0308884 0.00927152 0.00172629 0.00768241 0.00352437 -0.00117838 0.029234 0.0199521 0.0177246 0.0182749 0.0235786 0.016937 0.0163792 0.00615355 0.0126459 0.0334348 0.0278095 0.00153766 0.0137556 0.00926043 0.0167974 0.0270679 0.0131987 0.00778886 0.00637903 0.0354503 0.013457 0.00861858 0.0207662 0.0277574 0.0301579 0.0278469 0.0229573 0.0194518 0.0149009 0.00812816 0.00855329 0.000594938 0.0200376 0.0257915 0.0049256 0.0148309 0.0111105 0.00847811 0.00244268 0.0149698 0.00530893 0.0181254 0.0137775 0.0175136 0.0275202 0.0191122 0.00786775 0.00609572 0.024694 0.0266486 0.000539845 0.00521833 0.0157715 0.0192233 0.0291349 0.00341641 0.0152906 0.00203141 0.0106558 0.0141416 0.00118191 0.0240141 0.0272928 0.0325736 0.0149076 0.0334916 0.0200567 0.0280976 0.0181536 0.0217922 0.01362 0.0218293 0.0284777 0.0277104 0.0304444 0.0258688 0.023228 0.0175746 0.0245106 0.0126544 0.0187929 0.0163602 0.0180709 0.0252013 0.0138622 0.0109689 0.00448945 0.0284229 0.0141264 0.0257915 0.0295565 0.0149617 0.0175424 0.012327 0.0334124 0.0375118 0.0103698 0.0162053 0.0189282 0.0161773 0.0127949 0.0173218 0.0113766 0.0260748 0.00875246 0.00696637 0.0162366 0.00755029 0.026505 0.0210925 0.0161117 0.0177394 0.0239033 0.0341351 0.0208999 0.0180146 0.0200278 0.0277189 0.0063018 0.00239959 0.00645006 0.0158587 0.000305298 0.0101944 0.0354661 0.0233822 0.0299423 0.0190799 0.0276955 0.0245239 0.00534901 0.0269292 0.0239916 0.0169485 0.0190141 0.0202496 0.014146 0.013055 0.0103698 0.0214079 0.0234972 0.0137093 0.0202612 0.0163199 0.0195077 0.0262015 0.0302697 0.00656315 0.00665998 0.0206125 0.027255 0.0144433
internal_weight=181199 34746.4 146452 37863 22263.6 12482.8 108589 14785.5 25631.4 12231.6 6090.42 6392.4 7478.11 29063.9 11160.8 13549.7 79525.4 4001.85 4479.69 2426.82 425.433 26287.2 4242.83 2390.55 3443.75 5993.7 12081.7 2288.92 12496.6 5167.15 3235.28 887.627 2001.39 3417.24 301.151 5220.38 1035.94 2387.29 507.366 419.073 724.421 3357.82 10132.5 885.012 2776.72 700.562 4892.13 1879.92 1532.87 1257.09 1183.3 1070.73 2347.65 341.804 1276.97 813.657 95.3252 2121.52 1101.57 943.266 300.874 258.614 587.194 620.725 2241.27 1346.94 72.6832 1274.26 1230.59 2690.33 54.5365 4779.22 4552.48 1575.03 216.1 16192 496.661 75.8537 5068.41 814.213 4254.2 944.835 3116.09 2557.3 2489.09 98.7408 1853.88 2203.65 152.806 718.331 1791.87 1128.17 663.7 568.091 203.29 10095.2 295.59 1042.26 1208.88 812.112 1236.3 521.792 275.785 333.703 4074.2 3835.76 764.471 3071.29 2943.06 642.392 267.273 6861.28 85.9118 1358.93 253.561 235.926 137.679 3382.31 261.173 644.372 607.835 140.415 552.75 336.035 216.716 145.369 1610.73 1158.22 619.493 476.176 354.259 225.894 1956.38 259.253 791.863 335.89 751.763 149.972 467.919 478.278 250.073 228.204 212.503 475.169 328.933 269.339 146.236 100.549 471.73 440.273 562.574 1519.55 92.9221 111.677 554.132 405.324 9527.06 1089.86 110.991 978.87 598.299 422.502 101.079 536.673 176.221 5617.2 142.567 152.972 123.289 2877.41 321.424 257.356 155.576 605.428 2811.52 2603.78 1393.24 593.211 505.455 285.927 1210.55 120.911 969.543 744.162 690.215 251.6 438.615 300.698 489.509 260.08 83.6156 1089.64 583.21 339.798 298.434 208.196 95.6096 51999.3 346.443 199.602 564.207 458.688 369.518 267.755 187.981 172.894 238.445 714.507 147.296 116.878 451.909 504.896 127.922 148.631 108.764 63.8437 871.888 618.809 550.093 253.079 848.961 601.79 368.976 143.882 225.094 124.432 27526.1 107.158 81.9462 197.154 101.465 483.988 813.507 63.7873 272.428 2822.04 1615.92 1478.28 1206.12 1139.69 845.393 1373.65 1076.19 297.464 200.205 402.463 345.244 225.104 113.862 86.343 120.14 294.301 163.05 89.2019
internal_count=781023 494957 286066 166477 387223 107734 119589 279296 82433 84044 36574 71160 107927 53530 72163 53458 66059 49521 30659 27105 3396 44545 66631 21639 22078 45565 28975 35863 243433 26598 41296 9639 23709 18215 2202 15089 8581 16631 4617 3636 9606 54871 35243 11760 8985 9421 38700 12014 10171 8652 7971 11881 31657 2401 14103 9074 709 36456 6865 10725 3126 2520 2692 4732 35346 20756 742 20014 19522 48548 874 38148 36673 22416 2520 22099 1330 857 25712 4711 21001 6236 16013 13820 13338 886 18023 29435 952 8365 17612 11466 6146 5418 2052 22446 1968 10738 19326 9361 18415 8339 1519 3378 32344 30279 5067 25212 24372 7599 2876 13886 728 19896 1568 2627 1394 16412 2824 7714 7397 784 5141 3283 1858 1093 5915 4729 3260 2714 2186 1549 25836 4073 5490 2200 11625 2175 3780 4329 2565 1764 1770 4354 3269 2586 1085 819 4722 4563 3239 7160 1064 1008 3601 2379 32818 15486 1350 14136 6369 4278 1240 3616 1651 12140 1676 746 1307 13554 3038 2353 1621 2425 13130 12439 6089 3124 2841 1843 6350 899 6178 5022 4517 1480 3037 3056 5597 1110 640 5451 2548 2577 2176 1674 728 34257 2550 1297 3859 3333 2792 1897 1334 1379 2065 10076 1873 1605 2886 2858 906 1329 888 838 4589 3484 2996 1105 11427 9450 5744 1967 3777 1853 31802 1386 1011 1471 660 1759 11124 663 1483 22979 12916 11570 10063 9678 7524 10637 7940 2697 1632 3189 2591 1471 766 866 1120 2154 1132 787
is_linear=0
shrinkage=0.01


Tree=24
num_leaves=255
num_cat=0
split_feature=7 55 7 55 12 55 9 56 56 54 52 55 47 12 7 7 62 49 62 12 12 11 33 54 28 11 20 109 63 28 10 52 127 116 27 134 27 117 7 24 12 89 20 31 128 16 31 106 32 39 9 16 82 21 39 81 9 74 13 47 132 12 39 10 78 27 27 122 47 12 134 44 52 56 7 7 137 27 39 56 121 116 56 137 56 49 7 10 94 56 117 51 12 24 55 21 94 27 32 43 128 49 128 9 49 9 124 7 27 49 24 97 94 36 132 56 33 39 134 129 20 21 52 124 117 74 54 12 117 106 36 21 7 129 13 127 129 12 134 12 36 24 51 47 132 129 12 95 59 21 100 27 63 141 84 54 131 99 59 136 134 127 34 12 21 54 129 49 139 28 28 34 84 115 122 28 27 24 24 100 14 88 127 36 12 24 28 82 32 11 54 45 31 27 27 8 116 47 20 24 1 52 7 124 47 41 29 90 52 138 49 134 128 12 47 20 41 56 28 61 67 24 22 116 49 31 59 54 47 27 128 54 127 132 51 127 134 94 55 44 51 47 32 33 49 39 62 13 134 8 97 14 115 116
split_gain=215693 27578 22980.9 6188.53 4423.08 4133.73 2563.12 1488.15 1195.08 1100.9 1010.31 967.518 942.074 888.536 813.683 679.677 655.645 635.41 538.1 520.664 462.226 458.535 430.482 418.469 408.068 368.605 367.953 474.857 365.399 365.355 363.285 361.944 357.955 336.926 331.53 323.183 303.565 306.874 294.304 292.831 451.113 288.777 305.165 270.317 328.803 267.178 263.138 262.475 261.781 261.198 259.685 279.943 275.676 250.107 267.357 263.881 245.777 235.589 235.267 316.759 234.979 321.842 246.938 250.27 234.669 414.142 381.464 233.167 232.581 246.383 232.077 301.763 278.236 227.903 227.467 220.379 277.807 220.009 282.86 219.118 219.075 215.357 212.776 328.207 211.629 208.646 208.386 207.784 235.906 205.065 203.327 247.167 215.701 214.073 262.267 342.983 205.121 202.885 202.312 197.389 197.082 196.376 242.083 248.154 193.644 191.254 223.671 190.986 189.665 186.866 185.517 183.893 216.936 181.625 185.601 310.195 294.203 188.385 181.094 340.807 191.066 180.427 179.288 177.886 177.511 177.248 214.921 177.152 176.575 248.096 215.737 175.93 201.545 174.573 174.421 174.126 173.31 175.141 204.457 173.022 235.101 213.622 221.415 172.61 210.71 189.934 172.544 174.661 188.004 195.524 171.593 171.417 170.731 167.739 167.61 167.475 166.552 184.97 168.754 166.335 174.393 166.02 165.951 165.514 165.249 251.161 165.133 182.33 190.621 184.547 184.198 308.185 277.966 290.348 203.625 195.974 195.972 164.981 185.199 174.769 202.024 181.857 234.551 163.981 163.954 270.428 269.879 316.858 269.923 266.021 183.643 173.654 162.056 176.821 174.875 173.39 160.747 159.079 158.753 193.781 158.554 210.174 158.193 157.907 157.261 190.472 167.3 156.734 208.718 181.76 208.215 193.402 267.582 193.082 155.589 155.164 155.069 154.359 154.125 153.303 152.804 152.492 158.24 152.095 151.965 151.922 151.146 150.855 163.007 158.334 150.366 149.846 149.538 286.863 152.28 149.507 229.459 164.915 199.965 148.645 148.217 147.992 291.329 276.219 268.703 152.413 147.885 226.469 147.483 147.455 147.247 147.072 146.375 146.274
threshold=399.03000000000003 72.500000000000014 2978.5900000000006 260.50000000000006 1.5000000000000002 303.50000000000006 3303.3550000000005 7.5000000000000009 578.50000000000011 39.500000000000007 14.500000000000002 659.50000000000011 191.56839000000005 15.500000000000002 1153.2450000000001 874.62000000000012 12.500000000000002 116.53784500000002 3.5000000000000004 5.5000000000000009 24.500000000000004 26.905000000000005 70.500000000000014 99.500000000000014 148.50000000000003 39.925000000000004 50.636307000000009 2.5000000000000004 2.5000000000000004 213.50000000000003 392.97000000000008 29.500000000000004 88.500000000000014 0.0016408237500000003 686.50000000000011 91.500000000000014 772.50000000000011 0.0051977625000000005 1260.7950000000003 1641.5000000000002 2.5000000000000004 2.5000000000000004 26.000964000000003 259.50000000000006 90.500000000000014 6.5000000000000009 78.500000000000014 4.5000000000000009 482.50000000000006 329.50000000000006 149.92000000000004 3.5000000000000004 18.500000000000004 2221.5000000000005 24.500000000000004 2.5000000000000004 117.83500000000002 29.500000000000004 5.5000000000000009 1021.8670000000001 68.500000000000014 11.500000000000002 46.500000000000007 219.78500000000003 14.500000000000002 509.50000000000006 859.50000000000011 1.5000000000000002 6710.8015000000005 24.500000000000004 54.500000000000007 20.500000000000004 1.5000000000000002 185.50000000000003 159.00500000000002 257.02500000000003 2.5000000000000004 876.50000000000011 35.500000000000007 8.5000000000000018 1.5000000000000002 0.00028308564000000008 398.50000000000006 2.5000000000000004 782.50000000000011 91.717530000000025 69.905000000000015 75.215000000000018 12.500000000000002 17.500000000000004 0.021801069500000003 9.5000000000000018 47.500000000000007 2053.5000000000005 54.500000000000007 2031.5000000000002 10.500000000000002 1761.5000000000002 142.50000000000003 115.50000000000001 87.500000000000014 1498.7358000000002 24.500000000000004 208.20500000000001 1350.3570500000003 199.00500000000002 2.5000000000000004 738.23500000000013 924.50000000000011 215.23829500000002 303.50000000000006 1.5000000000000002 5.5000000000000009 30.500000000000004 32.500000000000007 19.500000000000004 72.500000000000014 12.500000000000002 70.500000000000014 63.500000000000007 52.201843000000004 2272.5000000000005 304.50000000000006 2.5000000000000004 0.016132206000000007 17.500000000000004 21.500000000000004 49.500000000000007 0.038466900000000005 4.5000000000000009 23.500000000000004 1489.5000000000002 1955.8800000000003 39.500000000000007 4.5000000000000009 39.500000000000007 68.500000000000014 21.500000000000004 43.500000000000007 17.500000000000004 62.500000000000007 1230.5000000000002 20.500000000000004 1499.7691000000002 72.500000000000014 49.500000000000007 29.500000000000004 7.5000000000000009 46.500000000000007 1918.5000000000002 4.5000000000000009 1427.5000000000002 5.5000000000000009 3.5000000000000004 6.5000000000000009 328.50000000000006 17.500000000000004 7.5000000000000009 29.500000000000004 2.5000000000000004 86.500000000000014 87.500000000000014 215.50000000000003 40.500000000000007 905.50000000000011 450.50000000000006 94.500000000000014 4211.9088000000002 3.5000000000000004 10.500000000000002 272.50000000000006 8.5000000000000018 1.5000000000000002 0.083326938000000003 1.5000000000000002 103.50000000000001 559.50000000000011 2096.5000000000005 2046.5000000000002 1.5000000000000002 5.5000000000000009 4.5000000000000009 64.500000000000014 17.500000000000004 3.5000000000000004 261.50000000000006 172.50000000000003 9.5000000000000018 142.50000000000003 18.910000000000004 53.500000000000007 1.0000000180025095e-35 1735.5000000000002 975.50000000000011 919.50000000000011 53.435000000000009 0.0081980040000000018 3506.9130000000005 43.286606500000012 1107.5000000000002 6.5000000000000009 1.5000000000000002 4138.0550000000012 2.5000000000000004 706.51713500000017 3.5000000000000004 63.500000000000007 1.0000000180025095e-35 3.5000000000000004 1.5000000000000002 41.53038200000001 32.500000000000007 39.500000000000007 12.500000000000002 2348.4367500000003 235.74167000000003 7.5000000000000009 24.500000000000004 225.50000000000003 3.5000000000000004 18.500000000000004 1486.5000000000002 2.5000000000000004 0.0021115609000000005 83.809932500000016 2164.5000000000005 37.500000000000007 1050.5000000000002 9149.2190000000028 1099.5000000000002 47.500000000000007 798.50000000000011 44.500000000000007 63.000000000000007 309.50000000000006 28.500000000000004 45.500000000000007 4.5000000000000009 4.5000000000000009 6.5000000000000009 136.50000000000003 252.58877000000004 232.50000000000003 58.500000000000007 24.024776500000005 13.500000000000002 4.5000000000000009 34.500000000000007 107.50000000000001 1038.0550000000001 1.5000000000000002 2.5000000000000004 0.12498369500000002 0.034898220000000008
decision_type=2 2 2 2 2 2 2 2 2 2 2 2 2 2 2 2 2 2 2 2 2 2 2 2 2 2 2 2 2 2 2 2 2 2 2 2 2 2 2 2 2 2 2 2 2 2 2 2 2 2 2 2 2 2 2 2 2 2 2 2 2 2 2 2 2 2 2 2 2 2 2 2 2 2 2 2 2 2 2 2 2 2 2 2 2 2 2 2 2 2 2 2 2 2 2 2 2 2 2 2 2 2 2 2 2 2 2 2 2 2 2 2 2 2 2 2 2 2 2 2 2 2 2 2 2 2 2 2 2 2 2 2 2 2 2 2 2 2 2 2 2 2 2 2 2 2 2 2 2 2 2 2 2 2 2 2 2 2 2 2 2 2 2 2 2 2 2 2 2 2 2 2 2 2 2 2 2 2 2 2 2 2 2 2 2 2 2 2 2 2 2 2 2 2 2 2 2 2 2 2 2 2 2 2 2 2 2 2 2 2 2 2 2 2 2 2 2 2 2 2 2 2 2 2 2 2 2 2 2 2 2 2 2 2 2 2 2 2 2 2 2 2 2 2 2 2 2 2 2 2 2 2 2 2
left_child=1 4 3 9 7 13 11 22 15 34 18 33 23 17 25 43 20 19 26 31 200 35 -1 39 60 36 27 53 70 41 38 47 105 97 107 128 45 68 -10 56 -41 50 74 -5 101 110 -25 67 86 159 51 184 64 54 55 80 125 135 59 108 62 85 90 -64 66 -66 -52 123 69 197 71 75 -73 133 -43 76 113 -21 -79 151 104 -13 146 99 -83 -62 -49 214 109 -58 118 92 93 94 96 131 -92 100 -81 -84 -4 102 103 -45 -7 106 143 -2 251 -89 -11 112 235 114 115 116 -9 -118 -16 120 -120 -69 223 215 -125 126 -6 -36 129 166 -131 132 -96 -27 -44 -31 137 138 -135 140 141 -12 -143 152 145 -145 147 -56 149 150 -149 153 226 -39 183 -122 -100 158 177 160 161 240 227 -102 -61 252 167 168 169 -19 174 -172 -173 -174 218 -176 -177 178 179 180 -158 182 -181 239 189 -186 188 190 -187 -14 -188 -189 194 -194 -15 -196 -138 -38 -140 -200 201 -8 -35 -130 206 -206 -137 -190 209 -209 213 -212 -213 -211 -28 -3 -139 -182 -171 -178 -22 -201 -223 -32 -65 -107 250 228 229 -161 -183 248 233 -112 -234 236 -42 -237 -239 -55 -17 -116 243 -243 -244 -245 247 -51 -48 -231 -20 -23 -166 -24
right_child=2 5 6 8 12 10 16 28 30 14 139 81 29 192 24 49 -18 21 32 77 220 58 253 46 -26 73 87 -29 -30 57 122 -33 -34 202 127 -37 37 79 -40 40 111 42 134 44 -46 -47 231 48 -50 246 52 -53 -54 154 82 -57 89 -59 -60 164 61 -63 63 224 65 -67 -68 121 -70 -71 -72 72 -74 -75 -76 -77 -78 78 -80 98 -82 84 83 -85 -86 -87 -88 88 -90 -91 91 -93 -94 -95 95 -97 -98 -99 156 -101 163 -103 -104 -105 -106 225 -108 -109 -110 -111 232 -113 -114 -115 241 -117 117 -119 119 -121 155 -123 -124 124 -126 -127 -128 -129 203 130 -132 -133 -134 136 -136 204 196 216 198 -141 -142 142 -144 144 -146 -147 -148 148 -150 -151 -152 -153 -154 -155 -156 -157 157 -159 -160 162 -162 -163 -164 -165 165 -167 -168 -169 -170 170 171 172 173 -175 175 176 219 -179 -180 181 217 230 -184 -185 185 186 187 191 207 -191 -192 -193 193 -195 195 -197 -198 -199 199 221 -202 -203 -204 -205 205 -207 -208 208 -210 210 211 212 -214 -215 -216 -217 -218 -219 -220 -221 -222 222 -224 -225 -226 -227 -228 -229 -230 249 -232 -233 234 -235 -236 237 -238 238 -240 -241 -242 242 244 245 -246 -247 -248 -249 -250 -251 -252 -253 -254 -255
leaf_value=-0.0073874249816242446 -0.0022424231147987542 -0.0006458869184647998 0.027246102355356176 0.03962665402964826 -0.0012255053252101227 0.0057543787543051731 0.0099258757837404777 0 0.026228053402036475 0.025396370503566676 0.027103680006655816 0.031086500569176161 -0.00057488315315472717 0.029160093843612615 0.029240146630605979 0.029498945265618626 0.036596821039568649 0.034105894242260251 0.00035932192792270185 0.0094653549645061542 0.033515033333184729 -0.0017145830550178184 -0.0034349667156818443 0.032870103214726824 0.0024543972661938262 0.03231876850387403 0.020861703150325945 0.03485419429807713 0.028903799087061716 -0.0097194854247507501 0.029749013459787501 0.039940268558593769 -0.00031296258335717768 0.029071833917487366 0.013867609523903826 -0.00029011389400980346 0.025588217090594677 0.0053667707694822573 0.031091317220335417 -0.0054858856799217892 0.039964839746881628 0.038107139474978055 -0.0032340716088945145 -0.0044951830237239636 0.0045687427089796126 0.033125333483247574 0.00444165703832045 0.0085096416313394999 -0.00010215206402433613 0.0080897119199991093 0.0046267640216041041 0.036963027420853202 0.0014895643179660711 0.031233422863282179 -0.0051125716898370891 0.032629093579918569 0.0033416123096070504 0.00032971043997864156 0.0038370748467455008 0.03908735923533796 -0.0083609291855070867 0.021892435605561464 0.015514300680579055 0.012215191754532537 0.05267359450876425 0.010259968154926491 0.037546176700821041 0.0075622063191201037 0.0019504814971704309 0.0086243918535579764 -0.0021676783813571565 0.0065092288564468784 0.045805935170291925 0.034939776141667919 0.010869360073549566 0.032570449279593364 -0.0035437562220448503 0.025022145430628525 -0.0012130898065537421 -0.0011776371087286964 0.03070210552501151 0.032832003175678748 0.022249191907071288 -0.0036451212933159322 0.034889526105489392 0.016312841069918468 0.040166889165597242 0.010930604893304699 0.011007729072484953 0.030296081831717055 0.022255275353186638 0.035738561477315169 0.0072176241122050046 0.0092223034506625362 0.0097604433695184754 0.039847060715939485 0.041089583020261812 0.036355770581406703 0.0064910739904889894 0.0051294605004352815 0.0057317064336824888 0.027038138405487851 0.022197889939127548 0.018515411938144093 0.029426839916467711 0.034321114430420532 0.011147471928679738 0.010273558217287749 0.032148349364446334 0.031375568541321591 0.013119942463006205 0.02547337472586024 -0.0055252253661806387 0.028282399673658021 -0.0022911749483203632 0.00066572483270411641 0.052159521908327983 0.015806377968013284 0.028492811126653458 0.039738171790737978 -0.0078078114219789366 0.031603142544638668 0.036106653311700446 0.0029462410917038334 0.025413807337056903 -0.0043544571006756318 0.026381672946086364 0.037542864039350782 -0.00024391521951885477 0.030082422027972847 0.0069621457135536071 0.0026366428970078675 0.031639735027602763 0.00086254755412821572 0.02309626853820829 0.025510027349520407 0.01869473258260337 -0.0052522703018698215 0.039513787014974489 0.034725027887933156 0.031735660916876213 0.03248659241857433 0.0087472416404295057 0.019864729253788321 0.012060603894187321 0.030986856961018536 0.025876191877687148 0.017360593685907807 -0.0056423828253777423 -0.0055130921756347878 -0.0059994962063308144 0.030683945164542276 0.027330620401799264 0.028573270053850186 0.0063871174150265551 0.01456345915600671 0.029174666360215516 0.0011898208586039551 0.037419371727391466 0.026600692817929896 0.024062973372505264 0.016682902388932209 0.014876029235531371 0.024590232633429729 0.022268185818831634 0.042466436603482115 0.032636223910562298 -0.00086516493057929122 -0.010033609673135616 0.0085853945161678408 -0.010017958225299781 0.047458766132228776 0.021893490240203636 0.0067579453104482812 0.005520146459141638 0.043545582184893246 -0.00088332198788637953 0.027017130240646489 -0.001106745375995582 0.0035188141949503045 0.023422763140731377 0.037636427140884623 0.029956030295471472 0.037458367497111879 0.038064939246535839 -0.0090623821742993518 0.017620353130036241 0.024176800197410465 5.041324565530229e-07 0.021504188936522107 0.051232985573139288 0.0016043708883064995 -0.0017621304419080561 0.026783574436096972 0.029387303419671867 0.0040000972717383083 0.042549158465383402 0.042422948287291345 0.0069357609801322896 0.032917422122342485 0.030284274893794941 0.027777244121696208 0.032296042162927349 0.024149367430850752 0.03583655449959721 0.0058851350318866605 -0.0030088322861828139 0.032200004187963448 -0.0048107690629906729 -0.0028158173143701649 -0.0035546055217842189 0.040123506135309919 0.013940369816528972 0.019510622645238708 0.03508802157210103 0.020903771337805809 0.015510057929938415 -0.0032016119172184054 -0.0053787867570038953 0.025617135863636661 0.035484996172980343 0.022934074951037147 0.0029795867833449716 0.033304192765758571 0.027543496331245074 0.018329446418024496 -0.0023761170404643507 0.028940955358860973 0.0094909473857858993 0.0088420624188573771 0.016582818926512415 0.025664091675690281 0.011423037355634123 0.033635488306625487 0.032774720053631391 0.0052364825273636508 0.0029927415510955968 0.041214918742530318 0.0040382750140798805 0.0058290559138097541 0.035808970504153839 0 0.021390857765683932 0.046218353328767739 -0.0090760910247273743 0.014021458735630011 0.02609794259749711 0.026080621915294297 0.027777953636927977 0.026079222906465211 0.023327597292090364 0.020693494636930331 0.00016300206317860418 0.0074545332240260999
leaf_weight=9598.932860776782 237.09582613036036 1439.0562716275454 2637.7450197711587 94.522405222058296 83.494774132966995 219.70355441793799 112.09370852261782 29.349902614951134 2461.0417082831264 133.22738614678383 376.71383977681398 3006.7694362476468 428.22804786637425 349.13274593651295 2063.199003778398 5437.1562365293503 49995.543472290039 39.215143885463476 39.601064998656511 535.48769443109632 7275.8552038744092 84.732959602028131 2699.3238259516656 37.084662895649672 89.138431280851364 139.32919302582741 161.60492004454136 107.83704819530249 48.870097860693932 29.079134792089462 2675.9334810972214 25.569548327475786 57.160635240375996 2527.0815071687102 563.95692594349384 219.56609822809696 731.99897669255733 308.18366150930524 2933.4533242359757 365.92133010178804 34.844439797103405 102.03444893658161 62.753817591816187 70.155984967947006 105.12506363540888 74.474361076951027 790.82825287431479 38.646809343248606 58.356511164456606 168.63095864653587 117.99396523460746 30.386954128742218 86.054746672511101 42.000370755791664 160.08185260742903 100.30033610388637 174.50641306489706 711.05447414889932 70.325919158756733 117.61984363943338 62.380600951611996 689.70069120824337 500.16658637672663 82.673806965351105 53.887497391551733 42.301499176770449 49.148460898548365 251.0439045727253 45.748838134109974 83.536292806267738 892.62049973756075 43.268602900207043 30.830529484897852 160.87882594019175 48.062221381813288 23.16400858387351 459.29481616616249 233.92016233131289 48.676772829145193 47.290372610092163 61.036359861493111 9202.5673394799232 282.86988690495491 83.284886509180069 15036.865121543407 70.909425862133503 49.569834925234318 68.211728990077972 239.49090162664652 32.137213196605444 122.5245903134346 125.29485272616148 113.15983106195927 110.2202178016305 100.38993712514639 61.318620577454567 136.32578460127115 249.03777265548706 94.264119043946266 92.225112557411194 86.707923382520676 845.29075248539448 2227.3216190636158 131.87823791056871 39.877476781606674 327.13245245069265 149.28766913712025 245.48758989199996 34.006911654025316 160.03559163212776 239.9678252376616 53.769969243556261 122.91308293864131 33.875690873712301 316.32059662789106 94.268095187842846 37.546940710395575 27.558337483555079 56.207838118076324 64.371670879423618 49.578128829598427 34.605224516242743 1264.5236373692751 100.12379050254822 53.787319779396057 1845.7518271319568 39.980594657361507 33.024791076779366 174.36062501743436 148.48467494174838 58.826864544302225 97.200053624808788 76.661802373826504 49.989145673811436 38.982232682406902 28.140344507992268 65.328056447207928 54.70428654551506 49.843810103833675 463.1930942684412 579.22335214912891 50.71499378234148 173.24984877556562 230.14309335500002 97.246212638914585 644.9125112220645 35.632793061435223 231.83026323840022 88.583478063344955 59.463826186954975 34.625520929694176 35.163652658462524 114.09073080867529 33.258619047701359 51.296375662088394 92.564965978264809 250.57683788985014 48.399459786713123 64.676082357764244 1038.4763472676277 668.18674387782812 106.73483753949404 135.72292691469193 107.14861538261175 127.55051962286234 52.838085509836674 37.286673206835985 108.75303004682064 35.169130094349384 638.8995194658637 39.316502507776022 29.973945323377848 365.93720674514771 200.42356643825769 82.713431011885405 40.657592538744211 31.959507398307323 292.10168050229549 46.794156968593597 187.15437635034323 42.925889454782009 45.472999632358551 39.443932272493839 86.934503898024559 29.767097804695368 104.03984077274799 36.517050918191671 51.298371873795986 199.00959011912346 60.404352374374866 35.51392624899745 98.372241295874119 50.774984426796436 34.854606345295906 43.899199947714806 69.509589180350304 61.182649917900562 67.173610724508762 91.99090389162302 120.52401051670313 747.76500949263573 179.32339546084404 5905.4581261351705 29.133358888328075 57.932461239397526 35.660825219005346 62.205391217023134 41.327069912105799 79.700519878417253 156.76268789544702 44.70479554310441 46.672051332890987 241.14812688156962 49.099942483007908 187.39512089639902 32.199382927268744 95.819854430854321 40.322787538170815 87.871091343462467 61.574596021324396 13598.941310167313 178.55782862752676 53.33417584002018 2983.5820869728923 493.20459277182817 85.890988491475582 54.102244444191456 1571.3273971155286 77.758040472865105 117.91021819412708 164.67029058933258 36.222989197820425 1710.1979867629707 98.124278720468283 33.251471482217312 512.45451717823744 32.629618570208549 27.975023463368416 30.180491883307695 53.270049087703228 467.92214466631413 42.543209541589022 36.891697779297829 36.199728913605213 110.85932530835271 29.680903751403093 321.40141786634922 124.02741128206253 26.35571251064539 91.613674007356167 100.97318935394287 42.004631534218788 40.194413065910339 126.87190474197268
leaf_count=192580 3393 21080 7978 290 1437 2322 654 490 8407 905 1735 5502 6581 2042 8936 17629 31851 250 418 5727 9318 981 48787 333 830 670 1115 409 517 469 6421 196 518 6895 5780 2755 4908 3015 6857 6587 405 771 806 632 827 344 10834 500 747 942 1379 191 1021 285 1852 580 2522 10482 611 541 626 3627 3008 493 270 458 360 3246 414 632 14590 553 189 629 504 208 7759 1969 558 449 421 14038 1741 787 16811 476 356 565 1724 339 787 444 730 744 696 208 517 499 788 728 548 3439 12279 748 200 1214 1097 2546 235 702 2024 634 1914 358 5320 1462 398 364 276 209 445 306 1735 1366 590 31548 508 162 2093 1134 611 729 289 453 309 326 455 525 221 1186 1642 189 1163 1428 698 3060 199 2013 958 668 381 221 677 217 445 513 1603 418 283 4098 2709 523 590 321 928 246 321 1343 480 6940 592 220 3741 2433 856 251 389 1722 434 1668 294 197 218 441 230 1499 456 558 2664 631 258 1290 512 220 266 595 235 292 772 665 1565 509 11144 263 626 464 961 388 1055 2185 596 373 2662 473 860 279 621 381 1143 514 11956 1129 490 5555 2015 453 530 4859 406 658 1195 303 15308 605 165 7750 492 296 439 494 1028 658 486 361 1758 392 1047 436 290 318 676 323 411 2066
internal_value=0.0272773 0.00488248 0.0325099 0.0258549 -0.00182479 0.0166745 0.0348267 -0.00501063 0.0286204 0.020033 0.0225128 0.0327406 0.00442116 0.0110625 0.0209534 0.0265785 0.0359501 0.00992159 0.0200582 0.00657059 0.0344708 0.0131528 -0.00637673 0.00131398 0.0238522 0.0184383 0.0171014 0.0145638 0.00238615 0.00846494 0.0309026 0.00390197 0.0241498 0.0302735 0.0103367 0.0112345 0.0172426 0.0195595 0.028885 -0.000301214 0.00370133 0.0105727 0.0207054 0.0226949 0.0221953 0.0145221 0.00740042 0.00341088 0.0162285 0.0278795 0.00932378 0.00771135 0.0172036 0.0132492 0.0116974 0.0184703 -0.00247911 0.00311869 0.0212562 0.0236664 0.0242182 0.0191446 0.0251676 0.020857 0.0222512 0.0347119 0.0146954 0.0024065 0.0242645 0.0254027 0.00177904 0.00439217 0.023765 0.0236757 0.0297087 0.00322532 0.00262448 0.013327 0.0204913 0.0170192 0.0138351 0.0337804 0.00899072 0.0141417 0.0341116 0.00473855 0.0269051 0.022728 0.0181584 0.00783173 0.0265699 0.0224563 0.0203269 0.0223916 0.0247776 0.0186711 0.0324519 0.0273376 0.0188983 0.018116 0.0265158 0.0227549 0.0212395 0.0105103 0.00962642 0.0249133 0.023072 0.00411988 0.0117943 0.025457 0.0138627 0.00784299 0.00652067 0.00620012 0.00513278 0.0136894 0.0263002 0.0378504 0.0282128 0.0199472 0.0131419 0.0107089 0.0324642 0.000929706 0.0110874 -0.00357301 0.00791186 0.015315 0.012383 0.0132844 0.0236988 0.0136461 0.0195374 0.0217101 0.00700931 0.0122922 0.0198241 0.01773 0.0203835 0.0292684 0.0270628 0.0224498 0.014407 0.0244342 0.0265567 0.0281251 0.00507152 0.00367869 0.00710615 0.0106149 0.0142657 0.0101226 0.0175906 0.00780958 0.0229222 0.00669113 0.0196276 0.02062 0.0214091 0.0282894 0.0292199 0.0297832 0.0262186 0.0163509 0.0291771 0.0235441 0.0120543 0.0115767 0.012401 0.0129064 0.0123312 0.0165246 0.0183189 0.0165976 0.00946705 0.0179703 0.0253771 0.0204011 0.0179644 0.0191353 0.0246724 0.014787 0.0083863 0.0274032 0.00714065 0.00910994 0.0083107 0.0182397 0.00598012 0.00221067 0.0352641 0.00962361 0.0232438 0.0100891 0.0256037 0.0142528 0.0307916 0.0271181 0.0223263 0.0202077 0.0277523 0.0210593 0.0313381 0.00340075 0.0158929 0.024891 0.00612587 0.0078317 0.0101729 0.0122595 0.0105968 0.015474 0.0184682 0.0025976 0.0286854 -0.000139734 0.00792901 0.010637 0.00687319 0.0166286 0.0348021 0.0235852 0.0184521 0.0316361 0.0254101 0.031124 0.0116118 0.0267359 0.0240752 0.0249592 0.0214976 0.00620768 0.0130961 0.0192663 0.0118731 0.00886668 0.0228304 0.00712405 0.0228636 0.0175434 0.0300126 0.00225686 0.00788567 0.0201793 -0.00121799 0.0327007 0.0213085 0.0158734 0.00527248 0.0166016 0.0170232 0.00584055 0.0170947 -0.00293766
internal_weight=184069 34863.4 149205 38536.3 22223.6 12639.8 110669 14718.3 26119.7 12416.6 6191.23 38759.4 7505.3 6448.61 11337.1 13801.2 71909.5 5900.44 4548.13 2901.04 21914 2999.4 12425.1 4247.05 5257.19 6079.88 2647.59 1830.85 2293.14 3258.24 12318.5 2082.96 1900.54 11513.2 1079.57 2430.12 4958.4 2669.16 5394.5 3356.56 1180.69 2334.17 251.833 3474.29 3379.77 2289.24 890.492 2057.39 146.573 10326.9 2082.34 1732.95 349.386 1723.02 1489.52 420.918 2175.87 924.073 569.273 498.947 5168.05 822.991 4345.06 1076.04 263.331 96.189 167.142 1910.82 928.458 882.709 2244.27 1351.65 74.0991 1121.48 150.097 1277.55 1254.39 818.085 282.597 1740.7 320.617 27246.2 1068.6 458.38 24239.4 133.29 88.2166 816.738 467.738 206.644 3269.02 943.096 817.801 704.641 594.421 335.57 258.85 3080.64 1364.09 375.095 2831.6 3274.65 2429.36 202.034 259.581 1843.38 1430.36 482.583 160.745 228.247 2214.77 814.767 760.997 795.094 761.219 188.723 94.4552 65.1053 2325.92 262.723 198.351 285.649 6924.04 1625.17 153.911 1969.23 123.475 596.982 2210.56 2007.06 207.312 274.252 177.052 960.604 101.736 213.018 821.275 694.764 544.24 1643.1 1179.9 600.679 223.965 1281.07 972.302 875.056 610.218 574.585 414.503 325.92 266.456 376.606 308.767 341.442 233.501 142.143 1316.8 1222.54 1174.14 9712.81 6680 6011.81 3032.81 193.857 338.203 220.583 1799.75 1762.46 1653.71 1618.54 1579.33 635.651 596.335 566.361 943.676 216.905 134.192 1109.46 817.361 770.567 333.826 436.742 226.598 182.205 1702.57 1213.93 1184.17 221.702 962.465 488.632 72.031 149.671 548.171 85.6296 462.542 113.409 126.511 799.173 494.251 444.407 1039.18 291.417 8432.54 203.494 183.939 93.5933 90.3457 858.425 659.415 579.715 538.388 332.525 287.82 205.863 349 1471.26 150.524 83.2487 726.771 93.5341 20874.8 352.416 231.892 5659.52 575.878 413.023 194.676 2897.09 1325.76 1248 210.143 853.407 2081.54 338.092 1743.45 638.084 67.4741 570.61 58.1555 95.2704 5905.08 572.495 256.175 108.424 147.751 65.8806 614.06 292.658 817.184 209.524 140.574 126.738 167.745 2826.2
internal_count=781023 494957 286066 166477 387223 107734 119589 279296 82433 84044 36574 63736 107927 71160 72163 53458 55853 67525 30659 36920 24002 30605 243433 66631 26598 45565 19890 14924 35863 41296 28975 28666 10769 27385 11881 26329 38700 19349 15264 54871 18517 27968 2390 18215 17925 19351 11760 28470 1603 35243 25578 22090 3488 14515 12850 3523 36354 13328 4276 3665 25768 4729 21039 5516 2467 728 1739 26867 6246 5832 35346 20756 742 6865 1275 20014 19806 8254 2527 13103 2943 36351 9327 3256 30849 1102 856 4966 2991 2861 15523 5144 4700 3970 3226 1922 1304 9346 9650 2469 8847 17098 13659 1380 2522 10251 8584 5939 1539 1267 19007 11930 11296 12047 11689 2714 1252 762 10379 1443 1234 3552 13711 23315 1956 33493 1945 5942 23574 21218 1745 1714 985 6236 1115 2846 5566 4876 3730 5915 4729 3087 1352 7487 5186 4488 6071 5872 4020 3062 2394 3453 2301 3232 1665 958 9201 8413 7995 32818 21889 19180 10929 869 2126 1585 19473 19152 17809 17329 17079 6986 6394 6174 10093 2010 1154 7712 5990 5556 2278 3278 1886 1220 21899 14687 14457 2562 11895 7212 714 1848 3635 732 2903 861 690 5200 3277 3056 2728 1163 18039 2356 2377 1090 1287 10396 7732 6677 6289 3631 3035 2658 1975 21359 1146 675 8083 903 21274 2284 1619 11976 2508 1667 1624 10339 5480 5074 1392 11427 18102 2629 15473 9382 897 8485 735 779 18657 8975 3655 1411 2244 753 2425 1378 11124 976 1094 1304 1339 50853
is_linear=0
shrinkage=0.01


Tree=25
num_leaves=255
num_cat=0
split_feature=7 54 7 54 56 6 59 56 54 56 6 6 48 57 52 6 19 7 28 6 56 7 47 18 33 127 83 89 62 43 31 6 142 62 53 0 91 6 40 7 52 29 58 87 46 31 27 35 20 31 21 57 134 0 57 127 91 54 95 57 136 27 120 6 24 21 47 53 18 42 116 67 130 41 13 31 42 13 1 115 115 41 43 31 6 133 115 43 33 63 127 27 31 39 127 57 35 26 128 66 28 30 19 24 28 56 57 57 88 134 95 48 30 88 30 54 42 54 42 31 40 27 54 29 123 115 117 141 18 59 33 33 7 114 46 43 54 40 28 117 54 42 130 14 62 30 20 20 47 18 117 21 0 46 78 95 57 77 24 31 58 30 39 39 127 0 33 127 24 116 57 21 99 24 46 39 40 47 114 21 24 134 74 47 18 62 31 1 58 106 24 31 6 115 116 27 61 20 48 3 117 54 46 46 30 53 54 27 27 20 31 33 46 115 129 30 89 24 67 95 99 118 27 118 48 30 54 58 58 134 46 58 115 123 41 101 39 37 48 63 18 33 114 59 129 28 48 95 27 35 35 121 54 33
split_gain=203224 26566.7 21971.1 5574.34 4351.98 3800.38 2457.22 1563.2 1296.51 1203 1172.16 1084.87 955.56 744.86 686.204 679.698 669.282 619.741 580.008 575.497 525.739 511.299 507.819 463.015 434.803 381.871 362.015 356.059 354.784 345.035 341.769 317.225 314.485 312.785 340.76 309.737 292.468 281.686 428.373 276.47 263.128 261.744 258.743 258.048 257.021 255.321 253.777 283.506 292.491 252.237 249.713 323.842 249.417 246.688 246.19 241.724 241.091 280.58 260.654 238.213 237.645 233.417 229.428 239.016 228.683 225.645 271.975 224.995 234.88 224.928 224.14 223.484 218.877 218.784 223.663 217.628 214.618 214.569 214.442 214.208 256.033 211.654 211.522 209.071 208.025 204.661 198.624 198.514 197.493 196.863 190.084 189.172 278.605 255.791 242.168 202.993 188.364 232.527 190.771 206.69 187.83 196.77 297.533 186.42 292.366 241.649 185.328 295.247 201.958 213.157 232.739 280.678 347.139 287.471 185.029 295.466 219.477 184.901 308.293 184.736 184.006 183.401 226.199 184.686 259.927 213.337 198.423 183.105 196.95 210.045 181.19 179.902 230.977 183.048 179.858 178.621 178.35 176.095 193.595 256.378 178.993 178.028 176.058 191.567 174.728 174.423 172.878 271.584 314.662 296.962 264.402 295.721 244.906 221.133 209.482 171.359 199.843 170.761 170.121 197.018 193.508 188.202 189.508 265.78 249.335 247.299 245.62 194.957 195.424 169.19 189.12 167.91 167.326 166.474 165.454 195.32 193.956 165.045 171.39 205.537 164.765 178.323 163.974 163.82 510.152 163.215 162.862 190.483 162.46 216.08 271.817 240.267 164.869 161.004 160.817 159.173 239.387 158.029 169.842 191.275 203.638 166.45 157.298 202.459 226.526 155.654 155.476 154.046 230.69 153.776 170.881 216.302 195.471 207.838 154.69 275.838 271.182 208.092 230.075 152.291 151.852 151.419 196.717 165.704 150.451 178.4 149.502 149.156 152.94 148.586 149.351 148.582 200.652 148.523 148.226 148.179 181.477 152.721 191.714 153.591 149.303 147.613 147.492 288.4 204.113 146.913 167.16 146.827 146.695 185.655 230.997 211.119 146.362 269.433
threshold=399.03000000000003 130.50000000000003 2978.5900000000006 651.50000000000011 231.50000000000003 79.940000000000012 94.500000000000014 6.5000000000000009 39.500000000000007 611.50000000000011 643.91000000000008 12470.545000000002 100.83938000000002 6.5000000000000009 14.500000000000002 3157.1100000000006 828.84110000000021 913.61500000000012 10.500000000000002 1572.8950000000002 134.50000000000003 14765.125000000002 159.28138000000004 29.901211000000004 434.50000000000006 88.500000000000014 11.500000000000002 2.5000000000000004 2.5000000000000004 1.0000000180025095e-35 2672.5000000000005 1504.0450000000003 2.5000000000000004 2.5000000000000004 11.500000000000002 2.5000000000000004 1.5000000000000002 1116.5400000000002 8.5000000000000018 1906.4300000000001 304.50000000000006 64.500000000000014 181.50000000000003 2.5000000000000004 4131.2309000000014 12.500000000000002 740.50000000000011 17.500000000000004 26.000964000000003 333.50000000000006 150.50000000000003 22.500000000000004 93.500000000000014 5.5000000000000009 3.5000000000000004 87.500000000000014 1.5000000000000002 258.50000000000006 8.5000000000000018 1.0000000180025095e-35 2.5000000000000004 971.50000000000011 1.5000000000000002 105.72000000000001 151.50000000000003 2050.5000000000005 3214.0523500000004 115.50000000000001 137.97083000000001 3.5000000000000004 0.0095259700000000017 14.500000000000002 53.500000000000007 18.500000000000004 8.5000000000000018 1987.5000000000002 10.500000000000002 2.5000000000000004 2.5000000000000004 0.069956490000000024 0.031902515000000006 1.5000000000000002 5.5000000000000009 2827.5000000000005 5542.7000000000007 12.500000000000002 0.090910240000000017 159.50000000000003 37.500000000000007 1.0000000180025095e-35 70.500000000000014 402.50000000000006 1759.5000000000002 289.50000000000006 89.500000000000014 153.50000000000003 105.50000000000001 1.0000000180025095e-35 34.500000000000007 15.500000000000002 34.500000000000007 3984.5000000000005 79.99029250000001 1641.5000000000002 69.500000000000014 1.5000000000000002 64.500000000000014 81.500000000000014 1.5000000000000002 75.500000000000014 1.5000000000000002 944.90778000000012 380.50000000000006 4.5000000000000009 1274.5000000000002 962.50000000000011 440.50000000000006 57.500000000000007 9.5000000000000018 779.50000000000011 1.0000000180025095e-35 1004.5000000000001 388.50000000000006 10.500000000000002 1.5000000000000002 0.10910054000000001 0.026851275000000004 3.5000000000000004 54.139141500000008 28.500000000000004 21.500000000000004 473.50000000000006 250.03500000000003 0.21049834000000003 3523.1513500000005 6.5000000000000009 921.50000000000011 26.500000000000004 312.50000000000006 0.010330168000000002 1149.5000000000002 77.500000000000014 68.500000000000014 3.5000000000000004 26.500000000000004 4712.5000000000009 157.60333500000004 54.946142500000008 107.31415000000001 55.318000000000005 0.0090914225000000015 1282.5000000000002 39.500000000000007 413.03351500000002 10.500000000000002 12.500000000000002 19.500000000000004 2.5000000000000004 1549.5000000000002 1521.5000000000002 13.500000000000002 2621.5000000000005 8.5000000000000018 16.500000000000004 29.500000000000004 6.5000000000000009 197.50000000000003 44.500000000000007 1115.5000000000002 0.011408816750000002 105.50000000000001 764.50000000000011 3.5000000000000004 1829.5000000000002 1145.9579500000002 10.500000000000002 11.500000000000002 131.18998000000002 0.019690848000000004 1065.5000000000002 2290.5000000000005 11.500000000000002 8.5000000000000018 205.83998000000003 259.30377500000003 1.5000000000000002 2940.5000000000005 9.5000000000000018 50.500000000000007 3.5000000000000004 1679.5000000000002 869.50000000000011 1438.075 0.12498369500000002 0.0029276733000000005 1023.5000000000001 15.500000000000002 221.32916500000002 970.91817000000015 8.5000000000000018 0.018870750500000002 1835.5000000000002 798.8907200000001 989.22152500000016 264.50000000000006 28.500000000000004 45.500000000000007 724.50000000000011 786.50000000000011 71.651190000000014 521.50000000000011 192.50000000000003 2006.2785000000001 0.10312288000000001 66.500000000000014 1112.5000000000002 1.5000000000000002 1147.5000000000002 2.5000000000000004 4.5000000000000009 3.5000000000000004 0.0081608865000000006 521.50000000000011 0.0038865322500000001 755.27753500000006 1572.5000000000002 63.500000000000007 80.500000000000014 161.50000000000003 69.500000000000014 1285.5556000000004 11.500000000000002 0.07508682500000001 1.5000000000000002 17.500000000000004 1.5000000000000002 47.500000000000007 23.500000000000004 1151.9340500000001 2.5000000000000004 127.04293500000001 281.50000000000006 0.039605068000000007 57.500000000000007 69.500000000000014 29.500000000000004 5484.695200000001 7.5000000000000009 686.50000000000011 16.500000000000004 11.500000000000002 1.5000000000000002 145.50000000000003 106.50000000000001
decision_type=2 2 2 2 2 2 2 2 2 2 2 2 2 2 2 2 2 2 2 2 2 2 2 2 2 2 2 2 2 2 2 2 2 2 2 2 2 2 2 2 2 2 2 2 2 2 2 2 2 2 2 2 2 2 2 2 2 2 2 2 2 2 2 2 2 2 2 2 2 2 2 2 2 2 2 2 2 2 2 2 2 2 2 2 2 2 2 2 2 2 2 2 2 2 2 2 2 2 2 2 2 2 2 2 2 2 2 2 2 2 2 2 2 2 2 2 2 2 2 2 2 2 2 2 2 2 2 2 2 2 2 2 2 2 2 2 2 2 2 2 2 2 2 2 2 2 2 2 2 2 2 2 2 2 2 2 2 2 2 2 2 2 2 2 2 2 2 2 2 2 2 2 2 2 2 2 2 2 2 2 2 2 2 2 2 2 2 2 2 2 2 2 2 2 2 2 2 2 2 2 2 2 2 2 2 2 2 2 2 2 2 2 2 2 2 2 2 2 2 2 2 2 2 2 2 2 2 2 2 2 2 2 2 2 2 2 2 2 2 2 2 2 2 2 2 2 2 2 2 2 2 2 2 2
left_child=1 5 3 8 10 7 11 29 31 15 13 16 19 24 23 39 28 20 -15 77 40 144 -9 42 53 52 43 37 -4 -1 65 219 121 34 90 -19 73 41 82 44 61 158 96 169 127 -31 47 -29 -49 69 51 193 70 62 78 136 58 234 89 -38 87 64 252 -64 -10 66 -26 68 71 -21 114 -35 -33 74 79 -61 -63 103 -37 80 -12 -56 -39 -77 183 173 -48 -41 -45 247 -11 92 -46 94 100 -94 97 98 99 -6 -93 102 -102 117 105 -105 108 -108 185 110 -110 207 -113 -114 172 142 235 182 119 130 -120 123 -123 125 126 -22 -125 128 129 -5 -119 132 133 -16 -79 -90 -13 140 -139 -140 209 -142 143 194 -8 -103 147 150 -149 -150 151 -66 171 154 -148 156 -59 -55 161 160 -160 162 164 167 -14 -165 -167 -164 -169 170 231 -152 -25 -17 -153 -176 -177 -159 -179 -180 181 -130 -7 184 -83 -52 187 -151 189 190 191 -78 220 -24 -116 196 -196 198 199 201 -201 -87 -43 226 -205 -30 -51 -112 -209 214 -211 -212 213 -213 -137 -216 -217 -218 -219 -2 -191 222 223 -155 -127 -226 -204 -95 -229 -192 -231 -20 -233 -224 -58 236 -117 238 240 -240 -237 -40 244 -244 -183 -158 -247 -28 -82 250 -250 -251 253 -3
right_child=2 4 6 9 14 12 21 22 17 33 36 55 27 18 131 85 -18 35 26 49 32 -23 50 25 30 -27 56 46 205 45 -32 72 -34 67 -36 54 59 38 241 60 -42 202 -44 88 91 -47 86 48 -50 206 106 -53 -54 157 81 -57 57 155 -60 75 -62 76 63 -65 146 -67 -68 -69 -70 -71 -72 -73 -74 -75 -76 83 188 134 -80 -81 248 84 -84 -85 -86 197 -88 -89 135 -91 -92 93 95 227 -96 -97 -98 -99 -100 -101 101 145 -104 104 -106 -107 107 -109 109 -111 111 112 113 -115 115 116 -118 118 120 -121 -122 122 -124 124 -126 224 -128 -129 180 -131 -132 -133 -134 -135 -136 137 -138 138 139 -141 141 -143 -144 -145 -146 -147 153 148 149 186 152 174 -154 221 -156 -157 245 177 159 -161 -162 -163 163 165 -166 166 -168 168 -170 -171 -172 -173 -174 -175 175 176 -178 178 179 -181 -182 242 -184 -185 -186 -187 -188 -189 -190 192 229 -193 -194 -195 195 -197 -198 -199 -200 200 -202 -203 203 204 -206 -207 -208 208 -210 210 211 212 -214 -215 215 216 217 218 -220 -221 -222 -223 233 -225 225 -227 -228 228 -230 230 -232 232 -234 -235 -236 237 -238 -239 239 -241 -242 -243 243 -245 -246 246 -248 -249 249 251 -252 -253 -254 -255
leaf_value=-0.0080916686537878639 0.0029465076822289961 -0.0016921052973339491 0.027698903874022844 0.03691216316708109 -0.0063744865643882292 0.020410032766519055 0.033276619961862861 -0.003341547485452056 0.03468201496968322 0.025788153579172621 0.0060854538537740577 0.031227729739878082 0.029142273367311466 0.024828564064422735 0.023665757001303783 0.024998636177514827 0.014680869319801389 0.0046925579722036101 0.0066107936854458592 0.010449270430816636 0.030458374011295444 0.035681295919383973 -0.006844751009347577 0.020785569415891544 0.0040549266762646679 0.0068791428605892366 -0.000184054711775345 0.003056689709494759 0.030658290854976795 0.023433744150137041 -0.0057381081789014722 0.019600045069392658 0.036358118164705328 0.026133620267848143 0.031014272490752035 0.0013565432419785676 0.002957811091528666 0.016821886680178273 -0.005962149550168671 0.032680650002013159 0.038200587536623275 -0.0025608311174653109 0.027470419199919834 0.026638206258045433 0.032630415590421638 -0.0048053579030820706 0.019537168587801322 0.041594058414902317 0.0098100752885616292 -0.0074308103040165371 -0.0067892488642563378 0.036304742363327529 0.0063550669667555258 0.034291740661041424 0.03297705872763021 0.03002223647981939 0.015622193655153478 0.0087843302816113817 0.0046060640349140239 0.02821232788067822 0.01987620292607787 0.032800500704077466 -0.00043117308882135302 0.024712640511978523 0.0051039466273380511 0.048929509806077381 0.041556041224955723 0.035358742193321156 0.032824570324198776 0.038163825783130587 0.031262251975423282 0.030850355009418184 0.0044995933691927507 0.00098800703720958931 0.031517887069766534 -0.00060207370276487793 0.017539067492855945 0.0032283091139579459 0.02067481342879365 0.010760714027132341 0.029279142096330261 0.0024121815566680409 0.043874950488839264 0.025872798346838862 0.028881884975920338 0.024113652448918912 -0.010174863502947948 0.017707588006142552 -0.00018927304299500483 0.037622220539818958 0.016580562268287628 0.02599712847670408 0.010880312216677573 0.0040918855170206936 0.0098194409654371092 0.029178209158517678 -0.007514459045780352 0.0015824905027414377 0.019202879105061119 0.020258926679363295 0.0019829618063007017 0.034743670420482313 0.02023953713890151 0.0016112441901692262 0.00094721651179232441 0.045518524100829516 0.032544809504274179 -0.00089970154760124271 0.032926862478446089 -0.0033724335111512218 -0.0031350173284812296 0.046346030116337741 0.0020884971790840726 0.028100581432787691 0.01963077177452811 0.019621479623030739 0.0063882701652053821 0.026926393460109478 0.019356875860576345 0.034197206634372715 -0.0089150438271230949 0.024592085358834167 0.0032068678019470127 0.010011040086845028 0.035908727961226863 0.030340048748886066 0.033011483000124707 0.037182407010347571 0.00036046972112449229 0.013142645862823104 0.0018774242923109555 0.032315355971561953 0.03198130100651847 0.0080990105386310931 0.022537967450391497 0.0063005804085640368 0.034011059742741392 -0.0024880848284592146 -0.0010857949753360343 0.027425048295003307 0.030935670331932001 0.0041863622826833488 0.028785159735274349 -0.0035091928723012069 0.034929943104772126 0.020944264225465296 0.0081484923147385931 0.0020594216626347675 -0.00087990084675249275 0.021565219386021246 0.0172107525726387 0.013800350112866483 0.033804651268495002 0.0077976605989525521 0.040217415145084132 0.0077847599700290593 0.014259618196177585 -0.0071887197778731605 -0.0029011730421110173 0.02485745127416808 0.018108812779759956 -0.0022646062653047731 0.0035294691138450132 0.0053683664530591339 -0.00066332380990450691 0.0085979356337486709 0.046117010180623585 0.040659343338732341 0.016490383215212654 0.037095053383251531 0.0008590314215027818 0.0037863016247940361 0.033989841941240571 0.0074575255865890287 0.044196795452972081 0.0042913598160169318 0.028360306597343898 0.021906780452172883 0.021069960811476687 0.0008631680579482844 0.034147921999208512 0.020573903199839202 -0.0052498424759326225 0.023291362657340841 0.037672455294668311 0.019544407187399554 0.0388616170859361 0.0010846540748198194 0.0019073498199905991 0.030489386448451276 0.024196269166487271 -0.0045857793323456145 0.036677932978368688 0.021627774900764795 -0.010771732022922321 0.024508866247231469 0.016954592336887085 0.03269986578958687 0.02944500317646644 0.0049714685407374407 0.026782435684296883 0.032481136117550949 0.0054020724235830158 0.030450424374391924 0.0022776810674814173 0.034986293987793793 0.016274020485350135 0.030810875423142037 0.0040040166067783333 0.03065223343438267 -0.0051125375610993253 0.012520347464491335 0.0020499105376898777 0.041005352309660917 -0.0030950367207600755 0.0010507517965025774 0.041582490102155249 8.6690989770421142e-06 0.035440865382540529 0.022892424475110966 0.0058679439898792077 -0.0068904725455882013 -0.0032593270124058609 0.032777987266000161 0.022832931221354595 -0.0029855659884981491 0.038200664918163658 0.024317491325959752 0.007111921748375119 0.021687308183906767 -0.0063269484432427548 0.045987632483942067 0.012653343336797185 0.015762820623812505 -0.010090181380946171 0.017826417620699836 0.036786390768256717 0.02868531753517083 0.0037364126515880658 0.019786144309241156 0.039397701388535329 0.018863449164766889 0.0049470282426022465 0.026953241952697868 0.0012713833326464528 0.038029096391477737 0.016085428290738678 0.027578126730483498 0.01373076658332195 0.0001650857312985533 0.03642686897770113 0.026508394147478281 0.0013815537946299181 0.020124484014513725
leaf_weight=6838.2034906297922 549.44469528272748 104.70756479352713 4718.2113324478269 116.32184932380915 69.254070520401001 23.271111354231834 18529.340022400022 1043.0915304608643 55.3172752186656 1351.5638338327408 124.5079779997468 3162.7066235467792 33.013744179159403 331.25376046821475 403.9872806891799 168.8871037364006 296.52211175858974 95.521271720528603 43.165124367922544 56.309478633105755 457.09378979355097 42989.899235367775 45.887905135750771 185.40405657142401 50.581025391817093 151.10429153963923 44.41025311127305 43.145255073904991 9626.8916643708944 30.161941576749086 34.210454080253839 344.68853520601988 175.148363083601 1796.1907421723008 1443.4872716963291 60.556575197726488 53.652566015720367 64.942457873374224 66.611689757555723 812.11100472509861 54.203486211597919 362.00132142752409 120.34793898463249 55.93672589212656 582.04080976545811 4962.571077208966 44.048071701079607 103.8407769612968 43.178490694612265 51.321371778845787 245.49782264977694 57.194499395787716 85.795766822993755 28.947479031980038 285.398736089468 2368.1243927329779 50.77151095494628 53.217504743486643 256.30481535941362 490.1695848107338 274.05569828301668 124.61175176873803 61.079073384404182 93.770292073488235 151.6435330696404 39.455646231770515 30.539879031479359 1250.1440497860312 2986.5790740847588 67.371196243911982 383.970234233886 2874.357856631279 137.33214010298252 100.86206820607185 91.962707348167896 59.165511056780815 95.097563177347183 895.99803981184959 2051.8383170515299 592.29953531548381 196.7130728662014 133.34817408770323 60.050249040126801 56.54515416175127 719.92090381681919 981.08634604513645 41.779628489166498 111.75647120177746 248.16031419485807 49.083586227148771 295.15555231273174 2637.4715741127729 135.16325885057449 97.021772444248199 121.26790184527636 118.23701826483011 46.575634941458702 144.98971635103226 408.24887138977647 47.098920494318008 113.18387154489756 151.22286760807037 452.98772967606783 24.093516390770674 1012.6242493242025 25.663696303963661 55.235715247690678 47.742186423391104 33.672620430588722 213.10150178521872 246.61821426823735 30.57765406370163 131.24800992012024 61.771853048354387 288.00258741527796 102.74242170900106 67.249882310628891 35.289851397275925 24.092721246182919 29.231176946312189 189.16333782672882 88.10109755396843 114.00601471960545 258.59810209274292 63.551489435136318 49.943336702883244 43.456640563905239 58.415022276341915 63.886599235236645 61.070331402122974 134.35548663884401 733.93802173435688 313.87299262732267 98.798309579491615 49.341705471277237 1211.8493571691215 17502.372127488256 255.74891544878483 64.101193990558386 58.61986418813467 75.25284044444561 39.105180598795414 82.928905747830868 60.886584065854549 12550.989150121808 296.32560946047306 47.023059241473675 105.34963834658265 61.344845980405807 921.4736967459321 112.7174067273736 166.23566494882107 32.255769625306129 64.037611596286297 37.311699904501438 55.433234985917807 52.746755637228489 49.420310121029615 236.34739620238543 37.289041426032782 51.659447588026524 73.81500892713666 31.037567790597677 198.87505046278238 138.0393201187253 38.245573546737432 33.383835550397635 94.059995774179697 60.582946758717299 43.269815798848867 64.890683770179749 527.36343552172184 256.06058388948441 85.20004165917635 53.972098581492901 48.793053105473518 119.3055501319468 115.89326476678252 70.487476546317339 169.05232930928469 58.870349563658237 963.2257726341486 1413.7282604724169 3626.1760553792119 57.919274933636189 23.923437744379044 53.602781780064106 49.07453777641058 57.206584945321083 50.070463895797729 307.2953260242939 96.874642260372639 113.91575986146927 31.753419321030378 69.734988048672676 36.991692647337914 52.939414568245411 1005.2528037056327 3074.0652133449912 97.85506871342659 77.768241137266159 361.12178875505924 27.498246844857931 28.294554442167282 533.53001687303185 1073.4736737310886 55.129211381077766 35.50212886929512 240.40247586742043 61.112746678292751 56.172419771552086 64.230593994259834 57.783127546310425 45.698498729616404 61.861271880567074 50.990028630942106 62.922642733901739 41.715853437781334 31.498850554227829 39.498354967683554 52.89445636421442 79.280102297663689 138.8587270155549 47.444089591503143 47.551759123802185 56.058368690311909 29.764721289277077 168.99150010943413 79.81098760664463 35.925092361867428 36.016623646020889 38.943900283426046 37.921979010105133 55.734117738902569 36.754483889788389 82.951796181499958 212.2630106061697 258.08403959870338 110.25808784365654 135.73867288976908 61.884835414588451 34.646665599197149 214.22884028404951 82.058897025883198 59.543779544532299 196.01942965388298 49.418137811124325 30.425726771354675 104.15445979312062 94.773441582918167 85.775502003729343 43.369693607091904 1894.1898697130382 118.55149264633656
leaf_count=139751 7315 1691 12940 491 732 350 21359 18287 288 4285 1218 5873 309 2105 1913 566 1735 873 594 600 2001 25356 717 1186 631 1209 572 527 18400 496 452 2712 640 5182 3144 580 521 599 837 2211 217 5579 505 537 2053 94407 449 714 457 661 4168 519 678 215 1141 3805 520 547 2805 2917 1109 780 914 939 1547 257 202 1686 5634 493 1741 6033 1376 999 507 567 728 13104 12006 5565 1353 1092 353 367 2392 3627 561 424 3362 365 1312 10578 795 662 790 375 443 1500 2883 285 849 549 2313 383 16844 245 541 632 390 3345 3785 227 1872 625 2031 627 456 455 322 339 3097 456 835 1941 291 232 206 211 486 387 2113 1956 922 554 561 14413 18620 2949 786 497 480 379 471 532 10097 1475 488 1157 621 6683 917 1545 127 606 211 488 388 706 3273 390 540 994 392 2518 1881 442 214 758 686 349 830 5196 1123 422 265 461 782 1116 616 1985 205 5241 25012 17989 228 313 246 446 481 297 2003 996 529 385 739 205 356 2436 8477 507 246 893 405 329 7824 1367 538 423 3569 430 681 654 607 295 830 667 476 536 227 392 457 886 1409 291 222 450 279 687 444 256 360 298 447 438 488 538 841 1077 819 689 215 325 1548 336 466 1186 411 282 920 947 494 292 26916 1506
internal_value=0.0266383 0.00490479 0.031642 0.0251765 0.0155693 -0.00221699 0.0338814 -0.00510096 0.0199408 0.0279081 0.0113618 0.031828 0.00406532 0.00934899 0.022969 0.025861 0.0297758 0.0208581 0.0121505 0.00107878 0.0182477 0.0349546 0.00200742 0.0204906 0.00544555 0.0225277 0.0109827 0.00892016 0.0300635 -0.00662993 0.0216604 0.00934503 0.0236658 0.0302369 0.0273862 0.0228209 0.0179144 0.00757567 0.0181412 0.0239036 0.0163787 0.00636302 0.0139019 0.00919193 0.0230741 -0.00462344 0.0196327 0.0260378 0.0325834 0.0163712 0.00573289 0.0186448 0.0234508 0.00449907 0.0230677 0.033225 0.0166112 0.0212421 0.0104843 0.0234875 0.028441 0.0160532 0.00316788 0.0148521 0.0146089 0.0294824 0.0189536 0.0312184 0.030532 0.0259926 0.0240402 0.0290505 0.0153548 0.0153158 0.0163888 0.0252733 0.0203645 0.000155707 0.0201275 0.0152113 0.0192104 0.0243446 0.030384 0.0124704 0.0237851 0.0284692 0.0050576 0.0309224 0.0082583 0.0222966 0.024166 0.0242449 0.0287521 0.0233147 0.0240797 0.0196189 0.0115377 0.0128963 0.0159864 0.00448221 0.024545 0.0207133 0.0166273 -0.00118596 0.00214427 0.0253347 0.004425 0.0172224 0.0033475 0.00543371 0.00785551 0.00662566 0.0159583 0.0106672 0.0226629 0.0210122 0.0242807 -0.00310492 0.00277433 0.0116893 -0.00552438 0.0217123 0.0127276 0.0235324 0.0176366 0.0269768 0.0135484 0.0195861 0.0189 0.0290226 0.00739943 0.0285576 0.0250976 0.0206709 0.00429218 0.00781979 0.0335886 0.00871145 0.00244285 0.0126741 0.00997748 0.0221038 0.0152344 0.0129011 0.0339468 0.025763 0.014195 0.0152886 0.0187086 0.0203085 0.0118956 0.0171195 0.00764708 0.00853737 0.0230554 0.0247298 0.0273154 0.0114025 0.00989275 0.00384009 0.000931777 0.0126681 0.0144429 0.0178106 0.00530178 0.0112886 0.0269977 0.0270372 0.0315862 0.0193899 0.014841 0.00621215 0.0285857 0.01926 0.0217361 0.0274557 0.0215653 0.00958078 0.0119676 0.00697589 0.0176092 0.0168496 -0.00479956 0.0228067 0.0134207 -0.00428731 0.0215866 0.0205443 0.0184464 0.0196264 0.0162512 0.00639052 0.0282403 0.00492496 0.0151609 0.00689327 0.00119323 0.0288785 0.0280259 0.0251102 0.0148788 0.0264173 0.00264766 0.00570778 0.00381723 0.0310999 0.00482709 0.00256735 0.0076863 0.00915306 0.0159054 0.0116 0.0172508 0.0249723 0.00780895 0.0150018 0.0210066 0.0282853 0.0159225 0.00437408 0.0182891 0.00523166 0.00842836 0.0189072 0.0162905 0.00897712 0.023333 0.0148498 0.0189389 0.0211568 0.00773534 0.0221799 0.0304068 0.00224295 0.00472898 0.0255029 0.0313785 0.0225476 0.0183438 0.012721 0.0275224 0.0026362 0.0176389 0.0112152 0.0194646 0.0305088 0.0338169 0.011397 0.0222705 0.0178858 0.0243056 0.00876713 0.00229549 0.00992402
internal_weight=186878 34974.6 151904 39085.4 14003.7 20970.8 112819 14374.2 13407.4 25678 8931.63 38748.3 6596.67 6837.68 5072.1 13680.5 15715.1 12336.4 3976.79 4086.98 5305.76 74070.2 2543.22 3521.51 2860.89 2684.99 3645.54 2509.68 15418.6 11830.9 154.787 1070.96 1353.51 11997.5 3090.21 7030.68 2093.95 2233.69 226.251 7829.27 3952.25 2007.44 836.515 2770.95 6631.35 4992.73 275.992 190.165 147.019 230.131 1500.13 134.836 2533.89 2706.1 6935.16 23033.2 874.585 494.361 380.224 659.533 1197.92 3898.05 2272.3 154.849 2928.14 120.577 81.1209 8907.27 7657.13 123.681 2448.09 4670.55 482.021 1434.42 1333.56 605.88 969.908 3856.85 2112.39 1241.59 649.294 4822.76 124.993 115.711 4537.36 5851.24 85.8277 923.867 2542.76 123.92 1646.72 4953.72 835.441 4118.28 3772.46 253.4 716.167 669.592 524.602 116.353 3651.19 1013.72 566.172 2911.51 1062.38 49.7572 1365.29 102.978 1262.32 992.894 779.793 746.12 223.598 193.02 2064.12 1622.66 1031.17 1849.13 412.133 198.877 213.256 1178.36 202.107 976.253 365.606 610.647 302.055 1677.62 1619.21 177.392 169.645 1550.6 816.659 502.786 945.34 2486.82 20665.1 2238.66 378.47 122.721 1860.19 114.358 591.484 508.555 31080.3 447.548 2872.82 2403.13 1190.85 1085.5 1212.29 539.95 672.337 469.689 84.3348 406.835 351.402 433.801 1026.35 325.296 288.007 701.053 627.238 456.185 171.053 270.504 71.6294 185.681 154.643 228.192 184.922 640.081 441.465 254.087 388.306 222.071 168.099 404.853 355.433 239.54 1441.81 1382.94 1437 3817.44 191.267 269.421 1024.15 970.548 845.297 788.09 571.209 191.972 216.881 77.6413 447.669 159.666 122.674 5597.15 4591.9 1517.83 175.623 1342.21 981.089 619.088 561.825 10700.4 106.451 522.523 275.905 1745.84 284.997 223.885 167.712 109.929 1460.84 248.989 187.127 136.137 73.2147 588.943 102.965 385.355 306.075 111.482 153.553 103.61 57.263 345.824 248.802 379.237 71.9417 120.031 76.8659 194.593 87.526 963.923 315.005 648.917 390.833 245.997 144.837 101.258 1319.06 296.288 1022.77 298.184 245.438 74.836 524.786 328.073 189.93 138.143 2117.45 223.259
internal_count=780495 494724 285771 166219 123520 371204 119552 274452 87084 79135 96294 62740 96752 79627 27226 51859 34442 75289 41481 65117 38988 56812 39798 21881 38146 15533 39376 31635 32707 234654 1542 11795 7274 27276 8741 36301 16667 28927 2114 34685 31714 26813 6348 31324 30941 94903 2708 1698 1171 2292 21511 1621 14324 36604 35428 28298 8052 4028 4024 4372 3744 31497 31966 1853 24610 1090 833 18535 16849 1093 13646 11215 4088 12295 11296 3851 6887 62825 12586 10789 5224 22842 952 934 21701 17174 1010 2635 28806 1219 5597 21570 3223 18347 16554 1170 5843 5400 3900 1017 15764 5186 3162 49160 17472 628 19890 1173 18717 14236 10891 10501 2724 2497 11905 9596 5262 31688 6326 2907 3419 6634 1291 5343 2438 2905 2147 9371 9160 878 2568 5345 3389 2467 13665 28269 24493 24907 4232 1283 20675 859 4334 3863 31456 2024 24322 19993 9153 7996 10840 4600 6240 4329 699 3020 2532 4638 12397 4203 3813 8194 7200 5010 2190 3174 656 1836 1444 2518 2169 6113 2309 988 3053 1508 1243 4423 3717 2601 8282 8077 25362 19309 1320 4481 7375 7129 6107 5626 4343 1724 1283 1102 3331 1300 1095 16186 13750 5273 753 4520 14416 8837 8153 19767 1199 7777 3992 19816 2667 2237 1556 949 17149 2736 1906 1239 763 7707 754 3630 2744 897 904 672 684 1793 1131 2619 616 1339 745 1847 1008 4806 1468 3338 2261 1508 753 1162 7591 1884 5707 1985 1597 854 4006 2653 1414 1239 30113 3197
is_linear=0
shrinkage=0.01


end of trees

feature_importances:
Column_6=314
Column_54=222
Column_7=192
Column_21=170
Column_8=156
Column_27=156
Column_55=156
Column_18=146
Column_12=145
Column_56=140
Column_115=139
Column_47=131
Column_19=130
Column_30=116
Column_62=112
Column_48=110
Column_9=106
Column_57=104
Column_58=104
Column_20=103
Column_49=103
Column_46=102
Column_28=101
Column_31=98
Column_24=96
Column_33=96
Column_116=91
Column_114=88
Column_50=87
Column_117=86
Column_29=78
Column_34=78
Column_32=77
Column_42=73
Column_132=73
Column_39=72
Column_38=70
Column_133=65
Column_134=63
Column_13=62
Column_127=61
Column_43=58
Column_59=57
Column_60=57
Column_0=54
Column_44=53
Column_51=52
Column_10=51
Column_36=48
Column_118=48
Column_130=48
Column_128=46
Column_40=45
Column_129=42
Column_63=41
Column_131=41
Column_52=40
Column_35=35
Column_37=35
Column_1=34
Column_11=34
Column_94=34
Column_98=32
Column_45=30
Column_26=28
Column_61=28
Column_66=28
Column_14=27
Column_25=24
Column_53=24
Column_68=24
Column_82=24
Column_99=24
Column_106=24
Column_41=23
Column_124=23
Column_15=22
Column_136=22
Column_122=20
Column_135=20
Column_78=19
Column_67=18
Column_86=18
Column_89=18
Column_95=18
Column_2=17
Column_64=17
Column_74=16
Column_102=16
Column_139=16
Column_121=15
Column_70=14
Column_83=14
Column_88=14
Column_3=12
Column_87=12
Column_120=12
Column_140=12
Column_16=11
Column_69=11
Column_119=11
Column_79=10
Column_97=10
Column_71=9
Column_80=9
Column_90=9
Column_91=9
Column_100=9
Column_107=9
Column_126=9
Column_137=9
Column_22=8
Column_81=8
Column_84=8
Column_96=8
Column_73=7
Column_104=7
Column_109=7
Column_142=7
Column_123=6
Column_138=6
Column_4=5
Column_72=5
Column_101=5
Column_141=5
Column_75=4
Column_92=4
Column_17=3
Column_23=3
Column_65=3
Column_85=3
Column_111=3
Column_5=2
Column_77=2
Column_93=2
Column_110=2
Column_103=1
Column_105=1
Column_108=1
Column_112=1
Column_113=1
Column_125=1

parameters:
[boosting: gbdt]
[objective: binary]
[metric: auc,binary_logloss]
[tree_learner: serial]
[device_type: cpu]
[data_sample_strategy: bagging]
[data: ]
[valid: ]
[num_iterations: 3000]
[learning_rate: 0.01]
[num_leaves: 255]
[num_threads: -1]
[seed: 20260825]
[deterministic: 0]
[force_col_wise: 0]
[force_row_wise: 0]
[histogram_pool_size: -1]
[max_depth: -1]
[min_data_in_leaf: 300]
[min_sum_hessian_in_leaf: 0.001]
[bagging_fraction: 0.9]
[pos_bagging_fraction: 1]
[neg_bagging_fraction: 1]
[bagging_freq: 5]
[bagging_seed: 20260825]
[bagging_by_query: 0]
[feature_fraction: 0.7]
[feature_fraction_bynode: 1]
[feature_fraction_seed: 20260825]
[extra_trees: 0]
[extra_seed: 27901]
[early_stopping_round: 0]
[early_stopping_min_delta: 0]
[first_metric_only: 0]
[max_delta_step: 0]
[lambda_l1: 1]
[lambda_l2: 2]
[linear_lambda: 0]
[min_gain_to_split: 0]
[drop_rate: 0.1]
[max_drop: 50]
[skip_drop: 0.5]
[xgboost_dart_mode: 0]
[uniform_drop: 0]
[drop_seed: 29628]
[top_rate: 0.2]
[other_rate: 0.1]
[min_data_per_group: 100]
[max_cat_threshold: 32]
[cat_l2: 10]
[cat_smooth: 10]
[max_cat_to_onehot: 4]
[top_k: 20]
[monotone_constraints: ]
[monotone_constraints_method: basic]
[monotone_penalty: 0]
[feature_contri: ]
[forcedsplits_filename: ]
[refit_decay_rate: 0.9]
[cegb_tradeoff: 1]
[cegb_penalty_split: 0]
[cegb_penalty_feature_lazy: ]
[cegb_penalty_feature_coupled: ]
[path_smooth: 0]
[interaction_constraints: ]
[verbosity: -1]
[saved_feature_importance_type: 0]
[use_quantized_grad: 0]
[num_grad_quant_bins: 4]
[quant_train_renew_leaf: 0]
[stochastic_rounding: 1]
[linear_tree: 0]
[max_bin: 255]
[max_bin_by_feature: ]
[min_data_in_bin: 3]
[bin_construct_sample_cnt: 200000]
[data_random_seed: 4775]
[is_enable_sparse: 1]
[enable_bundle: 1]
[use_missing: 1]
[zero_as_missing: 0]
[feature_pre_filter: 1]
[pre_partition: 0]
[two_round: 0]
[header: 0]
[label_column: ]
[weight_column: ]
[group_column: ]
[ignore_column: ]
[categorical_feature: ]
[forcedbins_filename: ]
[precise_float_parser: 0]
[parser_config_file: ]
[objective_seed: 9445]
[num_class: 1]
[is_unbalance: 1]
[scale_pos_weight: 1]
[sigmoid: 1]
[boost_from_average: 1]
[reg_sqrt: 0]
[alpha: 0.9]
[fair_c: 1]
[poisson_max_delta_step: 0.7]
[tweedie_variance_power: 1.5]
[lambdarank_truncation_level: 30]
[lambdarank_norm: 1]
[label_gain: ]
[lambdarank_position_bias_regularization: 0]
[eval_at: ]
[multi_error_top_k: 1]
[auc_mu_weights: ]
[num_machines: 1]
[local_listen_port: 12400]
[time_out: 120]
[machine_list_filename: ]
[machines: ]
[gpu_platform_id: -1]
[gpu_device_id: -1]
[gpu_device_id_list: ]
[gpu_use_dp: 0]
[num_gpu: 1]

end of parameters

pandas_categorical:null
