tree
version=v4
num_class=1
num_tree_per_iteration=1
label_index=0
max_feature_idx=146
objective=binary sigmoid:1
feature_names=Column_0 Column_1 Column_2 Column_3 Column_4 Column_5 Column_6 Column_7 Column_8 Column_9 Column_10 Column_11 Column_12 Column_13 Column_14 Column_15 Column_16 Column_17 Column_18 Column_19 Column_20 Column_21 Column_22 Column_23 Column_24 Column_25 Column_26 Column_27 Column_28 Column_29 Column_30 Column_31 Column_32 Column_33 Column_34 Column_35 Column_36 Column_37 Column_38 Column_39 Column_40 Column_41 Column_42 Column_43 Column_44 Column_45 Column_46 Column_47 Column_48 Column_49 Column_50 Column_51 Column_52 Column_53 Column_54 Column_55 Column_56 Column_57 Column_58 Column_59 Column_60 Column_61 Column_62 Column_63 Column_64 Column_65 Column_66 Column_67 Column_68 Column_69 Column_70 Column_71 Column_72 Column_73 Column_74 Column_75 Column_76 Column_77 Column_78 Column_79 Column_80 Column_81 Column_82 Column_83 Column_84 Column_85 Column_86 Column_87 Column_88 Column_89 Column_90 Column_91 Column_92 Column_93 Column_94 Column_95 Column_96 Column_97 Column_98 Column_99 Column_100 Column_101 Column_102 Column_103 Column_104 Column_105 Column_106 Column_107 Column_108 Column_109 Column_110 Column_111 Column_112 Column_113 Column_114 Column_115 Column_116 Column_117 Column_118 Column_119 Column_120 Column_121 Column_122 Column_123 Column_124 Column_125 Column_126 Column_127 Column_128 Column_129 Column_130 Column_131 Column_132 Column_133 Column_134 Column_135 Column_136 Column_137 Column_138 Column_139 Column_140 Column_141 Column_142 Column_143 Column_144 Column_145 Column_146
feature_infos=[0:356] [0:179] [0:90] [0:60] [0:30] [0:7] [0:3632863.5] [0:2265290.2000000002] [0:1209304.6000000001] [0:795680.40000000002] [0:504398] [0:316450] [0:71847] [0:40528] [0:17430] [0:10268] [0:2808] [0:665] [0:86575.199999999997] [0:66684.600000000006] [0:53900] [0:2584] [0:2584] [0:2584] [0:2584] [0:2584] [0:2584] [0:2584] [0:2584] [0:2584] [0:98525] [0:43939] [0:34426] [0:15682] [0:15515] [0:6678] [0:3758] [0:1859] [0:57447] [0:25995] [0:15965] [0:7902] [0:29449] [0:16109] [0:9379] [0:3417] [0:1937255] [0:869273.69999999995] [0:417364.94] [0:186820.53] [0:2159439] [0:776926] [0:233544] [0:135576] [0:312448] [0:158415] [0:85857] [0:46056] [0:35574] [0:32824] [0:27905] [0:12720] [0:1371] [0:1175] [0:1078] [0:234] [0:35056] [0:32549] [0:27753] [0:12616] [0:2808] [0:1571] [0:665] [0:365] [0:30] [0:14] [0:7] [0:3] [0:30] [0:14] [0:7] [0:3] [0:30] [0:14] [0:7] [0:3] [0:30] [0:14] [0:7] [0:3] [0:30] [0:14] [0:7] [0:3] [0:30] [0:14] [0:7] [0:3] [0:30] [0:14] [0:7] [0:3] [0:30] [0:14] [0:7] [0:3] [0:30] [0:14] [0:7] [0:3] [0:30] [0:14] [0:7] [0:3] [0:8.7700814999999999] [0:3.2673798000000001] [0:3.5] [0:2.9078947999999998] [0:8] [0:721] [0:356] [0:3936355] [0:80448] [0:4] [0:3] [0:3] [0:3] [0:3] [0:3] [0:5] [0:5] [0:106] [0:106] [0:107] [0:107] [0:109] [0:109] [0:111] [0:111] [0:3] [0:3] [0:3] [0:3] [0:10] [0:10] [0:10] [0:10]
tree_sizes=27057 27645 27654 27592 27704 27685 27720 27634 27719 27666 27720 27770 27713 27708 27804 27758 27723 27826 27804 27775 27806 27778 27779 27780 27878 27846

Tree=0
num_leaves=255
num_cat=0
split_feature=6 55 9 55 12 55 58 9 6 6 6 54 72 55 6 6 55 54 60 54 58 9 12 59 6 48 15 37 45 56 9 9 58 63 102 29 12 61 9 50 29 9 56 121 54 58 9 6 9 46 102 111 6 134 58 138 6 51 64 12 56 0 46 18 48 46 56 102 51 18 115 27 105 29 20 12 101 48 18 19 50 6 68 43 26 38 140 16 6 56 46 6 102 122 38 0 133 45 119 121 9 121 12 24 114 61 38 102 133 6 134 50 6 33 67 122 9 20 135 48 122 27 121 121 29 121 51 27 54 9 48 33 46 121 114 32 118 40 66 114 0 45 67 134 27 18 38 20 137 95 122 19 19 122 3 81 59 27 133 61 58 122 27 64 38 18 46 46 9 137 121 46 46 81 140 27 32 90 63 122 132 48 114 38 85 51 115 0 27 55 51 114 66 6 24 46 38 46 63 122 24 67 9 59 18 48 24 46 25 27 6 27 132 55 27 50 43 43 25 115 24 38 115 24 18 107 33 54 20 119 63 24 27 32 32 79 54 18 121 27 61 35 9 19 94 58 86 38 86 59 122 39 43 24
split_gain=2.60212e+06 252715 195264 49242.7 43903.8 32375.8 22161.6 12992.2 12275.8 11049.3 9634.45 8954.72 7948.91 6890.63 6224.51 5004.3 4596.11 4095.57 3661.26 3406.48 2866.4 2732.42 2635.62 2538.74 2285.74 1909.7 1881.45 1838.81 1668.12 1664.73 1599.52 1354.26 1334.29 1305.39 1262.13 1137.9 1125.78 1065.37 1026.36 949.852 946.843 945.097 929.561 914.653 983.765 893.814 870.9 856.015 855.077 841.563 813.005 806.405 786.674 783.603 779.58 762.647 760.617 747.686 742.313 732.39 718.253 718.206 711.722 671.238 655.533 652.066 650.655 638.491 637.509 716.863 635.596 623.763 733.065 622.518 621.856 619.977 616.02 612.262 611.447 597.994 597.036 596.672 594.586 593.072 584.852 612.16 573.844 562.224 548.999 539.287 591.861 525.508 522.935 514.213 510.182 532.384 507.386 503.409 640.261 515.357 501.773 496.843 568.326 494.045 490.169 523.628 518.231 569.838 487.217 513.911 485.47 485.418 482.536 478.593 475.354 625.504 471.978 466.015 464.577 462.066 496.943 548.181 470.893 662.39 470.741 461.799 456.768 774.347 451.487 446.769 444.927 438.051 438.038 435.616 434.793 431.623 606.357 431.566 428.6 444.982 423.881 422.284 440.312 412.594 411.552 409.034 435.787 408.768 405.784 405.235 403.924 403.235 466.43 400.343 399.954 394.464 390.52 411.36 388.067 387.068 385.042 429.677 384.11 383.719 382.322 380.018 395.575 632.645 378.45 377.394 373.039 371.133 426.995 406.573 366.945 402.003 458.642 362.796 361.184 360.221 359.396 358.287 522.398 358.786 349.528 346.156 344.21 369.343 344.122 342.056 341.134 340.119 355.652 337.861 337.457 334.081 333.386 414.326 332.852 510.331 484.524 332.384 331.654 337.619 472.279 330.208 328.56 328.118 327.552 345.029 325.723 322.311 321.553 317.72 685.84 316.556 362.843 349.176 420.356 315.029 314.016 313.428 312.697 307.908 307.103 355.114 307.025 306.824 317.995 344.911 302.597 302.349 302.348 301.495 299.768 299.099 287.524 327.028 286.882 286.025 400.705 323.468 285.746 524.563 285.405 284.929 284.077 530.716 282.583 282.172 466.016 280.885 314.058 279.487
threshold=2411.9500000000003 201.50000000000003 1919.7850000000001 442.50000000000006 3.5000000000000004 822.50000000000011 246.50000000000003 144.715 5102.5400000000009 6806.6100000000015 8840.5050000000028 43.500000000000007 2.5000000000000004 11.500000000000002 947.57500000000016 16816.950000000001 138.50000000000003 373.50000000000006 43.500000000000007 450.50000000000006 57.500000000000007 154.70500000000001 9.5000000000000018 83.500000000000014 993.83000000000004 140.73993000000004 3.5000000000000004 31.500000000000004 6.5000000000000009 302.50000000000006 312.8300000000001 804.21000000000015 109.50000000000001 14.500000000000002 2.5000000000000004 2.5000000000000004 28.500000000000004 74.500000000000014 119.79500000000002 5.5000000000000009 5.5000000000000009 228.09500000000003 267.50000000000006 7652.3150000000014 1547.5000000000002 27.500000000000004 429.54500000000002 524.97000000000014 344.38000000000005 3523.1513500000005 3.5000000000000004 1.5000000000000002 208.90500000000003 42.500000000000007 42.500000000000007 85.500000000000014 309.40500000000003 47.500000000000007 3.5000000000000004 11.500000000000002 22.500000000000004 10.500000000000002 8991.1590000000015 110.54304500000002 205.99279500000003 877.49592000000007 134.50000000000003 3.5000000000000004 162.50000000000003 47.900455000000008 0.14707027500000003 1138.5000000000002 1.0000000180025095e-35 2.5000000000000004 900.32875000000013 25.500000000000004 2.5000000000000004 693.43275000000006 116.23166500000001 87.985415000000003 19.500000000000004 1538.1750000000004 1.5000000000000002 39.500000000000007 4.5000000000000009 37.500000000000007 2.5000000000000004 1.5000000000000002 2787.3150000000001 90.500000000000014 752.27538500000014 1610.4400000000003 3.5000000000000004 321.50000000000006 428.50000000000006 16.500000000000004 57.500000000000007 20.500000000000004 43.500000000000007 6341.6350000000011 3303.3550000000005 2655.3200000000002 12.500000000000002 217.50000000000003 0.10219552000000001 17.500000000000004 171.50000000000003 2.5000000000000004 89.500000000000014 3235.7450000000003 59.500000000000007 2.5000000000000004 11967.750000000002 66.500000000000014 2.5000000000000004 95.500000000000014 297.91500000000002 19.765568000000005 5.5000000000000009 3466.3358000000003 99.500000000000014 829.50000000000011 2289.3550000000005 1498.9550000000002 16.500000000000004 11687.245000000001 5.5000000000000009 937.50000000000011 587.50000000000011 99.935000000000016 45.053113000000003 98.500000000000014 475.78113000000002 4831.3050000000012 0.038648383500000008 733.50000000000011 0.014724748000000001 52.500000000000007 8.5000000000000018 0.0095519560000000021 14.500000000000002 5.5000000000000009 1.0000000180025095e-35 88.500000000000014 80.500000000000014 54.816333000000007 104.50000000000001 298.01250000000005 84.500000000000014 5.5000000000000009 20.500000000000004 89.901088000000016 67.266995000000023 103.50000000000001 14.500000000000002 2.5000000000000004 7.5000000000000009 60.500000000000007 76.500000000000014 4.5000000000000009 84.500000000000014 175.50000000000003 971.50000000000011 1.0000000180025095e-35 23.500000000000004 64.101033000000015 1609.9657500000001 1953.5998500000003 78.810000000000016 95.500000000000014 1033.4150000000002 1249.2885000000003 9257.2790000000023 2.5000000000000004 2.5000000000000004 891.50000000000011 724.50000000000011 1.5000000000000002 1.5000000000000002 118.50000000000001 32.500000000000007 776.35796500000004 0.046286296000000005 38.500000000000007 1.5000000000000002 1.0000000180025095e-35 0.055559275500000005 7.5000000000000009 509.50000000000006 86.500000000000014 1.0000000180025095e-35 0.010763460000000001 3.5000000000000004 3157.1100000000006 1566.5000000000002 28586.765000000003 15.500000000000002 3710.7258000000006 2.5000000000000004 103.50000000000001 1679.5000000000002 3.5000000000000004 647.1500000000002 25.500000000000004 56.735093000000013 970.91817000000015 1905.5000000000002 29840.902500000004 3.5000000000000004 790.50000000000011 432.81000000000006 325.50000000000006 88.500000000000014 68.500000000000014 848.50000000000011 6.5000000000000009 21.500000000000004 28.500000000000004 2.5000000000000004 0.064331578000000014 281.50000000000006 87.500000000000014 0.11883247000000001 1933.5000000000002 41.945557000000008 1.5000000000000002 150.50000000000003 1313.5000000000002 19.902272500000002 14.500000000000002 5.5000000000000009 1380.5000000000002 668.50000000000011 1574.5000000000002 248.50000000000003 6.5000000000000009 73.500000000000014 330.02338000000003 1054.3550000000002 826.50000000000011 11.500000000000002 9.5000000000000018 29.920000000000005 164.24766500000001 14.500000000000002 76.500000000000014 25.500000000000004 254.50000000000003 22.500000000000004 11.500000000000002 56.500000000000007 36.500000000000007 15.500000000000002 1660.5000000000002
decision_type=2 2 2 2 2 2 2 2 2 2 2 2 2 2 2 2 2 2 2 2 2 2 2 2 2 2 2 2 2 2 2 2 2 2 2 2 2 2 2 2 2 2 2 2 2 2 2 2 2 2 2 2 2 2 2 2 2 2 2 2 2 2 2 2 2 2 2 2 2 2 2 2 2 2 2 2 2 2 2 2 2 2 2 2 2 2 2 2 2 2 2 2 2 2 2 2 2 2 2 2 2 2 2 2 2 2 2 2 2 2 2 2 2 2 2 2 2 2 2 2 2 2 2 2 2 2 2 2 2 2 2 2 2 2 2 2 2 2 2 2 2 2 2 2 2 2 2 2 2 2 2 2 2 2 2 2 2 2 2 2 2 2 2 2 2 2 2 2 2 2 2 2 2 2 2 2 2 2 2 2 2 2 2 2 2 2 2 2 2 2 2 2 2 2 2 2 2 2 2 2 2 2 2 2 2 2 2 2 2 2 2 2 2 2 2 2 2 2 2 2 2 2 2 2 2 2 2 2 2 2 2 2 2 2 2 2 2 2 2 2 2 2 2 2 2 2 2 2 2 2 2 2 2 2
left_child=1 4 3 8 13 7 10 22 16 18 19 81 21 56 26 92 48 30 31 74 36 35 28 112 29 38 47 62 52 49 59 45 78 -17 82 -7 -12 67 80 71 83 181 94 44 53 -5 79 77 84 96 75 104 54 55 239 133 113 60 68 -10 174 73 -14 76 -56 114 160 154 69 103 91 72 179 -31 -4 -22 -34 220 202 -19 236 141 -21 129 85 132 125 224 221 90 -28 116 -8 -32 95 117 150 99 -99 118 -52 102 246 -37 106 210 107 205 109 178 -88 190 212 -1 -49 -116 -45 153 159 120 121 122 123 -62 145 162 127 163 -40 -27 -83 -124 208 198 215 136 -113 238 139 -67 -59 147 -143 -68 -92 -122 231 -6 -65 -120 -9 152 155 -24 -20 -87 -131 -158 -64 170 161 201 207 184 -132 -152 235 -168 -136 186 -42 -151 173 -173 175 -55 226 -129 -47 -26 -111 182 188 -183 -61 -82 187 -146 -18 196 -90 192 -176 219 -66 -141 -134 -198 199 -16 -201 -41 203 -23 -205 -30 -86 -43 -2 -210 -106 -74 -11 -153 -215 216 249 -218 -219 -33 -13 -50 -207 -97 225 -79 234 -105 229 -229 -25 -147 -175 -71 -177 -167 -15 -238 -75 -3 241 -241 243 -123 -234 -206 247 -51 -213 250 -54 252 -91 -58
right_child=2 5 6 9 11 12 15 24 17 23 20 14 27 25 43 33 41 46 37 34 50 32 42 230 39 40 89 -29 51 61 93 193 63 -35 -36 58 -38 -39 128 66 97 86 -44 70 -46 108 -48 65 88 101 100 -53 134 57 64 -57 253 140 -60 126 119 -63 158 148 194 138 143 -69 -70 233 -72 -73 211 137 -76 -77 -78 87 -80 -81 185 130 -84 -85 206 151 110 -89 111 251 144 -93 -94 -95 -96 223 -98 98 -100 -101 -102 -103 -104 227 105 -107 -108 -109 -110 180 -112 135 -114 -115 115 -117 -118 -119 149 -121 124 242 131 -125 -126 -127 -128 177 -130 156 164 -133 189 -135 168 -137 -138 -139 -140 195 -142 142 -144 -145 169 146 -148 -149 -150 171 165 213 -154 -155 -156 -157 157 -159 -160 -161 -162 -163 -164 -165 -166 166 167 -169 -170 -171 -172 172 -174 232 191 176 -178 -179 -180 -181 -182 183 -184 -185 -186 -187 -188 -189 -190 -191 -192 -193 -194 -195 -196 -197 197 -199 -200 200 -202 -203 -204 204 245 222 -208 -209 209 -211 -212 248 -214 214 -216 -217 217 218 -220 -221 -222 -223 -224 -225 -226 -227 -228 228 -230 -231 -232 -233 244 -235 -236 -237 237 -239 -240 240 -242 -243 -244 -245 -246 -247 -248 -249 -250 -251 -252 -253 -254 -255
leaf_value=-2.7461722949200289 -2.7318372723026254 -2.7369500274724681 -2.6609588131515283 -2.6967370959825376 -2.7360282800522389 -2.6512107510661429 -2.6061741623547721 -2.673479769227912 -2.7106950913196561 -2.6246761244049188 -2.6532430599583154 -2.6982264081595431 -2.6714423364627851 -2.7424778463880966 -2.7083608661237411 -2.5871096618565406 -2.64787742824155 -2.6794410676045279 -2.6428761021694123 -2.6569241804927843 -2.6365118252753064 -2.7226434442126255 -2.7038976970618878 -2.6111162992529313 -2.6816959093115824 -2.7256547283474397 -2.7333945484772491 -2.6177516445118187 -2.7167938928396338 -2.6469118036804424 -2.6597984939235948 -2.6387908573191901 -2.6662562099403475 -2.580173953019953 -2.6148113831508635 -2.6657039582337978 -2.6142781182349135 -2.6102031174007383 -2.7220185879969954 -2.6621412464265095 -2.7360985679233072 -2.6710296122927475 -2.6737864820715505 -2.7305679389746409 -2.6503858498370771 -2.6735373417531303 -2.6323209943578521 -2.7274506802469505 -2.6922177802031317 -2.6889632997651174 -2.6026406866326002 -2.6642526732872809 -2.6937115373340261 -2.7142111574842223 -2.7419075254880623 -2.7320009217467796 -2.7392708942534054 -2.6539515126355506 -2.6612974160211906 -2.6943449555313763 -2.6779781839590444 -2.7078353687697718 -2.6338659830101991 -2.6310282421695099 -2.6906475581155251 -2.7359842213092125 -2.6537542144731203 -2.6235386187993135 -2.6576130909216364 -2.6773920923627856 -2.649527245644498 -2.6544342226876072 -2.6315067000485737 -2.6996370431343926 -2.7108953659564778 -2.6027666096216056 -2.643769465245545 -2.7003660119472439 -2.6545035740136762 -2.6447474047265804 -2.6922487861454139 -2.7310728881324975 -2.6290714829616144 -2.6722178741143021 -2.7289662872729101 -2.7326845743513375 -2.666474053388638 -2.6896090131391572 -2.681622667447443 -2.6942287179620656 -2.6772519892575715 -2.6771964552704173 -2.594266379073201 -2.636029263697913 -2.7382805336924276 -2.6692296484658584 -2.7321947816220464 -2.729331488251824 -2.6796513105498985 -2.6953138769569023 -2.5921461189302182 -2.7079172412934818 -2.6608456092332871 -2.7397959296657772 -2.7086291072535058 -2.6606098936554883 -2.7256592056522826 -2.6858762881754261 -2.6770584238405224 -2.6680506122642242 -2.7047810039678573 -2.6674339522023702 -2.6142270661786293 -2.741932270885032 -2.7308762916299187 -2.6690806594101475 -2.6853152094389525 -2.6918092952696071 -2.7337738965438119 -2.7232234840294978 -2.7299304743790773 -2.7328121915923087 -2.7269380506615581 -2.7332873263722957 -2.717572019150809 -2.6359783506296321 -2.6452568101481551 -2.6532851245482978 -2.6746254992577594 -2.7264820093458448 -2.6829423795499592 -2.6871669571141754 -2.6541591892092429 -2.6622099457139998 -2.7346698373965026 -2.6504773648760862 -2.7122042418609786 -2.7127057103889229 -2.7284666015434498 -2.7019871495935401 -2.7054833860014096 -2.7358331528460291 -2.6842590740109165 -2.6929375707548502 -2.7212538945115194 -2.7295240193011372 -2.6645660690942279 -2.6927845930441441 -2.6654797707501596 -2.7359545117635027 -2.7311906311381664 -2.7293634467402752 -2.6693085176362934 -2.739012973789102 -2.6159148356614126 -2.6855333140563533 -2.6610807573659891 -2.7110790771987223 -2.6692724684700724 -2.6779299615677203 -2.6592554111829596 -2.7261108667287903 -2.6484177163244982 -2.6648362106384118 -2.7243715684556742 -2.6930803132040269 -2.6518308273478031 -2.7064450974903043 -2.6960862188251169 -2.6748943240391303 -2.6906925886014732 -2.7264017132996163 -2.735343024461153 -2.6943401113992009 -2.7233774445838792 -2.6918258051638237 -2.733568194447384 -2.6962572256154802 -2.6497055479862928 -2.7027997927820975 -2.6395626726041517 -2.6344011610800089 -2.7265392890277926 -2.675580436803692 -2.7333826771603906 -2.7316814486718939 -2.7151845914553268 -2.671498714725026 -2.689542270704179 -2.6482920193725317 -2.7151808719154249 -2.7330965549955537 -2.6754718418462464 -2.6310029858393711 -2.7208373352632913 -2.7353313390978529 -2.7088301591063559 -2.6594794916003082 -2.656189320472008 -2.7040100707750279 -2.6574346385120515 -2.6970443547651524 -2.6535757162981199 -2.6644444291289586 -2.6833523856496355 -2.6948737344348257 -2.6972621089041509 -2.644576054998772 -2.7184052580452596 -2.6711958138555385 -2.670761921633261 -2.6644984845174493 -2.655566061032713 -2.7384623927431386 -2.6790747074654533 -2.7238706233419907 -2.7405858873373834 -2.7315104777754184 -2.6733707068717614 -2.6711884472674794 -2.728061355173824 -2.7324887252463519 -2.7323891594854373 -2.7092666165932884 -2.7280847146342504 -2.7366051307284236 -2.6757844307747196 -2.6848737746404274 -2.7294667298127053 -2.7279140682928613 -2.6003152736421296 -2.6920866550714302 -2.7384177684016984 -2.7103793111869137 -2.7329380706466497 -2.7375840978690933 -2.7373496008097593 -2.7110892759075331 -2.660717461385981 -2.7054525882401901 -2.6819370757868173 -2.7360068560333568 -2.6707712959125192 -2.6700228942769924 -2.7048254999779169 -2.7224147872361963 -2.6659276981015907 -2.7376448670463933 -2.7024530935503726 -2.6885314211492557 -2.747867069373267 -2.7045584925522106 -2.648274815325407 -2.7254469217153456
leaf_weight=11396.390727385879 25.582419902086258 292.49654175341129 138.52776016294956 45.495072275400162 1730.5999626666307 160.87235082685947 841.05335777997971 47.246638402342796 66.802701234817505 1050.9816793203354 106.23433199524879 34.720374003052711 101.73061056435108 1739.9397447109222 131.23551090061665 7556.7585620284081 27.145707100629807 75.892872557044029 541.24601776897907 137.40878342092037 90.14502888917923 27.689148724079132 97.529276594519615 978.86223448812962 301.13527290523052 183.42661407589912 67.794018924236298 676.34410566091537 228.34258562326431 157.04543595016003 356.68830026686192 124.29985268414021 291.29697832465172 7535.6570475697517 1002.4035378992558 24.104001432657242 741.4601411819458 502.50617243349552 204.23430515825748 62.169181987643242 58.498452544212341 342.92324471473694 308.31198678910732 48.768560618162155 40.422235026955605 141.45892290771008 1411.3221660554409 399.14594289660454 82.519725516438484 180.85275429487228 1175.5282950550318 63.766701444983482 40.105583623051643 348.80339825153351 45.582079768180847 34.908652931451797 364.32786306738853 48.515382781624794 149.64050500094891 60.373398691415787 28.611288473010063 43.278513953089714 344.39809907972813 357.0299139469862 125.24552635848522 46.148343399167061 763.8596428334713 1149.8396082520485 65.75504270195961 246.25691333413124 57.144127517938614 127.20462781190872 32.294141590595245 32.640032798051834 34.755319684743881 2249.3145677894354 318.23871721327305 115.71247142553329 171.44949868321419 353.85056431591511 39.021552562713623 101.75913694500923 451.68722233176231 34.365211308002472 83.190112769603729 36.449118122458458 337.00315153598785 78.811198204755783 154.07219479978085 37.682916820049286 62.752561748027802 165.97514130175114 3317.3569056093693 180.03545309603214 27.724094405770302 112.41330888867378 62.830297753214836 61.259165912866592 44.942359164357185 41.360777482390404 3122.7276840060949 84.704903766512871 119.06726288795471 34.741769164800644 101.5273542702198 55.81404983997345 110.7915405780077 169.47256767749786 75.462826043367386 74.484345450997353 43.647227168083191 130.73272083699703 1038.187261223793 3492.8315213024616 32.626482278108597 32.938854649662971 44.261987000703812 238.55316053330898 1738.0754984021187 76.225213244557381 30.914854288101196 27.236993625760078 33.451629623770714 77.120251953601837 194.75473888218403 148.50512555241585 56.20059260725975 104.66747918725014 21.000962466001511 39.582823738455772 51.955754891037941 245.49238586425781 32.333366304636002 88.924067288637161 95.461059063673019 115.74527834355831 44.450265929102898 32.332652881741524 96.137152194976807 648.56865534186363 30.19097837805748 33.91234278678894 31.578110322356224 36.770048558712006 26.205737799406052 30.230203092098236 51.201212331652641 20.18009415268898 61.032375693321228 222.95594915747643 50.537242874503136 77.058918654918671 60.180840730667114 47.263041108846664 99.116812646389008 34.685428321361542 33.276901215314865 39.003723010420799 54.339196979999542 26.416838735342026 101.42822310328484 25.437644720077515 299.22966161370277 25.670854240655899 42.29076187312603 23.059195086359978 33.101459383964539 67.197802066802979 33.236963078379631 35.677459433674812 24.683102160692215 182.71557526290417 145.31792977452278 111.22729296982288 46.596219465136528 54.926855772733688 28.663350284099579 33.351071611046791 231.5476109534502 135.27352671325207 766.27303965389729 31.811319842934608 32.824032694101334 155.96853610873222 38.160746112465858 52.020653799176216 258.47650973498821 42.001924932003021 138.46927905082703 51.815972164273262 43.967444181442261 134.27578972280025 23.366575002670288 931.91084931790829 58.656778246164322 32.6000946611166 67.456685781478882 24.016280516982079 28.08924201130867 46.298111036419868 55.498111858963966 69.554856538772583 38.60077753663063 74.879446282982826 40.527072072029114 197.94264657795429 54.931134805083275 76.539012461900711 28.628404602408409 41.830762133002281 31.714327439665794 131.61064341664314 64.27163177728653 30.120373591780663 51.183382779359818 65.959724336862564 38.165025144815445 25.068931505084038 24.705210745334625 71.609523549675941 1434.1267399042845 26.666450962424278 26.495288163423538 29.365831032395363 190.16329653561115 36.137459173798561 84.666392475366592 68.032220900058746 45.915847301483154 27.776869639754295 1475.2072610855103 93.180315256118774 43.725676596164703 38.262017548084259 27.465210691094398 39.389552354812622 1398.059170588851 47.158204063773155 103.13985109329224 47.895630493760109 21.202791914343834 117.28217642009258 160.08999380469322 25.530358090996742 57.674018621444702 39.038668692111969 48.352778047323227 26.069520682096481 31.415505588054657 228.08156314492226 24.133954659104347 43.419010102748871 37.999568223953247 240.71836896240711
leaf_count=196666 405 4794 1271 566 28221 1330 3475 481 925 6171 893 435 1031 29426 1794 17949 201 824 4092 1208 611 413 1290 4502 3369 2810 1087 3524 3308 1234 3258 877 2835 13009 4958 220 3624 2256 3059 569 953 3494 3220 768 318 1467 9305 6186 998 2143 4478 597 486 4971 770 554 6053 402 1379 740 299 585 2305 2295 1501 751 6562 6631 574 2653 452 1087 190 413 479 8619 2425 1493 1472 2731 467 1610 2826 342 1299 581 3289 933 1717 458 666 1781 10085 1232 457 1117 1000 958 484 508 8872 1152 1089 580 1389 501 1696 1958 802 727 577 1279 5079 58891 514 317 501 2894 27976 1148 484 434 514 1236 2835 1012 421 880 209 607 578 2871 263 821 1543 944 620 451 1497 8504 399 551 351 442 387 472 478 238 578 3633 799 1206 592 785 479 391 294 539 533 275 910 388 2410 233 640 274 262 903 409 365 288 2812 2359 1371 701 659 459 411 1889 1778 5563 196 503 1649 611 825 3706 418 1646 402 626 2151 236 6022 869 528 922 204 232 609 481 872 315 705 450 2457 688 575 415 415 310 1251 548 499 550 997 640 396 245 720 22316 424 421 399 2957 590 891 773 718 429 5305 1127 723 526 438 647 22971 653 940 637 227 1911 1620 245 765 583 457 428 406 2696 423 573 290 3684
internal_value=-2.66148 -2.71962 -2.60798 -2.63714 -2.73367 -2.67475 -2.59258 -2.68865 -2.66039 -2.62302 -2.60544 -2.71428 -2.6503 -2.74109 -2.70853 -2.58641 -2.67474 -2.64521 -2.63387 -2.62688 -2.60041 -2.66136 -2.70291 -2.61186 -2.67365 -2.73253 -2.71677 -2.62903 -2.70862 -2.68494 -2.66287 -2.64265 -2.6527 -2.58363 -2.62223 -2.6758 -2.61894 -2.62454 -2.73759 -2.66657 -2.7268 -2.66353 -2.68797 -2.69674 -2.699 -2.65004 -2.63647 -2.71988 -2.68897 -2.69346 -2.59809 -2.69881 -2.71621 -2.69994 -2.72336 -2.6867 -2.74473 -2.70268 -2.68169 -2.67916 -2.70406 -2.66722 -2.64472 -2.64648 -2.70827 -2.71358 -2.66017 -2.6287 -2.68751 -2.6919 -2.6805 -2.67569 -2.68024 -2.66207 -2.67049 -2.60397 -2.65423 -2.72421 -2.66941 -2.65055 -2.73901 -2.73271 -2.63525 -2.7108 -2.69681 -2.69223 -2.65911 -2.71357 -2.68 -2.7007 -2.70561 -2.688 -2.59661 -2.65146 -2.6961 -2.6939 -2.70626 -2.72873 -2.70752 -2.72961 -2.59495 -2.68465 -2.6796 -2.70703 -2.70136 -2.68669 -2.70529 -2.70174 -2.64847 -2.6468 -2.67064 -2.67535 -2.62036 -2.74518 -2.7232 -2.69855 -2.70827 -2.70048 -2.73019 -2.69876 -2.69693 -2.69102 -2.69865 -2.71738 -2.70599 -2.65423 -2.67278 -2.67938 -2.71703 -2.71574 -2.71621 -2.69179 -2.68122 -2.68227 -2.7075 -2.66668 -2.67831 -2.67719 -2.70821 -2.70559 -2.67229 -2.73452 -2.70995 -2.65542 -2.70125 -2.69536 -2.68947 -2.73547 -2.63566 -2.73109 -2.70014 -2.70291 -2.68983 -2.71528 -2.63832 -2.70874 -2.70008 -2.68646 -2.6383 -2.71017 -2.67544 -2.68682 -2.65829 -2.69874 -2.70075 -2.70664 -2.69925 -2.68698 -2.72413 -2.70575 -2.7217 -2.72502 -2.72055 -2.71518 -2.71177 -2.70745 -2.69583 -2.66285 -2.65832 -2.68802 -2.6419 -2.67814 -2.68884 -2.66753 -2.70896 -2.71404 -2.70951 -2.68944 -2.68165 -2.67152 -2.68872 -2.72352 -2.70593 -2.63409 -2.69993 -2.70355 -2.6826 -2.69435 -2.68967 -2.69441 -2.67745 -2.6796 -2.68168 -2.68854 -2.68277 -2.7079 -2.71588 -2.66576 -2.70006 -2.68916 -2.69867 -2.66359 -2.6263 -2.71428 -2.70067 -2.70281 -2.69928 -2.71799 -2.70106 -2.64978 -2.7273 -2.70168 -2.69917 -2.67693 -2.71937 -2.70879 -2.68955 -2.71348 -2.70703 -2.69678 -2.60451 -2.70089 -2.70579 -2.68157 -2.70496 -2.7201 -2.73974 -2.73645 -2.6693 -2.73071 -2.7211 -2.7268 -2.67777 -2.70086 -2.71905 -2.70153 -2.68892 -2.69498 -2.67123 -2.69386 -2.71388 -2.6813 -2.6693 -2.73376
internal_weight=83645.1 40086.6 43558.5 15057.5 30529.4 9557.26 28501 6099.31 5694.7 9362.76 9250.19 8445.16 3457.95 22084.2 6432.88 19250.8 2931.68 2763.02 4755.25 1764.78 7485.41 2281.14 3130.31 4607.51 2969 6589.94 3789.85 1176.81 2269.15 1150.85 921.951 2462.54 1419.78 15092.4 1591.5 861.358 847.694 2292.71 3501.43 1818.15 3088.51 1634.07 861.161 2643.04 2326.89 1334.72 1841.07 3177.84 1297.62 782.409 6637.72 985.867 1283.28 2286.46 708.362 384.954 15494.3 1901.51 700.485 385.227 1822.8 368.436 500.468 1027.6 229.484 1288.17 1059.22 1790.2 550.845 485.09 316.15 758.934 631.729 325.158 173.283 2339.46 609.536 1889.67 392.185 429.743 3276.2 2012.28 589.096 329.655 699.463 561.342 1247.85 420.824 598.154 612.01 492.908 259.006 4158.41 536.724 552.849 525.125 323.362 2758.85 106.202 2652.65 4298.26 459.047 374.342 200.571 922.1 189.056 733.045 622.253 1289.23 1213.76 380.65 488.968 2153.44 14889.2 464.711 65.5653 93.0305 383.345 2611.29 1074.04 997.814 597.533 384.676 105.732 400.281 867.197 318.424 262.224 225.235 295.29 196.006 278.944 271.664 350.045 574.918 290.928 175.183 168.113 823.454 727.317 78.7064 1816.27 65.4905 800.63 425.114 205.527 174.612 1750.78 418.062 2501.69 260.532 289.678 131.315 144.792 640.363 71.1345 111.863 72.2806 398.737 109.598 258.59 157.162 718.692 124.205 94.2465 213.285 162.748 100.299 128.698 362.362 83.1816 763.616 540.66 395.343 748.764 544.525 195.722 138.019 373.007 436.409 840.757 386.219 198.439 187.78 98.5341 91.0422 326.684 68.2077 165.615 175.622 198.04 204.239 69.9628 1127.82 183.902 681.169 123.806 91.473 261.121 233.032 101.796 131.724 220.735 182.134 154.445 452.781 138.121 419.462 96.0416 70.4592 133.242 195.32 1115.25 158.363 81.3038 446.22 380.26 87.9392 49.7741 195.909 1468.85 109.186 224.438 141.779 342.013 151.85 167.058 176.467 141.725 95.8091 2454.07 123.411 212.627 284.519 82.3921 62.4487 3185.16 1445.22 135.78 478.877 186.381 165.178 212.857 52.7674 101.4 79.5657 255.275 206.922 163.026 292.321 64.2395 119.101 75.6825 605.046
internal_count=780829 592213 188616 106259 491142 101071 82357 72425 52563 53696 37839 120541 28646 370601 88352 44518 30992 21571 32091 10742 27097 21253 41343 21605 31082 105307 54971 7393 31181 13258 8711 18633 12071 30958 8992 9182 4517 13458 57610 17824 47697 15552 10162 33381 29879 11014 12860 47021 15440 9635 22580 12637 18544 29561 10709 4491 265294 25070 7852 4221 24269 3623 3869 8133 3140 18297 9743 11202 6473 5899 3502 8081 6994 3038 1750 9230 5260 28724 3938 3555 54342 32189 4034 4592 8832 6845 11357 5973 6608 7950 6629 3050 13560 4490 6942 6485 4366 43105 1442 41663 13350 5269 4117 2720 12040 2200 9840 8144 10448 9646 3866 5186 11798 255557 7017 831 1269 4969 41155 13763 12615 7219 4920 1535 5396 7491 3296 2875 3268 4250 2828 3385 3026 3937 7835 2843 1899 1804 11280 9783 801 29361 902 7004 5542 2561 2077 28459 2873 39639 3366 3819 1564 2075 4571 972 1440 833 2838 1516 2739 1829 6479 1584 1218 2885 2086 1165 1952 4876 1241 11663 8030 5671 10506 7418 2447 1291 3356 5147 6290 4195 2350 1845 1351 1292 4511 805 1847 1791 2343 3088 937 7619 2370 9032 1389 1126 3116 2884 1090 1441 2466 2151 1738 6186 1987 4069 1235 830 1699 1847 6719 2255 1049 5883 4886 1281 641 1597 22751 1422 2878 1516 5040 2083 1988 2500 1920 1202 9807 1599 2859 3179 1097 921 53050 23624 1353 7569 2775 2548 2299 679 1488 1033 3028 2571 1657 3605 909 1321 748 9737
is_linear=0
shrinkage=1


Tree=1
num_leaves=255
num_cat=0
split_feature=7 56 7 12 56 59 8 49 7 56 12 56 8 56 9 7 59 56 121 59 46 12 46 13 49 7 12 7 121 56 13 49 121 18 8 14 7 121 50 56 98 48 64 64 56 28 7 102 102 37 42 19 56 30 49 18 59 121 69 48 48 70 46 9 28 9 92 111 28 8 121 131 116 18 135 117 49 64 46 63 42 94 122 7 56 46 7 12 116 121 28 18 0 82 106 68 24 19 46 9 34 102 82 94 32 121 116 122 82 37 115 44 10 28 46 12 52 115 67 131 20 115 56 28 28 116 61 121 117 122 114 115 18 42 13 59 18 18 122 46 2 121 28 115 12 21 29 131 114 39 48 61 115 131 30 32 19 12 13 67 0 117 21 27 131 30 30 26 30 59 116 122 7 116 121 49 94 7 24 115 46 121 115 27 27 10 21 84 117 27 46 90 98 107 49 27 114 18 9 56 114 59 115 24 45 8 29 7 69 29 30 63 34 42 61 21 50 28 28 121 59 27 122 117 133 60 60 1 21 79 50 12 122 18 122 31 84 45 12 8 116 39 50 68 63 27 117 19 49 52 146 10 35 24
split_gain=2.12982e+06 184238 150344 40506.2 31717.3 23102.8 23102.4 9913.04 8193.63 8144.72 6636.28 6437.77 5604.94 5534.06 4890.11 3607.8 3593.46 3095.63 2844.48 2491.93 2406.59 2398.43 2268.32 1972.43 1655.71 1622.83 1535.55 1511.47 1474.26 1378 1375.12 1239.35 1155.47 1140.19 1125.28 1050.2 1042.48 990.679 1051.56 990.677 985.82 959.526 945.802 922.305 890.066 871.107 832.265 828.612 825.633 811.381 774.71 773.757 731.085 721.846 692.209 675.763 659.423 635.738 1391.91 633.682 620.728 609.259 608.594 592.88 588.847 588.112 651.636 586.752 576.787 576.685 574.334 577.631 560.57 554.281 544.496 543.36 542.668 537.588 566.693 534.608 532.14 511.777 504.96 488.563 486.173 484.507 479.041 475.819 581.425 471.281 465.378 454.957 487.37 454.593 734.937 451.933 551.064 484.632 450.523 425.957 424.971 424.323 420.115 412.135 410.985 410.979 410.622 407.691 406.764 597.153 405.998 393.219 400.841 389.699 389.687 384.726 393.786 381.333 379.078 377.675 375.392 375.281 373.69 371.491 371.432 371.395 368.632 370.854 619.152 480.359 368.415 367.4 529.474 423.345 367.155 364.733 363.51 490.191 362.916 360.405 541.934 481.131 358.273 403.687 409.008 353.101 352.498 352.443 348.36 347.813 526.141 340.244 476.53 457.404 340.233 340.203 337.866 337.012 355.543 336.831 445.463 336.494 336.293 351.693 333.313 346.511 333.25 332.341 332.105 330.57 327.261 327.159 326.829 325.934 324.849 426.182 323.621 608.717 369.139 320.489 319.01 318.419 364.1 395.913 504.041 435.282 367.39 317.379 321.968 378.853 316.495 345.391 339.573 314.153 313.275 311.679 322.825 307.853 307.465 306.475 305.566 372.814 304.263 573.076 311.015 427.29 371.482 303.865 303.617 303.513 332.029 302.935 301.783 301.037 300.539 296.966 495.939 337.565 295.281 293.811 507.02 292.945 299.072 288.932 321.508 287.121 286.318 285.315 283.479 283.096 335.32 281.988 290.531 325.853 303.906 281.526 280.976 419.756 278.787 278.562 277.822 276.801 338.192 275.8 272.024 271.138 320.36 269.547 292.58 269.533 268.686 266.738 266.234 266.141
threshold=1129.5400000000002 90.500000000000014 4013.4850000000006 3.5000000000000004 308.50000000000006 77.500000000000014 139.91000000000003 1350.3570500000003 399.03000000000003 350.50000000000006 22.500000000000004 42.500000000000007 7562.6000000000013 6.5000000000000009 2073.9400000000005 1999.4650000000001 85.500000000000014 1231.5000000000002 7652.3150000000014 45.500000000000007 427.85921500000006 7.5000000000000009 1360.3722500000001 5.5000000000000009 2294.1268000000005 8374.5800000000017 16.500000000000004 2677.5950000000007 4115.4500000000016 86.500000000000014 4.5000000000000009 191.69539500000005 6341.6350000000011 125.72133000000001 139.91000000000003 2.5000000000000004 358.02500000000003 9337.0800000000017 37.500000000000007 179.50000000000003 4.5000000000000009 131.60263 4.5000000000000009 6.5000000000000009 131.50000000000003 9.5000000000000018 588.29000000000008 2.5000000000000004 6.5000000000000009 39.500000000000007 8.5000000000000018 414.59402000000006 8.5000000000000018 1492.5000000000002 55.753564000000004 13.233586500000001 33.500000000000007 7242.4750000000013 12.500000000000002 12.141498500000003 67.19380750000002 1.5000000000000002 1285.5556000000004 984.04500000000019 45.500000000000007 217.91000000000003 3.5000000000000004 1.0000000180025095e-35 4.5000000000000009 83.830000000000013 1950.1700000000003 48.500000000000007 0.0015255253500000004 75.820492000000016 92.500000000000014 0.010204496000000002 2056.5299000000005 1.0000000180025095e-35 6187.2058500000012 1.5000000000000002 95.500000000000014 11.500000000000002 26.500000000000004 626.35000000000002 624.50000000000011 707.17015000000015 2493.0450000000005 29.500000000000004 0.0016808741000000002 388.41000000000003 42.500000000000007 219.16854000000004 4.5000000000000009 20.500000000000004 3.5000000000000004 1.5000000000000002 1856.5000000000002 34.150273500000004 413.03351500000002 647.1500000000002 51.500000000000007 1.5000000000000002 26.500000000000004 13.500000000000002 44.500000000000007 6681.2600000000011 0.0093921217500000011 20.500000000000004 17.500000000000004 11.500000000000002 0.11000413500000002 4.5000000000000009 28.805000000000003 428.50000000000006 3161.6626000000006 23.500000000000004 1.0000000180025095e-35 0.018407880000000005 3.5000000000000004 56.500000000000007 16.290106500000004 0.040001585000000006 155.50000000000003 87.500000000000014 308.50000000000006 0.0027011139500000008 6.5000000000000009 3447.6850000000004 0.0061353875000000006 40.500000000000007 0.018270600500000001 0.13000328500000002 102.69490500000002 40.500000000000007 25.500000000000004 4.5000000000000009 222.92754500000004 145.18427000000005 145.50000000000003 5115.8065000000006 10.500000000000002 8818.9050000000007 23.500000000000004 0.13000328500000002 17.500000000000004 2261.5000000000005 7.5000000000000009 90.500000000000014 0.023555080500000002 205.50000000000003 637.76282500000013 1.5000000000000002 0.05263468000000001 7.5000000000000009 3768.5000000000005 838.50000000000011 249.19560000000004 29.500000000000004 7.5000000000000009 2.5000000000000004 7.5000000000000009 0.024361721500000006 1413.5000000000002 1093.5000000000002 47.500000000000007 1291.5000000000002 2933.5000000000005 3.5000000000000004 2402.5000000000005 1.5000000000000002 0.0036330773000000003 2.5000000000000004 446.34000000000009 0.019778518000000005 3221.4250000000006 1844.3747000000003 23.500000000000004 654.24000000000012 1422.5000000000002 0.019233637500000005 14372.760000000002 876.08000000000015 0.05263468000000001 449.50000000000006 1099.5000000000002 88.125000000000014 1156.5000000000002 2.5000000000000004 0.032913506000000002 387.50000000000006 4837.2883500000016 2.5000000000000004 3.5000000000000004 1.5000000000000002 17.341566000000004 937.50000000000011 0.034895176000000007 330.02338000000003 509.51000000000005 257.50000000000006 0.016499399500000001 5.5000000000000009 0.097905420000000007 2215.5000000000005 4.5000000000000009 239.56000000000003 27.500000000000004 6669.4150000000009 1.5000000000000002 78.500000000000014 1923.5000000000002 1.0000000180025095e-35 98.500000000000014 10.500000000000002 1.5000000000000002 1958.5000000000002 8.5000000000000018 26.500000000000004 121.50000000000001 2200.9150000000004 12.500000000000002 817.50000000000011 84.500000000000014 0.014698465500000002 71.500000000000014 25.500000000000004 4.5000000000000009 11.500000000000002 2023.5000000000002 5.5000000000000009 2.5000000000000004 24.500000000000004 69.500000000000014 24.902243000000002 30.500000000000004 1030.5000000000002 6.5000000000000009 10.500000000000002 57.500000000000007 23.810000000000006 0.0064939752500000015 56.500000000000007 3.5000000000000004 1.0000000180025095e-35 4.5000000000000009 820.50000000000011 0.0045328348000000006 828.84110000000021 11.023930500000002 2.5000000000000004 6.5000000000000009 1026.825 13.500000000000002 1744.5000000000002
decision_type=2 2 2 2 2 2 2 2 2 2 2 2 2 2 2 2 2 2 2 2 2 2 2 2 2 2 2 2 2 2 2 2 2 2 2 2 2 2 2 2 2 2 2 2 2 2 2 2 2 2 2 2 2 2 2 2 2 2 2 2 2 2 2 2 2 2 2 2 2 2 2 2 2 2 2 2 2 2 2 2 2 2 2 2 2 2 2 2 2 2 2 2 2 2 2 2 2 2 2 2 2 2 2 2 2 2 2 2 2 2 2 2 2 2 2 2 2 2 2 2 2 2 2 2 2 2 2 2 2 2 2 2 2 2 2 2 2 2 2 2 2 2 2 2 2 2 2 2 2 2 2 2 2 2 2 2 2 2 2 2 2 2 2 2 2 2 2 2 2 2 2 2 2 2 2 2 2 2 2 2 2 2 2 2 2 2 2 2 2 2 2 2 2 2 2 2 2 2 2 2 2 2 2 2 2 2 2 2 2 2 2 2 2 2 2 2 2 2 2 2 2 2 2 2 2 2 2 2 2 2 2 2 2 2 2 2 2 2 2 2 2 2 2 2 2 2 2 2 2 2 2 2 2 2
left_child=1 3 4 13 11 10 9 19 20 21 23 18 42 36 29 44 27 39 30 46 123 31 28 122 62 101 45 56 59 63 247 83 -17 87 41 73 50 38 52 67 75 -15 207 57 51 214 68 238 134 179 113 139 60 157 104 -55 -6 58 74 -10 82 168 -11 211 -46 66 103 -9 -8 170 121 -72 -25 111 251 229 142 78 225 -31 151 126 -24 98 174 -36 138 88 176 -87 -38 92 -83 -40 -95 96 -57 228 -3 -34 -93 -16 130 -41 -30 245 108 -94 -75 -110 -69 -33 171 -1 136 116 -56 -64 -96 -35 -48 -28 -4 195 146 208 127 159 129 -129 -98 132 145 172 -14 -88 137 194 215 140 -13 -141 143 -54 -145 226 -114 231 209 150 -82 -43 -153 -154 173 -140 167 158 -23 -47 -161 -39 -99 -164 165 -106 -105 187 -26 -73 -32 -113 -134 202 175 -58 177 -21 -178 -19 -80 -79 -183 -184 185 186 -185 -144 189 -189 192 -192 -122 250 -42 196 -5 -125 227 243 -84 -202 203 223 205 -204 -206 -7 -67 210 -131 -12 -152 -197 -22 216 -71 -217 -170 -194 -221 -166 -223 224 -109 -70 -61 -191 -97 -20 -231 232 233 234 -119 -201 237 -234 -27 -171 -187 242 -156 -90 -155 246 -66 248 -2 -173 -52 -18 -241 -211
right_child=2 6 5 8 16 12 7 17 22 24 14 15 48 34 25 32 43 49 40 33 26 53 37 72 61 47 70 -29 54 79 69 35 99 119 85 -37 90 161 93 65 114 80 -44 -45 64 81 120 -49 -50 -51 193 -53 76 55 115 95 84 -59 -60 131 -62 -63 117 -65 105 125 -68 110 77 86 71 169 -74 106 -76 -77 -78 181 180 -81 149 91 200 -85 -86 89 135 -89 199 -91 -92 100 107 94 118 97 102 162 -100 -101 -102 -103 -104 166 164 -107 -108 154 109 -111 -112 112 124 -115 -116 -117 -118 147 -120 -121 190 -123 -124 197 -126 -127 -128 128 -130 148 -132 -133 133 -135 -136 -137 -138 -139 155 141 -142 -143 156 144 -146 -147 -148 -149 -150 -151 212 152 153 244 241 -157 -158 -159 -160 160 -162 -163 163 -165 221 -167 -168 -169 218 239 -172 249 -174 -175 -176 -177 178 -179 -180 -181 -182 182 183 184 -186 240 -188 188 -190 198 191 -193 219 -195 -196 213 -198 -199 -200 235 201 -203 204 -205 206 -207 -208 -209 -210 253 -212 -213 -214 -215 -216 217 -218 -219 -220 220 -222 222 -224 -225 -226 -227 -228 -229 -230 230 -232 -233 236 -235 -236 -237 -238 -239 -240 252 -242 -243 -244 -245 -246 -247 -248 -249 -250 -251 -252 -253 -254 -255
leaf_value=-0.0035620146010057882 0.0049047634946918382 -0.0042380246783696295 0.020785158041647531 0.0056000648655423505 0.074253643053309532 0.11631921899063523 0.072209556095772578 0.023835087093607689 0.0019971636196132797 0.020403410748609102 0.065529938486492148 0.05735313741350697 0.11012563780780657 0.00010754323669039914 0.099204337748391339 0.071256811707748446 0.086323666408484975 0.055493294556845436 0.072193905337514838 0.0078930127185013726 0.022412069132222413 0.057232263112047078 0.074460421827398274 0.073224767810554786 0.070889380812381456 0.10204632744532374 0.047173609631308261 0.10182236295520791 -0.0094258062320116704 0.10056916564432192 -0.0016764840344919065 -0.0035901866474280521 0.080357231816590338 0.085824296415703105 0.0061600432425161005 0.059432277715817883 0.049032171691334545 0.072102963189670993 0.072046663439072789 0.074546742247492997 0.040708663921110624 0.0050474618099469381 0.12792621322220118 0.11518688668214661 0.077307270211779355 0.0080508207771111933 0.028530329909802081 0.12646973261191116 0.13573821583790063 0.10730533013618156 -0.0020464662453703658 0.0087419308380976522 0.057399031539812899 0.081731606565188686 0.071799359371759394 0.010535264676204628 0.031204663497982885 0.1090593906982381 0.11053923086359449 0.0034717268468519723 0.011016775929454103 0.085419035597463402 0.020292561308975877 0.099058358478908176 0.045610919201969587 0.057113712953094975 0.088019735125367857 0.072975015788214914 0.031077621316062998 0.03662793174357263 0.067129814581008682 0.0041759772595944796 0.096102825103592665 0.013906550794812922 0.054392758582737406 0.032220545364302022 0.012038871404902301 0.025314854930079598 0.060994945957463291 0.11236168007644839 0.0095531026126578298 0.0083054066470448374 0.046232570294526862 0.057145753792471839 0.097117240131638805 -0.0095856109441890425 0.045119316004299324 0.076647773277292983 0.067702180197835748 0.033291893183563952 0.0089339082395552827 0.075406567789977522 0.053839173934295693 0.012840285529789882 0.081168758106610145 0.0049502888812102122 0.047940063936248896 0.06941335544761279 0.013765848234670357 0.092353226052161425 0.019570140463725991 0.11412055422482593 0.067550047560970522 0.025093020060622286 0.076764991541835123 0.073115512250140333 0.056899929566309702 0.017037666136044551 0.056465187418909712 0.01456087334434903 0.033023288232953349 0.040548848226477752 0.040197835357951475 -0.0077702029751307205 0.083298074432817892 0.019480059305774195 0.030292378694802589 0.049391002075628326 0.038111829597326008 0.049879190794806072 0.077750767220978609 0.0076597724919570545 0.063706741422777852 0.0010900695137139407 0.072010908482284128 0.089650274125112853 0.035038203688680242 0.074632846173222703 0.0070620161847769506 0.07502934175704834 0.0039588453539951864 0.0088325453238191076 0.06190007274056715 0.06867192152507838 0.13037472165456551 0.078880429412312103 0.08149212440676111 0.029979405167265077 0.039235242785978661 0.060978846212236711 0.012941745546599827 0.088243159894590806 0.056949164867989337 0.045917666304050038 -0.0037265450065349904 0.049845228432893504 -0.0001868997860294871 0.02084213198894224 0.0011806910322839626 -0.0038569785657074683 0.074724241553825538 0.033117491692972033 0.041296192670828367 0.0069065565470775823 0.00072282306915335062 0.00032969426487647465 0.062963429720647876 0.088571119554228986 0.017891844187792178 0.012874857475148185 0.045384087846315924 0.033090577075793493 0.023775856291145994 0.066928107226492714 0.017808522863810142 0.031381642450081342 0.056132639520447225 0.0057248420996936986 0.02195156044697753 0.06639317950790978 0.047293061845892305 0.019031076590616387 0.024906488739018233 0 0.086024617882950363 0.08104151052278917 0.078480176498399057 0.057617072030236922 0.030350949551615238 0.089274445892195312 0.028235256160969922 0.069197136760004066 0.016995541429849145 0.099178733586218384 0.010099991342055763 0.012905934642007261 0.056077326825793535 0.0076769277367382928 0.014834519674369932 0.045007158265278555 0.080380532920716258 0.057666237602135476 0.031392144902746437 0.016045037168858779 0.077541967737145945 0.047841192081358751 0.037731062146409408 0.026323697116064779 0.010635746201122646 0.086149251024610421 0.00010319692065059406 0.038269987650432248 0.016455306230496437 0.063790916468173697 0.027729248420887372 0.063776150111570118 0.072619126204433324 0.1234538638746545 0.079677317915201912 -0.0093060791581302382 0.024584372745680205 0.090333382458393979 0.026811277333602185 0.0023957570322958211 0.064557130679359642 0.032976068548447833 0.062495156419183039 0.070553071063039166 0.058127899205249529 0.027821181329530393 0.057683550372176262 0.068928609546966696 0.030396067960947484 0.00068513498191058485 0.052850597513962039 -0.0002720190342304887 0.032899341975182836 0.010451023888793692 0.047464901006747696 0.017341351765540518 0.06703058122605049 0.077210680734705342 0.027160082261904677 0.062045360060073662 0.010378203276705326 0.061086158458409694 0.021053474261287328 0.069263543550594081 0.1184208550770955 0.0018030767570683577 0.050003591873687539 -0.010060542001639116 0.037448531752963525 0.032062183103261241 0.041381849044058214 0.056271885641918963 -0.003232993914029399 -0.0062447858040731753 0.038446316518615374 0.0011266612641549129 0.026362164472563645 0.10365484295217174 0.040651887935772339 0.039499538135260331
leaf_weight=2753.5289969369769 48.383898660540581 171.63876751437783 57.320588801056147 293.63452166318893 425.83197275549173 1990.2611683048308 69.013963006436825 56.56735360622406 218.89183552935719 77.985019259154797 156.35485853254795 477.67344446480274 183.58848301321268 2155.8467023447156 403.18880818784237 535.8280246630311 563.76795556768775 47.225742198526859 115.66866393014789 65.191954452544451 31.064884658902884 146.17364917322993 29.009031694382429 206.31068788096309 142.19212434440851 258.59509934857488 32.947692956775427 1194.7679316475987 23.427770745009184 955.36884652450681 35.898509796708822 68.079702906310558 592.42877518758178 358.52628662064672 136.61651992797852 93.000403601676226 31.866062585264444 140.07547055929899 128.97840524464846 88.833925127983093 43.343468084931374 1328.3790258057415 4763.6965628787875 1280.0829636082053 874.8270559720695 1271.4854293763638 53.501232698559761 3158.9624742083251 11809.222908169031 514.26773047074676 2375.1535698473454 30.427975419908762 250.27897978574038 28.242565222084522 103.12427907437086 158.9229242913425 35.1714849434793 1432.1657870337367 579.52729852870107 151.98116800934076 191.06416611745954 210.45274614542723 43.299618944525719 372.77672338485718 28.41274893656373 109.89676025509834 101.49227999523282 112.72411873936653 409.3500695489347 249.94653856009245 93.536610849201679 30.015828102827072 430.90424666553736 111.74012748524547 55.172364428639412 102.77563824132085 66.590404834598303 54.170370861887932 110.33154667913914 1384.9526060596108 44.458602238446474 259.49241772666574 63.417542073875666 20.968736205250025 682.09550162404776 27.134315188974142 64.703124556690454 166.29373851045966 37.597366649657488 262.09802026674151 219.63167474418879 28.668615516275167 43.720240391790867 51.091647904366255 46.943610604852438 48.208286549896002 35.123014234006405 67.641665052622557 694.83078632503748 1406.804378259927 29.051154032349586 1333.0866958536208 35.700476579368114 58.813014104962349 31.729958821088076 99.600520335137844 69.108268205076456 149.1185034699738 85.691881034523249 59.733672238886356 40.713647153228521 52.565833322703838 68.137112189084291 11260.567916478962 351.76785349473357 29.135422240942717 36.019572526216507 90.85490321367979 48.934258613735437 44.130689818412066 55.826275613158941 82.99483248591423 33.474961794912815 1197.3581112064421 24.319170720875263 452.64032092690468 72.679786205291748 25.323039494454861 146.94616791605949 28.808141145855188 41.042188592255116 165.1634359434247 27.988947160542011 35.169741973280907 4192.265679076314 103.42090348154306 107.14420451596379 59.107819531112909 146.92034286633134 285.10241469368339 31.201476808637381 107.50345921143889 78.19811924174428 44.64849791303277 24.771451607346535 23.740276675671339 30.503919992595911 37.598950646817684 38.127080641686916 25.321448430418968 34.349940177053213 104.23324619978666 42.855115365236998 650.26465077325702 53.324744705110788 27.123113442212343 52.746713899075985 32.38608057051897 30.875747755169868 169.30419249087572 56.134270239621401 33.584456190466881 65.646839160472155 28.031200282275677 161.31123196333647 46.067337073385715 113.86262588575482 36.416144140064716 40.980590883642435 34.260492525994778 19.534867268055677 310.8313033990562 176.5479709841311 43.706652518361807 688.63540145754814 43.627777986228466 36.273445270955563 38.910368286073208 35.948356859385967 290.39292775839567 49.941958535462618 112.34398126974702 43.112031824886799 33.290585797280073 28.307871419936419 31.259952124208212 90.824688047170639 40.753576923161745 77.265171308070421 378.6418770365417 127.1597206145525 256.0225191116333 86.473064959049225 102.68143897503614 91.00689884275198 43.129326749593019 33.387969519942999 48.466844007372856 34.807668328285217 77.947756588459015 56.494740091264248 45.620529308915138 95.354500323534012 27.2262176387012 38.568928491324186 23.076555728912354 44.55272288993001 3124.0110262930393 338.57295807078481 21.153446990996599 29.03199427574873 126.65386333316565 27.184000756591558 22.558452140539885 49.536484476178885 37.21714536473155 118.59538349509239 131.38594989478588 65.572961673140526 74.592566419392824 400.71252192556858 25.337478738278151 126.2825463488698 80.757070802152157 29.824485246092081 30.730789434164762 40.849710304290056 27.813883140683174 22.129677284508944 31.510321296751499 25.996682081371546 57.932719375938177 51.420438576489687 312.81586929783225 27.915425401180983 260.95383662730455 61.692500598728657 52.292859315872192 1135.3866153135896 23.702141094952822 72.078104630112648 49.842624887824059 46.442047245800495 70.610692407935858 21.986801870167255 72.060404766350985 22.956817802041769 40.092504452914 58.044345024973154 117.00524582713842 31.73015209659934 202.22581026703119 76.548390176147223 19.803564988076687
leaf_count=46634 756 2887 782 4662 3521 7398 592 761 3539 1096 1415 4890 750 35643 2209 4630 3883 467 1008 970 430 1531 244 1710 1262 1308 373 6424 405 5224 587 1135 4570 2563 2155 949 363 1222 1159 744 498 21181 11771 5019 7054 19770 698 8319 19069 2493 39779 452 2599 217 926 2369 431 6487 2564 2414 2874 1512 598 2117 312 1092 708 977 5315 3116 883 469 2552 1656 538 1294 988 729 1089 5970 679 4006 733 213 4057 467 731 1333 339 3417 3419 239 472 750 367 743 388 614 10391 8991 405 5236 326 771 264 833 728 2165 910 871 507 638 826 195522 2601 401 463 1005 586 460 452 1274 293 19541 211 3090 926 214 2278 250 636 2541 278 321 9210 813 818 745 1773 2797 447 736 817 508 405 261 493 513 612 420 300 1374 517 10231 859 427 512 220 436 2541 655 418 887 252 2326 592 1156 561 548 317 214 4474 2434 708 4860 317 277 381 447 1944 647 1016 611 197 416 452 954 619 1129 4414 1003 2569 1102 1530 735 501 422 653 514 557 910 555 1393 263 516 219 404 9145 2628 365 399 826 364 361 480 462 1158 1198 655 970 4071 227 1644 1300 320 488 523 412 242 440 224 458 674 3093 413 2522 841 462 3970 374 787 853 578 889 263 728 368 674 711 1879 441 1016 918 239
internal_value=0.071103 0.016477 0.11464 0.00423414 0.086484 0.125372 0.0543639 0.067276 0.0228895 0.035873 0.112361 0.0705605 0.130361 -0.00299724 0.114666 0.0771608 0.101033 0.0832162 0.0555011 0.0562654 0.0147721 0.0260579 0.0349463 0.0827109 0.0567499 0.119793 0.0195972 0.0925685 0.0252651 0.103827 0.0442867 0.0202664 0.0852239 0.0680219 0.00639542 0.0274101 -0.00571986 0.0419784 0.0396414 0.0741569 0.068429 0.00489584 0.124224 0.107301 0.0670115 0.0171892 0.0498008 0.123178 0.13409 0.0986703 -0.00602842 0.059357 0.0362205 0.0414273 0.0374995 0.0349174 0.0865655 0.103655 0.0979754 0.0167046 0.0240677 0.0721394 0.0478984 0.089913 0.0733801 0.0776044 0.0655898 0.0528218 0.0436038 0.0487556 0.0387059 0.0470423 0.0889635 0.0243022 0.0888495 0.0516588 0.0403715 0.0416103 0.0350344 0.107642 0.00941688 0.0162647 0.0365919 0.0114332 0.0900682 0.0218931 0.0507388 0.0606035 0.0560765 0.0291968 0.0144008 0.0219087 0.0202109 0.0577884 0.0444091 0.0319525 0.0228093 0.0423107 0.0101864 0.0888873 0.0490673 0.110781 0.0396673 0.0562448 0.030229 0.0573814 0.0350568 0.0244208 0.0287545 0.0397518 0.0629997 0.0189729 0.0215387 -0.00694471 0.0753279 0.0547693 0.061707 0.0507356 0.0605233 0.0821755 0.056366 0.0195828 0.0377495 0.00481217 0.0376804 0.0822772 0.0131071 0.0121812 0.0221682 0.0355364 0.0250761 0.0218459 0.0264756 0.0367215 0.129578 0.0666293 0.0654793 0.0558165 0.0467919 0.0610313 0.054711 0.0688791 0.0421387 0.051361 0.0284546 0.0148571 0.0278543 0.0525607 0.0272635 0.0288576 0.0366924 0.00819785 0.0132686 0.0102772 0.0223678 0.0333016 0.0379375 0.0573893 0.050704 0.0100849 0.0213415 0.0650779 0.0518759 0.0379219 0.032668 0.0514768 0.0460262 0.0357834 0.0602724 0.0348931 0.0164523 0.0172474 0.0305675 0.0261191 0.083554 0.060244 0.0396635 0.0273084 0.056122 0.0849332 0.0513223 0.0498856 0.0529599 0.0464038 0.0511519 0.0560849 0.0691069 0.0374616 0.0345259 0.0375873 0.0577843 0.0656082 0.0527178 -0.000906187 0.0665037 0.0132722 0.00912034 0.00212038 0.04028 0.0623214 0.0290862 0.0176581 0.0284509 0.0214855 0.0380091 0.0266649 0.0530484 0.120726 0.0744485 0.0370068 0.0515443 0.0772212 0.0552253 0.032914 0.0493709 0.0510047 0.0452713 0.0628008 0.0449673 0.0499454 0.0531542 0.027663 0.037714 0.0165585 0.0235801 0.0288745 0.0100308 0.0427297 0.0194069 0.0626383 0.0414699 0.0542975 0.0518069 0.0563891 0.0406281 0.0673516 0.0392601 0.0493923 0.115541 0.0415126 0.0393345 0.00878909 0.0183171 0.0455401 0.00816835 0.0436418 0.0242923 0.0154372 0.0236618 0.0141858 -0.00164623 0.0911702 0.0317796 0.0148
internal_weight=89554.1 39720.2 49833.9 30021.5 13757.5 36076.4 9698.72 5707.43 8385.58 3991.29 10013.3 6574.42 26063 21635.9 9285.33 4564.83 7183.07 2326 2009.59 3381.43 5014.67 2718.28 3370.92 728.01 1273.01 6289.22 3376.13 3070.13 1422.77 2996.11 1081.27 1978.15 2535.06 1192.38 4860.73 1090.72 16775.2 1948.15 1774.49 1474.12 928.322 4434.88 9877.97 4112.94 2029.77 3002.13 2189.04 4552.94 16185.1 851.886 16523.7 931.909 1498.54 740.124 582.436 530.689 1875.36 2832.86 1400.69 840.333 385.606 459.198 813.808 655.785 1097.86 1264.11 363.002 210.005 1134.76 934.746 374.006 258.063 637.215 997.716 821.166 275.951 1112.93 1065.74 600.354 2340.32 2279.03 2921.52 194.542 887.438 1449.53 425.849 879.313 789.728 623.434 289.232 251.498 1042.73 985.008 275.948 146.97 502.446 270.789 231.658 866.47 1999.23 57.7198 1736.28 111.866 261.51 414.156 223.03 326.274 725.515 257.166 145.426 153.438 671.442 603.363 14014.1 652.37 168.279 139.144 735.823 95.8779 402.657 1054.29 115.943 90.7956 1638.54 122.96 901.11 1878.8 1806.12 309.193 162.247 76.1652 621.441 456.278 239.707 4375.85 168.124 300.602 193.458 711.188 901.481 508.875 392.606 1046.34 319.699 69.4199 216.571 98.641 692.524 136.924 131.314 105.993 2147.72 819.34 715.107 681.795 174.043 726.643 209.435 177.049 1496.92 225.438 173.66 161.32 93.678 390.729 77.7973 172.676 673.896 248.746 164.527 55.4334 480.402 204.537 532.186 767.435 78.7993 176.324 104.102 72.2218 337.619 160.274 465.388 411.217 298.873 255.761 227.453 124.115 637.48 559.282 482.017 1000.79 383.182 617.604 2509.57 134.35 392.71 327.022 1245.82 441.263 447.11 165.533 102.115 488.479 286.926 201.553 118.431 83.1217 5114.27 448.47 98.7971 57.8401 283.009 61.5339 65.6878 80.6014 537.145 368.542 168.603 106.554 561.778 475.305 312.931 151.62 259.7 178.943 440.081 192.831 406.456 70.338 173.176 57.507 654.925 596.992 431.586 118.77 338.902 165.406 103.713 1393.98 134.511 103.338 149.609 99.7668 108.208 672.251 123.43 51.3696 146.521 106.428 427.837 2406.88 765.994 100.251 40.957
internal_count=780829 584647 196182 482161 96908 99274 102486 52234 117462 50252 41931 57791 57343 364699 36594 36808 39117 17338 20983 34896 74607 37122 42855 5337 13130 21042 48467 19610 19559 15552 12620 28261 18191 10738 77011 14770 287688 23296 21656 12434 8363 70972 28314 19507 18617 43859 24158 13597 29029 4904 283906 9322 18794 8861 7248 6674 13186 14488 8001 12311 5316 3977 9153 4358 9295 10189 3379 2245 13293 10479 4608 2961 4262 13821 5437 2966 13478 12701 7539 11194 35329 42949 2442 13491 9665 6039 9678 7715 6382 3884 3782 14700 14056 2862 1703 6457 3719 2738 13278 13561 644 7445 1350 2671 5458 2241 4165 10050 3437 1781 1484 9656 8521 242156 5397 1790 1389 8057 953 3023 10865 1647 1075 26140 1530 6810 28249 27323 4357 2079 1024 8772 6231 3033 9960 1544 2796 1978 8134 8870 5337 3533 12490 3512 913 3198 1319 7459 1865 1763 1343 33566 12385 11011 9578 2200 8978 2187 1967 22966 3196 1640 1753 1139 5053 856 1927 8466 2465 2078 801 6991 2712 7288 5608 748 2075 1351 724 2411 1736 5162 4433 3417 2806 2390 1151 7905 7088 5959 10167 3572 6595 41750 1233 5946 5084 20194 5340 4307 2198 1465 6580 4048 2532 1612 920 16543 3720 1253 649 2241 664 862 910 5934 4274 1660 1203 6143 5041 4197 1871 3785 2485 5803 2937 4826 985 1672 664 6946 6488 4511 1418 3079 1977 1136 5278 1609 1239 2290 1437 1228 10494 1408 680 2141 1467 6353 40220 4899 1292 604
is_linear=0
shrinkage=0.01


Tree=2
num_leaves=255
num_cat=0
split_feature=8 8 54 54 56 58 12 0 56 9 12 121 121 56 58 121 8 56 121 12 8 54 54 62 56 8 64 121 120 51 14 48 62 47 47 18 5 57 57 47 54 13 137 62 8 121 47 18 13 12 33 121 69 56 121 51 11 21 18 56 20 11 18 57 12 9 45 131 9 18 51 33 32 139 8 13 18 28 88 120 54 39 12 8 12 115 12 121 47 110 27 31 18 18 107 121 121 56 47 56 79 31 44 27 18 28 137 56 35 56 38 115 8 12 18 121 68 48 39 35 45 50 33 54 9 47 48 37 138 54 18 114 114 114 115 44 44 83 21 121 121 24 18 12 115 47 94 47 8 69 115 120 12 18 21 13 120 96 44 135 56 64 62 27 11 27 47 27 121 131 114 114 123 60 47 12 38 13 3 18 44 18 134 44 114 28 24 78 58 51 38 120 138 94 133 121 138 31 115 25 120 50 38 57 135 33 60 92 58 57 121 121 138 12 20 101 32 94 28 27 120 47 32 20 78 36 32 57 137 98 90 107 9 0 18 133 69 21 24 24 120 59 58 135 118 28 28 54 10 50 22 38 14 28
split_gain=1.73898e+06 145103 140147 32755.5 25397.9 21086.1 16182.8 15449 7345.14 6490.23 5355.34 5326.4 4836.65 4035.09 3196.75 2854.94 2695.53 2658.24 2567.65 2450.76 2416.97 2146.5 1848.44 1737.18 1490.97 1488.2 1405.21 1304.07 1269.96 1261.01 1233.53 1155.85 1119.29 1097.75 1018.12 973.258 1149.39 933.636 900.947 864.549 864.218 862.284 859.889 848.329 813.623 800.425 779.734 764.064 796.29 719.818 708.487 685.338 1010.84 659.599 682.376 649.103 645.369 645.357 636.532 619.502 606.714 606.585 603.502 602.122 601.553 588.806 583.508 579.007 575.857 568.901 564.112 550.889 535.227 532.373 512.362 508.133 499.511 499.3 496.3 493.772 488.753 694.489 488.392 509.531 486.88 485.293 479.432 475.176 474.128 471.952 471.331 542.87 461.579 472.349 459.472 457.407 451.337 450.405 444.137 442.319 439.285 474.255 437.673 436.462 428.878 421.475 417.794 410.026 409.939 410.499 505.99 405.73 402.966 396.812 396.164 393.958 530.342 393.316 390.218 409.359 403.208 389.832 390.632 393.24 382.772 380.691 440.267 379.363 377.303 374.978 372.258 575.957 511.563 372.044 481.813 459.923 449.098 382.979 370.695 453.748 366.151 493.794 492.947 425.518 384.58 547.693 365.412 363.436 362.522 362.003 361.714 376.104 498.479 510.36 394.577 419.806 528.676 432.563 369.046 361.256 445.848 359.918 358.972 357.369 355.058 351.234 349.025 348.684 347.793 346.276 372.095 346.058 345.89 343.044 449.645 342.912 407.028 342.739 339.176 344.119 552.645 336.937 334.12 333.655 328.628 326.704 323.669 320.827 320.114 319.184 318.515 317.012 316.665 315.328 431.952 361.062 315.035 399.536 332.632 326.493 303.487 302.739 302.352 330.223 326.619 324.436 404.147 302.915 298.906 298.517 328.657 294.999 347.916 292.985 292.698 292.486 291.893 297.826 448.068 291.875 290.874 288.76 287.792 287.415 349.816 285.724 284.581 365.849 335.676 297.634 283.622 477.863 364.037 283.322 481.967 371.847 280.419 280.38 415.753 279.284 277.425 303.961 277.073 276.607 275.428 274.321 469.053 273.181 271.862 371.344 270.781 283.676 269.977 269.304
threshold=430.93000000000001 1871.8600000000004 189.50000000000003 651.50000000000011 308.50000000000006 145.50000000000003 3.5000000000000004 6.5000000000000009 611.50000000000011 4578.9050000000007 28.500000000000004 6681.2600000000011 7871.4500000000016 6.5000000000000009 151.50000000000003 4724.0350000000008 76.045000000000016 31.500000000000004 4944.5650000000014 32.500000000000007 4347.5050000000001 283.50000000000006 43.500000000000007 8.5000000000000018 76.500000000000014 23.810000000000006 3.5000000000000004 8818.9050000000007 26.500000000000004 34.500000000000007 3.5000000000000004 140.73993000000004 28.500000000000004 630.08422000000007 575.77460000000008 149.99187000000003 1.5000000000000002 68.500000000000014 491.50000000000006 22.143137000000003 831.50000000000011 5.5000000000000009 93.500000000000014 10.500000000000002 1108.8650000000002 10575.630000000001 39817.00250000001 112.91503700000001 5.5000000000000009 23.500000000000004 62.500000000000007 10241.440000000001 12.500000000000002 243.50000000000003 5712.7400000000007 6.5000000000000009 16.940000000000001 610.50000000000011 164.19743000000003 121.50000000000001 75.978075000000018 74.050000000000011 209.15411500000002 137.50000000000003 11.500000000000002 549.00500000000011 20.500000000000004 65.500000000000014 88.905000000000015 250.56716500000002 12.500000000000002 130.50000000000003 1014.5000000000001 2.5000000000000004 124.92500000000003 28.500000000000004 122.01427250000002 73.500000000000014 5.5000000000000009 30.500000000000004 541.50000000000011 16.500000000000004 59.500000000000007 692.32500000000016 35.500000000000007 0.15234211500000003 27.500000000000004 16281.775000000003 339.54680000000008 6.5000000000000009 885.50000000000011 1666.5000000000002 97.353100000000026 37.214583000000012 3.5000000000000004 13423.850000000002 8086.4300000000012 72.500000000000014 98.663327500000022 211.50000000000003 5.5000000000000009 1219.5000000000002 37.500000000000007 808.50000000000011 99.000095000000016 95.500000000000014 92.500000000000014 412.50000000000006 18.500000000000004 58.500000000000007 101.50000000000001 0.14521000500000003 361.75500000000005 4.5000000000000009 23.740882000000003 4611.5500000000011 28.500000000000004 1327.6051500000001 65.500000000000014 51.500000000000007 12.500000000000002 21.500000000000004 92.500000000000014 295.50000000000006 90.710000000000022 1050.4882500000001 377.04582500000004 9.5000000000000018 12.500000000000002 625.50000000000011 180.07519000000002 0.03158228150000001 0.011800054500000002 0.023296454000000005 0.14707027500000003 26.500000000000004 40.500000000000007 11.500000000000002 2277.5000000000005 11687.245000000001 2777.1150000000002 405.50000000000006 140.37238000000005 7.5000000000000009 0.076041937500000018 541.63157500000011 10.500000000000002 966.21068000000002 880.97000000000014 4.5000000000000009 0.18969938500000003 51.500000000000007 69.500000000000014 58.650715000000005 2300.5000000000005 11.500000000000002 34.500000000000007 5.5000000000000009 7.5000000000000009 49.500000000000007 102.50000000000001 1.0000000180025095e-35 4.5000000000000009 728.50000000000011 163.59500000000003 817.50000000000011 6710.8015000000005 736.50000000000011 2391.4200000000005 62.500000000000007 0.020316337000000004 0.028413664000000002 3.5000000000000004 16.500000000000004 558.71755000000019 8.5000000000000018 8.5000000000000018 3.5000000000000004 2.5000000000000004 124.46000000000002 91.500000000000014 254.97456000000003 49.500000000000007 40.500000000000007 0.009901680500000001 5.5000000000000009 1532.5000000000002 18.500000000000004 129.50000000000003 80.500000000000014 34.500000000000007 9.5000000000000018 62.500000000000007 15.500000000000002 48.500000000000007 2655.3200000000002 61.500000000000007 957.50000000000011 0.12767159000000003 3.5000000000000004 7.5000000000000009 3.5000000000000004 181.50000000000003 167.50000000000003 42.500000000000007 559.50000000000011 28.500000000000004 2.5000000000000004 42.500000000000007 881.50000000000011 6864.7800000000007 7871.4500000000016 52.500000000000007 23.500000000000004 273.51000000000005 2.5000000000000004 599.50000000000011 8.5000000000000018 263.50000000000006 924.50000000000011 44.500000000000007 575.77460000000008 236.50000000000003 86.636305000000007 20.500000000000004 46.500000000000007 938.50000000000011 28.500000000000004 14.500000000000002 14.500000000000002 1.5000000000000002 1.5000000000000002 75.830000000000013 23.500000000000004 119.50458500000001 36.500000000000007 2.5000000000000004 2037.5000000000002 2128.5000000000005 448.50000000000006 20.500000000000004 15.500000000000002 58.500000000000007 91.500000000000014 0.0035214914500000002 83.500000000000014 154.50000000000003 177.50000000000003 239.97000000000003 33.500000000000007 3.5000000000000004 29.500000000000004 6.5000000000000009 185.50000000000003
decision_type=2 2 2 2 2 2 2 2 2 2 2 2 2 2 2 2 2 2 2 2 2 2 2 2 2 2 2 2 2 2 2 2 2 2 2 2 2 2 2 2 2 2 2 2 2 2 2 2 2 2 2 2 2 2 2 2 2 2 2 2 2 2 2 2 2 2 2 2 2 2 2 2 2 2 2 2 2 2 2 2 2 2 2 2 2 2 2 2 2 2 2 2 2 2 2 2 2 2 2 2 2 2 2 2 2 2 2 2 2 2 2 2 2 2 2 2 2 2 2 2 2 2 2 2 2 2 2 2 2 2 2 2 2 2 2 2 2 2 2 2 2 2 2 2 2 2 2 2 2 2 2 2 2 2 2 2 2 2 2 2 2 2 2 2 2 2 2 2 2 2 2 2 2 2 2 2 2 2 2 2 2 2 2 2 2 2 2 2 2 2 2 2 2 2 2 2 2 2 2 2 2 2 2 2 2 2 2 2 2 2 2 2 2 2 2 2 2 2 2 2 2 2 2 2 2 2 2 2 2 2 2 2 2 2 2 2 2 2 2 2 2 2 2 2 2 2 2 2 2 2 2 2 2 2
left_child=2 3 6 12 7 10 13 16 11 23 21 43 17 50 25 22 37 49 19 28 27 41 74 45 62 181 42 189 68 63 192 247 75 47 175 36 38 58 73 95 222 -3 51 53 76 107 111 187 -49 78 104 52 128 54 177 64 66 -20 121 98 -56 92 172 150 168 -32 193 -37 117 -43 96 -64 89 86 127 -11 147 94 140 129 81 -70 83 220 108 148 202 166 -58 208 91 233 93 114 97 -17 106 -66 -59 -67 211 -102 -99 186 -1 159 133 -7 -35 110 -110 115 -52 240 -36 116 -16 125 138 -120 -121 -4 -123 -124 -88 126 245 -8 -10 149 131 132 -61 134 -26 137 -137 -135 139 250 141 -2 146 190 145 -145 182 -13 -51 -39 151 154 153 -153 155 157 -157 158 184 163 -161 -143 -22 -57 221 -133 -25 -138 -30 170 -158 -115 -18 174 -160 -24 -177 -5 -130 180 -180 226 -142 -126 -19 -54 -85 -14 -46 -12 214 -174 -23 195 -195 -33 197 199 -198 -116 -68 -45 203 -27 -205 206 -204 -207 -55 210 -28 212 -92 -78 -144 -44 217 218 -90 -95 -50 -155 -29 224 -31 -203 227 -6 -229 -228 231 232 -94 234 235 -41 -65 -76 -239 -38 241 -60 -72 -42 -96 -9 -247 -15 -74 -250 -100 -252 -71 -183
right_child=1 5 4 8 14 9 15 18 26 32 20 44 33 31 46 39 24 29 57 -21 162 30 34 87 70 35 209 40 55 223 65 56 -34 84 61 67 239 79 -40 90 243 69 215 201 188 -47 -48 48 82 85 112 -53 185 72 60 105 88 59 113 130 -62 -63 71 236 77 99 200 -69 80 252 242 -73 248 -75 237 -77 213 -79 -80 -81 -82 -83 -84 103 -86 -87 124 -89 216 -91 100 -93 230 219 244 -97 -98 102 118 -101 101 -103 -104 -105 -106 -107 -108 -109 109 -111 -112 -113 -114 171 196 -117 -118 -119 119 120 -122 122 123 -125 183 -127 -128 -129 178 -131 -132 165 -134 135 -136 136 167 -139 -140 -141 142 161 143 144 -146 -147 -148 -149 -150 -151 -152 152 -154 164 -156 156 169 -159 173 160 -162 -163 -164 -165 -166 -167 -168 -169 -170 -171 -172 -173 191 -175 -176 176 -178 -179 179 -181 -182 253 -184 -185 -186 -187 -188 -189 -190 -191 -192 -193 -194 194 -196 -197 198 -199 -200 -201 -202 225 205 204 -206 207 -208 -209 -210 -211 -212 -213 -214 -215 -216 -217 -218 -219 -220 -221 -222 -223 -224 -225 -226 -227 229 228 -230 -231 -232 -233 -234 -235 -236 -237 -238 238 -240 -241 -242 -243 -244 -245 -246 246 -248 -249 249 -251 251 -253 -254 -255
leaf_value=-0.0078829836170996627 0.049078423641474384 0.0095980158978895679 0.0067325174644921231 0.026549433335991066 0.015431500860504899 0.070587003598106129 -7.1680388905438864e-05 0.0045499368910125381 0.050623903600900175 0.10445330475859028 0.068144846138857379 0.043101941581043274 0.016429157379021467 -0.001061328243734674 0.062298248573971655 0.00092236920686099495 -0.0055707478680149932 0.021930690900391764 0.014264666545000129 0.067208956613886539 0.10155992600054664 0.061303910672274746 0.0087988968876424618 0.097102964952936285 0.020105342883043224 0.039708422781799368 0.087539544323886068 0.063551661910805357 0.0047107510265308045 0.10190816832137609 0.052788003659350782 0.0047490891833476415 0.12016319363200412 0.077226187021525686 0.011785566178341415 0.079129295084052073 0.09328423096786756 0.018231705116872918 0.06746269409853331 0.046799418760750056 0.10143408491304183 0.022454344468560504 0.056400424798748496 0.056927454437080256 0.085697469075844052 0.10490917297294891 0.09552244642866134 0.026188993782296572 0.059325126401848227 0.039756284058514155 -0.0029012520373784979 0.099428869228476033 0.10227729231548123 0.045192212163114372 0.038746306504840199 0.046291245873833431 -0.0014899041021655939 0.015427503829197338 0.011797764371904764 0.070581928068240027 0.085840038195720475 0.049280347543499893 0.0063604265174900133 0.050799702853843796 0.028654813940808068 0.080568049919279461 0.048793771909818887 0.039103199351128562 0.067216802272831944 0.082007867011640909 0.065734218076068024 0.054188559130302696 0.06709087689914045 0.032786634375211177 0.0094350375740497906 0.1157173571410674 0.075100898015127412 0.017327352621523625 0.066098960843000029 0.00040964962216625422 0.063999911305170687 0.029394628107714826 0.096168845095082001 0.059322367223273095 0.078788729963342671 0.013232725148003872 0.086098159471382538 0.11293181986735382 0.037477168812192999 0.097640709555884428 0.06303034918686809 0.0012158579452656755 0.043900032034883768 0.0073570458869637295 0.029016433155133897 0.039514174691044193 0.071344807302241867 0.053436158459465997 0.05146800729072009 0.09465266031385898 0.014643264992447795 0.049420234251552141 0.014444717792577607 0.075226170860894434 6.5677542407791182e-05 0.0085811632096311347 0.00082077938824291427 0.095130565192747846 0.053489555835229081 0.064369565805064352 0.0065822245786598945 0.041230809806495634 0.040672677615482947 0.053378121962610894 0.011789685847420597 0.085699418883384365 0.085680217590491381 0.052421178210817071 0.0084312733093606269 0.025451429051011738 0.073567641391217756 -0.0063121306143559854 0.046664182469205943 0.015135562462656538 0.06830347901005486 0.013260432577239838 0.061136888827275082 0.027114910328866565 0.064468777422402243 0.039491597643291659 0.078250507576918663 0.042713410779855694 0.031911982380674754 0.038243008494706715 0.065904009823746279 -0.0060511166073627292 0.010647939380412908 0.062813625151282221 0.075645076358568805 0.069701569784905534 0.056826342695871022 0.010576166391044863 0.049690677405241489 0.036243934731470126 0.033486528529586515 0.08621744780422963 0.0016693825774450844 0.073401658377197782 0.068187571966165303 0.044680122882255174 0.015351197505463028 -0.0053289204740626095 0.075054324698095448 0.0047736405086296714 0.069932702133547395 0.073048780474916364 0.00084296663245476554 0.06378832264707901 0.044922507878108336 0.032588911430210483 0.066715792717627023 0.049990609877686894 0.10978691499420375 -0.0036517370440824542 0.062573311643088131 0.080167374767207741 0.1087535468480972 0.061335270536908883 0.024495981151985133 0.073052109295891093 0.044135257660126638 0.012195805375701394 0.033592629239301564 0.050525540541904279 0.013541477948850453 0.043639323538964325 0.01561748228920329 0.053942646045930812 0.068007643405418206 0.094521003637882961 0.087875531454092673 0.080997537077992454 0.0191719665917537 0.02700621164948144 0.053308670787959762 0.080335906905407206 0.017814041813120039 0.051512289461428065 0.096215152815339433 0.090143575352302371 -0.0046534589800883491 0.015082332795979297 0.020990483056757974 0.056293558081295075 0.0076094655208342101 0.023155331013139033 0.032559281213685731 -0.0094112087787275207 0.080126028095315299 0.06189827976013855 0.0061304257155615997 0.083154757522143505 0.038093716360673914 0.02821056628986687 0.064736928668821095 0.029999759810369678 0 0.07506473070951683 0.072595645768987249 0.10560219475191447 0.10053415638530629 0.070253385192877132 0.021038660741372929 0.089582238417966503 0.008675386871530336 0.080161687077768051 0.0006791173020336415 0.062508950946926295 -0.0094419753491916357 0.026053521869907215 0.016721020613080832 0.036352153173056914 0.089363342032228732 0.052622244224908597 0.064610883119529602 0.060004435230674176 0.032928626384828713 0.018320550878271641 0.05042949527734452 -0.0042695038753742592 0.021037197568508238 0.081239704246865524 0.0036605530351995754 0.054793778768902575 0.038449379230503511 0.008891966814358233 0.076042008241045705 0.04915314036842057 0.0047945634301932135 0.067465548552399876 -0.0042460608503144598 0.041885900420685747 0.031157156258239494 0.081878829597044817 -0.0097270105308397848 0.051056835432205815 0.00063075879271352029 0.023793473959116664 0.030768203870625298 0.062839816887146044 0.050384134376520305 0.011815869879921805 0.04769451052823561 0.038637151585071548
leaf_weight=10955.618510197848 44.758163068443537 44.261341352015734 1723.3516354970634 56.399031575769186 45.792094059288502 112.14441083371639 1243.0011224038899 39.354171946644783 53.589015878736973 671.34470518678427 260.66462448611856 55.64547772705555 72.460277650505304 1969.3541481494904 427.85708305612206 132.36116684228182 64.891198094934225 45.727615747600794 35.581543751060963 303.69730378687382 1493.6544875428081 66.815511252731085 975.76486794650555 536.80890656262636 239.35288440063596 160.74160122871399 510.7540433332324 73.032513611018658 149.41048377379775 72.218943394720554 59.00170486420393 1634.7786765284836 11387.198400482535 184.43132194131613 81.10294084623456 374.84226915985346 73.89940083771944 415.60430395230651 316.44485770538449 30.474075019359589 2148.3674022071064 35.614435780793428 124.76315211877227 98.700246423482895 1198.4562927223742 2269.1831050179899 214.82027618587017 65.347703527659178 26.854785937815905 111.60936814546585 4416.3330937959254 727.45981703326106 484.88018249347806 59.018930934369564 41.97252169623971 30.753158379346132 51.991214446723461 33.942314967513084 101.74878550320864 53.287301287055016 130.99109048768878 96.155441980808973 34.956039130687714 111.2579024285078 206.55941879376769 534.71297269687057 50.182151470333338 47.851627975702286 75.543762352317572 79.805052921175957 103.32556880638003 83.96061248332262 149.11212932690978 215.03058014437556 314.04362623021007 9087.030118599534 351.0773421227932 174.98019206151366 32.373691521584988 82.696851976215839 248.54814780130982 152.52111192420125 50.165030393749475 62.16431188583374 581.68296465277672 37.237043838948011 69.965977046638727 5448.3554701507092 110.62302569672465 87.963892441242933 38.002183232456446 63.905603963881731 88.854316554963589 333.0478135086596 41.099888172000647 38.258822079747915 32.055633429437876 251.26685106754303 281.66315710544586 740.06099944934249 83.861659873276949 77.912681087851524 35.332080826163292 195.96073077246547 720.94124701991677 30.687565717846155 39.283460754901171 758.48627912253141 75.21135027334094 247.18677572160959 34.366181846708059 48.788948990404606 19.304936695843935 65.743048597127199 26.029226653277874 265.73519017919898 158.42605822533369 120.66288674995303 38.959498692303896 41.058197099715471 34.823454074561596 40.750509049743414 65.620961174368858 106.28417340293527 50.955177277326584 95.311103276908398 58.426736455410719 51.506379682570696 139.94416583701968 167.70536440983415 218.75880623236299 41.608834553509951 114.31746390834451 235.19590060412884 24.39089896902442 38.059427551925182 27.502759274095297 101.21133526042104 105.53974061831832 132.69961873814464 32.516701556742191 289.54656369611621 44.29060523211956 47.643605660647154 96.227216318249702 50.757043763995171 73.971214190125465 525.35555780306458 98.081769611686468 59.644722707569599 39.965518586337566 32.584913473576307 28.769106268882751 38.683549657464027 101.66126456856728 136.56274743750691 25.7243433855474 89.45899848267436 67.693418525159359 66.128463309258223 125.93564797192812 23.669458825141191 2240.0217284113169 24.366815909743309 42.450657486915588 140.99775424972177 2412.1014292687178 28.20706407725811 226.82563695684075 33.200221713632345 94.033725321292877 32.279057018458843 113.52057062461972 66.346536412835121 145.10510304570198 57.999419808387756 468.89395181462169 770.37946260720491 310.21055187284946 318.19414471462369 400.89322739094496 40.254488080739975 91.601588226854801 39.250928889960051 210.72584224864841 142.34725070372224 30.903027784079313 42.891833711415529 720.55394130945206 142.11839650943875 28.839658159762621 550.72703694924712 32.456030406057835 28.18602042645216 49.381862659007311 112.63924161344767 37.602216824889183 22.823688648641109 30.474830333143473 27.982787121087313 26.284431528300047 462.42084052413702 77.418375927954912 34.039060324430466 205.09598732739687 36.252876367419958 43.052947711199522 32.371257055550814 523.11620628833771 861.41574810445309 809.0603966601193 82.161159791052341 47.088509287685156 548.08730211108923 30.541827294975519 163.02612625062466 26.238707162439823 36.18067817017436 23.591077249497175 111.95942740887403 43.485126595944166 132.89987372234464 810.14122609421611 54.310497399419546 69.974071517586708 94.29542562738061 90.387429252266884 41.010589316487312 301.65469380095601 26.89031945541501 105.58572719246149 26.714965876191854 31.13190832734108 52.459540661424398 243.6487289480865 140.82006787136197 121.06434895470738 47.296518046408892 38.756519343703985 286.73077518492937 51.012966684997082 51.163152255117893 38.894478768110275 136.57877447456121 30.083467811346054 63.291060287505388 26.344137277454138 43.219651456922293 87.643693402409554 73.778923582285643 33.617935940623283 46.57011791318655 51.107517756521702 35.822906550019979
leaf_count=191639 483 636 26875 705 644 781 20362 602 482 2116 1940 575 970 32771 3666 2107 1086 599 478 2608 5501 550 14939 2218 3258 1807 2810 556 2283 335 528 25935 15944 1308 1190 2547 381 5883 2560 333 8200 442 1067 889 6892 7355 1014 819 233 1288 74661 2951 1877 597 449 325 850 468 1520 421 824 1030 527 1090 2642 3390 545 503 677 521 912 854 1195 2531 4816 17616 2477 2421 281 1305 2220 1901 243 549 3866 521 431 12569 1360 417 350 991 1018 5060 504 440 254 2527 2888 3486 1169 820 483 1426 11960 452 607 3338 707 2022 478 506 230 671 378 1501 928 1252 548 508 264 686 755 1542 394 1361 551 694 1096 1992 1518 436 1353 2784 214 613 391 937 796 1064 316 4301 483 557 1159 335 1136 3762 828 674 543 514 198 568 832 1077 380 784 737 807 1075 248 6009 381 363 978 6955 256 3000 246 997 463 1438 662 2009 684 6758 7427 2349 1541 2218 253 1269 456 2137 855 401 407 3283 737 467 7974 396 289 756 1570 475 386 230 267 403 2977 869 413 1784 434 638 228 3900 2946 3145 675 634 2932 455 990 415 343 403 1487 574 1511 4250 517 585 789 1086 552 3123 421 1438 192 477 507 2891 2119 876 527 611 2251 838 598 467 759 489 671 413 609 993 592 339 658 496 397
internal_value=0.066149 0.100907 0.0136249 0.0749674 0.0411857 0.110678 0.00022009 0.0317371 0.0842921 0.11442 0.0969874 0.0767521 0.05251 -0.00383085 0.0628825 0.0158686 0.0195237 0.0445503 0.046381 0.0404393 0.100706 0.0803557 0.0122071 0.10825 0.0293475 0.056775 0.093273 0.0945315 0.0368029 0.052274 0.0847931 0.00494297 0.117776 0.0658834 0.0176324 0.0608124 0.0571102 0.0136852 0.0524448 0.0307826 0.0967917 0.0496278 0.0883261 0.0659283 0.0850984 0.101435 0.0772303 0.054291 0.0599671 0.0324768 -0.00609856 0.0902726 0.0865633 0.0624229 0.0562664 0.0307495 0.0100378 0.0576112 0.0104646 0.0587505 0.0750426 0.0253564 0.0197135 0.0491225 0.0272226 0.08738 0.00803148 0.0748271 0.0462853 0.0599679 0.0382764 0.0405497 0.0685619 0.047376 0.00411525 0.114965 0.0789506 0.0324882 0.0281214 0.0235478 0.0539254 0.0424417 0.0651791 0.0603172 0.0718606 0.0477255 0.0514519 0.110772 0.0251553 0.0739219 0.0348615 0.0287619 0.0227529 0.0182871 0.0370935 0.00999145 0.034661 0.0405307 0.0523076 0.0888881 0.0444476 0.0318524 0.0487973 0.0663315 -0.00739143 0.0445774 0.0328539 0.0921496 0.0641331 0.0569438 0.0392496 0.072655 -0.00269111 0.0239507 0.0300577 0.074342 0.0689034 0.0370123 0.0539967 0.0356916 0.0489834 0.00833358 0.0210783 0.0276267 0.0675036 0.0300789 0.0383489 0.00104248 0.0807518 0.0264978 0.0670002 0.0595399 0.0449528 0.0346454 0.0248425 0.0404896 0.0200952 0.0459924 0.057353 0.0531402 0.0265196 0.018561 0.0321415 0.0403136 0.0491138 0.0633249 0.0195053 0.0706747 0.0536207 0.0217453 0.0463336 0.0472593 0.0361392 0.0309921 0.050186 0.0478323 0.0582638 0.0428141 0.039068 0.0489014 0.0554742 0.0138847 0.106555 0.0246831 0.0365661 0.0722425 0.106703 0.0377215 0.0167318 0.0442267 0.0350847 0.0404316 0.0162 0.0305752 0.023896 0.0123588 0.0188743 0.0521547 0.0820353 0.0842843 0.0794375 0.0422762 0.0298607 0.051418 0.0479654 0.0975848 0.0463094 0.0302151 0.0897479 0.0763386 0.023081 0.0183521 0.0488973 0.00686813 0.0263959 0.00596639 0.0399163 0.0247695 0.0556744 0.0392119 0.0347863 0.0762828 0.0468561 0.0520201 0.0598563 0.0354534 0.0247187 0.0529231 0.0699988 0.0996799 0.095653 0.0560509 0.0409241 0.0841183 0.0337426 0.0703555 0.0321948 0.0369257 0.0291391 0.0121788 0.0343154 0.0294274 0.0873886 0.0765579 0.084774 0.0794803 0.0389524 0.0431766 0.0467443 0.0243871 0.0343544 0.0434602 0.0337726 0.0324856 0.0293919 0.0161559 0.064533 0.0139777 0.0298512 0.0732691 0.0156644 0.0223404 0.0569106 0.100342 0.0126877 0.0271747 0.0366828 -0.000499521 0.0565644 0.0460775 0.0466896 0.0289394 0.0696066 0.0626798
internal_weight=95253.4 57319.8 37933.6 15688.7 12411.1 41631.1 25522.5 8649.7 11081.5 32682.7 8948.41 6034.97 4607.2 20274.8 3761.38 5247.68 4719.14 2894.08 3930.56 2577.13 7304.58 1643.84 4216.73 11537.1 1755.53 2645.76 5046.54 3570.9 2273.43 1760.42 1433.05 4162.65 21145.6 1713.11 2522.12 2063.94 1641.25 2963.61 1280.62 1030.95 3168.12 210.788 2865.31 2635.79 3399.18 3139.81 1115.63 590.233 474.881 1133.67 16112.2 2577.52 1850.06 1980.38 999.742 1393.43 2150.08 1353.43 2237.95 1317.84 172.964 1019.47 848.055 1563.92 1115.56 1333.78 1901.45 422.694 880.003 166.527 907.479 118.917 980.634 964.175 1694.6 9758.37 1480.17 739.322 886.737 725.651 476.613 228.065 409.533 359.368 1122.88 246.928 749.144 8397.27 248.625 670.099 860.334 531.308 923.31 671.023 564.342 170.62 765.259 493.158 748.874 1274.77 329.026 161.774 286.599 289.028 11676.6 277.872 733.204 870.631 541.196 356.764 109.578 900.807 4435.64 301.947 226.016 852.018 586.283 403.39 714.932 114.841 75.8817 1936.01 212.656 171.905 160.172 282.727 187.416 1294.51 1222.83 642.954 568.97 350.211 167.605 693.92 263.744 430.176 93.7693 336.407 600.091 494.551 854.364 357.974 496.389 298.3 194.628 98.4006 198.09 581.001 209.691 475.249 1331.59 1291.63 275.388 246.619 1016.24 914.579 289.521 625.058 535.599 247.184 192.064 313.216 3733.68 55.12 214.034 182.607 2948.91 55.7098 376.236 152.958 119.758 98.0221 729.139 279.145 212.799 1502.66 526.893 826.778 1169.24 1029.3 711.104 581.813 124.118 90.2061 256.453 627.227 93.0673 115.352 1919.01 402.783 103.672 664.248 99.2715 1824.99 77.5679 1747.42 144.913 76.8357 68.077 54.012 76.4666 655.417 588.972 399.877 239.135 189.095 120.471 68.6241 582.135 2181.23 1319.81 167.252 85.0907 899.165 74.8324 287.789 196.633 170.395 134.214 445.007 70.3399 171.583 883.174 196.504 142.193 556.716 505.735 388.457 342.665 117.278 252.287 146.701 119.986 467.402 414.943 171.294 232.322 400.097 86.053 360.63 203.925 152.912 142.22 2284.95 71.1834 128.989 89.6352 2012.57 310.535 161.423 361.851 80.1881 130.913 76.0774
internal_count=780829 218981 561848 111692 141054 107289 420794 108736 66002 68892 38397 41675 45690 344739 32318 76055 66374 31687 42362 29645 27952 10445 63019 33216 22572 24703 24327 16442 27037 17560 8350 66249 35676 14003 36009 18227 15177 43802 12545 13036 13765 2095 15426 21754 19921 11474 7615 5622 4245 14127 278490 13369 10418 17099 9405 17389 32869 12717 33948 12239 1273 13628 11879 16123 14349 7404 29498 3050 9648 1459 10693 1381 7694 9985 27010 19732 9746 9066 11490 9854 4798 2578 3426 3183 8381 2637 7454 21742 3371 4914 10489 6841 12598 9473 6645 2547 9314 5652 7533 6876 3648 1989 3010 2376 203599 3040 9060 4119 4515 3207 1185 6601 74891 4090 2926 6095 4594 4850 7065 1320 772 29858 2983 2297 1281 3598 2237 21056 7686 8549 4706 3188 1774 8453 3472 4981 1260 3721 5745 4949 11209 5032 6177 3456 2051 892 2721 4337 2116 6557 14157 13614 3154 2956 10460 9628 2700 6928 6144 2588 1882 4549 11510 706 2442 1414 9173 647 5283 1623 1377 1134 10498 3408 2746 22381 7442 8132 7204 6108 4567 6476 1585 850 2736 2732 950 1377 10175 2677 1405 9412 946 28550 1045 27505 1736 1031 705 645 948 4655 6173 4004 2197 2169 1507 662 4497 8901 5955 1659 984 5409 938 2057 2521 2106 1763 6547 807 2079 4806 1437 920 3766 5826 4319 3675 1507 3125 1687 1495 5850 5343 2452 1966 5954 1138 2632 2956 2118 1379 8959 993 1686 1084 33380 2780 1585 3885 997 1017 650
is_linear=0
shrinkage=0.01


Tree=3
num_leaves=255
num_cat=0
split_feature=7 54 7 55 56 58 12 7 54 56 6 53 60 6 54 6 54 56 57 8 6 7 2 18 8 49 47 37 58 46 6 11 6 0 6 62 55 46 57 58 53 12 28 10 136 50 57 6 116 0 14 6 82 47 33 98 21 63 27 37 6 62 58 62 62 38 55 134 18 56 59 47 45 11 50 98 33 63 55 8 21 27 141 59 42 30 11 49 55 8 50 62 6 46 60 122 88 82 0 7 58 54 116 34 56 45 27 46 82 21 18 8 69 46 34 94 24 32 6 3 118 18 53 35 49 26 50 41 58 43 27 18 49 8 55 58 35 35 46 116 37 56 47 99 122 58 47 83 38 135 55 50 83 60 45 12 118 6 18 122 25 133 94 12 25 99 12 1 18 134 41 60 21 7 118 135 47 140 90 8 64 95 55 131 21 18 57 54 47 47 6 28 116 47 55 63 34 27 117 15 7 26 21 50 94 1 42 39 94 6 66 27 18 43 46 117 55 56 32 6 66 30 54 49 32 49 94 55 42 33 30 136 78 122 61 18 8 32 100 58 12 136 18 57 47 139 59 131 88 62 6 135 37 57
split_gain=1.47565e+06 137102 107713 26655.4 23714.3 15829.4 15778.1 10379.4 4824.24 4773.58 4734.03 4444.73 3988.33 3616.35 2794.05 2738.35 2473.07 2180.56 2164.96 1976.17 1490.48 1342.44 1310.63 1283.48 1271.13 1222.18 1211.26 1160.48 1147.26 1111.24 1085.05 959.528 907.24 899.186 852.177 839.151 793.856 766.691 761.573 759.851 726.496 725.863 702.274 698.986 689.503 672.793 670.138 666.303 645.42 644.137 642.269 635.199 620.608 619.671 611.611 610.954 606.445 605.312 592.968 590.063 574.152 573.362 567.737 552.901 547.871 544.87 635.637 547.207 540.252 539.03 525.075 508.845 496.445 489.934 474.128 470.038 468.497 463.702 456.185 450.929 445.366 441.68 441.562 444.813 559.737 437.643 448.378 434.278 426.521 425.654 422.814 420.786 419.017 485.396 507.511 482.777 457.099 413.385 412.372 411.876 408.836 403.369 403.232 403.019 580.993 564.512 458.911 508.492 411.436 402.599 402.37 400.487 398.638 397.303 396.829 391.717 388.282 465.884 385.948 382.311 381.901 379.065 374.216 370.585 559.182 366.421 361.78 361.179 356.189 353.712 353.521 366.776 351.671 434.271 369.851 348.959 343.711 340.756 405.995 338.482 411.044 378.302 336.06 333.805 332.579 321.755 321.535 345.656 333.271 335.525 338.568 323.141 318.864 316.276 315.61 384.641 313.206 504.748 311.318 372.587 310.479 405.794 314.373 309.901 309.355 321.959 307.093 305.132 404.892 304.573 303.825 354.999 309.174 302.625 359.515 315.65 300.671 299.885 366.037 304.479 298.341 302.684 297.552 322.681 333.823 295.685 292.654 355.746 292.589 292.125 352.656 290.027 290.023 288.793 360.19 286.805 285.607 356.133 285.402 285.385 284.934 291.447 283.901 283.424 366.612 400.843 590.162 311.864 282.852 302.625 281.421 281.026 279.694 279.057 314.509 335.102 277.184 275.501 272.422 271.747 316.345 271.634 270.291 431.869 269.766 269.56 266.679 346.073 266.572 289.853 266.449 266.01 265.938 265.534 265.395 275.142 264.821 264.137 263.026 411.578 261.626 261.354 261.164 273.332 260.659 258.461 258.019 327.093 341.709 272.29 672.869 257.402 257.272 256.768
threshold=913.61500000000012 222.50000000000003 3592.0200000000004 366.50000000000006 350.50000000000006 163.50000000000003 3.5000000000000004 220.04000000000005 373.50000000000006 6.5000000000000009 3771.6550000000002 5.5000000000000009 32.500000000000007 14675.175000000001 39.500000000000007 12976.195000000002 242.50000000000003 123.50000000000001 20.500000000000004 383.66000000000003 3077.7750000000005 366.85500000000008 1.5000000000000002 634.72810000000015 1379.5150000000003 1498.7358000000002 153.320435 33.500000000000007 449.50000000000006 902.12992000000008 4317.7650000000003 59.905000000000008 296.03500000000003 4.5000000000000009 1610.4400000000003 4.5000000000000009 6.5000000000000009 3081.4158000000002 881.50000000000011 7.5000000000000009 14.500000000000002 12.500000000000002 73.500000000000014 245.58500000000004 95.500000000000014 27.500000000000004 36.500000000000007 643.91000000000008 0.00035266114000000003 5.5000000000000009 5.5000000000000009 3409.8650000000002 10.500000000000002 153.320435 70.500000000000014 6.5000000000000009 2291.5000000000005 3.5000000000000004 127.50000000000001 6.5000000000000009 844.0150000000001 12.500000000000002 101.50000000000001 9.5000000000000018 2.5000000000000004 413.50000000000006 822.50000000000011 23.500000000000004 290.25785000000002 82.500000000000014 65.500000000000014 98.663327500000022 20.500000000000004 51.805000000000007 316.50000000000006 7.5000000000000009 340.50000000000006 1.5000000000000002 86.500000000000014 160.19500000000002 376.50000000000006 1479.5000000000002 2.5000000000000004 45.500000000000007 103.50000000000001 1635.5000000000002 23.905000000000005 438.19708000000008 535.50000000000011 1871.8600000000004 3.5000000000000004 6.5000000000000009 2251.1050000000005 4709.9150000000009 55.500000000000007 59.500000000000007 6.5000000000000009 25.500000000000004 2.5000000000000004 112.74500000000002 44.500000000000007 96.500000000000014 0.0038893195500000004 50.500000000000007 1.5000000000000002 1.5000000000000002 1019.5000000000001 1440.9437000000003 19.500000000000004 709.50000000000011 264.23235000000005 76.045000000000016 2.5000000000000004 2006.2785000000001 28.500000000000004 9.5000000000000018 1474.5000000000002 724.50000000000011 772.80500000000006 1.5000000000000002 0.0039889198500000006 45.134892500000014 1.0000000180025095e-35 8.5000000000000018 9.9866475000000019 3.5000000000000004 28.500000000000004 22.500000000000004 59.500000000000007 10.500000000000002 624.50000000000011 29.901211000000004 186.17001000000002 83.830000000000013 102.50000000000001 2.5000000000000004 100.50000000000001 49.500000000000007 1440.9437000000003 0.0080008890000000023 10.500000000000002 227.50000000000003 3815.1141000000002 6.5000000000000009 202.50000000000003 52.500000000000007 575.77460000000008 2.5000000000000004 134.50000000000003 42.500000000000007 5.5000000000000009 1.5000000000000002 11.500000000000002 31.500000000000004 27.500000000000004 14.500000000000002 0.0030902519000000003 4962.9050000000016 35.900105000000003 49.500000000000007 1.5000000000000002 62.500000000000007 14.500000000000002 12.500000000000002 5.5000000000000009 3.5000000000000004 37.500000000000007 21.500000000000004 111.75389200000002 56.500000000000007 10.500000000000002 6.5000000000000009 2267.5000000000005 1999.4650000000001 0.033219851000000002 39.500000000000007 1774.6262000000004 2.5000000000000004 2.5000000000000004 281.3300000000001 1.5000000000000002 1.5000000000000002 403.50000000000006 31.500000000000004 2234.5000000000005 200.53871000000001 68.500000000000014 882.50000000000011 2626.5788500000003 398.91584500000005 1088.7300000000002 22.500000000000004 0.0036833886500000006 1341.5370000000003 477.50000000000006 5.5000000000000009 72.500000000000014 554.50000000000011 0.034492054000000008 3.5000000000000004 667.55000000000007 3.5000000000000004 1988.5000000000002 14.500000000000002 11.500000000000002 6.5000000000000009 39.500000000000007 17.500000000000004 2.5000000000000004 181.80500000000004 6.5000000000000009 1019.5000000000001 119.50458500000001 22.500000000000004 7521.5277000000015 0.0089692192500000021 54.500000000000007 765.50000000000011 205.50000000000003 1538.1750000000004 2.5000000000000004 551.50000000000011 541.50000000000011 249.11248500000002 308.50000000000006 325.57108500000004 3.5000000000000004 1.0000000180025095e-35 9.5000000000000018 144.50000000000003 3382.5000000000005 96.500000000000014 20.500000000000004 41.500000000000007 7.5000000000000009 76.492385000000013 12.840000000000002 356.50000000000006 3.5000000000000004 44.500000000000007 12.500000000000002 59.500000000000007 92.839410000000015 24.500000000000004 1170.8497000000002 2.5000000000000004 5.5000000000000009 60.000000000000007 4.5000000000000009 1.5000000000000002 2525.9100000000003 63.000000000000007 9.5000000000000018 5.5000000000000009
decision_type=2 2 2 2 2 2 2 2 2 2 2 2 2 2 2 2 2 2 2 2 2 2 2 2 2 2 2 2 2 2 2 2 2 2 2 2 2 2 2 2 2 2 2 2 2 2 2 2 2 2 2 2 2 2 2 2 2 2 2 2 2 2 2 2 2 2 2 2 2 2 2 2 2 2 2 2 2 2 2 2 2 2 2 2 2 2 2 2 2 2 2 2 2 2 2 2 2 2 2 2 2 2 2 2 2 2 2 2 2 2 2 2 2 2 2 2 2 2 2 2 2 2 2 2 2 2 2 2 2 2 2 2 2 2 2 2 2 2 2 2 2 2 2 2 2 2 2 2 2 2 2 2 2 2 2 2 2 2 2 2 2 2 2 2 2 2 2 2 2 2 2 2 2 2 2 2 2 2 2 2 2 2 2 2 2 2 2 2 2 2 2 2 2 2 2 2 2 2 2 2 2 2 2 2 2 2 2 2 2 2 2 2 2 2 2 2 2 2 2 2 2 2 2 2 2 2 2 2 2 2 2 2 2 2 2 2 2 2 2 2 2 2 2 2 2 2 2 2 2 2 2 2 2 2
left_child=1 6 3 10 7 8 9 18 22 32 16 19 20 61 30 23 36 29 49 35 37 41 -4 64 38 34 -11 43 -15 60 68 72 54 40 48 65 76 59 51 -12 78 46 198 154 98 55 146 50 85 100 170 74 216 -41 -1 71 77 -26 101 -5 -9 -7 103 -17 153 66 67 -6 99 120 -21 -23 160 -29 136 -56 226 97 -20 115 -52 -39 83 84 -68 86 -19 158 -25 177 193 113 93 94 244 -95 -97 114 -38 252 110 -33 125 104 -54 241 107 -106 203 -107 -3 234 -42 -22 189 -50 -92 -118 -84 -34 152 -100 -82 200 -125 213 -51 230 -67 -47 -89 -132 133 186 -134 -123 143 138 -36 -136 141 225 237 -14 211 -61 147 -16 149 151 -151 -148 219 -10 155 217 -104 -158 159 -35 161 162 -28 -64 165 -62 -159 168 -138 -87 171 172 -31 174 175 -137 -153 178 253 -180 -162 -182 183 -160 -185 -93 -80 224 -139 -43 -191 199 -135 194 -69 -98 197 -111 -27 -57 201 -73 -60 204 207 206 -206 -109 209 -101 -154 -24 -203 -55 215 -215 -49 -13 -202 220 -18 -74 223 -181 -188 -141 227 -2 -152 -230 -72 -210 -131 -113 -48 -236 -102 -117 -133 -240 -199 -105 243 -173 -37 -238 249 248 -248 250 -177 -156 -8 -71
right_child=2 4 5 12 11 13 14 17 15 26 39 27 24 28 21 63 69 25 33 70 91 45 144 88 57 42 31 73 -30 47 -32 58 119 87 137 92 44 81 -40 53 112 56 -44 -45 -46 129 111 52 79 126 80 -53 62 102 75 191 -58 -59 202 145 164 -63 163 -65 -66 128 82 90 -70 89 127 123 221 -75 -76 -77 -78 -79 132 -81 122 -83 118 -85 -86 169 -88 130 -90 -91 116 185 -94 95 -96 96 195 -99 121 208 236 -103 156 105 106 109 -108 108 -110 196 -112 233 -114 -115 -116 142 117 -119 -120 -121 -122 135 -124 124 -126 -127 -128 -129 -130 232 131 238 134 192 139 173 167 188 -140 140 -142 -143 -144 -145 -146 -147 148 -149 -150 150 228 176 210 -155 251 -157 157 166 182 -161 180 -163 -164 -165 -166 -167 -168 -169 -170 -171 -172 242 -174 -175 -176 246 -178 -179 179 222 181 -183 -184 184 -186 -187 187 -189 -190 190 -192 -193 -194 -195 -196 -197 -198 240 -200 -201 218 212 -204 -205 205 -207 -208 -209 231 -211 -212 -213 -214 214 -216 -217 -218 -219 -220 -221 -222 -223 -224 -225 -226 -227 -228 -229 229 -231 -232 -233 -234 -235 235 -237 245 -239 239 -241 -242 -243 -244 -245 -246 -247 247 -249 -250 -251 -252 -253 -254 -255
leaf_value=-0.0075990201178699063 0.0090463739760032955 0.003846079368352141 0.026648513892164386 0.025952382475709971 0.0069910639676099996 0.093071038716081314 -0.0039366579296025248 2.82590031951415e-05 0.076203162991033135 -0.0013514482074784928 0.043669021749746524 0.038395119538794632 0.056751494627685001 0.10245029450929428 0.018103659321015458 0.093153924638131311 0.045780834473316621 0.024035649480399122 -0.0029452688760756114 0.055385354415660587 0.044828181239815301 0.014293717636585693 0.056561807772317979 0.024710574786061337 0.082615653074381554 0.072954281689913983 0.014648942239729994 0.070881730853149846 0.10710910981783243 0.017730825908230281 0.051379898220019822 0.020758047626364212 0.0031517264591080581 0.036140184210234953 0.033396460124672171 0.019788269736753843 0.006179464661167461 0.065123449208076695 0.088596145800101292 0.037635082881900893 0.025071303025730751 0.01342432958208566 0.033136672636687778 0.079837287640516189 0.0033535276638131484 0.019955997720619918 0.0071775733225325827 0.035360199370022286 0.059669315469376552 0.018318413463556817 0.08031740211876065 0.082513481380674922 0.0085504773493842064 0.070250497986421884 -0.0032064414138201929 0.051216387577627795 0.068715675942251433 0.093539992044084974 0 0.07346638446610243 0.05470464733968812 0.099683589123693392 0.034350090696691309 0.10019589001282628 0.088924169830168931 0.043782672204210948 0.055760012710509087 0.052052821846889606 0.03383459972675415 0.038966764905710605 0.046023214674861153 0.055234982573627543 0.05345400292490228 0.090585563212144782 0.087537180476789336 0.041038172129760006 0.061523140373837729 0.055574798037940507 0.00040523388636694394 0.048375285154149399 0.046887647596400503 0.089058373365187113 0.015119379584056547 0.065565501075210392 0.0060270229544403522 0.024953448424011874 0.064760980771093699 0.059381786305503774 0.06670126897248943 0.076947835045434509 0.010966722156135738 0.077344267119517404 0.076027037584120397 0.068888718804216847 0.004924949516949188 0.058474901909200051 0 0.056431718484838703 0.0093657481521233765 0.032604700627597939 0.0071872021740484069 0.067290673969980577 0.080159025568057901 0.00070402828866229414 0.016390367900620248 0.0020849466850018186 0.062031752881316786 0.071916597726462111 0.016156222924149782 0.056376868521244045 0.032974294960367925 0.054618553032434798 0.075634124897591026 0.073881637622877527 0 0.045241618276298905 0.058078525034944831 0.012438515100135678 0.05529828848344371 0.034550003168158219 0.053024609142406968 0.018734509708294374 0.0047431559910383128 0.0057952094851901901 0.031835054421245221 0.029606875700607951 0.045531319647385667 0.082452767157038073 0.0061106383425722707 0.073981748810369924 0.00060683468473829894 0.028408348492298927 0.061957593549457651 0.046818551164708531 0.020100466633684783 0.016805575726641639 0.034915822960404297 0.012437501772521635 0.066662411338973937 0.052880467771924629 0.012959249590718116 0.073334229501991366 0.050121264143806361 0.075602480688292312 0.077569384873894323 0.036723508656265703 0.0079407367772873546 0.0043968642174673075 -0.00069737317811384566 0.044753684540803411 0.032424297767758334 0.063105345196607543 0.0065603675257929119 0.089928014764682429 0.052016737642664714 0.078983826664018042 0.054219249559361291 0.057920163762836027 0.054773235191516244 -0.0070047861864369941 0.0043262385757194041 0.00017915623536112298 0.038060193164197481 0.067787621023898709 0.0053718437432700942 0.013069838038029651 0.080021449450070892 0.078104684138178102 0.065102381271960871 -0.0038055283941933753 0.0080645457401119277 0.00079684234878640305 0.048178092604392077 0.057704846094175845 0.061297680905899661 0.0497402080533383 0.019538164823735521 0.045601297508450933 0.020110252180177257 0.0077396989028428922 0.051746483454341588 0.012131965588862226 0.052329872229267535 0.013525057070298774 0.049198487884937948 0.090687721205076677 0.032972065444263225 0.052258287296447346 0.050407404927981077 0.014325393221991447 0.062879964283850065 0.0033555909483559024 0.0058744542642588226 0.056797254898062283 0.014446510019445696 0.039991622082364085 0.042348415888301301 0.033811801500659419 0.046484933290511211 0.01010523868867361 -0.0035342258443257519 0.0069861578984888005 0.041095293127811246 0.071370893893798346 0.010114948667501461 -0.00026754171006823131 0.065109380266345468 0.033113411518740365 0.0096984381396572946 -0.00080662338180009666 0.040610874702649194 0.078708241002080806 0.050731554474483888 0.06283414284867124 0.06570960936240168 0.034253838811725446 0.070872971390680439 0.066231787064777545 0.036097762474462204 0.04778130959809164 0.0083353590567469861 0.01722510270056397 0.060163186424458462 0.05044857896458891 -0.0010394721580014158 0.011070980544240697 0.00090227258132134379 0.040370023044899166 -0.0037996444800235214 0.015839186781741618 0.07338254410124688 0.035555049409978987 0.035777356628533492 0.025825613891199143 0.012164008309206407 0.056603827826531117 0.032108360199519716 0.0087793676142456818 0.080922031999163813 0.028711020066317112 0.0081426055912234806 0.030067453627743278 0.057851467475295543 0.043573764825187516 0.053486404811713122 0.0035428965239872523 0.018796548412493345 0.054648212514801217 0.045996515462767194 0.067396264470383771 0.0018496440043889299 0.020576097454034784 0.026063789441134889 0.069387408481291074
leaf_weight=11780.997189261019 84.7482995018363 1064.3451884426177 76.87543511390686 95.139636091887951 59.71113445609808 2922.8493915125728 693.35710039362311 128.95984934642911 925.13962415605783 1598.4006873592734 177.18359636887908 89.430888451635838 158.3389935977757 10709.399360671639 234.84021037817001 3699.3243567571044 44.720710687339306 65.048816192895174 82.165017750114202 287.87057175114751 62.113144241273403 202.69334966316819 280.43300257623196 46.205345295369625 1003.6575159654021 326.80407869070768 383.27574959397316 246.05327645689249 15919.044495008886 286.71033684164286 47.966897338628769 32.779202260077 682.19628019630909 31.246699046343565 50.786813139915466 33.825388006865978 35.344978790730238 1338.0750260688365 922.89733590185642 81.278553616255522 32.893605787307024 94.650217901915312 72.246432974934578 230.05922765657306 53.733698908239603 33.654918879270554 119.87205356732011 38.511970832943916 37.6973244138062 312.75230645388365 32.084688704460859 1213.4350678771734 46.747251339256763 370.09973312914371 3642.1534059047699 28.13894322514534 33.178108546882868 1896.1072788313031 57.033906362950802 75.214237734675407 54.892720237374306 4592.5816003680229 49.680617619305849 2594.4028233140707 3015.7121541798115 37.89594816416502 65.579135682433844 52.35810212790966 57.293419629335403 41.757687967270613 85.258366998285055 152.9189058765769 31.910314600914717 510.21564023941755 183.55317801237106 22.148969296365976 21.698892213404179 40.160994473844767 194.4740519747138 725.14219868555665 89.451265975832939 100.29942574352026 58.188520535826683 251.28802802786231 35.541508849710226 149.95980934053659 51.392538070678711 115.02997145056725 61.949073776602745 109.11935353279114 83.965513583272696 727.43108206987381 101.39372824877501 227.13415285199881 38.140340752899647 112.03204421699047 28.483646042644978 25.803248208016157 37.046251107007265 26.856303457170725 137.16674447059631 53.630074203014374 402.634525898844 80.198251582682133 78.269534062594175 35.103115648031235 140.50767627358437 63.616708733141422 44.442054804414511 32.732156563550234 47.833009608089924 62.078512951731682 35.721112813800573 1394.2420855686069 102.00312948599458 23.06644993647933 58.81502940505743 38.500916473567486 42.628306414932013 39.278635133057833 531.46278287470341 61.385713212192059 28.71482765302062 101.81391783058643 481.62088302895427 40.391455348581076 58.678974609822035 268.26688391342759 71.919350650161505 56.530434548854828 26.307186290621758 85.216284912079573 25.827413447201252 54.646075543016195 555.59625921025872 65.801101166754961 106.38462731614709 31.803969722241163 289.65810020267963 29.796186544001102 50.739108886569738 38.602525625377893 36.297800820320845 608.13102251291275 445.77936934307218 47.058151260018349 31.822327695786953 850.51706624031067 94.025207955390215 34.461876470595598 55.648439049720764 44.241834174841642 52.244512051343918 329.40273608267307 94.179621864110231 108.33270365744829 240.73008279502392 121.878931209445 33.587429780513048 48.309893056750298 1917.9746134355664 170.16021608561277 68.015214800834656 102.46467004716396 37.176518198102713 30.970367625355721 304.45340104401112 58.961650654673576 93.833752024918795 47.210104197263718 105.7025023214519 25.877326000481844 37.582421902567148 160.77402626350522 86.162996370345354 177.19824707508087 29.069382157176733 324.56594385951757 33.442473996430635 32.04277516528964 22.954929038882256 100.24058658629656 64.383664827793837 138.8514607027173 31.739869195967913 380.29592627286911 33.68587289005518 25.196746606379747 68.929611418396235 29.346392244100571 33.862967573106289 163.78278455138206 26.679138977080584 158.38556955754757 53.71994898840785 46.942818630486727 400.1408276297152 74.627920795232058 65.692971467971802 43.109586909413338 23.933271128684282 33.636783920228481 22.103982999920845 56.509695664048195 35.639288123697042 30.574833374470472 45.041835382580757 40.577880688011646 552.79358023032546 440.53968752548099 46.372808028012514 101.75289006531239 25.868895635008812 75.837735019624233 202.19453847780824 118.34214173257351 98.548837084323168 82.449061941355467 54.395214524120092 383.83393359556794 47.253658205270767 64.857294514775276 257.46953712031245 106.76723898202181 65.422736074775457 34.03704172000289 92.216848708689213 61.799523238092661 114.82482228428125 208.26933343335986 100.96742921695113 41.735070336610079 38.150586191564798 82.986211780458689 32.329067904502153 25.735509637743235 142.7915860787034 109.61118938028812 33.547000925987959 33.573545202612877 88.692908130586147 47.550885256379843 56.795754931867123 35.238422553986311 116.08982540294528 42.273011393845081 155.46856843680143 59.654218036681414 69.043352514505386 63.449434749782085 35.793575778603554 42.726826541125774 27.762681361287832 324.1026521101594
leaf_count=207078 1245 16772 922 1091 838 9442 11623 2022 5067 26651 1793 923 1236 20818 3355 12300 464 814 1346 2412 552 2885 2242 506 4730 2261 5652 1611 21680 3965 460 442 11017 360 558 424 531 9843 3712 841 419 1351 809 1281 784 436 1815 440 335 4259 206 5814 665 2516 61858 272 265 6474 895 502 526 11009 549 6189 11912 372 577 501 705 429 762 1512 307 2098 819 269 184 389 3102 7092 931 488 742 1909 488 1848 417 1027 392 644 1121 4013 604 1644 517 932 398 241 515 350 2097 431 2329 1193 1048 514 1212 493 590 299 587 612 246 8350 1572 233 508 506 354 490 4895 810 409 1512 5856 438 622 1378 959 409 391 1035 242 585 7485 866 1021 405 2210 302 703 292 350 3621 2439 477 475 13249 1481 385 693 402 716 1276 807 633 2022 939 319 775 30383 2741 813 777 546 419 1669 301 618 718 1533 392 394 1410 753 1806 396 3126 413 427 246 1500 624 1937 321 1572 424 253 607 407 286 2454 395 1404 714 459 4242 860 607 607 374 501 248 424 491 456 375 464 8376 7178 467 583 260 554 1403 1198 764 588 629 3757 657 891 2050 959 1043 486 1398 704 1841 2941 626 526 436 1076 465 244 1800 1553 215 400 1229 563 533 380 1041 649 2010 551 685 512 524 496 362 2387
internal_value=0.061884 0.013504 0.0921556 0.0700262 0.0409536 0.10002 0.000625203 0.0315228 0.0898418 -0.00343544 0.0527714 0.0612977 0.0795623 0.103466 0.0153411 0.0917413 0.0457958 0.0413605 0.0190355 0.0532314 0.0719051 0.0202593 0.0672742 0.0854481 0.08471 0.0488439 0.00564244 0.0756487 0.105244 0.0350844 0.0053755 0.00946614 -0.00597636 0.0264093 0.044743 0.0473518 0.0347323 0.0641917 0.0802252 0.0646593 0.0215004 0.0156145 0.0634495 0.0651877 0.0385928 0.0278949 0.0132531 0.0372489 0.0403325 0.0111399 0.0288394 0.0769617 0.0408046 0.0665073 -0.0064887 0.0256662 0.0287309 0.0898219 0.0327372 0.0456458 0.0149109 0.0971387 0.0388074 0.0960893 0.0863293 0.0415337 0.0439721 0.0358926 0.00411653 0.0520165 0.0670919 0.0288608 0.00804369 0.0843919 0.0712551 -0.00291404 0.0187965 0.0242345 0.0196359 0.0445676 0.0472327 0.0669207 0.0527636 0.0581855 0.0388329 0.0275148 0.0428846 0.0361287 0.0496273 0.0567859 0.0396933 0.0768282 0.0560248 0.0524027 0.0381089 0.0586481 0.045591 0.0194379 0.0404526 0.00311918 0.00806911 0.0506206 0.0677111 0.0365942 0.0430403 0.031539 0.0459913 0.0399715 0.0456338 0.0354255 0.00516475 0.0264521 0.0529328 0.0727125 0.0153235 0.0308242 0.0272727 0.0407368 0.0329507 0.00496572 0.0466131 0.0416737 0.036979 0.0321866 0.0273433 0.0616491 0.0228651 0.0742097 0.0197508 0.0498573 0.0452599 0.0355547 0.0212821 0.0135736 0.0254188 0.0429207 0.0681668 0.0569327 0.0619531 0.0239027 0.0371927 0.0486224 0.0237078 0.0718791 0.0709609 0.0602245 0.0107079 0.00739966 0.016512 0.0196436 0.0154084 0.0355978 0.0405003 0.0799522 0.0567415 0.0632084 0.0721507 0.0670768 0.0281824 0.010289 0.00721585 0.0134085 0.0183517 0.0575214 0.0301797 0.0404403 0.0740265 0.056684 0.0496164 0.0180482 0.0236238 0.0272675 0.0215637 0.0445626 0.0414302 0.0384951 0.0469405 0.0546793 0.0582465 0.0511994 0.00531428 0.0203019 0.0333308 0.0268418 0.0207135 0.0820894 0.00815958 0.0200135 0.0389923 0.0251569 0.0416215 0.0108667 0.03397 0.0479011 0.0337206 0.025309 0.0373583 0.0267984 0.0688075 0.0274333 0.0416181 0.0477545 0.012321 0.0502613 0.044073 0.0303284 0.0417699 0.0578074 0.00707712 0.00122261 0.0231603 0.0628631 0.0271974 0.0632432 0.0563555 0.0459937 0.0616184 0.0524138 0.0240772 0.0439614 0.0272357 0.0301138 0.0536838 0.0409107 0.0108453 0.0317524 0.0143931 0.0226886 0.0124909 0.00884852 0.0615321 0.0116434 0.0597497 0.0387904 0.0160182 0.0332561 0.0179689 0.0157704 0.041439 0.0565373 0.0201995 0.0120058 0.0422499 0.026219 0.0463095 0.0257444 0.0409543 0.033606 0.0275377 0.0481764 0.0418307 0.042714 -0.00269894 0.0661732
internal_weight=100759 38781.5 61977.5 16256.7 12383.2 45720.9 26398.4 8464.8 11577 20690.1 5791.5 3918.35 10465.2 34143.9 5708.28 10672.1 3656.48 4731.68 3733.12 2514.9 4219.87 3819.98 904.841 4378.41 6245.3 2151.35 4523.34 1403.45 26628.4 2580.34 1888.3 2924.94 16166.8 1927.28 1686.6 1772.54 1321.32 1655.79 3345.54 2135.02 1285.48 2379.73 464.743 647.178 1060.86 1440.25 2020.72 2328.34 1245.43 1805.84 698.158 2422.64 1630.18 1957.84 15445.3 1311.91 359.005 2899.76 165.547 217.412 251.999 7515.43 1493.12 6293.73 4270.25 1068.5 958.682 505.456 1840.34 2335.16 742.363 1076.88 2759.39 756.269 1209.2 3664.3 260.464 325.827 1216.87 931.815 150.251 1438.37 453.225 352.409 101.121 313.611 116.441 641.793 108.154 1229.27 445.745 2564.08 704.042 602.648 188.056 414.593 187.459 285.666 1007.12 1783.04 1434.41 86.4093 1876.56 1340.97 581.927 759.046 535.18 394.672 316.402 631.297 1112.18 323.001 68.6147 1456.36 259.863 206.673 181.281 97.3159 100.817 721.475 1105.89 971.777 118.166 874.188 583.435 806.866 371.431 454.493 109.815 128.336 293.674 178.644 1134.7 400.105 734.599 934.731 1025.65 441.178 340.445 708.771 153.175 102.436 168.975 766.47 827.965 122.272 1697.72 1085.36 612.363 518.338 413.204 105.134 574.426 1254.54 417.119 280.213 1069.7 667.062 348.119 79.5566 2662.62 621.451 451.291 152.145 123.04 85.8631 426.332 259.18 200.218 197.17 547.907 442.204 324.293 873.346 712.571 626.408 73.3112 1120.15 795.582 429.722 2041.17 123.196 268.562 204.179 170.591 1107.73 318.779 124.305 100.734 157.86 63.2094 235.031 81.3252 264.464 106.078 75.4265 596.194 196.053 392.497 71.2485 290.753 212.425 79.1379 271.96 215.451 111.256 80.6811 104.195 1061.92 467.396 98.6173 382.186 59.5057 766.474 396.374 194.18 137.061 171.88 78.3285 475.808 91.9744 96.7676 396.28 138.81 99.1086 63.8332 238.765 146.548 378.743 323.094 186.226 594.529 94.681 145.065 177.937 58.0646 322.231 132.678 152.337 67.1205 163.321 127.749 117.912 61.1157 149.915 185.065 560.607 284.166 224.512 276.441 212.992 136.906 721.12 365.86
internal_count=780829 566437 214392 107615 132861 106777 433576 102234 43828 351912 52381 30627 55234 62949 81664 37642 36679 50721 51513 22190 26888 52084 6186 19153 28346 20817 71200 8437 42498 29904 29580 44549 280712 24727 17140 17012 15288 12401 17142 15702 17323 33941 3677 4728 11757 18143 29430 26391 13360 26786 8743 13430 17648 13909 269205 16862 4511 11204 2016 2070 3513 20451 16444 18489 18255 10993 9662 5592 29120 21391 5178 13529 42533 3709 7616 62127 3531 4246 16658 9563 1546 10331 4070 2974 1065 3797 1231 7404 898 10435 4754 14487 6019 5415 1982 3433 1789 3857 10973 28415 21905 873 13068 15118 6218 8900 5553 4341 3293 7144 17359 4212 665 8902 3616 2471 2135 1014 1096 11507 10956 10442 1340 10644 7368 6109 4881 2766 1331 1281 3068 2041 15312 5802 9510 9927 6797 3780 2768 9268 1783 1080 2136 4857 5264 979 25218 16604 8614 7133 5860 1273 6061 6343 3447 2144 6959 4630 4336 1135 41335 9206 6465 1326 1491 945 2608 1940 1639 2566 7197 5664 4359 9117 7707 6954 798 9791 6665 3849 32129 1746 3201 2577 2258 5585 4822 1720 1012 2044 693 3333 980 2619 1215 857 6630 2388 2868 879 3276 2273 1143 2703 2279 1322 866 957 16430 7528 1183 2825 761 5671 3155 1752 1204 1511 1003 4878 1121 1198 3436 1386 1467 788 3347 1949 5475 4782 1388 8902 845 1688 2524 709 4546 1786 1650 615 2089 1756 1305 772 1465 2449 6088 3246 2695 2842 2330 1303 11985 2816
is_linear=0
shrinkage=0.01


Tree=4
num_leaves=255
num_cat=0
split_feature=8 54 6 55 55 12 58 6 6 8 53 6 55 6 8 54 57 9 54 60 17 60 12 46 11 63 121 57 6 86 47 25 132 41 9 10 55 8 58 55 12 60 8 45 14 24 120 121 6 57 33 5 28 6 51 120 59 121 31 63 58 136 6 47 117 59 60 132 47 106 144 8 11 16 132 12 115 114 61 6 134 120 50 57 79 6 47 134 120 114 118 21 12 63 55 21 122 136 27 30 30 43 91 9 60 22 47 35 135 61 94 115 33 99 30 47 83 11 33 119 32 10 43 54 94 21 27 119 86 136 116 114 55 8 21 136 58 46 117 10 9 6 117 27 6 46 9 9 54 32 12 121 53 57 21 8 114 131 115 122 122 50 18 68 141 8 119 21 31 28 43 117 47 57 12 6 12 121 15 8 116 94 45 43 116 91 27 41 54 95 46 27 28 120 30 12 115 94 54 42 135 125 18 68 115 131 42 32 116 27 57 6 118 79 114 27 135 51 59 42 47 55 10 18 6 59 103 103 54 9 12 42 18 116 86 8 54 18 121 30 24 21 55 55 122 18 47 79 110 42 118 27 47 132
split_gain=1.24985e+06 109453 101141 29473.5 18611.2 14449.3 12200.3 8523.36 6098.71 5062.47 4255.68 4958.05 3834.28 3574.46 3102.84 2924.12 2646.84 2631.19 1931.5 1615 1582.58 1366.03 1274.79 1254.78 1142.86 1085.85 995.808 985.192 956.443 879.088 865.53 814.821 803.312 796.776 739.505 734.218 704.722 699.891 685.411 645.778 645.692 643.026 626.98 618.147 615.177 721.401 614.892 608.966 597.376 591.208 586.865 582.856 580.46 572.156 559.698 557.601 555.061 541.048 522.34 503.234 490.145 489.871 489.72 489.362 481.947 481.855 475.178 466.368 463.857 537.784 458.771 516.433 448.63 446.963 446.568 444.132 444.095 485.215 457.306 451.185 527.254 441.478 438.55 427.042 426.766 425.466 418.84 415.311 525.828 467.08 490.25 415.202 412.734 412.496 411.083 401.917 399.232 394.226 395.946 571.07 379.141 376.425 375.842 373.038 366.135 363.478 361.248 357.547 357.291 364.559 356.934 356.401 355.148 355.802 554.274 353.439 393.907 350.881 348.033 489.214 344.78 344.101 341.343 338.761 337.473 336.083 409.127 333.635 331.679 330.429 327.798 323.313 322.297 338.617 333.445 322.221 320.877 320.206 351.614 319.841 318.971 317.774 466.393 317.363 316.272 380.791 315.352 310.915 323.943 366.871 308.753 465.755 404.002 323.218 307.487 307.185 305.782 488.289 351.442 366.98 305.316 423.712 305.297 304.732 302.757 302.555 300.262 299.862 299.302 298.626 297.254 320.694 295.102 293.783 293.731 293.616 319.243 327.248 292.63 299.193 291.233 332.386 293.805 343.614 291.191 295.587 289.698 288.848 287.824 454.159 287.384 313.646 327.778 286.382 284.407 489.799 370.41 283.168 282.613 420.601 345.241 280.958 278.775 276.026 309.646 303.485 275.986 273.546 272.593 368.242 285.001 271.68 270.79 270.649 268.966 268.376 268.023 266.749 265.392 267.426 303.861 264.729 282.382 263.471 263.186 262.91 262.234 267.802 260.178 259.767 353.508 367.524 259.54 266.734 259.488 308.488 259.098 288.697 259.018 262.279 256.509 256.193 256.074 255.454 255.451 308.587 286.738 290.637 253.975 252.509 252.234 301.501 251.908 251.021
threshold=383.66000000000003 189.50000000000003 6605.7500000000009 366.50000000000006 303.50000000000006 3.5000000000000004 141.50000000000003 643.91000000000008 3005.8450000000007 1181.8500000000001 5.5000000000000009 1438.075 9.5000000000000018 1572.8950000000002 7227.0700000000006 222.50000000000003 449.50000000000006 2073.9400000000005 39.500000000000007 11.500000000000002 1.5000000000000002 44.500000000000007 15.500000000000002 4131.2309000000014 16.940000000000001 1.5000000000000002 2777.1150000000002 57.500000000000007 1688.8900000000003 14.500000000000002 4856.653150000001 4.5000000000000009 88.500000000000014 5.5000000000000009 53.105000000000011 159.02500000000003 916.50000000000011 168.92000000000004 151.50000000000003 108.50000000000001 25.500000000000004 85.500000000000014 3461.5550000000003 20.500000000000004 2.5000000000000004 261.50000000000006 31.500000000000004 3024.5200000000004 296.03500000000003 26.500000000000004 618.50000000000011 1.5000000000000002 148.50000000000003 2356.3100000000004 610.50000000000011 28.500000000000004 191.50000000000003 5177.7850000000008 1904.5000000000002 8.5000000000000018 57.500000000000007 90.500000000000014 576.12500000000011 339.54680000000008 0.016360370500000002 5.5000000000000009 13.500000000000002 79.500000000000014 22.143137000000003 2.5000000000000004 3.5000000000000004 79.910000000000011 25.995000000000001 3.5000000000000004 67.500000000000014 10.500000000000002 0.092263290000000012 0.025831450000000002 7.5000000000000009 4962.9050000000016 46.500000000000007 46.500000000000007 12.500000000000002 4.5000000000000009 13.500000000000002 215.61500000000004 1824.0908000000002 49.500000000000007 57.500000000000007 0.048763493500000012 0.0022781639000000005 1503.5000000000002 10.500000000000002 4.5000000000000009 209.50000000000003 2342.5000000000005 75.500000000000014 95.500000000000014 838.50000000000011 2653.5000000000005 529.50000000000011 1.0000000180025095e-35 1.5000000000000002 144.715 4.5000000000000009 1.5000000000000002 611.86162500000012 97.500000000000014 51.500000000000007 7.5000000000000009 16.500000000000004 0.076910548000000009 182.50000000000003 2.5000000000000004 2824.5000000000005 1458.8935000000004 10.500000000000002 79.015000000000015 92.500000000000014 18.500000000000004 881.50000000000011 49.905000000000008 80.500000000000014 41.500000000000007 15.500000000000002 2050.5000000000005 933.50000000000011 80.500000000000014 18.500000000000004 39.500000000000007 0.0066675558500000004 0.082214185000000009 16.500000000000004 172.24000000000004 2037.5000000000002 90.500000000000014 109.50000000000001 12525.358000000002 0.0094725385000000006 387.05000000000007 277.09500000000008 3077.7750000000005 0.025441934500000003 215.50000000000003 3157.1100000000006 3161.6626000000006 117.83500000000002 68.010000000000005 289.50000000000006 431.50000000000006 6.5000000000000009 1033.4150000000002 1.0000000180025095e-35 45.500000000000007 1598.5000000000002 229.43500000000003 0.050781786500000002 48.500000000000007 0.042480751000000004 36.500000000000007 54.500000000000007 1.0000000180025095e-35 93.70463500000001 4.5000000000000009 2.5000000000000004 47.910000000000004 43.500000000000007 685.50000000000011 2042.5000000000002 194.50000000000003 4.5000000000000009 0.034492054000000008 2153.2850500000004 70.500000000000014 27.500000000000004 5393.6350000000011 38.500000000000007 10952.565000000001 5.5000000000000009 653.04000000000008 0.00064148827000000007 21.500000000000004 4.5000000000000009 47.500000000000007 0.0019151739500000002 1.5000000000000002 814.50000000000011 15.500000000000002 82.500000000000014 8.5000000000000018 384.72190500000005 992.50000000000011 174.50000000000003 36.500000000000007 2686.5000000000005 12.500000000000002 0.095245555000000023 8.5000000000000018 498.50000000000006 73.500000000000014 85.500000000000014 1.5000000000000002 160.04747000000003 1.0000000180025095e-35 0.075556503000000011 24.500000000000004 165.50000000000003 599.50000000000011 0.010140131000000002 1013.5000000000001 200.50000000000003 1194.7400000000002 0.008851189750000002 9.5000000000000018 0.029618477000000004 728.50000000000011 89.500000000000014 5.5000000000000009 3.5000000000000004 135.50000000000003 4296.076250000001 82.500000000000014 128.84500000000003 75.820492000000016 789.72500000000014 206.50000000000003 1.5000000000000002 1.0000000180025095e-35 587.50000000000011 72.935000000000016 6.5000000000000009 29.500000000000004 95.473292500000014 0.0052402303500000006 12.500000000000002 720.05000000000007 440.50000000000006 93.70463500000001 2777.1150000000002 1345.5000000000002 1981.5000000000002 2306.5000000000005 58.500000000000007 60.500000000000007 28.500000000000004 178.11708000000002 252.58877000000004 10.500000000000002 2.5000000000000004 416.50000000000006 0.00085564546000000015 768.50000000000011 1583.0429500000002 89.500000000000014
decision_type=2 2 2 2 2 2 2 2 2 2 2 2 2 2 2 2 2 2 2 2 2 2 2 2 2 2 2 2 2 2 2 2 2 2 2 2 2 2 2 2 2 2 2 2 2 2 2 2 2 2 2 2 2 2 2 2 2 2 2 2 2 2 2 2 2 2 2 2 2 2 2 2 2 2 2 2 2 2 2 2 2 2 2 2 2 2 2 2 2 2 2 2 2 2 2 2 2 2 2 2 2 2 2 2 2 2 2 2 2 2 2 2 2 2 2 2 2 2 2 2 2 2 2 2 2 2 2 2 2 2 2 2 2 2 2 2 2 2 2 2 2 2 2 2 2 2 2 2 2 2 2 2 2 2 2 2 2 2 2 2 2 2 2 2 2 2 2 2 2 2 2 2 2 2 2 2 2 2 2 2 2 2 2 2 2 2 2 2 2 2 2 2 2 2 2 2 2 2 2 2 2 2 2 2 2 2 2 2 2 2 2 2 2 2 2 2 2 2 2 2 2 2 2 2 2 2 2 2 2 2 2 2 2 2 2 2 2 2 2 2 2 2 2 2 2 2 2 2 2 2 2 2 2 2
left_child=1 5 3 8 7 12 17 20 15 16 11 19 48 18 42 29 27 25 83 37 33 144 248 39 31 66 40 28 74 97 85 43 93 58 36 124 92 49 53 64 55 -18 -8 188 65 -46 67 -37 101 224 136 62 76 103 59 122 216 84 73 253 135 91 100 -26 118 -17 -4 194 127 70 71 -70 150 190 86 -25 79 226 155 80 -28 -59 175 -7 87 -12 -5 89 131 90 -47 -55 107 141 -90 203 -60 98 104 102 160 -1 123 121 178 240 110 108 201 -110 243 -73 143 -114 169 -30 -117 -32 119 -10 -87 -13 198 140 172 -82 193 -15 250 -57 218 156 133 134 -85 -24 -34 164 -139 232 -100 142 -29 -102 145 -11 173 148 149 -54 153 184 -153 -35 -50 213 157 -89 -159 -160 252 -162 -113 -22 -38 -74 -45 -161 -86 -115 -148 -172 -31 -33 -71 176 -41 -178 179 242 181 -48 -182 -184 185 -152 -105 -167 189 -14 -3 -192 197 -127 196 -196 -36 -193 200 -200 229 -21 208 204 205 -64 -69 -65 209 210 -111 -181 223 -79 221 -143 -16 -194 -77 -220 -221 222 -169 -133 -6 -44 227 -78 -93 -9 -231 -232 -106 -234 -223 -236 237 -108 239 -125 -67 -128 -2 -83 -207 246 -246 -248 -19 -40 -39 -252 -20 -23
right_child=2 4 6 9 10 13 14 26 23 21 30 38 24 68 56 44 41 22 51 34 163 54 60 75 63 -27 52 32 115 35 117 146 50 72 46 47 137 128 249 82 -42 -43 225 166 45 57 180 -49 154 -51 -52 -53 147 61 -56 129 -58 81 96 -61 -62 -63 95 207 -66 105 -68 206 69 174 -72 111 165 -75 -76 130 77 78 -80 -81 125 106 -84 132 168 120 -88 88 94 -91 -92 228 -94 -95 -96 -97 -98 -99 99 -101 112 -103 -104 186 139 -107 236 -109 109 202 -112 162 113 114 -116 116 -118 -119 -120 -121 -122 -123 -124 238 -126 126 241 -129 -130 -131 -132 212 -134 -135 -136 -137 -138 138 -140 -141 -142 215 -144 -145 -146 -147 170 -149 -150 -151 151 152 -154 -155 -156 -157 -158 158 159 167 161 -163 -164 -165 -166 187 -168 214 -170 -171 171 -173 -174 -175 -176 -177 177 -179 -180 211 182 -183 183 -185 -186 -187 -188 -189 -190 -191 191 192 217 -195 195 -197 -198 -199 199 -201 -202 -203 -204 -205 -206 244 -208 -209 -210 -211 -212 -213 -214 -215 -216 -217 -218 -219 219 220 -222 234 -224 -225 -226 -227 -228 -229 -230 230 231 -233 233 -235 235 -237 -238 -239 -240 -241 -242 -243 -244 -245 245 -247 247 -249 -250 -251 251 -253 -254 -255
leaf_value=-0.0082521429972116176 0.016120104309924596 -0.005034097822027535 0.067001479202337524 0.0085647455686439673 0.0061115668603150654 0.0003568951513734784 0.087217181316376013 0.01719789095235677 -0.00041262426292620365 0.04066772592387121 0.024360739297144666 0.041787079403014613 0.0012517760336636396 0.007148299468586891 0.094927365074293654 0.006010304855333908 0.069325837898122064 0.038313107792753077 0.006904743551788938 0.0058996493205203896 0.026346541591603254 0.078333457333727777 0.082589010264537618 0.035362183290623975 0.0033425007949758087 0.080997664466492203 0.061088726077739554 0.054855846222777158 0.039429622252507401 0.021947974801532731 0.063768307883655839 -0.0026676355195934987 0.00036485341026409364 0.0086795617072142305 0.064708836630696709 0.023441269476728185 0.061610785205825302 0.066008349952181397 0.075279263781777378 0.059218266029727372 0.051742299350474419 0.081964145941700053 0.090123642497695292 0.013321578314895459 0.073069811540824564 0.011279417437170236 -0.005548346813960988 0.071661445068243984 -0.0037918487524510221 0.029078729996544095 0.066591420304953436 0.046668574533053384 0.053825570152265703 0.047709659296203091 0.092124733279009816 0.037564163377638335 0.09748312996381707 0.064273260725814504 0.010251803225463416 0.086392068527259988 0.088851801163623373 0.031713239652924899 -0.0095491767744049529 0.034959899241831079 0.030616442380560174 0.0067548634620783398 0.077249336582017103 0.011097811268687377 0.025378084448136936 -0.0042383261722750924 0.068757245316448584 0.03040380150120461 0.064425087662746586 0.038597709649296291 0.060670968317394353 0.042115772343950926 0.017865435848315341 0.0379468688431698 0.064931292935343082 0.064285243836922218 0.045649341535527521 0.040804287005286953 0.028841571289867213 0.0051246711784211649 0.00026660947491060483 0.064385581767591099 0.038661784056148514 0.0091339587125549467 -0.0099134001047614991 0.069474879215301336 0.051984994058742677 0.043022204479928224 0.048666845910374436 0.071194813745831184 0.036315529088076434 0.055387136767139314 0.047669185805363869 0.0021877981200395381 0.043331144162416846 0.0035759997533032981 0.024774948769543236 -0.0048860525996983605 0.0072270399323263344 0.036878903695378745 0.057656855495847877 0.049790459316090926 0.052300564462821761 -0.0095789569268012326 0.019467588148082242 -0.00056569732915658338 0.052408194880142041 0.024666030818787259 0.0087572700084786754 0.038913005866921993 -0.00060346718236388159 0.074230387689906002 0.054966596949142126 0.077390040277557623 0.05641581252484653 0.052458562620139849 0.03005420402368952 0.0096598781461867556 0.058991471822430988 0.008732552648810555 0.0029810280247529403 0.031093986238432146 0.027296381842377454 0.048991470485921847 0.026941400809646049 0.0049195020946113709 0.073455996466414236 0.010621486040976303 0.0019527238745774753 0.058179644388317402 0.049381415300412089 0.062808217904945271 0.040809204901593017 0.0033085434990336123 0.051721716012017915 0.0078375041136032157 -0.0041659633686992326 0.050309558689398397 0.071193753845544702 0.0029562148427769615 0.076107909757190076 0.069542041039377875 -0.0035421417886566013 0.048391850531567471 0.0098744157696345723 0.011943876733245668 0.040114420293625573 0.024343483398903049 -0.010066854735113944 0.020190590693273752 0.011114228621165251 0.04818911421538636 0.057733964275137988 0.062125043030507622 0.017112779467849212 0.073541674983611457 0.065557413470104312 0.011461587932579183 0.056630592763929649 0.060088159109716627 0.028618778873462095 0.037498787893618858 0.054754153386551013 0.0466097091843918 0.035562352621074655 0.0011848757276683977 0.0098272936012451031 0.057406535408700957 0.058015766225238706 0.015924359480955972 0.031670999785009958 0.071294991767525739 0.023834771223555883 0.061179972616538576 -0.0049402224731146553 0.0088860543918477912 0.01552166664490583 0.035838420596945884 0.056983657824870727 0.033230349277289448 0.054986440060266928 -0.0036138707192383663 0.064002704667237204 0.0024555545655179953 0.0094786963348079453 0.035248424881752352 0.0063224694258633045 0.051416004315474426 0.0068010665269998749 -0.0065526422952110266 0.038948178089071334 0.070048868759768651 0.04355395817906671 0.018198921771773117 0.0508266434755602 0.011651495497762716 -0.0096755836692181581 0.040572180835115365 0.062958615921863331 0.027005738280661579 0.0098390741974118852 0.048278299824634496 0.048528311960707823 0.0004044633177926631 0.057990827421603303 0.05067367085348605 0.029506758911707631 0.03612470364503622 0.002620294580965782 0.0030655312898866982 0.028442506798236893 0.071811127325231747 0.089126245751073849 0.039683545506107851 0.068772657987043864 0.037528957784390651 0.063569263940736281 0.066096540118181835 0.00041370583973815401 0.044259308852569561 0.031959479542869956 0.094752124219565331 0.0027386294316172621 0.044047703240665086 0.071162410840220139 0.0042749798275557808 0.061366232721993826 0.024531317816795281 0.006240366267538139 0.044325225353812676 0.028195965097390946 0.056242437025606488 0.059061914754036618 0.020148829978013909 0.058064159214598544 0.05162018068523018 0.043596476668342883 0.060107931771037688 -0.010022412115647068 0.0037969508922058096 0.012681724520863597 -0.0096153534215282256 0.041997704048256458 0.005135699994496588 0.072315635069322093 0.047928457981629737 0.049261245908771789 0.011652210923457383 0.044966216994475422 0.060675864391754965
leaf_weight=8471.03812899068 223.25022393465042 168.45242402330041 1466.6835774630308 62.501068085432053 256.3435912206769 1416.7618657946587 5740.3061807304621 170.09004131704569 30.828904915601015 61.25706110522151 68.723888073116541 174.67140674591064 1232.8547340147197 111.22814081981778 6657.6377790719271 63.296066898852587 923.09050470590591 73.681142795830965 86.566934771835804 110.2448470108211 48.333076056092978 1575.4739658385515 1090.4253081642091 55.152458973228931 98.199640106409788 2479.8588423281908 181.0241283737123 892.3362203836441 90.485482469201088 64.566328916698694 683.95347388088703 2696.1848924905062 40.43939446657896 509.60587606951594 362.57756277173758 39.033252146095037 162.57798381149769 60.580302845686674 324.67287711799145 435.10134046152234 109.46299688145518 1014.7934444993734 5112.2852622419596 37.098595444113016 108.73676987737417 40.586884662508965 33.628337554633617 105.03591537848115 273.19045553728938 382.75456513464451 44.057021632790565 60.138666179031134 48.46324797719717 153.96181005239487 741.83098897337914 36.651022605597973 15629.535099737346 259.66223758459091 57.613058861345053 1320.6081460341811 4429.1821316480637 60.040316477417946 25.280636254698038 181.0488267801702 218.4947205260396 51.588515993207693 907.98430822044611 47.990305740386248 293.73730881139636 50.43524369224906 46.746803071349859 148.57340034097433 29.011430494487286 45.247251506894827 71.699635248631239 79.984231270849705 90.213099118322134 45.846619475632906 85.944872111082077 171.0268103890121 475.09822446852922 28.197247602045536 56.696613870561123 67.262719545513391 40.955774903297424 121.49051651731133 204.44111815094948 45.171546421945095 35.583658300340176 129.10827973857522 131.18142652139068 49.894521042704582 99.637800205498934 1011.4647181257606 37.616295341402292 30.911329358816147 59.117716774344444 82.838638585060835 26.822675328701735 52.791220899671316 72.43745369464159 5519.1997188739479 33.034500166773796 72.802692905068398 54.670675128698349 113.07390004768968 71.697107769548893 25.317503806203604 152.00897806882858 46.727456718683243 49.551377858966589 41.99353339523077 324.68207826092839 154.05457815527916 62.464460872113705 216.15971935912967 324.58921075239778 385.1120364703238 246.54978701099753 37.293340761214495 47.433619849383831 43.914046760648489 40.281697873026133 30.376134112477303 43.907556634396315 35.21363852918148 67.347585126757622 21.499495539814234 137.69385251030326 166.66447321325541 555.44314718991518 34.64319671317935 96.870542779564857 25.111039411276579 21.365632399916649 132.28225433081388 37.114356219768524 31.704396795481443 27.847691539674997 40.180586580187082 26.445187002420425 94.184027388691902 263.79337580874562 667.84744399413466 2245.0749739147723 719.00894859433174 45.859723161906004 58.311276264488697 111.06240774318576 39.415108669549227 37.753415267914534 117.39859978854656 45.989444401115179 483.781184528023 275.53572564944625 97.814456384629011 169.64412473887205 97.830184999853373 64.952997900545597 32.972046185284853 34.649276744574308 26.442718014121056 195.48579098656774 83.255094133317471 41.466671142727137 81.57513090223074 35.942155666649342 25.155659705400467 58.273879162967205 25.021437477320433 36.285644669085741 23.15217399597168 38.632082790136337 85.654069498181343 38.356258071959019 195.67668260261416 69.686955869197845 38.929496414959431 56.85956709831953 53.846008483320475 45.471373837441206 41.337871480733156 123.63731686770916 152.74464485794306 66.395710781216621 24.146224930882454 140.72787381336093 34.018720395863056 1027.2373996861279 38.639664378017187 1417.1804370284081 40.498135715723038 246.51105964183807 42.2663464397192 262.39272602275014 68.881517615169287 137.60395849496126 78.650932140648365 103.64945248141885 39.922364253550768 28.085970174521208 28.354179210960865 44.292153004556894 334.38846144452691 405.02103587239981 42.757637348026037 34.670194696635008 26.910632733255625 40.896598286926746 53.558482274413109 90.428960870951414 133.51416059955955 33.434123814105988 43.543257791548967 140.18878944218159 527.14928493648767 1729.7834440767765 25.857748806476593 479.59801133349538 90.880584329366684 131.07277130335569 82.616671919822693 26.74078219756484 88.081529647111893 45.336192514747381 3572.6247975379229 44.617902588099241 77.182737074792385 433.51759378239512 29.686403207480907 58.183574337512255 59.688556592911482 35.081720728427172 40.310857351869345 89.543606482446194 85.799308236688375 230.4510809853673 53.321337040513754 135.19991770386696 27.94627670198679 29.489486735314131 43.964011929929256 43.034085970371962 51.83883023634553 110.94681512564421 26.989908929914236 109.67842481657863 27.996866252273321 40.862632438540459 56.026606652885675 72.886298157274723 33.006606467068195 20.424862783402205 131.96607657521963
leaf_count=150441 3085 2813 8445 805 3843 22991 15863 2265 425 547 792 1710 20060 1625 10491 887 5079 652 1305 1563 577 6376 3851 533 1564 9585 1461 6804 819 802 4620 45379 523 7574 2640 471 1255 466 1656 3170 973 3840 11470 522 698 522 492 731 4606 4574 261 597 448 1267 1824 400 18842 1882 841 3915 11383 593 414 2129 2309 690 3940 612 3612 763 339 1722 239 494 534 723 1125 477 630 1164 4685 275 553 1049 554 845 1946 590 549 883 1145 443 926 5601 368 283 629 1249 289 749 954 95638 450 709 476 1046 614 400 1980 694 417 511 4834 1798 985 1190 2366 1831 1975 315 475 556 337 426 627 390 766 217 1576 2379 3030 438 1526 248 237 709 311 421 220 539 416 693 1527 10359 10222 4125 763 553 1518 534 403 1492 734 6445 4214 892 1388 769 805 209 310 384 1734 680 462 897 321 242 585 391 551 236 326 1249 427 1077 746 247 872 782 564 409 1015 1573 615 367 994 487 15680 469 21491 414 3808 633 2587 442 1303 1071 991 528 449 295 347 4161 5831 449 293 420 346 498 1022 1490 447 602 1557 2823 3736 305 2903 811 833 614 386 829 514 5983 612 755 2517 428 480 723 485 396 1006 688 1734 615 1167 272 279 347 688 704 1589 443 1210 410 192 426 680 431 217 738
internal_value=0.0581672 0.0119377 0.0836518 0.0642571 0.0363136 2.78738e-05 0.0912872 0.0242588 0.0472922 0.0732718 0.0488105 0.044378 -0.00382221 0.0148419 0.0939242 0.0393679 0.0663322 0.0817257 0.0109337 0.0373754 0.0144917 0.079191 0.0864037 0.0588646 0.00323457 0.0761335 0.0381301 0.0614514 0.0523189 0.027554 0.0648731 0.00213482 0.0644532 0.0132141 0.0420527 0.0430711 0.0351312 0.026581 0.0593931 0.0516534 0.0290064 0.0760269 0.09014 0.00647594 0.0456396 0.0472823 0.0470264 0.0591653 -0.00652408 0.0208321 0.0380122 0.0161993 0.0424574 0.0551671 0.0833843 0.0254654 0.096189 0.0459589 0.00932748 0.0811803 0.0870896 0.0609989 0.0154521 0.0219561 0.0426608 0.0303986 0.0709858 0.0516515 0.0323985 0.0352364 0.0380816 0.0357619 0.0190012 0.0081144 0.0382374 0.065659 0.0448767 0.036535 0.0454502 0.0487708 0.0454742 0.053185 0.0575415 0.00234784 0.0422743 0.04665 0.0317682 0.0437245 0.0406229 0.054585 0.0426648 0.0636341 0.0296248 0.0655745 0.014044 0.0204756 0.0297696 0.0233523 0.0250649 0.0341123 0.0116277 -0.00692581 0.0397714 0.0454941 0.0205427 0.0381561 0.0469891 0.026249 0.0278958 0.0324376 0.0316012 0.0434655 0.00976755 0.0157271 0.0249062 0.0597129 0.0629307 0.06882 0.0507461 0.0290596 0.0552684 0.0355241 0.0308754 0.0439944 0.0266599 0.0410308 0.0289992 0.014627 0.0392638 0.0111615 0.0668466 0.0424952 0.0155644 0.0268369 0.0167583 0.0805632 0.0203851 0.0492063 0.0270549 0.0332952 0.0202725 0.0622942 0.0587088 0.00516567 0.0739108 0.0673977 -0.00142995 0.0280648 0.0216347 0.0358359 0.0170567 0.026166 0.0145928 0.0143248 0.00368807 0.0358618 0.0449726 0.0416675 0.0438924 0.040405 0.0257433 0.0434069 0.0512732 0.0483495 0.0552974 0.0357445 0.0347591 0.0434331 0.0213864 0.033768 0.0153836 0.0297885 0.0363912 -0.00208056 0.0115196 0.059645 0.055188 0.0381743 0.0161571 0.0188335 0.0361412 0.0174815 0.0403217 0.0442252 0.0403777 0.0233209 0.0552293 0.0274879 0.00554349 0.00234649 0.00737343 0.00853881 0.016463 0.0107833 0.0539494 0.0458265 0.0591055 0.0302342 0.0283097 0.0403118 0.0230937 0.0135402 0.039356 0.0193698 0.015883 0.0228793 0.0276909 0.0305824 0.0342991 0.0286177 0.0193287 0.0285258 0.0283829 0.021504 0.0408895 0.0687398 0.0937537 0.0102258 0.061961 0.0640832 0.0533819 0.0462703 0.0238904 0.0351667 0.0102138 0.0920501 0.0246849 0.0303741 0.0684678 0.0260648 0.0358522 0.0435175 0.0408463 0.027352 0.0505158 0.0424556 0.0523627 0.0391995 0.0501986 0.0304789 0.0210021 0.0411762 0.0118147 0.0176337 0.025529 0.0216414 0.0251241 0.0347541 0.0515619 0.0715518 0.0489557 0.0380646 0.0149543 0.0770472
internal_weight=106087 37700.8 68386.4 19323.3 12372.7 25328.2 49063.1 6301.11 6709.75 12613.5 6071.54 4764.83 20104 5224.13 38442.2 3988.36 5818.3 10621 4276.07 3254.6 3700.39 6795.22 5766.43 2721.39 5565.07 4854.53 2600.72 3880.41 969.876 1387.38 1306.71 5258.91 2910.54 3568.8 2266 291.175 955.064 988.601 1510.23 1329.26 842.367 1937.88 14425.2 2371.77 2600.98 2343.54 1310.94 144.069 14539 684.434 121.611 2648.7 1758.36 1129.53 3769.88 732.904 24017 2234.8 2139.13 3028.05 5651.89 697.414 2588.56 306.159 533.167 257.448 2374.67 914.116 948.056 815.328 726.537 679.79 1429.68 2022.4 338.642 1392.13 1501.1 485.163 273.149 1015.94 844.914 744.719 796.091 1627.37 1490.08 237.648 266.942 1390.85 1089.97 300.877 171.768 637.374 691.467 2788.93 73.2 1113.97 116.731 1096.2 1013.36 332.616 1474.59 13990.2 279.825 432.116 680.748 194.152 485.057 591.829 566.512 427.913 129.587 386.053 1306.51 566.223 241.54 631.234 540.749 1069.07 314.672 68.1222 168.924 218.585 529.588 246.79 147.106 663.89 188.792 132.728 304.167 203.315 1336.98 1016.77 210.61 113.739 88.6284 1222.71 77.5538 263.597 59.5521 170.244 53.2679 1777.46 1156.13 740.285 3025.34 780.266 2887.14 257.252 198.941 87.8784 1285.07 291.683 163.388 993.387 548.726 187.204 860.616 690.972 645.8 547.97 168.084 61.092 237.479 131.588 204.045 144.605 73.0408 483.017 99.2297 179.076 105.298 59.4378 103.198 2781.84 88.7915 739.394 543.718 108.616 510.504 453.644 396.82 74.9662 321.853 276.382 128.295 61.8996 213.531 115.594 2298.73 1271.49 1977.15 1808.7 391.518 77.48 831.456 331.274 500.182 119.149 489.306 143.572 345.735 138.599 275.904 1083.06 748.671 343.65 82.6605 207.959 231.611 190.715 137.156 187.36 156.159 89.3899 450.045 621.333 8387.42 272.369 781.536 701.551 221.953 309.856 51.8964 122.725 301.68 8684.91 212.014 167.396 483.412 317.649 147.559 117.872 130.063 75.3926 257.96 175.343 355.47 125.018 193.522 58.3224 81.078 111.312 266.284 80.0361 318.37 275.612 248.622 137.675 114.544 380.699 166.473 105.893 106.992 1707.44
internal_count=780829 551965 228864 123722 133798 418167 105142 79921 60853 62869 53877 45314 344242 73925 66385 41203 35122 38757 62975 34443 52376 27747 16787 19650 89343 21970 27545 26203 7660 16788 8563 85230 18543 51119 22359 2957 10429 12084 10871 10817 9953 8919 33316 37052 24415 21513 11930 1202 254899 8931 1095 36924 17592 8789 12853 8980 33069 20815 31866 11029 15943 4820 36327 4113 5024 2902 12385 7877 10950 9108 7918 7579 19253 30396 3285 8833 14539 5093 2601 9446 8282 6241 5793 26051 14574 2112 2751 13435 10885 2550 1667 4227 8071 17448 917 14790 1470 13831 12582 3769 21537 246079 3020 3969 8813 2015 4359 7145 6745 4887 1396 3967 19321 8008 3174 4375 3556 6451 2715 740 1320 2266 6201 2570 1755 6821 2136 1842 3153 2779 8300 9968 3060 1534 1286 4560 834 2358 641 1896 705 11847 8331 11313 14894 4672 48178 3053 2500 982 17630 3611 2226 14019 8820 1971 8254 6866 6276 5507 2216 694 2245 1257 1717 1623 843 4702 1139 2189 1550 787 1128 46628 1190 5240 4163 993 6917 6045 4053 901 3152 2588 1385 770 1703 1384 36209 20529 29902 27089 5598 1023 6972 3029 3943 1485 5864 1519 4345 1858 2907 14507 10346 4515 905 2549 2560 2214 1716 2272 1714 1079 4493 3516 14227 4113 5270 4547 1644 2936 628 1267 4357 17453 2492 1880 2960 3896 1631 1203 1357 881 2308 1694 2963 1229 1865 698 969 1113 3773 979 4101 3652 3209 1620 844 2082 1577 1111 1522 7114
is_linear=0
shrinkage=0.01


Tree=5
num_leaves=255
num_cat=0
split_feature=7 54 7 55 55 12 54 7 60 55 121 54 55 9 48 48 48 8 54 7 48 73 8 8 7 97 121 61 102 11 12 121 7 41 11 12 55 55 2 53 18 102 125 120 16 21 5 8 79 33 120 121 61 63 58 141 31 8 47 50 46 50 19 12 120 8 120 29 58 12 39 47 60 98 131 61 120 31 21 61 54 36 138 60 121 117 18 117 55 117 54 119 18 34 24 27 120 28 29 114 121 10 7 29 7 120 21 120 26 96 18 12 50 121 114 28 18 120 32 27 117 24 9 118 28 50 27 13 46 135 135 120 138 19 89 7 23 12 12 114 8 28 64 21 29 51 102 131 12 46 12 47 119 54 53 47 33 9 18 12 9 120 12 131 18 46 117 48 19 131 47 120 137 24 24 121 12 60 138 35 34 90 46 33 29 48 121 64 40 40 33 31 55 103 32 24 19 24 120 114 33 135 29 138 114 118 24 47 58 10 39 98 137 96 11 41 55 27 10 54 33 51 51 48 114 44 26 29 27 54 135 98 114 46 21 135 17 21 121 29 46 135 33 31 47 58 33 12 48 32 121 19 18 114
split_gain=1.08623e+06 109486 78684 20958.8 16587 13432.9 10019.1 6791.05 4574.36 4197.03 3495.9 2904.67 2862.83 2591.18 2494.37 2255.92 1927.95 1627.81 1456.35 1327.45 1300.25 1202.31 1125.99 1070.65 1068.48 969.97 822.976 819.257 783.373 767.292 764.094 751.003 745.89 724.488 772.344 723.291 705.315 681.734 645.889 640.519 634.142 617.634 579.772 573.316 528.822 623.065 525.6 523.349 517.448 509.57 509.18 506.948 519.554 505.254 494.252 484.971 480.524 477.842 471.201 466.562 460.662 456.634 452.794 439.065 430.078 427.31 511.036 426.867 425.274 423.821 422.166 637.592 415.191 413.459 412.106 411.271 410.995 409.38 419.421 405.642 405.234 403.566 402.105 394.117 640.535 389.111 652.285 388.297 379.635 379.352 376.659 428.295 391.895 379.13 375.395 371.786 381.3 371.654 371.367 360.304 354.152 454.228 375.114 373.028 353.452 342.041 402.438 341.603 390.949 341.572 435.597 335.521 370.239 335.209 325.075 363.876 322.527 321.887 317.415 507.685 314.97 313.849 414.072 313.313 371.109 352.123 312.05 453.726 332.819 311.777 310.469 305.983 476.411 327.293 303.461 343.216 563.775 301.993 297.434 339.584 374.508 297.246 316.265 296.746 349.923 333.184 296.362 294.236 293.523 293.405 292.564 291.887 291.629 291.475 291.38 290.27 289.867 341.041 286.371 300.905 351.585 288.991 315.105 284.85 322.381 467.932 308.442 318.381 331.889 284.597 284.356 283.878 283.612 292.007 398.388 311.167 282.257 280.928 280.889 296.935 352.186 285.792 280.733 280.01 296.884 294.948 296.458 278.26 276.28 384.381 275.532 275.071 274.373 274.093 272.571 270.483 269.636 303.13 268.568 333.97 306.644 329.815 270.241 266.79 325.009 266.321 264.017 258.98 258.793 256.635 412.556 252.692 252.322 296.346 273.114 251.7 252.372 271.235 250.139 253.843 250.116 249.933 324.139 255.427 247.967 247.625 290.36 247.233 249.812 246.725 246.678 244.566 243.997 243.231 242.096 241.073 316.117 241.055 283.367 240.898 240.536 240.436 240.416 290.425 443.292 239.184 250.999 239.159 242.916 292.3 237.495 236.978 236.855 236.434
threshold=803.35000000000002 222.50000000000003 3492.9750000000004 260.50000000000006 806.50000000000011 3.5000000000000004 2393.5000000000005 199.00500000000002 43.500000000000007 11.500000000000002 7871.4500000000016 388.50000000000006 303.50000000000006 4578.9050000000007 131.60263 14196.559000000003 602.36015000000009 1038.0550000000001 283.50000000000006 6669.4150000000009 131.60263 1.0000000180025095e-35 309.42500000000001 260.10000000000008 399.03000000000003 2.5000000000000004 5712.7400000000007 52.500000000000007 3.5000000000000004 5.8400000000000007 9.5000000000000018 7049.3100000000004 1153.2450000000001 5.5000000000000009 39.885000000000012 35.500000000000007 504.50000000000006 6.5000000000000009 3.5000000000000004 11.500000000000002 99.000095000000016 6.5000000000000009 1.5000000000000002 36.500000000000007 6.5000000000000009 2296.5000000000005 1.5000000000000002 124.92500000000003 5.5000000000000009 78.500000000000014 85.500000000000014 7652.3150000000014 4.5000000000000009 5.5000000000000009 145.50000000000003 2.5000000000000004 993.50000000000011 110.19000000000001 465.29189000000002 13.500000000000002 902.12992000000008 14.500000000000002 648.13000000000011 24.500000000000004 3.5000000000000004 198.00500000000002 43.500000000000007 5.5000000000000009 46.500000000000007 31.500000000000004 24.500000000000004 2153.2850500000004 23.500000000000004 15.500000000000002 88.500000000000014 15.500000000000002 36.500000000000007 82.500000000000014 1641.5000000000002 22.500000000000004 96.500000000000014 23.500000000000004 91.500000000000014 6.5000000000000009 5177.7850000000008 0.018870750500000002 39.901250000000012 0.010330168000000002 181.50000000000003 0.0072602290000000009 43.500000000000007 8.5000000000000018 308.24500000000006 14.500000000000002 2153.5000000000005 907.50000000000011 50.500000000000007 83.500000000000014 1.0000000180025095e-35 0.018880802500000005 3024.5200000000004 69.905000000000015 626.35000000000002 40.500000000000007 220.04000000000005 30.500000000000004 1702.5000000000002 24.500000000000004 4.5000000000000009 5.5000000000000009 41.298107500000008 5.5000000000000009 60.500000000000007 647.15500000000009 0.11050470500000002 13.500000000000002 43.26499900000001 23.500000000000004 707.50000000000011 945.50000000000011 0.036475517500000006 1353.5000000000002 559.09500000000014 0.0021345753500000004 97.500000000000014 5.5000000000000009 915.50000000000011 26.500000000000004 1523.7135000000003 92.500000000000014 88.500000000000014 24.500000000000004 53.500000000000007 103.28195500000002 1.5000000000000002 119.84000000000002 3.5000000000000004 34.500000000000007 16.500000000000004 0.011112244000000002 66.210000000000022 35.500000000000007 1.0000000180025095e-35 1634.5000000000002 14.500000000000002 7.5000000000000009 1.5000000000000002 8.5000000000000018 37.500000000000007 2846.4614500000002 26.500000000000004 116.62500250000001 8.5000000000000018 488.50000000000006 1.0000000180025095e-35 2096.7234000000003 98.500000000000014 344.38000000000005 26.144722000000005 5.5000000000000009 12.840000000000002 10.500000000000002 4.5000000000000009 48.500000000000007 246.08600000000004 8204.7730000000029 0.016360370500000002 1683.6443000000002 96.30572500000001 77.500000000000014 184.82334500000002 26.500000000000004 96.500000000000014 809.50000000000011 1198.5000000000002 4831.3050000000012 32.500000000000007 9.5000000000000018 62.500000000000007 53.500000000000007 148.50000000000003 1.5000000000000002 581.93920000000014 164.50000000000003 71.500000000000014 14.622989000000002 3447.6850000000004 1.0000000180025095e-35 16.500000000000004 21.500000000000004 224.50000000000003 2072.5000000000005 16.500000000000004 1.5000000000000002 366.50000000000006 2104.5000000000005 26.625833500000002 1310.5000000000002 22.500000000000004 0.087404567500000016 140.50000000000003 12.500000000000002 87.500000000000014 93.500000000000014 0.091039387000000013 0.019609846500000003 1214.5000000000002 3214.0523500000004 64.500000000000014 261.52500000000003 73.500000000000014 7.5000000000000009 66.500000000000014 2.5000000000000004 29.005000000000006 35.500000000000007 545.50000000000011 332.50000000000006 699.04500000000019 1584.5000000000002 88.500000000000014 193.50000000000003 49.500000000000007 123.55763 0.035718290000000007 5.5000000000000009 3.5000000000000004 17.500000000000004 937.50000000000011 469.50000000000006 60.500000000000007 10.500000000000002 0.057617428000000005 730.27115000000015 1811.5000000000002 91.500000000000014 1.5000000000000002 150.50000000000003 138.50500000000002 55.500000000000007 4019.2912500000007 52.500000000000007 336.50000000000006 470.50000000000006 1021.8670000000001 30.500000000000004 239.50000000000003 11.500000000000002 1256.0142000000003 188.50000000000003 8550.9500000000025 71.401110000000017 37.214583000000012 0.043480937500000004
decision_type=2 2 2 2 2 2 2 2 2 2 2 2 2 2 2 2 2 2 2 2 2 2 2 2 2 2 2 2 2 2 2 2 2 2 2 2 2 2 2 2 2 2 2 2 2 2 2 2 2 2 2 2 2 2 2 2 2 2 2 2 2 2 2 2 2 2 2 2 2 2 2 2 2 2 2 2 2 2 2 2 2 2 2 2 2 2 2 2 2 2 2 2 2 2 2 2 2 2 2 2 2 2 2 2 2 2 2 2 2 2 2 2 2 2 2 2 2 2 2 2 2 2 2 2 2 2 2 2 2 2 2 2 2 2 2 2 2 2 2 2 2 2 2 2 2 2 2 2 2 2 2 2 2 2 2 2 2 2 2 2 2 2 2 2 2 2 2 2 2 2 2 2 2 2 2 2 2 2 2 2 2 2 2 2 2 2 2 2 2 2 2 2 2 2 2 2 2 2 2 2 2 2 2 2 2 2 2 2 2 2 2 2 2 2 2 2 2 2 2 2 2 2 2 2 2 2 2 2 2 2 2 2 2 2 2 2 2 2 2 2 2 2 2 2 2 2 2 2 2 2 2 2 2 2
left_child=1 5 3 10 7 9 11 12 17 40 18 23 33 28 26 22 30 31 37 75 59 54 39 -4 46 42 47 51 235 53 60 74 43 57 158 68 130 169 50 55 49 63 67 48 45 183 98 90 -20 225 107 52 -10 134 65 64 62 111 -31 156 94 100 172 -15 -6 83 76 -14 -21 105 -27 81 -24 -73 221 146 88 -28 151 -17 137 -72 99 84 -18 86 196 227 153 231 92 -92 -7 -93 -9 96 -33 114 206 -60 117 103 -103 -102 -85 -23 116 -12 191 -106 -111 -3 -113 -49 115 150 -107 192 119 -58 -63 122 147 124 -59 -125 127 241 -128 143 209 -80 -133 -134 135 237 -137 -40 198 -140 -141 142 171 144 -123 152 -13 -62 -116 -61 -34 -79 234 -67 -115 -89 -11 193 159 -35 -161 190 -163 -82 165 166 -165 168 -168 -2 -117 208 173 -39 175 -175 -76 -119 179 181 -181 195 -153 185 -185 -32 -187 -78 -69 -190 -160 242 -26 -158 229 -136 197 -66 199 200 247 -202 205 -38 250 240 -16 -36 -90 210 -19 -118 214 230 -203 216 217 -191 219 -29 -110 222 223 -5 -112 -1 -227 -50 -229 -154 -214 -57 -98 -105 -145 -8 -237 238 -22 -143 -200 -25 243 -109 -245 246 -176 248 -100 -250 -205 -188 -242 -218
right_child=2 4 6 8 15 14 13 16 27 20 38 19 25 41 24 79 21 36 32 35 29 69 72 126 61 70 77 218 -30 58 44 95 97 34 207 -37 203 56 80 -41 -42 -43 -44 -45 -46 -47 -48 113 87 -51 -52 -53 -54 -55 -56 89 118 123 82 149 121 120 -64 -65 85 66 -68 188 -70 -71 71 73 -74 -75 176 -77 187 78 131 -81 163 -83 -84 104 -86 -87 -88 155 141 -91 91 93 -94 -95 -96 -97 232 -99 138 -101 101 102 -104 233 109 106 -108 108 220 110 224 112 -114 154 148 170 211 177 -120 -121 -122 129 -124 125 -126 -127 128 -129 -130 -131 -132 132 133 -135 178 136 -138 -139 139 140 -142 239 -144 145 -146 -147 -148 -149 -150 -151 -152 182 194 -155 -156 -157 157 -159 161 160 -162 162 -164 164 -166 -167 167 -169 -170 -171 -172 -173 -174 174 245 -177 -178 -179 -180 180 -182 -183 -184 184 -186 186 251 -189 189 215 -192 -193 -194 -195 -196 -197 -198 -199 202 -201 201 212 -204 204 -206 -207 -208 -209 -210 -211 -212 -213 213 -215 -216 -217 253 -219 -220 -221 -222 -223 -224 -225 -226 226 -228 228 -230 -231 -232 -233 -234 -235 -236 236 -238 -239 -240 -241 252 -243 -244 244 -246 -247 -248 -249 249 -251 -252 -253 -254 -255
leaf_value=-0.0078407766823312009 0.020582141231053671 0.0046257122755792328 0.021326566748820715 0.0314720455556666 0.070110210863696246 -0.0021795646061572734 0.079529329872291707 0.0071521746575161005 0.044158453591662046 -0.0040380889591688628 0.065648171442323058 0.064673618226070845 0.036679680914260493 0.067683339291580116 0.057637390949764833 0.059371115627184876 0.0075789692574036041 0.058780717396421871 0.063132733057389145 0.053013544397520596 0.0046422859716776285 0.056115335218192612 0.045904840952292691 0.051295047250493157 0 0.066422781728731103 -0.0098367514839511547 0.054744159416380694 0.083989992653573042 0.0052056863263870694 0.013766156482375769 0.067075426554444637 0.013030319873817271 0.019927439097224678 0.031548246735806945 0.081717601218720418 0.070429309501306825 0.054930747680337254 0.048005720342579487 0.061528060295009443 0.00083476206304991562 0.089086145221627472 0.04069077241367694 0.020642838723486205 0.069249004619955687 0.056152404767979974 0.045389764004992332 0.034391747317703641 0.060993672197743411 -0.0027652939250051088 0.014196922188767993 0.074836394194511643 0.067797975209087022 0.05185752211978506 0.05750391662210437 0.018712118942179987 0.0050972497278001499 0.014059057967993147 0.007850441463523419 0.0046796031804862102 0.048614173067414265 0.058066223885606706 0.0044964813405844704 0.085759665878132052 0.010370912985725371 0.015614821630884455 0.028798884843343479 0.011277980276012232 0.074251229566297344 0.071489891631404442 0.0365405848805756 0.053157415198922746 0.064614167158782015 0.019761924640595369 0.019596081994509913 0.078107788299676087 0.043229997438279412 0.0021180644347979154 0.066476304386348675 0.076282344845941458 0.069055034603630341 0.0040574226113723154 -0.0044457934321687756 0.0053229838498366974 0.052404146457708807 0.059244269233980157 0.046077877764410032 -0.00063847955001464706 0.042891831458803126 0.012656070987430918 -0.00069815039611668809 0.023611292819726033 0.03705759899018831 0.0060427903720282365 0.042896647589622638 0.066890800976876164 0.053334599735328787 0.02604003294002975 0.0029395514142506068 0.041888545685755556 0.0070916987944131139 0.061699310813907199 0.023612770401944698 0.054687440058421473 0.043984580486576628 0.050758919166416477 0.052573975820458883 0.062555058028454263 0.035462514664570337 0.056918655024049788 -0.0060786232969291887 0.013385391639517635 0.055434002900323832 0.009073885542670003 0.015613336710093408 0.031549809518564238 0.037394945938493358 0.0017848052195553565 0.032078911000230435 0.038122907393837779 0.024338424118543894 0.017116490056205431 0.05547639307888038 -0.0051221114103445166 0.052592630282264449 0.032101896434534642 0.077273222561294402 0.065474428698382686 0.059414543504866205 0 0.037882120762541896 0.0025231524507942807 0.022575525535207367 0.061332043955062983 0.019287670346530329 0.0091076066756924576 0.06222635599313027 0.011252787253520713 0.059781456509859769 0.035142270565445596 0.00042265801086657486 0.053970784187144467 0.047688539712276559 -0.009678115061023021 0.053559474825899053 0.059474374507459446 0.072787584410813372 0.013082656010598652 0.048102001940859632 0.041160082040267366 0.045853422572623641 0.0460515707837535 0.025764056693603266 0.044094263629551871 0.034698956500642301 0.035815921898359887 0.00077496748558951055 0.042933842280392959 0.03696048823817303 0.067176234789308481 0.020622108854649716 0.00050414073723448834 0.016944974097363372 0.055044487684468728 0.0687240142889321 0.065908062752853658 0.019352991566404628 0.068045466887953501 0.043958840835536341 -0.0066248596375073519 0.05637726472052864 -0.00083606501838277814 0.013567965095172498 0.0076424111957524793 0.040533196882759102 0.040037329375576573 0.050447590436432529 0.034158161158253625 0.0031086073369732815 0.046626298351803291 0.0038899593409603452 0.00099639480466474136 0.0046117480891959455 0.029764581462588691 0.00089688218406675933 0.033058040533812817 0.065863197507889992 0.073277154776869163 0.042587122863184626 0.029513178169893656 0.0094744386509574095 0.024559350901845352 0.033850568534400133 0.026967060371675729 0.023937098161778282 -0.0097969325185167412 0.0019373450984751116 0.043100232633912168 0.019370160429302237 0.0010229402069731912 0.055089939671361034 0.010267823972938453 -0.0013921711623436522 0.023414040971455094 0.069043345924960975 -0.0057914990132569236 0.0164366690362483 0.06857678094600457 0.0078360667656871916 0.06427466787758139 0.03081633861302497 0.00054199379379308839 0.040102614788541546 0.047810769289576109 0.042495419771953293 0.03830720057804278 0.048078934038509331 -0.006745210693106002 0.082205842538883037 0.075657446152927091 -0.0042473983941539485 0.067678149355204248 0.034264598367955479 0.054650526963597706 0.025038881999908957 -0.0010424245226680067 0.041531306519281427 0.013632403163103608 0.050937091509152252 0.062583383492982897 -0.0011866867910089829 0.046365300366791373 0.032118706344700078 0.023241993679987076 0.021639325086973776 0.059974140715604127 0.076995577219081263 0.00017329240593354889 0.046811930538903611 0.025689749533677905 0.025282853493103816 0.026750565289387355 0.065700796157138891 0.021700224264139294 0.055011000412693342 0.016293546922358949 0.063625013559761884 0.042876807856902864 0.046865082431708512 0.0034851736910741019 0.056767662188147668 0.03692565627622283 -0.0053400250318767061 0.0058504444024907992
leaf_weight=11066.154625643045 255.16287509351969 1049.7534933872521 70.551204860210419 60.405172154307365 72.623838238418102 968.67470709607005 2709.2275012433529 206.1823858730495 116.01521398872137 1641.9670829176903 93.133299224078655 854.25883482396603 148.04773653671145 186.60571573674679 34.347709722816944 264.28382778540254 142.00817470252514 237.68240078538656 88.065557233989239 145.5386855006218 49.227629963308573 402.11442687362432 180.61446396261454 174.65565045922995 28.48657238855958 68.237125117331743 35.028981439769268 92.271630175411701 11010.679164104164 105.7191256955266 42.597384572029114 210.22221456468105 43.811135217547417 301.24622679874301 53.085780054330826 5586.3885557129979 2421.2157952561975 139.32772370427847 82.303075518459082 220.12436687573791 1184.3338383324444 19425.90681874007 199.5110291801393 214.67960403114557 48.345490533858538 127.45893433690071 61.518654845654964 63.419580344110727 54.133870843797922 2575.8363548852503 54.051673542708158 1584.2422799840569 1911.2463703453541 22.89982421323657 142.90668766200542 50.754306133836508 144.87118679657578 48.390447672456503 40.246504109352827 49.140326663851738 24.228914104402065 94.738852541893721 39.384159460663795 7847.3222144469619 49.624613501131535 98.085353016853333 279.20184310153127 335.83081952482462 621.55827808380127 129.51509257405996 83.215849421918392 235.01508921384811 659.11295780166984 48.982404813170433 69.440044865012169 1360.95364882797 72.593157976865768 95.331367678940296 28.175866931676865 573.83611512929201 276.56435693800449 71.783359356224537 27.628444422036409 37.127959411591291 39.755990084260702 139.29663754999638 457.12633863091469 46.76650819554925 73.053951345384121 90.643978077918291 341.61039585247636 219.19032766669989 24.126677606254816 285.14171189442277 32.795903537422419 921.72949964925647 294.1158502958715 78.029350772500038 180.37261664122343 168.61849640309811 76.637305609881878 85.628319054841995 43.304858092218637 43.0593116953969 311.47788801044226 33.330037523061037 120.04416728019714 67.654337670654058 35.005559358745813 30.126889035105705 37.546528533101082 242.21745028719306 21.53647917509079 749.38277364522219 56.872844569385052 60.299996137619019 27.089387562125921 122.51458381488919 319.23112491890788 67.761913720518351 46.762547627091408 37.232233732938766 28.497154399752617 58.98739181086421 56.791810918599367 41.585412953048944 266.21492865681648 263.05296873301268 281.51029063761234 28.472640715539455 77.425578616559505 45.530290305614471 49.42584066838026 45.347091924399137 344.06534732505679 147.09097727760673 21.485520113259554 33.51927661895752 26.651377588510513 72.372767813503742 54.453534685075283 334.59008849412203 127.62934518978 27.432601194828749 127.99442849680781 33.376315612345934 2285.198019951582 277.46670323982835 61.109922058880329 39.989707969129086 85.427426021546125 39.035537950694561 36.440369315445423 60.191194180399179 45.914234574884176 38.030205070972443 1190.2103956192732 18.390324741601944 85.797469146549702 31.873603824526072 37.790974408388138 219.76316214725375 249.72681000083685 366.26137072965503 201.95354305207729 239.61170630156994 90.465789720416069 37.312047213315964 170.16341992840171 43.609187014400959 754.72188838198781 32.150660984218121 42.96253389492631 74.248553406447172 413.98406326398253 49.922792125493288 58.670415982604027 32.684165570884943 324.08839409425855 54.837907627224922 30.58599841222167 171.09040453284979 28.946241851896048 600.61928882449865 38.759370498359203 167.55421083793044 80.838652551174164 84.524687115103006 85.180029187351465 25.166652519255877 67.488853525370359 55.070935614407063 157.74437600746751 39.399537466466427 118.65112303197384 33.545724287629128 47.371083613485098 72.774635624140501 353.06329537555575 104.49840987473726 35.768376749008894 168.15407228842378 184.25891986861825 47.828922636806965 104.42009170353413 67.466384265571833 32.573160834610462 37.103746704757214 31.767798412591219 799.76808293536305 79.746720887720585 53.36993370577693 22.571910064667463 69.536696285009384 30.172365937381983 42.331829402595758 27.097714938223362 83.346920765936375 1208.1631104499102 1041.3269594758749 26.3702707067132 157.47635091096163 104.33953443914652 1857.0721860826015 71.676507964730263 65.738891839981079 18.965648509562016 42.795839361846447 33.249927144497633 50.848289754241705 33.835347790271044 119.7961347438395 84.42782436311245 71.111336901783943 160.61487947776914 233.23376228660345 401.84877424687147 1083.6496888138354 22.407730929553509 40.68419986218214 32.680711016058922 64.037934653460979 89.016773033887148 98.14202968403697 73.263190414756536 38.368240736424923 62.560160417109728 21.293384127318859 30.423726856708527 31.51697014272213 48.366781428456306 63.008207578212023 90.352663457393646 26.627910025417805
leaf_count=197383 3297 16244 815 605 439 16040 7442 2926 835 27999 597 4262 1505 730 304 1644 1941 1468 643 888 765 2939 1446 1253 441 500 587 549 22258 1597 549 1136 506 4045 589 13488 10971 1182 711 1355 19560 22378 2032 2474 305 1012 585 777 389 43980 633 5706 8968 231 1025 585 1966 663 572 775 219 792 570 13027 611 1247 2910 4656 2155 702 880 1940 3681 578 744 4219 663 1434 211 2214 1522 986 425 498 321 966 3833 642 662 1078 5352 2909 267 4280 329 4844 2000 850 2769 1798 1053 688 509 377 2938 264 917 447 347 227 543 3324 188 10945 646 609 248 1803 3404 668 542 464 222 929 559 483 1090 1319 1597 412 630 663 632 378 4802 2215 202 398 212 800 797 2673 1065 425 1177 265 8736 3673 472 483 694 388 442 573 533 367 19565 197 982 239 466 3355 3246 2545 1062 1329 969 195 1384 698 5583 433 556 1006 4131 476 420 358 5043 592 461 2678 405 6551 545 1802 582 495 879 287 954 566 1781 538 1422 564 618 669 4722 1599 344 2423 2890 441 489 1084 430 252 395 4451 698 693 253 737 319 428 250 1279 3211 3633 367 852 904 13283 808 1114 238 533 282 399 531 1001 715 863 1962 1119 1191 17532 252 446 411 627 556 1074 519 457 467 226 318 477 263 611 1432 366
internal_value=0.0549462 0.0119064 0.0776399 0.0601456 0.0365686 0.000344293 0.0838256 0.0299329 0.0667926 -0.0034003 0.0435207 0.0756949 0.020271 0.08615 0.0140634 0.0570176 0.0375488 0.0616017 0.0371294 0.0772995 0.00395701 0.0431741 0.0514816 0.0600255 0.0213899 0.0313768 0.00797577 0.0734246 0.0825946 0.00905421 0.0308079 0.0568454 0.0438397 0.0139322 0.0201857 0.0803733 0.066325 0.0305016 0.0537139 0.0455142 -0.00617721 0.0880021 0.0254086 0.0335402 0.036608 0.0350703 0.0169348 0.00604966 0.0424489 -0.00678297 0.0443737 0.0701962 0.0664949 0.00696091 0.0390659 0.0421947 0.0334574 0.00944349 0.0230022 -0.000571966 0.0250502 0.0309574 0.0381538 0.085358 0.0459818 0.037618 0.0412043 0.0213598 0.0703832 0.0540176 0.0426625 0.038662 0.0607205 0.047611 0.0530486 0.0729241 0.0447519 0.0220029 0.0254331 0.0711157 0.0573321 0.021804 0.0308054 0.0308895 0.0179013 0.0435052 0.0398148 0.0334257 0.0415605 0.0297376 0.00302616 0.00792251 -0.0011434 0.0137612 0.0124143 0.0625609 0.0555619 0.0484404 0.0158317 0.0355138 0.0272728 0.0349271 0.0495396 0.0245898 0.0356144 0.0502306 0.0396783 0.0473251 0.0431869 0.0380524 0.0242873 0.00719021 0.0172478 0.0124901 0.0500244 0.052061 0.0253142 0.0199139 0.0257236 0.0159256 0.0474843 0.0281815 0.0199978 0.0235722 0.0355512 0.0104978 0.0625721 0.0559851 0.0683623 0.0324381 0.0594841 0.0364899 0.0295481 0.0421074 0.006461 0.00333957 0.0165866 0.0378258 0.0148241 0.0281089 0.0205508 0.0450705 0.0361854 0.0339861 0.0457101 0.0292383 0.0706255 0.0162704 0.0330457 0.021701 0.0351709 0.0136627 0.0263641 0.0269228 0.0106491 0.0160442 -0.00127688 0.00234863 0.0175554 0.0245608 0.0433418 0.0133019 0.00930519 0.0589023 0.0562338 0.0532863 0.0485338 0.0401832 0.0356685 0.0165601 0.0546344 0.0248629 0.0397406 0.0411339 0.0379484 0.0211742 0.0343602 0.00901395 0.0107472 0.0146133 0.031878 0.0118014 0.0291857 0.0322479 0.0280385 0.0396225 0.0430171 0.0601752 0.017613 0.0247935 0.0252012 0.0469746 0.0287521 0.00166477 0.0346535 0.0166395 0.0225525 0.0302912 0.0133802 0.0176926 0.0204577 0.0264835 0.00901545 0.0693905 0.056232 0.012554 0.0387873 0.0480474 0.0327069 0.0609019 0.0520236 0.0136771 0.0229791 0.0341016 0.015596 0.0169956 0.0109752 0.00195534 0.0783351 0.0740634 0.0186477 0.0541101 0.0529825 0.0539591 0.0143351 -0.00770949 0.00911276 0.0442581 0.0309588 0.0482458 0.0159719 0.0385062 0.0488227 0.035925 0.0169643 0.0779499 0.0709681 0.00137263 0.018882 0.0510837 0.0151879 0.0450287 0.0505353 0.0443485 0.0364661 0.0418766 0.0438388 0.0120524 0.00897391 0.0257481 0.0411006 0.0539366 0.0029885 0.0282899
internal_weight=111211 38395.6 72815.6 19026.9 12253.5 26142.2 53788.7 9255.49 13587.6 20537.3 5439.25 11973.9 4083.51 41814.8 5604.84 2997.98 5171.98 7634.35 3349.39 10853.9 5626.29 2812.56 2159.86 1120.02 2540.56 1480.37 3064.28 5953.27 14355 2647.19 2359.42 3817.9 1657.99 2603.14 1083.88 6353.49 3816.45 1691.39 2089.86 1320.14 14911 27459.8 973.141 517.722 1169.18 1120.84 1737.88 2697.46 303.042 13726.7 591.708 3611.5 2027.26 2304.98 2047.1 1100.01 1392.62 1519.26 342.213 2979.1 1190.23 802.672 860.758 8033.93 838.817 1904.19 1234.47 773.63 767.097 765.463 507.234 438.997 839.727 283.997 2307.4 4500.41 955.27 366.821 331.792 838.12 1498.15 154.999 236.493 669.72 181.764 766.193 626.897 214.976 798.153 261.194 1838.74 845.942 992.801 504.332 238.978 1510.5 588.766 1140.27 1676.36 208.865 661.171 319.741 128.933 190.808 487.956 635.948 233.834 537.656 444.523 450.828 139.35 1313.51 263.754 858.717 1062.24 944.26 113.789 341.43 531.864 212.633 141.501 951.256 330.193 205.755 105.182 100.573 1049.47 501.747 547.725 621.063 1194.62 168.479 140.303 94.7729 2282.08 1323.86 168.576 115.822 1609.44 153.478 126.826 639.876 264.602 592.59 165.227 427.364 3139.46 301.696 117.983 89.13 129.239 163.313 393.987 158.277 795.297 84.7967 2889.97 1248 993.687 370.911 69.6646 622.776 469.49 1382.33 1105.77 903.814 664.203 297.941 260.629 298.772 815.022 136.972 821.374 778.412 639.084 124.171 128.11 155.199 958.214 634.125 85.4239 548.701 67.9818 993.377 639.379 353.998 311.401 157.118 625.582 289.751 153.286 383.147 186.231 1229.61 205.94 377.611 169.77 122.399 1455.97 728.144 623.645 360.039 727.822 2621.83 200.616 543.563 66.9209 90.1895 104.822 1117.2 317.429 80.4593 324.27 125.944 198.326 204.571 162.239 108.514 2341.76 1133.6 61.3758 2179.29 2021.82 1917.48 109.223 11150.9 84.7045 130.18 76.0458 87.2887 56.4073 170.55 378.544 114.171 188.047 3344.31 635.083 1155.29 71.6354 375.274 476.097 238.694 328.076 239.06 171.405 514.912 476.544 263.607 242.313 61.9407 96.1957 143.847 123.033 53.7256
internal_count=780575 555376 225199 116605 125144 430232 108594 105004 67816 351561 48789 40449 53084 68145 78671 20140 51920 44914 33568 33748 89286 25626 16282 6701 32870 16566 45801 22902 32010 39729 26294 25503 14690 36518 14128 16531 19411 18878 15221 11155 262275 36135 11682 5330 11957 11652 23663 41103 2856 242715 5106 15509 9803 35337 19863 9800 14883 22390 4392 49557 14337 9207 8845 13757 7136 18838 11562 9650 3043 5763 4884 4384 5127 2518 16808 17217 8652 4698 4111 3858 10115 1866 2795 7276 2262 6697 5731 2213 7494 2664 28848 12541 16307 7189 3255 8695 3851 9360 23078 2370 7873 3490 1197 2293 5014 5061 2122 4473 3876 4516 1578 19756 3512 12255 8510 7392 1205 4383 6038 2634 1334 11082 4114 2634 1222 1412 5886 3199 2687 6968 7247 1884 1673 1010 35106 20966 2417 1109 22344 1809 1597 5674 2555 6556 1641 4915 12998 3892 1118 1258 1200 2227 4650 1820 11478 1009 48299 20300 13287 4750 705 8537 6601 9006 7484 6422 5093 2548 2353 3995 6192 1490 8275 7719 6537 1482 1164 2161 14140 9097 1053 8044 793 10640 7096 3544 2995 1158 8145 3489 1936 3162 2222 20103 2263 5366 1898 1280 20535 9996 8397 4607 10539 12164 1193 7649 734 841 1057 6617 2166 941 4263 1521 2742 2610 2182 1566 7393 4182 714 15644 14792 13888 1351 198735 1352 1204 815 841 784 1586 2715 1240 2387 9752 2310 18549 1017 3119 6565 1880 2596 2040 1593 5055 4598 3790 3564 795 704 1193 1843 616
is_linear=0
shrinkage=0.01


Tree=6
num_leaves=255
num_cat=0
split_feature=8 54 6 55 12 58 55 6 6 56 56 49 6 6 6 54 6 6 48 10 59 28 56 28 48 48 49 54 48 6 6 8 6 11 24 45 58 8 43 54 63 54 57 6 115 29 144 92 137 32 33 62 28 24 57 121 12 43 122 121 56 61 138 86 54 48 121 38 12 121 44 37 59 27 27 86 24 115 139 126 134 8 106 50 38 98 122 20 53 55 116 8 6 57 139 92 121 134 48 34 59 13 29 44 98 49 28 26 55 116 61 115 122 23 54 48 49 136 6 62 29 33 8 6 8 50 27 33 57 27 8 54 134 8 138 98 38 48 137 122 12 6 12 10 47 43 58 31 62 20 50 50 136 20 121 122 55 6 49 124 6 32 121 8 43 99 24 39 39 49 20 10 8 114 68 144 55 89 115 138 123 36 49 6 114 54 116 132 20 138 36 50 38 37 55 20 14 66 62 6 116 134 47 59 138 37 38 116 24 39 8 66 116 24 33 48 20 8 20 29 24 49 6 34 121 24 136 29 54 8 50 116 121 36 55 78 83 36 24 24 24 47 56 44 8 61 27 27 49 136 56 138 10 114
split_gain=941118 85937.5 79508.8 21897.4 14134.4 11859.7 11631.2 5874.74 4682.98 4253.65 4169.75 3219.14 3149.08 2862.11 2036.11 1993.64 1967.49 1928.91 1465.9 1392.5 1322.16 1137.41 1064.86 1058.38 999.402 972.947 928.442 907.279 836.847 781.972 748.054 735.343 726.224 692.55 688.453 686.791 651.056 649.9 624.303 588.981 588.787 577.326 551.49 539.773 517.306 523.443 508.088 502.488 564.285 494.025 488.206 471.63 461.868 456.367 444.324 475.24 443.373 436.375 434.21 615.42 432.391 452.11 426.454 423.956 433.811 535.161 418.722 417.159 500.095 429.443 549.663 493.253 402.161 400.458 390.559 388.121 388.107 385.224 381.78 381.738 379.921 379.815 379.707 377.77 556.993 376.363 373.607 372.017 369.685 566.467 369.52 477.409 368.467 366.938 356.168 425.445 351.14 349.8 347.593 345.953 345.107 343.969 339.088 353.562 407.319 337.67 336.422 333.542 331.965 328.481 328.267 327.979 322.96 336.966 445.661 322.085 338.855 353.84 321.668 320.963 317.561 369.465 317.175 395.634 389.654 317.054 325.625 315.079 313.242 310.323 339.688 309.274 306.051 396.052 318.067 353.927 305.882 415.178 305.671 303.962 303.054 301.16 343.151 299.515 294.85 302.682 295.659 293.053 292.429 291.307 289.798 368.323 288.427 287.373 286.733 364.842 285.632 285.594 285.586 310.375 283.101 320.533 282.881 282.361 323.991 296.225 280.775 306.783 372.224 452.386 280.333 279.786 275.767 272.828 272.447 268.639 267.416 265.978 387.467 280.994 275.727 264.44 262.956 262.88 260.078 258.698 258.459 257.117 322.349 272.989 256.998 256.589 256.564 476.171 267.901 259.485 316.298 255.725 250.847 248.577 246.999 245.804 276.232 245.061 412.311 360.026 450.03 281.613 244.792 241.434 248.689 244.722 241.11 246.594 240.953 239.431 239.35 322.624 238.471 237.401 301.548 235.532 235.436 297.627 233.723 239.274 232.971 238.627 232.632 355.278 232.13 231.54 231.102 231.07 355.063 271.48 350.251 230.844 275.195 319.743 228.335 337.846 231.991 238.771 228.225 227.928 227.323 225.584 298.39 254.979 252.593 223.899 222.97 222.706
threshold=321.49500000000006 222.50000000000003 4962.9050000000016 286.50000000000006 3.5000000000000004 92.500000000000014 303.50000000000006 643.91000000000008 12470.545000000002 567.50000000000011 7.5000000000000009 1350.3570500000003 1220.7450000000001 2195.4350000000004 970.72000000000014 157.50000000000003 10233.525000000003 3077.7750000000005 30.093388000000004 399.05000000000007 147.50000000000003 10.500000000000002 674.50000000000011 4.5000000000000009 464.43211000000002 131.60263 553.05632500000013 277.50000000000006 14196.559000000003 46.835000000000001 1373.3950000000002 1665.5950000000003 1815.5850000000003 76.010000000000005 128.50000000000003 4.5000000000000009 109.50000000000001 139.91000000000003 9.5000000000000018 49.500000000000007 6.5000000000000009 283.50000000000006 42.500000000000007 2856.9300000000007 0.042480751000000004 35.500000000000007 3.5000000000000004 6.5000000000000009 93.500000000000014 620.50000000000011 78.500000000000014 1.5000000000000002 202.50000000000003 2021.5000000000002 21.500000000000004 7242.4750000000013 18.500000000000004 7.5000000000000009 404.50000000000006 10952.565000000001 325.50000000000006 27.500000000000004 86.500000000000014 12.500000000000002 1441.5000000000002 3466.3358000000003 2391.4200000000005 8.5000000000000018 5.5000000000000009 4724.0350000000008 7.5000000000000009 12.500000000000002 1.5000000000000002 354.50000000000006 354.50000000000006 8.5000000000000018 1371.5000000000002 0.10312288000000001 2.5000000000000004 1.5000000000000002 38.500000000000007 677.98500000000013 1.5000000000000002 51.500000000000007 41.500000000000007 16.500000000000004 204.50000000000003 251.64692000000002 20.500000000000004 1232.5000000000002 0.0053149210000000011 1321.3400000000004 208.90500000000003 50.500000000000007 2.5000000000000004 1.5000000000000002 19241.770000000004 89.500000000000014 1256.0142000000003 39.500000000000007 12.500000000000002 8.5000000000000018 44.500000000000007 10.500000000000002 6.5000000000000009 24.024776500000005 35.500000000000007 1.0000000180025095e-35 50.500000000000007 0.034898220000000008 6.5000000000000009 0.06852876300000002 68.500000000000014 1.0000000180025095e-35 1028.5000000000002 84.41737000000002 160.76065500000001 46.500000000000007 628.92500000000007 27.500000000000004 14.500000000000002 356.50000000000006 720.05000000000007 1169.3200000000002 628.38000000000011 16.500000000000004 829.50000000000011 281.50000000000006 113.50000000000001 907.50000000000011 16.910000000000004 440.50000000000006 47.500000000000007 172.24000000000004 53.500000000000007 13.500000000000002 55.500000000000007 248.15947500000001 12.500000000000002 11.500000000000002 9.5000000000000018 2653.4950000000003 19.500000000000004 245.58500000000004 706.51713500000017 167.50000000000003 52.500000000000007 712.50000000000011 9.5000000000000018 138.56333500000002 51.500000000000007 1.0000000180025095e-35 90.500000000000014 208.08143000000004 2837.4300000000007 85.500000000000014 426.50000000000006 824.81500000000017 1912.1762500000002 1.5000000000000002 109.52000000000002 1104.5000000000002 2391.4200000000005 42.970000000000006 34.500000000000007 7.5000000000000009 1359.5000000000002 6.5000000000000009 28.500000000000004 170.62806000000003 55.69916700000001 69.905000000000015 1206.9000000000003 0.097276475000000015 6.5000000000000009 1.5000000000000002 634.50000000000011 1.5000000000000002 0.049506058500000005 54.500000000000007 3.5000000000000004 11.500000000000002 297.82021000000003 94.635000000000005 0.036518969000000005 105.50000000000001 0.00049905328000000014 48.500000000000007 184.09603500000003 75.500000000000014 28.500000000000004 8.5000000000000018 49.500000000000007 3.5000000000000004 165.50000000000003 135.26833000000002 4.5000000000000009 17.500000000000004 1.5000000000000002 1504.0450000000003 0.0042446718500000003 26.500000000000004 479.41658500000005 65.500000000000014 63.500000000000007 10.500000000000002 37.500000000000007 0.00093711930500000012 1177.5000000000002 49.500000000000007 457.00500000000005 12.500000000000002 0.014381787000000002 1206.5000000000002 170.50000000000003 1492.4944000000003 19.902272500000002 199.90500000000003 129.20500000000001 10.500000000000002 2104.5000000000005 16.651345000000003 373.72500000000008 72.500000000000014 2441.5550000000007 1177.5000000000002 94.500000000000014 162.50000000000003 983.50000000000011 1514.1850000000002 3.5000000000000004 0.0042941856500000007 4210.3950000000013 23.500000000000004 916.50000000000011 24.500000000000004 10.500000000000002 55.500000000000007 2085.5000000000005 1697.5000000000002 1667.5000000000002 4430.4026500000009 68.500000000000014 15.500000000000002 1236.0200000000002 33.500000000000007 895.50000000000011 240.50000000000003 33.530750000000005 96.500000000000014 2.5000000000000004 94.500000000000014 353.40500000000003 0.064125284500000004
decision_type=2 2 2 2 2 2 2 2 2 2 2 2 2 2 2 2 2 2 2 2 2 2 2 2 2 2 2 2 2 2 2 2 2 2 2 2 2 2 2 2 2 2 2 2 2 2 2 2 2 2 2 2 2 2 2 2 2 2 2 2 2 2 2 2 2 2 2 2 2 2 2 2 2 2 2 2 2 2 2 2 2 2 2 2 2 2 2 2 2 2 2 2 2 2 2 2 2 2 2 2 2 2 2 2 2 2 2 2 2 2 2 2 2 2 2 2 2 2 2 2 2 2 2 2 2 2 2 2 2 2 2 2 2 2 2 2 2 2 2 2 2 2 2 2 2 2 2 2 2 2 2 2 2 2 2 2 2 2 2 2 2 2 2 2 2 2 2 2 2 2 2 2 2 2 2 2 2 2 2 2 2 2 2 2 2 2 2 2 2 2 2 2 2 2 2 2 2 2 2 2 2 2 2 2 2 2 2 2 2 2 2 2 2 2 2 2 2 2 2 2 2 2 2 2 2 2 2 2 2 2 2 2 2 2 2 2 2 2 2 2 2 2 2 2 2 2 2 2 2 2 2 2 2 2
left_child=1 4 3 13 10 16 7 21 22 17 29 14 18 15 24 38 27 26 216 36 186 79 172 -20 53 185 30 125 42 50 122 131 49 40 -17 85 88 60 115 247 177 58 -13 147 45 -36 54 48 244 62 -1 83 108 105 55 99 -33 -35 59 102 61 163 77 154 65 98 150 68 -41 71 129 183 96 -28 -32 -37 -45 192 237 80 -3 209 200 84 -44 92 149 90 89 215 91 93 -23 246 187 212 -14 138 190 100 -46 -88 103 104 140 -8 -68 -79 -34 -52 -100 -53 113 233 -115 175 -117 -118 -114 -22 -30 -122 123 124 -5 126 -4 214 -29 130 -71 198 133 -110 -134 -136 137 230 -19 -111 -15 -142 -143 -113 146 224 -76 181 -24 240 151 -40 -58 176 -56 -156 -55 -64 159 166 -107 171 222 164 -26 -165 -74 -168 -169 -170 -138 -162 -7 203 -50 -2 252 180 179 201 -27 -16 -80 -69 -184 -12 -10 -83 189 228 218 -31 195 221 -195 196 208 -94 -18 -57 -77 -179 -203 204 205 206 -149 -208 -9 211 -211 219 213 -96 -105 -11 217 -6 -65 -43 231 -194 223 -73 -146 -226 227 -185 229 -189 -101 -221 -180 -62 235 236 -235 238 239 -39 241 242 -51 -244 -21 -95 -75 248 -25 -249 -250 -130 -140 -196
right_child=2 6 5 9 12 8 11 32 20 19 25 28 72 41 43 34 31 97 23 47 119 35 148 39 37 33 73 128 120 191 74 56 52 57 44 75 -38 78 66 67 -42 81 51 76 46 -47 -48 -49 174 86 109 111 -54 156 63 199 152 -59 -60 -61 112 -63 157 64 -66 -67 106 69 -70 70 -72 162 158 87 144 82 -78 107 182 -81 -82 94 -84 -85 -86 -87 101 -89 -90 -91 -92 -93 197 245 95 -97 -98 -99 110 136 -102 -103 -104 127 -106 160 -108 -109 132 139 -112 143 118 114 -116 116 117 -119 -120 -121 121 -123 -124 -125 -126 -127 -128 -129 251 -131 -132 -133 134 -135 135 -137 170 -139 153 -141 141 142 -144 -145 145 -147 -148 173 -150 -151 -152 -153 -154 -155 155 -157 -158 -159 -160 -161 161 -163 -164 165 -166 -167 167 168 169 -171 -172 -173 -174 -175 -176 -177 -178 178 232 -181 -182 -183 184 226 -186 -187 -188 188 -190 -191 -192 -193 193 194 253 -197 -198 -199 -200 -201 -202 202 -204 -205 -206 -207 207 -209 -210 210 -212 -213 -214 -215 -216 -217 -218 -219 -220 220 -222 -223 -224 -225 225 -227 -228 -229 -230 -231 -232 -233 -234 234 -236 -237 -238 -239 -240 -241 -242 -243 243 -245 -246 -247 -248 249 250 -251 -252 -253 -254 -255
leaf_value=-0.0079292287171646644 0.0052691109502489095 0.060687140494365077 0.031106336545351977 0.038327008435352999 -0.0023267198774363689 0.061228419188074763 0.0029609904602388827 0.016521194590436616 0.073512259054448789 0.032072597985242479 -0.0022624749908423899 0.017456998708130729 0.018328857845412709 0.0025647836018469899 0.038659698206765181 0.068057127105103185 0.055540248033297324 0.042903656522062204 0.058541659382223242 0.065228216531573194 0.080134738500819827 0.0045123281167261864 0.072315091299436321 -0.0046157479129573329 -0.0011392960199007984 0.0019221028465726275 0.065035892167164336 0.059803731696385393 0.066196727051607979 -0.0022640793367349242 0.066663211386363413 0.049753744676999341 0.024903247762022331 0.0063386881934418314 0.054584751432699558 0.036436373824032565 0.063232262542626011 0.05117860549940071 0.036293118642607258 0.0080021367045176161 0.059595623532050682 0.062307825332370163 0.060177148220965516 0.035390232964578341 0.0084613514250617174 0.023322676676162814 0.059238978374700824 0.078446810509980092 0.030798546450803967 0.00047723806224826611 -0.0036408997102543397 0.060366850271782298 0.010177065652770902 0.050410335212635958 0.035584888479331125 0.02362156253196596 0.073760855453108565 0.046011325751050533 0.0027578439403687354 0.056428559520734528 0.051924955951421999 0.062875205884688715 0.037857352970188843 0.037158069697568352 0.0666026520553855 0.0043768744697174483 0.050733880730291975 -0.010093225827365394 0.054149035228680129 0.056096507140086099 -0.0019384561746324644 0.043029410242965443 0.021638332144636032 0.0026406410066861018 0.002947669190157287 0.013854125042754644 0.060420776367480673 0.035287525698724433 0.041958671138040506 0.069221586349686628 0.017615951130952878 0.066171642930957508 0.021348045343768746 0.054928819262455263 0.029418119860819249 0.048860345105785144 0.019231500486230436 0.032655977885367483 0.066348113054200977 0.027976574127834369 0.060684860481449096 0.067245546770091119 0.011918072978869225 0.049924746160523024 0.016099388639445773 0.010972584781765167 0.048055818268773351 0.037347656548590909 0.062515814863857058 0.0035493003397747747 0.030147923694689865 0.061560072423309034 0.048842529079054751 0.040725599245406516 0.0059155293871672341 0.0060721899950705507 0.025751736273971124 0.0059447214912152395 0.039394857123523516 0.041458277639473413 0.025936187871382247 0.043509199674570696 0.011296093132445752 0.0013150908115709711 0.046055855144354327 0.030372649732268792 0.032933535573875489 -0.0058255289085390296 0.042683937370383375 0.082885764975512935 0.022127124336263234 0.057852361162898276 0.048328505546565266 0.0087623897545930692 0.0045084781733346607 0.066112736438877495 0.050349206570402337 0.054308982589410089 0.068225549819486961 0.063908753719629022 0.011213412729313081 0.064666954307709801 0.026494541620536355 0.074554892678443951 0.04993906460151467 0.017749958804200418 0.037966511042288154 0.061278094301227395 0.050674109495523416 0.0034925765025630353 0.049376115894528956 0.041850784329074867 0.013084522764221796 0.073471090996426 0.025434337950673673 0.021763850618430333 0.045122947896601054 0.060138433429307761 0.077249424359883162 0.042897273707942378 0.046227998286135448 -0.0015537221988416534 0.063502782986955303 0.070718265652236281 0.074160238879336191 0.037994219751096819 0.018256159222572767 0.0001723726049790495 0.0065512056009621967 0.054274258225409266 0.037940139723852497 -0.0044268122393814396 0.00031065128203687574 0.036809675914487618 0.022868548106655583 0.0076036979126988501 0.051603419654921316 0.023697962041038766 0.059183482680773641 0.018597721424858923 0.019311328572318681 0.010092894118379337 0.070049499914499519 0.018980374974357193 0.058420229516144603 0.027490595556711992 0.065970352761769741 0.0011579486809328895 0.0066326543312106179 0.0090909944517289266 0.013016774900760022 0.071183490711733854 -0.0097826130320447877 0.015060734302314433 0.030800754210568774 0.0064076980007831295 0.078440339274294724 0.05016314557803507 0.061053391162370199 0.025055826350519356 0.0024416761030244842 0.0096669873039354811 0.029526230448273339 0.028115891901672019 0.034384502710235437 0.074513200085267337 0.071392260753516623 0.034532676445298088 0.027857822312812912 0.056992716861436005 -0.0056805367671748999 0.010561893483131683 0.04446809456368131 0.052701391060302534 0.020096425168344978 0.054459644978150638 0.0011415212406251617 0.032187913553496171 0.044611701366054607 0.041958065638417683 0.010491453839975073 0.019646084376880826 0.064673578205472315 0.045457885240423553 0.006232747878201223 0.057666137948984092 0.0075202008413922964 0.025809879198343395 0.018337808507563048 0.040557095747298988 0.060711907838702422 -0.0026724724849458998 0.047579135484620498 -0.00077685843304347636 0.038111742659740926 0.053365989741493203 -0.0023089273634312834 -0.00042794356111766402 0.065528704262127924 0.022153275397478928 0.042486028480787218 0.0083455187475799022 0.037092437656015755 0.0043744791837894755 0.048230712151713678 -0.0046789383814222823 0.050476823711698468 0.024391484757069461 0.069588289759506414 0.023458474209685113 0.0062077849206281371 0.044489521014053228 0.036306583216930831 0.0058511381613576864 0.072129097068134848 0.026039034631038543 0.03916152297056167 0.0023187329048405332 0.05624392164717594 0.025488459456384227 0.013073652602913313 0.048087105649996166 0.06240418053062019 0.069618030740258754
leaf_weight=10414.190006300807 356.58063670992851 28.443247973918915 152.77522273734212 362.8687770627439 891.89117986708879 567.00120856612921 145.75179705768824 43.735477089881897 1864.8904663994908 55.730419129133224 1422.318347401917 58.518692452460527 503.66094128042459 33.572608072310686 57.564314492046833 68.657602839171886 137.63132059574127 95.686384938657284 51.669353071600199 1132.9633228033781 10391.059115096927 1057.1394823715091 2700.2536550685763 28.701932437717915 97.894910112023354 956.73162556812167 384.60948668420315 2058.1234351545572 546.80119025707245 3178.9373188875616 133.6076002754271 107.62088587135077 84.882060904055834 43.963930763304234 248.65449064597487 116.19415040314198 1733.6274917274714 269.80041070654988 34.40496401488781 39.931288678199053 20.147115755826235 88.975457523018122 76.481238085776567 88.342360280454159 207.58140277117491 75.369625702500343 75.374128594994545 726.34753294289112 53.725073628127575 67.810663871467113 2169.2048506960273 492.45052374526858 42.806219641119242 71.489961609244347 108.1860136538744 38.724440269172192 3610.3159360140562 79.866563484072685 32.927634194493294 193.37170818448067 207.60255232825875 25.434675764292479 30.028364717960358 249.52389489114285 36.05686528980732 69.854484815150499 118.74840596318245 49.996335323899984 60.129991862922907 25.935665160417557 36.739616442471743 26.973342105746269 222.50470527261496 33.114584591239691 32.382764607667923 187.18751999363303 398.68271309137344 105.58582586422563 62.638485468924046 36.770020939409733 74.631974618881941 206.63257049769163 605.36990431323647 167.16414908319712 301.24785677343607 21.54159477725625 39.579846557229757 101.07190530374646 122.05267687141895 141.12761871516705 563.45687013119459 132.50073174387217 770.2582492120564 544.30157278850675 38.480789870023727 40.881849631667137 42.836953401565552 68.589756548404694 74.020870987325907 31.177430521696806 115.29072532430291 43.004777569323778 166.59529703110456 52.179119121283293 81.730756923556328 90.71015253663063 116.84652943536639 63.422990944236517 65.898491576313972 27.897593911737204 44.534573946148157 361.68794561177492 96.451697275042534 50.095900911837816 38.955402482300997 190.00596611201763 33.651052929461002 67.190425291657448 50.212971545755863 15518.522631399333 45.191437546163797 110.54368580505252 160.01753327995539 69.429885938763618 38.959864165633917 88.40544731169939 285.63283560052514 112.02015094831586 1185.358984798193 41.624267674982548 47.848060451447964 573.77168666571379 105.92940480262041 88.599851720035076 394.80147379264235 41.623957548290491 121.83472470939159 64.622933652251959 439.49265354126692 75.408895697444677 95.787158958613873 77.431469820439816 95.43216210231185 42.065748356282711 45.111185654997826 45.618526175618172 34.071465022861958 50.434969611465931 4815.1274896636605 44.274667579680681 25.29445955902338 85.499951213598251 433.06902997940779 537.00473646819592 76.33178823813796 58.37346875667572 51.673425674438477 55.541765496134758 43.232831440865993 69.452649392187595 156.93733853474259 27.321218494325876 27.025355517864227 137.92227885499597 127.09341096132994 49.059628456830978 102.24743856489658 249.39996108785272 82.121096197515726 45.733562916517258 275.549800273031 50.380340073257685 3754.7158345729113 65.713230449706316 218.40627437084913 63.052890386432409 744.83665481954813 25.054738234728575 721.62893240898848 108.02581436559558 292.11909192800522 67.843248307704926 27.830289382487535 1263.9736740700901 31.671865053474903 451.7093617990613 12656.076741345227 233.57843934372067 273.00020780414343 62.785556871443987 33.813262168318033 188.86880598217249 48.14449218660593 69.836297892034054 39.311596658080816 39.809082183986902 39.506092745810747 52.875757724046707 53.998145960271358 77.90093170851469 96.14362945780158 34.922127239406109 96.281741000711918 165.88825064897537 113.27464318275452 159.07225384563208 37.694714598357677 141.91667107492685 162.88008515909314 47.955638062208891 56.371006172150373 38.896226048469543 63.594650365412235 187.41376808285713 34.880778383463621 243.59433883428574 499.800870411098 40.673236560076475 104.41094155982137 58.360455062240362 45.65929801017046 40.016622498631477 77.70642602071166 32.285605546087027 152.68309780955315 793.90297422558069 93.725725531578064 106.47448144853115 81.023180641233921 63.736725084483624 30.131229229271412 38.820837587118149 24.112456850707531 29.312194209545851 105.44778200611472 28.419204149395227 38.544815603643656 42.168985705822706 76.928114764392376 56.917865745723248 153.40400493517518 51.323360834270716 63.894583214074373 45.151532150804996 1907.0437171459198 52.614906221628189 35.290573768317699 629.53480852022767 25.893629439175129 49.609691709280014 30.99942984059453 84.457135088741779 423.46365438401699 53.873113956302404
leaf_count=187076 5196 215 1367 3304 14585 2622 2145 540 4414 452 23926 667 6493 448 518 400 820 636 392 4856 14769 16224 7642 472 1441 15155 1982 10255 2559 54178 693 677 924 624 1925 1265 7777 2093 377 576 170 550 494 728 2746 857 538 1714 416 961 37253 2922 550 672 1059 417 9943 749 412 1328 1700 177 305 2381 201 872 999 822 562 235 550 280 2641 393 391 2543 2169 1066 554 226 914 1084 7570 1075 2854 207 465 845 550 1196 3162 599 10670 3777 395 436 363 507 497 423 1209 294 1404 457 1014 1291 1354 852 575 351 450 2778 1195 692 319 2179 370 1011 441 15579 464 686 1193 803 469 435 1892 809 4570 313 656 2427 1081 441 3087 450 1177 457 2812 1241 810 680 1124 157 427 429 250 348 9938 405 208 1251 1620 2080 419 529 640 776 564 575 1638 396 395 1416 1543 637 887 2882 650 540 3197 643 11806 701 1045 784 3202 385 10788 1597 4261 365 389 17194 299 7086 22309 1668 1576 594 433 2960 524 773 396 234 233 578 445 539 1482 510 1051 1166 1234 1143 487 1358 1563 391 630 405 349 1415 425 1360 7516 529 1188 505 280 567 751 492 1230 5227 1439 1653 411 599 278 451 271 381 830 401 316 424 444 598 2046 460 646 595 5909 458 288 9870 259 656 436 491 2067 333
internal_value=0.0520401 0.0102652 0.0714255 0.0531523 0.000320722 0.0769134 0.0337248 0.0228048 0.0787267 0.0607579 -0.00353755 0.0434595 0.0144774 0.0374147 0.0375644 0.0312916 0.0660914 0.0546723 0.0101623 0.0665252 0.0803671 0.0138839 0.0731102 0.0144372 0.0316595 0.00523364 0.0501117 0.060593 0.0530253 -0.00587515 0.0449565 0.070374 0.0355666 0.00944314 0.0366123 0.0125191 0.0600647 0.035684 0.0200902 0.0135452 0.00816793 0.0453279 0.048589 0.0473396 0.0355737 0.0475314 0.033474 0.0701644 0.0682988 0.0307723 -0.00701235 0.0498203 0.0430213 0.0203835 0.0323363 0.0274996 0.0721284 0.0323303 0.038958 0.040203 0.0309786 0.0230359 0.0357769 0.0376936 0.0329747 0.0306298 0.0304435 0.0164898 0.0363489 0.0153602 0.0314565 0.0138592 0.0276841 0.0552677 0.0495676 0.0192138 0.0560642 0.0383456 0.0444942 0.041603 0.0305254 0.049092 0.016874 0.0419748 0.0359566 0.00896005 0.0228504 0.0526065 0.0500951 0.0452891 0.0540303 0.0491781 0.00844618 0.0453742 0.0518681 0.0421361 0.020844 0.0619569 0.0342008 0.0247542 0.0163739 0.0423261 0.0358652 0.0319856 0.0260498 0.0157459 0.0387068 0.024533 0.0447765 -0.00280292 0.0495161 0.0544751 0.0362613 0.0401733 0.0215785 0.0144573 0.0225468 0.00740017 0.0225391 0.0817891 0.0623161 0.047961 0.0357742 0.031304 0.0351114 0.0478307 0.0438379 0.0430111 0.0625803 0.0420247 0.0281863 0.0606834 0.0471047 0.060317 0.0431148 0.0469868 0.0298236 0.0436594 0.0626718 0.0144327 0.0313872 0.0349065 0.0263584 0.0470022 0.0473724 0.0487186 0.0254038 0.042265 0.0754976 0.01887 0.0166242 0.00964111 0.0726966 0.0635083 0.0491806 0.0593463 0.0375072 0.0140736 0.0321979 0.0336016 0.0213898 0.0271679 0.0303116 0.0202602 0.0124604 0.0293612 0.0313938 0.0357911 0.0312296 0.045253 0.0252174 0.0313818 0.0689234 0.0395557 0.053268 0.00874632 0.0610091 0.0076525 0.0114721 0.0218636 0.00454192 0.0571742 0.027851 0.0120331 0.0119557 -0.000162712 0.0778183 0.0552503 0.0519002 0.045963 0.0292623 -0.00158667 0.0425663 0.0344348 0.0445398 0.0493859 0.0447135 0.0134631 0.0481597 0.0465815 0.00719697 0.030404 0.0358125 0.0415013 0.0375889 0.0425267 0.033834 0.0258117 0.038929 0.0395783 0.0255669 0.0447143 0.0463973 0.0406858 0.0274685 0.0531786 0.00194874 -0.00103625 0.0317684 0.0486737 0.0393688 0.0150651 0.0360697 0.0197534 0.0499022 0.0510016 0.0128082 0.0138512 0.0492563 0.0443801 0.0235811 0.0282182 0.00772748 0.0440699 0.0355064 0.0207702 0.0314005 0.0488869 0.0512884 0.046552 0.015847 0.0221737 0.0152167 0.0241188 0.0696051 0.04793 0.0222012 0.00607556 0.0212176 0.00409577 0.0341342 0.0669717 0.0565728 0.055894
internal_weight=116214 36836.2 79377.5 18338.7 25871.7 61038.8 10964.5 5171.23 52267.6 12359.3 20331.4 5793.25 5540.33 5979.35 3591.1 3377.25 8771.16 6024.69 4179.14 6334.62 40430.5 3046.56 11837.1 2746.78 2244.67 4276.88 3715.61 3854.75 2202.15 16054.5 1868.65 4916.41 2124.68 2402.85 2285.98 2906.71 2296.13 1650.4 1091.28 2695.11 2279.02 2602.1 1499.62 1346.43 2217.32 324.024 1893.29 4038.49 3312.14 1300.14 12686.7 1441.1 824.541 594.264 1817.92 962.814 4151.01 123.83 975.929 943.001 1082.45 437.405 791.692 855.106 612.215 576.158 380.794 1930.37 100.061 1830.31 152.148 1678.16 1361.19 1846.96 1237.38 1004.9 487.025 706.122 567.956 139.845 103.075 1626.17 888.701 544.893 377.729 1901.82 508.443 1462.35 562.505 440.452 1361.28 797.822 1880.27 665.322 1251.13 330.371 546.498 2309.07 506.304 846.188 322.872 82.5846 749.63 583.034 383.954 471.101 235.595 169.009 781.735 2272.51 118.555 896.204 645.043 498.378 89.0513 710.481 290.847 100.841 146.665 25909.6 702.536 155.735 631.276 471.259 401.829 526.814 438.408 199.08 3327.94 115.408 73.7837 765.401 696.853 154.498 542.355 436.425 523.316 125.932 2240.48 103.306 302.223 268.651 172.864 403.754 1103.77 1037.32 66.4542 859.402 7515.38 425.859 145.199 119.905 4043.38 2144.8 242.891 134.705 123.163 85.5701 814.692 771.459 325.349 234.639 163.991 411.97 224.988 186.982 702.007 479.502 377.255 127.855 397.385 207.318 4321.72 733.995 272.131 419.634 1607.79 2258.88 1010.03 264.284 1248.85 125.408 122.141 1514.17 59.5022 1874.03 14521 920.757 714.124 441.124 387.748 3367.81 537.113 251.182 163.021 285.931 246.122 823.134 191.629 116.625 283.331 156.259 131.204 668.282 502.393 389.119 230.046 179.611 206.616 375.039 104.327 270.712 289.489 225.895 87.0599 299.325 1432.37 932.564 353.935 231.816 142.841 88.1611 136.965 59.2589 991.697 946.586 1464.17 1370.45 378.338 297.315 61.3087 97.1813 745.741 409.327 201.724 96.2762 67.857 445.815 403.646 326.718 381.584 228.18 176.857 109.046 3040.01 596.916 68.4052 764.739 85.595 679.145 56.8931 1269.82 862.956 93.1847
internal_count=780575 537484 243091 119070 425860 124021 111624 63036 89079 62499 349632 48588 76228 56571 33932 35921 34942 37224 60633 25275 57071 41894 32008 38003 23715 66573 25920 19010 14656 283059 14416 15932 21142 35561 22192 40539 11335 16290 13729 37611 34188 20650 10947 10217 21792 2782 19010 13940 12226 14034 225921 10280 7108 7425 18472 10443 12240 1373 8911 8499 11489 5214 8162 8029 6022 5821 4189 25918 1138 24780 1754 23026 15595 11504 8647 12860 2897 7081 4801 1355 1129 11739 11595 4423 3348 27679 5872 9522 3558 3008 8677 5515 27472 4916 8527 2595 6856 11304 4949 9487 3955 759 7171 5767 4076 6113 2353 1918 6558 38845 947 5857 6275 4639 1011 9540 3560 1381 1636 30348 3709 1150 5769 4576 3773 3694 3259 1691 15316 1204 891 3692 5634 1016 4618 3537 5532 1158 10797 1592 3062 2614 1804 2935 7954 7313 641 7320 17580 5113 1836 1628 11563 10161 2007 948 1312 1081 8739 8175 3968 2677 1918 5037 2984 2053 7600 4959 4072 1190 4374 2281 14428 6437 1461 5980 8081 34018 14602 3543 19416 883 1242 21108 688 31012 26723 5932 4848 3272 4002 57138 5163 2593 1502 2570 2336 11248 1265 956 4025 1946 1561 5736 4570 3336 2193 1845 2103 3212 1021 2191 2159 1810 882 1812 22630 15114 3569 1786 1236 1091 1523 772 6884 6457 20286 18847 2678 2267 701 956 11059 3628 1928 1098 697 3559 3135 2691 4708 2662 2202 1241 10765 4235 681 11693 1167 10526 695 5061 4879 729
is_linear=0
shrinkage=0.01


Tree=7
num_leaves=255
num_cat=0
split_feature=7 55 7 12 55 55 58 8 55 60 6 47 6 6 19 48 53 6 12 37 6 14 73 69 60 55 61 6 25 58 7 6 37 10 7 135 14 55 64 8 121 58 122 33 122 18 53 117 32 18 8 119 115 6 19 124 58 97 36 115 28 122 48 119 10 50 122 135 116 59 39 36 6 60 18 58 57 55 18 47 141 7 117 47 11 18 135 7 7 40 24 21 116 7 12 39 91 7 19 69 67 27 32 12 33 24 58 102 47 87 29 19 24 122 30 52 138 63 136 121 7 38 133 43 37 138 27 48 146 125 57 50 47 61 117 96 6 27 115 115 122 122 42 82 22 121 53 32 118 118 21 55 121 16 87 31 6 8 12 47 37 39 8 22 57 28 10 31 45 55 94 121 7 24 98 138 119 6 21 38 38 69 6 27 135 60 121 42 8 71 40 7 115 38 38 7 116 126 57 43 146 125 24 40 18 116 28 28 60 57 135 6 48 135 122 52 7 94 116 121 14 28 94 69 27 21 29 48 28 19 74 28 48 126 121 24 27 121 115 60 24 12 135 28 138 18 136 136 119 10 106 27 57 38
split_gain=836392 95623.6 55272 17874.4 13827.6 11009.1 8600.33 5285.79 3945.25 3166.22 2905.56 2536.57 2207.03 2055.59 1980.27 1845.17 1664.7 1342.49 1182.78 998.708 958.788 950.422 947.745 935.335 927.792 907.257 846.993 815.16 801.661 786.63 714.864 699.019 692.59 670.183 651.841 644.364 637.328 615.565 611.818 609.8 563.455 511.413 506.01 498.892 494.087 492.457 490.839 473.672 472.084 465.573 459.533 458.263 456.565 564.198 453.475 655.503 431.247 419.289 415.176 408.411 417.708 396.419 393.555 389.693 434.892 388.954 382.56 372.062 370.021 369.243 366.444 356.883 353.287 352.516 352.181 367.73 346.15 367.696 344.425 389.706 342.544 342.43 361.696 341.412 455.936 372.264 341.077 335.959 513.134 383.107 342.437 335.176 433.935 378.237 361.278 438.882 334.673 334.574 334.058 333.908 331.235 330.987 325.487 321.279 321.075 320.118 322.291 318.129 362.847 345.269 329.49 317.104 316.621 312.842 443.065 396.561 386.861 326.396 310.299 309.424 309.055 307.518 305.217 319.735 304.752 312.216 303.431 302.81 301.548 358.057 300.584 307.984 300.035 354.598 298.334 349.285 297.11 297.003 295.658 295.478 294.092 286.529 286.143 322.268 375.174 284.523 282.347 282.083 364.725 280.654 279.745 291.655 343.898 276.992 276.153 315.648 282.677 289.738 275.124 274.39 273.733 304.585 405.442 273.095 376.875 271.494 269.926 269.839 269.623 269.273 269.19 335.798 279.68 266.853 265.986 264.182 264.123 264.08 301.51 263.509 263.475 261.416 260.927 260.763 467.748 260.486 260.228 260.222 258.211 258.056 256.117 290.739 255.168 276.601 271.324 253.305 252.645 250.496 249.45 249.034 248.448 248.231 247.967 273.291 247.89 413.07 247.231 277.672 304.157 381.885 246.66 246.563 246.166 246.136 245.422 245.166 244.419 244.057 239.958 351.292 237.842 382.961 237.781 236.887 235.781 265.45 232.681 232.171 232.124 231.907 231.888 229.249 229.143 228.974 252.228 228.712 232.736 228.56 269.676 257.962 250.33 228.032 251.173 258.609 226.961 225.05 224.664 330.338 264.033 224.502 275.109 223.354 223.095 260.471
threshold=803.35000000000002 129.50000000000003 2978.5900000000006 3.5000000000000004 260.50000000000006 806.50000000000011 163.50000000000003 68.935000000000016 11.500000000000002 32.500000000000007 10233.525000000003 121.29575000000001 3005.8450000000007 14675.175000000001 828.84110000000021 602.36015000000009 6.5000000000000009 947.57500000000016 8.5000000000000018 3.5000000000000004 772.80500000000006 4.5000000000000009 1.0000000180025095e-35 1.0000000180025095e-35 18.500000000000004 162.50000000000003 52.500000000000007 3077.7750000000005 4.5000000000000009 35.500000000000007 417.84500000000008 296.03500000000003 22.500000000000004 99.910000000000011 119.84000000000002 68.500000000000014 1.5000000000000002 240.50000000000003 2.5000000000000004 245.51000000000002 7652.3150000000014 541.50000000000011 86.500000000000014 78.500000000000014 316.50000000000006 130.70153500000004 11.500000000000002 0.001398881 742.50000000000011 171.50230500000004 89.045000000000016 18.500000000000004 0.091667187000000025 2195.4350000000004 116.60169 1.0000000180025095e-35 44.500000000000007 1.5000000000000002 62.500000000000007 0.083340658000000012 26.500000000000004 294.50000000000006 1683.6443000000002 3.5000000000000004 106.93000000000002 1.0000000180025095e-35 60.500000000000007 92.500000000000014 0.0049980210000000009 149.50000000000003 97.500000000000014 11.500000000000002 2724.0150000000003 2.5000000000000004 36.568333000000003 12.500000000000002 61.500000000000007 10.500000000000002 160.04747000000003 2945.6733500000005 2.5000000000000004 257.02500000000003 0.0034827532000000004 465.29189000000002 9.9100000000000019 209.15411500000002 85.500000000000014 626.35000000000002 390.91000000000003 11.500000000000002 2179.5000000000005 1116.5000000000002 0.0033976565000000008 681.3900000000001 9.5000000000000018 25.500000000000004 4.5000000000000009 8374.5800000000017 113.00100000000002 1.5000000000000002 3.5000000000000004 1479.5000000000002 599.50000000000011 39.500000000000007 144.50000000000003 1198.5000000000002 77.500000000000014 1.5000000000000002 2486.7585500000005 9.5000000000000018 8.5000000000000018 40.574375000000011 1829.5000000000002 53.500000000000007 1158.5000000000002 11.500000000000002 67.500000000000014 4.5000000000000009 11.500000000000002 2544.6300000000006 2094.9300000000003 37.500000000000007 62.500000000000007 21.500000000000004 3.5000000000000004 30.500000000000004 1148.5000000000002 5688.4223500000016 3.5000000000000004 1.5000000000000002 19.500000000000004 2.5000000000000004 3302.7402500000003 1.0000000180025095e-35 0.045457030000000002 1.0000000180025095e-35 1903.4950000000001 60.500000000000007 0.084036583000000012 0.036971884000000003 26.500000000000004 123.50000000000001 14.500000000000002 23.500000000000004 1.5000000000000002 1836.7900000000002 6.5000000000000009 1073.5000000000002 0.00059313235000000013 0.0021345753500000004 1342.5000000000002 48.500000000000007 5861.3050000000012 2.5000000000000004 2.5000000000000004 789.50000000000011 198.71000000000001 177.48500000000004 13.500000000000002 191.56839000000005 18.500000000000004 64.500000000000014 315.95000000000005 4.5000000000000009 1.0000000180025095e-35 91.500000000000014 95.885000000000005 1108.5000000000002 11.500000000000002 205.50000000000003 21.500000000000004 618.59500000000014 485.49500000000006 1991.5000000000002 13.500000000000002 95.500000000000014 21.500000000000004 2195.4350000000004 1499.5000000000002 470.50000000000006 262.50000000000006 1.0000000180025095e-35 690.75000000000011 1004.5000000000001 81.500000000000014 12.500000000000002 3931.7000000000003 95.500000000000014 605.70500000000015 5.5000000000000009 40.500000000000007 244.74000000000004 0.020847641500000003 176.50000000000003 346.50000000000006 640.05000000000007 0.0048081457500000011 1.5000000000000002 1.0000000180025095e-35 16.500000000000004 6.5000000000000009 1.5000000000000002 1115.5000000000002 15.500000000000002 149.99187000000003 0.025513304500000004 13.500000000000002 60.500000000000007 24.500000000000004 10.500000000000002 85.500000000000014 2653.4950000000003 119.51842200000002 31.500000000000004 98.500000000000014 53.500000000000007 1178.9400000000003 11.500000000000002 0.0015255253500000004 1440.9300000000003 4.5000000000000009 45.500000000000007 16.500000000000004 2.5000000000000004 640.50000000000011 1541.5000000000002 440.50000000000006 620.32530000000008 14.500000000000002 87.985415000000003 28.500000000000004 93.500000000000014 713.18907000000013 1.5000000000000002 3447.6850000000004 1380.5000000000002 678.50000000000011 329.84000000000009 0.069956490000000024 14.500000000000002 1560.5000000000002 43.500000000000007 63.000000000000007 65.500000000000014 68.500000000000014 89.999043000000015 26.500000000000004 13.500000000000002 57.500000000000007 149.82500000000002 2.5000000000000004 162.50000000000003 10.500000000000002 511.50000000000006
decision_type=2 2 2 2 2 2 2 2 2 2 2 2 2 2 2 2 2 2 2 2 2 2 2 2 2 2 2 2 2 2 2 2 2 2 2 2 2 2 2 2 2 2 2 2 2 2 2 2 2 2 2 2 2 2 2 2 2 2 2 2 2 2 2 2 2 2 2 2 2 2 2 2 2 2 2 2 2 2 2 2 2 2 2 2 2 2 2 2 2 2 2 2 2 2 2 2 2 2 2 2 2 2 2 2 2 2 2 2 2 2 2 2 2 2 2 2 2 2 2 2 2 2 2 2 2 2 2 2 2 2 2 2 2 2 2 2 2 2 2 2 2 2 2 2 2 2 2 2 2 2 2 2 2 2 2 2 2 2 2 2 2 2 2 2 2 2 2 2 2 2 2 2 2 2 2 2 2 2 2 2 2 2 2 2 2 2 2 2 2 2 2 2 2 2 2 2 2 2 2 2 2 2 2 2 2 2 2 2 2 2 2 2 2 2 2 2 2 2 2 2 2 2 2 2 2 2 2 2 2 2 2 2 2 2 2 2 2 2 2 2 2 2 2 2 2 2 2 2 2 2 2 2 2 2
left_child=1 3 4 8 12 7 10 18 31 27 14 34 21 69 25 20 24 23 19 74 48 35 49 30 78 168 62 101 83 241 44 43 45 38 136 52 -35 59 200 80 42 -15 47 226 158 76 73 -23 54 81 -14 65 53 104 124 -56 57 150 190 60 -21 177 99 64 -44 222 111 127 71 -8 -48 -66 113 -39 141 -76 77 -25 79 -7 179 82 185 85 122 246 149 88 89 103 -89 93 206 220 95 -94 175 -31 -54 -11 147 140 -53 134 -2 106 -67 108 110 216 -52 -20 -16 117 -115 116 195 201 -90 145 189 138 123 -85 -9 -126 142 -27 129 -120 131 -49 -125 -134 135 -19 -5 -38 -87 -121 -6 -3 -32 144 -144 232 180 148 -50 -29 -36 152 154 -103 155 156 -152 -158 -13 -137 161 162 173 164 -65 -78 -166 202 183 -141 171 -41 -173 -96 -174 213 -33 178 -42 251 199 -77 -160 184 -4 -17 -133 -171 -110 210 -18 -192 -81 -194 -195 233 214 -62 -37 -84 204 -24 203 -79 -30 -206 -93 208 209 -208 -64 -138 -57 -75 -161 -151 -109 -214 219 237 221 -83 -22 -181 -204 -226 -1 -200 -201 -97 -159 -178 -68 234 -116 -106 -237 -215 239 -239 -240 242 -12 -244 -112 -113 247 248 -10 250 -230 -26 -142 -254
right_child=2 5 6 11 9 16 13 15 28 26 29 17 50 41 112 22 58 87 66 37 51 40 72 32 39 67 -28 86 33 97 126 176 -34 36 56 198 137 46 -40 170 61 -43 63 -45 -46 -47 70 130 100 -51 107 102 98 -55 55 212 -58 -59 -60 -61 197 -63 120 163 68 105 119 -69 -70 -71 -72 -73 -74 96 75 181 165 167 -80 192 -82 91 146 84 -86 121 -88 90 118 -91 -92 92 94 -95 160 229 -98 -99 -100 -101 -102 153 -104 -105 235 -107 -108 109 188 -111 244 245 -114 114 115 -117 -118 -119 128 139 -122 -123 -124 132 125 -127 -128 -129 -130 -131 -132 186 133 -135 -136 159 211 -139 -140 169 252 -143 143 -145 -146 -147 -148 -149 -150 215 151 -153 -154 -155 -156 -157 157 230 182 196 -162 -163 -164 -165 166 -167 -168 -169 -170 187 -172 172 174 -175 -176 -177 231 -179 -180 223 -182 -183 -184 -185 -186 -187 -188 -189 -190 -191 191 -193 193 194 -196 -197 -198 -199 227 228 -202 -203 224 -205 205 -207 207 -209 -210 -211 -212 -213 217 218 -216 -217 -218 -219 -220 -221 -222 -223 -224 -225 225 -227 -228 -229 249 -231 -232 -233 -234 -235 -236 236 -238 238 240 -241 -242 -243 243 -245 -246 -247 -248 -249 -250 -251 -252 -253 253 -255
leaf_value=-0.0046560352985819025 0.017781664285037815 0.00039290411594061439 0.051883243874322985 -0.0019940391695370918 0.059110098175212969 0.040928277469223444 0.067963147760608508 0.0035984493283927848 -0.0013651286913875576 0.045659464462756046 0.058168525460750291 0.0084999326871723884 0.024701735897463203 0.074040973852988884 0.0099140592427640322 0.021981395196021457 0.061783452087443971 0.0033335555582681871 0.053875928701635808 0.05403525481761734 0.0034620505927169449 0.015117382513140163 0.041444876733177552 0.05100344605867816 0.066162204538786254 0.061916184626180211 0.067860522386021249 0.060946396964811606 -0.0027506536890408383 0.066852985239455168 0.007646730906883884 -0.0024716727075071209 0.06478518618636292 -0.00072714630794408334 0.001899027800477294 0 0.063650211679169039 0 0.042325690991193508 0.07136209307002693 0.078425177888465938 0.076722713415625907 0.0046242804204781164 -0.0027257970771669914 0.048050885548838108 0.054031930074376566 0.024320267024090063 0.021375585514465938 0.048773077408942288 0.048019136447100402 0.028185305029196576 0.059917674935080226 0.00073645114035654274 0.048285456190963631 0.054380400200827128 -0.0058827901490959653 0.041497315885718422 0.028921641612924348 0.06520627811546173 0.0040457113723338205 0.012890393600278396 0.024901674084572528 0.057629202408017617 0.0011208291575487107 0.053042548777074726 0.011364943930250662 0.0043233792359237714 0.050577754924704434 0.013438586373003186 0.072141551543120491 0.06623658796435565 0.020639761919317365 0.068110455182023286 0.013193504621456948 -0.0026457921787507448 0.021883013618072659 0.04806526650318485 0.0390797487784042 0.050338484129955952 0 0.029201239292255047 0.013372681735410069 0.0040287150007501443 0.0082536094968203265 0.028556384969723698 0.04588117720014119 0.044419285449878852 0.014915941955607881 0.062395649629564967 0.012666740851045593 0.046211087246496564 0.0061390703805441638 0.051156649537170161 0.015866806785279519 0.013359725704170562 -0.0098172488192774174 -0.0054369243035399381 0.071497062932585051 0.025396918119129648 0.060349797338658896 0.045205822828020888 0.045810299407524686 0.02499107005878673 0.062383767883259722 0.021108366463982987 0.038659838251193561 0.047136444518654362 0.034513020547826907 0.032895015896664249 0.04019205278561605 0.04699777281116356 0.0040127427530110282 0.039130299534745921 0.062264653287342119 0.016679597673567376 0.050850551357590139 0 0.070049891549373355 0.026226755414195495 0.003531882900221466 0.065212306420227878 -0.0094365109021704707 0.0013315801752713898 0.013683948406214435 0.041699015204815087 0.01331962730077183 0.04907113942331047 0.068405836709431275 0.062153813873085086 0.047702330781856629 0.052931908709311026 0.035736227847042723 0.012883361213744933 0.054825028360998389 0.00070857629852770151 0.010417774033409632 0.041496356553953853 0.019867205200849506 0.0069822385759545306 0.016656229833381393 0.038270494529955526 0.036453963243134685 0.04389070649471765 0.0029063953124501903 0.020559892118761493 -0.0067241577972183188 0.043902256058001611 0.0056076239238143366 0.012909858144607303 0.051976782159420552 0.039900394257886433 0.031324530205451104 0.025641717343508234 0.073999272295413962 -0.0041435415983330139 0.03089903341048721 -0.0025176078588384733 0.033632788230014227 0.030563671582901471 0.038538101233217242 0.062123707453279942 0.023810992778792589 0.059897775389521034 0.051005458134119504 0.021814577936475014 0.011979272422630383 0.043776086872863898 0.0012384387734602393 0.033301971092051949 0.050044183046508504 0.059678266901299341 0.024539162476209873 0.056483526614890936 0.05047393549350615 0.027113378229812583 -0.00094645711619067334 0.033342081581352254 0.043673335869546935 0.04452375588236232 0.0086430602094831818 -0.003375477357511278 -0.0058892450710200774 0.0021451836272333626 0.061152619731455672 0.019617783362411427 0.054045372360801043 0.060685611143321896 0.017866442572945312 0.057442163673819588 0.064241480060013442 0.028753650301384451 0.052143738606872783 0.0081800443271516417 0.050977034754812849 0.014997341987847173 0.010184182876780707 0.052143046709163608 0.033696536979472239 0.028478604212522934 0.045519182119399496 0.022648221629503553 0.060912234567115149 -0.0049907616544152622 0.0058728902111792316 0.0033629207111294892 0.046717135876268676 0.0092153470688480441 0.015765910230623476 0.013011627599360436 0.045016755599643243 0.043703392617401977 0 0.036333596897902609 0.014155284901977356 0.0077611725279661398 0.068929521553897394 0.057744136409064693 0.0041813813151006952 0.034985103505379027 0.0013335206084746445 0.059073341755119496 0.051329567886773279 0.034574394200625115 0.042359407481132705 -0.0025336970743337029 0.027900469836694239 -0.0081683753930996417 0.0017227193778756465 0.034545773298041017 0.023397668225043619 0.0058290385060705864 0.0072683566873205444 0.035856823007337488 0.056703568807295823 0.04597418522880229 0.018963602727033589 0.046139643060280816 0.02779624098829336 -0.0042022344308791778 0.065642485257414757 0.03785980148214086 0.064224601298224382 0.020635212999554804 0.055292111833882565 0.031662091232091537 0.041147348735420426 0.0012168540881969633 0.032984157659164501 0.029383875930058756 0.047467144144588906 0.0075703132371677962 0.045419932156934149 0.049094210923508026 0.037705968889538422
leaf_weight=2413.9380183033645 182.38177556172013 459.47481083869934 511.78792337328196 786.11735289543867 231.90873631462455 123.62124426290393 4807.7260269448161 257.35121634230018 134.37153133004904 401.44098368287086 281.62066551297903 1793.6918429471552 102.63444428518414 17389.072812460363 80.112434316426516 45.544825818389654 197.73376672714949 42.749540712684393 122.41432323306799 31.581917084753513 74.501354932785034 64.013715740293264 263.88607925921679 28.234834171831608 74.315483815968037 3488.6730074137449 2185.9440968409181 1343.8111847043037 2547.7367039136589 3035.1650730520487 124.81141819804907 303.93092840537429 43.1439308822155 63.17876049131155 465.40196688473225 100.60965807363391 33.475419878959656 58.167972389608622 30.288332890719175 48.807567298412323 82.907755915075541 18237.360266000032 108.76987517997622 2817.8361373841763 32.3671889975667 48.261859674006701 42.285865142941475 94.357986334711313 60.487327337265015 320.83260415494442 207.6708692535758 116.10794222727418 65.994424782693386 225.54907913506031 66.957386240363121 36.22088436409831 42.575183913111687 103.54608467593789 761.6570995002985 270.90685945749283 325.97845674678683 58.759876687079668 1466.8619337975979 37.791523180902004 80.418951984494925 102.9652502797544 39.748964980244637 283.72975631803274 100.24703292921185 6489.7221229895949 50.26274947822094 67.003532100468874 93.887703575193882 108.14145486801863 97.938096217811108 325.52215771004558 71.733357079327106 91.306280367076397 81.449648793786764 56.792167250066996 179.42965142056346 43.136538796126842 61.365887951105833 545.63415507227182 135.92131406441331 50.128862533718348 271.22541833668947 304.9634511359036 48.815838318318129 209.55410328134894 38.855521477758884 53.200875826179981 45.544794738292694 38.865063153207302 49.506122555583715 28.586585089564323 32.800140783190727 6507.9867331758142 356.87538151443005 340.0575128942728 114.10413756221533 79.859794814139605 41.440618727356195 27.719275008887053 95.209423255175352 503.91436778008938 32.846120834350586 62.876058608293533 65.283568792045116 221.62617158889771 483.87359483912587 30.066487945616245 72.28618685901165 76.293004091829062 71.335635989904404 113.22393456846476 42.332916244864464 95.453809130936861 311.3796498477459 31.095220547169447 1540.2080582976341 22.777939490973949 346.44830468669534 163.22378062456846 48.27988488599658 197.29008461162448 42.088906675577164 1287.8311949968338 38.396591272205114 111.78357710689306 264.56635238230228 157.49851082265377 37.802143856883049 47.694470398128033 39.470273360610008 42.343796744942665 27.82275952026248 33.749543000012636 33.649960972368717 54.723198637366295 362.58212147653103 21.182567790150642 114.11990538239479 55.332722835242748 195.71889258548617 43.771166168153286 54.644334360957146 64.736193161457777 57.218259193003178 1194.5382782295346 22.678484462201595 68.085842236876488 112.98778017237782 103.58275417983532 167.76625118404627 65.160589370876551 210.29932376369834 47.077834855765104 110.57230997085571 82.889872290194035 89.138573970645666 87.39807290956378 113.85617093369365 100.65992696583271 102.47954716905951 32.52160856872797 153.76427944004536 114.97288138791919 85.363588251173496 130.18759537488222 527.15017928183079 80.981875531375408 124.10188755393028 33.466815438121557 50.992143534123898 32.642566092312336 36.88460448384285 136.92267743125558 56.765675906091928 38.113994061946869 43.8296949416399 36.358617354184389 46.855583719909191 355.6846334002912 53.936506599187851 76.778917737305164 69.427688255906105 36.072595980018377 266.97287404537201 746.70493806898594 87.734341375529766 201.18563934415579 63.52936090156436 50.660158786922693 40.245678015053272 42.476654376834631 91.51889343932271 71.336110308766365 104.4912635050714 53.063230060040951 40.117034591734409 112.1758446469903 57.281595654785633 35.856337998062372 230.25856778025627 22.445210505276918 37.109068118035793 114.60338790342212 56.684828475117683 202.8571931309998 184.42848186939955 28.121678102761507 60.568164233118296 79.04566490650177 40.308373957872391 117.92642367631197 630.03309823572636 40.059864204376936 406.8681495860219 62.756513424217701 161.63876532390714 80.216321643441916 35.691913809627295 50.406812630593777 39.533843126147985 94.296143654733896 9052.980332031846 48.20040662586689 56.211994912475348 65.994913797825575 82.841980837285519 291.9393262565136 57.834037072956562 50.754315756261349 55.259280908852816 45.109257277101278 171.83119421079755 42.395382836461067 26.326576244086027 40.603309340775013 26.838450491428375 785.52681837230921 51.968962818384171 42.494586136192083 150.75438359007239 36.866612873971462 1209.3446889817715 54.935050267726183 33.032362394034863 27.368075363337994 116.34007290378213 442.52694675326347 1873.9707935191691 277.40856397897005
leaf_count=42503 2208 7165 3027 12808 1261 1097 12058 3621 2184 2400 1312 25896 1049 24662 875 535 954 608 966 276 948 759 2086 267 363 13274 6324 6016 42828 8621 1751 5002 299 982 7126 1448 262 863 335 181 344 18013 1377 48250 302 403 440 1041 540 2373 1856 795 891 1786 548 545 411 1232 2846 3926 4515 564 6814 494 590 1227 545 1414 1135 12326 284 685 404 1378 1543 4179 634 969 556 716 1663 490 819 8145 1562 554 1664 3684 326 2688 328 632 340 410 551 397 473 13428 3882 1514 1019 534 421 185 1074 4500 253 521 558 1563 3537 391 551 425 768 732 518 431 3409 396 5158 372 5414 2248 454 2474 364 3851 256 961 1859 1459 525 437 565 559 293 434 504 651 2883 236 1075 756 2357 633 438 863 722 6398 263 772 1336 364 2637 793 3392 562 1287 854 501 857 690 796 1100 431 1251 1638 611 1028 2609 704 650 244 409 458 453 1028 428 423 605 555 668 1666 498 568 430 392 1492 2779 723 1097 750 364 432 456 780 817 1091 446 560 638 871 486 3636 250 443 1298 620 1632 1116 394 609 985 528 416 3472 529 4207 864 1031 612 332 366 592 1104 164110 628 571 671 1215 4567 543 320 403 515 1455 479 382 262 265 2759 424 242 1345 315 19402 706 437 223 1469 3237 12235 2000
internal_value=0.0494436 0.0114349 0.0676208 0.00129854 0.0521528 0.0355207 0.0719909 0.0293855 -0.00332416 0.0578224 0.0658359 0.0153219 0.0385869 0.0742077 0.0603 0.0357455 0.0510417 0.0195629 0.0193596 0.0164917 0.0279014 0.033141 0.0404428 0.0159104 0.0453248 0.0611978 0.0624763 0.0523458 0.00365984 0.0690394 0.0131085 -0.00604797 0.0265485 6.02693e-05 0.00655466 0.0268874 0.0220603 0.0210488 -0.00095023 0.0487974 0.0381272 0.0754183 0.0351982 -0.00650389 0.0103199 0.0236438 0.0260653 0.041791 0.0210626 0.0365837 0.0463288 0.0353882 0.030094 0.0349985 0.0165065 0.0290772 0.01076 0.0097201 0.0602574 0.0137469 0.0198042 0.0500528 0.0599311 0.0293851 0.0215161 0.031921 0.0322791 0.0629826 0.028798 0.0703766 0.0481102 0.0388558 0.0485323 0.0237286 0.00817343 0.0144144 0.0208527 0.0169613 0.0316455 0.026797 0.0421257 0.0345309 0.0274737 0.0074913 0.0113165 0.00429935 0.0562033 0.0276219 0.0303864 0.0237151 0.0187284 0.0373777 0.034241 0.0465506 0.0407013 0.0261942 0.0253393 0.0700354 0.0215934 0.0525542 0.0317037 0.0484516 0.0512219 0.0298936 0.0287483 0.0349277 0.0206474 0.0473619 0.043589 0.052091 0.0397977 0.0441651 0.0241641 0.0463875 0.0398663 0.0349817 0.0277572 0.0524184 0.0377812 0.026339 0.0612902 0.0221712 0.00920731 0.0126177 0.0112975 0.0192313 0.0234079 0.0636959 0.0348984 0.032121 0.0446271 0.0374723 0.0220094 0.0371133 0.0268598 0.030242 -0.000376484 0.0430229 0.030901 0.03301 0.0474709 0.0021473 0.0209926 0.0254603 0.0294116 0.0140783 0.0227439 0.0228063 0.03193 0.0573684 0.00806769 0.0117358 0.00975731 0.0624078 0.00665267 0.0109068 0.00713999 0.00470659 0.00964031 0.034618 0.0459507 0.0404449 0.0474668 0.0363219 0.0309508 0.03734 0.0352687 0.0144956 0.0521099 0.0370442 0.0549621 0.0464395 0.0411343 0.0292829 0.0483894 0.0265843 0.00421704 0.0551429 0.0655407 0.0458312 0.0192623 0.0190482 0.0223012 0.0537656 0.0489046 0.0427331 0.0438766 0.0434175 0.0528746 0.0587146 0.0522564 0.0453219 0.0181734 0.0247647 0.0358216 0.0330438 0.0392042 0.0168012 0.0122569 0.0224517 -0.00144465 0.0475698 0.0192158 0.0300297 -0.00180927 0.00758951 0.0269334 0.0295565 0.0347094 0.0396436 0.0561347 0.0214647 0.0160199 0.0277297 0.0288331 0.0536102 0.0557559 0.0239622 0.0299654 0.0223848 0.0505604 0.0385609 0.0140653 0.0284645 0.0117321 0.0189316 -0.00743079 0.0202287 0.0268147 0.0132597 0.016337 0.0104072 0.0234574 0.0382885 0.0300607 0.0349699 0.0407594 0.0284086 0.0362859 0.0475373 0.0174528 0.0607422 0.0531407 0.0371525 0.0434814 0.0252119 0.00293315 0.0121298 0.00491855 0.0213989 0.0167105 0.0486652 0.0463471 0.0476668
internal_weight=121062 39166.9 81894.8 27567.7 18046.8 11599.2 63848 8317.8 20733.7 12722.5 16924.2 6833.93 5324.33 46923.9 6219.41 5085.6 3281.44 4603.45 3232.19 2649.41 1910.74 3132.61 3174.86 3172.7 2033.12 6067.01 6865.65 5856.81 5816.21 10704.8 2515.56 14917.5 657.143 3001.25 2230.48 1396.25 130.404 1708.94 2870.85 1616.83 1736.35 35626.4 1401 14284.8 1983.49 613.999 1009.13 649.864 1003.27 2157.78 2191.73 907.468 1142.95 720.081 706.727 203.806 1388.42 1345.85 1248.31 699.803 428.896 335.356 4679.7 751.135 356.439 749.919 582.78 5060.23 247.67 11297.4 92.5486 147.422 1017.08 916.586 940.476 459.819 565.737 461.482 416.298 334.849 784.793 1836.95 535.147 2814.96 1276.72 1538.24 2927.5 1430.75 1086.93 576.554 343.819 1301.8 977.947 323.857 513.492 140.126 858.418 9543.15 422.87 741.498 296.546 2929.31 157.549 367 494.532 639.726 135.811 2089.09 1174.56 914.535 842.299 189.347 152.399 923.191 451.676 375.383 262.159 471.516 510.376 393.433 3938.2 106.557 1140.8 794.355 502.921 245.57 532.072 4776.5 461.56 423.163 585.851 321.284 248.72 85.4966 339.281 299.81 842.062 67.225 83.7788 252.079 2745.87 480.657 489.983 365.172 309.839 141.354 412.823 182.442 117.706 2656.28 1242.3 776.898 708.812 183.443 595.824 428.058 362.898 340.219 1951.12 257.061 373.366 284.227 196.829 394.695 294.035 104.255 256.244 433.247 1006.77 220.983 832.034 304.883 256.076 82.9729 175.094 825.618 632.755 276.596 139.673 605.363 358.179 361.881 157.428 921.409 565.724 122.324 226.926 166.26 332.256 2398 486.654 288.92 211.227 154.435 90.9058 219.826 214.717 397.315 253.301 314.349 2840.56 376.062 318.274 127.163 2800.44 252.704 464.455 411.254 296.651 239.966 1651.29 55.9444 136.849 792.976 123.198 1312.46 692.909 100.628 684.834 277.966 284.992 123.353 110.193 88.5208 191.112 133.83 11466.9 152.692 252.983 94.5815 129.92 328.824 97.583 177.349 126.595 312.15 216.94 215.209 136.164 82.9987 53.165 1161.61 376.084 94.4635 634.628 66.9331 1431.68 222.339 167.404 199.92 172.552 516.842 2513.96 2151.38
internal_count=780575 555376 225199 447777 105587 107599 119612 87459 356662 59876 52553 91115 45711 67059 25767 47047 20140 57881 40412 34552 20400 30318 26647 42150 14520 24341 26105 33771 91777 26786 34456 264885 7694 49287 33234 14978 1678 20874 47609 10605 15340 42675 12976 254863 28153 7395 11340 5548 11924 19466 15393 8476 11811 7038 8780 2231 19739 19328 5620 9534 5608 2364 19781 7428 3787 7260 5860 18539 2410 24384 724 1275 7181 10616 13678 6277 6992 5927 3915 3359 6052 17093 5674 42490 18331 24159 14494 15731 11719 6767 4012 11419 8876 2543 4251 1408 9753 22049 4773 3914 3144 19277 1216 4079 5252 5980 1480 14344 8788 5556 6738 1672 1426 6777 3622 3197 2465 3155 4952 4188 15867 1430 16769 11355 6549 2928 6303 17125 4626 4370 4789 2930 3210 962 3894 3329 13495 696 1058 2467 18379 7401 5939 4188 3432 1721 4571 2125 1262 12830 18096 10970 10198 898 8862 6225 5432 5169 27851 2721 2843 2342 1485 3641 2845 1065 2351 5660 5802 2071 4553 1944 1763 795 1059 9280 10022 1800 772 4389 4133 4734 1955 5191 3525 1103 1889 1420 2050 10709 2774 1820 2262 1546 796 1947 2162 5332 3167 3528 47274 2724 4022 1455 46714 3886 4625 3993 2695 2075 7930 687 1683 8822 1382 6814 3993 1138 7444 3237 2133 1102 1280 789 2567 1696 206613 1719 2709 1068 1777 5020 1088 1491 1171 3044 1970 2373 1388 741 647 4737 1978 666 4882 706 22729 3327 2621 2263 2040 3600 17118 14235
is_linear=0
shrinkage=0.01


Tree=8
num_leaves=255
num_cat=0
split_feature=7 54 7 55 56 6 54 6 61 56 6 48 48 54 9 37 12 10 6 13 26 9 45 6 7 0 15 6 46 121 120 48 62 7 139 61 54 46 62 33 51 8 135 62 119 21 54 56 8 114 37 15 33 134 55 32 51 21 33 136 62 122 7 62 56 12 55 51 12 27 6 18 86 9 35 58 120 18 56 21 136 83 131 54 59 27 56 63 48 18 27 121 27 21 46 27 136 46 9 137 138 62 22 82 55 136 56 46 18 27 14 54 120 12 122 119 115 56 67 54 7 122 46 43 116 62 18 122 59 54 18 27 19 6 56 62 10 19 119 55 138 59 7 139 10 55 131 27 59 134 115 43 115 114 115 119 55 6 122 46 114 18 125 45 116 40 114 122 120 114 98 116 135 82 22 48 35 38 85 48 31 82 0 137 115 48 122 122 121 38 51 121 121 4 48 116 21 54 134 27 21 119 115 59 38 8 114 8 100 61 104 27 119 27 55 54 22 114 56 51 21 2 115 114 115 27 115 115 7 39 44 46 122 43 13 116 122 121 138 44 55 55 120 33 21 21 54 18 138 74 114 31 55 100
split_gain=742873 83442.1 54479.9 14390.3 12915.7 9924.05 7458.22 5513.07 2925.69 2925.15 2356.22 2355.54 2281.93 2138.47 2068.82 1581.25 1492.47 1340.08 1320.75 1082.78 1081.87 1067.18 1058.32 954.004 918.422 912.345 879.436 732.944 729.12 690.571 695.426 685.664 654.986 653.009 637.16 627.898 617.546 572.935 560.552 537.905 528.552 526.243 521.322 519.617 657.284 506.597 503.743 490.396 471.285 475.887 468.227 462.062 517.783 444.635 518.751 439.998 418.902 418.169 416.451 414.416 412.72 407.477 398.088 395.998 395.314 394.723 455.371 382.444 368.987 368.946 367.434 460.144 364.781 360.998 418.988 429.204 358.184 348.954 348.19 345.122 342.269 409.641 361.01 405.096 527.923 503.476 412.977 344.93 500.546 340.223 331.297 477.614 330.709 330.636 330.428 330.102 329.781 321.736 319.638 358.86 550.671 318.661 317.63 390.092 317.131 319.457 314.83 314.098 308.507 304.785 451.523 332.324 304.241 379.045 335.112 357.475 315.489 303.342 307.096 301.623 300.827 313.874 335.96 392.01 295.757 295.63 315.267 307.021 294.348 293.601 292.087 291.473 290.705 360.512 290.235 316.664 328.912 313.611 303.173 288.455 287.125 286.196 284.149 283.566 279.134 276.551 275.059 292.621 301.828 273.997 272.489 320.386 289.012 271.452 278.817 270.22 269.92 269.029 268.539 267.683 266.612 266.003 267.218 265.855 348.586 292.74 271.959 264.753 263.322 442.495 452.593 495.051 415.628 320.676 260.651 259.318 258.811 258.504 350.275 293.852 259.346 257.564 280.315 256.977 256.793 256.37 254.208 310.71 310.039 252.881 251.929 274.08 251.679 257.103 268.599 278.511 259.664 326.419 250.837 250.361 281.662 250.356 249.121 249.087 247.867 247.752 247.736 247.144 274.502 246.072 243.871 243.757 275.834 273.839 243.658 242.146 241.87 328.208 265.742 241.847 255.438 239.983 239.001 409.512 343.559 310.435 238.109 256.563 237.981 484.425 288.81 266.206 260.368 234.255 233.499 237.331 408.027 232.573 231.78 231.462 307.607 228.892 228.698 227.825 253.974 226.052 225.777 225.65 225.341 223.899 223.773 223.574 222.954 272.855
threshold=708.94500000000005 189.50000000000003 2978.5900000000006 260.50000000000006 302.50000000000006 134.93000000000004 2393.5000000000005 421.47500000000008 17.500000000000004 4.5000000000000009 3005.8450000000007 15780.865500000002 136.14357500000003 831.50000000000011 3809.3800000000006 3.5000000000000004 30.500000000000004 239.97000000000003 1572.8950000000002 4.5000000000000009 4.5000000000000009 53.105000000000011 20.500000000000004 3005.8450000000007 374.80500000000006 2.5000000000000004 2.5000000000000004 13487.335000000001 398.31134000000003 7652.3150000000014 56.500000000000007 2928.0289000000007 8.5000000000000018 6419.8450000000003 2.5000000000000004 4.5000000000000009 283.50000000000006 4709.9150000000009 27.500000000000004 80.500000000000014 5.5000000000000009 124.92500000000003 88.500000000000014 4.5000000000000009 1.5000000000000002 329.50000000000006 51.500000000000007 114.50000000000001 99.040000000000006 0.12384669300000002 37.500000000000007 6.5000000000000009 20.500000000000004 88.500000000000014 34.500000000000007 421.50000000000006 37.500000000000007 1583.5000000000002 98.500000000000014 94.500000000000014 7.5000000000000009 286.50000000000006 1775.6400000000001 3.5000000000000004 76.500000000000014 12.500000000000002 42.500000000000007 16.500000000000004 24.500000000000004 919.50000000000011 925.59000000000015 22.905000000000005 10.500000000000002 2073.9400000000005 40.500000000000007 165.50000000000003 53.500000000000007 72.933667000000014 76.500000000000014 2156.5000000000005 93.500000000000014 5.5000000000000009 76.000000000000014 193.50000000000003 4.5000000000000009 1346.5000000000002 8.5000000000000018 1.5000000000000002 3030.9972500000003 79.90206000000002 668.50000000000011 3931.7000000000003 402.50000000000006 1073.5000000000002 1323.8177000000003 1240.5000000000002 70.500000000000014 774.76148000000012 16.910000000000004 74.500000000000014 61.500000000000007 3.5000000000000004 5.5000000000000009 24.500000000000004 1026.5000000000002 60.500000000000007 41.500000000000007 7122.796150000001 192.90273000000005 811.50000000000011 8.5000000000000018 71.500000000000014 25.500000000000004 6.5000000000000009 108.50000000000001 93.500000000000014 0.033507415000000006 62.500000000000007 4.5000000000000009 1313.5000000000002 640.05000000000007 267.50000000000006 989.22152500000016 33.500000000000007 0.023611406000000005 2.5000000000000004 59.200818500000004 64.500000000000014 161.50000000000003 39.500000000000007 112.91503700000001 467.50000000000006 89.322500000000005 5102.5400000000009 123.50000000000001 5.5000000000000009 9.9350000000000023 119.00107000000001 3.5000000000000004 27.500000000000004 18.500000000000004 323.50000000000006 1106.8950000000002 2.5000000000000004 15.930000000000001 159.50000000000003 39.500000000000007 654.50000000000011 7.5000000000000009 62.500000000000007 0.039533237500000006 49.500000000000007 0.12767159000000003 0.072117790000000015 0.08691828750000001 8.5000000000000018 144.50000000000003 1016.0150000000001 58.500000000000007 8991.1590000000015 0.030918277500000004 14.992500000000001 1.5000000000000002 12.500000000000002 0.0022377624500000003 17.500000000000004 0.010255158500000002 33.500000000000007 62.500000000000007 0.016898575000000002 5.5000000000000009 0.010529233500000002 60.500000000000007 5.5000000000000009 1.5000000000000002 136.14357500000003 16.500000000000004 27.500000000000004 1.5000000000000002 41.37895000000001 1541.5000000000002 20.500000000000004 13.500000000000002 103.00000000000001 0.11321235500000001 97.296630000000007 15.500000000000002 59.500000000000007 311.41500000000002 59.500000000000007 4.5000000000000009 2655.3200000000002 3370.2700000000004 1.5000000000000002 4408.1675000000005 0.014155104000000002 1918.5000000000002 847.50000000000011 75.500000000000014 841.50000000000011 2068.5000000000005 78.500000000000014 0.076910548000000009 7.5000000000000009 53.500000000000007 1181.8500000000001 0.010418095 321.49500000000006 2.5000000000000004 1.0000000180025095e-35 1.5000000000000002 682.50000000000011 16.500000000000004 374.50000000000006 46.500000000000007 1835.5000000000002 1.5000000000000002 0.032619320000000007 3.5000000000000004 80.500000000000014 2286.5000000000005 3.5000000000000004 0.070395385000000019 0.042472438000000008 0.036971884000000003 649.50000000000011 0.070395385000000019 0.088334275000000018 1039.1450000000002 37.500000000000007 22.500000000000004 12135.387000000002 189.50000000000003 16.500000000000004 3.5000000000000004 0.033525062500000008 11.500000000000002 2777.1150000000002 77.500000000000014 9.5000000000000018 144.50000000000003 159.50000000000003 22.500000000000004 783.50000000000011 2086.5000000000005 1375.5000000000002 53.500000000000007 91.933767000000017 87.500000000000014 17.500000000000004 0.013015588000000002 1853.5000000000002 303.50000000000006 3.5000000000000004
decision_type=2 2 2 2 2 2 2 2 2 2 2 2 2 2 2 2 2 2 2 2 2 2 2 2 2 2 2 2 2 2 2 2 2 2 2 2 2 2 2 2 2 2 2 2 2 2 2 2 2 2 2 2 2 2 2 2 2 2 2 2 2 2 2 2 2 2 2 2 2 2 2 2 2 2 2 2 2 2 2 2 2 2 2 2 2 2 2 2 2 2 2 2 2 2 2 2 2 2 2 2 2 2 2 2 2 2 2 2 2 2 2 2 2 2 2 2 2 2 2 2 2 2 2 2 2 2 2 2 2 2 2 2 2 2 2 2 2 2 2 2 2 2 2 2 2 2 2 2 2 2 2 2 2 2 2 2 2 2 2 2 2 2 2 2 2 2 2 2 2 2 2 2 2 2 2 2 2 2 2 2 2 2 2 2 2 2 2 2 2 2 2 2 2 2 2 2 2 2 2 2 2 2 2 2 2 2 2 2 2 2 2 2 2 2 2 2 2 2 2 2 2 2 2 2 2 2 2 2 2 2 2 2 2 2 2 2 2 2 2 2 2 2 2 2 2 2 2 2 2 2 2 2 2 2
left_child=1 5 3 10 7 9 13 15 23 39 20 17 18 19 32 48 21 34 41 -4 25 42 28 37 65 -2 47 53 -11 30 45 63 -8 101 43 51 117 106 68 -1 -24 129 112 44 56 -27 124 94 -3 79 167 52 -23 54 -21 143 58 -20 -6 77 96 109 95 -10 72 66 98 76 -16 -55 71 -60 140 74 198 205 -18 139 221 190 81 97 83 84 86 87 -83 88 90 -62 91 202 -22 -89 201 247 104 142 -14 100 -100 -15 103 -67 105 132 -5 119 146 110 111 -31 114 175 115 116 -9 118 131 -73 121 122 -74 207 206 127 -127 -19 150 -7 209 -12 133 226 241 137 138 161 -137 -26 -54 -33 -48 242 149 -94 204 -148 -149 177 -36 152 250 163 -155 -131 -81 -145 -125 -43 -84 162 203 164 165 -57 -166 -13 169 173 171 172 211 -79 252 -114 -86 178 179 246 -179 182 -141 -82 -118 -146 188 -188 -180 -168 191 -50 193 194 195 196 -96 -198 -39 -150 -201 -17 -85 -136 -66 222 -47 208 216 -46 238 213 -213 -171 -92 -108 -124 218 -218 220 -56 -28 224 225 -76 -224 -25 -228 229 -38 -230 232 -232 -63 235 -41 -237 -99 -68 240 -113 -49 -37 244 -45 -106 -30 -32 -133 -157 -152 -209 253 -80
right_child=2 4 6 8 11 12 14 16 31 22 36 50 24 33 38 26 67 125 57 27 92 35 40 60 59 29 78 -29 144 61 62 141 -34 -35 128 55 228 73 -40 234 -42 159 -44 243 130 46 80 134 49 -51 -52 -53 64 69 219 153 -58 -59 70 -61 89 233 -64 -65 108 102 210 -69 -70 -71 -72 107 120 -75 75 -77 -78 168 174 156 183 82 160 85 176 -87 -88 93 -90 -91 214 -93 145 -95 192 -97 -98 237 99 -101 -102 -103 -104 -105 245 -107 215 -109 -110 -111 -112 239 113 -115 -116 -117 184 -119 -120 -121 -122 -123 123 158 -126 126 -128 -129 -130 155 -132 248 -134 -135 135 136 -138 -139 -140 181 -142 -143 -144 157 185 -147 147 148 199 -151 151 -153 -154 154 -156 249 -158 -159 -160 -161 -162 -163 -164 -165 166 -167 189 -169 -170 170 -172 -173 -174 -175 -176 -177 -178 180 186 -181 -182 -183 -184 -185 -186 -187 187 -189 -190 -191 -192 -193 -194 -195 -196 -197 197 -199 -200 200 -202 -203 -204 -205 -206 -207 -208 251 -210 -211 -212 212 -214 -215 -216 -217 217 -219 -220 -221 -222 -223 223 -225 -226 -227 227 -229 230 -231 231 -233 -234 -235 -236 236 -238 -239 -240 -241 -242 -243 -244 -245 -246 -247 -248 -249 -250 -251 -252 -253 -254 -255
leaf_value=-0.0076400170900366394 0.0021664341872482474 0.0050983737382010218 0.021809598773248982 0.020320339150038644 0.068947190155757454 -0.0015869270655207075 0.062889311647073093 0.0054573181257542205 0.044625921914342385 -0.0022749389414922919 0.0094067700096095025 0.05832889940741507 0.0014102655318362143 0.056051622509965704 0.058228837700268592 -0.0012247619098000996 0.051988555243521271 0.050284741596035055 0.010077013831351218 0.039106288041308765 0.031458280729127965 0.058639570371339565 0.012875412641649948 0.019094736573492876 -0.0066135667701942395 0.054160767331147941 0.0030795274770478143 0.061734887440830562 0.0013848701643042764 0.054242785454126044 0.015327108232336214 0.059983248562825921 0.067663496665400946 0.066000520718107733 0.037997782488577152 0.06500700924958705 0.0078532004265512434 0.056394296926010508 0.071938750660481388 -0.0035627009310265825 0.060773263693150635 0.0080571280113103834 0.0023528677695787239 0.043989855680678848 0.0095844808630546879 0.027035809590595008 0.013147212852964751 0.06178140149441317 0.00042134857552665177 0.047972264697298844 0.064327870560551448 0.045250589776192437 0.037223440674624075 0.010432926647429759 0.052326780476870935 0.0027329396292330951 0.060825754499078462 0.032349075707528527 0.0096225750611190469 -0.0014099926767305116 0.046102996790161992 0.0021543006504075295 0.044009389484201328 0.056587004262837901 0.062126485139026084 0.013067926766402747 0.017617331771110023 0.063200176182737475 0.069451437487904596 0.048734826400185567 0.011763584641117904 0.041175615255400047 0.0034270723281166681 0.067923756549232966 0.030891646420766517 0.052605787132910725 0.028516541107681807 0.044031111806254568 0.04332166854219742 0.0094673901048401461 0.007945297583365242 0.0054110751703281184 0.06392996952063372 0.028438450898741547 -0.010232893710775308 0 0.045252494764317891 0.045386869152455336 0.01456013814387774 0.06040117899535187 0.019795132873559076 0.047736018107693845 0.0090458388673806331 0.014949559530615383 0.024363110779478846 0.043685954055035926 0.04161116367801964 0.034436738651969931 0.0081691403497823542 -0.0048881366710477785 0.036499270907576514 0.06256541620751789 0.052418393794261088 0.048424588429210477 0.042875670301274607 0.064478331668280625 0.042702781205186842 0.025437148172361927 0.046879393707990484 0.056187647697034181 0.06111064049116581 0.012087452772805311 0.020785768621217941 0.022518399307524025 0.054265398868393933 -0.0053451069581916134 0.034192079875738572 0.046821682378805247 0.0065761587196203107 0.072811318091275612 0.0056914260991572201 0.054274677197113839 0.040882937887234058 0.02843522288721274 0.040744987710573055 0.036703305988142129 0.06174791705269813 0.023874963637939572 0.052423394323657377 -0.0010520765918535192 0.040824480975560448 0.039331979342935232 0.051341508817667893 0.051979423115476639 0.041818494093759748 0.065397901489579829 0.012198741718997652 0.037130333896439598 0.026664211647705962 0.013996248573688759 0.0045596374376072127 0.067111117469311934 0.04314496959864586 0.011779351141870772 -0.0097384412088550483 0.039183551548948696 0.013101244590890338 0.050537706773851519 0.036476317416676063 -0.00087745766524888668 0.00072339076571625773 0.0072914933557023786 0.054523190253236965 0.0600684338031513 0.028237116366513697 0.037836771885525568 0.050661148034196732 0.049555300372544998 -0.0016154729828053143 0.039594846152074516 0.030944676566171926 0.011430116083548299 0.052594879971385525 0.01862298646757651 0.06204886035289757 0.034247417446008219 0.019878605278755585 0.038737956270384628 0.055832100938680948 0.041203835326615465 0.0099110944901671903 0.063297095723245517 0.0054843532735194926 0.0059985709202209419 0.01913232636274986 -0.0084079957724616447 0.016280451427914434 0.001290936259936261 0.022571673988406524 0.00049032146340191856 0.022233883835941125 -0.0044078118082495153 0.046767306174427682 0.042651489979097471 0.012769127670277443 0.019728730408778799 0.0024623176330072871 0.035985524637783865 0.063908560034853373 0.042400600460722589 0.026862118237043625 0.026135733082800896 -0.0098659181163271228 0.039615887490572085 -0.00036357598670310473 -0.0064273200995477123 0.0004109782964002727 0.041209555008458708 0.034631605829589497 0.0047268879184975141 0.030784860697900551 0.03173028561707502 -0.0012680505693206587 0.013142438128319403 0.026969249894110536 0.049933423829091474 -0.0016921161829153498 0.033840146570897615 -0.0010747927132555113 0.029429889878281639 0.039979098203618481 0.032509934174959045 0.07096474344329394 0 0.047885987414937381 0.017881524153270444 0.053157298615786663 -0.0030389267077906997 0.018058032007932007 0.06651704665720623 0.062797359860004218 0.032240987681481162 0.036107983061411768 0.038299667176528829 0.047717269439795776 -0.0023857570044724685 0.055450132158148507 0.024928051860307058 0.051362701444209291 0.052767737294289969 0.039695563110891861 0.050597561276486881 0.010504196618466497 0.03663651615983244 0.024838527468040019 0.043716213901667293 0.00056712652561756926 0.054925516050508306 0.0042611626690245378 -0.0015455156854307834 0.050484092337032944 0.024977092404084938 0.041690138568683512 0.030354890422723765 0.058015191739212664 0.063444959799500378 0.041216440306098098 -0.0057154533694095001 0.019074254923345767 0.0075796376434613746 0.026944005920465919 0.061277456079958256 0.053623989626391672 0.0072986831576751336
leaf_weight=11198.611592080444 94.469604484736919 1359.8747226446867 97.565196923911572 82.469199098646641 42.628288723528385 1759.5711356662214 4817.0908727869391 55.853845961391926 439.16211416572332 1812.0022831372917 44.222517840564251 156.30310517922044 548.854516800493 1319.2537390142679 386.9911180138588 213.2513290271163 157.88489865511656 172.05733871459961 146.89565557613969 247.89731103554368 115.37655216827989 51.559076704084873 50.808430783450603 100.82010284811258 43.024342712014914 119.32375046983361 54.677922662347555 1666.5645189583302 24.656824428588152 38.536312162876129 216.88464037328959 3792.2991112396121 10629.708381302655 6493.0254292562604 143.59733013436198 126.41561791300774 47.971882656216621 724.84779176861048 19352.710719101131 2364.9775666408241 43.508938420563936 1202.2606054954231 128.22933070361614 518.31369928643107 74.198517501354218 43.289657779037952 63.014132637530565 32.256472483277321 234.47229455038905 42.905863370746374 593.74375281482935 166.10444363206625 30.423043962568045 48.857365246862173 1882.5821265205741 55.737694151699543 137.91649236902595 209.69373892620206 43.705521181225777 50.903045915067196 243.76116882264614 34.481820393353701 51.688503570854664 1220.8633016943932 44.729489803314209 173.53440498188138 701.77751960232854 137.76304057240486 16425.358774378896 55.028907835483551 59.687693506479263 96.136004090309143 64.136208068579435 109.5298575386405 201.05209590494633 587.61344639211893 131.52593192085624 26.408827871084213 66.685672245919704 29.173493027687073 89.081076443195343 36.853489093482494 62.205021679401398 61.194458335638046 52.180857244879007 42.517563421279192 97.415871594101191 47.625311955809593 83.455706678330898 1237.5935869887471 38.731368366628885 79.908770721405745 333.70216697826982 147.96196457743645 377.15073109045625 32.210686836391687 385.14222151786089 97.187738984823227 195.18815387040377 83.213129952549934 106.28631908074021 3426.8438585847616 34.848419383168221 37.340291224420071 86.889099217951298 157.64438327401876 991.36710933968425 61.987490631639957 123.88215050473809 239.89608257636428 64.624477900564671 52.294242549687624 47.383872743695974 480.50994400307536 48.05020821467042 32.325006183236837 396.82492016628385 246.81085092574358 42.752651810646057 57.172684289515018 73.495269741863012 40.880640681833029 105.86550986766815 49.478031471371651 34.206453949213028 72.610482446849346 394.99431481957436 69.147348053753376 46.890401259064674 466.83828031271696 231.03474677354097 493.37988192588091 941.04615697264671 157.35407213121653 39.384148690849543 42.766802653670311 45.480019833892584 78.804566167294979 47.816453035920858 60.838551249355078 169.82820158079267 910.77575390785933 69.764128804206848 39.461561504751444 32.082548338919878 32.177991159260273 140.43397078663111 63.640711326152086 128.82853822037578 538.24024337530136 38.990669287741184 117.246725872159 33.606000751256943 78.694273628294468 53.557645503431559 23.729486599564552 38.435923133045435 39.083377055823803 68.564338974654675 25.875190198421478 53.714989650994539 443.9810509942472 29.900095470249653 139.69914174824953 53.256662484258413 63.331521477550268 78.76982855796814 175.01668412610888 44.535848308354616 36.879497453570366 58.261513654142618 75.315017893910408 46.28076159581542 109.18837415799499 55.076203186064959 76.940281599760056 112.40755242854357 580.40854232385755 72.747985318303108 234.71751880273223 64.071993350982666 27.178346127271652 49.186611402779818 27.115416649729013 70.686240799725056 231.85918702930212 93.033988434821367 37.997597269713879 25.104029178619385 183.79802391305566 63.949079778045416 48.592795722186565 34.228999972343445 47.308029145002365 90.470633175224066 41.267357964068651 110.05321231111884 22.01163363084197 72.745852567255497 87.969390921294689 79.884383033961058 23.776435501873493 49.606036983430386 134.30311189591885 47.311181679368019 307.13492380082607 86.686146631836891 136.63644983991981 33.019020102918148 599.72329976409674 40.860424220561981 48.227725919336081 39.738277889788151 28.11331545189023 442.51454918086529 46.529501378536224 32.017646584659815 41.948711201548576 73.369999721646309 218.92657765746117 349.20428201556206 59.316029217094183 31.059364467859268 205.08377067744732 419.13129564374685 55.405230484902859 60.915205329656601 62.70264944434166 1105.2707288637757 49.112231150269508 74.423771746456623 98.439099706709385 55.931117035448551 46.972795646637678 28.773902852088213 26.644063070416451 95.616204489022493 225.94002056494355 163.78456347063184 34.33246785402298 35.928590148687363 45.885015189647675 95.181383296847343 95.425622511655092 224.39811508357525 414.48091326653957 33.993133377283812 64.46230923011899 70.588256027549505 692.85414147377014 226.97192926332355 45.306150387972593 132.31827770918608 32.695447366684675
leaf_count=203324 1313 20531 979 811 182 29421 12328 752 2538 30416 491 740 8610 5083 1139 3273 1072 970 1944 1718 1249 362 656 843 653 804 760 5096 408 270 2449 13158 18741 13451 1196 707 522 3828 17656 40799 314 17681 1734 3596 882 494 766 256 3416 371 1942 1272 291 458 8803 697 620 2233 479 725 1238 422 392 5098 264 2207 9127 695 22037 291 603 756 879 315 1553 2904 1190 243 561 398 1077 479 372 585 751 518 827 351 896 4602 418 585 4319 1591 4666 256 2296 886 2826 1323 1215 9951 277 316 469 585 6955 541 901 1453 328 571 585 5323 371 476 4092 1610 465 226 911 280 983 509 317 470 1688 568 248 7401 1736 3972 4754 743 395 279 537 735 518 752 2234 2077 578 448 555 258 1613 481 1151 8707 486 1277 212 442 485 283 327 263 917 275 500 5695 260 1431 318 567 819 1121 319 358 731 516 632 1441 593 1156 1274 9159 994 3790 847 388 408 231 888 2998 1460 458 237 1464 685 567 539 468 1336 640 1626 211 538 1070 740 287 634 1743 457 1615 1248 1314 451 5478 400 492 257 399 3289 417 257 590 855 653 1228 608 224 1462 2551 617 293 484 6258 296 512 525 534 370 369 314 1599 1529 2362 413 227 526 748 758 1233 1408 421 873 727 10415 2147 296 902 392
internal_value=0.047108 0.0103236 0.0631664 0.0487153 0.0305795 -0.000453718 0.0674788 0.0235217 0.0542848 -0.00453317 0.0358359 0.0443952 0.00929643 0.0614248 0.0693301 0.0150709 0.0309618 0.0406386 0.00488698 0.0555302 0.030885 0.0291345 0.00313543 0.0500739 0.0163397 0.0329522 0.0205794 0.056254 0.00229747 0.0338627 0.0316643 0.0593498 0.0661836 0.0638086 0.0375042 0.0325556 0.0437744 0.0464203 0.07067 -0.0067009 0.0358778 0.00329923 0.0216518 0.0400043 0.0361063 0.0337442 0.0325542 0.0176945 0.00807665 0.0168462 0.0587164 0.0290723 0.0274657 0.0529495 0.0537533 0.039045 0.0454676 0.0233094 0.0392752 0.0258923 0.0536851 0.0442561 0.0186315 0.0534862 0.0264354 0.0129055 0.0112826 0.0488681 0.0692007 0.0313533 0.0348698 0.0400255 0.0221228 0.0489885 0.0481367 0.0452585 0.0416247 0.0279099 0.0340764 0.0133865 0.0339592 0.0350097 0.032198 0.030563 0.0200335 0.0336737 0.0346303 0.0351758 0.0382992 0.0581204 0.0411808 0.0292758 0.0167372 0.022796 0.0125961 0.0141639 0.0508584 0.0434946 0.00634236 0.0133097 0.0183647 0.0607813 0.0248279 0.0197718 0.0526066 0.0499898 0.0401151 0.0460059 0.0321505 0.0479174 0.0386674 0.0289636 0.0236839 0.0185028 0.0287797 0.0263714 0.0283622 0.0369964 0.0331238 0.0538235 0.0252788 0.0273246 0.025454 0.0278271 0.0153422 0.0530847 0.0580531 0.0430134 0.0281556 0.000998822 0.0308422 0.0349459 0.0481609 0.0400686 0.0228472 0.0210575 0.0351663 0.0183116 0.0460771 0.0155683 0.00989053 0.0613937 0.0293891 0.0494923 0.0065086 0.0119222 0.0289084 0.0257413 0.0305406 0.00500656 0.0259281 0.0215845 0.0270599 0.0344676 0.047865 0.00484807 0.0338124 0.0314643 0.011161 0.00879301 0.0495141 0.0158988 0.0253895 0.0312114 0.0351284 0.0198666 0.0406896 0.0483047 0.0321494 0.0296487 0.0358683 0.0412289 0.0322909 0.0140108 0.0400085 0.00279244 0.00779274 0.0077264 0.0129503 0.00560824 0.00345082 0.022591 0.0293092 0.0167135 0.0310425 0.016063 0.0221874 0.0126537 0.0343445 0.0358832 0.00920722 0.00502312 0.015952 0.0172754 0.0154928 0.0181087 0.0201341 0.00779891 0.0545135 0.0259079 0.0174036 0.00227698 0.0152633 0.0201038 0.045119 0.0416278 0.00806493 0.0319426 0.0257025 0.0272945 0.0163345 0.0401618 0.0511843 0.0240112 0.0457372 0.0416362 0.0292146 0.0203284 0.029606 0.0551977 0.0540243 0.018634 0.0387158 0.0306184 0.0423956 0.0118324 0.0312884 0.0406914 0.0479616 0.0312817 0.0491193 0.0378874 0.027594 0.0225606 -0.00251424 -0.00285439 0.0106033 0.0490436 0.0151172 0.0201912 0.0286077 0.0414572 0.055499 0.0464215 0.0483852 0.0600846 0.0252337 0.0104642 0.0368905 0.00869803 0.0231714 0.0413188 0.0447219 0.0319469
internal_weight=125763 38219.4 87543.9 20126.3 13272.1 24947.3 67417.6 8788.55 14045.4 17589.9 6080.84 4483.5 7357.49 15805.7 51611.9 4118.27 4670.28 3558.44 4527.72 4566.63 3751.94 4243.1 3875.23 7682.32 2829.77 3270.68 2300.87 4469.06 3780.92 3176.21 2629.15 6363.1 15446.8 11239.1 2849.63 2906.3 2328.9 3833.97 36165.1 13714.6 94.3174 4171.13 1336.8 2242.33 1404.19 2263.9 2144.58 1900.1 1817.4 457.529 925.064 1899.31 1733.21 2802.5 2698.61 1006.99 499.234 356.589 361.318 744.08 3848.35 547.067 365.246 1660.03 1681.65 2085.69 1839.96 427.174 16812.3 103.886 318.689 259.002 964.969 2713.6 2604.07 1806.48 289.411 693.177 400.77 414.624 1980.4 1864.2 1408.29 1292.37 298.858 993.516 134.269 950.998 755.411 1481.35 671.955 190.709 481.257 195.587 959.518 313.558 2366.99 455.906 933.542 384.688 301.474 4746.1 245.723 210.875 1981.85 1480.48 1120.37 215.296 716.68 465.612 225.716 161.092 1208.57 604.834 603.74 555.69 523.365 897.754 650.943 153.309 764.718 691.223 650.342 586.206 164.182 708.809 467.605 241.205 607.303 2942.99 904.957 608.191 1322.84 381.792 940.578 862.436 136.063 726.373 90.5833 180.228 200.251 4703.07 132.778 300.142 1968.91 365.88 592.798 500.757 360.323 1704.97 560.413 416.815 299.569 706.845 132.252 1183.42 67.6094 78.5449 118.042 1228.14 115.92 647.568 203.587 574.593 434.894 119.069 315.825 331.32 512.949 468.413 332.816 274.555 199.24 135.597 286.776 124.324 164.588 1166.73 522.251 293.367 644.481 137.204 110.025 116.196 467.511 263.942 228.884 131.032 97.852 262.568 347.014 283.065 722.491 688.262 640.954 550.483 509.216 132.065 797.594 296.682 167.854 237.028 110.8 173.687 92.0407 1218.87 129.976 468.163 286.221 673.922 906.423 152.959 87.966 64.9928 481.246 1037.9 253.202 147.336 105.388 2450.71 2231.79 113.994 911.732 291.548 620.183 86.4646 224.438 123.618 1431.15 97.0841 1334.06 228.794 130.355 81.4546 2516.01 2487.24 122.26 323.128 865.562 122.555 88.2228 78.1415 221.597 838.137 742.712 501.37 58.65 281.347 563.968 716.584 265.963 181.943 231.699 99.3811
internal_count=780575 544512 236063 116451 130057 414455 119612 99902 64376 307825 52075 30155 106630 47711 71901 54101 45801 26352 69653 19226 36163 42844 61420 41505 36977 30337 27806 18247 60450 29024 24970 22871 31069 28485 22656 27467 15912 23790 40832 246405 970 65476 15377 17090 11503 21000 20196 23990 26295 5764 3803 19078 17806 13151 12402 8389 3407 4177 2787 8314 17715 4054 3970 7636 17444 28663 25863 2957 23176 749 2605 2002 10767 15607 15292 10926 2262 7589 3816 5393 18137 16829 13070 12198 3331 8867 1306 8349 6407 5840 5511 1804 5826 1942 13046 3578 11875 3759 13974 5364 4041 15034 2800 2523 9579 7702 8183 1523 6677 3262 1809 1481 13643 7064 6579 6208 5732 7265 5655 982 8242 7331 7051 6172 2059 3696 2158 1538 5566 47520 8096 5190 7117 2363 10944 10162 1334 8828 797 2201 2525 15235 1344 2166 30034 4577 5776 5055 3442 26481 5318 4122 2845 6223 927 18099 725 711 1426 17956 872 8093 2398 5296 3865 1264 2601 1861 5388 5069 3385 2654 2138 1684 2448 1741 2025 17774 7768 4619 10006 1548 1160 1308 4980 3553 3149 1918 1231 2283 4668 3983 9486 8947 8479 7143 6503 1837 4366 2961 1810 3560 1219 2138 721 8022 1742 4746 3136 6360 11889 1506 749 757 3707 7372 2685 1702 1112 10684 10031 1368 6407 2303 4104 841 1620 777 8647 818 7829 1571 1046 792 43081 42712 1913 2415 11489 1211 798 782 1455 5587 4829 1877 829 3322 4699 10698 2633 1610 1855 953
is_linear=0
shrinkage=0.01


Tree=9
num_leaves=255
num_cat=0
split_feature=54 13 9 121 9 54 9 0 121 56 59 9 44 56 55 62 18 13 18 47 48 69 121 54 18 54 47 52 48 69 0 121 13 58 63 14 27 49 11 0 46 89 11 27 121 18 47 24 21 18 24 2 66 122 78 52 62 56 0 54 31 46 13 24 63 122 18 18 47 140 133 59 0 45 9 18 27 18 24 26 121 122 121 14 27 59 0 56 49 27 117 58 50 31 39 121 24 54 54 66 119 33 44 31 69 31 27 128 121 136 97 119 84 59 136 62 42 121 33 56 55 94 18 122 136 121 59 39 125 21 136 10 47 18 47 54 40 122 21 13 118 42 44 54 133 56 27 33 121 50 21 118 39 21 50 121 134 137 57 0 62 57 136 10 60 15 66 24 125 56 60 58 94 49 50 45 121 0 56 9 98 27 47 27 88 29 121 18 3 88 58 57 21 33 121 24 67 119 29 9 54 24 62 134 36 50 66 67 21 36 45 49 42 117 31 121 62 62 9 23 36 63 0 118 33 98 48 121 142 31 118 78 125 42 29 29 29 54 33 128 21 48 18 94 57 18 36 39 21 109 119 94 27 42
split_gain=653851 67028.6 65699.7 10784.8 10355.9 8669.55 8266.58 4096.05 3631.1 2895.62 2776.77 2568.57 2439.11 2433.59 1995.87 1971.18 1649.72 1196.93 1020.54 1013.14 1003.52 996.085 974.006 1065.26 963.038 929.753 923.704 922.224 910.91 809.933 762.847 708.134 632.373 625.869 615.032 590.676 694.227 583.964 560.72 548.312 489.201 451.775 437.944 432.7 431.774 441.717 470.408 413.593 483.977 409.923 407.31 406.778 398.886 396.326 390.945 385.792 383.635 385.964 368.152 360.187 355.177 441.004 353.882 431.003 350.972 350.613 349.934 348.975 355.259 348.141 353.773 347.834 347.306 346.769 346.727 367.926 344.744 343.2 336.098 335.465 332.391 331.985 337.67 329.887 328.978 328.783 328.6 321.592 314.946 312.237 310.658 389.997 342.735 318.745 402.601 310.364 306.024 322.197 328.653 305.965 305.394 304.179 302.58 302.254 300.136 303.082 298.8 352.161 298.488 364.653 501.054 298.107 294.53 391.573 292.235 289.976 288.749 285.483 283.595 328.885 282.199 551.401 416.842 287.535 280.426 280.33 279.475 277.064 276.833 285.475 275.986 277.108 272.665 415.849 272.382 343.506 305.37 285.69 276.523 270.774 322.703 319.122 307.921 371.597 269.398 267.88 284.553 280.661 267.198 266.25 391.735 292.467 265.844 261.612 259.271 259.077 333.935 287.389 347.752 258.864 258.196 257.628 321.218 303.816 255.547 254.209 361.182 253.55 289.737 482.137 270.313 308.289 274.799 252.051 249.028 248.131 246.502 241.906 240.35 240.272 301.467 288.641 240.067 288.518 239.972 268.481 318.917 239.971 239.825 239.563 351.949 237.634 237.52 275.179 259.825 247.017 236.721 236.619 317.385 297.022 272.552 235.868 234.436 233.984 268.705 233.855 232.567 317.876 272.514 264.684 355.955 265.424 264.643 250.738 243.324 315.738 232.546 232.233 230.475 275.986 230.445 229.178 227.774 294.303 227.554 297.777 243.129 225.347 225.277 224.611 296.865 270.235 427.208 332.615 224.454 247.943 299.545 260.044 223.904 221.195 221.152 259.099 231.532 241.245 220.682 220.181 219.774 219.472 219.272 217.883 224.043 242.563 217.278 251.66
threshold=404.50000000000006 2.5000000000000004 804.21000000000015 3521.6800000000007 144.715 53.500000000000007 2073.9400000000005 10.500000000000002 7652.3150000000014 313.50000000000006 43.500000000000007 529.49500000000012 4.5000000000000009 21.500000000000004 776.50000000000011 14.500000000000002 162.11270000000005 28.500000000000004 118.56728000000001 2486.7585500000005 917.57960000000014 4.5000000000000009 7652.3150000000014 153.50000000000003 180.07519000000002 222.50000000000003 37.928928500000005 34.500000000000007 150.18329000000003 9.5000000000000018 25.500000000000004 9910.5500000000011 12.500000000000002 153.50000000000003 4.5000000000000009 4.5000000000000009 975.50000000000011 138.40056000000001 28.100000000000005 3.5000000000000004 8991.1590000000015 1.5000000000000002 29.895000000000003 1119.5000000000002 13947.795000000002 84.902500000000018 1021.8670000000001 369.50000000000006 2300.5000000000005 128.35949500000001 1310.5000000000002 2.5000000000000004 36.500000000000007 29.500000000000004 12.500000000000002 14.500000000000002 13.500000000000002 82.500000000000014 6.5000000000000009 264.50000000000006 923.50000000000011 1848.7674500000001 7.5000000000000009 2189.5000000000005 5.5000000000000009 97.500000000000014 79.90206000000002 175.89199500000004 494.65015000000005 2.5000000000000004 46.500000000000007 165.50000000000003 87.500000000000014 2.5000000000000004 167.79500000000004 101.69291500000001 907.50000000000011 308.24500000000006 782.50000000000011 5.5000000000000009 1950.1700000000003 67.500000000000014 5574.8050000000012 3.5000000000000004 402.50000000000006 5.5000000000000009 2.5000000000000004 7.5000000000000009 1013.2650500000001 1049.5000000000002 0.0030815392000000004 22.500000000000004 38.500000000000007 2164.5000000000005 183.50000000000003 5574.8050000000012 2283.5000000000005 289.50000000000006 270.50000000000006 13.500000000000002 35.500000000000007 368.50000000000006 5.5000000000000009 2883.5000000000005 2.5000000000000004 2451.5000000000005 859.50000000000011 1.0000000180025095e-35 2777.1150000000002 46.500000000000007 2.5000000000000004 4.5000000000000009 6.5000000000000009 8.5000000000000018 77.500000000000014 1.5000000000000002 27.500000000000004 6503.3450000000003 404.50000000000006 125.50000000000001 746.50000000000011 18.500000000000004 23.740882000000003 67.500000000000014 51.500000000000007 2544.6300000000006 25.500000000000004 17.500000000000004 1.5000000000000002 1309.5000000000002 53.500000000000007 28.805000000000003 1304.5214500000002 124.46000000000002 252.58877000000004 15.500000000000002 7.5000000000000009 40.500000000000007 2267.5000000000005 20.500000000000004 0.00089823047500000013 47.500000000000007 17.500000000000004 882.50000000000011 65.500000000000014 199.50000000000003 367.50000000000006 399.50000000000006 14506.280000000002 1.5000000000000002 1375.5000000000002 0.020222653500000003 18.500000000000004 610.50000000000011 2.5000000000000004 19241.770000000004 39.500000000000007 41.500000000000007 54.500000000000007 11.500000000000002 3.5000000000000004 85.500000000000014 90.500000000000014 293.51500000000004 48.500000000000007 6.5000000000000009 20.500000000000004 1914.5000000000002 1.5000000000000002 110.50000000000001 4.5000000000000009 19.500000000000004 7.5000000000000009 868.56546500000013 7.5000000000000009 1.5000000000000002 16971.395000000004 3.5000000000000004 7.5000000000000009 1114.1000000000001 8.5000000000000018 720.50000000000011 198.55781000000005 782.50000000000011 3.5000000000000004 16.500000000000004 647.15500000000009 203.42385500000003 4.5000000000000009 5.5000000000000009 6.5000000000000009 133.50000000000003 2296.5000000000005 308.50000000000006 2655.3200000000002 2092.5000000000005 2.5000000000000004 18.500000000000004 1.5000000000000002 49.905000000000008 130.50000000000003 1588.5000000000002 4.5000000000000009 53.500000000000007 9.5000000000000018 3.5000000000000004 14.500000000000002 6.5000000000000009 1348.5000000000002 34.500000000000007 7.5000000000000009 724.33050500000002 49.500000000000007 0.0093471180000000015 934.50000000000011 676.3900000000001 6.5000000000000009 4.5000000000000009 1614.4500000000003 1.5000000000000002 41.500000000000007 7.5000000000000009 13.500000000000002 0.0018869196000000003 138.50000000000003 6.5000000000000009 1538.7345000000003 787.61000000000013 2.5000000000000004 809.50000000000011 0.018950758500000001 9.5000000000000018 1.5000000000000002 21.500000000000004 82.500000000000014 280.50000000000006 487.50000000000006 69.500000000000014 182.50000000000003 2.5000000000000004 2113.5000000000005 2656.0592000000001 105.60841500000002 13.500000000000002 273.50000000000006 97.353100000000026 28.500000000000004 75.500000000000014 1116.5000000000002 1.5000000000000002 498.50000000000006 12.500000000000002 996.50000000000011 20.500000000000004
decision_type=2 2 2 2 2 2 2 2 2 2 2 2 2 2 2 2 2 2 2 2 2 2 2 2 2 2 2 2 2 2 2 2 2 2 2 2 2 2 2 2 2 2 2 2 2 2 2 2 2 2 2 2 2 2 2 2 2 2 2 2 2 2 2 2 2 2 2 2 2 2 2 2 2 2 2 2 2 2 2 2 2 2 2 2 2 2 2 2 2 2 2 2 2 2 2 2 2 2 2 2 2 2 2 2 2 2 2 2 2 2 2 2 2 2 2 2 2 2 2 2 2 2 2 2 2 2 2 2 2 2 2 2 2 2 2 2 2 2 2 2 2 2 2 2 2 2 2 2 2 2 2 2 2 2 2 2 2 2 2 2 2 2 2 2 2 2 2 2 2 2 2 2 2 2 2 2 2 2 2 2 2 2 2 2 2 2 2 2 2 2 2 2 2 2 2 2 2 2 2 2 2 2 2 2 2 2 2 2 2 2 2 2 2 2 2 2 2 2 2 2 2 2 2 2 2 2 2 2 2 2 2 2 2 2 2 2 2 2 2 2 2 2 2 2 2 2 2 2 2 2 2 2 2 2
left_child=1 5 4 13 7 16 14 9 10 18 20 22 39 25 31 17 26 83 37 44 40 35 23 53 32 73 102 49 227 64 43 56 33 42 117 36 41 86 58 77 50 187 51 59 45 111 126 -27 99 52 104 112 161 -5 154 67 57 179 145 132 149 -62 229 81 88 84 125 68 -40 90 -71 176 -17 252 87 -76 160 -7 -20 153 -18 -64 -83 244 -43 -80 -2 -28 120 173 -22 92 -92 165 103 184 97 98 127 -49 115 108 -1 245 105 118 107 -70 109 -38 -111 -10 113 -9 -51 -81 -60 -16 119 -6 122 -122 -11 -123 -41 159 -47 -56 129 -53 131 -126 133 -13 137 -136 -137 177 -139 140 228 -142 143 -143 -132 146 147 239 192 -37 151 -151 -84 -24 -25 156 -155 -158 -159 -63 -26 163 -163 221 -29 166 196 170 -169 -170 171 172 234 -21 -124 -156 -19 -82 -146 180 -4 -181 183 -79 185 186 -39 -15 222 -174 -191 -33 193 -87 -195 -196 -93 198 -75 -199 -200 -45 -85 204 -147 -134 207 209 -208 210 213 212 -212 214 -186 -216 -88 -145 219 -32 -114 -12 223 -72 -86 -226 -227 -14 -52 231 -231 232 -55 -233 -148 -236 -237 -238 -218 -30 241 242 243 -129 -8 -95 -67 -182 -135 250 251 -89 -3 -254
right_child=2 3 6 11 8 12 15 24 19 29 27 30 28 21 34 72 80 71 78 89 69 -23 79 54 76 47 74 164 38 -31 218 191 -34 -35 -36 60 101 95 55 124 -42 65 -44 201 -46 46 -48 48 -50 114 139 128 -54 62 96 -57 -58 -59 116 -61 61 66 63 -65 -66 246 -68 -69 106 70 188 -73 -74 197 75 -77 -78 182 85 100 134 82 152 202 224 148 216 249 -90 -91 91 93 -94 94 -96 -97 -98 -99 -100 -101 -102 -103 -104 -105 -106 -107 -108 -109 -110 110 -112 -113 220 -115 -116 -117 -118 -119 -120 -121 121 123 174 -125 130 -127 -128 240 -130 -131 144 -133 205 248 135 136 -138 138 -140 -141 141 142 -144 217 178 203 167 -149 -150 150 -152 -153 -154 155 175 -157 157 158 -160 -161 -162 162 -164 -165 -166 -167 -168 168 169 -171 -172 -173 189 -175 -176 -177 -178 -179 -180 181 247 -183 -184 -185 206 -187 -188 -189 -190 190 -192 -193 -194 194 195 -197 -198 199 200 -201 -202 -203 -204 -205 -206 -207 208 -209 -210 -211 211 -213 -214 -215 215 -217 238 -219 -220 -221 -222 -223 -224 -225 225 226 -228 -229 -230 230 -232 233 -234 -235 235 236 237 -239 -240 -241 -242 -243 -244 -245 -246 -247 -248 -249 -250 -251 -252 -253 253 -255
leaf_value=-0.007609707287399404 0.0028464991638009339 0.004989326617600571 0.04160952841627788 0.052778184062953787 0.016399649382077809 0.00023312526914624976 0.024175764547436147 0.011354419724034406 0.013713649179159033 -0.0017732534292162966 0.042446303568413786 0.0042474657323931121 -0.0016404399491616809 0.0081366655917997736 0.052347063370556633 0.065527447300402636 0.002387259355628054 0.058530609000167502 0.049445517746248807 0.048872542801222219 0.053742916761074441 0.043932172772111068 0.016293854894087311 0.035563405034753068 0.029489947801782299 0.05453538346206125 -0.0041278064276785327 0.047501019814690515 -0.0014797968242252259 0.051386911827135506 0.049865985176655893 0.053057657123551254 0.046441333882403957 0.05186774904224823 0.061820086900615245 0.049412286368405819 0.050721009964947113 0.048550660699838225 -0.0099388219644014741 0.0014640351747755951 0.044819552668177248 0.012313477587307846 0.04600095844104965 0.067459069905510052 0.053697325924129111 0.039592144686450961 0.051646208505564006 0.013482128355520151 0.05554640222437688 0.053703740194689459 0.046128365812303292 -0.010250215727738212 0.050024407621601617 0.003292221514263941 0.01244513416273022 0.054443342325048737 0.056747703951646827 0.048102061200367051 0.04366393036409523 0.044055405877504381 0.0029673255769644574 0.0072942558195437622 0.044087605722172345 0.055947782573699451 0.043561670606149898 -0.001120003008855403 0.046945479524320877 0.045009743184529605 0.043222260430443547 0.05040848215845882 0.038303713661666607 0.065742828093351455 0.067797462866631686 0.038180095675022195 0.050394322061623323 -0.0035369830601236292 0.059839690090060661 0.010583564428977694 0.0099433523249030098 0.010829399225072252 0.010966760163240101 0.0081185523826465631 0.038936671057126337 0.054498428180178048 0.012555580887205979 0.031166478699456438 0.012163169215459709 -0.00080265825762850949 0.03686657922953436 0.060966165677889261 0 0.033052897475338988 0.040508274029844554 0.012074594924183484 0.015197695870025896 0.050220222617841606 0.06081188479475768 0.035972372601125312 0.00020896086863833721 0.042102298841980787 0.052639648438682116 0.0082713743929018185 0.019415311353327549 0.052140937548582747 -0.0056771181970482441 0.045672618895224545 0.04816391260588853 0.0055218297705029087 0.053952498752301493 0.010956979728432466 0.055585332307544234 0.043593147311864387 0.0017309958833354223 0.043591628041942949 0.03484122470349401 0.043298889030292192 0.017662038008245659 0.058429865696007319 -0.0030514132146750462 0.036620154780641616 0.045187053042803987 0.026639263763862983 0.029616987291552103 -0.0061139137536453895 0.028649173577073809 -0.0054998205954485636 0.012634780134255627 0.042070721200216994 0.032580786786602242 0.017551080966154837 -0.00033706436051302984 -0.0016298906236972474 0.024551536620836614 0.013436340411856143 0.0033379382775907758 0.055676518046762498 0.014854754553408053 -0.005308844772007805 0.022530835571885489 0.048914537454478248 0.035347111717382682 0.0035429301499288819 0.032613373183798075 0.0089480972326540752 0.0013912657673532545 0.0061603635077080079 0.049993357390541261 0.025842688642324148 0.056762759976122228 0.048213015306700559 0.015130994900335565 0.015458592594398746 0.0075217271414924078 0.05257487806718425 0.034819935471715427 0.050191888638255272 0.049754961946535545 0.029384453034645441 0.046760800230990517 0.040210476317400774 0.0530986055208943 0.044681302667092825 0.018779784627157178 0.018800795544448662 0.059037192267354363 0.052331341781160168 0.021895375225150102 0.0018780678761728359 0.0048581596843446954 0.058021889149492412 0.012196457173585494 0.039682972853160206 0.0082616521013348081 0.057239736598615976 0.0055666008990526861 0.066722203256227963 0.063307329347086563 0.041939407711867605 0.034712941371059104 0.054506454898422922 0.0031575452502489438 0.031675709699968808 0.0013823711950661816 0.047159356581725896 -0.0013393552984917205 0.002591308935848594 0.0035807215638340253 0.031694942932479896 0.014193888023269213 0.047831762492105842 0.0032806848340635937 0.059423274349700982 0.044345953462942775 -0.0042890446685618627 0.012577294003148496 0.046201298034288567 0.049313607330542936 0.012090197339920235 -0.00036141537174305357 0.042791174267332623 0.022023469598459165 0.044420116542289563 0.060347339879479114 0.008071201996871346 0.038248274002728663 0.049750599941139194 0.024434734259759897 0.047166665178141588 -0.0050921990474943977 0.0075337215679715189 0.047444567042443916 0.049680685657573602 0.015691069938502146 -0.009813378279984037 0.052772227184888949 0.014417417869259437 0.045418252820001399 0.041799647534414501 0.057984521703296439 0.027673860724181192 0.032797721296451594 0.017278315093459333 0.046642890115857524 0.0094000774835326217 0.039366345828137576 0.012342936215499494 0.039621213504985354 0.0094812234164131891 0.025459353431150737 1.4848726937697965e-05 0.027931148392158545 0.037066744466541512 0.042016716646442423 -0.00010487438909155811 0.00066231794431748981 0.057714816528631481 0.044662168181529439 0.0046954633971370329 0.011856462138230967 0.025229694618089368 0.012740093479847558 0.0096329024439891237 0.050660198048859684 0.011950452236531565 0.053067554378329697 0.043157636978597862 0.031638127935412354 0.034950322237749937 0.035188468433856993 0.032953584022486555 0.016558635949759017 0.026387722143484043 0.0089662080780400482 0.032083269623564073
leaf_weight=10317.973919484764 363.91189159080386 1535.0736688859761 74.599618546664715 34.632639598101377 219.35563034191728 3037.3534239046276 59.54272373020649 47.234911378473043 85.774259492754936 69.832360502332449 281.60493172332644 70.235643889755011 326.88004964962602 587.14062770083547 1353.8076700568199 18343.127141155303 556.00847288221121 1788.1285072863102 82.733243118971586 682.12310400605202 355.92110342904925 243.31847751885653 49.506098911166191 191.21896390616894 97.205000393092632 40.705851648002863 4049.5599734522402 322.24115569889545 285.80469259992242 324.73314655944705 565.69340076297522 2356.5829109922051 809.62065308541059 172.53113037720323 6195.8454564064741 123.86188916862011 58.469979211688042 32.040050573647022 36.719655204564333 214.32188576087356 302.90293251723051 172.33619032800198 155.4461957514286 80.811424382030964 814.59697471186519 226.95977962762117 544.3578999042511 304.14941274374723 35.448021505028009 1015.386453717947 231.0454551614821 45.37442784756422 899.65841618180275 152.9381244070828 111.30054494738579 52.577545091509819 425.67286004126072 1429.7832931429148 77.658737134188414 449.69231607764959 88.37051710486412 41.241565614938736 57.269223313778639 42.111665040254593 304.0248383693397 97.192521281540394 75.667039606720209 61.791459325700998 32.525988787412643 106.32070137560368 79.725563578307629 7022.9501403793693 16619.572573691607 36.117835879325867 23.485501639544964 23.993372410535812 422.33895069360733 56.578126445412636 95.290499333292246 119.66207475215197 84.207310456782579 170.00727006047964 91.356038447469473 1535.3844805285335 77.902033790946007 281.39965888857841 416.38055525720119 1318.4700313471258 543.86398981511593 1740.6851260513067 41.772859804332256 149.15975962206721 40.207221150398254 52.052231006324291 86.661571867763996 36.13513471186161 32.627815566956997 406.90674372017384 54.750875003635883 42.024048496037722 32.215861611068249 47.164797212928534 39.544654943048954 120.47698552161455 33.358638271689415 60.981051865965128 37.498420119285583 93.314528826624155 74.461062710732222 119.32380993291736 30.753418829292059 57.575306564569473 47.786478627473116 253.35333934426308 109.1374608501792 35.240880537778139 106.96818525344133 3485.2817455977201 41.308457776904106 134.63666032254696 171.59232925623655 88.704137980937958 238.60725409910083 36.491707354784012 178.75864889472723 32.667255502194166 50.530644975602627 59.528504192829132 90.59070648252964 166.52244947478175 149.67468965798616 35.302465613931417 63.559485696256161 61.799749363213778 42.807376816868782 44.69517782703042 34.66782258450985 147.25530703738332 44.834790322929621 116.80977166444063 352.29314901679754 137.82597317919135 157.8710723631084 37.44851540774107 37.209520198404789 35.20005888864398 38.909619882702827 53.241308972239494 36.919082339853048 121.06619260832667 105.41001483798027 39.487898491322994 40.651629112660885 153.774488247931 48.95312612503767 273.18193770945072 135.62277664616704 588.2137784473598 155.98453336581588 61.721504911780357 118.35832098126411 1302.1808783151209 55.262776531279087 107.12662789970636 1057.429291896522 480.8330683298409 87.566981609910727 256.53646859526634 48.31678368896246 25.139393340796232 598.73938273638487 84.086170237511396 251.23447753861547 1407.3462363258004 55.028259955346584 79.742827009409666 8450.834496229887 36.350934620946646 52.626327399164438 120.70632679387927 64.186942286789417 131.93919064849615 75.415168911218643 35.57755321264267 34.049217164516449 137.72592884302139 30.983351025730371 45.493486519902945 90.29649742692709 40.416417669504881 31.885663967579603 1127.4022689387202 82.116613365709782 50.152175530791283 77.505406644195318 30.667149044573307 377.20000357925892 66.231193672865629 164.99001285433769 64.589713409543037 78.481251113116741 176.41936436668038 2263.4625572785735 64.199689481407404 121.15376377105713 127.90428308770061 64.028685551136732 64.793400686234236 57.399070873856544 91.298223547637463 37.991542633622885 82.444610357284546 91.739267915487289 30.605577897280455 34.667764898389578 59.745084203779697 44.949222844094038 56.798337481915951 444.31928465515375 74.038160368800163 47.701945025473833 47.534044165164232 91.972375847399235 66.837158609181643 229.2561257481575 112.02392196282744 47.232844941318035 404.43781056627631 83.234139665961266 185.23576835170388 46.191350039094687 111.2824998088181 33.342795602977276 29.873739268630743 39.775511838495731 27.541182782500982 23.343719325959682 48.967990271747112 39.464152172207832 32.707605879753828 57.392179306596518 36.252674859017134 103.65517943352461 52.722362864762545 60.618066623806953 43.869310826063156 23.736505910754204 31.82636921107769 272.69243011623621 19.510292634367943 83.577078655362129 31.641496777534485 187.19499200209975 63.202902890741825
leaf_count=187779 5459 22665 513 265 2376 49554 430 547 777 940 1949 836 5300 7796 5281 23036 8955 4558 622 3041 1877 1846 505 1686 681 282 70930 1621 4325 1718 2855 8683 4771 921 13576 978 482 263 567 3114 2101 2128 1009 299 3270 1458 2500 3786 273 4486 1625 593 4251 2170 1297 347 1612 7139 701 2812 1119 502 463 278 2023 1353 549 473 276 592 570 8754 14498 357 231 383 1508 787 1170 1411 1231 2130 811 4938 961 2702 5368 21459 4058 4870 466 1187 263 503 762 262 174 3413 674 373 199 582 593 656 410 423 306 1194 518 1501 220 339 563 1920 688 245 1244 9500 509 1043 1192 768 2217 448 2070 430 436 496 761 1656 2206 510 556 622 633 375 447 2359 576 700 2971 1621 1302 404 545 473 368 635 177 887 1157 419 479 916 419 1530 879 5111 965 495 500 7187 449 937 3313 2553 762 3785 691 206 8204 909 3618 4551 642 398 14339 361 555 595 672 923 1087 349 474 1914 395 432 830 385 452 3189 627 688 854 214 2227 895 2442 628 930 1058 5197 838 1196 768 664 515 787 1154 317 638 1080 458 293 721 405 405 1408 550 382 424 549 694 2188 1379 418 5819 762 2588 500 1122 314 411 599 257 255 735 494 397 642 418 748 608 212 286 225 209 2124 232 1202 391 2703 691
internal_value=0.0449955 0.0084174 0.058712 0.0283559 0.0434861 -0.00103989 0.0632691 0.0332133 0.0481196 0.0273062 0.0442953 0.0373434 0.00813845 0.0178447 0.0570786 0.065119 -0.00495725 0.0626502 0.0202406 0.0545312 0.0382257 0.0245928 0.0321595 0.0278561 0.0434933 0.0109836 -0.00573757 0.0492244 0.0144018 0.0368559 0.0454997 0.0522116 0.0396882 0.0342724 0.0596094 0.022603 0.0194103 0.0160396 0.0171693 0.0027335 0.0328822 0.0162616 0.0305932 0.0401373 0.0480672 0.043204 0.0460838 0.0245568 0.0210655 0.0465924 0.0306506 0.0270288 0.0443162 0.0200585 0.0340867 0.0297344 0.0476651 0.0455144 0.0154166 0.0370766 0.0304853 0.021949 0.0187608 0.0259627 0.0336566 0.021472 0.0297385 0.0243601 0.0175502 0.0428141 0.0342465 0.0638189 0.0666106 0.00834854 -0.00244189 0.0238968 0.0542719 0.00100959 0.0301368 0.0383266 0.00754701 0.0221302 0.017671 0.05747 0.0244271 0.0275358 0.0101354 -0.00267956 0.0310793 0.0575056 0.0448 0.0425727 0.0204105 0.0438343 0.0340778 0.0217572 0.0305703 0.029306 0.0234548 0.0172071 0.0251224 0.03248 -0.00750183 0.0413846 0.022735 0.0248497 0.0238359 0.0158682 0.036393 0.0296231 0.0207786 0.026218 0.0337538 0.0386674 0.0519471 0.0187378 0.0290034 0.0567525 0.0213985 0.0242809 0.0262002 0.0335525 0.0200186 0.0170678 0.0109632 0.0195235 0.0348446 0.02644 0.0180265 0.0115109 0.0154036 0.0236405 0.0316662 0.0266765 0.0140808 0.0266898 0.0387709 0.00898363 0.00130276 0.0339011 0.0321425 0.0283288 0.0218145 0.0142098 0.00786577 0.014195 0.0129385 0.00502297 0.030472 0.0368763 0.0306756 0.040508 0.0295937 0.0401013 0.0438618 0.0409693 0.0384299 0.0358327 0.0331555 0.0275115 0.0428676 0.041395 0.0436634 0.0341471 0.0564227 0.046459 0.0416885 0.0148652 0.00700219 0.0242409 0.0170311 0.0218943 0.0187496 0.0545623 0.0252118 0.0553823 0.0624857 0.0209193 0.021351 0.0365646 0.0266406 0.0429652 0.0148558 0.025512 0.0204197 0.0106183 0.0273866 0.00994107 0.0287175 0.013062 0.0289362 0.0551533 0.0283833 0.0251924 0.0142557 0.0228662 0.0448671 0.0166384 0.0112485 0.0277395 0.00693411 0.0521612 0.0580159 0.0246857 0.0312565 0.0417773 0.0233952 0.0262855 0.0105399 0.0231484 0.0269007 0.035408 0.0256451 0.0151923 0.0212856 0.0294073 0.0153797 0.0293073 0.0518507 0.0474075 0.0177076 0.0389681 0.03401 0.0254941 0.0288099 0.0319625 0.0208863 0.00450558 0.0408816 0.0134963 0.00582117 0.0188223 0.0106494 0.0292385 0.0287422 0.0221273 0.0303986 0.0185869 0.030481 0.00137208 0.0313277 0.0353854 0.0395355 0.0284681 0.039463 0.0269835 0.00563869 0.0142963 0.0313031 0.00134945 0.000867093 -0.000119934 0.00642094 0.0150488
internal_weight=130323 35543 94779.6 11434 21838.3 24109 72941.3 6794.08 15044.3 4320.01 9434.31 6160.51 7210.39 5273.51 16797.6 56143.6 16898.6 21180.9 2487.14 5609.95 4236.74 2655.3 3773.35 2229.94 2474.06 2618.21 15907.8 5197.56 3337.57 1832.88 2387.17 5762.7 1836.16 1026.54 11034.9 2411.98 1722.49 1750.35 2606.25 3872.82 1965.87 1392.31 854.01 1303.11 1779.79 965.198 821.848 422.327 381.621 3817.89 1662.97 698.564 2693.37 994.893 1235.05 314.428 2278.71 1853.04 2291.83 1045.88 689.494 299.668 960.26 401.396 1508.14 759.68 211.297 261.85 200.059 2270.87 435.152 17261.9 34962.7 2195.88 5550.24 47.4789 637.902 3204.92 736.784 1543.4 990.827 359.284 302.015 3919.01 638.751 654.051 864.706 5502.76 1204.12 3830.15 1835.72 1479.8 81.9801 1397.82 303.06 885.647 915.137 882.509 475.602 346.173 187.119 330.173 10357.5 216.399 489.64 456.282 163.339 125.841 283.008 208.547 150.077 143.35 396.077 300.588 1124.52 154.903 184.627 4839.09 395.301 353.992 660.256 296.788 363.468 125.196 667.894 135.63 277.49 420.851 302.488 211.897 453.572 214.061 596.192 404.728 434.819 122.17 79.363 312.648 192.09 1173.33 1056.52 742.237 389.944 232.073 239.511 2107.2 1886.65 371.754 558.76 389.826 265.964 160.554 132.008 1356.28 319.915 1306.78 1033.6 879.821 744.198 102.963 215.563 1793.71 1357.44 436.266 1379.67 1094.76 613.927 1514.89 329.993 73.4562 1184.9 586.161 502.075 2089.47 293.636 128.696 10239 120.558 89.8358 423.258 170.613 252.646 167.571 92.1557 849.512 200.749 63.0234 632.634 328.832 323.537 72.3021 3483.99 521.841 439.724 158.325 108.173 526.36 410.41 279.589 130.821 243.471 257.231 3798.85 220.554 156.354 191.464 648.762 527.335 121.428 462.541 371.243 212.175 129.731 159.068 128.462 94.4128 500.794 94.2469 1084.05 639.732 95.4884 329.139 238.535 146.563 466.415 388.513 159.257 731.318 314.28 558.864 231.427 327.437 186.281 141.156 178.538 139.628 99.8529 72.3117 84.4134 318.512 309.551 252.159 215.906 112.251 120.161 95.9215 120.929 96.0133 334.492 1453.2 1433.69 1350.11 1785.47 250.398
internal_count=780575 516212 264363 112743 136509 403469 127854 58533 77976 42721 56734 48153 105332 64590 51892 75962 298137 38428 28715 21242 31429 28565 34265 22504 15812 36025 283200 25305 44555 14006 13888 23535 13123 8352 28357 26719 20183 21661 33436 60777 16652 16880 7431 9075 8780 5510 4394 4714 4432 20371 14551 6422 15197 11531 10973 3163 11663 10051 30273 7718 6536 3095 11266 4161 12288 8652 1976 2816 2343 14777 3235 27651 37534 31311 94828 614 2689 51777 7054 11761 14937 3883 3420 10777 7074 6432 11726 94214 10265 12462 11542 9665 729 8936 2207 9935 8470 8296 4883 4159 1855 3303 188372 1445 4761 4351 1776 1470 2721 2203 1721 1116 3412 2467 5174 1656 1945 14781 3928 3419 6207 2408 3799 1216 9000 1427 1894 4209 3010 2249 5886 2580 4906 3582 5982 1455 822 4527 2935 9790 9090 6703 3732 2430 3306 28328 25821 5357 5262 3441 2463 1306 1290 9906 2503 9401 7871 6955 6076 997 1181 10946 7636 3310 4934 6729 4176 20464 4682 897 15782 7578 6669 7592 2859 817 18897 1592 1100 2912 1394 1518 2223 1136 9673 2572 658 8228 2643 4455 837 11872 5085 4458 1756 1068 3414 5252 3729 1523 3372 1357 10135 2507 1669 1324 7101 5650 1451 5135 3981 2035 1397 1946 1488 1014 6267 809 4813 3405 945 2373 1813 1264 4946 3985 1797 11119 2387 7105 3088 4017 2484 1533 2214 1846 1247 990 899 4722 2912 2270 1852 1104 642 789 1578 881 2746 23284 23052 21850 26059 3394
is_linear=0
shrinkage=0.01


Tree=10
num_leaves=255
num_cat=0
split_feature=7 7 56 56 6 7 56 56 56 47 56 8 6 58 48 6 58 0 12 13 62 12 42 6 48 58 12 50 121 144 121 24 61 86 10 47 62 114 51 3 64 116 50 135 56 29 47 27 39 86 9 47 121 18 24 46 140 120 6 9 19 137 62 120 47 35 116 122 26 42 6 10 86 24 18 18 135 18 34 115 30 138 24 50 30 122 12 44 133 1 1 128 137 121 7 120 133 8 29 101 115 24 115 56 56 32 6 138 140 135 48 46 120 137 19 24 0 86 18 133 120 12 32 42 121 115 30 18 27 121 25 82 8 1 120 85 39 69 13 6 58 8 62 120 52 120 138 6 0 120 66 115 66 85 19 7 136 32 61 123 34 86 138 27 32 8 29 100 7 120 106 27 19 8 115 69 114 100 48 52 37 10 116 58 118 114 78 107 24 56 51 87 82 39 13 12 100 9 27 32 62 121 121 140 37 115 42 58 79 18 33 122 24 48 97 6 115 116 60 50 122 7 46 30 101 27 32 121 137 24 24 24 6 81 10 0 120 19 114 7 33 116 62 7 34 32 116 133 46 7 24 120 120 123
split_gain=602277 63130 49680.8 14452.2 10391.1 7585.76 6383.62 3530.95 2832.74 2533.08 2512.56 2444.79 2157.78 1715.98 1242.43 1158.07 1019.35 1013.16 1013.07 1002.97 961.149 927.678 850.925 841.699 765.715 725.689 649.453 642.393 615.346 607.633 645.575 602.832 599.888 594.045 583.913 547.872 529.732 525.821 503.114 462.683 560.865 461.916 455.059 454.351 455.792 451.496 449.177 899.849 456.391 448.279 430.88 423.172 411.15 411.427 418.825 404.231 400.188 398.628 597.501 398.348 394.681 377.995 367.188 361.159 358.828 369.399 356.382 353.148 363.106 354.062 353.009 346.265 363.439 340.904 542.826 487.257 336.678 335.864 394.771 384.563 601.01 332.374 332.002 332.586 409.421 396.868 328.256 327.562 326.962 322.076 320.273 317.943 317.615 315.391 553.521 314.271 313.809 309.824 307.985 307.462 305.86 305.483 313.321 304.488 304.326 301.709 301.167 300.283 327.732 298.219 296.13 498.597 290.955 288.852 284.971 282.693 282.46 282.199 282.118 281.774 305.905 313.38 318.749 301.743 280.49 441.856 279.965 397.231 277.545 276.698 276.347 395.587 276.33 276.907 358.074 275.572 423.491 299.726 274.813 389.665 273.481 272.495 272.185 334.805 345.431 271.88 270.765 269.802 295.482 268.876 399.643 293.437 383.822 306.912 272.272 370.675 268.26 330.714 316.372 268.121 267.561 267.46 320.302 453.61 265.935 264.878 264.018 337.411 262.96 309.304 261.863 378.431 296.022 278.719 264.695 261.496 259.646 259.022 318.635 305.699 290.973 265.153 256.519 295.621 256.205 256.022 416.355 255.069 254.851 254.342 253.268 250.018 248.188 248.047 247.288 246.251 245.681 263.891 499.739 267.663 244.925 249.628 256.544 243.456 242.797 237.252 239.828 236.484 236.348 234.883 234.871 234.653 288.147 253.297 234.544 234.498 233.919 296.21 439.148 408.795 343.713 246.971 241.607 233.404 231.924 231.341 230.52 228.77 228.113 227.616 377.707 370.171 248.18 227.51 247.223 227.179 250.617 233.447 262.262 227.111 271.133 226.481 225.32 224.911 224.611 269.736 223.528 223.483 221.431 253.053 249.894 221.039 220.961 220.942
threshold=437.13000000000005 2493.0450000000005 66.500000000000014 106.50000000000001 118.03000000000002 6669.4150000000009 343.50000000000006 611.50000000000011 227.50000000000003 191.56839000000005 4.5000000000000009 73.350000000000009 1730.8150000000003 290.50000000000006 17601.311000000005 2356.3100000000004 8.5000000000000018 7.5000000000000009 22.500000000000004 4.5000000000000009 16.500000000000004 17.500000000000004 18.500000000000004 1143.3550000000002 131.60263 14.500000000000002 15.500000000000002 5.5000000000000009 11309.090000000002 1.5000000000000002 6018.7100000000009 1578.5000000000002 51.500000000000007 4.5000000000000009 233.21000000000001 131.18998000000002 4.5000000000000009 0.13166723000000002 29.500000000000004 7.5000000000000009 4.5000000000000009 0.0016408237500000003 1.5000000000000002 51.500000000000007 1.5000000000000002 59.500000000000007 630.08422000000007 929.50000000000011 14.500000000000002 28.500000000000004 184.79500000000004 191.56839000000005 2655.3200000000002 37.214583000000012 809.50000000000011 398.31134000000003 1.5000000000000002 39.500000000000007 1062.9350000000002 1366.6100000000004 550.15443000000016 91.500000000000014 2.5000000000000004 3.5000000000000004 1724.0956500000002 11.500000000000002 0.00028308564000000008 355.50000000000006 4.5000000000000009 10.500000000000002 247.61500000000004 261.52500000000003 17.500000000000004 623.50000000000011 73.73154000000001 54.139141500000008 54.500000000000007 135.00500000000002 150.50000000000003 0.066039947500000015 6343.5000000000009 93.500000000000014 1604.5000000000002 1.0000000180025095e-35 1274.5000000000002 119.50000000000001 8.5000000000000018 16.500000000000004 94.500000000000014 4.5000000000000009 4.5000000000000009 1.5000000000000002 32.500000000000007 6681.2600000000011 975.04000000000008 16.500000000000004 57.500000000000007 155.50500000000002 55.500000000000007 2.5000000000000004 0.12767159000000003 2261.5000000000005 0.079487765000000016 1395.5000000000002 10.500000000000002 181.50000000000003 6806.6100000000015 93.500000000000014 2.5000000000000004 47.500000000000007 160.17480000000003 1481.7667500000002 8.5000000000000018 52.500000000000007 122.80989500000001 41.500000000000007 10.500000000000002 25.500000000000004 242.09431000000004 88.500000000000014 29.500000000000004 32.500000000000007 447.50000000000006 188.50000000000003 950.30000000000007 0.11883247000000001 3339.5000000000005 338.29889000000009 686.50000000000011 6179.2600000000011 3.5000000000000004 3.5000000000000004 172.24000000000004 2.5000000000000004 29.500000000000004 2.5000000000000004 35.500000000000007 5.5000000000000009 7.5000000000000009 1169.3200000000002 16.500000000000004 292.75500000000005 5.5000000000000009 59.500000000000007 11.500000000000002 16.500000000000004 11.500000000000002 844.0150000000001 10.500000000000002 33.500000000000007 4.5000000000000009 0.057339755000000006 2.5000000000000004 2.5000000000000004 115.38973000000001 564.93500000000006 50.500000000000007 1637.5000000000002 11.500000000000002 3.5000000000000004 3.5000000000000004 14.500000000000002 61.500000000000007 678.50000000000011 296.50000000000006 665.2600000000001 3.5000000000000004 3.5000000000000004 1178.9400000000003 45.500000000000007 2.5000000000000004 1054.5000000000002 151.79720500000002 245.51000000000002 0.12895892 5.5000000000000009 0.036518969000000005 2.5000000000000004 2139.8297000000007 11.500000000000002 10.500000000000002 59.905000000000008 0.0044649088000000012 1.5000000000000002 0.00027014251000000004 0.019085978000000003 18.500000000000004 1.5000000000000002 217.50000000000003 49.500000000000007 654.50000000000011 5.5000000000000009 9.5000000000000018 21.500000000000004 5.5000000000000009 6.5000000000000009 1.5000000000000002 25.295000000000005 604.50000000000011 987.50000000000011 2.5000000000000004 2030.5500000000002 4611.5500000000011 1.5000000000000002 5.5000000000000009 0.05230811350000001 27.500000000000004 25.500000000000004 9.5000000000000018 39.713571500000008 230.50000000000003 345.50000000000006 2138.5000000000005 97.296630000000007 1.5000000000000002 2300.2600000000007 0.089496565000000014 0.0016026629000000002 11.500000000000002 2.5000000000000004 6.5000000000000009 215.62500000000003 1609.9657500000001 2653.5000000000005 1.5000000000000002 595.50000000000011 902.50000000000011 2777.1150000000002 56.500000000000007 2088.5000000000005 1467.5000000000002 1258.5000000000002 881.92000000000019 1.5000000000000002 288.85000000000008 23.500000000000004 68.500000000000014 87.030743000000015 0.022341720500000006 91.845000000000013 424.50000000000006 0.0015255253500000004 35.500000000000007 995.05000000000007 80.500000000000014 453.50000000000006 0.0020739275500000006 49.500000000000007 2171.1864000000005 128.89500000000001 1343.5000000000002 27.500000000000004 1.5000000000000002 2.5000000000000004
decision_type=2 2 2 2 2 2 2 2 2 2 2 2 2 2 2 2 2 2 2 2 2 2 2 2 2 2 2 2 2 2 2 2 2 2 2 2 2 2 2 2 2 2 2 2 2 2 2 2 2 2 2 2 2 2 2 2 2 2 2 2 2 2 2 2 2 2 2 2 2 2 2 2 2 2 2 2 2 2 2 2 2 2 2 2 2 2 2 2 2 2 2 2 2 2 2 2 2 2 2 2 2 2 2 2 2 2 2 2 2 2 2 2 2 2 2 2 2 2 2 2 2 2 2 2 2 2 2 2 2 2 2 2 2 2 2 2 2 2 2 2 2 2 2 2 2 2 2 2 2 2 2 2 2 2 2 2 2 2 2 2 2 2 2 2 2 2 2 2 2 2 2 2 2 2 2 2 2 2 2 2 2 2 2 2 2 2 2 2 2 2 2 2 2 2 2 2 2 2 2 2 2 2 2 2 2 2 2 2 2 2 2 2 2 2 2 2 2 2 2 2 2 2 2 2 2 2 2 2 2 2 2 2 2 2 2 2 2 2 2 2 2 2 2 2 2 2 2 2 2 2 2 2 2 2
left_child=2 3 4 12 10 8 11 15 19 23 33 17 16 18 34 27 35 37 90 -3 62 25 60 50 226 52 46 77 51 30 42 -25 88 -1 39 76 59 55 209 40 49 129 109 113 -45 93 47 98 -49 63 104 205 53 54 193 -4 105 61 -59 -20 67 110 190 -8 65 -28 -66 68 69 -14 92 72 82 75 101 -27 128 78 79 97 -81 135 83 84 251 114 112 -68 146 188 -7 -23 175 119 -95 -48 194 -5 -13 -16 126 102 -75 -34 248 -26 -64 108 161 -18 -54 -112 -52 -44 -85 -35 -84 -89 140 120 -29 122 -122 -121 125 -104 127 -53 -2 189 131 -58 133 134 -33 216 137 239 139 -32 -71 -30 143 -17 235 -94 -9 177 224 151 154 -46 -153 214 155 -151 158 -158 -124 182 -130 -72 -163 -164 -31 -148 -79 233 169 -102 171 174 173 185 200 -65 -155 247 180 -180 204 -182 -117 -184 -167 -172 -187 -56 -55 -21 -10 -113 -161 -11 -91 -169 -19 199 -199 228 201 225 -203 -131 -179 -24 -207 -100 -116 252 -114 212 213 -128 -154 -215 217 253 220 222 -219 -218 -220 -166 -149 -76 -12 -111 -198 230 231 232 -152 234 -168 236 -145 238 -237 240 -137 -92 -15 -217 245 -110 -143 -97 -6 -250 -251 -37 -39 -57
right_child=1 5 6 7 9 13 14 32 20 21 24 26 22 242 99 142 29 196 36 41 -22 91 28 31 56 73 64 45 141 164 138 132 103 115 -36 71 -38 38 -40 -41 -42 -43 43 44 149 -47 95 48 -50 -51 86 100 57 89 187 81 130 58 -60 -61 -62 -63 106 70 66 -67 87 -69 -70 118 107 -73 -74 74 170 -77 -78 166 -80 80 -82 -83 116 85 -86 -87 -88 117 -90 96 241 -93 145 94 -96 147 -98 -99 207 -101 168 -103 124 -105 -106 -107 -108 -109 244 227 111 191 210 -115 208 159 -118 -119 -120 123 121 -123 156 -125 -126 -127 211 -129 160 203 -132 -133 -134 -135 -136 136 -138 -139 -140 -141 -142 246 -144 144 -146 -147 165 148 -150 150 229 152 153 176 -156 -157 157 -159 -160 192 -162 162 163 -165 223 184 167 195 -170 -171 172 -173 -174 -175 -176 -177 -178 178 179 -181 181 -183 183 -185 -186 186 -188 -189 -190 -191 -192 -193 -194 -195 -196 -197 197 198 -200 -201 -202 202 -204 -205 -206 206 -208 -209 -210 -211 -212 -213 -214 215 -216 243 221 218 219 -221 -222 -223 -224 -225 -226 -227 -228 -229 -230 -231 -232 -233 -234 -235 -236 237 -238 -239 -240 -241 -242 -243 -244 -245 -246 -247 -248 -249 249 250 -252 -253 -254 -255
leaf_value=-0.0075635079260025434 0.0053790869347615494 0.019447242486522038 0.0011071242102670357 0.017628632883730958 -0.0016151189809840638 0.026334929913276697 0.046049354729915948 0.036664511629140854 0.050072142800296024 0.055320537481255649 -0.0022227734331641529 0.0042064798209299906 0.042699293218892327 0.062045729264412861 0.041440653982874255 0.046822828325344887 0.031868317599753386 0.011760960455804426 0.049337590639689871 0.017697786172886469 0.060044587755704662 0.035588652243534191 -3.812941447936517e-05 0.0035369829786504486 0.040948032734145531 0.049078888167101049 0.053851365010779098 0.046696968820613131 0.026896093006011142 0.054386076337501539 0.042641211551629685 0.034459575463858805 0.049517550557324541 0.024421527809865444 0.050161031811800136 0.030509076906616368 0.060795354597249482 0.029747235052015059 0.055655960549595748 0.060483854047394758 0.04491646659429066 0.051096738767211297 0.022689865445417321 0.0080807640779469621 0.048429591996913601 0.015810742386821858 0.034709061742510372 0.058983848069324683 0.017181765890730481 0.0077276814077884845 0.026501296293456985 0.042025983442055631 0.012395481308128391 0.029029876104216475 0.0034467502043548513 0.015974944872256654 0.042717949546556631 -0.0037282957923519184 0.034555044678166169 0.057972348725616525 -0.0012065028973295875 -0.005904161453440835 0.053333412115333857 -0.0075419914767972541 0.027675701007094537 0.016704881660139868 0.070295797143907587 -0.0021914019189026193 0.018479076454346245 0.025330720497517625 0.051583359687395504 -0.0061556564455745181 -0.0059010447693413834 -0.0025446292211339593 0.012357981899127832 0.014711761338678644 -0.002170570483080881 0.05045007256586917 0.0092166850191768325 0.023821847455448748 0.060662970397022849 -0.0012109958431850794 0.04139238097331515 -0.010366264905823271 0.010452950639805178 0.036458834053549036 0.038513335191027905 0.022379833165445343 0.029055993596049857 0.053281559962484008 0.038084690282302616 0.013876583586671465 0.032182911066471163 0.028419232365000893 0.061008525991133072 0.026848193268377257 -0.0048571726657002734 0.042477713142573183 0.010874649546612315 0.058863914311840286 0.029515644454728655 0.043420345234296394 0.038438170919472596 0.058661251838999652 0.0066656062753915404 0.0046410092493797553 0.057984525681070757 0.012886832278052209 0.033726283705866285 0.0070830145933124759 0.052041483085922574 0.004863385160805765 -0.003333337415671293 0.0019095959898665668 0.0046078403099661779 -0.0055685570708657239 0.011198184886093367 0.057043693943950424 0.039869382239439977 0.011027691000802229 0.015688701056209942 0.046620093390121006 0.0082828125992453188 0.042307588273984738 0.0064155616136223892 0.0058863910318423711 0.0088394111191624214 0.014532101990708646 0.051561651113959696 0.059157219569270614 0.0013721471760144092 0.008300976950951432 0 0.054359135824872208 -0.004841976519504073 0.022217001138578701 0.01174185599384495 0.05726923848336142 0.048788941566945354 0.010863743878249713 -0.0013993528489050311 0.037278534758296587 0.049215847161666833 0.036039665355307893 0.05117162455294668 0.014361035140337253 0.046857535322053778 0.028553727144108282 0.013967850835468792 0.049072858406603158 0.032879711209539676 0.013350765679176674 0.034364544249491751 0.060468980535650897 0.055540677913970313 0.0098812753460742805 0.042898573687389134 0.01876019990374091 0.039937793093602722 0.015849520481901899 0.017467723444156851 0.040489475435673265 0.038716175791809603 -0.0038908073723530889 0.0093913609938190562 0.038565771773106307 0.014318640811683584 0.0066285796049163868 0.03303589707281946 -0.0023307415618332738 0.0069535011363004674 0.036780163773706714 0.050922694212168766 0.0020581897137039052 -0.00033535590149953942 0.02669354414742358 0.033081312564092274 0.023767109145003091 -0.003180074305369587 0.032143590273563998 0.030526216503473657 -0.0030181326515879145 0.04062737855941518 0.0018199960975429572 0.053739523193240615 0.052454542751020315 0.018907359311966819 0.032683828506672563 0.0031187620187637256 0.041483298116014658 0.059654982336417896 0.035777535014789516 -0.001027748851275993 0.015063677684755901 0.015078395226665715 0.032288419028761346 0.051260304496816213 0.047651192201949327 0.0026789838972909063 0.01484688593828886 0.0033019061411247658 -0.0025976269909350974 0.030692514407123218 0.044397155260077391 0.046037486179487767 0.0073765585478537087 0.034750293896038904 0.048358441358183304 0.040637536698206037 0.033040719966311111 0.02561517156866628 0.0079291964471843741 0.046797392014858517 0.020601381340354056 0.01109758981203814 0.015968005873468919 0.0018107133184772253 0.045929676037754982 0.029299320172408758 0.0087312336989930871 0.0078961367651280961 0.030044582052424971 0.066847840373662246 0.044488582391646977 0.05454459581165761 0.041034271166292033 0.022899201559880261 0.020702980979636562 0.024469787254552917 0.037037685379019455 -0.0022565972690645384 0.045972006750822594 -0.0020338753049622331 0.045412847685111384 0.047673484663021418 0.01023360743684475 0.0096920701495510388 0.046008417874271353 0.035936194544708949 0.0053713792047609434 0.048176445702192087 0.053651626689964184 0.063932209969902079 0.040095228530568482 0.036554174409787088 0.00088187710801573675 0.052012723038049082 0.0058946409565789051 -0.0040140568246801291 0.0010270829498596169 0.042009551134530185 0.066717986569276716 -0.0029127463936279934 0.00085841279761070407
leaf_weight=11450.28884248808 161.8650063611567 120.30003007501364 326.71778202056885 63.334981985390186 2464.4154601730406 80.810308165848255 176.9681358486414 172.34757992625237 2409.4376655071974 40.293993044644594 1929.454772721976 266.43454442173243 246.02124276384711 17825.147269107401 180.29954274743795 1498.7050697281957 110.44397126883268 66.865570306777954 728.53141748905182 79.084527533501387 6204.2851246520877 257.72832150384784 43.523296102881432 171.8906383998692 58.082610066980124 80.744013011455536 36.331420753151178 960.61530984193087 79.847377792000771 121.18224262446165 93.468279115855694 93.967940885573626 607.36100826412439 38.022595047950745 293.01719748973846 50.692581165581942 13610.484449476004 28.806993972510099 49.27930023893714 69.370387449860573 376.38793803006411 4051.3839398920536 232.94474415481091 88.481323689222336 159.56814509257674 67.749372813850641 631.68932174518704 64.568441141396761 48.017168629914522 81.024128511548042 64.800821430981159 1198.6351739168167 92.011790305376053 37.166228629648685 129.74849032983184 189.45890816301107 32.936381720006466 157.15512650832534 52.74813986197114 4929.682824395597 49.408156473189592 36.514180339872837 2895.5402512028813 53.525359708815813 74.264040216803551 104.62571547925472 85.569526001811028 36.973235014826059 240.46789363771677 151.78253116458654 163.54042428731918 37.968812249600887 35.78994382172823 189.8198515586555 45.320545557886362 89.437435489147902 182.59971896186471 189.06607715040445 82.456403195858002 566.34829150885344 47.740534014999866 147.15775537118316 181.76582461968064 73.508764889091253 56.744241800159216 47.278741978108883 42.13894010335207 49.26831366866827 86.512320794165134 31.971755065023899 167.16400571167469 98.432651314884424 320.40532163530588 76.557735845446587 225.0853496491909 76.176730543375015 29.576465226709843 411.29329639673233 41.397615306079388 381.37707985192537 63.228387653827667 23.872202537953854 86.20377105101943 1772.9590195119381 648.91049717739224 38.970145184546709 4324.2956920191646 63.176612205803394 39.74412427097559 266.25375517457724 89.267078701406717 58.166064064949751 149.17415915429592 95.586506459861994 59.038199137896299 1533.2592028416693 40.617991130799055 54.917883493006229 98.516134336590767 68.579680509865284 85.099842764437199 356.72847983986139 70.58160288631916 59.008582375943661 277.64003119617701 82.284680392593145 53.159200839698315 58.963431652635336 27.966217625886202 149.65955774486065 717.79243610426784 958.38508367165923 28.238160960376263 47.985083129256964 29.40856646001339 199.84738557040691 375.72125208005309 29.939025662839413 168.91221586242318 69.436973202973604 49.765361722558737 177.12942355871201 1920.1302049010992 76.825586840510368 191.35763109475374 126.65474569424987 1400.2041292339563 80.477880124002695 54.31583334878087 42.022203471511602 30.048742480576038 94.241448443382978 182.71148663759232 80.415199935436249 58.66960795596242 58.118507504463196 496.35103114694357 70.89431881159544 58.778155662119389 138.52726285159588 129.88310254737735 304.1649045906961 51.064830355346203 45.863280594348907 36.627555333077908 146.99427979439497 65.721667513251305 59.999253753572702 278.87597297132015 55.752259090542793 42.246059197932482 82.672817420214415 53.252230957150459 46.840695310384035 104.98806623369455 35.184488587081432 82.54948889836669 92.055323984473944 62.101691111922264 37.673042889684439 50.538087591528893 41.229690924286842 19.331984329968691 259.52534077316523 2356.2640949860215 73.948315497487783 81.673643097281456 37.39386360347271 1419.8096649348736 127.33268892765045 400.16956125944853 48.066256143152714 226.11017348617315 28.366945933550596 40.322567600756884 108.7415284216404 139.91612830758095 37.793661199510098 67.23065036162734 40.528081353753805 86.579955521970987 58.534674249589443 35.491640757769346 1261.8913753703237 136.65540860593319 49.351042091846466 103.12040736526251 29.524983741343021 25.263397887349129 65.226954389363527 32.347941003739834 39.310095101594925 145.14052271842957 135.43404792621732 61.738967482000589 50.051960907876492 331.42644285038114 25.478225018829107 40.716327387839556 38.163951735943556 197.61930831894279 32.352882605046034 39.961324982345104 42.812746610492468 78.375994108617306 90.721334934234619 35.182443305850029 238.3449222035706 50.780503503978252 49.801291160285473 91.145822502672672 47.110626578330994 53.923858903348446 304.95168280228972 35.056066684424877 49.200969815254211 72.702744886279106 249.37207631021738 303.26609176397324 56.074830383062363 53.249794367700815 380.5883686542511 17831.757732585073 306.25203268975019 82.718738339841366 64.260290034115314 453.23086284101009 155.55233510583639 49.136158239096403 25.317429780960083 36.335759803652763 32.042535588145256 60.940186705440283 198.80743689835072
leaf_count=209944 2317 1150 5089 634 40725 603 1148 925 8277 359 32422 3490 1861 20243 989 7693 1075 778 2551 713 11028 2344 523 2426 655 659 211 5330 660 761 738 1020 2182 552 1386 551 20238 317 338 261 2276 15239 2308 1086 1089 682 5456 449 526 814 831 8206 1226 440 1897 2507 358 2400 509 9990 654 562 8638 701 631 1048 325 448 2544 1427 918 535 495 2732 595 1129 2795 1009 797 4951 214 2150 1682 1098 719 448 425 428 542 279 831 1118 2571 574 795 759 443 2746 543 1148 553 214 893 4233 9696 563 9433 615 307 3354 822 823 2347 1176 800 27007 486 267 715 658 760 1885 693 354 3775 1130 548 563 265 512 11364 13867 381 381 433 2382 4701 206 1129 746 576 1151 8257 463 797 1289 6534 712 558 311 268 1076 1651 462 392 667 3038 595 353 2114 1652 2057 354 522 406 729 665 620 2135 691 561 801 425 600 1535 282 706 945 775 290 471 516 241 4299 7898 628 971 400 21494 690 850 506 3733 357 512 775 1001 273 817 449 1167 833 347 6104 1047 559 856 231 231 653 396 381 869 1268 677 483 4779 246 446 485 2715 343 275 300 455 908 480 2562 499 403 1143 344 677 1980 202 436 636 1195 1822 734 476 1136 14347 1964 601 734 2110 1901 805 382 393 210 868 2869
internal_value=0.0430989 0.0553274 0.00655175 0.0409213 -0.000285652 0.0596712 0.0280543 0.0465705 0.0546762 0.00899553 -0.00465222 0.0214432 0.0299618 0.0616491 0.0399416 0.0424311 0.0244752 0.0152575 0.0592343 0.048592 0.0568392 0.0142661 0.0349518 0.00313057 0.00257126 0.012859 0.0290212 0.038813 0.0373043 0.0278851 0.0264646 0.0174061 0.0521803 -0.00664632 0.0366605 0.0165064 0.0596522 0.0128473 0.0282096 0.0346829 0.033716 0.0492016 0.0243791 0.0273603 0.030279 0.0421378 0.0265514 0.0175939 0.0418538 0.031036 0.00160889 0.0349452 0.009253 0.00693788 0.0192126 0.0114449 0.00726847 0.016961 0.00608035 0.0568802 0.0260065 0.0238983 0.0548437 0.0322543 0.0406804 0.0269687 0.0477055 0.0276502 0.0290677 0.0336277 0.0303736 0.0226396 0.0244844 0.0179796 0.0163633 0.0314563 0.00860488 0.0343078 0.0307563 0.0323586 0.0268898 0.0131637 0.0264341 0.0200133 0.031898 0.0116523 0.013276 0.055122 0.0497527 0.00505247 0.04626 0.029727 0.0238157 0.0428262 0.0530119 0.0292103 0.0220933 0.0392707 0.00926928 0.0534556 0.0361221 0.00957335 0.00815499 0.0563759 0.000554357 0.0268585 0.0561359 0.0346059 0.0363798 0.0169831 0.0277324 0.0347015 0.00864287 0.0167222 0.00379467 -0.00189748 0.036071 0.041476 0.0259233 0.0413956 0.0423009 0.0385073 0.0346828 0.0260013 0.0127208 0.0228551 0.0377771 0.04077 0.0147654 0.0443929 0.00612011 0.00953825 0.0291467 0.0338719 0.0250839 0.0143387 0.0191989 0.0273144 0.0395593 0.029453 0.0187326 0.0457407 0.0461676 0.0437278 0.0387082 0.0272426 0.050175 0.025113 0.0350688 0.0320503 0.0255524 0.0361793 0.032086 0.036309 0.0382063 0.0270641 0.0369373 0.0399758 0.0231313 -0.00238379 0.0241403 0.0402621 0.0353881 0.0187837 0.0447918 0.0507499 0.0396477 0.0359125 0.027684 0.0147185 0.0218976 0.0173291 0.0294294 0.0243367 0.013336 0.00621558 0.0472257 0.0217454 0.0264615 0.0104288 0.0313264 0.0156057 -0.00396145 0.0048161 0.052884 0.0294872 0.035375 0.010356 0.00382548 0.0326756 0.051482 0.019346 0.0054082 0.0397272 0.0330876 0.0234076 0.0299649 0.0334644 0.019544 0.0395224 0.0178739 0.0232389 0.0102416 0.0460507 0.0374008 0.0203542 0.0261651 0.0275146 0.0162126 0.0188204 0.00199384 0.0325055 0.0338642 0.0302424 0.0286665 0.0324908 0.0111245 0.01439 0.0211827 0.0366369 0.0126536 0.00449959 0.049186 0.0290571 0.0419581 0.031871 -0.00174498 0.0135924 0.0445062 0.0179036 0.013279 0.024028 0.0108175 0.0409483 0.0267205 0.0353933 0.0235921 0.0382209 0.0324546 0.0240321 0.0280528 0.0490749 0.062993 0.0368419 0.0242849 0.0139269 0.0480193 0.0129963 -0.000985677 0.0127074 0.0258986 0.0458942 0.00788138 0.00830438
internal_weight=134764 100976 33787.5 23398.5 25636.9 77577.5 8150.57 15434.9 22023.4 8201.08 17435.9 5241.82 7963.53 55554.2 2908.75 8892.3 3799.59 2890.06 19897.3 5789.65 16233.7 4317.01 4163.94 3884.07 3770.8 3960.85 2351.76 4530.74 3291.01 2656.56 2455.94 371.49 6542.64 13665.1 2347.07 1143.03 19268.7 2486.95 204.253 2054.05 1984.68 5669.35 2124.12 1509.08 1180.55 2596.03 1946.78 449.943 112.586 1608.3 3512.58 2580.8 2328.58 1794.65 235.803 2282.69 1806.17 533.929 209.903 5658.21 872.935 324.025 10029.4 1527.27 404.977 140.957 264.02 823.526 786.553 546.085 1350.3 640.711 602.742 1632.27 1462.09 170.181 502.314 1934.71 1171.17 1088.72 614.089 1955.97 566.952 344.568 139.479 205.089 288.462 189.756 4162.32 1558.85 628.563 356.161 535.77 2528.28 301.643 1496.84 101.871 474.628 337.357 561.677 2384.8 659.821 635.948 2380.32 3224.12 97.0528 7219.84 814.533 751.357 615.043 287.511 195.499 246.323 328.531 157.81 2214.78 222.384 104.186 300.064 2226.64 2099.05 1138.43 781.705 127.588 446.128 168.488 1986.95 1257.6 319.714 1617.97 1709.11 991.321 199.6 171.362 123.377 1808.82 714.832 339.111 331.817 162.905 201.548 710.208 4361.56 2441.43 942.725 447.06 4075.81 865.152 213.17 1092.07 430.841 661.225 501.657 407.415 158.81 100.141 696.605 567.245 129.36 2176.75 157.849 564.633 401.093 96.9281 200.623 3903.46 763.536 574.47 397.857 118.981 802.27 504.309 297.961 244.709 421.636 88.7098 162.965 651.982 420.253 99.7747 320.479 91.7678 1812.12 278.857 2503.26 197.868 155.622 167.142 1456.98 206.417 2809.61 106.232 364.637 68.6609 72.2943 168.741 403.115 336.249 105.024 231.225 316.648 230.068 94.0263 1411.55 228.711 195.995 152.471 70.9226 84.3016 154.974 181.522 729.348 690.038 544.897 244.45 491.738 1093.98 730.205 341.939 118.842 223.098 363.779 80.6777 79.4403 158.854 136.042 1964.64 504.599 190.697 272.03 222.229 131.083 83.9726 405.729 100.778 751.367 149.528 601.839 352.467 309.172 253.097 547.752 35656.9 356.304 186.723 104.004 630.36 231.729 2575.2 110.789 61.6532 82.7351 89.7472 388.266
internal_count=780798 278761 502037 146188 424634 132573 77403 74652 62634 117035 307599 58430 71536 69939 18973 51609 39791 36396 35349 24408 38226 56394 31745 60641 59709 52932 22034 30310 23520 25507 24040 4641 23043 247890 16836 14284 32779 32579 2176 15450 15189 23258 21427 14436 10952 15717 19124 5239 975 12913 56000 19599 33029 26181 3013 30403 26807 6848 2909 12541 8225 3939 27198 12099 2910 1259 1651 7571 7123 4579 10951 7255 6720 19903 18115 1788 7029 14593 9342 8545 5165 25314 6225 4057 1480 2577 3999 1020 16628 23168 2570 3462 4843 15035 1369 13885 1234 3380 4264 2137 17661 8744 8530 6415 52001 1218 18071 6108 5493 6991 3377 2151 3574 3484 2129 37946 2168 695 2718 13666 12654 7324 5439 1012 5798 2023 14282 8769 4234 8019 25589 14225 2215 1834 1453 23164 8499 3798 2613 1484 2003 3921 21299 13042 5349 3860 16086 8429 1725 9866 4205 5661 4572 3496 1370 978 4679 3633 1046 37394 1917 3851 2933 876 1467 15161 5251 4242 3379 1244 9371 6186 3185 2760 5385 983 1168 6704 4044 1065 2979 987 31547 4540 8627 2160 1599 2297 21934 1403 9127 1329 5847 716 791 1395 3817 3039 1090 1949 3850 2683 1180 6616 1992 1938 1415 774 1031 1838 2743 5513 5132 4263 2328 3715 14665 9543 4167 1206 2961 5122 721 706 1167 1503 32902 5916 1500 2835 2432 1289 945 2847 867 4552 1099 3453 2258 3592 2858 1967 34590 2447 1642 1041 3261 2660 42305 1580 775 761 1185 5376
is_linear=0
shrinkage=0.01


Tree=11
num_leaves=255
num_cat=0
split_feature=7 7 54 55 55 58 54 56 7 54 49 0 13 48 7 7 7 0 54 52 7 13 48 28 57 27 58 102 121 144 121 18 55 33 117 45 9 121 18 9 7 46 22 116 50 54 15 0 122 41 133 137 7 126 21 116 51 38 16 15 39 54 55 18 43 51 121 119 18 44 58 139 56 18 54 34 0 46 119 138 119 115 18 138 56 58 122 117 19 18 116 118 0 0 49 34 50 133 21 48 7 54 13 57 137 48 0 22 55 7 48 40 9 98 134 119 121 21 69 21 48 9 134 48 114 117 143 55 54 52 134 44 21 0 30 115 94 9 70 7 52 88 27 117 45 27 51 38 2 18 10 116 22 45 55 121 42 38 137 118 49 82 18 27 115 36 44 78 49 34 36 117 0 7 57 28 18 70 14 133 36 117 33 54 98 82 33 21 134 57 115 114 9 122 42 78 138 141 18 87 46 66 46 27 42 57 7 54 57 102 7 46 18 51 121 49 117 116 51 22 109 21 116 122 10 40 19 30 19 7 52 138 7 28 122 42 27 137 21 18 55 115 85 46 18 116 13 115 33 48 9 51 118 55
split_gain=546962 56038.4 48685.5 13171.2 8064.39 6805.74 6723.77 2901.09 2828.38 2426.26 2188.27 2049.43 1711.93 1709.02 1502.65 1267.03 1199.97 942.581 916.281 832.756 792.086 749.904 741.216 721.366 714.606 696.093 679.869 651.214 641.278 600.747 590.732 565.466 553.596 537.981 517.307 515.467 509.636 507.718 483.141 476.544 474.146 467.98 460.872 443.262 457.135 435.793 433.98 430.165 426.305 421.72 419.119 411.908 414.287 400.287 392.881 470.406 399.39 376.975 428.808 363.71 358.65 356.5 351.811 383.912 343.723 340.581 335.874 334.633 333.864 332.945 331.844 329.428 329.397 363.383 412.625 327.103 345.97 415.002 317.803 316.87 371.187 314.806 370.006 310.302 308.67 308.449 307.691 324.913 302.799 301.299 425.502 300.922 300.481 299.985 293.803 285.112 372.89 347.458 289.392 308.04 283.617 282.431 277.804 277.334 276.953 337.643 284.747 277.209 274.856 395.56 274.274 290.907 362.431 272.547 271.96 282.177 307.375 269.78 333.045 268.084 331.493 267.779 337.532 328.766 288.439 337.649 267.123 409.181 266.24 265.688 265.313 265.177 282.628 264.306 259.727 485.691 396.894 321.95 379.96 282.327 276.714 260.54 315.5 258.701 258.277 285.715 257.389 280.116 346.048 256.259 256.1 296.554 248.02 247.25 262.117 242.192 241.706 249.012 239.366 238.965 238.393 275.471 309.481 263.883 307.509 238.179 273.921 238.1 237.478 236.35 236.134 304.11 326.68 233.427 233.189 232.664 286.226 246.715 232.096 248.534 230.482 249.89 248.438 280.356 403.549 229.958 228.307 278.367 227.474 252.476 338.951 280.483 226.841 224.533 224.468 223.242 222.661 221.56 245.962 233.282 224.34 228.23 220.838 220.496 260.279 220.123 220.054 220.037 220.207 411.124 247.042 339.105 219.534 219.39 218.53 415.447 222.66 249.337 218.224 243.736 218.092 217.483 215.911 215.586 335.921 295.699 281.255 273.688 253.409 215.507 213.663 212.935 296.947 212.865 212.822 212.396 212.07 215.98 222.826 284.991 212.695 211.759 211.494 211.466 241.656 210.225 210.133 402.56 205.764 204.628 204.539 221.652 535.856 223.591
threshold=437.13000000000005 2493.0450000000005 189.50000000000003 260.50000000000006 303.50000000000006 90.500000000000014 28.500000000000004 611.50000000000011 6669.4150000000009 39.500000000000007 1350.3570500000003 5.5000000000000009 4.5000000000000009 131.60263 124.93000000000002 1153.2450000000001 874.62000000000012 3.5000000000000004 498.50000000000006 1.5000000000000002 220.04000000000005 1.5000000000000002 17601.311000000005 148.50000000000003 1109.5000000000002 891.50000000000011 334.50000000000006 3.5000000000000004 7443.6900000000014 2.5000000000000004 11687.245000000001 314.64317500000004 916.50000000000011 94.500000000000014 0.011088502500000002 20.500000000000004 208.20500000000001 2655.3200000000002 14.167809500000002 287.42000000000002 6199.9850000000015 39436.886500000008 2.5000000000000004 0.0093921217500000011 9.5000000000000018 277.50000000000006 4.5000000000000009 23.500000000000004 87.500000000000014 17.500000000000004 28.500000000000004 93.500000000000014 1129.5400000000002 1.5000000000000002 481.50000000000006 0.0011561528500000002 138.50000000000003 653.50000000000011 17.500000000000004 8.5000000000000018 24.500000000000004 177.50000000000003 31.500000000000004 195.73179000000002 6.5000000000000009 3.5000000000000004 2289.3550000000005 1.5000000000000002 28.049500000000005 3.5000000000000004 169.50000000000003 2.5000000000000004 114.50000000000001 149.99187000000003 404.50000000000006 13.500000000000002 14.500000000000002 2287.5033000000003 1.5000000000000002 93.500000000000014 13.500000000000002 0.11112424500000001 38.499890000000008 29.500000000000004 782.50000000000011 26.500000000000004 24.500000000000004 0.0022277670500000005 87.030743000000015 148.57958000000005 0.0010471987500000003 0.010641278000000002 45.500000000000007 2.5000000000000004 21.385751500000001 110.50000000000001 342.50000000000006 83.500000000000014 2277.5000000000005 552.78498000000013 69.905000000000015 301.50000000000006 14.500000000000002 64.500000000000014 42.500000000000007 34.63343600000001 4.5000000000000009 7.5000000000000009 5.5000000000000009 279.82000000000005 13.713253500000002 47.500000000000007 177.94500000000002 15.500000000000002 53.500000000000007 19.500000000000004 4306.3400000000011 2221.5000000000005 6.5000000000000009 1028.5000000000002 464.43211000000002 83.350000000000009 48.500000000000007 569.67075000000011 0.027472929000000004 0.012048512000000003 1.0000000180025095e-35 6.5000000000000009 1123.5000000000002 1.0000000180025095e-35 81.500000000000014 5.5000000000000009 196.50000000000003 1.5000000000000002 5506.5000000000009 0.07380130750000001 19.500000000000004 455.91000000000003 2.5000000000000004 626.35000000000002 32.500000000000007 4.5000000000000009 808.50000000000011 0.0037304111500000002 2.5000000000000004 814.50000000000011 12.500000000000002 254.50000000000003 4.5000000000000009 164.19743000000003 817.0200000000001 0.0039844245000000009 19.500000000000004 13.500000000000002 13.500000000000002 1498.9550000000002 43.500000000000007 103.50000000000001 86.500000000000014 0.009618276000000002 477.62895000000009 24.500000000000004 65.480835000000013 945.50000000000011 0.088334275000000018 11.500000000000002 15.500000000000002 7.5000000000000009 843.5409350000001 24.500000000000004 17.500000000000004 0.013698881000000001 8.5000000000000018 374.80500000000006 164.50000000000003 91.500000000000014 171.50230500000004 3.5000000000000004 32.500000000000007 64.500000000000014 2.5000000000000004 0.020410063000000003 140.50000000000003 61.500000000000007 5.5000000000000009 19.500000000000004 58.500000000000007 57.500000000000007 88.500000000000014 49.500000000000007 0.13953946000000003 0.013700368000000003 267.00500000000005 50.500000000000007 26.500000000000004 9.5000000000000018 73.500000000000014 2.5000000000000004 96.401250000000019 9.5000000000000018 2006.2785000000001 7.5000000000000009 6550.3593500000015 381.50000000000006 61.500000000000007 115.50000000000001 238.01000000000002 63.500000000000007 4.5000000000000009 1.5000000000000002 1859.3400000000004 1481.7667500000002 68.267555000000016 7.5000000000000009 1440.9300000000003 465.45882500000005 0.025002056500000005 0.005515212900000001 1.0000000180025095e-35 5.5000000000000009 1.5000000000000002 2254.5000000000005 0.0074507110000000014 58.500000000000007 189.99500000000003 4.5000000000000009 82.666192000000009 2072.5000000000005 96.30572500000001 738.23500000000013 1.0000000180025095e-35 68.500000000000014 1697.0500000000002 81.500000000000014 267.50000000000006 30.500000000000004 929.50000000000011 48.500000000000007 1080.5000000000002 102.69490500000002 144.50000000000003 0.084036583000000012 2.5000000000000004 2481.3785500000008 59.200818500000004 0.00049905328000000014 3.5000000000000004 0.048611674500000007 618.50000000000011 271.28993000000008 318.18500000000006 5.5000000000000009 0.0043486365000000009 33.500000000000007
decision_type=2 2 2 2 2 2 2 2 2 2 2 2 2 2 2 2 2 2 2 2 2 2 2 2 2 2 2 2 2 2 2 2 2 2 2 2 2 2 2 2 2 2 2 2 2 2 2 2 2 2 2 2 2 2 2 2 2 2 2 2 2 2 2 2 2 2 2 2 2 2 2 2 2 2 2 2 2 2 2 2 2 2 2 2 2 2 2 2 2 2 2 2 2 2 2 2 2 2 2 2 2 2 2 2 2 2 2 2 2 2 2 2 2 2 2 2 2 2 2 2 2 2 2 2 2 2 2 2 2 2 2 2 2 2 2 2 2 2 2 2 2 2 2 2 2 2 2 2 2 2 2 2 2 2 2 2 2 2 2 2 2 2 2 2 2 2 2 2 2 2 2 2 2 2 2 2 2 2 2 2 2 2 2 2 2 2 2 2 2 2 2 2 2 2 2 2 2 2 2 2 2 2 2 2 2 2 2 2 2 2 2 2 2 2 2 2 2 2 2 2 2 2 2 2 2 2 2 2 2 2 2 2 2 2 2 2 2 2 2 2 2 2 2 2 2 2 2 2 2 2 2 2 2 2
left_child=2 3 6 9 11 12 14 16 27 28 20 19 221 17 31 25 36 61 92 39 32 35 54 30 51 29 245 205 114 42 45 33 43 131 174 37 47 69 -13 72 -20 62 134 44 117 79 91 50 67 66 -5 52 175 197 -12 56 83 58 70 75 -52 186 63 -27 -32 -37 192 -39 113 -15 160 94 73 -4 155 -40 95 206 -48 80 207 82 -73 -56 -29 -62 -84 -88 -82 90 -87 168 126 -33 -22 96 97 98 99 128 -24 -100 -42 223 152 107 -107 246 -68 212 -64 130 -113 -57 115 229 -117 118 230 -45 -121 -44 124 196 125 -123 127 -14 159 -41 195 -1 -133 -96 136 -136 137 140 -139 -140 141 153 170 -103 145 -76 147 148 -135 -109 231 -152 -19 154 233 -75 -85 -158 167 236 -18 -162 163 164 -163 -71 -167 -74 -23 -69 171 -143 -173 -149 203 176 177 -9 179 194 -108 182 -182 -184 -185 -79 -8 -188 189 191 -191 -38 -16 -92 -129 -112 -124 198 199 200 -36 -202 -34 -21 -205 -7 -78 -17 209 -209 -210 -212 -110 -195 215 -101 217 -216 219 -198 -169 -3 -72 224 225 -93 227 -227 -225 -2 -6 -47 241 -11 -30 -199 237 -77 240 -240 -239 -233 -187 -168 -245 -10 -106 -248 -46 -134 251 252 -156 -254
right_child=1 5 4 7 10 8 13 24 26 15 22 38 18 21 49 23 57 104 40 34 71 46 100 -25 -26 41 -28 84 234 -31 64 93 202 -35 53 65 188 48 59 129 102 -43 121 119 248 150 78 -49 -50 -51 60 -53 -54 -55 55 68 -58 -59 -60 -61 85 -63 110 -65 -66 -67 108 169 -70 165 222 81 158 74 144 76 77 185 -80 -81 88 -83 86 156 -86 89 87 -89 -90 -91 193 103 -94 -95 133 -97 -98 -99 101 214 -102 143 -104 -105 105 106 180 149 109 -111 111 112 -114 -115 -116 116 -118 -119 -120 120 -122 122 123 -125 -126 -127 -128 178 -130 -131 -132 132 249 146 135 -137 -138 138 139 -141 -142 142 -144 -145 -146 -147 -148 173 -150 -151 151 -153 -154 -155 250 -157 157 -159 -160 -161 161 162 -164 -165 -166 166 243 220 -170 -171 -172 172 -174 -175 -176 -177 -178 -179 -180 -181 181 -183 183 184 -186 242 187 -189 -190 190 -192 -193 -194 213 -196 -197 218 235 -200 -201 201 -203 -204 204 -206 -207 -208 208 210 -211 211 -213 -214 -215 216 -217 -218 -219 -220 -221 -222 -223 -224 228 -226 226 -228 -229 -230 -231 -232 232 -234 -235 -236 -237 -238 238 239 -241 -242 -243 -244 244 -246 -247 247 -249 -250 -251 -252 -253 253 -255
leaf_value=-0.0075703303225936047 -0.0032604374888283074 0.011064677144072974 0.0040385216177295982 -0.0019845227082559485 0.012595293204961007 0.046255003464902099 -0.0049018701968790651 0.035317783033589005 0.054192161958800313 -0.0096581885280121564 0.049088472545078553 0.051862670636257768 0.022009915366869727 -0.0013941307529316905 -0.00034457831801780069 0.043029929171536516 0.039854898526084474 -0.0032048529992796033 0.049090032527013369 -0.01023497821117156 0.018008193838019684 0.01345144957381586 0.031641859709922435 0.0015359432420734675 0.054594587559415091 0.01441164733873106 0.059805095659192058 0.053208180602730852 0.035799312904685604 0.040737880551768912 0.024886223569986252 0.0035744963408296145 0.041171684790721592 -0.0019538899935058686 0.0055070560843025994 0.010585055717759443 0.0069525144072304628 0.05622911225449867 0.041767121816862887 0.018160542251891357 0.043230272755620906 -0.0021442940972210968 0.0092555794790631016 0.049411694676105143 0.0022475171134784754 0.04079308648246089 0.053256365271161975 0.043657548543556135 0.0013772550405729816 0.043389028954962258 0.041338849143533467 0.035125502442291713 0.050449627006519969 0.046703195632233532 -0.0032646501418193835 0.012273085146509108 0.045859499701007722 0.033530097982533646 0.059779998718859535 0.051351686959742376 -0.0030583945951375355 0.017756149727022455 0.008458933680016328 0.043594497497864391 0.047743015552659473 0.0492177432261506 0.0062155902892401926 0.035886626659754915 0.043368037457512269 0.011211896858312276 0.045133548384526767 0.046824545998106468 -0.00031893052701914462 -0.0080009402947616801 0.021269635373880255 -0.006816128002165329 0.030794897371473055 0.052230080333860791 0.014738571026106324 0.0088223875007903702 0.060937303884013361 0.045952344580821453 0.03888996243113884 0.040382577020796478 0.056886049295488655 -0.001933360082904773 0.031040497635547174 -0.0016399101833009621 0.034051670068530264 0.038171751186956919 0.042399862092710273 -0.00076550731996924512 0.050779980762338472 0.035362860782073235 0.061680351279582463 0.0056126455124741624 0.056221960375593405 -0.0029942964440241577 0.051194151536631365 0.011343454905263995 0.052968956022237092 0.041908792329230629 0.054863859603444344 0.040950485563496848 -0.009447043006569282 0.0032788031444785821 0.03808036902985687 0.0087871227011168656 0.057725732592302174 -0.001747529303279602 0.05193883242773379 0.037097215315253666 0.00060459249613183271 0.04391005847611195 -0.0006646363398603042 0.014518194319263995 0.044360652125747461 0.034278714857072179 0.04641051784786103 -0.0015190414467819841 0.033266484017095539 0.03802565214870568 0.0086841466730507941 0.032374513141680758 0.049072824791196103 -0.0020316930351344476 0.054517961858703841 0.048285672272828699 0.045471408210648073 0.051976505234403676 0.017673646673004983 0.038770391739776172 -0.010240440323401165 0.03965349244923843 0.012846980687910459 0.051613089714654212 0.0099630991906712683 0.0053069224523406332 0.050536175120178183 0.018433101527560388 0.054621905725754642 0.0043227682831334683 0.038597195317474707 0.0036687306943460002 0.0076258873388246086 0.063365290819258582 0.048988110087025555 0.0045881130702052622 0.01071591370892196 0.038490968577602966 9.4180284964937426e-05 0.034178829432343821 0.031922077698295921 0.0055287331453052783 0.035285354434596225 0.015940564501208003 -0.0027337944319183048 0.024234300671683542 -0.0050218068431568076 0.03501170532651026 0.04804225638033037 0.020282667931578575 0.043127601704216194 0.0096395708515426143 0.052751263130034788 -0.0016621465562284242 0.00087662556831861788 0.016707900449118979 0 0.0045459732355122382 0.0011808653895028687 0.055320160643645949 0.014934793632266808 0.037646769924747192 0.03224631597142176 0.025725887571072591 0.054829017611602672 0.045872446504968495 0.060907218374014478 0.030396938370077092 0.0082279509711946485 0.0056334079017371962 0.056862899528098726 0.0055321801548264236 0.050048161325735877 0.0087716523257373412 0.027845863065637029 -2.8138207747152201e-05 0.01935838046171531 0.043156751545233789 0.016429610192218943 0.034829222359855638 0.022224368535069813 0.024974799903297429 0.039778541701238977 0.037143276281531849 0.049428070787722211 -0.0099497296647891916 0.046082920573881629 0.00017519417112225272 0.050626916158877634 0.019457853791789388 0.024660467480020935 0.0034260531210530288 0.027692406417230014 0.05207897823887369 -0.0012026160226733032 0.0071535349663481062 0.022835039258440909 0.037322848313454948 0.058923522389612043 0.023389789257161425 0.021908070239728406 -0.0020419154469011091 0.033006802951598177 0.048442691207485088 -0.0021145430387768537 0.0080125209735522548 0.0048013131456945838 0.012120733510815739 0.043441136975569519 0.037906916373629855 0.056643416008753673 0.002728820308323986 -0.0096727977775317581 0.031314601848270625 0.056342183153491904 -0.00072438554783592942 0.034634166070182666 0.014887934385568218 0.023461623198575605 0.046282075283168765 0.017509610634274732 0.03004006358583006 0.0083969887381319958 0.021850522180770816 0.021245740827894571 0.0089766659797144138 -0.002267539332575196 0.022101150219275355 0.041079968784687483 0.021709413601261995 0.038535601673000464 0.010929698553731054 0.045049442155662173 0.057788669380213278 0.043100090618747963 -0.0032689235756296346 0.030201661308519374 0.014918760183875446 0.045865616764778495 0.049389990853750634 0.034148431919022386 0.0013817949473646546
leaf_weight=11535.820311121643 126.43920600041747 131.52134231850505 1686.0246066153049 53.021449998021126 427.14841868728399 1088.1455806866288 1273.1801068857312 409.85218969732523 2569.8105467706919 25.261339139193296 247.00173987448215 62.197830725461245 110.29839352890849 668.38397727906704 750.57791678234935 72.648081179708242 2456.0567568615079 228.39091776311398 4228.4331877231598 56.017215617001057 78.431549534201622 815.66690337657928 84.951115742325783 61.091961514204741 2158.9197940081358 181.92318066582084 34319.962601460516 4751.4695972502232 137.19278267025948 213.44284224882722 84.220993228256702 96.508136920630932 223.26698718965054 2156.9966449514031 36.702062916010618 49.17784995958209 41.655697338283062 37.402004607021809 86.283567398786545 88.976906586438417 272.38350624591112 36.734081421047449 283.41170480102301 75.023518778383732 210.90680954232812 1138.8848259374499 51.17295291647315 153.35463813692331 75.389676481485367 26.750894840806723 139.92053494229913 291.29985597729683 2902.6429643407464 92.159089010208845 41.655590713024139 78.019597887992859 90.275032952427864 419.07942412793636 180.68169759213924 45.29222571849823 41.106454774737358 96.315098010003567 38.575512703508139 60.636654041707516 588.20538534969091 44.507903397083282 218.19092934206128 47.939001463353634 565.46615892276168 704.11232351139188 589.52250637114048 38.310238152742386 75.070471309125423 66.264290623366833 36.932745445519686 83.400792092084885 35.348609637469053 86.196528181433678 40.791951414197683 76.836565919220448 60.497691705822945 55.176050085574389 35.4030721783638 82.358258608728647 6916.0063829943538 69.896627180278301 38.740700989961624 117.47283473238349 197.42441006749868 130.06146955490112 61.845107510685921 32.153868827968836 738.63665094971657 41.788699794560671 53.384682074189186 139.4134349822998 28.113515306264162 61.179694000631571 60.439564626663923 47.2501524053514 582.18158320710063 30.418612252920866 3944.4744319170713 60.834205616265535 145.15450678393245 109.28801308572292 71.048115275800228 204.72470245137811 32.046274960041046 35.90000743418932 133.28156701102853 56.103643633425236 52.388003170490265 43.117308579385281 215.79953264072537 145.35506435111165 45.798276755958796 141.96557643264532 41.31988525018096 34.653483226895332 117.12651762366295 45.622942555695772 322.86134427040815 112.42581396922469 70.294956550002098 36.54446716979146 202.66795366629958 616.18166892975569 25.636407144367695 32.596965696662664 68.608206868171692 20.113613717257977 76.753317285329103 470.97268692404032 50.451415006071329 101.83915778249502 161.15740678459406 141.67143380641937 40.880669191479683 92.998756747692823 42.932121135294437 59.595798619091511 69.984087493270636 41.296729195863008 32.164651032537222 33.574027679860592 168.01850067079067 58.218001253902912 48.304644204676151 32.727337412536144 40.514780513942242 69.88392448425293 20.019389439374208 36.291132684797049 299.49794843420386 108.36736160516739 38.946444049477577 230.2559372112155 57.345685865730047 45.407426867634058 1283.2256979718804 67.087206952273846 873.35799256712198 57.840091623365879 58.572253294289112 428.85536328330636 78.951631121337414 459.44002225250006 157.44692045077682 49.319993134588003 88.537383630871773 37.845226462930441 46.280062157660723 33.16226776689291 41.315916549414396 82.047600232064724 250.43504302948713 708.68939632177353 77.288202956318855 198.7166970744729 63.78313847631216 111.99737395718694 34.73024620115757 55.646085750311613 31.233982525765896 37.821493059396744 34.438247926533222 2097.889922440052 69.483497723937035 1016.9848482236266 54.476728729903698 425.97446213662624 45.296474389731884 157.23897756636143 942.32534644007683 1013.2943879291415 44.332122471183538 35.439633704721928 55.177059076726437 41.266127046197653 48.500007834285498 54.472998097538948 154.30019979551435 129.55847809836268 66.573463745415211 3484.2601091936231 48.95391047000885 160.91480360552669 249.59377571195364 62.22039207816124 55.620569244027138 61.14686082676053 45.712338529527187 35.869810789823532 117.97558927536011 94.553544413298368 36.887992430478334 64.004669290035963 38.143942713737488 32.182203114032745 32.392239473760128 39.267996847629547 316.40068061649799 136.14580904692411 26.138712972402573 141.47809093445539 37.317038238048553 31.89382615685463 28.837456353008747 130.77407513931394 335.86024058237672 122.17641202360392 117.20505408942699 24.776827368885279 38.714105729013681 45.671671200543642 152.50103333592415 45.476421866565943 146.69822308048606 68.681535337120295 39.916821267455816 59.689958214759827 76.278141856193542 62.742940749973059 31.428984880447388 16310.548495277762 24.065647404640913 64.446716278791428 28.352194312959909 52.833384603261948 142.39339644089341 62.251970499753952 25.739790260791779 87.181208092719316
leaf_count=212334 1922 1319 24863 607 5061 3820 22348 2345 4803 364 1217 425 870 10866 12249 524 13654 3488 14625 843 766 10572 570 744 5485 2055 31094 11416 1164 1616 650 1519 1534 36776 498 627 425 320 718 987 1036 440 3519 513 2620 7091 341 861 1075 261 963 1596 9309 741 451 736 432 2381 480 269 485 1385 450 491 2844 345 3293 502 3295 10084 2529 246 1082 1039 427 1186 316 516 481 843 317 346 246 540 11655 810 316 1377 1621 871 397 475 2408 424 218 1693 178 822 443 546 2034 240 8269 498 2340 1611 755 2927 288 539 826 422 588 225 3161 1926 378 1272 284 472 986 382 3857 950 474 470 793 2807 197 219 679 237 1364 3334 521 602 1720 1644 238 886 239 690 544 498 406 221 938 616 470 313 413 450 230 412 2662 1348 422 1845 846 408 5700 488 4212 476 226 6628 1170 5609 2251 700 1073 239 485 224 401 568 805 2935 185 1240 873 1573 282 766 281 413 468 34769 585 5688 442 3040 591 1341 4708 7912 334 527 426 554 398 598 1325 1804 723 9013 590 1770 2223 461 271 496 580 390 1068 690 471 734 454 385 279 263 950 1860 386 1534 297 453 268 1570 3418 721 978 258 459 508 1659 575 2039 715 358 501 574 852 289 22249 251 985 250 776 1024 428 238 1075
internal_value=0.0413424 0.0526164 0.00645342 0.0392407 0.0246118 0.0566066 -0.00144023 0.0447346 0.0577918 0.0292904 0.0335967 0.0158735 0.0494417 0.00565453 -0.00544296 0.0310404 0.0408891 0.0016071 0.0499166 0.0112961 0.0280569 0.0106039 0.0414928 0.0358001 0.0496665 0.0275391 0.0589204 0.0540871 0.0130841 0.0244819 0.0364462 -0.00634879 0.0237704 -0.00655094 0.0209979 0.00692872 0.0348422 0.00592182 0.0244861 0.00876181 0.0516228 0.03278 0.0231254 0.0208192 0.0182919 0.0341548 0.0159493 0.028327 0.020644 0.00551011 0.0247836 0.0473514 0.0481506 0.0282647 0.037241 0.0346521 0.0268025 0.0432275 0.043905 0.0234466 0.0270303 -0.00101018 0.0335873 0.0220447 0.0449773 0.0296882 0.0045275 0.0311792 0.0400711 0.00433127 0.0433794 0.0344154 0.00783301 0.00580211 0.0163833 0.0226379 0.0215585 0.031686 0.0369552 0.028798 0.0304327 0.0245841 0.0190612 0.0221922 0.0553985 0.0228241 0.0130324 0.00669151 0.0408167 0.0251879 0.0197572 0.014578 0.0448884 0.0136183 0.0374223 0.0193383 0.020926 0.0199681 0.0212568 0.0192629 0.0503709 0.0352876 0.0541356 0.020961 0.0092596 0.011716 0.0176368 0.00564182 0.012949 0.0254577 0.0355999 0.0363694 0.0198962 0.0241454 0.00851574 0.0129398 0.0221052 0.0214147 0.0190524 0.0337106 0.025343 0.0176194 0.020944 0.0171444 0.034185 0.0204662 0.042812 0.0415322 0.0147936 0.0280028 0.0377968 -0.00739816 0.00572794 0.0391928 0.0264085 0.0391683 0.0250425 0.0268525 0.016936 0.0289091 0.0294117 0.0282192 0.0201052 0.0207212 0.032127 0.0426477 0.0374842 0.034153 0.0370323 0.0132102 0.0375558 0.0219835 -0.000101691 0.0316247 0.0330086 0.00681157 0.0252382 0.0203045 0.0141655 0.0132743 0.0422427 0.0447083 0.0405677 0.0279967 0.0360846 0.00726651 0.00261333 0.0161348 0.0112859 0.0205064 0.0142086 0.0220391 0.0340817 0.0172417 0.010704 0.0434815 0.0444993 0.0420839 0.0426752 0.0417993 0.021828 0.0176834 0.0247717 0.0330943 0.0224146 0.039508 -0.00155398 0.000443028 0.0382083 0.0390266 0.0418403 0.0324075 0.000979869 0.0257115 0.043206 0.0389593 0.0130786 0.0226177 0.027512 0.0213523 0.0274476 0.0349185 0.0346159 0.00690888 0.0119097 0.050716 0.012501 0.026262 0.0240401 0.0158674 0.0288775 0.0411072 0.0378722 0.0199357 0.0266429 0.0364801 0.0199515 0.024453 0.0250061 0.0345723 0.0186576 0.0176615 0.0492804 0.0179608 0.0234898 0.0271499 0.0314244 0.0254226 0.00871348 0.00597178 0.0174403 0.0387122 0.0305364 0.0102056 0.0299869 0.00793077 0.0112934 0.00722727 0.0111737 0.00558913 0.0246944 0.0385954 0.0290767 0.0131595 0.0231209 0.0573055 -0.00205354 0.00990166 0.00582444 1.19881e-05 0.0348026 0.0312844 0.0283022 0.00940212
internal_weight=139058 105096 33961.8 24153.8 10289.4 80942.4 23672.5 15556.6 69440.2 8597.22 5069.75 5219.63 11502.2 8537.17 15135.3 7757.15 8752.71 4699.08 11331.4 3412 2985.52 3838.09 2084.23 3278.78 6803.89 4478.37 53200.3 16239.9 840.073 2836.83 3217.68 13980.8 1789.92 13842.5 702.854 2278.21 2450.89 2184.53 1807.62 2709.15 8445.29 1641.55 2623.39 1412.36 1185.55 2545.26 1559.88 842.315 210.051 1154.47 688.96 4644.97 4353.67 409.389 1417.1 1170.09 483.491 6301.82 5882.74 1745.43 635.939 3501.82 1604.81 242.56 672.426 93.6858 1127.72 134.661 686.603 1974.48 5702.06 1195.6 2587.58 1963.33 277.303 1700.13 1613.85 284.599 91.9649 996.903 920.067 285.103 229.927 393.216 11667.5 496.018 191.617 156.214 257.922 454.912 324.851 1467.91 2886.11 138.297 910.492 1329.25 1189.84 1161.73 1100.55 968.391 667.133 132.155 4216.86 494.799 1197.26 948.846 477.727 471.119 331.85 113.659 1362.25 1323.68 108.492 121.137 664.166 448.367 191.153 946.294 804.329 226.804 151.78 985.819 702.408 549.945 152.462 82.1674 2147.48 1944.81 607.719 121.574 1215.18 11685.5 149.7 832.061 1637.57 152.291 1485.28 1324.12 275.551 133.879 1048.57 1005.64 302.243 71.7153 102.671 70.5068 778.676 610.658 519.277 237.452 1548.35 110.399 248.41 703.394 667.102 174.632 351.561 269.202 624.248 582.082 4796.14 2340.08 1056.86 183.5 125.659 1306.09 601.979 566.903 973.114 97.259 232.258 143.721 84.1253 91.3803 293.465 1451.02 1368.98 1118.54 1834.51 1757.22 368.439 297.391 185.393 121.61 86.8801 200.296 3405.51 2132.33 1608.58 1539.09 1071.46 467.63 795.874 254.954 1558.51 1146.58 437.52 317.23 236.118 180.941 139.675 102.973 377.567 252.149 196.132 4572.41 84.3025 662.144 589.496 223.135 366.361 116.767 77.7586 193.109 360.672 141.804 218.868 181.98 114.658 76.5143 491.832 170.789 905.923 433.965 268.982 242.843 210.689 173.372 164.983 257.213 763.009 1437.96 299.071 50.0382 175.907 81.1113 536.675 384.174 300.773 215.38 85.3932 181.866 114.1 173.124 94.1719 18880.4 233.667 88.5124 239.259 129.587 617.064 474.671 412.419 112.921
internal_count=780798 278761 502037 146188 102287 132573 399750 71044 94050 75144 38599 63688 38523 128519 271231 64564 48001 75645 36941 45347 26832 52874 11767 22918 23043 41646 58146 35904 10580 27783 22174 253430 17735 251487 8021 33458 16905 32486 18341 37326 23930 13863 26167 14876 12905 18680 19416 6725 2597 17801 5864 17558 15962 4250 9163 7946 3690 31096 28715 17916 5257 58970 13423 2546 3494 972 17540 1522 4256 29889 28235 9097 36120 28304 3441 17647 16929 2409 822 8526 7683 2531 2185 3258 23071 4294 1939 1693 1938 3809 2938 18594 13011 1943 6566 14520 12827 12649 11827 10646 2604 1181 9305 5771 16675 12957 6141 6816 4700 1407 10877 10427 1010 961 8957 5796 2304 10035 8763 1971 1458 10825 7306 5980 1326 852 10603 9810 7137 1206 9417 214711 2377 5800 15342 1123 14219 12499 2768 1124 9731 9492 3031 738 1054 648 5582 4644 3804 3240 10154 863 3718 6461 6049 2387 2807 2267 7816 6940 24756 11102 5402 1190 714 19023 8939 6970 12823 1202 2487 1414 724 840 3771 6653 6085 5280 8940 8755 4530 3775 2202 1329 1047 1503 57585 35237 10180 9595 6130 3465 12840 2128 7515 8738 5030 3509 2474 2048 1494 996 2859 3370 2527 12833 906 5745 5221 2231 2990 767 868 1731 3509 1236 2273 1802 1173 719 5888 1582 3479 5273 3145 2759 2284 1987 2128 3492 8479 9291 2200 622 1623 1035 6532 4873 3687 2754 933 1222 987 2311 1141 27052 3576 1236 2870 2140 5427 4403 3975 1313
is_linear=0
shrinkage=0.01


Tree=12
num_leaves=255
num_cat=0
split_feature=7 7 54 55 55 54 8 57 54 49 0 6 6 6 54 62 52 13 48 102 7 45 13 52 62 121 48 28 62 6 6 121 6 20 68 121 43 48 126 62 56 121 140 18 18 81 6 1 136 18 143 82 20 78 119 57 121 124 119 7 132 72 29 48 106 7 46 83 8 8 18 28 7 30 56 46 114 121 8 120 122 120 134 18 51 134 62 120 80 82 82 57 119 83 120 135 46 41 6 82 120 135 132 6 120 61 48 6 43 28 31 51 57 48 133 55 18 43 54 22 115 56 52 114 43 135 28 18 128 61 29 54 64 18 54 29 121 48 6 122 140 29 115 7 8 10 121 54 6 29 48 135 107 46 81 84 50 31 48 66 18 29 30 121 48 7 1 57 57 46 88 121 121 135 18 10 0 120 31 121 18 56 121 8 54 29 82 115 10 121 116 46 119 30 106 7 38 18 56 120 8 49 29 95 114 49 114 114 48 52 41 38 119 78 95 62 57 18 121 116 135 116 54 119 136 18 54 0 50 28 83 123 20 8 114 141 49 119 134 7 18 133 43 18 31 29 20 116 54 30 1 31 133 121
split_gain=499102 50184.9 46601.4 12012.1 7458.5 6599.58 6191.27 3919.83 2758.64 1985.46 1928.42 1651.51 1626.65 1535.37 1471.42 1216.09 988.983 976.585 956.249 853.628 852.1 850.531 809.128 789.829 728.795 695.482 663.806 618.671 610.658 603.842 595.465 551.866 520.433 512.603 507.88 486.232 478.848 463.604 457.201 453.554 448.402 443.829 437.976 437.936 436.271 425.451 415.664 408.711 388.63 378.004 377.886 375.958 373.598 372.969 363.079 362.976 350.595 342.329 394.243 332.543 323.908 417.797 320.487 319.918 314.156 313.727 383.147 429.207 309.439 303.759 318.392 302.866 300.496 298.513 295.354 305.933 294.894 293.182 292.344 301.579 288.691 470.741 288.143 400.844 283.393 314.704 280.21 277.37 275.929 274.959 274.248 299.523 301.107 273.864 271.283 323.393 300.861 284.164 275.37 269.352 268.541 268.405 301.457 297.979 274.684 334.423 266.006 263.764 325.21 358.502 262.793 262.033 261.55 260.21 259.306 258.53 258.378 316.336 257.387 254.576 253.251 252.326 251.643 249.622 250.154 264.557 248.874 274.618 248.035 247.134 246.965 245.659 259.807 237.175 234.481 267.789 313.085 241.606 241.116 234.194 233.188 283.591 232.518 232.152 228.949 327.391 268.901 227.767 227.672 296.471 227.45 263.094 226.958 226.258 225.855 224.656 223.916 223.111 223.045 222.344 319.336 221.712 281.102 221.046 219.981 292.384 219.744 217.736 217.294 215.924 214.972 275.389 275.781 237.932 217.818 212.894 220.073 419.735 254.305 251.74 249.956 235.53 212.66 215.291 212.089 210.736 210.301 331.982 215.502 208.531 207.645 221.41 219.669 228.799 223.231 207.386 206.999 206.363 206.141 205.881 205.706 285.852 233.285 205.636 289.779 268.118 221.849 253.62 204.776 204.204 209.68 250.371 220.356 277.753 245.937 203.926 230.19 203.826 244.935 203.253 201.968 201.864 225.088 257.539 219.4 199.544 274.592 206.042 226.763 199.144 198.471 198.301 197.062 262.245 195.8 194.754 194.658 193.789 265.547 191.78 190.956 190.193 252.406 240.44 258.884 209.468 200.725 240.895 199.115 188.463 188.176 188.103 186.007 182.775
threshold=437.13000000000005 2493.0450000000005 189.50000000000003 138.50000000000003 303.50000000000006 28.500000000000004 4190.1600000000008 164.50000000000003 921.50000000000011 1350.3570500000003 5.5000000000000009 99.905000000000015 129.81500000000003 1903.4950000000001 26.500000000000004 12.500000000000002 35.500000000000007 4.5000000000000009 34.63343600000001 3.5000000000000004 1039.1450000000002 20.500000000000004 22.500000000000004 1.5000000000000002 4.5000000000000009 6681.2600000000011 14944.897500000001 7.5000000000000009 5.5000000000000009 228.00500000000002 1143.3550000000002 11687.245000000001 500.92000000000002 533.69388500000002 4.5000000000000009 4210.3950000000013 3.5000000000000004 136.14357500000003 1.5000000000000002 10.500000000000002 49.500000000000007 5574.8050000000012 2.5000000000000004 212.52652500000002 14.167809500000002 1.5000000000000002 643.91000000000008 6.5000000000000009 50.500000000000007 39.002666500000011 1.5000000000000002 13.500000000000002 256.26123000000007 4.5000000000000009 18.500000000000004 29.500000000000004 6179.2600000000011 1.0000000180025095e-35 98.500000000000014 159.00500000000002 89.500000000000014 1.5000000000000002 111.50000000000001 84.41737000000002 6.5000000000000009 614.04000000000008 4591.7132500000016 13.500000000000002 59.815000000000005 134.82000000000002 79.300275000000013 19.500000000000004 59.050000000000004 3567.5000000000005 227.50000000000003 10412.431000000002 0.030581493500000004 103.58500000000001 321.49500000000006 26.500000000000004 248.50000000000003 43.500000000000007 50.500000000000007 24.902243000000002 6.5000000000000009 89.500000000000014 4.5000000000000009 43.500000000000007 3.5000000000000004 11.500000000000002 18.500000000000004 20.500000000000004 4.5000000000000009 7.5000000000000009 18.500000000000004 50.500000000000007 958.41105000000005 16.500000000000004 1438.075 10.500000000000002 4.5000000000000009 51.500000000000007 34.500000000000007 1438.075 25.500000000000004 6.5000000000000009 1633.4115000000004 3588.4000000000001 171.50000000000003 5.5000000000000009 2228.5000000000005 78.500000000000014 12.500000000000002 104.50860000000002 86.500000000000014 822.50000000000011 52.064104000000007 14.500000000000002 177.50000000000003 2.5000000000000004 0.059322990500000013 782.50000000000011 15.500000000000002 0.097276475000000015 8.5000000000000018 67.500000000000014 85.500000000000014 29.901211000000004 2.5000000000000004 2.5000000000000004 11.500000000000002 469.50000000000006 1.0000000180025095e-35 209.15411500000002 111.50000000000001 5.5000000000000009 2289.3550000000005 45.053113000000003 947.57500000000016 24.500000000000004 2.5000000000000004 11.500000000000002 0.049051285000000007 37.020000000000003 507.74500000000006 269.73500000000007 2155.9800000000005 342.50000000000006 1572.8950000000002 146.50000000000003 271.28993000000008 50.500000000000007 8.5000000000000018 1050.6079000000002 1.5000000000000002 4.5000000000000009 1.5000000000000002 357.50000000000006 1256.0142000000003 1.5000000000000002 246.08600000000004 2.5000000000000004 4232.5000000000009 1498.9550000000002 674.18915000000004 1508.5450000000003 6.5000000000000009 13.500000000000002 81.500000000000014 2481.3785500000008 3.5000000000000004 706.83500000000015 488.92000000000002 39.500000000000007 33.319666000000005 153.80500000000004 12.500000000000002 24.500000000000004 2451.5000000000005 1011.1950000000002 115.10246000000002 176.50000000000003 2289.3550000000005 281.3300000000001 185.50000000000003 38.500000000000007 15.500000000000002 0.084036583000000012 106.93000000000002 3024.5200000000004 0.0042941856500000007 798.8907200000001 7.5000000000000009 1436.5000000000002 1.5000000000000002 1544.9500000000003 301.50000000000006 98.229285000000019 66.500000000000014 93.500000000000014 42.970000000000006 491.29880000000009 9.5000000000000018 5.5000000000000009 0.019484639000000002 97.570145000000011 0.027472929000000004 0.055140409000000008 388.25582500000002 1.0000000180025095e-35 5.5000000000000009 101.50000000000001 25.500000000000004 13.500000000000002 5.5000000000000009 3.5000000000000004 18.500000000000004 408.16314500000004 1076.5550000000001 0.0022780279500000003 91.500000000000014 0.0080008890000000023 283.50000000000006 8.5000000000000018 51.500000000000007 135.00500000000002 149.50000000000003 11.500000000000002 4.5000000000000009 81.500000000000014 12.500000000000002 2.5000000000000004 45.188750000000006 189.00500000000002 0.017688741000000004 2.5000000000000004 281.09340000000003 1.0000000180025095e-35 46.500000000000007 22815.745000000006 41.945557000000008 40.500000000000007 6.5000000000000009 169.65857500000001 2014.5000000000002 27.500000000000004 79.903335000000013 0.0032468703500000006 177.50000000000003 3247.5000000000005 1.5000000000000002 1204.5000000000002 18.500000000000004 969.5150000000001
decision_type=2 2 2 2 2 2 2 2 2 2 2 2 2 2 2 2 2 2 2 2 2 2 2 2 2 2 2 2 2 2 2 2 2 2 2 2 2 2 2 2 2 2 2 2 2 2 2 2 2 2 2 2 2 2 2 2 2 2 2 2 2 2 2 2 2 2 2 2 2 2 2 2 2 2 2 2 2 2 2 2 2 2 2 2 2 2 2 2 2 2 2 2 2 2 2 2 2 2 2 2 2 2 2 2 2 2 2 2 2 2 2 2 2 2 2 2 2 2 2 2 2 2 2 2 2 2 2 2 2 2 2 2 2 2 2 2 2 2 2 2 2 2 2 2 2 2 2 2 2 2 2 2 2 2 2 2 2 2 2 2 2 2 2 2 2 2 2 2 2 2 2 2 2 2 2 2 2 2 2 2 2 2 2 2 2 2 2 2 2 2 2 2 2 2 2 2 2 2 2 2 2 2 2 2 2 2 2 2 2 2 2 2 2 2 2 2 2 2 2 2 2 2 2 2 2 2 2 2 2 2 2 2 2 2 2 2 2 2 2 2 2 2 2 2 2 2 2 2 2 2 2 2 2 2
left_child=2 3 5 14 10 12 8 13 17 24 23 21 36 62 41 22 25 229 50 106 45 37 47 32 29 39 80 153 107 74 52 33 40 54 159 49 -1 118 130 60 190 -2 219 209 -12 48 71 -8 89 53 148 69 126 -29 63 170 120 -32 -59 215 133 -62 84 221 220 73 67 110 -56 70 -37 232 77 144 -6 76 -76 -28 79 217 81 129 -73 -84 85 101 -50 -41 -23 184 -86 92 -92 197 -61 116 -97 98 119 -33 -40 103 -103 104 -5 -106 196 108 109 -15 225 198 -39 -72 128 -27 -96 -118 157 189 -19 -21 -83 124 -68 182 127 -14 175 253 186 -78 -133 140 135 136 -51 -136 -137 -52 185 -142 158 -85 145 146 -47 234 -13 -150 -148 -152 -24 -20 -102 -153 -91 -7 168 -31 200 162 -93 -104 165 208 -75 -95 -114 -100 171 172 -55 -172 -175 176 177 179 -179 181 -181 -26 -126 -184 -16 -9 188 -188 -25 -98 -4 -192 -193 194 -194 -101 -10 -70 -58 -149 201 -161 252 205 -205 249 -206 -208 -109 210 -42 212 214 -214 -212 216 -48 218 -34 -36 241 222 -22 -224 -223 226 -67 -228 -229 -3 -145 -120 233 -46 -111 -165 -128 -131 -239 -17 -130 -65 245 244 246 -243 -244 -248 -245 -139 -211 -238 -202 -11
right_child=1 6 4 7 9 11 15 16 19 26 44 18 30 28 20 239 -18 56 27 121 31 88 152 38 114 115 72 35 -30 34 57 99 78 -35 42 51 -38 112 100 87 43 -43 -44 -45 46 65 59 -49 86 134 139 -53 -54 55 68 -57 111 58 -60 94 61 -63 -64 64 -66 66 123 -69 93 -71 113 82 -74 166 75 -77 131 -79 -80 -81 -82 122 83 143 90 -87 -88 -89 -90 156 91 161 -94 167 95 96 97 -99 169 195 154 102 163 -105 105 -107 -108 164 -110 147 -112 -113 142 -115 -116 -117 117 -119 231 -121 -122 -123 -124 -125 125 -127 236 -129 240 237 -132 132 -134 -135 137 138 -138 203 -140 -141 141 -143 -144 230 -146 -147 150 199 149 -151 151 155 -154 -155 -156 -157 -158 -159 -160 160 -162 -163 -164 235 -166 -167 -168 -169 -170 -171 173 -173 -174 174 -176 -177 -178 178 -180 180 -182 -183 183 -185 -186 -187 187 -189 -190 -191 191 192 193 -195 -196 -197 -198 -199 -200 -201 202 -203 -204 204 206 -207 207 -209 -210 250 211 -213 213 -215 -216 -217 -218 -219 -220 -221 -222 224 223 -225 -226 -227 227 228 -230 -231 -232 -233 -234 -235 -236 -237 251 238 -240 -241 -242 242 243 248 -246 -247 247 -249 -250 -251 -252 -253 -254 -255
leaf_value=-0.0075542754095072415 0.0049742166853434938 0.030900265023858495 -0.00021303627223060083 0.028919086468773728 0.0081244737253814928 -0.0058536708180812027 0.033735165998806327 0.041554371901114544 0.046588536447471206 -0.00084348371154854872 0.049266850115093928 -0.00051927401552567202 0.032866054172311421 0.049327262363298166 0.026837121145849744 0.055952609676557519 0.051303497951857902 0.019899928738517154 0.013154600494296944 0.051294018096828133 0.0040998286909738543 0.051781012462390995 0.053095793697490179 -0.0030332645478518706 0.0071467016473041167 0.042843583574033776 0.045706623418964663 0.051936278207274186 0.044281128114792984 0.032395208210855828 0.035309915437135721 0.021232531615454738 -0.00033445260565913916 -0.0018075568244219919 0.037535855630363948 -0.0053407381118284704 -0.0014301068079653476 0.0012111988045796209 0.056790168150062978 0.049476356144658569 0.0077940391982605287 0.023331706242084162 0.015672482804121639 0.039975348628345057 0.019270715458499354 0.022956554307455242 0.0079732129956261288 0.048742252417545172 0.012727579997728515 0.0091776471465845732 0.041432218628286978 0.011056196041464284 0.030034701298536609 0.0075030452288993941 0.012484723801894842 -0.0055972203973022284 0.041165291415225756 0.00059822907499568526 0.04119411397784966 0.045130932615413073 0.010200059382564694 0.042476651033492255 0.0052858461211857033 0.04510710907850507 0.013136060431617585 -0.00015379009027686802 0.012498325641236199 0.053853532478773287 0.062880866404784477 0.047079258075983399 0.0043472117305751595 0.003358552375833618 0.049578633530059577 0.024843535024118492 0.012824394679105039 -0.003566375637447829 0.0069295979823814366 0.0092808664609518986 0.043004181131414403 -0.0018241378608958117 0.058370761630572608 -0.0021310853217239795 0.041453633547080378 0.041285369890953952 0.044533658280456051 0.010070080468506866 0.031091081674731357 0.03870649103389396 0.014637294769302634 0.029055276086874693 0.005316858859714068 0.033391586901543632 0.031833466899586133 0.012737899529577403 0.055331263073984324 0.0029623488736200644 0.00033561495406748238 0.0069022878584481953 0.021337176431674956 0.031752005390053316 0.048226535305773172 0.0073790707387328949 0.022355106810038664 0.034997054757675103 0.00013242866433093109 0.029379904528878502 0.049843777599091428 0.030300029610048559 0.018754385087716662 0.010140313338634297 -0.01009230051630346 0.054347500796909351 0.033153794527335773 0.040323414875822965 0.0094805647013932563 0.050496989639556289 0.043272877840580835 0.0096373531368225424 -0.00067573690010847487 0.035719641643291083 0.039117581185948554 0.054187932162520845 0.031805278841278005 0.00894183064230843 0.04727458549400429 0.056123222321931503 -0.0024044325103830004 0.0045184714221097226 0.038842839953966049 0.04324230440123978 0.011213707427583262 0.040060388798654194 0.015419319947139134 0.047437454083233029 0.035895146214897651 0.0026347542862870704 0.040278475999210452 0.011234470437563234 0.017255729981977379 0.0092075844211793201 0.036546104731504901 0.019431451353479567 0.005913362777843512 0.014391236414981553 0.050729085697114248 0.001926198646733411 0.048052350965147123 0.036788579597478943 0.00034590571683147013 0.042371490827212165 0.049055781721476184 0.037091176614205211 0.055819436734824965 0.044193372405995836 0.016283066367782834 0.0039231452261404625 0.0042747586004684536 0.00019396400365900759 0 -0.0048282146473646722 0.038876234570164259 0.039677805380576275 0.004584635017370403 0.036839799721738425 0.043859654102856575 0.040323458122749456 -0.0053821778778863454 0.041478150468996437 0.00051386167490012581 0.048157178692570267 0.053993662571091311 0.0043884159662821252 0.043491966091228199 0.0080640573787478104 0.038427444597926977 0.047466138825541647 0.047526217416978593 0.024169320262757421 -0.0057004161044540858 0.0546941792480388 0.027481379536692135 0.034659805430085587 0.041455114716355296 0.010073366098641876 0.048727723838941153 0.027266217383983191 0.050407988092615125 0.014058191117450256 0.028468020239409135 0.025210632054286614 -0.0036610717162634415 0.0012479686067380659 0.01353416858129344 0.0083930616682870614 0.04460352017213217 0.049427248101426534 0.036405695895891876 0.040478273891082134 0.046078640038661585 0.018766129219746887 0.032949763192379036 0.02767204855478609 0.026176843219595014 0 0.038508738820015563 -0.00058632111482879784 0.0046023432830570163 0.028958064788520074 0.0049422683446402093 -0.0041080844270657548 -0.00016336095618042001 0.0044126921007792211 0.055187846916327735 0.018126386978503637 0.024328776686436349 -0.0058452634689012076 0.030690810837581451 -0.0010846842433232732 0.030065462575682506 0.058149604083635141 0.012622462304276928 0.044550441274462255 0.0063632414983758349 0.040712863218961302 0.016143524378991733 0.024923424877597588 0.0038826931560431645 0.035041384423260491 0.0051088600561334406 0.00371150702694408 -0.009984916180000223 0.033304012184103407 0.0094099891645380504 0.052494829970055903 0.030693036293859471 0.029236848843644744 0.0044534856119688342 0.020670310303661805 0.036668785591528939 0.05763311965179204 0.011488574968474085 0.024746452554156539 0.038224228608413756 0.024655672986728213 0.0089990617101042628 -0.0053583760859931143 0.0341687682878156 0.011605498398449859 0.049073110333091419 0.04079456429189017 0.012588269857778684 0.035881075521794446 0.0058402426455311744 0.030789924344321987
leaf_weight=11190.402175907046 441.25018489360809 42.45725841075182 811.44633165001869 126.00007843598723 276.47090753167868 1205.2711134925485 237.79506323486567 1681.5448622033 1575.0719131752849 31.699999202042818 64.911394346505404 1051.15989407897 37.284829743206501 192.10449173301458 162.38986036926508 18043.537021920085 2684.2083135992289 97.792720906436443 37.087687723338604 6788.790556743741 132.59490995854139 37.666265375912189 9238.1152746155858 41.735380053520203 41.599614053964615 765.30853497982025 47.098410278558731 30.205358766019344 2318.5633838810027 233.48225722461939 72.018224645406008 65.26041853427887 30.566535476595163 52.292464651167393 201.68569696694613 32.282873053103685 1446.9879531860352 948.43352913856506 43.816781889647245 974.77015790343285 432.46332544088364 187.97393022105098 73.769821602851152 49.939254105091095 49.64216298609972 158.28558820486069 88.908687528222799 1405.6088150441647 771.7517441958189 122.46489542350173 33.815561588853598 168.21549043059349 40.015987697988749 41.014773361384869 44.784017633646727 63.618166737258434 1717.0438066795468 121.51265886053443 27.968235027045012 108.43483379483223 92.357038520276546 72.866261683404446 46.467728741466999 122.07577638328075 106.99893195927143 116.49353211373091 44.690112605690956 29.156816460192204 71.366914954036474 78.217506844550371 29.414128869771957 184.07035941258073 695.1958900988102 84.764139268547297 167.9653606787324 44.250884301960468 42.041190903633833 43.98233262822032 46.928609631955624 70.430857177823782 55.945539265871048 53.330379873514175 63.209387686103582 27.900502033531666 328.53434104844928 79.157451778650284 93.824904005974531 398.86413353681564 46.963685970753431 67.928327698260546 74.053417421877384 129.91604901850224 106.31546134501696 57.109699547290802 65.720202449709177 65.857715487480164 67.855119232088327 67.940563604235649 50.996286414563656 113.55539917200804 32.224208455532789 48.959006585180759 192.85660882666707 155.75555542111397 124.07300660759211 55.564451135694981 5625.4626669287682 113.73216214776039 127.17315908521414 71.508528713136911 36.336204763501883 322.14862194657326 96.944523476064205 70.726301252841949 43.834433808922768 1789.7083813846111 66.633220162242651 51.124307818710804 32.102478373795748 81.096717212349176 335.62330191582441 8668.2583193406463 34.18327796459198 45.226592712104321 53.928020842373371 69.539176404476166 1709.7075985893607 283.40435460582376 38.528194077312946 386.9591705724597 370.92520043253899 176.91603636741638 62.908988110721111 419.02879019826651 41.346154853701591 1041.7127501480281 43.607885833829641 280.04910442233086 125.16476967185736 68.400097023695707 479.30788014829159 134.62212970852852 500.79718374088407 311.06000466272235 83.39834014698863 34.995953492820263 163.31564829498529 1341.5842802971601 40.55451800301671 27.28307943046093 41.960610244423151 33.636387322098017 7051.668853931129 82.269830755889416 78.145484946668148 50.933400884270668 80.233218394219875 1226.6132465414703 43.270690411329269 79.915382586419582 84.90081775188446 517.79182673990726 47.668475329875946 1140.0173202566803 947.63169494271278 336.68637216091156 31.72698587551713 54.092512652277946 26.561253290623426 105.26515822857618 31.572227217257023 131.56115962564945 46.654914397746325 56.031259924173355 42.19934231415391 177.53193008154631 114.16367291659117 156.64902678132057 33.298616193234921 122.87265846133232 58.459368973970413 153.87711730599403 33.619255661964417 64.630395010113716 70.704569820314646 131.03426602482796 58.684860181063414 48.053441915661097 41.415400058031082 66.732236139476299 112.56508760899305 115.11105027422309 49.519441865384579 111.81078156456351 48.508215259760618 278.51122664660215 291.43817144632339 175.32374705001712 2710.7362525686622 75.750242725014687 29.916418455541134 38.31205527484417 302.02082979679108 71.093894764780998 67.235969807952642 228.93740718066692 89.244706124067307 83.852094952017069 46.551442973315716 165.4027366116643 59.101405277848244 100.41095186397433 40.352670583873987 46.526608120650053 125.95813222974539 35.063868816941977 94.856054231524467 32.980522628873587 168.36708484590054 80.78294550999999 57.420313727110624 51.042767260223627 43.101068332791328 45.983176246285439 66.824363309890032 200.93769866228104 61.481232888996601 88.976437747478485 37.279689438641071 72.563822727650404 35.480856228619814 33.41262212395668 36.652359586209059 54.162443079054356 157.39605385810137 588.89036853611469 111.15971969440579 139.26752288639545 625.38554609566927 19974.865343913436 80.86061830073595 76.117501571774483 233.51714142411947 54.693160478025675 60.250799290835857 31.238999389111996 104.20429402589798 94.035123638808727 144.56905973702669 22.221164979040623 110.7270783148706 21.483315650373697 136.5068796351552 38.954019457101822
leaf_count=207598 6211 307 12436 1020 3597 21463 1190 7837 4980 372 425 16717 439 827 1690 19087 7356 740 420 15101 1544 279 15029 570 509 3338 228 242 10090 1934 744 522 420 636 1353 476 24814 14984 270 3168 6041 1887 704 448 519 1650 1064 3503 8946 1589 389 2099 484 573 497 914 7919 1747 276 770 768 309 543 763 977 1494 479 157 332 628 397 2377 2449 808 1872 542 494 395 349 978 208 563 531 258 1829 783 792 1720 533 638 720 785 768 565 347 805 831 748 472 760 267 485 1694 1028 1387 404 14035 732 922 688 474 831 1151 634 444 5002 489 547 523 682 1754 13666 200 489 361 375 28851 4305 265 1972 4741 1330 632 1725 463 15628 406 3843 1506 979 2480 1019 7289 3676 559 412 1196 8015 536 245 266 262 7979 579 873 603 947 20519 654 1044 572 2956 422 7829 4187 1684 405 333 400 639 247 1856 461 734 415 937 614 1417 400 707 455 1152 248 667 476 927 412 532 356 616 1812 1690 700 1574 511 1252 1159 1232 9474 569 228 331 2676 1019 681 3274 1215 913 407 2430 809 1330 329 559 1419 464 848 441 1717 376 576 322 435 288 651 1901 718 717 421 822 505 418 418 310 1164 4546 1719 1097 3976 14997 782 646 1631 476 586 378 750 895 759 228 1333 254 1465 307
internal_value=0.0397316 0.0501732 0.00635754 0.0376912 0.0238933 -0.00142737 0.0538623 0.0415131 0.0500236 0.0323925 0.0155152 0.00557303 -0.00541473 0.0369238 0.0250371 0.0557983 0.0460293 0.0434468 0.00986813 0.0515376 0.0268031 0.00108762 0.0535859 0.0110806 0.0271591 0.0439736 0.0397816 0.0127733 0.0402106 0.0236268 0.00208342 0.0313024 0.00861183 0.028817 0.0279132 0.0118742 -0.00685418 0.000431882 0.0204397 0.041462 0.00692093 0.0105307 0.03815 0.0114803 0.0237734 0.0230409 0.0227831 0.0466205 0.0185894 0.010343 0.00233871 0.0224876 0.00050046 0.0187913 0.0296999 0.0161022 0.0440884 0.0176376 0.00870343 0.0270091 0.0391686 0.0248322 0.0318974 0.0272148 0.0299047 0.026552 0.0224567 0.0174375 0.0382892 0.0313798 0.0214698 0.0170782 0.0472637 0.0317464 0.0165434 0.0211824 0.0236442 0.0288016 0.0199996 0.016137 0.0354039 0.0343277 0.0139704 0.0183753 0.0322245 0.0302026 0.0147967 0.0464172 0.0320981 0.0270519 0.0363756 0.0332092 0.0211792 0.0414031 0.0300349 0.0275216 0.0231703 0.026146 0.0295786 0.0413259 0.0357103 0.0308449 0.032498 0.0236528 0.0176493 0.00945804 0.0486618 0.0374157 0.0348524 0.035939 0.0152673 0.0449083 0.00460424 0.0301461 0.0341144 0.0482438 0.0390827 0.0291584 -0.00226547 0.0217949 0.0349157 0.0529244 0.0114274 0.0314463 0.0351344 0.0394998 -6.85414e-05 0.00802856 0.0351868 0.0359379 0.0161116 0.0299207 0.0338191 0.0399795 0.00863538 0.00595794 0.0177858 0.0126388 0.00423847 0.0205548 0.0386495 0.0328847 0.00939184 0.0142533 0.0347791 0.0318074 0.0340998 0.0343126 0.000632124 0.0181204 0.0399518 0.0288335 0.0542822 0.0350069 0.0263908 0.0177829 0.0159383 -0.00280156 0.0195839 0.0237976 0.0207064 0.0362456 0.0258519 0.0331244 0.0408434 0.0349192 0.0165751 0.0272923 0.026334 0.0398479 0.0200952 0.0137637 0.0273096 0.0303417 0.0217143 0.0371099 0.0342641 0.0314173 0.0188761 0.0375799 0.0463711 0.028987 0.0312092 0.0215242 0.0338778 0.0405582 0.0254103 0.0346949 0.0128395 0.0129311 0.00277288 0.0083093 0.0124835 0.0185299 0.029593 0.0445204 0.0450446 0.0474531 0.044195 0.0358602 0.0179368 0.00590557 0.020914 0.0114036 0.0178686 0.00754183 0.0230767 0.0166539 0.0231486 0.0100832 0.0126277 0.0181433 0.0231075 0.0363073 0.0165353 0.0157623 0.0199576 0.0216034 0.0253879 0.0438337 0.0316983 0.0184645 0.0125731 0.0247081 0.0290667 0.0171438 0.0118436 0.019264 0.0264987 0.0141896 0.0118238 0.016979 0.0303751 0.0373653 0.0244592 0.0342927 -0.00149056 0.0370705 0.0338295 0.0568388 0.020893 0.0328472 0.0308527 0.0330989 0.0290199 0.0159572 0.0317364 0.0237386 0.0427324 0.0136943 0.00259352 0.0100752 0.0111063 0.016827
internal_weight=143224 109092 34132.4 24892.7 10493.2 23639.2 84199 19114.3 28247.4 5205.52 5287.69 8577.25 15061.9 9490.7 5778.33 55951.6 9623.62 5298.37 4379.21 22949 5149.11 4198.04 17933.2 3444.12 3053.52 6939.41 2152 3158 5728.68 2031.85 2424.55 2336.96 2729.12 1879.64 1261.29 3038.64 12637.4 4113.41 715.001 4384.4 2379.84 629.224 356.238 1130.88 1843.57 2812.14 1778.66 1643.4 1246.83 2659.79 1221.21 378.856 2203.06 442.857 1827.34 412.652 5183.34 221.499 149.481 1016.48 3010.76 165.223 3762.02 1424.67 1085.12 1565.31 882.295 570.662 402.677 210.641 132.423 762.178 786.277 683.017 770.553 494.082 449.832 91.0807 349.274 302.345 1365.73 1309.78 621.721 437.651 3715.55 2511.27 865.577 1373.63 84.63 381.256 1204.28 875.745 180.369 357.893 797.656 689.222 505.744 439.886 371.946 457.327 154.186 2432.12 1970.72 461.393 305.638 179.637 7491.97 3410.12 1965.52 1838.34 541.505 4749.93 1616.01 100.14 1021.68 2555.02 183.478 117.758 2497.4 215.684 433.416 15457 87.5137 311.634 266.407 221.717 2163.04 320.689 977.841 1222.27 560.814 281.866 239.825 2845.54 2216.93 1332.95 166.073 883.98 1166.88 102.216 2426.51 613.93 667.574 374.441 566.526 483.128 448.132 1646.24 1119 67.8376 289.846 126.53 16289.8 119.358 110.37 84.5698 148.162 2431.88 166.776 905.055 671.572 695.376 177.585 1921.76 1444.6 496.97 116.491 111.202 123.506 156.261 349.034 219.231 87.6697 129.803 98.2306 858.452 680.92 566.756 189.948 376.809 181.332 195.477 152.178 98.2497 233.094 1812.58 189.889 106.738 83.1508 134.587 1248.96 437.515 324.949 209.838 98.0277 392.067 1866.51 246.691 4427.78 1417.33 586.672 118.227 468.444 842.634 311.427 531.208 240.333 173.097 160.284 1080.94 804.813 372.35 271.939 86.8793 185.06 218.829 183.765 231.914 198.934 282.469 978.122 339.546 221.679 89.0842 117.867 505.169 304.231 187.737 126.256 115.021 346.541 65.5151 140.457 103.805 228.905 1728.91 1842.35 1151.61 764.653 38018.4 119.389 920.702 798.626 691.27 492.007 107.357 431.757 198.239 199.262 302.27 276.13 132.643 166.423 70.654
internal_count=780798 278761 502037 146188 102287 399750 132573 92133 70788 38599 63688 128519 271231 56484 54055 61785 35649 21847 60306 48941 45957 68213 27701 45347 26832 28293 11767 41440 29285 19150 38819 17806 37326 15272 10683 40441 232412 67401 8021 19953 33421 8098 2433 14698 18341 28151 17916 4693 13489 36207 18866 4234 36052 5442 14636 5200 20718 2767 2023 9322 15065 1077 27199 11677 8437 14662 8501 5882 2959 2135 1507 8594 3072 6161 8467 4870 4328 623 3905 3556 8695 8487 7347 4970 26656 19176 9738 4888 812 3751 7480 5651 1488 2462 6946 6176 4793 3988 3240 2534 1410 18393 14554 3839 2811 1791 20174 19195 12185 11263 5725 18224 24478 1031 7682 8340 1383 1036 42923 2129 2494 28767 763 2619 2130 1651 35568 4744 7238 7724 6611 2456 1962 13988 30765 19129 1995 11636 17134 1368 12263 3499 9494 4439 4948 4389 3977 10436 17498 781 2327 1131 23008 999 1140 865 1585 41982 2205 8250 6316 4163 1207 14069 7010 2823 1213 898 1551 1111 4286 2890 1034 1396 1149 6191 5254 4640 1817 2823 1162 1661 1276 915 2166 8764 1870 944 926 1447 18723 6287 4475 2785 1211 2012 6139 1564 17393 8584 5744 1375 4369 11173 3828 7345 2809 2128 1139 14250 10487 4446 3116 888 2228 2376 1912 2578 2137 1729 7460 3240 2267 723 973 5251 3350 1856 1138 1129 4181 941 1247 829 1852 12375 30824 7045 5073 34084 1047 6884 6121 5097 3862 1024 3276 1645 1235 4071 3763 1973 1693 679
is_linear=0
shrinkage=0.01


Tree=13
num_leaves=255
num_cat=0
split_feature=13 9 55 55 54 56 9 121 0 49 121 19 55 123 9 54 0 62 56 121 19 9 53 57 121 0 62 62 70 33 55 15 48 29 119 62 13 24 9 20 24 30 62 121 53 55 120 0 57 121 25 98 47 19 133 57 47 28 126 19 126 62 98 56 59 50 0 121 54 136 51 28 36 0 86 19 0 42 45 137 28 119 121 114 19 64 118 55 25 78 34 54 56 19 50 122 48 121 56 121 49 49 118 67 57 133 133 43 30 55 90 54 24 0 57 63 120 9 29 56 45 30 54 19 34 99 120 24 19 122 132 54 62 109 34 31 61 49 10 57 54 31 78 66 122 34 19 13 137 56 62 120 56 83 61 19 68 42 119 90 114 28 29 86 36 19 122 131 121 75 53 67 48 131 82 64 29 0 81 122 30 0 20 121 55 34 135 28 120 68 50 9 19 95 102 13 47 19 48 54 137 114 24 34 50 137 57 88 48 121 48 47 49 30 54 143 33 0 120 121 137 122 122 43 28 114 32 24 29 119 82 56 98 121 96 54 54 14 30 24 54 47 24 29 102 34 32 114 10 132 31 57 36 121
split_gain=449995 47487.7 44607.3 11845.3 8731.91 4616.94 4307.94 3323.43 2775.32 2762.9 2556.2 1837.33 1738.03 1373.28 1350.99 1109.37 1042.58 915.496 902.508 867.856 867.516 807.427 707.946 695.55 651.35 594.781 577.001 574.649 562.848 552.581 550.41 530.357 526.419 485.748 513.48 446.046 425.135 449.709 423.006 486.816 421.593 414.851 410.845 405.969 397.424 394.236 387.884 386.525 364.243 360.366 352.184 354.413 351.456 402.664 365.932 347.401 345.771 342.969 398.31 341.894 336.232 335.136 332.993 328.64 328.223 407.348 326.779 323.249 322.984 452.085 318.288 378.505 316.219 344.952 325.896 312.952 312.009 311.608 299.348 409.509 298.06 293.931 293.903 291.59 288.611 376.865 286.795 284.625 296.265 325.056 280.827 532.487 280.515 419.208 396.362 279.204 275.597 272.897 272.041 271.97 271.721 367.795 311.317 271.45 270.891 270.293 366.802 268.422 531.714 304.09 280.57 268.414 274.287 268.256 265.318 261.926 261.561 260.651 431.476 260.619 257.357 256.36 277.612 310.218 275.694 256.238 291.976 256.081 255.647 255.116 352.124 328.113 254.656 285.591 252.229 252.159 248.584 247.304 245.872 245.16 244.421 290.862 289.814 272.144 244.067 237.726 243.845 236.515 303.609 271.582 236.288 234.609 369.112 234.173 242.149 234.009 233.905 233.7 233.073 231.448 351.124 541.532 230.977 237.602 550.261 342.993 229.279 229.2 227.246 226.744 225.623 281.045 224.852 224.545 224.374 222.136 221.759 219.796 218.637 217.732 217.575 217.009 216.652 216.344 229.882 253.885 216.287 220.932 216.208 216.12 217.013 214.261 213.695 259.82 213.323 213.126 262.362 261.675 212.575 212.482 212.043 210.708 214.763 210.156 209.728 275.404 207.126 206.274 256.781 205.576 214.182 203.63 279.024 202.646 209.966 228.623 239.083 252.684 202.58 479.192 239.479 243.998 236.939 218.391 202.207 201.626 322.032 200.484 199.272 232.018 199.026 198.509 198.436 198.214 198.148 197.598 216.57 195.936 198.411 194.875 193.861 193.563 193.841 193.562 231.349 192.892 246.448 573.742 192.497 192.231 192.187 189.353 188.862 188.822
threshold=4.5000000000000009 1003.3450000000001 120.50000000000001 162.50000000000003 28.500000000000004 262.50000000000006 3303.3550000000005 7242.4750000000013 3.5000000000000004 1780.7016500000002 4831.3050000000012 107.43606250000002 659.50000000000011 3.5000000000000004 169.58500000000001 35.500000000000007 4.5000000000000009 12.500000000000002 9.5000000000000018 5177.7850000000008 95.348060000000018 203.84000000000003 11.500000000000002 197.50000000000003 15673.650000000001 9.5000000000000018 4.5000000000000009 1.5000000000000002 1.5000000000000002 94.500000000000014 916.50000000000011 11.500000000000002 233.46332500000003 2.5000000000000004 13.500000000000002 5.5000000000000009 12.500000000000002 1673.5000000000002 363.61000000000007 283.4693200000001 594.50000000000011 1492.5000000000002 16.500000000000004 13423.850000000002 4.5000000000000009 486.50000000000006 41.500000000000007 9.5000000000000018 64.500000000000014 2837.4300000000007 2.5000000000000004 3.5000000000000004 1824.0908000000002 119.00107000000001 37.500000000000007 182.50000000000003 706.51713500000017 103.50000000000001 2.5000000000000004 79.99029250000001 1.5000000000000002 3.5000000000000004 8.5000000000000018 70.500000000000014 48.500000000000007 4.5000000000000009 4.5000000000000009 15673.650000000001 691.50000000000011 85.500000000000014 32.500000000000007 36.500000000000007 18.500000000000004 18.500000000000004 22.500000000000004 115.38973000000001 12.500000000000002 377.50000000000006 11.500000000000002 68.500000000000014 7.5000000000000009 30.500000000000004 1836.7900000000002 0.074781917000000017 124.20252000000001 1.0000000180025095e-35 0.011368608000000001 16.500000000000004 4.5000000000000009 2.5000000000000004 61.500000000000007 3113.5000000000005 14.500000000000002 155.15718500000003 744.50000000000011 68.500000000000014 602.36015000000009 2599.5100000000007 14.500000000000002 4210.3950000000013 506.11688500000008 2294.1268000000005 0.0031649147500000005 3.5000000000000004 23.500000000000004 83.500000000000014 63.500000000000007 21.500000000000004 4428.5000000000009 373.50000000000006 4.5000000000000009 111.50000000000001 303.50000000000006 7.5000000000000009 89.500000000000014 1.0000000180025095e-35 43.500000000000007 208.20500000000001 50.500000000000007 27.500000000000004 8.5000000000000018 7540.5000000000009 678.50000000000011 92.620155000000011 75.500000000000014 1.5000000000000002 30.500000000000004 703.50000000000011 85.186805000000007 121.50000000000001 82.500000000000014 651.50000000000011 4.5000000000000009 1.0000000180025095e-35 168.50000000000003 1932.5000000000002 1.0000000180025095e-35 325.57108500000004 245.58500000000004 137.50000000000003 67.500000000000014 333.50000000000006 13.500000000000002 5.5000000000000009 29.500000000000004 29.500000000000004 71.401110000000017 15.500000000000002 16.500000000000004 112.50000000000001 15.500000000000002 28.500000000000004 3.5000000000000004 11.500000000000002 2.5000000000000004 97.237170000000006 12.500000000000002 103.50000000000001 39.500000000000007 1.5000000000000002 0.010084881500000002 275.50000000000006 74.500000000000014 4.5000000000000009 1.5000000000000002 113.00100000000002 54.500000000000007 69.000000000000014 7242.4750000000013 12.500000000000002 16.500000000000004 15.500000000000002 867.57699500000012 56.500000000000007 15.500000000000002 3.5000000000000004 13.500000000000002 29.500000000000004 1.5000000000000002 66.500000000000014 3382.5000000000005 24.500000000000004 19.902272500000002 1910.9350000000002 250.50000000000003 80.500000000000014 55.500000000000007 64.500000000000014 47.500000000000007 3.5000000000000004 21.500000000000004 135.73000000000002 58.820730000000005 7.5000000000000009 1.5000000000000002 23.500000000000004 15355.207500000002 73.038415000000015 263.73899500000005 114.50000000000001 51.500000000000007 0.037333797500000009 1914.5000000000002 71.500000000000014 584.50000000000011 94.500000000000014 9.5000000000000018 4.5000000000000009 1404.6002000000001 10241.440000000001 150.18329000000003 575.77460000000008 1227.6872000000001 5721.5000000000009 765.50000000000011 1.0000000180025095e-35 70.500000000000014 7.5000000000000009 19.500000000000004 1076.5550000000001 52.500000000000007 47.500000000000007 28.500000000000004 48.500000000000007 4.5000000000000009 0.073425400000000016 770.50000000000011 1162.5000000000002 7.5000000000000009 12.500000000000002 23.500000000000004 21.500000000000004 14.500000000000002 3291.5600000000004 1.5000000000000002 357.50000000000006 541.50000000000011 5.5000000000000009 2402.5000000000005 1034.5000000000002 350.50000000000006 171.80318500000001 61.500000000000007 14.500000000000002 1.5000000000000002 14.500000000000002 411.50000000000006 0.019484639000000002 219.78500000000003 70.500000000000014 1148.5000000000002 191.50000000000003 24.500000000000004 876.08000000000015
decision_type=2 2 2 2 2 2 2 2 2 2 2 2 2 2 2 2 2 2 2 2 2 2 2 2 2 2 2 2 2 2 2 2 2 2 2 2 2 2 2 2 2 2 2 2 2 2 2 2 2 2 2 2 2 2 2 2 2 2 2 2 2 2 2 2 2 2 2 2 2 2 2 2 2 2 2 2 2 2 2 2 2 2 2 2 2 2 2 2 2 2 2 2 2 2 2 2 2 2 2 2 2 2 2 2 2 2 2 2 2 2 2 2 2 2 2 2 2 2 2 2 2 2 2 2 2 2 2 2 2 2 2 2 2 2 2 2 2 2 2 2 2 2 2 2 2 2 2 2 2 2 2 2 2 2 2 2 2 2 2 2 2 2 2 2 2 2 2 2 2 2 2 2 2 2 2 2 2 2 2 2 2 2 2 2 2 2 2 2 2 2 2 2 2 2 2 2 2 2 2 2 2 2 2 2 2 2 2 2 2 2 2 2 2 2 2 2 2 2 2 2 2 2 2 2 2 2 2 2 2 2 2 2 2 2 2 2 2 2 2 2 2 2 2 2 2 2 2 2 2 2 2 2 2 2
left_child=2 3 4 10 13 11 12 9 18 21 15 16 19 29 30 182 32 31 38 82 72 25 45 35 49 96 55 40 48 66 46 76 135 44 92 67 37 86 62 -40 -23 -28 43 204 137 228 56 150 59 117 57 113 53 54 234 68 -7 179 95 87 70 209 97 140 80 -66 224 121 69 116 71 174 73 218 78 144 -8 175 79 -74 -34 -68 -3 -50 85 183 -36 98 89 -89 250 128 111 94 125 -59 145 -6 136 158 102 139 107 -104 159 106 -29 108 -18 -109 -111 -35 -113 -52 -24 138 119 -15 -119 -13 147 122 123 124 -9 126 166 -98 -92 130 -42 203 133 194 169 189 199 -17 -84 -102 -30 -142 -143 -144 -47 146 -5 148 -56 200 206 152 -39 -82 225 237 -108 243 241 160 161 -61 163 165 -165 -51 -94 -114 239 -16 171 -135 177 -128 -27 -32 -87 213 -115 -22 -125 -133 -2 -62 -185 -186 187 -184 -166 190 -4 -161 -149 -194 201 196 197 -54 -95 -20 -150 202 -58 -131 205 230 -43 -31 -209 210 240 -127 -213 214 215 216 -55 -218 219 -10 -221 222 -222 -220 -1 226 -155 -124 251 -230 -14 -153 253 -140 -12 -156 -237 238 -129 -121 -21 -91 -243 -70 -245 -160 247 -247 -123 -211 -73 -11 -248 -134
right_child=1 6 5 7 8 14 17 23 20 22 52 26 42 24 134 33 100 -19 28 61 50 27 114 -25 -26 60 41 105 63 207 77 -33 64 34 36 -37 -38 151 39 -41 129 47 -44 -45 -46 75 -48 -49 83 162 51 -53 195 172 120 -57 132 58 -60 104 84 -63 -64 -65 65 -67 81 -69 157 -71 -72 90 74 -75 -76 -77 -78 -79 -80 -81 153 -83 115 -85 -86 176 -88 88 -90 99 91 -93 93 198 -96 -97 127 -99 -100 -101 101 -103 103 -105 -106 -107 156 109 -110 110 -112 112 167 178 -116 -117 -118 118 -120 168 -122 248 227 180 -126 211 173 155 -130 131 -132 181 232 170 -136 -137 -138 -139 233 -141 141 142 143 -145 -146 -147 -148 192 149 -151 -152 231 -154 154 235 -157 -158 -159 245 191 -162 -163 -164 164 188 -167 -168 -169 -170 -171 -172 -173 -174 -175 -176 -177 -178 -179 -180 -181 -182 -183 186 184 185 -187 -188 -189 -190 -191 -192 -193 193 -195 -196 -197 -198 -199 -200 -201 -202 -203 -204 -205 -206 -207 -208 208 -210 249 -212 212 -214 -215 -216 -217 217 -219 223 220 221 -223 -224 -225 -226 -227 -228 -229 229 -231 -232 -233 -234 -235 -236 236 -238 -239 -240 -241 -242 242 -244 244 -246 246 252 -249 -250 -251 -252 -253 -254 -255
leaf_value=0.02122820427845655 -0.0013884141350930799 0.053239901199264777 0.0010626812953654821 0.0077521453851031206 -0.0023919935932111315 0.011502097729600392 0.035039364398752743 0.0097331243683461063 0.0050405965216675595 0.040461728916762578 0.020411589950050501 0.009496877183268259 0.050105822181392312 -0.001683918149152917 0.053359151151701339 0.032832082538116834 0.024844040224914089 0.054279525882745795 0.0081297518613630375 0.0062206375096001089 0.023617637572194691 0.046040649126230064 0.034294731597950004 0.047975973195244451 0.041434817929529813 0.035018597279266532 0.053107639695813003 0.036996635795814435 0.0029865551104916888 -0.0019945115575657831 0.034218285293311328 0.052049239799245799 0.031289169904073162 0.0035801911448640469 0.019073665255878301 0.0457207522162709 0.038364954175637726 0.012599408363502523 0.044098451695805618 -0.0011355971959006834 0.033311532243159886 0.033771983341741071 0.051803684273130354 0.05058397332757885 0.047199656121685689 0.049518322773930076 0.005428203517500574 0.051232922723264518 0.011964635756418077 -0.010165782248886163 0.017785466137128447 0.0097861535189141362 0.018716291901288516 0.016751397077203922 0.042453932675502647 0.043306830472846058 0.020199963477007005 0.022688624104217504 0.050952244819183853 0.0039895036068359055 0.0064846941792023058 0.047403485769976272 0.023390954095525055 -0.0055584515063069953 0.046662852265903665 0.0080380782194810225 -0.0096040773382861828 0.044537522606589219 0.01892233293244484 -0.00099336267205699515 0.043736311673924597 0.044209687713951694 0.0049809046659616196 0.038795528613232655 -0.0097097557225270126 0.047943838700842595 0.047816545626780997 0.017169927557942579 0.049847786148769356 0.039470505313118735 0.0099549556717277599 0.032082910249483787 0.0065605221814909387 0.039790276226196179 0.053742170556486155 0.052677483523587303 -0.006893869780501426 0.038517161621678002 -0.0022705881871541286 -0.0064217021790844934 0.011209039423808962 0.053212873175796344 0.020171021918819129 0.051278115154134579 0.050718563053594019 -0.0039416878571508478 0.040564795016073484 0.0078744318415687586 0.039888673751529526 0.02764022868195987 0.043629260587025674 0.010401607390095836 -0.0063339315915590857 0.021217987777727942 0 0.023303568829326351 0.043250652441967227 0.0080121509799473082 0.065192584935032535 0.016180451752222543 0.050751702209489595 0.046677255134337681 0.01694971155444697 0.025461517369105749 0.047385058822686406 0.03729044318432137 0.003669308668113404 0 0.047119935387746149 0.0099117835113653168 0.007720570550340357 0.0087990696419029853 0.029424688805761365 0.041486096488159062 0.034058818253351907 0.0083482903026790619 0.0023481554736080397 0.020608331615043274 0.029936807358233987 -0.0015540680297141144 0.0060353525650764283 0.016847393018663497 0.027904041937988126 0.030030717478418411 0.049509244207489311 0.025578643157879787 -0.0099916882255866885 0.014416775257667869 0.012843916153751479 0.015952003088070172 0.059550546665718532 -0.00050257455598464351 0.011936578731800526 0.051365601650127733 0.036876594291656614 0.0071399224301770771 0.041655894884253336 0.01629389308326298 0.00061890670125616567 0.045971323985303042 0.046726883744503067 0.030392991585500882 0.043801436920321762 0.032909970718054363 0.03885527857225457 0.032434007005939562 0.063959454332518401 0.015946781731779575 -0.0024907632955755406 0.014166370122875341 0.0034498776289513052 0.058726929119452181 0.0021175348400302701 0.065311297844721283 -0.00041852429223957253 0.022141216033171068 0.054297446866559948 -0.0099430242254823758 0.043947408544917084 0.037385278036490263 0.045768926447835277 0.0027273114200997844 0.014744325632138377 0.035166126927386063 0.015305153043823497 0.047232120112320822 0.028415853668584522 0.044323518870794325 0.05441773810587279 0.043788040316996082 0.026106678720936687 0.034344640204973131 0.0090598190733987213 0.04680246969356755 0.00040872174326104393 0.03234516430887923 -0.00027906379026010732 0.032954754418467763 0.034871214066943365 0.032060817600754937 0.02540428738692635 0.03923808530473108 0.03826122484968994 0.012643738540463833 0.0022477711689338747 0.045415861649223024 0.017524624644009053 0.03976147076460803 0.021841441614707462 0.042464228807072096 0.018778008499874658 0.012332663066865202 0.046914434905188006 0.023769035489900628 0.050608464532286304 0.036136599350454816 0.013518288260654035 0.00066670527177246214 0.04268119850817563 0.045271663570492192 0.039788311353655625 0.021315139273671943 0 0.011415277219718807 0.048549663741352111 0.048268020153828355 0.01404842492666673 0.034488291020792407 0.0046256757737632602 0.0064680504969702925 0.033873514949208566 0.04342535338186438 0.0020683902166962901 0.035515419053821023 -0.007466973465638814 -0.0069982265494857119 -0.0012174534689704602 0.043236608805768226 0.012538889863524317 0.034644896006997342 0.044584784568730815 0.0023449973227261164 0.020036805608546177 0.034742000951996373 0.046094777648950987 -0.0020069465597486579 0.027154734847656146 0.030932924724516964 0.0002420664524090238 0.026710477617378926 0.035410807758238676 0.029912338695654662 0.002533780795741476 0.047426280833527922 0.021699349096493896 0.062938476639220781 -0.0081761954111507027 0.013355864433031129 0.034030302155760535 0.03154283139038682 0.026719420658976714 0.019513352914618559 0.016881730711194257 0.047409623600424777
leaf_weight=22.565065171569586 216.61061074584723 70.054432958364487 681.39075882360339 40.165716584771872 2926.547206569463 136.48611403629184 253.59784852713346 101.84695803374052 331.79977793246508 219.61291474103928 47.613625772297382 112.40094121918082 1169.7545081526041 1554.5049088858068 115.19706632196903 199.46005690842867 283.95432784035802 37760.798428304493 64.427859179675579 43.204917043447495 101.26993319019675 152.06214987486601 198.33290965855122 4532.638641782105 39.565390735864639 71.972513675689697 128.13180484622717 2846.3477333858609 32.530257228761911 1792.4730097092688 515.59576603025198 14432.95149243623 89.741907447576523 235.25651301816106 452.51963767781854 2448.7474760636687 236.15433745086193 51.15959146246314 43.213887553662062 49.129824139177799 734.53913731873035 81.041450176388025 9123.8011322394013 6585.2179043069482 128.13954009860754 198.68226210027933 92.719184532761574 77.377094432711601 243.68827848508954 59.251313731074333 327.89029087498784 379.77773930877447 76.347053248435259 120.43921033665538 56.054023366421461 91.973107799887657 87.675015952438116 85.83325632661581 28.178334821015596 40.808744005858898 51.658004999160767 4311.0676778033376 52.706249687820673 33.164647072553635 67.970067426562309 47.538741856813431 27.540377642959356 974.21337234228849 60.144736416637897 94.371183410286903 133.29504436999559 213.31306347250938 86.955814614892006 35.514219556003809 27.30209094285965 520.62660445272923 1742.5847865790129 85.425596959888935 41.474057413637638 56.633839718997478 1004.5213095098734 37.985578794032335 68.494541294872761 44.051114082336426 109.89738695323467 128.8581176623702 45.322008199989796 26.473295792937279 885.89368012547493 260.64719428494573 171.99587823450565 55.69104465842247 38.216083351522684 62.665251165628433 35.732770055532455 69.432223040610552 96.965227320790291 281.73901953548193 34.918961945921183 46.633525628596544 176.49352952465415 63.617917001247406 73.465663876384497 65.753528628498316 144.34058098867536 137.05741278082132 403.44410506635904 178.72565876320004 36.735673859715462 66.82942933216691 38.2471520639956 27.701660010963678 364.84045933932066 95.958291742950678 2487.5497136339545 316.09521969407797 72.649309560656548 57.234482198953629 27.58802904561162 87.546903908252716 97.073177065700293 60.015788346529007 145.86267803609371 349.42169711738825 90.22385386377573 312.00894356518984 57.224669750779867 96.137259069830179 133.46733212471008 82.372912615537643 52.607637479901314 130.57268717885017 93.482307553291321 344.54919398576021 385.80983534455299 53.567476630210876 44.641640439629555 126.23533228412271 62.718993328511715 44.34537997096777 33.291465513408184 31.207860570400953 32.483472529798746 42.904178466647863 1431.5992345660925 203.80509620904922 48.107722893357277 88.854457814246416 79.408449862152338 30.709114983677864 43.632820919156075 58.180267173796892 187.40921982377768 58.399321816861629 82.186770297586918 140.01220092177391 78.159085042774677 84.180503092706203 96.195108700543642 79.093675907701254 205.65284721180797 31.538515254855156 227.66219752281904 26.59959065169096 45.890739053487778 68.719727728515863 52.665793474763632 32.913300450891256 68.373244501650333 921.35932447761297 85.038948006927967 43.691011436283588 63.869688540697098 31.769696194678545 331.90362135320902 214.84955459833145 68.665283903479576 228.43048650771379 40.715096682310104 150.53591420874 151.06348133087158 184.45512596517801 99.911310747265816 56.999453023076057 39.298205621540546 69.330234162509441 89.643288437277079 65.420150302350521 25.357916478067636 23.529451169073582 36.811006307601929 66.14567032456398 285.79016087204218 50.297171398997307 68.979539629071951 281.34692165255547 90.053068719804287 453.08531114459038 50.076857641339302 24.397787112742662 367.54327004775405 124.49950226396322 51.587305333465338 51.46869994699955 1285.0493220761418 344.43650199472904 149.31824474409223 39.974223099648952 21.387823421508074 1952.8762021884322 668.39944559335709 482.22520474717021 70.555979315191507 46.348297953605652 96.272788807749748 86.624727092683315 72.43879746645689 678.82363691180944 1023.7066308781505 61.408463373780251 46.703698329627514 75.171630561351776 47.032148666679859 21.589478176087141 11036.321066007018 46.989902727305889 49.733010925352573 916.92984066158533 115.97330326586962 85.945814877748489 2769.3584074154496 45.487590085715055 67.925997257232666 156.09703880548477 127.85984998941422 36.624393567442894 75.516223158687353 64.519818425178528 95.382214847952127 453.75603168457747 51.206004306674004 24.905842859297991 757.23385527357459 146.18262648582458 54.942997299134731 25.452995747327805 71.608404204249382 178.39057745039463 66.232162266969681 134.53135500103235 112.84179592505097 63.619724236428738 48.715149618685246 161.90500316023827
leaf_count=300 3279 262 10203 485 49742 1519 1052 860 4691 1212 450 1320 2840 26128 378 1680 2903 31913 993 401 983 735 1114 11443 326 481 642 15125 445 30831 3222 18878 772 3126 4870 7957 1740 578 361 662 4671 606 13638 11471 736 706 979 325 3321 1004 3781 4377 695 1028 392 559 849 882 196 595 532 11436 660 448 489 535 475 3354 497 1130 706 1238 1158 271 406 1614 3599 641 317 534 12924 447 634 418 402 563 636 285 14501 4381 1628 199 406 345 199 906 614 4211 416 552 1243 664 999 672 2068 953 1910 2125 192 681 231 186 3936 898 7762 1595 803 859 267 959 910 465 773 1631 483 3638 693 867 858 864 479 1001 723 2727 1187 600 767 1246 506 430 224 449 397 329 6603 2268 324 809 958 169 234 543 1418 610 739 903 155 741 1542 1026 2922 266 3406 199 664 785 330 461 383 4670 426 450 491 257 2881 949 495 909 233 1033 918 995 1320 346 397 453 1311 703 275 252 442 609 1684 402 766 1167 746 2564 429 278 3649 1275 336 384 2648 1295 1378 652 238 6111 2938 4662 846 383 369 440 690 4406 14229 821 478 694 648 200 205641 678 692 3599 1008 532 7644 534 572 870 716 491 737 477 1075 4103 268 289 11213 868 454 231 1155 2498 305 598 893 438 601 869
internal_value=0.0382487 0.0478325 0.00636444 0.0370212 -0.000388523 0.0257699 0.0517155 0.0406233 0.00678907 0.0372209 0.0260081 0.0197161 0.0485887 -0.00520581 0.0344845 0.0203532 0.0153452 0.0533932 0.00328546 0.0444936 0.0146075 0.0332322 0.0427412 0.0450096 0.00222625 0.0285683 0.0278712 0.0356528 0.00672402 -0.00642785 0.0294514 0.0513491 0.0116511 0.0223563 0.0208251 0.0424559 0.026364 0.0228954 -0.000457585 0.0204126 0.0300522 0.0373831 0.0500918 0.0487976 0.0320854 0.0389278 0.0254411 0.0313525 0.00575286 0.00144137 0.0209499 0.0170759 0.0321748 0.0302335 0.0259197 0.0243742 0.0268883 0.0283297 0.0175196 0.0047603 0.0318467 0.0455309 -0.00106379 0.0227416 0.0150293 0.0312589 -0.00727029 0.039623 0.0228879 0.0195808 0.0288234 0.0269158 0.0102099 0.00869512 0.0216917 0.0408194 0.046235 0.0360382 0.026432 0.0190081 0.0136824 0.0146484 0.0333468 0.0165043 0.0387469 0.0345113 0.0166715 0.00320972 0.00232398 0.00497949 0.0314853 0.0250464 0.0175792 0.020498 0.0185002 0.0108177 0.021189 -0.00148298 0.015715 0.00433463 0.0237561 0.0322191 0.0204281 0.00672429 0.0117837 0.0378749 0.0384576 0.0235351 0.0298724 0.0161801 0.0295705 0.0122474 0.0169774 0.0229462 0.0464484 0.0308524 0.0220328 -0.000738372 0.0161147 0.0238513 0.0235842 0.0370285 0.0380454 0.0327647 0.0214447 0.0172938 0.0282392 0.0257854 0.0195659 0.028006 0.0315212 0.021707 0.0287153 0.0255198 0.0421196 0.0049944 0.00882113 0.0258566 0.023526 0.0383095 0.0282438 0.0339219 0.0248763 0.035253 0.0384822 0.013274 0.0268535 0.0251607 0.0205109 0.0177487 0.0253714 0.0317706 0.0373123 0.0124636 0.0195488 0.0219562 0.0468828 0.031209 0.00354829 0.0158017 0.0102742 0.0289237 0.0093117 0.0164384 0.028061 0.0071797 0.0407982 0.0146608 0.0264417 0.0392695 0.0305829 0.0270135 0.0339959 0.014689 0.0189981 0.0381783 0.0446629 0.0348898 0.0348201 0.0359654 0.0369864 0.027276 0.00592505 0.0249142 0.0304567 0.0210983 0.0121395 0.0188555 0.012614 0.00342958 0.00239126 0.0260305 0.0308539 0.0345545 0.0181486 0.03774 0.0341028 0.0368273 0.0388989 0.0183979 0.0155911 0.0222211 0.0306908 0.00831688 0.0466659 0.0454577 0.020916 -0.00136483 0.0163537 0.0426638 0.037734 0.0149458 0.018608 0.0328465 0.0337555 0.0321609 0.030442 0.0325732 0.00797648 0.0128255 0.0238577 0.0299717 0.0183963 0.00533982 -0.00740369 0.00994076 0.017386 0.0414092 0.0303877 0.0222447 0.0462514 0.018458 0.0364452 0.0286838 0.0394907 0.0269882 0.0176748 0.0159808 0.0106243 0.0240585 0.0225625 0.000997243 0.00349242 0.03593 0.0407303 0.00981826 0.0134944 0.020147 0.0224381 0.0444227 0.0383887 0.0359612 0.00199735 0.0405809
internal_weight=147265 113230 34035.8 29927.3 25250.3 8785.49 83302.3 22546.5 10139.7 12709.3 7380.79 5188.71 29112.4 15110.6 3596.78 3855.51 3382.69 54189.9 7004.77 7834.75 3134.88 7387.37 5321.94 9837.2 2132.37 2534.28 1806.02 4853.09 3651.44 12978.2 2174.41 16429.1 2354.52 3383.92 2930.09 5304.56 1076.23 840.078 3353.34 92.3437 1388.08 479.501 21277.6 12153.8 453.835 2636.06 1358.54 351.37 3445.86 2092.81 1279.59 844.341 3525.28 2624.45 1231.2 1326.52 1265.82 435.25 183.444 3158.12 1749.19 7161.29 3260.99 205.582 1559.22 115.509 11124.4 2855.81 1234.55 889.098 1224.48 1091.19 1855.29 1642.93 212.366 2150.91 1996.18 815.871 185.064 143.59 1443.71 65.526 673.46 287.739 524.707 414.809 497.842 2590.54 2422.15 1536.26 687.309 361.154 1853.85 1193.14 1080.4 155.265 785.095 3208.29 168.386 1509.78 1028.17 284.457 743.711 139.219 567.58 3465.01 3327.95 604.492 320.69 283.802 105.077 660.712 425.455 464.564 2685.88 603.406 794.726 1639.33 84.8225 722.077 1055.73 1881.6 1755.35 692.556 192.071 1044.67 179.876 493.017 305.463 1236.02 787.147 448.869 1129.33 806.021 1422.37 795.299 133.467 325.695 287.311 220.839 172.417 139.887 106.596 75.3877 1630.28 292.079 88.2734 958.657 533.715 477.661 273.993 342.237 238.569 1353.97 349.45 396.051 481.603 345.451 1463.15 423.239 278 72.3473 453.481 225.819 97.8482 127.971 90.8819 397.754 609.676 1036.56 473.279 388.24 1393.25 88.9944 403.876 730.445 197.523 1329.38 136.673 251.806 500.485 315.028 471.585 217.286 165.628 108.628 254.975 165.331 71.2487 741.731 718.202 145.239 424.942 336.087 332.741 900.832 619.485 529.432 112.742 88.8256 446.952 263.762 139.262 133.842 5568.6 4283.55 230.36 1853.84 61.362 2850.22 762.81 864.79 552.781 1100.95 1054.6 958.326 871.702 751.262 1607.41 562.116 230.316 168.907 93.7358 1045.3 11058.9 155.122 108.132 1062.79 485.152 201.919 3939.11 103.668 323.313 218.816 175.473 194.327 112.141 256.039 191.519 541.303 94.4109 1042.79 782.14 261.27 201.126 420.362 324.167 203.844 126.248 2087.41 326.155 283.233 120.324 255.387
internal_count=780798 283866 496932 163269 419088 77844 120597 99134 146591 67346 64135 55306 65155 272497 22538 40108 40304 55442 108855 25619 37736 46357 20989 31788 33913 19085 15002 27272 53219 238584 16303 23529 30164 33495 29833 20345 10319 8579 55636 1023 9129 3185 39536 25898 3662 12113 11491 2543 50927 33587 13289 9289 24027 18855 10139 11817 10512 4000 1984 47188 12072 21752 54613 2292 18667 1024 206863 12388 11258 8698 8884 8178 24447 22032 2415 8923 4651 4812 2009 1692 17643 922 3867 3739 3188 2786 5506 39702 37248 22747 4816 2685 19514 11805 11031 1788 7013 53953 2454 22462 10140 2337 7803 1671 7486 18143 17190 6132 3095 3037 912 7709 4583 4912 8876 3605 7568 27254 1126 6765 8973 9034 8264 3892 1343 10832 1686 3936 2486 8394 5150 3244 8993 6829 6235 11497 2038 2926 2010 1673 1844 1399 1175 726 7309 3077 809 8063 5168 4776 2218 3073 1996 16871 3947 3322 2065 2560 21910 5418 3783 861 6333 2927 1138 1789 736 4397 5445 5048 3603 3177 8716 950 3362 4171 1058 8225 1131 2016 2549 1996 6613 1728 1196 850 3334 2023 939 10897 10645 1635 2895 2086 3226 5172 4005 3259 774 1271 4607 2460 1185 1248 14427 11779 1984 31721 890 10316 3607 9146 5508 7316 6933 6564 6124 5096 21761 7332 2641 1820 1126 14429 205941 1980 1302 4372 3190 1540 10484 1077 2164 1376 1166 1967 1228 2419 1942 5062 669 15883 11502 1819 1322 6027 4485 2729 770 6709 2131 1650 1756 1592
is_linear=0
shrinkage=0.01


Tree=14
num_leaves=255
num_cat=0
split_feature=7 7 54 55 55 6 6 57 55 12 44 53 54 6 47 59 62 19 57 46 28 7 121 68 9 62 47 6 132 138 18 62 62 67 21 6 9 121 20 50 126 33 26 39 55 144 26 121 47 40 8 123 2 95 51 10 120 19 44 18 119 47 41 26 54 117 6 120 38 28 106 28 132 61 139 135 134 34 8 116 109 6 133 21 6 66 97 60 34 60 60 63 6 9 67 38 55 120 120 6 31 133 2 34 120 9 60 39 39 133 117 50 77 61 120 26 3 54 9 40 68 46 131 74 99 121 28 34 21 21 121 120 18 116 9 13 8 38 55 86 140 79 32 7 117 57 79 39 120 22 94 6 119 32 134 57 12 135 132 8 50 119 122 11 133 54 21 121 66 131 120 41 138 21 46 21 9 131 47 117 46 26 116 13 120 31 54 117 40 40 60 28 79 28 51 50 54 121 116 116 47 12 19 7 31 28 90 12 131 89 34 2 117 131 7 135 38 46 28 28 139 6 33 116 50 21 38 143 116 21 134 8 18 46 60 6 21 47 22 120 28 136 132 67 41 41 53 106 82 34 46 21 55 135
split_gain=421376 44083.5 39836.1 10857.2 8436.12 5249.07 4346.57 3367.79 2353.88 1692.21 1637.91 1446.78 1352.82 1300.65 1171.65 1166.22 1012.4 978.922 939.735 867.095 802.13 770.601 727.551 622.974 619.394 617.732 597.811 587.292 549.011 540.276 525.398 506.874 480.839 465.329 459.301 453.178 438.494 435.837 425.932 424.987 413.267 396.967 396.945 378.166 377.126 367.284 416.328 362.518 361.193 406.243 355.254 382.936 330.405 329.777 328.189 327.78 350.811 339.329 323.25 322.748 321.829 482.507 321.806 315.956 311.367 307.617 302.772 301.789 358.064 347.748 298.998 298.836 418.134 297.529 295.639 398.749 292.906 291.185 289.987 287.949 285.875 282.471 282.073 281.556 422.073 279.654 274.001 273.71 272.997 272.24 270.062 267.883 266.126 265.914 264.413 312.324 265.679 262.677 381.671 260.84 277.552 321.27 290.522 259.997 255.603 255.342 300.182 334.565 341.01 254.002 252.357 265.351 251.766 250.088 346.288 250.667 249.849 246.869 258.983 245.297 251.345 279.436 269.784 244.268 242.507 430.91 324.888 240.361 240.091 239.913 239.865 239.308 239.096 238.896 379.718 237.792 236.782 291.102 233.963 233.771 293.39 233.138 318.971 232.043 264.101 281.226 233.968 284.13 231.455 277.578 229.597 227.959 227.727 248.046 227.522 301.961 239.549 227.08 232.616 226.904 226.704 225.731 225.385 313.673 327.064 225.373 225.294 268.876 223.105 258.111 324.468 280.107 261.786 242.775 223.035 343.153 243.181 221.71 229.476 283.725 268.836 268.097 221.422 267.721 419.659 219.784 219.595 219.592 219.017 218.905 216.648 215.664 214.71 339.652 213.916 211.815 215.972 238.873 248.052 278.075 316.036 266.226 240.686 221.577 208.563 207.774 254.889 207.704 217.541 206.427 206.3 206.13 204.816 203.011 227.717 311.583 297.959 370.451 293.066 227.851 202.927 202.466 270.725 202.186 201.26 200.538 199.356 199.283 211.113 235.186 197.951 197.862 196.395 229.737 195.797 271.448 195.221 242.33 229.31 257.331 245.776 213.478 208.823 552.284 259.153 265.462 214.772 205.689 257.139 198.451 255.395 200.236 195.008 194.524
threshold=399.03000000000003 2493.0450000000005 130.50000000000003 138.50000000000003 303.50000000000006 12470.545000000002 79.940000000000012 164.50000000000003 418.50000000000006 15.500000000000002 4.5000000000000009 5.5000000000000009 35.500000000000007 1903.4950000000001 191.56839000000005 137.50000000000003 4.5000000000000009 828.84110000000021 1054.5000000000002 707.17015000000015 18.500000000000004 1061.5100000000002 5574.8050000000012 1.0000000180025095e-35 173.01000000000002 10.500000000000002 19.365632000000002 1143.3550000000002 89.500000000000014 36.500000000000007 72.933667000000014 5.5000000000000009 3.5000000000000004 9.5000000000000018 2291.5000000000005 807.06500000000017 942.48500000000013 11687.245000000001 533.69388500000002 1863.0000000000002 1.5000000000000002 461.50000000000006 3.5000000000000004 53.500000000000007 1.0000000180025095e-35 2.5000000000000004 3.5000000000000004 6179.2600000000011 252.58877000000004 10.500000000000002 63.025000000000006 3.5000000000000004 1.5000000000000002 11.500000000000002 6.5000000000000009 39.910000000000004 19.500000000000004 54.101765000000007 21.500000000000004 28.801052500000004 18.500000000000004 184.82334500000002 14.500000000000002 1.0000000180025095e-35 277.50000000000006 0.039370658500000009 3157.1100000000006 34.500000000000007 46.500000000000007 125.50000000000001 6.5000000000000009 5.5000000000000009 88.500000000000014 1.0000000180025095e-35 2.5000000000000004 45.500000000000007 89.500000000000014 27.500000000000004 1206.9000000000003 0.013923133000000002 2.5000000000000004 2046.0150000000001 88.500000000000014 57.500000000000007 60.615000000000009 1.5000000000000002 1.5000000000000002 3.5000000000000004 134.50000000000003 10.500000000000002 35.500000000000007 1.0000000180025095e-35 220.81500000000003 126.62500000000001 12.500000000000002 301.50000000000006 876.50000000000011 16.500000000000004 45.500000000000007 993.83000000000004 1175.5000000000002 48.500000000000007 2.5000000000000004 78.500000000000014 22.500000000000004 287.42000000000002 12.500000000000002 14.500000000000002 8.5000000000000018 81.500000000000014 0.0039661194000000007 27.500000000000004 2.5000000000000004 3.5000000000000004 13.500000000000002 1.5000000000000002 2.5000000000000004 82.500000000000014 267.00500000000005 6.5000000000000009 1.5000000000000002 5258.430150000001 48.500000000000007 27.500000000000004 1.5000000000000002 4506.3700000000008 71.500000000000014 17.500000000000004 2254.5000000000005 1771.5000000000002 1559.1500000000003 29.500000000000004 185.08084000000002 0.0015651902000000002 23.810000000000006 34.500000000000007 936.33500000000015 32.500000000000007 156.50000000000003 25.500000000000004 2.5000000000000004 6.5000000000000009 130.50000000000003 99.930000000000021 0.12501333500000003 21.500000000000004 4.5000000000000009 22.500000000000004 22.500000000000004 1.5000000000000002 27.500000000000004 1220.7450000000001 23.500000000000004 584.50000000000011 48.500000000000007 241.50000000000003 8.5000000000000018 12.500000000000002 34.500000000000007 414.02500000000003 1.0000000180025095e-35 25.500000000000004 113.50000000000001 39.185000000000009 49.500000000000007 39.500000000000007 1446.5000000000002 1950.1700000000003 22.500000000000004 57.500000000000007 31.500000000000004 3.5000000000000004 65.500000000000014 973.50000000000011 4978.1665000000003 2156.5000000000005 129.01500000000001 88.500000000000014 1824.0908000000002 0.0027403037000000006 5115.8065000000006 1.0000000180025095e-35 0.0023150584500000004 83.500000000000014 20.500000000000004 1379.5000000000002 79.500000000000014 0.0051977625000000005 12.500000000000002 15.500000000000002 34.500000000000007 95.500000000000014 10.500000000000002 73.500000000000014 3.5000000000000004 90.500000000000014 1409.5000000000002 1218.2100000000003 0.011408816750000002 0.015069230500000001 966.21068000000002 7.5000000000000009 35.25950000000001 27.910000000000004 829.50000000000011 9.5000000000000018 4.5000000000000009 63.500000000000007 56.500000000000007 2.5000000000000004 53.500000000000007 4.5000000000000009 0.0046871730500000009 56.500000000000007 738.23500000000013 64.500000000000014 20.500000000000004 164.120485 121.50000000000001 166.50000000000003 2.5000000000000004 1572.8950000000002 132.50000000000003 0.0047514388000000013 47.500000000000007 1088.5000000000002 150.50000000000003 5.5000000000000009 0.0083114005000000015 196.50000000000003 41.500000000000007 172.24000000000004 56.003462000000006 1799.9571000000003 16.500000000000004 548.5100000000001 1977.5000000000002 270.51310500000005 1.5000000000000002 29.500000000000004 20.500000000000004 81.500000000000014 70.500000000000014 2.5000000000000004 19.500000000000004 8.5000000000000018 1.0000000180025095e-35 1.5000000000000002 14.500000000000002 73.500000000000014 4837.2883500000016 850.50000000000011 36.500000000000007 65.500000000000014
decision_type=2 2 2 2 2 2 2 2 2 2 2 2 2 2 2 2 2 2 2 2 2 2 2 2 2 2 2 2 2 2 2 2 2 2 2 2 2 2 2 2 2 2 2 2 2 2 2 2 2 2 2 2 2 2 2 2 2 2 2 2 2 2 2 2 2 2 2 2 2 2 2 2 2 2 2 2 2 2 2 2 2 2 2 2 2 2 2 2 2 2 2 2 2 2 2 2 2 2 2 2 2 2 2 2 2 2 2 2 2 2 2 2 2 2 2 2 2 2 2 2 2 2 2 2 2 2 2 2 2 2 2 2 2 2 2 2 2 2 2 2 2 2 2 2 2 2 2 2 2 2 2 2 2 2 2 2 2 2 2 2 2 2 2 2 2 2 2 2 2 2 2 2 2 2 2 2 2 2 2 2 2 2 2 2 2 2 2 2 2 2 2 2 2 2 2 2 2 2 2 2 2 2 2 2 2 2 2 2 2 2 2 2 2 2 2 2 2 2 2 2 2 2 2 2 2 2 2 2 2 2 2 2 2 2 2 2 2 2 2 2 2 2 2 2 2 2 2 2 2 2 2 2 2 2
left_child=2 3 6 12 9 8 10 13 17 19 26 16 22 54 27 32 24 47 28 40 91 39 213 35 42 71 -1 52 36 90 41 94 207 81 131 59 66 38 60 45 151 195 80 103 -12 46 53 182 -46 141 67 -52 165 112 65 92 63 -58 -51 97 61 79 89 -57 86 76 74 68 123 189 -63 -10 220 -60 135 -76 99 221 225 -23 83 -30 -18 -6 230 117 138 -75 132 109 -13 162 -53 -93 95 174 110 -16 -99 100 116 -102 191 210 139 106 107 108 -94 143 -97 -112 -14 115 -115 -71 166 118 -54 -106 234 122 -122 -32 125 148 211 -91 -19 -104 -65 -29 -31 134 -47 231 137 -39 -42 140 177 142 -50 -25 145 146 -145 253 -114 -150 -90 -4 153 159 -77 156 -156 -11 -159 -24 -143 -61 163 164 -21 -8 -5 -168 169 170 171 204 173 -172 175 -15 -177 178 181 -180 -181 -86 183 184 -3 -175 -64 -178 -117 -70 -26 -103 -56 -194 -189 196 197 198 201 203 -201 -22 -202 -200 -101 -96 -207 208 -7 -163 212 -127 -43 214 219 216 217 218 -216 -2 -73 222 -37 -72 -45 -49 -182 228 -28 -230 -85 -9 233 -203 235 -121 242 247 239 -239 -241 -240 244 -244 245 249 -247 248 -238 250 251 -126 -80 -148
right_child=1 5 4 7 11 15 14 18 25 157 44 29 21 31 23 -17 82 128 -20 20 30 37 152 62 190 -27 227 34 33 88 50 -33 -34 -35 -36 77 -38 136 -40 -41 64 43 -44 224 48 133 -48 78 49 58 51 55 85 -55 192 56 57 -59 73 161 -62 70 186 130 -66 -67 -68 -69 69 113 223 72 -74 87 75 154 -78 -79 252 -81 -82 -83 -84 84 104 -87 -88 -89 150 127 -92 93 105 -95 205 96 -98 98 -100 168 101 102 129 -105 119 -107 -108 -109 -110 -111 111 -113 124 114 -116 188 -118 -119 -120 120 121 -123 -124 -125 236 126 -128 -129 -130 -131 -132 -133 -134 -135 -136 -137 -138 -139 -140 -141 -142 160 -144 144 -146 -147 147 -149 149 -151 -152 -153 -154 -155 155 -157 -158 158 -160 -161 -162 209 -164 -165 -166 -167 167 -169 -170 -171 172 -173 -174 185 -176 176 187 -179 179 180 226 -183 -184 -185 -186 -187 -188 194 -190 -191 -192 -193 193 -195 -196 -197 -198 -199 199 200 202 232 -204 -205 -206 206 -208 -209 -210 -211 -212 -213 -214 -215 215 -217 -218 -219 -220 -221 -222 -223 -224 -225 -226 -227 -228 -229 229 -231 -232 -233 -234 -235 -236 -237 237 238 241 240 -242 -243 243 -245 -246 246 -248 -249 -250 -251 -252 -253 -254 -255
leaf_value=-0.0082207182943699504 -0.0023549961339761824 0.034667905408627082 0.0017549896903407461 0.011018449587431261 0.045054009289001017 0.045240374393874003 -0.0034645823756742082 0.02859254704424815 0.047305150316207155 0.044851152003249607 0.039355803529867769 0.0042930121564835211 -0.00093797872984515221 0.034219325381629154 0.036402649833381054 0.051823124734245905 0.034711489342271265 0.0087420270210759495 0.04747163590422504 0.034344572081705028 0.0058300343202090897 0.0052804450162534742 0.021459245574359364 0.0044997234619119668 0.027435774394224958 0.048622650635666939 -0.0048308468319195035 0.015817498945894747 -0.0049070561298954372 0.033015592839812105 0.028077844759790551 0.040607271154840488 0.049797852299134013 0.037306727959735102 0.039632207719981882 -0.00086835404373488214 0.045213258122410629 0.0087673829614978455 -0.0014134668158955 0.057478453636926927 -0.0054150102879503715 0.048491733007056718 -0.0011758069051098885 -0.0038822450187441775 -0.0027266619323367664 0.047386805722672246 0.01194332148479264 0.023194600199872139 0.032322834100662334 0.00040359724356467435 0.001726639604640749 0.051052251685331403 0.0052062721149843316 0.050038626237487893 0.039521551593998609 0.036116704709660677 0.034533087669471267 -0.00010726110435747599 0.00033027394375056317 -0.00028679940540272226 0.036090549331892402 0.029783494346572455 0.042803597254433806 -0.00069321372942284637 0.038742317044752575 0.012627297146457059 0.042964393625641924 -0.0036654868036784215 0.056360861265780049 0.0020332541608384437 0.021346156215177891 0.045466524246782936 0.03459651375987443 0.048041176634811798 0.011323376397338538 0.04988381917550587 0.0099393687094571637 0.0056247287032976214 0.033479667406966333 0.031965317281072408 0.041350884508995808 0.023925387000527328 0.008640151766485818 -0.004393712874952032 0.030169035473028596 -0.0040417915679748862 0.030473420530670016 0.0080097467338862641 0.049289787805391685 0.045074634308662674 0.030829838763016849 0.026834622210197806 0.0060406588919133209 0.00024927628988435002 0.045949141081935568 0.036687061352738429 0.039987552228958632 -0.0053906045711904259 0.041454435998402553 0.033496203467345692 -0.0014036342231772889 -0.002013738300762756 0.018453191819036253 0.050365632298216306 0.036857633455093561 0.046581687587388426 0.040547981906838934 0.0094661202211840378 0.044948457170389033 -0.007748217507634607 0.0043871464230282329 0.02617450178490555 0.028294296315268617 0.044236798045832117 0.0064098053717263096 0.0058626577681046626 0.039541217873375396 0.030009628324386719 0.03874389428770509 -0.0018467381772664863 0.006362529794520815 0.0089334440886534357 0.035611650713652118 0.0013456042552451644 0.025198449235403726 0.013142250630553255 0.049184219729950289 0.009964736571825358 0.035590145618227757 0.038204657244339885 0.031333630215810836 -0.0051076742442585652 0.056071707676683673 0.044632667946677203 0.008296660262594617 0.046987762699723858 0.045045080010138329 0.036370018906699685 0.027122742494585021 0.008171399059697047 0.015612619130728788 0.049739346424193691 -0.0010921765438093472 0.0058899563974583093 -0.009729329962029791 0.0039564650075110883 0.030316837800379123 0.014426313672349715 0.026767602753342792 0.004620279330496046 0.031725557840278702 0.022400527630522662 0.041041924330768094 0.038793225377479708 0.037875846843650869 0.036336445484385214 0.011863650571259671 0.003488398403605146 0.02869500557781093 -0.004446155402112479 0.017106474863053105 0.006178453925326983 0.055124374951260532 0.03998927319983378 0.0031336668774163672 0.0026508706602228838 0.01591786975894843 0.041518355884958107 0.042595353776459788 0.040326072536914531 0.0043698126104181386 0.038248824228083608 0.0095514256050632431 0.018787105201948259 0.037963191951546425 0.0025521570267086828 0.037347520472584231 0.0076832805469144198 0.051441746330417031 0.043681619995050991 0.030467612593536142 0.0021824868590073891 0.037680204940763726 0.045179341468541453 0.003156093445778458 0.032809236702186197 0.015550082944427697 0.0087744951099829691 0.040824335047346082 0.020359939623006341 0.041767281676654548 0.02270346038684604 0.032360282469702947 0.0069523752820706613 0.034488804826138718 0.019094242286758267 0.031705862892613478 0.0020001560861952826 0.011966928368403571 -0.0044780137092370444 0.0072662534631933798 0.029633904607549836 0.043911947283738949 0.043756807664626848 0.01174273555233793 0.018370181960261411 0.039865408681979873 0.047581328490225817 0.035980746921879997 0.030720226012479462 0.0014790150122252212 0.041127550931003197 0.015951774349103342 -0.0031668384976728061 -0.0059073780918451725 -0.009878106959350038 -0.0018227091678565187 0.047437462983630198 0.037871732861925869 0.022164878495549285 0.040184111056048924 0.038695965272653364 0.032020250065745291 -0.0063493139301769239 0.0275214416382485 0.037770958924880062 0.0043045453718681881 0.012230298771528637 0.023501152787067017 -0.00022423736116320008 0.013708679718795982 0.03895253834798746 0.041891269716600441 0.0026063510304769545 -0.0064309939708732354 0.023768223405760631 -0.00051593894710540427 0.040012137534809908 0.0052321200880604017 0.038211699883193416 0.0070990200575452604 0.03478250849802017 0.0085257977331130372 0.051756614017257958 -0.0022985727674805913 0.033939263142537389 0.01155195859263815 0.044825527863366584 0.038962074284006165 -0.0030572709915201689 0.029941201139683033 0.0093867442767722464 0.043157492996544769 0.059683207705353035
leaf_weight=8253.8444450907409 186.30699837580323 75.725029394030571 1226.5522154197097 96.817295543849468 45.004560854285955 1145.3690586835146 2073.7433193251491 238.92586255073547 3983.2452701702714 86.601315129548311 29.16378616169095 58.576009497046471 47.677915919572115 1153.4910709187388 50.696862511336803 39025.054896011949 1278.7350109815598 130.90255206823349 2589.9790784865618 59.757437568157911 1220.6659704074264 169.58633610606194 93.849585935473442 181.29960032552481 327.05526759847999 11054.118841916323 4845.1680877618492 143.72344337031245 52.088659808039665 458.54961460828781 38.068909365683794 2488.606701515615 19020.300593145192 204.18912078440189 56.418905965983868 47.993767466396093 1946.5488891229033 52.999289937317371 49.933630552142859 31.972789105027914 91.635934755206108 34.668623380362988 81.530687242746353 69.389186352491379 489.90472072735429 37.955796454101801 499.84700041636825 123.39064246416092 41.368144012987614 514.76114532351494 97.490842595696449 48.156392343342304 300.21247766911983 41.21561511605978 485.58545041456819 113.21954982727766 32.256668530404568 158.73736776039004 54.840381652116776 906.60346611589193 397.92174657061696 1078.9734490513802 73.073941759765148 62.184649083763361 51.264268387109041 135.47296004742384 1842.3864246532321 110.59860062226653 37.273788686841726 155.60749685764313 79.240188211202621 4188.1765370368958 535.55867314338684 40.172444447875023 87.117058668285608 91.486212283372879 86.932569988071918 121.05218190327287 273.64818440377712 52.142268788069487 68.82880488038063 90.166656956076622 45.559363342821598 74.349810056388378 144.70673397183418 164.94344017654657 46.990284405648708 31.435891304165125 509.34648708999157 47.921748515218496 119.0178053304553 84.334457240998745 35.326168492436409 68.108285970985889 364.47126381844282 65.88610801845789 85.345227360725403 61.665311612188816 21.896744929254055 91.808242581784725 65.577119827270508 70.133511461317539 134.36217582970858 46.170420546084642 56.438522204756737 51.90316391736269 73.237008631229401 188.56087240949273 67.398473963141441 59.853835582733154 126.78280476480722 101.37165901809931 234.90099031105638 57.096118610352278 43.471167501062155 35.878804866224527 181.34521718323231 58.970083195716143 23.215397726744413 69.910247150808573 43.177565526217222 122.17445062100887 137.42622734978795 241.19332163408399 100.98383790627122 68.961975511163473 126.58426474779844 35.725770067423582 44.487823337316513 129.91272842139006 34.844622183591127 85.265465252101421 55.479554027318954 109.25720328837633 70.816382363438606 394.28991197794676 253.12350186705589 163.69463060796261 26.869645483791828 71.083040032535791 167.01546661555767 39.124069392681122 81.760022096335888 45.061344642192125 28.193539146333933 72.055083520710468 77.193786464631557 65.868067972362041 96.689772453159094 138.30137640610337 109.11514767259359 54.08867995813489 69.473186049610376 47.912480618804693 51.748137846589088 464.32563981413841 118.61812380701303 41.545909937471151 442.10432846471667 50.445150073617697 54.025183893740177 466.296480871737 37.945558466017246 119.34237650409341 76.283882923424244 845.6498338393867 78.834862064570189 98.240025006234646 176.01977373659611 226.40349341928959 48.652492187917233 429.73304647952318 118.24753591418266 184.38795434683561 1142.1291172355413 55.09552713483572 103.01513294875622 40.010422430932522 111.88001158833504 94.24294076114893 76.358811695128679 46.103120803833008 288.00159861147404 44.63737215846777 95.310929656028748 356.701111972332 56.89993404597044 98.789667993783951 37.160796456038952 37.958125542849302 184.59492123872042 67.147166378796101 823.37751588970423 58.624272361397743 48.885700210928917 168.9245343953371 34.624475389719009 664.25170110538602 39.419183313846588 77.100259501487017 41.525053262710571 51.742353044450283 32.083807628601789 57.703928116708994 93.039962880313396 86.818604841828346 197.21418691426516 4355.0489570498466 416.08731607347727 35.539493281394243 36.667897190898657 45.623940028250217 50.416549529880285 185.95214182883501 36.003011874854565 33.039236415177584 35.86218074709177 61.813225001096725 23.649147480726242 45.347510747611523 1144.0896416381001 73.023638278245926 48.807884689420462 37.189546033740044 26.477680925279856 893.41413890570402 49.091922745108604 72.920325994491577 43.587975904345512 491.04625866934657 287.2041721008718 2326.6010108888149 30.420365191996098 79.082497783005238 72.492971763014793 96.073497708886862 30.740146026015282 89.129194103181362 132.35427837818861 35.897524759173393 84.14127292484045 28.65938201546669 62.155180476605892 57.25133191794157 73.1163439899683 142.72316960990429 67.167779542505741 95.106103539466858 32.304904468357563 60.790545869618654 103.96002132073045 409.39526051282883 3550.2343072667718 39.833061765879393
leaf_count=156448 2798 449 18457 980 265 2908 35836 1555 8081 505 385 529 586 6624 549 31821 8401 1242 5993 540 17188 1804 953 2575 2442 18149 86826 1792 515 2602 418 10170 24814 877 517 686 5451 484 594 134 1460 281 1121 954 8225 270 5768 735 489 8040 1303 396 4541 234 2700 945 268 1995 796 14014 2734 7813 612 839 496 1259 6033 1536 268 2115 617 10466 1950 310 645 304 844 1587 1356 379 376 523 428 970 1193 2570 508 389 1624 379 620 821 443 802 1322 337 340 938 209 622 727 781 1138 363 455 347 545 2209 530 909 1057 617 2241 456 535 490 1150 680 237 885 453 1174 1012 3352 951 692 791 435 263 847 302 1235 158 703 759 1215 1068 890 309 719 1655 414 1276 603 427 941 807 805 888 1664 513 555 476 352 281 2186 909 458 3692 616 748 7081 228 803 985 13217 757 669 825 1331 466 2538 1086 1507 5565 509 507 419 591 609 555 549 1349 159 836 2320 621 797 358 396 874 602 4811 566 256 1962 351 9188 555 1169 565 512 271 526 811 582 867 7907 1451 393 486 299 598 2796 510 497 484 482 230 573 3423 609 509 403 255 4001 503 1168 606 8271 3111 10242 236 969 852 824 371 638 1462 243 894 221 687 318 869 1127 695 638 247 730 842 4514 11213 299
internal_value=0.0368788 0.0458004 0.00563823 0.0346355 0.0201178 0.0491611 -0.00255234 0.0381259 0.0453901 0.0130077 -0.0054774 0.0299089 0.0231811 0.0340538 0.00437312 0.0507174 0.0267385 0.0395174 0.0421342 0.0115409 0.0135536 0.0250194 0.0115333 0.00950699 0.0228995 0.0469363 -0.00652204 0.000787193 0.0403734 0.0390209 0.0122766 0.0370292 0.0489825 0.0276427 0.0145248 0.00629799 0.0409478 0.029411 0.0271546 0.0217504 0.00485192 0.00953513 0.0202809 0.0211978 0.00491134 0.021345 0.0203684 0.0402833 0.00410117 0.00801099 0.0165622 0.0206666 -0.000348626 0.0221034 0.0297401 0.0227788 0.0159633 0.00598851 0.0039663 0.00411842 0.0279467 0.0256053 0.0169739 0.0248356 0.0175648 0.0277348 0.0394519 0.0115327 0.0140093 0.0200124 0.028128 0.0450334 0.043474 0.0181598 0.0377123 0.0320423 0.0284699 0.0177163 0.0411534 0.0118301 0.0212202 0.013377 0.0338365 0.020402 0.0197154 0.00676316 0.0105608 0.0312985 0.0415937 0.0140072 0.0222781 0.0263637 0.02855 0.0151786 0.034552 0.0331991 0.0243427 0.0188299 0.00744993 0.0290666 0.0245711 0.0189408 0.0222785 0.0301759 0.0222144 0.0256923 0.0224527 0.0176234 0.0320348 0.0114266 0.0195285 0.0142543 0.0215703 0.0153584 0.028427 0.00937033 0.0302185 0.0114466 0.00786762 0.0171004 0.0148938 0.0209396 0.02882 0.00519903 0.0220382 0.0270081 0.0379799 0.0307788 0.0159329 0.0284142 0.0111076 0.00800583 0.0357311 0.0340101 0.0226366 0.0392443 0.038194 0.0298066 0.00220724 0.0259682 0.0276618 0.0198105 0.0103917 0.0137202 0.0187252 0.021479 0.0268917 0.0318923 0.0212186 0.0139242 0.0463193 0.00266833 0.0254222 0.0193605 0.0344762 0.0320898 0.0201706 0.0295139 0.0265736 0.0123974 0.0316753 0.00268426 0.0320006 0.0281243 0.0172148 -0.00168912 0.0237677 0.0304818 0.0314334 0.0301052 0.0282898 0.0337207 0.0234796 0.0262137 0.0344672 0.0316759 0.021889 0.0311544 0.0328968 0.0380713 0.0308145 0.0235516 0.0317715 0.0235616 0.017405 0.0281361 0.0313648 0.0260454 0.0243976 0.0393238 0.0327683 0.0101566 0.0338942 0.0307023 0.0177007 0.00828334 0.00747909 0.00708177 0.00914181 0.0183597 0.0095524 0.0074573 0.0241103 0.031457 0.0228434 0.0406337 0.0335044 0.0463436 0.0428285 0.00805137 0.0217486 0.0248851 0.0301344 0.00547509 0.00930348 0.0173569 0.0231912 0.0305674 0.0119522 0.00255073 0.0443505 0.0261113 0.0159255 0.0124575 0.0050742 0.0360609 0.020536 -0.00394682 -0.00417242 0.0017718 0.00995491 0.0380146 0.0194925 0.0136565 0.00706584 0.0130265 0.0198006 0.0248859 0.0201925 0.0271155 0.0169589 0.0109155 0.0172564 0.029847 0.015618 0.0171113 0.0269989 0.0354199 0.0201352 0.013952 0.0156558 0.0126209 0.0424854 0.0412313
internal_weight=151186 117601 33585.3 27213.9 12133.5 90386.8 21451.8 20853.7 26424.9 7032.38 15083.1 5101.13 6360.14 10355.3 6368.7 63961.9 3791.05 5519.75 10498.5 6462.13 4964.73 5490.49 869.654 2616.56 2466.75 20905.2 13706.6 3752.14 7908.49 1310.08 4518.96 6117.9 24936.8 346.444 285.408 1833.58 7562.05 2334.8 1864.99 3155.68 1497.4 2761.33 1955.1 263.79 1376.56 3123.71 2905.68 5344.36 1347.39 857.487 1757.62 963.316 3466.73 2405.83 4237.36 865.825 401.243 190.994 641.21 1542.7 1815.05 1417.13 782.98 210.249 216.76 2869.77 5615.5 794.307 683.709 404.446 1195.4 9851.07 5867.82 126.449 3773.11 813.295 2734.3 290.877 4840.69 221.729 1873.57 142.255 1324.29 1804.74 1759.74 547.341 165.496 71.6083 1132.49 653.006 177.594 445.772 464.582 152.443 3629.3 2980.79 379.386 134.259 83.5621 2647.36 922.37 467.133 401.556 167.923 1398.19 416.426 364.523 291.286 102.725 569.358 294.041 228.154 2364.62 329.214 100.567 228.647 455.237 382.398 323.428 597.693 541.255 302.778 180.604 279.262 2316.94 711.062 241.17 83.6475 175.39 264.275 97.0293 228.989 514.029 218.029 108.772 2959.82 469.817 216.694 118.506 800.492 729.409 216.277 123.128 509.504 328.205 300.011 227.956 182.895 469.892 234.991 618.462 1280.64 261.68 192.207 726.178 634.692 170.366 570.252 483.65 144.295 93.1493 1408.44 293.329 255.384 136.041 2919.39 273.892 177.075 1724.99 1548.97 1322.57 614.581 707.989 589.742 2601.41 1459.28 305.786 562.394 522.384 331.574 219.694 190.81 503.675 215.673 171.036 541.089 129.974 250.691 73.0396 75.2319 511.65 137.281 1367.59 882.002 147.675 2497.54 2328.62 2294 1629.74 247.832 150.709 1381.91 73.6089 97.1231 184.848 648.504 284.033 5916.51 1561.46 501.836 121.753 114.586 85.0852 607.973 422.021 190.367 157.328 121.465 59.6522 231.655 5332.27 169.825 96.8017 116.43 95.8669 1016.8 125.451 5452.72 5379.8 534.634 361.554 2565.53 161.245 130.825 238.477 165.984 1605.88 528.333 370.182 209.168 120.039 161.014 1077.54 119.407 958.137 885.021 209.891 158.151 63.0451 675.13 614.339 510.379 3823.88 117.027
internal_count=780798 286218 494580 153645 123576 132573 371004 95616 63672 87094 274391 36482 58029 58887 96613 68901 30436 21603 36729 82439 60654 47262 10767 35988 21607 42069 253319 60625 30736 6046 56475 29550 37080 1915 3544 26575 28821 16786 14344 30476 21785 36429 18291 2937 21072 30342 28610 20098 20687 12462 20046 10122 57081 22842 29337 8819 4349 2263 9535 23184 13750 11016 9413 2086 2773 21260 23370 9924 8388 4618 8833 23920 15839 1495 17337 4325 20001 3391 17305 2183 17170 1038 8829 16794 16529 8028 2277 699 4897 8180 1149 4179 4470 1623 19380 16609 2351 1696 1147 19157 7651 4095 3368 1728 12448 4074 3727 3182 973 7366 2011 1674 22608 3954 991 2963 3556 5458 4778 5655 5200 2639 1465 3770 22022 6575 1782 814 1505 1985 1141 3027 2760 1732 1029 13012 2442 1374 1769 6793 6074 2927 1765 6457 3882 3455 2514 1911 4793 2552 2137 19012 2397 1921 3680 3376 1190 4655 4150 1569 1162 21488 2556 2328 1525 49053 2406 1426 11506 10681 9350 3971 5379 4293 14258 8693 2069 4419 4000 2258 1667 1742 2793 1444 1285 3827 1233 1560 848 664 3316 1383 8077 5377 1053 33492 31530 31179 21991 3086 2005 18905 836 1081 1433 2771 1449 12266 4359 7474 1365 991 879 8370 5574 2203 1706 1222 740 3371 13889 1804 1195 1020 1209 4736 1058 96871 95703 8877 4081 11797 1717 1481 2561 1709 15447 4714 3458 1775 1137 1683 10733 1005 9728 8859 1822 1256 618 7037 6307 5465 12569 1106
is_linear=0
shrinkage=0.01


Tree=15
num_leaves=255
num_cat=0
split_feature=7 7 54 54 55 6 6 54 57 56 55 29 6 48 6 6 28 70 6 6 54 12 11 9 47 54 45 60 48 29 62 6 143 48 59 62 61 120 137 133 46 120 31 114 32 67 46 46 46 42 24 46 131 120 30 21 57 7 60 58 41 57 52 10 12 30 131 130 115 99 66 62 33 77 9 120 94 47 119 115 125 55 145 11 56 21 68 137 132 46 28 128 114 115 20 138 40 137 52 46 114 32 62 38 46 34 24 46 60 31 32 122 27 28 56 128 122 33 135 136 99 30 51 59 58 24 6 29 54 64 27 47 119 57 48 21 47 62 135 38 140 10 47 29 34 61 24 34 115 32 117 120 57 116 7 116 42 60 60 60 9 32 33 21 7 45 40 33 54 135 21 57 56 117 42 54 32 38 6 62 28 76 31 20 6 20 10 24 56 9 11 115 47 60 54 60 46 117 82 60 133 53 27 9 54 45 122 34 28 38 7 42 21 53 46 137 27 131 47 42 56 47 10 133 55 80 47 27 27 7 9 27 21 139 20 21 117 41 46 24 55 9 21 137 116 55 12 46 131 48 34 33 117 27
split_gain=389191 40270 37786.7 10893.2 8199.12 4156.94 3847.79 2242.61 2150.89 1956.49 1523.4 1474.2 1442.97 1080.66 1018 999.302 987.101 898.654 750.555 694.496 691.12 674.049 626.18 622.947 606.825 595.386 565.234 531.14 481.093 476.831 454.847 442.471 431.99 462.152 423.894 421.138 412.735 392.212 392.124 387.262 386.629 468.512 381.659 476.966 380.835 378.515 371.659 370.184 368.244 355.846 354.579 351.618 335.089 331.994 320.168 319.218 326.369 311.656 309.23 303.64 293.969 289.233 308.698 289.077 287.705 320.828 285.617 285.516 336.692 285.448 311.572 283.247 281.533 285.338 276.888 296.672 272.722 320.3 272.131 304.765 272.053 264.539 278.287 264.311 261.932 260.233 257.262 257.215 255.427 282.903 253.151 254.426 320.11 251.982 251.422 250.069 249.31 297.735 248.507 272.681 248.315 246.912 246.334 245.326 245.137 252.193 242.313 241.722 241.562 379.767 409.132 328.525 250.727 328.855 302.297 241.233 241.076 260.583 240.334 239.967 253.168 239.761 278.514 297.639 239.191 239.036 238.426 297.847 247.177 237.711 236.717 235.167 232.335 231.71 231.325 367.392 280.77 230.723 230.543 228.675 228.122 227.816 226.963 223.856 271.784 282.697 223.185 309.476 259.295 222.01 221.748 221.311 221.289 219.001 218.259 217.423 217.234 216.115 215.996 213.82 242.234 213.285 262.343 257.329 321.404 234.543 301.344 255.342 213.016 212.354 212.048 211.6 210.522 256.245 220.702 210.37 209.107 269.703 245.043 208.638 207.833 207.504 266.36 207.495 207.239 206.304 228.328 252.884 215.504 206.042 205.902 363.12 205.531 204.644 224.055 204.137 209.155 288.482 203.936 202.782 257.807 266.973 200.503 343.513 232.047 199.833 209.627 256.523 199.507 216.959 209.313 199.471 197.815 197.255 290.15 196.615 196.103 214.612 232.682 227.749 211.795 209.539 205.973 195.985 238.255 195.691 324.391 194.715 250.152 211.321 199.858 267.815 194.566 194.327 214.425 226.756 214.619 209.939 203.112 247.057 193.392 308.932 192.532 191.92 191.406 220.441 191.403 236.629 189.773 211.006 434.016 188.801 205.703 188.351
threshold=399.03000000000003 2978.5900000000006 130.50000000000003 651.50000000000011 315.50000000000006 79.940000000000012 14057.970000000001 185.50000000000003 241.50000000000003 451.50000000000006 7.5000000000000009 5.5000000000000009 512.55000000000007 131.60263 1648.9500000000003 1903.4950000000001 18.500000000000004 11.500000000000002 1572.8950000000002 3005.8450000000007 35.500000000000007 18.500000000000004 13.095000000000001 759.05000000000007 16803.125000000004 1149.5000000000002 2.5000000000000004 1.0000000180025095e-35 798.18302500000016 1.5000000000000002 1.5000000000000002 234.82500000000002 2.5000000000000004 20.313181000000004 71.500000000000014 3.5000000000000004 13.500000000000002 40.500000000000007 86.500000000000014 48.500000000000007 1609.9657500000001 15.500000000000002 1108.5000000000002 0.082214185000000009 148.50000000000003 1.5000000000000002 1569.1003000000003 823.98620000000017 4359.6055000000006 69.500000000000014 2170.5000000000005 931.57055000000003 18.500000000000004 20.500000000000004 380.50000000000006 2075.5000000000005 41.500000000000007 179.98500000000004 12.500000000000002 12.500000000000002 25.500000000000004 4.5000000000000009 1.0000000180025095e-35 128.84500000000003 27.500000000000004 1593.5000000000002 67.500000000000014 2.5000000000000004 0.041650800000000009 8.5000000000000018 64.500000000000014 24.500000000000004 39.500000000000007 1.5000000000000002 232.45000000000002 7.5000000000000009 20.500000000000004 836.11343500000009 1.5000000000000002 0.10614744000000001 1.5000000000000002 26.500000000000004 1.0000000180025095e-35 5.8400000000000007 57.500000000000007 2241.5000000000005 38.500000000000007 12.500000000000002 89.500000000000014 17793.803500000005 14.500000000000002 1.5000000000000002 0.0077228846500000002 0.086311453000000024 1166.6421500000001 11.500000000000002 12.500000000000002 82.500000000000014 97.500000000000014 1799.9571000000003 0.040537250000000004 838.50000000000011 8.5000000000000018 171.50000000000003 1019.67105 99.500000000000014 1230.5000000000002 1019.67105 10.500000000000002 303.50000000000006 130.50000000000003 34.500000000000007 1043.5000000000002 424.50000000000006 37.500000000000007 1.5000000000000002 79.500000000000014 551.50000000000011 45.500000000000007 70.500000000000014 10.500000000000002 4499.5000000000009 12.500000000000002 6.5000000000000009 7.5000000000000009 1847.5000000000002 1088.7300000000002 71.500000000000014 77.500000000000014 1.0000000180025095e-35 538.50000000000011 667.92163500000004 10.500000000000002 45.500000000000007 2418.4583000000007 1547.5000000000002 995.0541800000002 38.500000000000007 90.500000000000014 17.500000000000004 2.5000000000000004 95.885000000000005 7920.3147000000008 89.500000000000014 29.500000000000004 1.5000000000000002 1856.5000000000002 63.500000000000007 0.12163370500000002 327.50000000000006 0.038466900000000005 11.500000000000002 103.50000000000001 0.0079051855000000018 754.6500000000002 0.0016408237500000003 3.5000000000000004 18.500000000000004 1.0000000180025095e-35 4.5000000000000009 307.49500000000006 1485.5000000000002 269.50000000000006 1413.5000000000002 1544.9500000000003 13.500000000000002 23.500000000000004 15.500000000000002 1378.5000000000002 67.500000000000014 822.50000000000011 27.500000000000004 16.500000000000004 0.012500868000000002 19.500000000000004 1005.5000000000001 252.50000000000003 130.50000000000003 220.81500000000003 2.5000000000000004 269.50000000000006 6.5000000000000009 799.50000000000011 90.859020500000014 881.92000000000019 102.26750000000003 123.01500000000001 1293.5000000000002 102.50000000000001 135.73000000000002 28.100000000000005 0.062498825000000008 686.63630000000012 1.0000000180025095e-35 17.500000000000004 15.500000000000002 2481.3785500000008 0.0040489732500000007 7.5000000000000009 210.50000000000003 86.500000000000014 9.5000000000000018 461.50000000000006 438.41000000000003 498.50000000000006 10.500000000000002 119.50000000000001 154.50000000000003 127.50000000000001 30.500000000000004 48.405000000000008 42.500000000000007 2226.5000000000005 11.500000000000002 14372.760000000002 40.500000000000007 1125.5000000000002 65.500000000000014 3929.5448000000001 235.50000000000003 170.50000000000003 8794.3835000000017 137.71000000000001 41.500000000000007 35.500000000000007 5.5000000000000009 3033.4589500000006 678.50000000000011 740.50000000000011 1206.0400000000002 65.635000000000019 907.50000000000011 1174.5000000000002 2.5000000000000004 47.929888000000012 1108.5000000000002 0.0072602290000000009 12.500000000000002 4244.6822500000007 1554.5000000000002 153.50000000000003 179.91000000000003 1598.5000000000002 43.500000000000007 0.016080184000000004 245.50000000000003 4.5000000000000009 3334.5885500000004 51.500000000000007 140.73993000000004 6.5000000000000009 272.50000000000006 0.0011928904500000002 756.50000000000011
decision_type=2 2 2 2 2 2 2 2 2 2 2 2 2 2 2 2 2 2 2 2 2 2 2 2 2 2 2 2 2 2 2 2 2 2 2 2 2 2 2 2 2 2 2 2 2 2 2 2 2 2 2 2 2 2 2 2 2 2 2 2 2 2 2 2 2 2 2 2 2 2 2 2 2 2 2 2 2 2 2 2 2 2 2 2 2 2 2 2 2 2 2 2 2 2 2 2 2 2 2 2 2 2 2 2 2 2 2 2 2 2 2 2 2 2 2 2 2 2 2 2 2 2 2 2 2 2 2 2 2 2 2 2 2 2 2 2 2 2 2 2 2 2 2 2 2 2 2 2 2 2 2 2 2 2 2 2 2 2 2 2 2 2 2 2 2 2 2 2 2 2 2 2 2 2 2 2 2 2 2 2 2 2 2 2 2 2 2 2 2 2 2 2 2 2 2 2 2 2 2 2 2 2 2 2 2 2 2 2 2 2 2 2 2 2 2 2 2 2 2 2 2 2 2 2 2 2 2 2 2 2 2 2 2 2 2 2 2 2 2 2 2 2 2 2 2 2 2 2 2 2 2 2 2 2
left_child=2 3 5 7 12 10 9 14 15 21 72 24 16 18 20 48 51 30 74 22 130 60 38 34 55 31 83 -18 -28 63 253 36 33 -22 88 159 243 233 42 -24 100 59 43 61 156 50 47 126 119 58 53 -4 -47 143 -30 56 -6 -52 -39 133 94 202 154 106 65 -64 67 68 -41 179 168 85 -1 -74 80 -76 77 141 79 140 246 82 -23 -12 146 86 134 125 -10 -90 -44 92 107 115 240 -16 -79 -98 99 131 108 -94 -11 116 139 121 -15 -92 109 110 -29 -110 152 114 -114 189 117 176 -82 120 227 122 123 -106 -85 -37 127 158 -128 -38 -2 -43 -67 -42 136 213 -27 -19 -32 -54 -35 -21 -78 144 -14 -146 147 193 -148 -131 153 -97 172 -125 -63 -83 -20 -95 198 160 211 162 165 164 -164 166 167 -153 -71 -117 -102 -107 173 -111 -175 -121 -61 178 -178 -58 -145 -80 -183 -68 -40 186 187 -70 -187 251 191 -53 -188 194 -49 196 -103 -198 -31 200 -25 -202 203 -9 -204 208 207 -207 209 -101 -211 -17 244 214 -136 -132 217 218 219 220 -161 -218 -222 -81 -225 226 -105 -5 -229 230 -230 -232 -143 234 235 -33 237 -237 239 -236 241 -3 -135 -13 -69 -246 -7 -248 249 250 -217 252 -55 -8
right_child=1 6 4 8 11 13 17 19 23 102 26 25 45 29 95 35 27 137 44 76 32 81 39 199 -26 71 28 40 54 46 138 37 -34 78 -36 87 129 49 184 66 41 98 90 -45 -46 52 -48 84 -50 -51 57 190 104 93 -56 -57 69 -59 -60 103 -62 62 64 -65 -66 132 183 212 185 70 -72 -73 73 -75 75 -77 142 96 181 223 118 155 -84 124 -86 -87 -88 -89 89 -91 91 -93 101 157 -96 151 97 -99 -100 205 170 195 -104 225 105 171 -108 -109 111 112 -112 -113 113 -115 -116 169 -118 -119 -120 175 -122 -123 -124 150 -126 -127 128 -129 -130 149 215 -133 -134 242 135 -137 -138 -139 -140 -141 -142 232 -144 180 145 -147 148 -149 -150 -151 -152 161 -154 -155 -156 -157 -158 -159 -160 216 -162 -163 163 -165 -166 -167 -168 -169 -170 -171 -172 -173 -174 174 -176 -177 177 -179 -180 -181 -182 182 -184 -185 -186 188 192 -189 -190 -191 -192 -193 -194 -195 -196 -197 197 -199 -200 -201 201 -203 204 -205 -206 206 -208 -209 -210 210 -212 -213 -214 -215 -216 248 221 -219 -220 -221 222 -223 -224 224 -226 -227 -228 228 229 -231 231 -233 -234 -235 238 236 -238 -239 -240 -241 -242 -243 -244 -245 245 -247 247 -249 -250 -251 -252 -253 -254 -255
leaf_value=-0.0082478796842785328 -0.0029206633568341299 0.012672987198027464 0.0026199528961268061 0.012804507025541329 0.011979075982770931 -0.0027850616885277558 0.036429816003439128 -0.0048059271154226556 0.036334330971728127 0.044519433482690218 -0.0026979439281439826 -0.0018634739451347795 0.039846218464969198 0.045571165255855035 0.0080260208862971711 0.032675893849864066 0.0029149979169829565 0.04887481081792136 0.016544145148527617 0.035081676312522007 0.0038885228297881355 0.022072579047872534 0.040914106675456072 0.044629554970024979 0.043862296412745312 0.0074181451735885265 0.0023598470970424452 0.0043712882780819837 0.040790523786569291 0.05052459465745094 0.04797365253604368 0.039291366980629482 0.038458238493901821 0.022678915267038594 0.041583981223249938 0.035310780848800835 0.036490023382277428 0.033362485043696988 -0.001443089171990369 0.047055149855767926 -0.0022527753147760662 0.041193727289064688 0.036204581262101895 0.014938666623199245 0.0064947239186818537 0.043365406524719666 0.0042724592963379431 -0.0043363258747511173 0.032876677807804712 -0.010430286278175414 0.010760683163833846 0.037825403525443412 0.032352591725140309 0.023911404309233164 0.012643885231044061 0.041784745697500222 0.028582370562624203 0.040994098036187136 -0.00010952315099018464 0.030062812438976717 0.011670634486913583 0.031571309092728546 0.030633177139101343 0.0013729612386008214 0.046842778833111866 -0.010393657188131242 0.049450538683319847 0.035710289751473459 0.041734845857677942 -0.0069812748732654209 0.042415344281926719 0.046545893965148466 0.030193231901184996 -0.0050914868323959587 0.037924080681743709 0.0051727099246566353 0.017931464549646395 0.044244020310208756 -0.0037544761471736024 0.053031956308100821 -0.0064595350265582796 0.038828683537634356 0.04760866974146688 0.0021503837023877205 0.040620286405312081 0.038998398728217677 0.047641931133845787 0.039970207363880093 0.0012692717192294631 0.032740207379999969 0.013259987661331929 0.02663384953364396 0.0080004346623783248 -0.0037146357169536809 0.017886973348584741 0.0060499098642373293 0.036794880217098126 0.016943537194175306 0.034934139195072829 0.027121913686360518 0.012799966899762615 0.031128072462315391 0.047303809485262305 -0.00026728021420403781 -0.0029710574760894344 -0.010003163167319187 0.016538286448117515 0.044665116473973636 0.0042325065670123499 -2.2501846748933689e-05 0.041219279409178709 0.023996469236192832 0.049549206134670926 0.0043290039473749282 0.0092174755649712097 0.01625482018347844 0.052693909564617378 0.049041443735469842 0.0095239668899168555 0.044349975012518153 0.042699694901585213 0.048886157937231209 0.045574622488328179 0.033454455880312782 0.035919615701337927 0.012166078037382599 0.006671082095427253 -0.00090972276511781369 0.04604614602016395 0.036186478311165851 -0.0053806123548440022 0.0056593541851746899 0.021814800652391993 0.0063473264421121112 0.030590562497187408 0.0050814807465572659 0.031140581820080514 0.050538686042012657 0.044036301852437836 -0.00057337969756501665 -0.0059497744752837409 0.0042601691721978942 0.038275544125282557 0.0016820041341101169 0.0017143171789086671 0.033781227360220663 0.012604075576144026 0.042095303758539863 0.050921605958115228 0.0059618807600209794 0.0048194922313632383 0.0045622347813845067 0.018062059869697038 0.011915493548683091 0.045263518920742839 0.042841436486923595 0.046745049406125991 0.025225489145839934 0.0088070266140563118 0.039400443490956776 0.031904727323587144 0.0039146905057907324 0.0028009070805878099 0.038985790722736204 0.035464508228758851 0.046061035048815348 0.0017675563473134668 0.026491594973453086 0.019760170150229853 0.046207082554356703 -0.0063209018091599581 0.021162711331131529 -0.0021791416195123163 0.00052075916392710516 0.036722149915894613 0.018280602952228657 0.0073889855420222906 0.03589819827780491 0.025504849994084516 0.040292423052844556 0.027014615165330907 0.023493022492403998 0.011820300988622131 0.025515494835692071 0.018178274155569711 0.0083790010994553785 0.025266984768401234 0.0086328054374180119 0.03233887071346913 0.023838007757422917 0.034602942023379837 0.0089469947746093261 -0.002645807597815299 -0.0020266089636913577 0.029913144475903885 0.0022570464499592907 0.032460767882809993 0.0040764701813806896 0.012087964611784028 0.049570327831205171 0.025038915732614252 0.041045203011599085 0.031239333869936901 0.031964851502057627 0.0084603948151674383 -9.5793615756063592e-05 0.03859830470977222 0.031236351186020792 -0.0040537850179529081 0.031199263078772188 0.0013542036133899931 0.005567248748065602 0.014332941619110449 0.037586905381126294 0.005093906615231231 0.031866143788113865 0.044014397730924762 0.022822811978283709 0.03912677862744024 0.011147264467071292 0.035269009607175265 0.026118214137452415 0.019247516916305822 0.0055469773893996191 0.035301262748883934 -0.0011229685201152072 0.045687036009078127 0.041420041748692772 0.002982203878540984 0 0.013217606319446329 0.033540312209925219 0.026372599054563288 0.018397286193487468 0.0085851387887396595 0.034901486242661373 0.0087967233479133797 0.011384251483446453 0.04676046112990586 0.039170323401990385 0.039367378918953103 0.035194556015158501 0.039691115321807011 0.013152333127157996 0.00055429429429628904 0.034073458626032761 0.0012133197230616022 0.022262859420262963 0.0022158739344090633 0.036290771075195821 -0.0027518435096187243 -0.006980234298864023 0.0010199342391616563 0.044150322681532857
leaf_weight=7709.6271329857409 199.65403087809682 89.406426042318344 67.910640116780996 224.27012545615435 105.80169958621264 2306.0821966156363 500.29980559647083 53.557605691254139 1675.0987993106246 6013.5607670545578 2593.5088201090693 104.4935460537672 104.79673501104116 72.024775978177786 79.66610062494874 40.529281057417393 1224.6690671481192 24011.864726901054 49.266639269888401 381.59147176146507 219.66586150601506 155.14404238760471 418.8071936070919 3501.2338533550501 686.56940248608589 57.452365271747112 698.18601058796048 60.303746096789837 49.142113972455263 25.949166238307953 15582.796702891588 96.389606341719627 104.58461395278573 108.57769434899092 3376.8017849773169 146.66888158768415 115.21749570965767 71.345210701227188 66.420885492116213 45.899899147450924 110.82153650745749 39.81265003234148 118.95828031748533 206.30273301154375 114.49706216901541 94.780506923794746 955.79742562770844 27.256573967635632 2403.8342219144106 50.88731737434864 55.701278910040855 67.995114512741566 26.856813479214907 69.405500408262014 223.22508845478296 269.18576915562153 386.25781808048487 99.279067683964968 43.281765475869179 172.23503755405545 64.977310158312321 233.99357914179564 116.70998466014862 36.712168022990227 51.448319219052792 44.931450612843037 120.35617618262768 548.20745477080345 42.058878749608994 42.602205149829388 41.304980546236038 99.676183342933655 21.022443275898695 3654.0280806794763 36.349617071449757 105.6664834395051 193.48247629404068 500.92593689262867 45.955979254096746 48.79859658703208 115.9628817550838 2150.7006014809012 63.647346772253513 59.07132813334465 58.324215561151505 210.65913961455226 55.813032478094101 4372.3589619621634 48.041500426828861 71.655183777213097 43.063759591430426 465.22223163023591 323.01059350371361 175.07832349836826 93.614357240498066 53.358405541628599 789.91951209306717 91.272155441343784 31.953509278595448 47.155231170356274 77.20378564670682 163.10227609425783 10692.277045428753 30.279966216534376 40.978274215012789 32.860242273658514 54.863825958222151 67.449834756553173 142.77460196241736 102.25690088421106 60.727316964417696 211.35335858538747 39.201161481440067 122.14353489875793 37.199718128889799 78.002958476543427 27.359381582587957 34.288893949240446 458.11303263530135 109.60870499163866 58.311212614178658 52.356204740703106 60.935602877289057 217.34469572454691 31.38146797567606 70.138851650059223 33.950085580348969 285.33119644224644 30.766265958547592 34.211638085544109 61.326336484402418 36.234280362725258 40.663799673318863 43.676139295101166 98.09663974493742 131.50857219472528 575.95241228118539 18560.628351226449 2083.8422441110015 76.050933908671141 35.567166365683079 48.473868645727634 82.146758109331131 85.359798226505518 60.227394051849842 50.051556281745434 38.182856347411871 27.4432911016047 35.710857320576906 80.390615575015545 47.767538696527481 58.395799420773983 78.728494130074978 66.034839164465666 326.84489451348782 6541.8446573838592 54.527231082320213 28.190464004874229 219.66013384982944 259.9571715593338 365.94971722364426 39.902548119425774 54.85114249587059 337.41303391009569 67.874012559652328 52.209360800683498 59.12255871295929 948.99345815554261 87.946934148669243 36.038349751383066 213.84515266120434 56.013539299368858 597.6678084358573 26.582814134657383 47.100198663771152 50.882266238331795 245.21873339265585 61.053176693618298 108.77657987549901 312.7663556560874 51.414465982466936 407.2094640173018 399.71178618073463 65.674452491104603 257.15472696349025 54.147583998739719 32.347830891609192 53.320330813527107 147.07647335529327 73.793957978487015 204.64238254725933 123.32719787210226 110.5915869474411 107.71271849796176 55.306677773594856 56.529066897928715 55.02315554022789 100.75252804905176 32.386264357715845 824.66246361285448 158.36877154558897 440.14897615462542 385.82338832691312 44.941640444099903 54.000756423920393 86.987386036664248 29.452727526426315 34.960662398487329 255.83675112202764 24.051203034818172 252.40464679896832 81.276762410998344 65.047642439603806 92.955416604876518 84.205365389585495 63.557117402553558 457.55096387118101 183.35878765583038 730.48822844028473 60.177855916321278 160.48765598237514 92.680144496262074 189.36779376119375 36.267222046852112 125.03412990272045 80.669286850839853 28.260710664093494 74.61729920655489 42.959087178111076 41.921659097075462 106.31583481281996 191.82549482584 285.28971041738987 171.75223786011338 45.825194992125034 122.79186016321182 99.856680247932673 60.459295205771923 139.59062214940786 68.919062472879887 613.21675835549831 227.04257468134165 28.830957349389791 422.39925273507833 38.828416809439659 39.12987444549799 998.48582223430276 54.562632359564304 94.457384210079908 54.000986594706774 79.212861377745867 85.561505105346441 89.743789982050657 1756.8760412484407
leaf_count=147626 2977 796 909 1932 994 39399 1473 659 7232 12321 44493 1358 859 516 798 242 18461 23258 576 2124 2884 922 2148 8430 2212 613 10851 903 468 249 19273 622 822 1008 10167 606 796 527 793 193 1625 359 730 1840 1405 615 13559 443 13419 606 642 570 236 700 2997 1367 2481 702 462 1820 410 1787 817 445 237 519 506 3254 235 447 162 409 313 66794 388 1515 1278 2008 605 245 1970 6964 217 908 539 1207 200 15935 409 329 418 3575 3194 2276 664 619 3642 623 267 481 997 1220 15052 406 516 432 620 370 1908 1569 665 2297 361 1812 477 803 193 242 7025 600 260 305 350 1739 347 439 413 4405 221 224 911 464 336 550 621 1174 4066 11763 3344 958 456 410 342 1103 735 396 497 256 277 800 537 639 929 677 1730 16302 427 240 2917 1180 1915 388 595 2101 424 261 611 7677 602 241 3186 499 8895 409 516 397 3213 559 1092 1555 545 4043 4401 454 2214 506 250 483 844 665 1462 1454 1108 1556 637 542 378 1010 443 1216 746 1250 3034 325 521 1101 237 318 3715 255 3255 682 523 438 772 714 1618 1082 2853 422 762 460 1113 419 947 1052 217 408 450 377 906 1222 1748 1573 448 929 989 563 707 426 2102 1091 264 4640 395 205 15351 679 1391 509 1163 1141 1101 3758
internal_value=0.0355753 0.0439436 0.00553238 0.0342903 0.0195039 -0.00248546 0.0473924 0.0263706 0.0386155 0.0441918 -0.00535663 0.0292593 0.0126606 0.00426903 0.0201304 0.0354188 0.00996931 0.0487584 0.00139065 0.029584 0.0153673 0.0406474 0.0274456 0.0419364 0.0361645 0.0249781 0.000258171 0.00862652 0.0067926 0.0101496 0.0469489 0.0209716 0.0188264 0.0173285 0.0394204 0.0375312 0.0151338 0.0254698 0.0247961 0.0322788 0.0105494 0.0138281 0.0259507 0.0294083 0.0193705 0.0201097 0.00873596 0.0130704 0.0307862 0.0111656 0.0163733 0.0238959 0.0255707 0.0140945 0.018019 0.0318509 0.0290229 0.0304672 0.020853 0.0185633 0.032993 0.031582 0.0354502 0.0264913 0.0257789 0.0199671 0.0295615 0.0276118 0.0214829 0.0310499 0.0189974 0.0298567 -0.0071596 -0.00487061 0.000416073 0.0140352 0.0341102 0.0353751 0.0197555 0.0272143 -8.00162e-05 0.0415735 0.0299104 -0.00210433 0.0213151 0.0285067 0.0264137 0.0394216 0.0353024 0.0204196 0.0220371 0.0206519 0.0171421 0.00970253 0.0343118 0.0257659 0.0382846 0.0347931 0.00830139 0.00715059 0.00726576 0.0145364 0.0463076 0.0212637 0.0229451 0.0255 0.033547 0.0329696 0.00887909 0.00665733 0.0233106 0.0161248 0.00468922 0.0147609 0.0307753 0.0140023 0.0238585 0.0224083 0.00626674 0.0251357 0.0225724 0.0283462 0.0256267 0.0221073 0.014498 0.0280486 0.00840759 0.00624162 0.0263591 0.0263086 0.00572334 0.0249696 0.0049422 0.0067959 0.0251758 0.0190296 0.0290347 0.0496028 0.0475148 0.00837726 0.0155617 0.0296487 0.0242628 0.0219031 0.0282873 0.0166999 0.0171695 0.011808 0.0321076 0.0155364 0.0252398 0.0265945 0.00230233 0.028589 0.0397011 0.0418589 0.0330882 0.000456902 0.0135715 0.034191 0.0277948 0.0272572 0.0278351 0.0343827 0.0212249 0.0250766 0.0239557 0.0252419 0.0109845 0.0264395 -0.00116202 0.00956284 0.000643163 0.0102035 0.0241527 0.0364732 0.0206752 0.01663 0.0130958 0.0339361 0.0115289 0.0165894 0.0177668 0.0414152 0.0141357 0.0185888 0.012052 0.0238897 0.0260866 0.00938069 0.0274882 0.0195471 0.00386348 0.00699522 0.018653 0.0200614 0.0231527 0.0144502 0.0304594 0.0445596 0.0435256 0.0369241 0.0256006 0.012174 0.0285162 0.00521974 0.0153846 0.00916506 0.00250283 0.00771005 0.00419203 0.0150502 0.0318273 0.0255727 0.019051 0.0106356 0.0356208 0.0336534 0.0350297 0.0304446 0.0322899 0.0411236 0.0267841 0.0349396 0.0288224 0.00893039 0.0225286 0.0207169 0.0245 0.0209798 0.0235695 0.026463 0.0232354 0.0283614 0.0309794 0.0258412 0.0209832 0.0274032 0.0383457 0.0273976 0.035913 0.0289825 0.0204495 0.0101597 0.0335773 0.0179352 -0.00117074 0.00235359 0.014056 0.0196099 0.0128173 0.00482256 0.0112379 0.0424773
internal_weight=154806 121079 33727.2 31877.4 12297.1 21430.1 89201.7 11265.9 20611.5 26705.4 15039.2 5066.57 7230.58 6390.89 3835.37 10515.5 5315.95 62496.3 4293.51 7430.5 2083.58 9999.59 5057.4 10096 1932.44 3134.13 3654.51 4852.08 970.553 2097.38 19923.8 1727.81 1531.37 1426.79 5171.6 7210.99 756.713 971.099 3275.91 1781.49 3627.41 1810.32 2952.33 1559.22 218.291 1914.62 1933.78 977.98 3304.55 165.514 1142.65 463.875 771.979 987.665 272.367 1245.87 976.68 154.98 114.627 971.47 1088.26 1352.92 814.592 163.601 253.754 202.305 1362.69 1176.66 485.443 870.878 171.854 1406.32 11384.7 3675.05 4075.22 142.016 2373.1 2097.47 1207.12 354.245 3933.21 8911.34 218.791 2683.96 349.937 1306.64 1095.98 4589.17 1794.8 119.697 1393.11 1274.15 808.931 635.815 1023.28 1751.79 1382.12 881.192 838.849 806.896 1817.09 698.418 16705.8 788.142 677.199 574.291 126.889 110.514 1526.04 1171.91 121.031 354.128 1050.88 198.544 76.4009 432.546 648.932 621.572 574.076 900.712 740.221 485.417 433.061 372.125 90.4528 216.808 628.043 563.327 64.7164 229.82 552.209 76.0469 85.5953 183.329 1040.17 406.766 633.405 42572.5 17666.6 102.908 144.145 715.355 275.629 351.85 215.076 110.279 291.613 217.719 73.8937 114.602 331.147 1672.12 852.336 283.38 560.838 8692.55 103.794 203.269 277.996 2621.82 487.756 1618.76 1578.86 460.138 122.725 1118.72 1066.51 1007.39 130.549 114.041 291.049 88.8738 773.608 175.94 73.683 160.491 587.284 415.048 353.995 699.024 136.774 852.877 806.921 186.031 323.576 439.543 238.319 95.3792 201.224 318.505 395.965 191.322 142.939 190.276 82.5633 375.407 318.878 155.776 58.3354 4924.41 4099.75 598.518 538.323 98.4992 439.824 730.849 151.401 121.948 579.448 323.611 276.456 121.806 691.213 275.257 182.302 352.555 2134.07 1583.84 1400.48 669.99 609.813 550.231 349.855 210.1 161.301 139.21 58.5407 681.91 457.639 383.022 341.1 298.141 333.764 805.585 633.832 379.497 283.108 183.251 254.335 114.744 929.666 316.449 72.5071 526.893 626.166 77.9583 3359.13 1053.05 291.228 196.771 142.77 244.711 159.149 2257.18
internal_count=780898 285905 494993 166195 123468 371525 119710 87136 79059 56841 274797 34990 88478 96728 37608 49280 69465 62869 68735 49528 23495 29468 37353 29779 9820 25170 60064 65070 14316 27993 27848 15670 15830 15008 18137 29309 7818 7852 26249 11104 46609 21685 23242 11805 2408 19013 26412 12853 19971 1595 12149 4395 6864 10805 3465 7608 6241 1344 989 11233 5063 9965 5426 1581 1909 1672 8956 7996 3619 5247 1211 9500 214733 67107 66327 1903 12175 10555 12124 3075 64424 24405 1139 45748 4205 9091 7884 16980 7970 738 11437 10707 7132 7167 4653 14113 6273 4265 10452 10185 24924 6344 27373 8794 6249 5055 1136 788 20741 16536 1568 4205 14968 2650 838 4651 7119 6926 8995 6552 5555 4124 3819 3469 1255 1045 8648 8014 634 1820 7665 823 855 2439 7684 3005 4679 35021 22617 1194 1464 4282 1620 3638 1990 1131 3666 2892 774 1024 2953 13315 12318 2416 3517 23266 1003 2516 3609 12329 2839 12696 12308 3120 1019 9188 8927 8316 1049 1044 4183 931 11389 2494 925 997 6684 4864 4305 4036 1648 9049 8444 960 3007 3426 2076 718 1350 3607 3486 2024 1358 2636 1080 3150 2608 1388 692 11642 10426 1996 4539 984 3555 9362 1656 1419 7706 3991 3510 924 4377 1831 1393 4688 9490 7412 6330 3477 3055 2078 1875 1611 1366 1675 623 5295 3363 2955 2578 2128 2158 6257 4684 3103 2481 1492 1581 874 3989 1887 814 5998 3854 600 55429 16030 3777 2386 1877 2942 1801 5231
is_linear=0
shrinkage=0.01


Tree=16
num_leaves=255
num_cat=0
split_feature=7 7 54 54 55 6 54 54 49 44 6 49 6 6 12 48 121 49 55 10 6 6 70 7 11 6 33 48 69 121 37 49 50 121 6 139 48 133 30 50 32 67 50 46 20 133 60 120 54 120 12 136 46 31 27 33 54 33 21 45 39 55 54 70 60 55 14 3 117 21 20 60 120 30 18 63 138 24 9 18 119 120 9 14 18 20 24 133 24 21 32 12 7 57 42 18 122 94 30 120 67 50 120 133 12 54 122 20 46 138 50 18 20 46 38 138 120 32 57 92 121 132 38 138 24 60 122 55 46 24 39 117 31 48 92 20 33 14 24 24 137 34 54 115 33 55 7 120 121 27 46 132 60 54 46 30 122 38 98 132 33 54 133 128 138 39 37 31 30 98 70 54 30 32 24 117 54 121 10 134 82 38 25 34 54 46 44 74 137 70 54 48 44 117 94 57 136 115 32 55 42 97 20 59 55 64 31 34 94 121 51 24 46 11 21 10 51 45 42 59 139 54 122 21 63 39 24 51 18 21 3 27 94 20 115 146 121 116 59 122 116 27 7 45 30 100 136 21 50 121 115 18 115 3
split_gain=360738 37093.3 36390.8 10017.4 7673.45 4088.63 3583.15 2079.67 2053.06 1522.17 1367.7 1338.15 1160.37 1113.85 1084.32 1046.02 979.181 852.955 805.521 754.022 723.445 639.333 603.295 577.966 577.2 573.576 564.917 508.911 506.744 479.158 413.142 406.508 526.694 399.207 397.027 386.822 373.123 372.57 367.308 480.593 355.937 352.888 434.362 351.001 349.798 349.136 344.564 340.366 336.983 333.695 327.536 318.581 319.697 331.847 390.387 353.474 316.736 315.7 314.134 312.549 312.354 308.878 305.069 300.338 299.319 297.578 294.366 293.377 292.066 355.318 290.79 286.5 279.389 279.354 294.135 278.858 275.27 271.271 268.379 280.641 353.898 277.634 267.684 267.42 267.36 298.91 278.735 265.008 263.324 291.035 262.152 313.918 283.783 306.503 281.804 267.889 259.264 267.786 258.592 257.33 255.82 327.009 261.885 346.612 326.775 253.651 247.488 245.893 241.466 315.334 240.006 237.323 243.361 235.006 482.452 242.077 279.478 234.949 234.816 250.484 318.22 233.833 233.709 233.052 232.921 231.084 230.082 229.51 229.312 227.782 226.189 229.946 323.579 225.593 225.291 313.785 224.38 237.781 281.535 224.206 286.547 351.878 296.392 273.328 223.843 237.005 223.824 223.162 281 219.919 218.753 283.734 243.194 376.512 234.797 296.646 396.61 216.983 216.618 359.005 226.614 259.556 215.762 214.653 287.159 291.843 275.531 213.939 236.704 213.765 244.266 213.536 213.125 366.901 225.784 212.01 279.231 225.722 210.623 210.487 210.351 211.31 209.787 209.718 208.977 219.265 208.647 208.205 258.572 262.019 241.415 266.893 223.158 213.543 207.599 288.941 207.077 205.578 205.174 204.869 286.464 321.988 272.426 206.117 204.773 203.316 202.872 202.763 296.522 202.24 202.056 217.765 203.854 201.483 201.209 274.375 201.151 213.862 198.4 197.961 339.574 197.899 196.507 238.735 260.981 222.274 195.866 219.133 195.678 195.605 195.089 213.144 201.067 220.592 279.12 414.913 194.562 193.343 207.534 191.872 260.766 191.309 245.504 218.674 270.783 197.761 227.892 191.038 251.857 190.987 320.149 190.885 190.472 189.957
threshold=399.03000000000003 2978.5900000000006 130.50000000000003 651.50000000000011 315.50000000000006 79.940000000000012 2331.5000000000005 185.50000000000003 536.41070000000002 4.5000000000000009 512.55000000000007 1148.9267000000002 1438.075 15399.740000000002 22.500000000000004 131.60263 5574.8050000000012 55.753564000000004 27.500000000000004 399.05000000000007 1572.8950000000002 3005.8450000000007 1.5000000000000002 6669.4150000000009 13.095000000000001 38.050000000000004 62.500000000000007 15780.865500000002 1.0000000180025095e-35 3370.2700000000004 20.500000000000004 8.1727440000000016 2.5000000000000004 6681.2600000000011 4962.9050000000016 2.5000000000000004 24.929102500000003 83.500000000000014 2495.5000000000005 1.0000000180025095e-35 148.50000000000003 1.5000000000000002 1.5000000000000002 849.80415000000005 50.636307000000009 48.500000000000007 43.500000000000007 10.500000000000002 831.50000000000011 20.500000000000004 17.500000000000004 94.500000000000014 222.54483000000002 799.50000000000011 1125.5000000000002 364.50000000000006 847.50000000000011 26.500000000000004 150.50000000000003 24.500000000000004 67.500000000000014 153.50000000000003 15.500000000000002 1.0000000180025095e-35 35.500000000000007 1.0000000180025095e-35 1.0000000180025095e-35 6.5000000000000009 0.037041520500000008 1327.5000000000002 57.900500000000008 1.5000000000000002 20.500000000000004 4294.5000000000009 56.003462000000006 14.500000000000002 93.500000000000014 1238.5000000000002 232.45000000000002 39.901250000000012 27.500000000000004 7.5000000000000009 447.61000000000007 5.5000000000000009 66.903080000000017 148.50071500000004 1905.5000000000002 90.500000000000014 1613.5000000000002 393.50000000000006 208.50000000000003 17.500000000000004 179.98500000000004 125.50000000000001 45.500000000000007 72.933667000000014 574.50000000000011 21.500000000000004 1614.5000000000002 3.5000000000000004 14.500000000000002 1042.5000000000002 42.500000000000007 88.500000000000014 17.500000000000004 53.500000000000007 331.50000000000006 70.677500000000023 1360.3722500000001 53.500000000000007 1105.5000000000002 178.11708000000002 132.19875000000002 442.99090000000007 27.500000000000004 69.500000000000014 11.500000000000002 962.50000000000011 5.5000000000000009 1.0000000180025095e-35 2655.3200000000002 88.500000000000014 405.50000000000006 32.500000000000007 2227.5000000000005 1.5000000000000002 23.500000000000004 138.50000000000003 1081.7741500000002 1729.5000000000002 24.500000000000004 0.0023259679000000003 616.50000000000011 123.55763 1.5000000000000002 64.053315000000012 938.50000000000011 1.5000000000000002 662.50000000000011 2092.5000000000005 93.500000000000014 81.500000000000014 1704.5000000000002 0.06897120700000002 439.50000000000006 86.500000000000014 1351.7300000000002 38.500000000000007 632.56500000000017 690.50000000000011 1285.5556000000004 48.500000000000007 1.0000000180025095e-35 87.500000000000014 1081.7741500000002 936.50000000000011 39.500000000000007 398.50000000000006 5.5000000000000009 56.500000000000007 132.50000000000003 124.50000000000001 85.500000000000014 1.5000000000000002 62.500000000000007 8.5000000000000018 5.5000000000000009 1204.5000000000002 3768.5000000000005 11.500000000000002 2.5000000000000004 4335.5000000000009 1805.5000000000002 163.50000000000003 1924.5000000000002 0.00094950851500000017 798.50000000000011 11687.245000000001 203.90500000000003 53.500000000000007 12.500000000000002 49.500000000000007 4.5000000000000009 106.50000000000001 39.500000000000007 9257.2790000000023 7.5000000000000009 28.500000000000004 83.500000000000014 2.5000000000000004 277.50000000000006 1731.3814000000002 14.500000000000002 0.012048512000000003 10.500000000000002 4.5000000000000009 68.500000000000014 0.062017492000000007 570.50000000000011 659.50000000000011 109.50000000000001 1.5000000000000002 34.901665000000001 19.500000000000004 275.50000000000006 1.0000000180025095e-35 224.50000000000003 95.500000000000014 14.500000000000002 1076.5550000000001 5.5000000000000009 1687.5000000000002 509.13099000000005 41.550000000000004 709.50000000000011 59.905000000000008 6.5000000000000009 11.500000000000002 89.500000000000014 4.5000000000000009 1.5000000000000002 82.500000000000014 173.50000000000003 499.50000000000006 5.5000000000000009 166.50000000000003 2096.5000000000005 2.5000000000000004 83.248848000000024 810.50000000000011 2.5000000000000004 444.50000000000006 10.500000000000002 17.803846000000004 0.10247411500000002 2.5000000000000004 3370.2700000000004 0.00082954455000000006 24.500000000000004 50.500000000000007 0.0063297030000000016 599.50000000000011 89.805000000000021 10.500000000000002 1143.5000000000002 1.5000000000000002 51.500000000000007 1296.5000000000002 3.5000000000000004 5861.3050000000012 0.087842655000000006 279.00725000000006 0.11486724200000002 4.5000000000000009
decision_type=2 2 2 2 2 2 2 2 2 2 2 2 2 2 2 2 2 2 2 2 2 2 2 2 2 2 2 2 2 2 2 2 2 2 2 2 2 2 2 2 2 2 2 2 2 2 2 2 2 2 2 2 2 2 2 2 2 2 2 2 2 2 2 2 2 2 2 2 2 2 2 2 2 2 2 2 2 2 2 2 2 2 2 2 2 2 2 2 2 2 2 2 2 2 2 2 2 2 2 2 2 2 2 2 2 2 2 2 2 2 2 2 2 2 2 2 2 2 2 2 2 2 2 2 2 2 2 2 2 2 2 2 2 2 2 2 2 2 2 2 2 2 2 2 2 2 2 2 2 2 2 2 2 2 2 2 2 2 2 2 2 2 2 2 2 2 2 2 2 2 2 2 2 2 2 2 2 2 2 2 2 2 2 2 2 2 2 2 2 2 2 2 2 2 2 2 2 2 2 2 2 2 2 2 2 2 2 2 2 2 2 2 2 2 2 2 2 2 2 2 2 2 2 2 2 2 2 2 2 2 2 2 2 2 2 2 2 2 2 2 2 2 2 2 2 2 2 2 2 2 2 2 2 2
left_child=2 3 5 7 10 9 14 16 12 26 17 25 57 46 37 20 18 33 88 34 78 24 76 48 38 56 219 67 29 150 147 32 106 43 100 44 221 61 60 -40 206 49 186 -4 121 169 -8 -24 -16 66 124 52 -38 158 55 228 -6 -5 -45 65 118 247 -31 -29 249 -11 194 73 84 -70 237 -67 -64 74 222 -15 90 214 79 80 -7 -80 213 130 129 86 127 180 89 105 92 95 93 94 163 133 97 108 -82 -58 101 102 103 122 -105 -2 -18 -99 109 -23 157 112 167 -73 115 116 -115 -116 230 120 -120 199 149 -47 -51 -97 -101 -86 -49 -44 131 -37 -133 -92 135 -132 137 204 -139 140 142 -142 175 -144 -57 -146 182 148 229 239 151 154 153 -153 155 156 -17 -66 160 -160 -54 -162 -36 164 165 -19 -167 210 -169 170 -26 252 173 251 -175 -72 177 -177 183 -122 -59 -182 -121 -130 185 -81 -43 -110 190 193 191 -189 -192 -190 -12 -196 -79 -113 -39 200 201 203 -203 -27 -41 -75 -22 208 -62 -68 211 212 -33 -25 -46 -216 -183 253 -50 -1 -221 -20 223 -13 225 -225 227 -52 -55 -30 231 -9 233 -233 235 -235 -176 238 -14 -10 -241 242 -127 244 -243 -246 -247 248 -3 250 -21 -90 -104 -218
right_child=1 6 4 8 11 15 13 21 19 59 41 27 70 75 23 28 31 22 36 64 40 96 47 82 45 35 -28 63 30 62 -32 111 -34 -35 162 83 51 198 39 136 -42 42 68 58 77 123 -48 128 218 50 226 -53 53 54 -56 144 99 87 -60 -61 207 -63 72 -65 110 71 209 -69 69 -71 139 113 -74 205 -76 -77 -78 196 81 184 98 -83 -84 -85 85 -87 -88 -89 172 -91 91 -93 -94 -95 -96 125 -98 107 -100 126 -102 -103 171 104 -106 -107 -108 -109 187 -111 -112 197 -114 114 117 -117 -118 -119 119 146 179 -123 -124 -125 -126 241 -128 -129 178 -131 134 132 -134 -135 -136 -137 -138 138 -140 -141 141 -143 143 -145 145 -147 -148 -149 -150 -151 -152 152 -154 -155 -156 -157 -158 -159 159 -161 161 -163 -164 -165 -166 166 -168 168 -170 -171 -172 -173 -174 174 236 176 -178 -179 -180 -181 181 216 -184 -185 -186 -187 -188 188 189 -191 192 -193 -194 -195 195 -197 -198 -199 -200 -201 -202 202 -204 -205 -206 -207 -208 -209 -210 -211 -212 -213 -214 -215 215 -217 217 -219 -220 220 -222 -223 -224 224 -226 -227 -228 -229 -230 -231 -232 232 -234 234 -236 -237 -238 -239 -240 240 -242 243 -244 -245 245 246 -248 -249 -250 -251 -252 -253 -254 -255
leaf_value=-0.0077847798108565073 0.0075681032502484718 0.00039696677450743486 0.00032228013281425784 0.049450822343974313 0.0030743874648412974 0.00085968842436766097 0.041971646825991187 0.004378755214875108 0.037712690390719734 0.034211660267778519 0.0014701739071568199 0.03576450791825906 0.010769251918667897 0.046637487289166522 0.037527839258586361 0.00403246750305279 0.025326931309806535 0.05048379769346404 0.017895080871419156 0.036706665794623679 0.020955287107324642 0.0088649194826709906 0.034732609307710931 0.028676560671032084 0.029091839576055368 0.026624925309312878 -0.0029577811403289529 0.022060391822252595 0.023102363409259096 -0.0061045886008110842 0.050154991509470628 0.040537410864979709 -0.0081541413024269708 0.03533542136175663 0.042996135392085313 0.037849738217758909 0.00020732161164967167 0.028999648277497736 0.0059898292588688755 0.0011173393155571505 0.0063962755547398945 0.020466887364842624 0.04799190638377817 0.030560162305531786 0.033479215432862384 0.012003969905118872 0.045285567231741965 -0.0060032770777574095 0.044742328644001288 0.0060911708745208862 0.0084340305994833505 0.00092579726449609941 0.038805417112617237 -0.0026258136064336471 0.040747512057605614 0.040503809878684037 0.039878609366089703 0.0074424750474107364 0.0070614195192528094 0.029078073134561701 0.0042256083886546966 0.03871283863828473 0.046423843877811594 0.042936075013415995 0.043723649291602891 -0.0018672628523750936 0.0093928802112391557 0.047544006742385396 0.031596307588950746 -0.0029044065081302978 0.044790370049992152 0 0.018143752503140029 0.0056485932628265812 0.036503452704840685 0.048235512841657932 -0.00022405854561808545 0.039960373870010557 0.036419194619509952 -0.0033604289090334301 0.012405404573401398 0.0050994279659402906 0.044577240420103435 0.036630580298663673 0.027248774111029599 0.05113522305493793 0.034850861000648541 0.00079850968396628799 0.00054286059542380698 0.0039399045609077735 -0.0071092552617763906 0.043964190144695395 -0.0059500204770152063 0.0052709553707372602 0.0020214685256431195 0 0.047621801949719864 0.0033791706941142326 0.046137799875471432 -0.0064024753439600283 0.038662433122728115 0.015611287710590994 0.027870357809691444 0.0034307087760586485 0.035826610287054535 0.045707755456551695 -0.0019383049101824629 0.028081399027060965 0.046495846152381066 0.030498578744336285 0.048008331838415901 0.022950746231878146 0.010998553685827228 0.042108014097105566 0.00073183425218789882 0.0022652179185482044 0.0071669397718532668 0.032997687393781082 0.024628336209236653 0.023139836379633034 0.043495900611137887 0.0074759213140422436 0.029898625333783367 0.029669983174384899 0.029746280488898613 -0.007280796122979649 0.024248393583578602 0.0031848401320390541 0.02682800361398395 0.020834463196569866 -0.0043711837905710208 0.033203513666716505 0.0022708421969724018 0.0089164127768344478 0.023087386729521403 0.019791754044390437 0.040646094989813239 0.0027924329971500605 0.024452977297826983 0.039879986671434914 0.033858538348972664 0.001184579624758032 0.04326495751997831 0.03181796594919388 0.0011403908665242725 0.032836753354778425 0.002663866749013648 -0.0021932209235405705 0.024693845599782376 0.042371191255601133 0.0015036170140342493 0.0078726542362366637 -0.00041091888300901137 0.050514962598919667 0.045623380374219175 -7.5145433376076561e-05 0.047561749017041043 0.038668385687676783 0.0046634202588724397 0.040392331842408515 0.010009370114583397 0.036885251256091135 0.027362892694398542 0.05384462177129265 0.0017936074951951321 0.0030619704369951161 0.043365584356368031 0.045004944067774749 0.021355816171997558 0.020611728641223768 0.047920616977219867 0.040800086210481458 0.0038159707891427344 0.040228729796322957 0.0050545895688100997 0.033363994157923724 0.028768188934394142 0.049953087265292163 -0.002222492122523778 0.023146880708671842 0.035911536404055408 0.020738284995426508 0.046469340442833781 0.0050220198777875336 0.0022451580033357394 0.026083469068974633 -0.0011336009703317492 0.013879118268180491 0.016651941214412873 0.0013190981989117893 0.040163965287883255 0.038492781257314722 0.030470612459843185 0.042643331633948893 0.047045620062473106 0.006668689071362234 0.020385439620313313 0.041354793466633746 0.0073772705413220219 0.030641570161137267 0.0082840863871831167 0.034128859215162489 0.0064675692186142077 0.0040961044408414143 0.026896768839796015 0.025732716407346201 0.051376279102039096 -0.0062677239554599362 0.033045675499516543 0.033715292391399268 0.041236892581641947 0.001428940621262981 0.014573210606781697 0.046974084320216297 0.031791455888149689 -0.00086763661564949468 0.025455815626077138 0.013380104674419658 0.040464045260609226 0.039414219516656378 -0.0022354298245450275 -0.0079768336025107904 0.046668488892481319 0.020722436228487569 0.03556150180965189 0.0011508340823288483 0.042688636087959121 0.036237960921068346 0.014605953044450172 -0.0056461157738282022 0.030833633055755746 0.04118019309264951 0.011417747391052287 -0.0011771373577470112 0.040036460335864374 0.039136449385418472 0.033177484574893681 0.032490228229068475 0.028959884580616282 0.0092225037679714225 0.039039799985314087 0.043432863727782343 0.018347470757376069 0.040854176945520772 0.030605220872749545 0.025233063067433528 -0.0044249574196600847 0.032248493899233205 0.032033619046750006 0.04139029057243189 0.01835167235657386 0.025608653591212498 0.039468702726435982 0.045073569368578918
leaf_weight=9753.8165301196277 40.738939218223095 52.034308336675167 1009.3786672540009 49.139440327882767 198.4064132720232 400.96731819584966 4901.8275774046779 79.344398427754641 284.03107705712318 29.277676172554493 86.970216300338507 152.33960620313883 103.69645933806896 30070.061826184392 2735.543197825551 40.722819559276104 355.29597460851073 58.78332619741559 52.162917945533991 801.60859829932451 71.247680984437466 90.50545309484005 170.43143574148417 223.63751281797886 117.11069490015507 68.217921443283558 3615.9042538702488 86.340023778378963 34.713672414422035 38.0297547057271 38.595101077109575 49.110857374966145 62.270856730639935 41.788092043250799 1346.0718663483858 74.105627544224262 54.744451463222504 124.35186674073339 207.08747220411897 101.12122116237879 115.12435828521848 96.742693439126015 144.7011905349791 58.069630805402994 91.643933031708002 85.184551440179348 13221.539041139185 36.335108157247305 2087.4204028993845 517.59175085648894 93.985513783991337 64.220818717032671 305.37542446702719 94.807279404252768 72.81120840460062 73.230515163391829 52.782748512923717 73.324354641139507 1299.9426385946572 48.521378375589848 69.301733154803514 1415.4872850030661 44.055421710014343 691.66753754764795 2783.8406086340547 634.66834256798029 44.232644081115723 100.28263714909554 56.268577516078949 59.598003834486008 143.7581567838788 260.90334387123585 184.99139124900103 81.204139895737171 586.16306877881289 23037.466407746077 191.28443293645978 433.01690609753132 37.5495345890522 2170.5247787162662 166.02861256897449 106.13947349414229 9853.6732127666473 69.389128528535366 67.100503914058208 40.377431996166706 99.313640121370554 50.666018314659595 108.08759773522615 658.76389710232615 92.345342859625816 26.300257794559002 35.957381643354893 75.584533490240574 35.102157283574343 72.564043149352074 123.60714502632618 61.723057106137276 25.391174081712961 38.745939094573259 2103.8957702443004 100.76169253885746 1128.038606800139 61.626633264124393 63.54561971873045 30.947056137025356 35.666235875338316 123.33880435675383 155.59356094151735 308.5395672544837 923.16410322487354 93.547033779323101 96.283914566040039 85.950118314474821 241.99342921003699 34.551232188940048 33.211956914514303 22.988650470972061 206.09183480963111 241.86812093481421 368.37751190364361 82.13457714766264 326.58672775328159 1308.5467092320323 43.86312185972929 50.97845870628953 59.734812375158072 96.967709995806217 239.54346552118659 46.883571237325668 142.35538734123111 57.651515509933233 80.582898680120707 1244.3434602543712 93.237940292805433 83.405826523900032 66.777908004820347 65.562207259237766 992.86455959826708 1220.3010503575206 73.316893890500069 60.03703048825264 707.32115770876408 357.04852491617203 50.068471807986498 44.053897377103567 43.341362729668617 55.303910031914711 254.88583169132471 1102.4367593452334 782.34273482486606 123.46095433086157 285.14388486742973 23.404798235744238 28.353128597140312 73.511675767600536 43.234018340706825 1605.0277187675238 77.820366412401199 43.294550683349371 79.559741098433733 69.118009425699711 113.04740902036428 41.227745477110147 35.904550816863775 43.64088499173522 26.748466655611992 130.27170921117067 74.347767882049084 61.401935584843159 253.64995791018009 219.01421970874071 114.51712300628424 91.935559332370758 57.159693859517574 333.13453888148069 1225.9161458387971 131.34190490841866 36.893484063446522 70.467648319900036 172.14086875319481 777.01383594423532 49.155780665576458 56.689522709697485 1146.3937910497189 23.539916321635246 79.842052038758993 115.19297923147678 75.697528637945652 47.557470925152302 773.6409901753068 75.684681929647923 421.92779026180506 61.259767390787601 30.224811103194952 42.680059939622879 71.950909145176411 271.60865892842412 72.081948183476925 456.38521982729435 134.69792881980538 292.31059554219246 42.756262697279453 101.48380089178681 43.004443004727364 144.23284227401018 35.398699358105659 36.713972888886929 75.214286252856255 216.13826395943761 45.354236252605915 60.664128892123699 88.657782383263111 98.045506425201893 41.515608958899975 61.269957914948463 116.09969246387482 60.968609124422073 3604.7747438848019 19.830293156206608 185.74755162373185 62.762918140739202 46.162061721086502 293.43187379464507 97.104405999183655 73.881712306290865 41.302719302475452 40.69641275703907 203.87045102566481 64.128217563033104 259.84828437119722 84.092328317463398 115.58322798460722 79.857161000370979 49.664812996983528 35.14527603238821 43.82375256344676 905.18663644790649 181.82304868847132 73.496254824101925 50.219517141580582 35.19778523221612 125.26124943047762 63.874241150915623 43.064636770635843 36.848181784152985 75.280598115175962 390.93150098621845 48.03491597622633 946.85321594774723 117.56584285199642 40.784981172531843 182.96104130148888 110.54371505230665
leaf_count=186544 538 475 15648 209 2474 6340 9771 885 1194 387 1145 754 820 29744 9313 605 2988 563 576 3150 767 712 1271 885 753 615 63637 574 350 580 219 307 719 412 3395 523 676 666 2070 1127 1405 938 828 628 569 719 18224 489 4253 6165 961 765 2234 1149 475 515 327 654 17858 441 673 4349 344 2105 6399 10472 494 311 433 718 501 4195 2086 723 3004 15063 2677 2387 388 37327 2491 1515 15455 420 605 189 740 487 1489 8652 1452 155 487 977 477 1040 370 499 259 473 7111 600 5675 512 266 219 415 634 552 1739 1458 717 856 883 3618 502 473 245 1662 1880 1948 836 1581 8237 377 739 529 1066 2144 414 1646 435 908 15721 735 686 357 653 7600 4411 342 468 2137 1420 574 328 387 741 2702 4098 11526 1811 4154 199 263 1095 395 4191 854 285 827 460 489 343 518 627 245 694 564 428 967 672 1403 770 740 1681 6118 341 429 534 1036 5758 246 625 17698 309 933 873 519 384 3199 336 2080 278 231 502 576 1468 496 3026 1370 2113 424 1146 308 885 236 406 496 1771 232 619 765 187 292 617 749 438 8611 232 3168 861 179 2154 493 681 236 267 2035 923 1859 584 1130 899 329 216 376 4382 937 538 193 277 1334 492 444 369 1024 1986 232 2794 716 463 679 459
internal_value=0.034397 0.0422616 0.00545525 0.0331057 0.0190189 -0.002466 0.0455157 0.0255787 0.0371875 -0.00532858 0.012409 0.0283289 0.0326438 0.0465865 0.0418275 0.00421284 0.0196104 0.00979176 0.0159012 0.0393542 0.00137568 0.028632 0.0133984 0.0426079 0.0265983 0.0236442 -0.00635009 0.0339302 0.00996766 0.00740551 0.0194131 0.0264671 0.0185227 0.00536357 0.0369928 0.025342 0.0211977 0.0348855 0.024074 0.0202512 0.0188831 0.0195963 0.0248105 0.00480092 0.0276043 0.0311798 0.0443945 0.02297 0.0405925 0.0160027 0.0118664 0.0228038 0.0239938 0.0251513 0.0193215 0.0157928 0.0115076 0.024458 0.00811706 0.0046208 0.0270714 0.0362594 0.0196466 0.0406947 0.0416959 0.0036882 0.0231468 0.0305346 0.0288107 0.0140173 0.0347527 0.00294969 0.0239813 0.0293082 0.03119 0.0473327 0.0112331 0.0333258 0.000411998 -7.91549e-05 0.00624956 0.0137403 0.0442678 0.0181871 0.0321807 0.0259222 0.021663 0.0234769 0.00985149 0.00607924 0.0122245 0.0106967 0.0201682 0.023181 0.0286581 0.0101685 0.0329188 0.0320874 0.0173624 0.0223194 0.0357376 0.0340014 0.03452 0.0370525 0.0202604 0.0249625 0.022817 0.0200202 0.0331135 0.0256856 0.0429775 0.0303643 0.0259008 0.00745513 0.0120793 0.0260643 0.0327311 0.00379475 0.0284282 0.0316959 0.0354474 0.0241481 0.0381682 0.0286162 0.00805598 0.016405 0.0122023 0.0132963 0.0173592 0.0416817 0.0156315 0.0236482 0.0155324 0.00779284 0.0101499 0.00460714 0.0225569 0.0214783 0.0231285 0.0360252 0.0344452 0.0194572 0.0351174 0.0395013 0.0273911 0.0164544 0.0242624 0.0162582 0.0191672 0.039908 0.00503876 0.00947978 0.00496081 0.0153228 0.0197678 0.0145359 0.0271495 0.0418957 0.0305096 0.0179652 0.0337404 0.0228937 0.0418309 0.0330793 0.0272509 0.0341155 0.0192908 0.0290154 0.0367504 0.0392546 0.0421881 0.0312217 0.0158153 0.019761 0.0288235 0.0325277 0.0314272 0.0382705 0.0199579 0.0403709 0.0243438 0.0253241 0.0274047 0.0227502 -0.00120753 -0.00301651 0.010741 0.0347928 0.0335697 0.0218577 0.0350874 0.0239884 0.036808 0.0287961 0.0121377 0.0243508 0.0372824 0.0368179 0.02127 0.0253727 0.0215129 0.0249766 0.0306881 0.0134153 0.00914073 0.0186555 0.0319047 0.0142457 0.0195398 0.0297245 0.0222362 0.0174753 0.0243479 0.0345401 0.022724 0.0125831 0.0235387 0.0308744 0.0420499 -0.00757988 0.00207502 0.00378571 0.026381 0.0247004 0.0209119 0.0168404 0.0237397 0.0173159 0.00912185 0.00460925 0.0237885 0.0195201 0.0227483 0.02784 0.020555 0.0115158 0.0177635 0.030147 0.022509 0.0330494 0.0218342 0.0191756 0.0108797 0.024757 0.018936 0.0128346 0.00550514 0.0290379 0.0160112 0.0380002 0.0344148 0.00772458 0.0295543 0.0353785
internal_weight=158488 124622 33866 32685 12485.4 21380.5 91936.9 11498.4 21186.6 14967.4 7304.84 5180.59 6852.78 71230.9 20706 6413.18 3897.74 5359.36 2534.66 14333.8 4298.31 7600.65 2950.18 18603.1 5166.38 2827.78 13575.3 2352.81 2114.88 1667.25 447.627 1363.08 453.233 2409.18 7155.73 2478.11 1347.9 2102.92 3340.49 1476.42 221.771 1945.48 787.795 2367.39 1877.38 1825.89 18123.4 539.893 8427.74 1157.69 737.44 1232.98 1168.75 1114.01 538.842 466.031 349.67 1409.9 1358.01 1392.07 1864.07 1906.49 267.077 778.008 7178.06 1343.54 420.246 1574.8 611.211 115.867 5442.88 1314.27 229.047 1474.52 1249.08 53107.5 2410.29 699.397 4076.53 3932.85 592.387 143.689 10175.4 600.728 495.344 303.759 263.382 1360.76 1186.76 730.45 2219.01 1866.06 352.949 316.992 241.407 1839.76 2434.27 2310.66 191.42 151.263 5696.61 3592.72 3491.96 1961.94 125.172 71.686 390.962 185.062 2125.6 399.045 5312.03 909.846 544.69 679.599 418.695 153.713 119.162 264.982 1682.84 979.302 644.937 1177.99 1836.77 1393.73 561.455 503.069 98.4808 164.068 369.462 191.585 531.339 212.34 138.234 1336.69 318.999 225.761 1269.33 1202.55 1058.43 4252.18 3031.87 133.354 2898.52 1064.37 167.353 94.1224 334.365 409.032 353.728 1510.18 1400.17 617.831 432.01 146.866 185.822 157.469 83.9568 4388.87 575.168 121.115 454.053 148.678 1459.12 206.305 165.077 129.173 70.3894 448.406 204.619 432.163 370.761 1530.01 456.309 341.792 192.919 1834.15 1690.39 464.476 333.126 438.845 1310.09 1236.77 291.024 296.233 3340.46 2194.06 176.585 1726.55 1570.96 184.515 1386.45 190.878 1195.57 136.957 159.875 72.9049 504.968 365.156 196.434 1095.85 639.467 504.769 335.067 169.702 144.126 225.437 106.646 181.23 144.516 260.371 243.787 198.433 137.769 321.683 194.429 102.786 1064.63 287.612 5692.2 9959.39 205.578 114.926 662.92 616.758 464.418 367.314 175.985 134.682 298.678 98.8419 703.535 443.687 364.343 248.76 164.667 115.002 100.983 1190.71 285.52 407.747 123.716 430.505 176.24 254.265 190.391 155.193 112.129 491.001 100.069 1866.03 919.174 148.873 1311 226.643
internal_count=780898 285905 494993 166195 123468 371525 119710 87136 79059 274797 88478 34990 33348 72802 46908 96728 37608 69465 27264 45711 68735 49528 34919 38704 37353 23127 253581 11863 27993 23058 4935 10344 4122 34546 27003 19324 12614 8204 26249 12115 2408 19013 6864 34134 13971 11104 27995 4958 22177 12149 8006 11177 10412 9736 5076 4601 3803 9790 18486 21216 14134 7042 3010 2679 18708 20775 4143 9184 4993 1151 23558 20388 2430 8873 7265 44807 29961 4441 66327 64424 9090 1903 16527 5353 3842 2600 2411 9581 14650 9409 27284 23047 4237 3750 2773 22892 12175 11805 2750 1329 23119 16008 15408 8382 778 757 3403 1133 10672 2451 12048 6222 4037 9916 5721 1858 1356 3863 12559 6657 4144 9530 7604 8956 6542 5719 1002 1671 3687 1242 4933 1866 1343 17173 3067 2332 10045 9688 8253 17419 13008 810 12198 3557 1417 902 2513 4716 3975 6023 20048 8522 6164 2010 2358 2095 1000 10590 4660 1139 3521 1287 3884 2296 1953 1435 872 3181 1258 2148 1720 7026 5241 3838 1886 8641 8140 2022 3198 2482 9094 8440 2126 2769 55334 37636 1871 8221 7669 1181 6488 1209 5279 797 1878 733 2963 2185 1162 8694 5668 4298 2537 1761 1435 1608 1003 1575 1169 2265 1923 1691 1072 1072 1478 909 7404 1646 12864 189944 3400 1437 4261 4082 3328 2835 1464 1228 3184 1273 5902 4043 3158 2028 1444 1115 1116 6139 1757 1925 731 4679 2073 2606 2114 1837 1393 2693 707 6660 3866 1952 6354 1208
is_linear=0
shrinkage=0.01


Tree=17
num_leaves=255
num_cat=0
split_feature=7 55 7 55 55 12 55 57 55 52 121 7 7 12 46 12 46 46 28 9 9 9 70 46 42 49 27 49 143 120 121 24 70 60 86 48 133 55 118 27 29 124 125 1 29 57 57 66 131 121 120 33 49 12 9 29 144 24 9 120 69 57 28 120 0 34 120 24 95 43 34 21 122 116 67 134 33 12 21 119 7 28 24 46 0 39 9 120 118 124 48 96 120 130 121 31 60 121 27 95 31 27 28 27 29 121 49 120 116 34 27 99 122 30 31 33 52 12 28 12 122 134 144 102 21 28 21 68 55 74 45 134 7 115 21 115 1 124 55 39 114 121 46 133 33 114 43 29 29 115 131 139 46 42 9 24 52 27 28 9 46 35 121 24 99 35 50 31 40 27 87 132 50 60 43 55 116 122 34 31 136 34 24 102 136 116 0 7 129 144 7 1 9 28 28 33 12 121 0 120 136 146 122 116 31 115 27 49 35 115 52 116 86 120 104 118 120 0 115 114 119 9 122 119 34 114 21 33 4 12 35 116 31 30 7 122 93 34 34 50 7 115 96 55 27 50 28 121 99 122 96 30 115 48
split_gain=335403 34406.8 34348 9169.01 6237.45 5284.38 3350.68 2905.26 1539.69 1275.05 1272.46 1188.73 1184.7 1176.37 1158.67 957.512 869.286 825.187 677.217 625.696 592.674 582.613 580.657 550.409 481.583 480.74 476.416 476.4 461.034 432.545 414.752 408.85 395.453 386.657 378.804 360.747 476.752 348.326 342.158 374.313 337.109 334.485 332.57 326.654 323.795 318.276 319.779 313.426 313.256 311.433 469.074 311.286 301.925 317.395 292.091 289.315 384.419 288.341 288.097 286.72 286.078 283.416 274.904 271.862 318.048 324.005 322.823 303.566 271.646 271.272 356.794 271.07 267.013 301.843 264.303 263.844 263.152 262.72 261.836 261.069 261.89 303.614 264.987 384.733 264.147 285.668 262.197 255.219 283.979 254.621 325.367 276.334 253.04 252.416 252.086 244.715 243.994 242.752 243.589 239.374 236.675 267.563 236.384 234.765 254.106 234.465 233.997 231.955 240.188 267.669 230.917 256.042 262.143 302.035 285.092 230.083 229.95 228.626 334.506 268.873 254.72 226.744 226.392 225.767 225.466 224.744 292.946 279.931 241.333 224.428 224.311 223.322 222.891 352.945 334.904 222.744 220.887 282.41 220.545 216.86 278.77 216.811 217.036 216.432 215.686 211.644 284.579 253.993 333.813 211.288 211.171 229.398 208.841 369.49 208.687 261.839 208.03 245.853 207.797 329.884 221.725 207.425 207.203 207.111 206.212 216.714 217.326 265.056 309.376 204.745 204.515 236.191 203.881 203.664 269.518 202.188 201.746 282.67 201.286 252.947 200.947 200.718 199.202 197.393 197.341 196.127 196.04 240.377 196.017 195.826 195.615 194.2 230.221 192.188 191.583 210.997 191.466 226.659 190.487 189.739 206.158 361.219 260.761 227.578 189.31 189.09 191.288 643.585 188.157 285.494 288.622 225.567 221.094 185.881 185.528 257.351 220.316 330.311 185.042 345.636 207.682 189.834 183.685 182.756 219.962 181.13 180.819 330.419 180.532 239.037 180.129 178.486 201.387 292.422 178.364 178.12 177.81 177.044 176.677 269.517 291.903 215.637 176.08 214.63 183.707 227.872 175.996 208.669 175.626 173.611 169.339 169.137 210.616 205.707
threshold=399.03000000000003 72.500000000000014 2978.5900000000006 138.50000000000003 315.50000000000006 1.5000000000000002 822.50000000000011 164.50000000000003 7.5000000000000009 14.500000000000002 4831.3050000000012 6669.4150000000009 1544.9500000000003 15.500000000000002 356.84839000000005 22.500000000000004 849.80415000000005 222.54483000000002 9.5000000000000018 743.05000000000007 144.715 2128.2600000000007 3.5000000000000004 4837.2883500000016 95.500000000000014 325.57108500000004 988.50000000000011 9.5089120000000005 1.5000000000000002 47.500000000000007 5177.7850000000008 2116.5000000000005 11.500000000000002 1.5000000000000002 26.500000000000004 3137.1552500000003 91.500000000000014 13.500000000000002 0.0079063405000000028 871.50000000000011 26.500000000000004 1.0000000180025095e-35 2.5000000000000004 4.5000000000000009 47.500000000000007 20.500000000000004 23.500000000000004 12.500000000000002 86.500000000000014 591.47000000000014 11.500000000000002 70.500000000000014 44.510358500000002 5.5000000000000009 113.91000000000001 40.500000000000007 3.5000000000000004 1641.5000000000002 287.42000000000002 50.500000000000007 5.5000000000000009 5.5000000000000009 5.5000000000000009 8.5000000000000018 3.5000000000000004 27.500000000000004 26.500000000000004 1298.5000000000002 8.5000000000000018 17.500000000000004 99.500000000000014 1834.5000000000002 206.50000000000003 0.011237458250000002 62.500000000000007 90.500000000000014 90.500000000000014 25.500000000000004 2194.5000000000005 13.500000000000002 738.23500000000013 64.500000000000014 1258.5000000000002 877.49592000000007 4.5000000000000009 85.500000000000014 228.09500000000003 35.500000000000007 0.043021770500000008 1.0000000180025095e-35 4.3906555000000003 4.5000000000000009 8.5000000000000018 2.5000000000000004 196.71000000000001 239.50000000000003 210.50000000000003 2544.6300000000006 748.50000000000011 7.5000000000000009 1735.5000000000002 979.50000000000011 474.50000000000006 895.50000000000011 38.500000000000007 9079.6700000000019 138.40056000000001 28.500000000000004 0.015505948500000002 74.500000000000014 595.50000000000011 3.5000000000000004 25.500000000000004 2122.5000000000005 567.50000000000011 473.50000000000006 1.5000000000000002 17.500000000000004 27.500000000000004 8.5000000000000018 145.50000000000003 62.500000000000007 3.5000000000000004 1.5000000000000002 2031.5000000000002 28.500000000000004 1303.5000000000002 1.0000000180025095e-35 265.50000000000006 17.500000000000004 2.5000000000000004 59.500000000000007 77.735000000000014 0.076925440000000025 1489.5000000000002 0.089496565000000014 2.5000000000000004 1.0000000180025095e-35 86.500000000000014 5.5000000000000009 0.019690848000000004 1658.1350000000002 6737.2031500000012 91.500000000000014 714.50000000000011 0.089229675000000022 6.5000000000000009 113.50000000000001 85.500000000000014 0.07085274200000001 88.500000000000014 2.5000000000000004 3161.6626000000006 54.500000000000007 144.715 1480.5000000000002 24.500000000000004 1043.5000000000002 71.500000000000014 16.910000000000004 1750.5081000000002 55.500000000000007 7443.6900000000014 1520.5000000000002 2.5000000000000004 34.500000000000007 30.500000000000004 1134.5000000000002 68.500000000000014 933.50000000000011 10.500000000000002 57.500000000000007 3.5000000000000004 1.5000000000000002 10.500000000000002 23.500000000000004 0.0086104392500000026 54.500000000000007 58.500000000000007 264.50000000000006 51.500000000000007 10.500000000000002 1566.5000000000002 3.5000000000000004 91.500000000000014 0.0024003000500000004 63.500000000000007 614.04000000000008 1.5000000000000002 1.5000000000000002 893.70500000000015 4.5000000000000009 191.74000000000004 275.50000000000006 87.500000000000014 200.50000000000003 10.500000000000002 2896.6700000000005 12.500000000000002 7.5000000000000009 91.500000000000014 1.5000000000000002 36.500000000000007 0.060790836000000008 2042.5000000000002 0.11765649000000002 240.50000000000003 57.686651500000004 12.500000000000002 0.092263290000000012 2.5000000000000004 0.012196958750000002 18.500000000000004 23.500000000000004 1.0000000180025095e-35 0.0013005439000000002 26.500000000000004 6.5000000000000009 0.15626298500000002 0.028708711500000001 21.500000000000004 59.905000000000008 86.500000000000014 110.50000000000001 6.5000000000000009 0.022792480000000004 2086.5000000000005 272.50000000000006 2.5000000000000004 1.5000000000000002 45.500000000000007 0.00017027718000000005 2164.5000000000005 5608.5000000000009 336.62500000000006 72.500000000000014 1.0000000180025095e-35 51.500000000000007 114.50000000000001 76.500000000000014 33.215000000000011 0.039533237500000006 6.5000000000000009 916.50000000000011 919.50000000000011 13.500000000000002 392.50000000000006 210.34000000000003 3.5000000000000004 360.50000000000006 2.5000000000000004 1098.5000000000002 0.034094085000000003 53.219040000000007
decision_type=2 2 2 2 2 2 2 2 2 2 2 2 2 2 2 2 2 2 2 2 2 2 2 2 2 2 2 2 2 2 2 2 2 2 2 2 2 2 2 2 2 2 2 2 2 2 2 2 2 2 2 2 2 2 2 2 2 2 2 2 2 2 2 2 2 2 2 2 2 2 2 2 2 2 2 2 2 2 2 2 2 2 2 2 2 2 2 2 2 2 2 2 2 2 2 2 2 2 2 2 2 2 2 2 2 2 2 2 2 2 2 2 2 2 2 2 2 2 2 2 2 2 2 2 2 2 2 2 2 2 2 2 2 2 2 2 2 2 2 2 2 2 2 2 2 2 2 2 2 2 2 2 2 2 2 2 2 2 2 2 2 2 2 2 2 2 2 2 2 2 2 2 2 2 2 2 2 2 2 2 2 2 2 2 2 2 2 2 2 2 2 2 2 2 2 2 2 2 2 2 2 2 2 2 2 2 2 2 2 2 2 2 2 2 2 2 2 2 2 2 2 2 2 2 2 2 2 2 2 2 2 2 2 2 2 2 2 2 2 2 2 2 2 2 2 2 2 2 2 2 2 2 2 2
left_child=1 5 3 10 13 8 15 12 51 20 17 183 23 16 54 43 52 124 228 35 25 175 33 38 76 41 28 87 37 31 75 214 48 49 72 36 162 77 39 59 -11 68 94 121 208 58 213 -36 -13 -16 176 -1 53 226 57 61 132 129 238 62 184 116 -5 71 65 130 204 149 172 138 -71 135 73 74 95 164 106 189 125 80 81 84 86 -84 -39 173 -82 191 249 90 -78 222 -56 -24 -43 -27 143 -94 -99 251 103 -102 -73 -15 -105 -23 -10 -40 109 131 -54 112 -112 114 169 -67 -35 118 120 154 -29 -4 -108 -32 -2 127 128 -64 -127 223 -65 163 133 134 -57 170 -59 188 139 -28 -141 -30 -143 -21 -49 146 205 148 218 -68 151 158 153 -61 155 -120 157 -63 -97 160 -160 -70 -9 -109 -25 -166 230 168 -168 -114 171 246 182 -86 -175 181 177 -51 179 -135 -125 -17 -6 -8 -42 -45 187 -119 -138 196 -140 192 -12 -117 -128 -196 197 -19 -46 200 202 -202 203 -53 -66 206 207 -52 -41 212 211 -211 -210 -47 215 -22 217 -217 220 -220 234 -222 236 224 -7 -150 -3 -228 229 -18 -167 232 -14 -234 -148 -116 -92 -130 239 241 -241 -20 243 244 245 -96 -48 -248 -121 -89 -55 253 -253 -81
right_child=2 4 6 7 9 14 11 19 24 40 27 32 231 100 22 21 18 26 45 96 29 105 93 30 -26 34 69 117 141 -31 123 -33 -34 55 47 -37 -38 79 107 44 60 42 -44 185 198 46 63 144 -50 50 145 199 110 250 92 56 -58 136 -60 152 -62 156 78 64 66 115 67 -69 161 70 -72 102 -74 -75 -76 -77 89 -79 -80 99 82 -83 83 -85 85 -87 -88 88 -90 -91 91 -93 97 -95 242 150 -98 98 -100 -101 101 -103 -104 104 -106 -107 122 108 -110 -111 111 -113 113 -115 235 193 -118 186 119 248 -122 -123 -124 180 -126 126 194 -129 237 -131 -132 -133 -134 178 -136 -137 137 -139 190 140 -142 142 -144 -145 -146 -147 147 -149 225 -151 -152 -153 -154 -155 -156 -157 -158 -159 159 -161 -162 -163 -164 -165 165 166 167 -169 -170 -171 -172 -173 -174 174 -176 -177 -178 -179 -180 -181 -182 -183 -184 -185 -186 -187 -188 -189 -190 -191 -192 -193 -194 -195 195 -197 -198 -199 -200 -201 201 -203 -204 -205 -206 -207 -208 -209 209 210 -212 -213 -214 -215 -216 216 -218 -219 219 -221 221 -223 -224 -225 -226 -227 227 -229 -230 -231 -232 -233 233 -235 -236 -237 -238 -239 -240 240 -242 -243 -244 -245 -246 -247 247 -249 -250 -251 -252 252 -254 -255
leaf_value=-0.007723917350144268 0.00029319570713502762 -0.0038863534117867171 0.028025870845724943 0.047094157755834226 0.039992651624291761 -0.0043441694969685064 0.040105606144210937 0.031764688464983759 -0.004054045655908313 0.037931786315718585 0.0052707596904732054 0.044508458812997448 0.032869977518966073 0.035108932950801301 -0.0004149403170547622 0.042476076182148027 0.017267303493646875 0.0022921980369976246 -0.00087284192643564355 0.040012781068071539 0.032304115043346016 0.032753065377652928 0.043081672776795789 0.015592698313812513 0.02897353002401519 0.042370015656256518 0.031273867288402681 0.050373754644759607 0.043765667775878578 0.0091927607252980121 0.028760312579636873 0.045996944208501568 0.045853719820769696 0.013061729772847325 -0.0031557645912344964 0.037792606377614585 0.0089187279276421623 0.031959932550712222 0.04239094741310135 0.041056593956852093 0.0055579224135041717 -0.0062857427048084603 0.032725784683826246 0.029653798477254589 0.0063198338372371654 0.040700382260711543 0.0098320943151287282 0.010228392584588894 0.040162579451173179 0.01095965740532533 -0.0030442466627016501 -0.0043752477251456888 0.0025204201167376146 0.02060678429849732 0.031261518423312755 0.042896143203277379 0.043401194594259097 0.0019585198500115552 0.029720612137869008 0.0049973180631414831 0.039433570265374807 0.016592548354773324 0.027642429198921774 -0.0022197796597381346 0.023206049042070347 -0.0019499330330096346 0.00061426537978269825 0.0015515460751473686 0.041636830484419671 0.0411211200265236 0.0091077050711168093 0.041769683755739154 0.044888832449496485 0.039005888636112679 0.047361734540773227 0.012850970987664651 0.045201006322420537 0.029499463428124321 0.0081099155427082452 -0.0056371093713970923 0.024094844884405175 0.0010021663246839508 0.0039006983783187146 0.029730630295354752 -0.0039486286789101053 0.035210667630116009 0.0043504216684863073 0.019986068092931668 -0.010119369099957169 0.00088992604486171187 -0.001652544304334162 0.039938208452300158 -0.002113017594488527 0.012666109758505999 0.01716197675321814 0.017101423659723655 0.045551377850404223 0.0019328627095973575 0.034085764903401428 0.0050299306271741305 -0.0041402306320873061 0.031614283563523395 0.01275058284478882 0.0034933391148245889 0.033139923228666011 0.042765472750850533 0.0025309565816710677 0.018014728453120379 0.040105849602259235 0.038216969011638492 0.006266323791945581 0.0026589565769750095 0.0039145992422503035 -1.860996367997775e-05 0.04884568729601995 0.00034615379835884245 -0.010210678256756995 0.0057882948932335412 0.043091617747171185 0.035902215660267814 0.025407674105327009 0.0073966032090467893 0.030604468112593812 0.027508793125767983 0.015896403398599209 0.007256828443488508 0.035196863243298279 0.0049697847830338223 0.034121220796917547 -0.0035702079155256394 0.025371410855924679 0.034590544038351545 -0.00020242872020874845 0.025559233842527177 0.007066577439678653 0.0037277358440443832 0.041208411887571447 0.0020779301977232952 0.020030789830573052 -0.00082916484121136854 0.020729611341274049 0.031747874214153621 0.0033281736453748827 0.031320571379567681 0.039454556004091534 -0.0076487169255529865 0.0014459084475753844 0 0.050441206637125688 0.028334669029814546 0.0066021824630675329 0.01349655060330467 -0.00068545687122918654 0.028874002205999064 0.0080278200627167222 0.012370699975647667 0.048496526740854209 0.039825031876638127 0.00028598476454443598 0.038628635605100249 0.02543211173551535 0.014251603222371486 0.037980459855984902 -0.0077335447915607217 0.034791492073781606 0.015502519637749651 0.0038252514925314557 0.035010163821183847 0.034077667902600847 0.032723949620502478 0.04352470649429855 -0.0013369476320571466 -0.0030316993157936305 0.026061584946533604 0.0046215497734902831 0.03884906196256268 0.038578627373914404 0.045780312604696005 0.022590835592076589 -0.0062663856645477417 0.040488390560539725 0.020666875046946604 0.011939602684836324 0.042929792008098371 0.031844423113936003 0.037599142545796986 0.044521779468395299 0.026262203357300271 0.0061382843251187981 0.03046572160828831 0.046367413557692097 0.037014991143607623 0.030363935167487699 0.030691577567736009 0.032037065678150047 0.0071019213191574997 -0.0066944268248506624 0.02210517409719321 0.027818073425660485 -0.0061424250812864905 0.0035693775863436489 0.044427940782581325 0.026971113894233973 0.030642296106731585 -0.0012245919244089499 -0.0035470564860591029 0.0043210429276646515 0.057276479850590034 0.024837786631411313 0.018460491060505398 0.036969692124567528 -0.0070461610222217622 0.037263302406171032 0.011196469235434103 0.034024296367425315 0.0098286301303192897 -0.0037038404057074415 0.03978946274765887 0.00010685573262019582 0.047126382182857168 0.0081212088920894574 0.0382232791945512 0.025248980037600104 0.035232396853760124 0.028227908660513147 0.017307948378172504 0.00048105158918204834 0.039806114992232335 0.012555571653510471 0.040889303043895049 0.026786630372468246 0.035697687142312855 0.0015968135157059101 0.028995069465392827 0.022922014828686152 0.020124650008434081 0.019943339280190854 0.011567060729369534 -0.0019467693826441207 0.044779397433988628 0.0083111718235595339 0.010206280399936304 -0.0066453945520844084 0.027799788184407863 -0.0001948673327372331 -0.0067714065648000078 0.018214571754876945 0.052587172638448809 0.019761488831114088 0.00060734587043411521 -0.0012770559339973441 0.0066826056927837552 0.030789460609456476 0.021898292671857385
leaf_weight=9399.3291097432375 306.27555583789945 593.19306914508343 233.39539441466331 45.80670639872551 40.669416595250368 76.56328921020031 4246.4819020032883 1951.8781202882528 1555.9105485156178 1164.8813456222415 65.267461515963078 13841.84996201843 711.96001654118299 302.32884134724736 618.17285357788205 66.968078352510929 69.564446493983269 187.59332104772329 204.21852293238044 5071.4110990092158 196.72227653861046 285.3311729952693 66.737471856176853 113.68393736332655 56.54142389819026 64.486933462321758 89.730565041303635 166.05031279474497 91.173682063817978 89.231889352202415 390.34666758030653 192.19046583026648 45359.66904951632 212.17273378744721 79.608252301812172 4358.6440877094865 82.426598645746708 81.044668238610029 185.46325202658772 151.82511550188065 90.877377532422543 72.112306889146566 79.469082832336426 544.669368237257 105.04686890915036 76.101526629179716 58.237391799688339 63.494648925960064 2212.7583758458495 183.8283776268363 42.537474952638149 747.33908998966217 300.9202224239707 111.43264758586884 46.11840071156621 55.825327277183533 26.719499867409468 869.26120324060321 66.611029677093029 132.40251245349646 71.180906228721142 358.80200831219554 93.688379317522049 37.820623837411404 450.3924981020391 332.20039285719395 39.291891820728779 221.92198478803039 118.41034369543195 205.29244854301214 44.459786593914032 95.003413550555706 83.492621786892414 164.28202516585588 48.12091775983572 107.4368297830224 23.126353323459625 51.669160284101963 126.57309523224831 33.257488019764423 112.68916251510382 206.61489768326283 71.469091881066561 335.05570265650749 91.145450085401535 45.034734100103378 169.14219285547733 569.32062815129757 35.306775152683258 1443.2355053536594 224.51170694455504 22.630549136549234 145.49619621038437 50.921465080231428 377.48228023946285 227.57793301343918 887.51789540797472 47.692298900336027 46.488726418465376 66.117087706923485 47.27715265005827 34.442596174776554 44.379003778100014 62.408750437200069 54.17514768242836 8869.2715115994215 197.59795233607292 72.406403265893459 109.45911960303783 66.915646784007549 134.97744635120034 159.47033577039838 61.877226062119007 43.882160093635321 73.311698578298092 40.374060954898596 50.880353007465601 62.771290488541126 58.149343803524971 441.11046535521746 65.787899486720562 73.007276624441147 31.939463045448065 168.52077979594469 131.65046009421349 125.19967367500067 344.53573996573687 132.07656881213188 100.45518133789301 1749.5473891124129 117.74983790144324 38.762556038796902 307.57789793983102 28.116335295140743 50.642537817358971 104.78402638807893 45.81169918179512 83.583019226789474 62.972357969731092 92.390914756804705 163.7563067227602 81.405672021210194 41.622264228761196 360.21524891257286 43.834502696990967 107.196433365345 251.80991090461612 143.58951818570495 36.058289248496294 96.574917029589415 85.959344491362572 205.72654020413756 88.328093118965626 129.24729505181313 95.541713237762451 57.870069220662117 26.776513550430536 52.99638370424509 39.959775552153587 221.45429779589176 344.55093991011381 41.183776635676622 890.48148729652166 51.669279895722866 721.87180514633656 194.30085863173008 69.935518123209476 597.00084867328405 66.079375341534615 40.828032597899437 35.109051320701838 50.202331457287073 40.918502818793058 98.315506469458342 147.19104994088411 7145.5650547593832 48.356889706104994 25.517872266471386 44.681888867169619 143.74495968595147 820.60327100008726 142.07075168937445 72.672205105423927 10505.700434550643 41.314214311540127 1055.4203722476959 58.903364613652229 1256.439264960587 26.198671955615282 28.15275702252984 62.609104610979557 139.15392368659377 87.648923449218273 42.866719543933868 73.443349957466125 66.56741090118885 116.65728386491537 82.678897202014923 69.436189010739326 1216.6551930196583 151.48019105195999 23.488179642707109 27.099204193800688 16.991486139595509 33.067037027329206 283.01586643978953 665.88548855856061 27.70631455630064 280.4562990218401 159.59351233392954 68.530371844768524 42.337467335164547 370.10757966339588 33.504883538931608 440.53758559376001 101.32061783969402 43.780925206840038 58.75224207341671 27.532567236572504 35.555152114480734 47.655715581029654 39.181882839649916 37.048613891005516 21.846643801778555 26.080807745456696 36.960354894399643 95.713796004652977 25.726143606007099 57.279752336442471 143.80526527762413 727.37279309332371 4537.1488898098469 57.893563762307167 123.98061056435108 44.050152942538261 38.34508516266942 43.743282150477171 59.539627231657505 140.98576321825385 42.708050772547722 46.928594931960106 1175.0110430978239 40.314388148486614 101.42366778850555 101.57877667993307 42.738229602575302 46.301065344363451 32.301257275044918 93.216884113848209 51.601157430559397 49.837338041514158 42.343431189656258 408.58090062066913 120.41138493269682
leaf_count=181104 4310 9474 1333 171 296 1313 9052 9285 27263 4429 709 14881 3249 1997 9793 245 688 2496 2920 12657 1132 895 438 882 594 314 753 653 559 734 2069 768 34899 2615 831 13629 630 660 927 766 815 957 598 2400 1000 636 669 545 3555 2556 682 13427 4123 1237 535 550 238 14221 549 1208 304 4068 605 542 4125 4455 480 2632 757 1240 413 746 376 875 153 841 284 413 1095 424 951 2503 782 2452 1133 321 1716 4657 447 23029 3666 236 2254 560 3739 1755 1252 689 490 688 524 233 529 625 379 13499 3038 547 535 339 1888 2110 837 593 621 507 743 607 363 2659 443 610 377 842 1624 1238 2060 1142 585 29582 1212 228 4277 333 684 1313 472 1274 531 1056 1443 651 410 1319 196 1613 3502 2119 318 834 825 1824 788 817 909 544 166 404 426 1241 2519 373 2920 527 3816 1403 558 2799 290 400 259 676 487 821 1584 18756 504 227 528 2241 2993 770 742 15571 244 3244 200 7846 380 246 289 787 618 390 502 635 1564 850 427 22008 2604 303 399 220 394 4442 9573 235 1790 1165 316 418 1821 376 2224 855 450 289 399 315 623 358 496 294 323 462 1458 253 510 871 4296 16981 438 570 450 436 575 485 1920 391 550 14734 459 712 1206 540 527 247 709 518 667 442 3277 1068
internal_value=0.0332989 0.00537954 0.0407119 0.0320005 0.0194884 -0.0017916 0.0437941 0.0347356 -0.00515079 0.0274535 0.0219632 0.0447251 0.0312746 0.012643 0.00518486 0.0399387 0.0113336 0.0180426 0.0139319 0.0379607 0.0245193 0.040725 0.0086713 0.0286 0.000523231 0.0220093 0.0196934 0.0265368 0.017732 0.0307244 0.0311429 0.0325527 0.0453486 0.00801763 0.0254414 0.0358996 0.0330513 0.0164895 0.0255057 0.0240444 0.0358132 0.0168798 0.0134176 0.0330894 0.0281662 0.0127861 0.015506 0.0117539 0.0439152 0.0057894 0.00766702 -0.00693279 0.00540641 0.00126304 0.000645537 0.0123645 0.00753413 -0.000304834 0.0095399 0.020618 0.0233785 0.0168412 0.023017 0.0144974 0.0122616 0.00643941 0.0161769 0.00885485 0.0256981 0.0269783 0.0355796 0.0211661 0.0271389 0.0260124 0.0242198 0.0287003 5.51442e-05 0.00860567 0.0219431 0.0182885 0.0156952 0.0111498 0.0200555 0.0252554 0.0156355 0.0119947 0.0123945 0.0204198 0.0168232 0.00276095 0.0103759 0.00763059 0.0102552 0.0304335 0.0112352 0.0231974 0.0403226 0.00594662 0.0182866 0.0234609 0.0273349 0.0112051 0.0329119 0.0303894 0.0176807 0.0424617 -0.00265852 0.0330678 0.0277225 0.0214844 0.0096334 0.0134651 0.0177866 0.023675 0.0285269 0.00177278 0.00847952 0.0289754 0.0328189 0.0293438 0.0436099 0.0232228 0.00671111 0.0356871 0.00505755 0.0236721 0.0262805 0.0145825 0.0179349 -0.00263952 0.0186572 0.0141676 0.00586614 0.0116412 0.0263902 0.0159584 0.00395144 0.0148558 0.0222697 0.0178987 0.0129686 0.0318728 0.0224201 0.0394499 0.0227596 0.00582796 0.00670109 0.0118012 0.0150478 0.0205158 0.0220165 0.0232668 0.012499 0.0169592 0.019365 0.0283222 0.0217725 0.0197847 0.0256281 0.0287471 0.0228597 0.0348957 0.0337409 0.00726038 0.0293692 0.0300103 0.027879 0.0320895 0.0188759 0.0158689 0.021598 0.0170124 0.0157936 0.0086699 0.013389 0.0385508 0.0202504 0.0156444 0.00416869 -0.000768105 0.0383471 0.0280374 0.0226113 0.0421231 0.0142 0.0349412 0.0261977 0.0253058 0.0290951 0.00585187 0.0337604 0.0282975 0.0199246 0.016444 0.031078 0.0205192 0.00388781 0.00850776 0.0151501 -0.00351801 -0.000197798 0.00955095 -0.00238429 -0.0035058 0.0215163 0.00335984 0.00603126 0.0215367 0.0302417 0.028363 0.0193722 0.013047 0.0320146 0.0321334 0.0293671 0.0240769 0.0158522 0.0212423 0.0116639 0.0273937 0.00891588 0.0223708 0.00495891 0.0102106 0.00421782 0.0347118 -0.0015942 0.00940275 0.0292019 0.0334662 0.0244573 0.0348397 0.0304033 0.0204404 0.00480947 0.039598 0.00195354 0.0260362 0.00866283 0.00968923 0.026394 0.0085597 0.0131676 0.0144823 0.0117784 0.0146836 0.0237385 0.0334183 0.0331892 0.0183988 0.01385 0.0254367 0.0285873 0.0158789
internal_weight=162058 34002.3 128055 33473.2 11457.8 22544.6 94582.2 26300.6 15218.7 5292.31 7172.64 76166.5 12698 6165.44 7325.89 18415.7 5664.81 3868.5 3935.3 13602.6 3924.06 16509.2 4141.21 7267.03 3636.29 2801.52 3430.58 3304.14 2709.37 1122.54 3977.15 1033.3 61414.3 4023.55 1672.55 7283.43 2924.79 2495.16 3289.87 2765.2 1368.25 1128.97 815.119 1906.49 1247.33 3664.65 1988.18 186.937 16054.6 2664.61 2046.44 11582.4 1729.52 875.903 3184.69 1358.94 657.308 2898.89 1676.46 1517.86 203.372 701.628 1167.89 1878.58 1412.26 571.012 841.248 357.789 313.854 721.211 249.752 466.318 1485.61 1402.12 1237.84 2597.68 3579.74 466.751 1122.08 2028.41 1357.7 669.346 688.356 406.525 462.731 381.687 281.831 948.299 656.229 1794.3 351.061 327.934 285.796 117.659 735.65 1189.72 6319.14 239.677 94.181 670.71 500.632 81.7197 139.382 418.913 116.584 9154.6 1785.45 524.676 339.213 229.754 853.612 552.692 393.222 258.244 214.362 415.441 263.053 2355.84 977.727 745.888 231.838 306.403 229.537 1379.47 437.926 995.506 769.741 225.765 285.194 1874.04 155.57 162.838 630.589 323.011 106.468 326.935 1024.85 155.593 471.459 345.878 256.147 214.202 123.028 5431.63 107.329 1788.74 1681.54 662.394 518.804 135.867 1125.23 1039.27 349.978 261.65 211.561 116.019 438.575 411.798 833.543 605.965 384.511 159.594 2842.36 124.076 2490.25 2376.56 1654.69 733.016 136.015 102.705 222.151 187.042 154.26 336.652 245.507 7354.6 257.703 209.346 216.543 171.861 989.124 209.039 113.342 14752.2 132.192 1600.09 1378.11 1319.21 72.0104 415.082 125.581 292.07 152.916 83.2408 484.547 140.011 386.93 270.272 174.483 2183.05 966.398 174.968 791.43 764.331 483.46 1019.15 736.129 70.2438 1072.85 921.025 270.461 201.931 650.564 109.606 841.114 400.576 203.854 160.073 445.785 63.0877 382.698 86.8376 305.304 124.491 102.644 73.0186 714.633 121.44 270.649 213.37 921.674 5430.98 893.834 181.874 295.86 111.657 268.255 159.995 1609.85 1468.87 89.6366 1379.23 663.537 623.223 521.799 420.221 136.84 78.6023 534.327 620.922 161.27 604.593 450.924 153.669
internal_count=780898 494993 285905 166195 107527 387466 119710 105856 279623 34990 60339 77958 64164 72537 107843 41752 68779 37670 44682 41692 29198 34165 56016 42926 59558 22746 31736 22669 26011 6452 20789 5718 53335 55018 11880 26464 12835 24391 22137 19034 5792 10866 8211 7587 7703 42613 21549 1572 18436 38171 28378 220065 24097 13089 51827 16847 8851 47859 21064 11331 1363 7996 8518 20537 15571 7106 8465 3946 2655 5725 1653 4966 10308 9932 9057 14885 58964 5569 8347 18822 12923 7022 5901 3234 4519 3859 2667 7736 5622 28286 5257 4973 3968 998 7613 8904 15228 3433 1179 5899 3758 757 1275 3001 1004 14394 30678 3103 2176 1641 11008 6885 4775 2887 2294 5352 3358 14933 6280 5184 1096 1943 3415 5904 5934 7252 5505 1747 2308 31512 1754 1302 8613 4336 1234 3691 16347 2126 4072 3252 2499 1620 1061 13976 741 25091 23478 8546 6427 1314 8590 7765 2813 2025 1816 907 4638 4472 5941 4186 2945 1130 12205 1074 14044 13162 9346 3647 848 1237 2378 2119 1525 3538 2405 19771 3287 2783 3102 2574 3835 1015 1038 24623 1059 5644 8653 8453 852 5156 820 2114 1327 897 3197 1137 4910 3346 1427 38961 16953 2907 14046 13647 4519 14932 10490 917 6276 5510 1899 1583 3611 1012 4950 2726 1594 1144 5647 714 4933 981 4737 1930 1636 780 11185 1711 2069 1559 5699 21238 4257 1008 3952 1057 4241 1070 20515 18595 941 17654 6656 6197 5485 4279 1443 774 3368 5175 1904 5211 3719 1492
is_linear=0
shrinkage=0.01


Tree=18
num_leaves=255
num_cat=0
split_feature=7 54 7 54 55 12 8 54 49 56 56 29 0 48 62 7 49 49 61 69 29 12 0 54 51 7 47 53 30 54 33 12 89 12 9 7 9 18 120 18 8 114 1 9 120 24 114 138 57 27 63 7 138 47 49 7 136 27 131 114 47 131 138 120 120 18 27 120 19 63 116 19 91 115 62 1 18 33 131 131 1 29 27 143 8 16 54 62 50 120 7 49 131 8 30 120 54 54 19 24 99 44 138 138 122 16 24 117 59 33 119 128 55 120 87 54 59 13 56 24 94 136 139 131 39 36 54 117 139 145 51 29 18 9 24 24 27 117 118 34 138 12 115 94 115 8 35 48 50 48 37 27 82 114 47 27 10 117 136 118 51 7 1 59 51 117 12 35 114 120 37 29 92 10 24 87 9 34 117 18 12 48 59 34 118 24 86 31 18 27 24 136 122 100 8 7 119 33 31 44 55 110 55 12 117 18 65 50 18 114 119 143 29 27 33 56 18 56 49 31 54 116 122 33 34 139 50 95 27 50 7 118 30 118 35 119 19 29 24 24 116 47 86 24 42 47 114 114 84 42 42 40 8 117
split_gain=312715 33838.9 31981.2 8620.56 6744.18 3812.17 3204.67 1800.31 1761.87 1594.23 1370.91 1192.78 1141.87 1124.46 807.37 733.223 713.667 695.131 686.812 666.186 599.184 595.027 528.052 502.259 486.02 548.08 475.641 443.526 436.22 435.007 423.399 421.841 409.23 403.559 386.614 377.606 399.291 367.717 366.385 361.3 360.828 360.013 358.199 354.577 354.294 381.171 361.52 345.825 342.332 340.593 325.447 331.018 324.117 458.621 316.689 316.496 313.6 300.836 315.804 361.079 375.369 284.053 330.647 448.628 281.543 281.521 351.33 431.86 280.863 276.268 275.536 273.426 266.571 301.904 260.765 304.578 260.317 265.174 257.639 255.76 251.707 249.528 247.989 284.546 244.125 243.138 240.434 239.961 239.471 236.897 253.068 245.588 234.572 249.709 232.801 231.618 231.082 229.826 241.161 227.593 225.532 267.64 223.462 221.199 219.906 219.813 244.079 351.947 219.502 219.418 604.932 261.64 369.941 323.326 263.429 353.078 221.273 217.304 264.472 216.287 215.7 225.261 225.014 266.371 262.015 244.095 275.186 237.916 215.281 264.631 213.177 212.497 212.243 211.28 210.389 258.685 209.188 243.456 263.111 245.327 207.957 207.58 206.951 204.116 282.069 215.272 209.743 235.171 203.791 275.753 249.113 227.791 221.435 206.13 202.233 201.945 201.838 206.536 201.396 200.567 200.443 198.778 198.776 197.365 195.265 194.867 193.969 293.121 203.849 228.599 320.496 239.684 225.652 223.269 202.027 252.67 201.695 192.749 192.117 239.229 191.16 191.158 190.325 190.181 190.027 187.596 248.065 187.392 225.506 184.7 184.425 264.182 231.298 214.028 291.455 184.346 196.002 183.474 225.82 235.042 225.113 183.039 183.009 182.827 194.579 180.825 179.998 179.375 179.279 178.835 176.734 176.438 175.622 174.564 174.133 299.506 173.161 208.764 172.129 171.137 170.984 169.406 357.077 168.84 168.755 167.272 174.259 191.187 172.37 171.849 231.337 166.514 191.662 192.929 166.02 165.384 165.256 194.727 164.834 299.065 198.861 198.281 189.936 186.747 171.505 164.593 205.444 209.804 216.704 220.323 164.226 177.462 163.858 162.681
threshold=399.03000000000003 130.50000000000003 2978.5900000000006 651.50000000000011 315.50000000000006 1.5000000000000002 4190.1600000000008 185.50000000000003 536.41070000000002 7.5000000000000009 451.50000000000006 5.5000000000000009 5.5000000000000009 131.60263 8.5000000000000018 893.70500000000015 45.949747500000008 9.9866475000000019 37.500000000000007 1.0000000180025095e-35 6.5000000000000009 44.500000000000007 11.500000000000002 1149.5000000000002 22.500000000000004 913.61500000000012 16803.125000000004 16.500000000000004 2433.5000000000005 20.500000000000004 70.500000000000014 15.500000000000002 1.5000000000000002 4.5000000000000009 357.48000000000008 893.70500000000015 853.05500000000018 31.981608500000004 8.5000000000000018 308.24500000000006 45.805000000000007 0.010763460000000001 6.5000000000000009 232.45000000000002 19.500000000000004 662.50000000000011 0.030581493500000004 44.500000000000007 68.500000000000014 1252.5000000000002 2.5000000000000004 262.71000000000009 66.500000000000014 479.41658500000005 452.11557500000004 1955.8800000000003 37.500000000000007 1138.5000000000002 45.500000000000007 0.089229675000000022 298.47307000000006 35.500000000000007 11.500000000000002 71.500000000000014 8.5000000000000018 127.04293500000001 686.50000000000011 32.500000000000007 147.13524500000003 3.5000000000000004 0.0007905919500000001 79.840295000000012 2.5000000000000004 0.049506058500000005 2.5000000000000004 26.500000000000004 59.800842500000009 567.50000000000011 9.5000000000000018 82.500000000000014 2.5000000000000004 1.5000000000000002 699.50000000000011 1.5000000000000002 179.84000000000003 5.5000000000000009 217.50000000000003 24.500000000000004 29.500000000000004 92.500000000000014 614.04000000000008 9009.0615000000016 87.500000000000014 1966.9500000000003 3339.5000000000005 70.500000000000014 258.50000000000006 404.50000000000006 160.00557000000003 303.50000000000006 5.5000000000000009 100.50000000000001 53.500000000000007 93.500000000000014 9.5000000000000018 3.5000000000000004 2210.5000000000005 0.0036498912500000005 241.50000000000003 551.50000000000011 3.5000000000000004 1.5000000000000002 231.50000000000003 8.5000000000000018 2.5000000000000004 314.50000000000006 29.500000000000004 4.5000000000000009 82.500000000000014 1503.5000000000002 22.500000000000004 91.500000000000014 2.5000000000000004 38.500000000000007 19.500000000000004 5.5000000000000009 563.50000000000011 0.0034827532000000004 2.5000000000000004 3.5000000000000004 2.5000000000000004 32.500000000000007 119.50458500000001 58.220000000000006 1951.5000000000002 503.50000000000006 1093.5000000000002 0.028373045500000003 0.017924717500000003 109.50000000000001 18.500000000000004 94.500000000000014 0.064670785000000022 11.500000000000002 0.10312288000000001 19.895000000000003 15.500000000000002 84.41737000000002 1.0000000180025095e-35 602.36015000000009 6.5000000000000009 885.50000000000011 26.500000000000004 0.025053593000000002 374.21033000000006 1761.5000000000002 79.895000000000024 0.034492054000000008 18.500000000000004 0.0062515032000000012 812.50000000000011 4138.0550000000012 5.5000000000000009 3.5000000000000004 346.50000000000006 0.015039209500000003 12.500000000000002 11.500000000000002 0.07903141000000001 21.500000000000004 15.500000000000002 99.500000000000014 1.0000000180025095e-35 79.910000000000011 578.50000000000011 6.5000000000000009 19.885000000000002 84.500000000000014 0.057148018500000002 346.99318000000005 24.500000000000004 1448.5898000000004 5.5000000000000009 51.500000000000007 0.0019700807000000006 41.500000000000007 5.5000000000000009 505.50000000000006 151.79306500000004 1131.5000000000002 1687.5000000000002 68.500000000000014 70.500000000000014 1.0000000180025095e-35 63.025000000000006 553.67500000000007 2.5000000000000004 118.50000000000001 608.50000000000011 12.500000000000002 270.50000000000006 2.5000000000000004 177.50000000000003 5.5000000000000009 0.0041300833500000009 88.231665000000007 2.5000000000000004 82.500000000000014 119.50458500000001 0.077516195000000024 93.500000000000014 5.5000000000000009 74.500000000000014 515.50000000000011 98.500000000000014 62.500000000000007 110.54304500000002 47.500000000000007 748.12357500000019 435.50000000000006 169.50000000000003 0.034898220000000008 11.500000000000002 158.50000000000003 46.500000000000007 2.5000000000000004 15.500000000000002 11.500000000000002 863.50000000000011 9.5000000000000018 530.0100000000001 0.00085564546000000015 2970.5000000000005 0.0082940525000000011 44.500000000000007 8.5000000000000018 73.951945000000009 51.500000000000007 1856.5000000000002 1697.5000000000002 0.0010059350500000001 1170.8497000000002 26.500000000000004 2170.5000000000005 632.50000000000011 5691.314800000001 0.038648383500000008 0.018074350500000006 3.5000000000000004 40.500000000000007 457.50000000000006 204.50000000000003 1060.4850000000004 0.034492054000000008
decision_type=2 2 2 2 2 2 2 2 2 2 2 2 2 2 2 2 2 2 2 2 2 2 2 2 2 2 2 2 2 2 2 2 2 2 2 2 2 2 2 2 2 2 2 2 2 2 2 2 2 2 2 2 2 2 2 2 2 2 2 2 2 2 2 2 2 2 2 2 2 2 2 2 2 2 2 2 2 2 2 2 2 2 2 2 2 2 2 2 2 2 2 2 2 2 2 2 2 2 2 2 2 2 2 2 2 2 2 2 2 2 2 2 2 2 2 2 2 2 2 2 2 2 2 2 2 2 2 2 2 2 2 2 2 2 2 2 2 2 2 2 2 2 2 2 2 2 2 2 2 2 2 2 2 2 2 2 2 2 2 2 2 2 2 2 2 2 2 2 2 2 2 2 2 2 2 2 2 2 2 2 2 2 2 2 2 2 2 2 2 2 2 2 2 2 2 2 2 2 2 2 2 2 2 2 2 2 2 2 2 2 2 2 2 2 2 2 2 2 2 2 2 2 2 2 2 2 2 2 2 2 2 2 2 2 2 2 2 2 2 2 2 2 2 2 2 2 2 2 2 2 2 2 2 2
left_child=1 5 3 7 12 9 10 17 15 30 22 26 16 33 21 40 97 35 34 166 38 42 117 37 25 28 134 -21 48 95 208 44 50 43 89 82 79 47 -18 80 -5 216 -8 -7 56 46 -46 -13 81 187 51 211 53 158 -49 65 -14 58 61 60 86 62 -27 235 -45 99 67 154 245 -36 155 119 73 -55 84 142 195 -78 -33 182 210 -9 -2 -84 -17 -83 -60 238 136 90 91 100 -12 -94 -59 -19 131 143 128 -31 209 -102 -88 109 -75 106 -47 -108 -16 111 -111 112 114 218 115 140 197 118 -4 -26 121 122 125 -124 127 126 -39 -125 129 -99 214 159 -79 212 135 -6 137 139 -139 -62 -22 -91 -76 207 145 -145 147 -146 150 162 151 153 156 -101 -67 202 157 205 219 -58 -20 -72 -150 -104 -92 180 168 -168 169 170 172 174 178 -174 -171 -176 -177 252 179 -15 -61 -123 236 -106 -73 186 -32 224 225 -119 191 -82 -193 -192 -195 -43 -197 -114 -199 -200 -201 -96 -24 204 -190 -151 -137 -3 -1 -10 -35 -11 -50 -69 -57 -216 -30 -218 -113 -34 -148 -187 -223 -98 -42 228 227 -227 229 -189 -231 -179 -233 234 -234 -64 -37 -238 239 241 243 -25 -242 -240 -243 246 247 -40 -249 -250 -71 -252 -144 -80
right_child=2 4 6 8 11 13 14 24 18 32 92 23 31 19 108 74 20 29 160 27 103 -23 70 87 71 57 -28 -29 41 55 185 78 52 39 69 36 -38 120 68 -41 49 76 -44 64 45 105 -48 54 133 -51 -52 -53 -54 72 -56 130 96 94 59 165 88 -63 63 -65 -66 66 -68 213 -70 250 161 184 -74 104 75 -77 77 132 253 -81 190 85 83 -85 -86 -87 102 -89 -90 141 164 -93 93 -95 201 -97 223 98 -100 148 101 -103 163 -105 183 -107 107 -109 -110 110 -112 113 116 -115 -116 -117 -118 189 -120 -121 -122 181 123 124 -126 -127 -128 -129 -130 -131 -132 -133 -134 -135 -136 206 -138 138 -140 -141 -142 -143 177 144 146 -147 220 -149 149 152 -152 -153 -154 -155 -156 -157 -158 -159 -160 -161 -162 -163 -164 -165 -166 -167 167 -169 -170 171 -172 -173 173 -175 175 176 -178 231 -180 -181 -182 -183 -184 -185 -186 221 -188 188 203 -191 193 192 -194 194 -196 196 -198 198 199 200 -202 -203 -204 -205 -206 -207 -208 -209 -210 -211 -212 -213 -214 -215 215 -217 217 -219 -220 -221 -222 222 -224 -225 -226 226 -228 -229 -230 230 -232 232 233 -235 -236 -237 237 -239 240 -241 242 244 -244 -245 -246 -247 -248 248 249 -251 251 -253 -254 -255
leaf_value=-0.0078211858235145721 0.0028623262029814022 0.0011547831316117147 -0.0018117165949089126 0.0021660578232912727 0.035952850236087679 -0.0019436206251602242 0.024245798985340898 -0.00036710653850697801 -0.0047072688816182729 -0.0022687359424777946 0.041603456822074544 -0.0036961879245392924 -0.00097952701623337467 0.0083153902128576089 0.043312869155253717 0.0093335068608065737 0.033656629868530574 0.0023816963144227109 0.03861862793718069 0.016662038359249304 0.030851332337343568 0.042177397047640487 0.028012675183088892 0.0067962512444956144 0.04435010836910272 0.044070844709902163 0.039115397251548258 0.047725723208522627 0.034645019121173723 0.039482299191089483 0.00087042263258433304 0.039792457920716416 0.0014700523769912283 -0.0013218032295704008 0.034336894470250304 0.0052602162631228324 -0.0015585352737129607 0.027334809388181558 -0.00062312937889948193 0.02762933048678309 0.022648260997572094 -0.010545408592754322 0.03779394638035715 0.04550762960849826 0.041571414804603156 0.008020820136039138 0.0022181174019689854 0.0067084900385118405 0.00090896063221405509 0.038640376186509645 0.027410955631548203 0.036241785103748356 -0.0012595568305734132 0.044732634504049747 0.02453589102559588 0.042145669629016468 0.040950958791789838 0.037560547060485304 0.03331636724784847 0.0079379969219067412 0.031870582913152888 0.042852411522605591 -0.0010054805442848895 0.038892814898303991 0.0049327003298324981 -0.0032453005744219362 0.030636705193842421 0.042310790933003245 0.042716319895827207 0.039705791951645281 0.03572251150826071 0.011308016486501784 -0.0017236861787513576 0.033324378882010126 0.037206064348631614 0.015890826037012931 0.01405953523279635 0.036169943181882228 0.024416539496782672 -0.00058710287391450992 0.00045479996201366868 0.022645430358851009 0.011050380750546483 0.037988629874759705 0.029599566682824353 0.047103882208223091 -0.0038121567987213123 0.041948282259849534 0.0089107190454707375 0.0064186730648856461 0.034741281902641211 0.041301000343397218 0.028666469494500087 0.03927130166978117 0.017743236306576215 0.033764899119725265 0.040427538431170154 0.0099052931407918113 0.032287454779661988 0.0088738151563198062 0.02982662984145168 0.005192144604025473 0.027323451180044766 0.00025701241314976579 -0.0043168850577976967 0.03077148157553921 0.04771759719184656 0.0071644369738058013 0.044756077472873433 0.04147566845398664 0.0017293144898487712 0.034180934696811646 0.0030958951029447703 0.010716424034903251 0.0047978343062474935 0.044777047670903861 0.00011271622082021718 0.026869181570186557 0.030534634888380069 0.028192814369995448 0.0079523846274794502 -0.0069378874081914834 0.036519776918768926 0.0389466383799143 0.00345698914490759 0.028912003073928539 -0.010143537530882986 0.0051880735752946406 -0.0032884239813001323 0.041814572184208559 0.043824567442744801 0.0012015964520309438 0.010357326097311128 0.035789281514140063 0.036652771782277625 0.021316950442310193 0.012378359973702031 0.016293043223569954 0.034105479992912462 0.017803258355106814 0.0014539113980317514 0.030809580000216531 0.030765964173696619 0.01098218640742642 0.013783227194879583 -0.0087615067147154418 0.032298715717764985 0.054987728506378675 -0.0024408705327406024 0.0081328560485013253 0.00092944686088014376 0.041325651168413267 -0.0021051409249319944 0.035551524451875337 0.016273190657010182 0.045152425954845372 0.03134816560760513 -0.0033858944407874252 -0.00012088287881308796 0.0070556477058425875 0.044632723741154276 0.039206011012754421 0.012884942570204406 0.0074109180147327904 0.017546973752879957 0.0036870435304204936 0.031473890068216423 0.0040012763839548373 -0.0040030788190005039 0.02767277784923737 0.037638910198366009 -0.0077950389513075629 -0.0023375275499833755 0.024783376944298333 -0.0013065090971103109 0.034612689230071485 0.0042546022023096401 0.035986971110425314 0.028887175304166277 0.038632386020320368 0.033946393272582129 0.022598864822183207 0.0086967979650866278 0.027711016295121991 0.0309207691471832 -0.0041090533930587276 0.041857421551310059 0.012422158466881467 0.0020341480637801239 0.040309086765651633 0.0080679427844689983 0.0027025089896597961 0.03084978130907972 0.048969147799056596 0.010179179671829105 -0.0062545400883048091 0.022745378104800248 0.045317703890951633 0.0068453969378186588 0.04325450549385159 0.010039362249879264 0.037720488083988167 0.035058516673568844 0.034600660207532677 0.029031995210946706 0.033688074439212047 0.034121528398579078 0.023748670878324322 -0.00029334654853821918 0.023333192513981266 0.015077681480192496 0.020351919662968426 0.030003477012407076 0.016519453518242421 0.010132282116659605 0.040014547558087747 0 0.027034785407315229 0.0074090532239524352 0.03805242939143786 0.0013142756778520943 0.035700203639157761 -0.0021950118619798171 0.02294255912697787 0.047277790099273923 0.012180927381191814 -0.004061327037146502 0.034507788905774786 0.028964724243902142 0.038469578124481332 0.016654993606898757 0.015882253591007041 0.015195375764287571 0.043521239972079691 0.029235937484565457 0.021380765223075679 0.033266984829374631 0.018385465124913642 0.0098136176864489881 0.0025916100837462819 0.039469355573468777 0.02742528389759559 0.018471353534105887 0.032794074895406804 0.0073110005486506056 0.027456260757003925 -0.0078447369353157465 0.041503705703009035 -0.0058975190678828083 0.030556269211505591 0.022606836309663168 0.036483560831315029 0.039706631949994228 0.0087442449928658381
leaf_weight=9524.8953923843801 394.1034415923059 1392.7070343531668 51.562581032514572 68.651154682040215 239.47171919047832 2599.0285987667739 238.96204283088446 43.88333697617054 49.739841714501381 1513.9023980535567 16082.670916229486 108.95468475297093 47.742680612951517 404.6356167756021 25276.603239238262 65.776983201503754 188.15753167495131 162.24367817491293 4724.3204612284899 447.58544106408954 31.71490179002285 14308.88912473619 625.02188342809677 59.35154914110899 319.27936810255051 84.538954108953476 747.88770150393248 50.741929814219475 163.66870450228453 47.068861398845911 52.854950554668903 101.19488010555506 24.380618825554848 710.18356904387474 4137.4282879680395 36.839829131960869 82.502427533268929 38.668334349989891 61.355874083936214 66.377657487988472 62.141447678208351 60.15316079556942 1865.9826363399625 25.633607093244791 77.653661262243986 970.24677261710167 34.132037848234177 191.75064866244793 37.413095824420452 189.60526318103075 38.825627643615007 21.262190539389849 230.41054430231452 67.761681936681271 214.77898835018277 50.277303799986839 39.914615113288164 568.69163505733013 67.67176304012537 54.940728835761547 1707.6514833718538 231.73747516423464 75.882439658045769 77.939447902143002 48.103927943855524 82.628234136849642 560.83848360553384 73.326892126351595 32.677392654120922 2513.6096438989043 2851.6064850464463 66.885201446712017 35.552798006683588 54.341651663184166 1600.0560918748379 99.075340457260609 611.95090048760176 112.44518376886845 428.93879352509975 45.972054313868284 344.48738001286983 1037.5703167021275 407.37638296931982 42.466314986348152 1507.3765231221914 43.195293329656124 65.068009123206139 108.11770561337471 67.083408385515213 75.621685780584812 1671.518407560885 85.854860499501228 312.52564224600792 1299.5892358645797 146.66486777365208 25.775275230407715 121.29490782693028 260.11308557540178 48.300146192312241 76.602525949478149 286.56907610595226 54.379764869809151 98.576032921671867 195.09507943689823 51.007632650434971 50.034598641097546 37.664757609367371 49.834977149963379 26027.814849719405 80.780297182500362 72.604326702654362 125.24687238037586 43.215913005173206 270.85087388381362 1197.9498421549797 37.141058620065451 55.210873384028673 459.26884564012289 46.202293038368225 138.69685004651546 104.03723861277103 44.130248032510281 53.403415929526091 50.781284242868423 147.75002669170499 753.92978626862168 35.769554957747459 36.933752380311489 105.60290329530835 27.594355836510658 112.92714735493064 62.965353924781084 48.705308131873608 427.76682624965906 294.05808330327272 656.51063615083694 82.744225561618805 283.41558098047972 123.76518762111664 146.5175588876009 87.629713889211416 67.249937444925308 465.39981846511364 133.71058805659413 29.992121271789074 90.812291093170643 23.383589584380388 28.71155022084713 110.93745183944702 55.064790915697813 37.878695219755173 89.694586034864187 36.368034578859806 48.029849655926228 140.07444639503956 163.47243119031191 165.5115580484271 42.8766835257411 220.60381410643458 33.019315388053656 768.02145566791296 6058.140927657485 334.45191721245646 106.16253201663494 77.788366809487343 111.76487874239683 74.76654764264822 81.888334590941668 186.53597449138761 38.480831425637007 39.71295078098774 167.68812608346343 222.95600587874651 33.047780949622393 246.46107443794608 39.086443580687046 50.081759460270405 289.71747399866581 64.554144658148289 26.329853150993586 62.966007187962532 39.563362814486027 76.678374174982309 26.413897331804037 260.74480829387903 2524.3629250787199 18.828295465558767 227.00698725134134 45.3276721611619 152.56681845337152 130.11270160600543 56.431601472198963 61.428185895085335 37.009296800941229 42.751871861517429 36.347577080130577 57.677735954523087 47.65984034538269 77.278540145605803 55.295141164213419 35.442608531564474 73.641027137637138 1319.3308816254139 256.4973910972476 67.244156934320927 60.349953718483448 144.00836872309446 34.130091425031424 330.25629153847694 38.44029950350523 70.377793673425913 33.224530547857285 47.099279500544071 48.782183360308409 106.87275967746973 49.299174420535564 42.05658970400691 87.191881522536278 32.453355997800827 26.776944652199745 62.808024276047945 31.580928977578878 93.438488230109215 130.17235552147031 66.819874882698059 189.81432960927486 45.051904521882534 48.83619948476553 301.3921287804842 82.087227120995522 136.3473289757967 149.68923030048609 113.68257684260607 85.040906094014645 503.48594863712788 55.113330215215683 266.60726584866643 151.0674702078104 79.473265342414379 65.97921272367239 256.72242452204227 752.76680883392692 60.602727189660072 68.36162006855011 48.214019626379013 54.413995910435915 57.868029862642288 36.520822517573833 35.037728816270828 28.04267281666398 141.64404171705246 415.85931123048067 514.68486902117729 84.299670308828354
leaf_count=185079 5193 21034 561 677 1106 44405 1144 429 464 25233 23603 1342 573 5764 23421 497 1333 2063 11187 5028 355 17037 2745 608 1162 321 2212 284 1082 284 920 548 381 11080 14506 405 894 341 775 579 420 701 3938 209 584 11123 395 2244 361 837 465 219 3561 605 1601 233 299 2472 415 453 8729 951 666 300 694 1029 4047 401 188 6529 8195 520 500 578 5531 520 5320 672 3363 573 5092 8328 4759 347 7080 176 645 409 499 492 6686 282 938 2311 935 161 816 3398 403 843 1482 402 666 2720 766 381 225 544 16318 628 919 1193 552 3225 15885 335 679 2097 243 755 987 536 353 341 1516 5270 447 395 1544 254 449 785 407 2202 1400 4440 557 1975 588 957 1265 248 2107 1815 399 1369 247 222 1348 556 421 592 418 356 1346 334 1129 503 3499 368 1096 12618 3237 881 420 918 643 997 2855 419 385 2679 3398 352 3549 388 655 1001 742 224 295 297 723 294 1306 45173 227 1812 397 446 1813 830 691 337 539 391 447 345 948 432 393 307 3761 1174 396 410 662 390 5656 234 974 449 318 420 861 198 463 586 384 309 864 384 1622 1103 281 1519 414 251 1792 415 940 817 658 241 2027 372 1933 1476 684 603 1230 4791 414 388 373 413 724 268 444 225 590 1093 1544 804
internal_value=0.0322723 0.00530556 0.0392783 0.0309635 0.0181198 -0.0024294 0.0422088 0.0241018 0.0346415 -0.00519378 0.0394335 0.0266271 0.0119415 0.00404732 0.0434133 0.0305248 0.00933868 0.018623 0.0365932 0.00987936 0.0125798 0.0414269 0.0367418 0.0228648 0.0268718 0.0260261 0.0325944 0.0200232 0.0225675 0.0218479 -0.00660516 0.0178625 0.00237208 0.00101631 0.0349368 0.0131942 0.0188745 0.0192673 0.0226367 0.00512968 0.0248738 0.0179511 0.0362851 -0.00132001 0.0151838 0.0123652 0.0298936 0.0119975 0.0259765 0.0257717 -0.000453738 -0.00118393 0.0085305 0.0129882 0.0162256 0.023031 0.0229685 0.0283142 0.0269972 0.0256777 0.0266922 0.0343353 0.0273314 0.0201573 0.0199992 0.0215004 0.0257003 0.0175121 0.0156516 0.0361334 0.0372911 0.0344698 0.0231654 0.027623 0.032385 0.0338544 0.0148164 0.0171803 0.0249874 0.0218079 0.00405822 0.0227698 0.0087083 0.0137724 0.0287715 0.0237174 0.0165701 0.027194 0.0280899 0.0313222 0.0321267 0.0256262 0.0412125 0.0372597 0.0340665 0.00704671 0.0259356 0.00506932 0.0115281 0.0180085 0.0222899 0.0259799 0.0121189 0.0105271 0.018212 0.0105367 0.00951387 0.0254087 0.044047 0.0114119 0.0229906 0.0105392 0.00871816 0.0175326 0.00642142 0.01857 0.0184869 0.0281185 0.0136802 0.0396225 0.0221085 0.0233113 0.0245012 0.0166008 0.0117715 0.0271976 0.00940037 0.0252761 0.00880305 0.0132678 0.0324409 0.01495 0.0286524 0.032881 0.028878 0.0266039 0.0286264 0.0292051 0.0218719 0.0307847 0.00972819 0.0182354 0.0343211 0.0034648 0.0100748 0.0029455 0.0208635 0.0352485 0.0169708 0.0144169 0.0249111 0.0290555 0.0209377 0.0196327 0.00902241 0.0338322 0.0235534 0.0150513 0.00404332 0.0263369 0.0394774 0.0381005 0.0090514 0.0172182 0.0340033 0.0133673 0.00683745 0.0174076 0.00571974 0.00709173 0.0105153 0.00205329 0.00897266 0.00128975 0.00651219 0.0039069 0.018139 0.0321078 0.0129007 0.0103606 0.0222453 0.0071095 0.0237597 0.00690682 0.0270401 -0.00310387 0.0126157 0.0241206 0.0229678 0.0303573 0.00853416 0.00493648 0.0177262 0.0162911 0.0290577 0.00283084 0.0115339 0.0223361 0.0260816 0.0200973 0.0308846 0.0247452 0.0328298 0.0298347 0.0184737 0.021927 0.0237122 0.00173472 -0.00757005 0.00765188 0.000178801 -0.00175085 0.0175579 0.0325201 0.0258053 0.0200152 0.0276729 0.0183744 0.0288959 0.0215174 0.0103755 -0.00354215 0.0077103 0.0316683 0.0360133 0.0204458 0.0136493 0.0170402 0.0229709 0.0187817 0.0251729 0.0290933 0.0266583 0.0288896 0.0267233 0.0085177 0.0262298 0.0280216 0.0259818 0.0233649 0.0310492 0.0249368 0.0356313 0.0208028 0.0262482 0.0120917 0.00801173 0.0138002 0.022621 0.0105955 0.0385266 0.0330692 0.0355426 0.0219057
internal_weight=165522 34135.8 131386 34245.6 12848.6 21287.2 97140.2 11956.8 22288.9 14920.7 29422 5401.98 7446.62 6366.48 67718.3 7180.81 5177.51 4021.49 15108 2174.55 2939.64 16413.8 11727.2 3320.04 7935.27 7149.66 2081.94 498.327 2857.13 2517.88 12576.2 2269.11 2344.46 4191.93 9615.7 1503.61 659.667 1820.45 494.074 1519.16 1786.82 1220.2 2104.94 2672.77 1654.68 1219.57 111.786 515.484 1636.93 1718.17 1607.21 1568.39 737.25 506.839 406.53 2329.86 435.109 4292.54 3503.54 2978.33 2748.66 525.212 293.474 208.935 73.7375 2010.49 905.65 344.812 305.917 7208.54 11017.6 785.606 235.078 199.525 5393.99 3820.83 927.28 773.101 614.433 577.165 1452.78 1124.65 843.946 449.843 1573.15 1080.77 337.478 1499.59 2411.18 2407.16 2264.29 514.984 17694.8 1612.11 788.998 188.019 387.367 2237.87 441.61 1104.83 429.129 340.949 269.807 2445.57 131.763 1107.78 1057.75 87.4997 51304.4 2250.47 153.385 2097.09 1668.54 428.551 1354.44 156.486 314.103 709.601 97.7649 457.976 1304.97 1200.93 1117.24 288.868 235.465 828.368 74.4379 87.715 393.31 287.707 319.376 135.899 161.15 512.279 1334.05 1039.99 2344.09 2261.35 407.181 1854.17 119.345 142.872 3721.76 1796.26 369.418 224.523 144.895 58.7037 1057.77 805.56 252.206 214.327 360.171 124.632 222.703 2107.83 323.803 158.291 271.761 72.9339 5492.34 8909.75 445.389 204.739 1749.31 229.672 1676.23 156.655 1519.57 1333.03 791.236 541.798 751.523 256.004 374.11 335.629 89.1682 2121.7 495.52 430.965 117.907 83.6936 531.193 77.4215 327.63 2721.07 71.6832 1528.57 1399.61 611.836 672.221 462.347 117.86 209.874 79.7612 154.178 94.0253 258.892 215.676 168.016 90.7377 220.306 1944.35 369.069 112.572 115.415 800.519 1426.84 9855.15 88.1801 780.561 1547.13 84.5124 122.109 206.449 156.172 292.917 129.248 157.7 51.1576 86.1916 2649.38 125.019 251.467 128.961 1030.54 283.702 238.651 746.834 445.442 218.435 1141.62 851.899 702.209 617.169 130.996 454.515 417.675 1391.47 926.312 465.16 860.332 317.325 147.835 800.981 273.239 218.825 160.957 99.6012 63.0804 3071.11 557.503 980.085 513.238
internal_count=780898 494993 285905 166195 123468 371525 119710 87136 79059 275920 57852 34990 88478 95605 61858 33348 66567 37608 45711 28362 34628 22119 31000 25170 49528 45785 9820 5312 21883 21305 239061 21911 36859 67243 33428 16303 6004 15670 4370 21935 11325 10069 5082 45308 17196 13252 979 5187 11814 10648 26366 25901 10493 6932 3845 19081 3944 23902 20188 17578 15912 2610 1659 1338 903 17340 7243 3196 3037 22718 27653 3743 2743 2243 22023 14446 7938 6399 4715 5110 21356 8933 10299 5106 7577 8504 2607 9500 13305 10710 9970 2864 26852 3249 3714 2224 3371 31939 5599 10097 2582 1884 2192 30258 1638 12273 11892 769 39739 27538 1547 25991 21189 4802 17840 1955 3349 3347 804 1917 10483 9496 8663 2605 2252 6058 788 736 5196 3652 1741 1452 1079 2881 7608 6208 12806 12249 2563 9686 1620 740 13926 26340 4916 3184 1732 621 9813 7601 2212 1791 3016 1199 2375 6840 2598 1469 4189 667 12283 20813 4585 1547 7106 1666 23050 1640 21410 18555 10865 7690 10480 3750 5011 4592 1043 8395 6730 5988 748 833 4537 1060 1826 48326 1147 9811 9110 2543 9302 6613 1521 2689 876 1539 838 2670 2118 1773 825 1242 6506 1967 793 966 5102 21424 190735 698 12054 25682 679 821 1292 1059 2131 1049 1577 690 1111 47179 2006 1919 701 7143 2184 1770 4959 3167 1355 4744 3743 2926 2685 1038 3814 3409 9091 6375 2716 5772 1644 1072 5164 2849 2436 1712 937 669 8212 1683 3651 4167
is_linear=0
shrinkage=0.01


Tree=19
num_leaves=255
num_cat=0
split_feature=8 55 6 55 12 55 9 6 55 52 6 13 8 60 49 13 49 28 62 6 13 8 46 55 6 44 21 6 62 62 98 55 62 62 133 42 46 120 0 51 52 42 61 131 34 27 31 1 6 135 55 136 44 24 70 140 137 136 135 6 144 46 60 140 59 115 43 123 60 24 126 59 61 38 46 43 34 0 34 33 28 131 19 62 21 115 120 27 137 78 126 34 9 31 137 24 135 55 131 137 21 19 19 6 133 135 86 24 33 119 135 20 117 27 1 120 136 122 52 27 83 118 58 6 106 6 60 119 33 63 9 115 38 49 139 38 82 69 118 20 60 115 115 46 38 120 21 63 27 12 43 34 131 31 8 134 117 28 125 21 86 38 27 19 136 129 8 22 24 22 46 12 21 119 22 49 95 89 46 135 19 120 106 119 31 12 63 38 8 28 90 27 21 133 119 6 8 122 135 120 44 6 41 24 43 14 83 60 86 119 95 31 0 60 83 31 131 122 33 42 44 34 28 19 97 118 98 27 135 137 8 101 115 131 134 58 24 19 115 19 31 135 120 71 42 58 118 86 144 19 137 122 13 98
split_gain=290563 35783.2 24906 7943.21 7359.06 4611.89 3526.95 2385.34 2101.7 1403.57 1399.56 1382.83 1131.13 1038.37 1037.49 981.654 817.472 758.784 633.463 589.558 586.566 584.062 559.129 539.291 530.869 504.5 499.398 489.889 476.89 456.739 424.519 418.84 417.092 416.109 359.482 358.552 355.833 351.204 429.317 350.941 334.328 319.115 319.032 334.183 318.03 335.342 356.269 315.829 312.361 307.513 308.415 305.408 301.266 433.507 300.393 294.77 292.516 288.563 277.457 332.177 401.146 271.326 268.108 264.476 263.356 304.632 294.758 263.296 259.499 283.514 259.269 256.844 256.835 255.103 250.451 247.434 246.414 420.624 321.77 283.32 251.81 244.811 330.929 253.616 251.422 242.521 240.93 240.317 240.299 239.697 238.406 270.011 237.145 239.168 236.151 235.137 231.801 298.342 271.48 244.249 264.33 253.597 235.066 227.716 247.115 226.541 223.517 222.147 238.868 247.007 220.409 220.198 273.146 220.083 218.839 237.222 217.61 212.75 311.501 248.479 235.908 211.297 211.234 210.598 209.833 207.818 237.903 212.236 219.454 207.459 202.679 200.85 288.063 249.793 222.986 213.904 201.511 200.832 199.998 198.721 361.341 198.308 334.54 306.312 383.117 195.701 349.217 224.337 266.038 241.525 250.357 251.513 220.814 232.594 215.919 207.161 197.455 201.47 194.226 198.006 192.788 214.58 201.704 201.769 192.567 197.284 192.513 191.583 205.066 191.543 190.696 190.126 190.021 189.742 187.773 201.066 190.041 186.962 265.796 186.311 185.312 263.238 243.042 230.541 202.457 199.766 188.811 185.303 184.847 184.541 184.415 184.133 327.988 203.356 183.835 182.327 203.946 181.346 254.581 252.175 316.414 181.024 283.476 178.128 294.385 191.321 177.799 176.776 272.961 276.539 174.565 284.33 174.43 174.368 194.108 183.883 174.134 201.325 204.516 196.308 323.099 217.478 519.176 302.427 241.284 221.194 209.901 276.802 235.788 232.405 189.076 182.669 174.057 195.316 173.52 200.035 179.466 173.255 173.062 174.37 184.953 172.401 172.048 171.724 171.502 171.225 174.562 176.401 170.236 170.027 169.792 168.83 286.351 174.819
threshold=239.56000000000003 68.500000000000014 4962.9050000000016 286.50000000000006 3.5000000000000004 303.50000000000006 2181.9200000000005 512.55000000000007 7.5000000000000009 24.500000000000004 1143.3550000000002 5.5000000000000009 1060.4850000000004 28.500000000000004 197.62146500000003 28.500000000000004 86.417210000000011 3.5000000000000004 2.5000000000000004 2525.9100000000003 1.5000000000000002 665.2600000000001 398.31134000000003 135.50000000000003 1772.075 3.5000000000000004 516.50000000000011 69.905000000000015 15.500000000000002 25.500000000000004 5.5000000000000009 9.5000000000000018 6.5000000000000009 1.5000000000000002 52.500000000000007 7.5000000000000009 2622.3895000000007 9.5000000000000018 17.500000000000004 1110.5000000000002 32.500000000000007 95.500000000000014 3.5000000000000004 90.500000000000014 103.50000000000001 768.50000000000011 799.50000000000011 6.5000000000000009 536.92000000000019 48.500000000000007 255.50000000000003 91.500000000000014 17.500000000000004 2021.5000000000002 2.5000000000000004 2.5000000000000004 95.500000000000014 85.500000000000014 69.500000000000014 500.92000000000002 2.5000000000000004 3914.7506000000008 2.5000000000000004 2.5000000000000004 1.5000000000000002 0.05829538950000001 6.5000000000000009 1.5000000000000002 4.5000000000000009 1127.5000000000002 1.5000000000000002 8.5000000000000018 44.500000000000007 199.50000000000003 27.876498000000002 22.500000000000004 30.500000000000004 4.5000000000000009 21.500000000000004 275.50000000000006 97.500000000000014 35.500000000000007 414.59402000000006 1.0000000180025095e-35 1619.5000000000002 0.13335545500000004 44.500000000000007 871.50000000000011 69.500000000000014 27.500000000000004 1.5000000000000002 87.500000000000014 241.03000000000003 575.50000000000011 43.500000000000007 2189.5000000000005 92.500000000000014 577.50000000000011 65.500000000000014 83.500000000000014 1559.5000000000002 171.86042500000002 87.030743000000015 2588.3850000000007 82.500000000000014 90.500000000000014 27.500000000000004 1077.5000000000002 168.50000000000003 5.5000000000000009 63.000000000000007 99.003335000000007 0.0086219430000000017 1165.5000000000002 2.5000000000000004 20.500000000000004 65.500000000000014 32.500000000000007 5.5000000000000009 367.50000000000006 6.5000000000000009 0.0030522620000000005 44.500000000000007 824.81500000000017 10.500000000000002 421.47500000000008 7.5000000000000009 6.5000000000000009 332.50000000000006 1.5000000000000002 835.94500000000005 0.050005841500000009 593.50000000000011 703.57730000000004 2.5000000000000004 110.50000000000001 28.500000000000004 3.5000000000000004 0.0014212532500000002 52.93354200000001 33.500000000000007 0.076041937500000018 0.0057585139500000012 1953.5998500000003 29.500000000000004 31.500000000000004 2120.5000000000005 1.0000000180025095e-35 885.50000000000011 45.500000000000007 12.500000000000002 41.500000000000007 40.500000000000007 1344.5000000000002 335.59500000000008 53.500000000000007 0.0092216925000000016 28.500000000000004 1.5000000000000002 1354.5000000000002 24.500000000000004 328.50000000000006 720.50000000000011 68.803135000000012 39.500000000000007 1.5000000000000002 8312.6900000000005 4.5000000000000009 1905.5000000000002 1.5000000000000002 7971.5115000000014 7.5000000000000009 1958.5000000000002 4.5000000000000009 9.5000000000000018 1.8034025000000002 2.5000000000000004 2.5000000000000004 1050.6079000000002 30.500000000000004 122.80989500000001 29.500000000000004 7.5000000000000009 5.5000000000000009 1959.5000000000002 35.500000000000007 3.5000000000000004 246.50000000000003 2339.7700000000004 119.50000000000001 5.5000000000000009 491.50000000000006 1413.5000000000002 48.500000000000007 24.500000000000004 1016.0150000000001 398.64500000000004 204.50000000000003 52.500000000000007 41.500000000000007 5.5000000000000009 536.92000000000019 24.500000000000004 1191.5000000000002 20.500000000000004 2.5000000000000004 5.5000000000000009 5.5000000000000009 4.5000000000000009 25.500000000000004 5.5000000000000009 513.50000000000011 6.5000000000000009 4.5000000000000009 3.5000000000000004 608.50000000000011 63.500000000000007 28.500000000000004 473.50000000000006 10.500000000000002 6.5000000000000009 38.500000000000007 23.500000000000004 83.588020000000014 2.5000000000000004 0.0076654460000000002 6.5000000000000009 599.50000000000011 30.500000000000004 61.500000000000007 19.905000000000005 2.5000000000000004 0.16304650500000004 90.500000000000014 49.500000000000007 4.5000000000000009 1536.5000000000002 67.266995000000023 0.11000413500000002 132.01108000000002 1521.5000000000002 59.500000000000007 58.500000000000007 1.5000000000000002 49.500000000000007 123.50000000000001 0.018950758500000001 14.500000000000002 5.5000000000000009 103.28195500000002 92.500000000000014 123.50000000000001 16.500000000000004 14.500000000000002
decision_type=2 2 2 2 2 2 2 2 2 2 2 2 2 2 2 2 2 2 2 2 2 2 2 2 2 2 2 2 2 2 2 2 2 2 2 2 2 2 2 2 2 2 2 2 2 2 2 2 2 2 2 2 2 2 2 2 2 2 2 2 2 2 2 2 2 2 2 2 2 2 2 2 2 2 2 2 2 2 2 2 2 2 2 2 2 2 2 2 2 2 2 2 2 2 2 2 2 2 2 2 2 2 2 2 2 2 2 2 2 2 2 2 2 2 2 2 2 2 2 2 2 2 2 2 2 2 2 2 2 2 2 2 2 2 2 2 2 2 2 2 2 2 2 2 2 2 2 2 2 2 2 2 2 2 2 2 2 2 2 2 2 2 2 2 2 2 2 2 2 2 2 2 2 2 2 2 2 2 2 2 2 2 2 2 2 2 2 2 2 2 2 2 2 2 2 2 2 2 2 2 2 2 2 2 2 2 2 2 2 2 2 2 2 2 2 2 2 2 2 2 2 2 2 2 2 2 2 2 2 2 2 2 2 2 2 2 2 2 2 2 2 2 2 2 2 2 2 2 2 2 2 2 2 2
left_child=1 4 3 11 8 7 13 17 27 12 16 23 18 33 19 32 30 110 34 125 67 31 171 58 44 207 88 35 51 166 141 48 47 -4 62 -1 52 54 124 85 42 122 55 180 45 46 49 -8 -13 -9 189 -14 53 -20 56 87 117 86 59 107 76 -48 138 95 -28 66 -66 94 -63 -70 106 169 -11 -43 -37 213 78 79 103 80 -78 -12 83 84 194 113 203 89 -18 123 91 170 93 -87 -16 232 98 -98 99 101 -101 131 -99 104 234 116 -36 -2 -109 -110 -3 112 -79 145 115 -85 197 118 -24 -120 -121 -118 177 -22 174 126 -7 158 -129 137 -97 134 133 135 -38 -133 -134 -96 -5 140 -69 142 -6 250 -145 154 147 148 149 150 151 -147 -150 -154 167 156 -156 -158 159 -127 161 251 163 -162 -86 -166 -17 168 -33 172 -26 210 -32 -148 176 -176 -39 -27 -179 -65 181 183 185 -44 -184 186 -183 -93 -181 -51 -163 -128 -193 -194 -83 -149 237 198 199 -47 -201 202 -185 205 -205 -25 -113 248 209 -209 -19 -212 -77 -67 -215 -216 217 218 -178 230 238 225 -223 231 -225 226 227 -222 -229 -228 -219 -224 233 245 236 -236 -61 -197 239 240 -221 -182 -116 -72 -199 246 -23 -248 -10 -196 -144 253 -253 -64
right_child=2 5 6 9 10 14 15 24 25 72 81 21 28 -15 20 29 26 22 36 -21 40 63 37 57 90 41 64 -29 -30 -31 71 39 -34 -35 70 74 96 38 -40 -41 -42 73 43 -45 -46 105 61 -49 -50 50 -52 -53 -54 -55 -56 -57 -58 -59 -60 60 -62 68 160 179 65 75 -68 139 69 -71 243 -73 -74 -75 -76 212 77 111 -80 -81 -82 82 -84 114 164 92 -88 -89 -90 -91 -92 187 -94 -95 129 130 97 102 -100 100 -102 -103 -104 -105 -106 -107 -108 108 109 -111 -112 206 -114 -115 242 -117 121 -119 119 120 -122 -123 -124 -125 -126 127 191 128 -130 -131 -132 132 136 -135 -136 -137 -138 -139 -140 -141 -142 -143 143 144 -146 146 173 195 152 -151 -152 -153 153 -155 155 -157 157 -159 -160 -161 162 190 -164 -165 165 -167 -168 -169 -170 -171 -172 -173 -174 -175 175 -177 216 178 -180 188 241 182 184 201 -186 -187 -188 -189 -190 -191 -192 192 193 -195 249 196 -198 244 -200 200 -202 -203 -204 204 -206 -207 -208 208 -210 -211 211 -213 -214 214 215 -217 -218 219 -220 220 221 222 223 224 -226 -227 229 228 -230 -231 -232 -233 -234 -235 235 -237 -238 -239 -240 -241 -242 -243 -244 -245 -246 -247 247 -249 -250 -251 -252 252 -254 -255
leaf_value=-0.0075171423843102634 -0.003889769551282978 0.020172436545136566 0.031942960529535117 0.025163196016400838 -0.0010891619465099903 0.0043447544477012113 0.024009666538503522 0.036099016297092897 -0.001948758578274863 0.036096709201385489 0.029224102777755442 0.035584559842359392 0.034351728150806012 0.039248770538806287 0.0065211878050413516 0.040351904360924111 0.020566818526365958 -0.0032178892105547514 0.0076846807844498854 0.033074583186302145 0.0092474276133556327 0.027940882829354807 0.010682062011466001 0.0052886922461102982 0.027838847340730874 0.0028388744822548922 0.003964549493413864 -0.0015668610089306552 0.03987711143340323 0.043009133660869649 0.0090892301302621884 0.0030855012953579543 0.03995755895059306 0.036342703302496816 0.012036733917559128 0.027890081928443524 0.038828229259842903 -0.0043585763165717786 0.048241558332436797 0.050887867751411221 0.035285262246812936 0.044640640781649685 0.034837228388788347 0.011426526779689281 0.0053025277482172751 0.024498379582600607 0.002574238553893785 0.036134381140054447 0.0050766471191138101 0.018538310541281664 0.041964007228040723 0.023389716431289204 0.032226127630223547 0.033221645131095552 0.0367536772294908 -0.00079721745393537835 -0.0048339626865895437 0.004697054384813013 0.0063548030645549092 0.0070419678121612364 0.035554778739570303 -0.0019712383927598769 0.031923527843938801 0.0069991234969080905 0.054158646662760469 0.0031085489760085336 0.017164021471682295 0.0055543882271344549 0.047104665178277168 0.010119496446807206 0.018075463531666783 0.031571890897157409 0.040600450923877734 0.0074451406875692744 -0.0021924993179020667 0.0098470810551707071 0.0060736703797083149 0.038347960243174335 -0.0010983741689273086 0.047642774714566405 0.038376268328160726 0.0027434718880740799 -0.0020644476680811773 0.028550602009901418 0 0.03852431732182391 0.0093007275888828036 0.03229610149847241 0.054354001860680103 -0.0066207185478897312 0.034763244143557304 -0.0016950686422579132 0.010925588860894531 0.016385123865818051 0.014647573856468933 0.044059081750675827 0.037607540080456185 0.023472172520072304 0.040096032992303486 0.0053015154937740968 0.028824635367079316 0.037766480059835163 -0.0051870395860115128 0.033494625615326658 0.040700331882148506 7.461075367860556e-05 0.029112151863311665 0.0039721657129533237 0.035178528793591866 0.0051077001548533044 0.046913052850383885 0.028368664898027293 0.0070310969749528135 0.032193646923475282 0.032965345207815716 -0.0041788006795247671 0.039470019663559883 0.027236064878690475 0.0025853379289427227 0.052705917208885546 0.020734658512210218 0.014974054231546479 0.030957477788544751 0.033133850413164051 0.033012437870419388 -0.0077548208320801669 0.024832537993624934 0.029959040267293173 0.0083536890732426178 0.038171794437430927 0.023660461018494991 0.03254352845220012 0.0046732269265354343 0.033890844732358337 0.024301706938469655 0.023162710560339056 0.025587150345100222 0.036136724268625263 -0.00035926530871923762 0.026101030179298053 0.023308981817331122 -0.0012438734971393943 0.0035821344247819369 0.042054252322611195 0.0089293883042740035 0.011092401405930201 0.016294555161327277 0.013928427899801771 0.045764362381927763 0.030957558394590867 0.0035023196791720574 0.03804732501943324 0.029787829348868946 0.0065860142022518501 0.041582921078698834 0.017704563651080127 0.034372645822842454 0.014493001921618769 0.027917730132104517 0.014056536542141028 0.031748359558858998 -0.00012868234403992694 0.036654338458187607 0.0090559452475488557 0.032080497929736648 0.016103262315081836 0.04201766206495907 0.036024094403931943 0.029815785965829917 0.0047718952103502875 0.006829127059961089 0.027249087068209714 0.041728347151564454 -0.0021943128426665389 0.0074245193838789712 0.041465053091094231 -0.00058363523554051796 0.00014501685643147433 0.020429846570256087 0.023318560525388658 0.037870836236146919 0.018105338107300001 0.0016811104110865519 0.0068111901387051168 0.022138198165403161 0.037764473673622949 0.031251071480168736 0.025903386667436003 0.038610420432951778 0.00020616165833258062 0.024620350774859398 -0.0051974143546939687 -0.0022559796928445322 0.02352493542934337 0.006066465923083594 0.047529222790812779 0.023950872063767063 0.019170144235115531 -0.0018025606566287318 0.028280728082891064 -0.0079591710176276399 0.032599279881357648 0.030340123460584251 0.035385696125491396 0.019471358934043472 0.026769717533314093 0.0035559665907473645 0.033891691200780748 -0.0099690052387539502 -0.0043401494203884877 0.041316824219114014 0.00088583382195402756 0.037068538133324037 0.037983935225086259 -0.0098747857891536769 0.018749933724605851 0.00062750502628165067 0.0090266952840207526 0.024820298351934191 -0.0001659561155190541 0.0069225997363464411 0.032216383892233996 -0.00037398213649114616 0.0069535374916266665 0.040646319654203705 -0.0054369626543562819 0.00081081524886657339 0.057612402764602132 0.026575922937563341 0.034849534563405324 0.038476540853346085 0.021121539563934956 0.019198829270863742 0.012439476241053543 0.016157887922160989 -0.0013869599499671281 0.036509114708783 0.026800217513533359 -0.0090240806729452536 0.030266418751485034 0.018888125841848853 0.021039610136251451 0.013253094418123917 0.036770558913186466 0.046850036333663074 0.042190408361730845 0.025345147541457662 0.042611931640294164 0.016285216838294144 0.030091380713582805 0.021114615310291355 0.014500640243865746 0.032356658180930607 0.017649348009171267
leaf_weight=10049.969517827034 114.33216588571668 77.371177885681391 3251.4525251165032 61.821640454232693 550.26412560418248 272.95953183621168 261.29542168229818 102.99185249581933 2866.4722223393619 3401.7293946370482 182.39796134456992 38.111975900828838 4115.3786306455731 13670.813992753625 51.334699135273695 15082.546509578824 52.398229598999023 540.20021037757397 193.03413151204586 226.69370650500059 81.983034260571003 1626.4488233216107 847.87496873363853 74.110091164708138 551.33563024550676 1677.731171131134 281.70397618040442 2015.363666895777 1848.0293594300747 33352.778084725142 45.107780169695616 96.853895910084248 5962.5467530786991 7998.7328590527177 399.49827505648136 26.409418467432261 627.83074689656496 147.46354311332107 24.180704027414322 45.316317871212959 832.95817879587412 34.375811886042356 769.39386790990829 106.76706297695637 187.94969455525279 424.40240133926272 295.74174764752388 2289.0955275297165 220.17917666211724 129.08089969307184 36.023768208920956 296.77642611414194 234.85200633108616 102.00942782312632 56.444330953061581 60.536573570221663 81.436535052955151 76.847827661782503 383.36689723655581 41.675809264183044 124.22705677896738 35.937157776206732 788.28917755186558 65.925199124962091 36.159979425370693 231.82858734950423 59.012344285845757 267.55129354074597 43.288298089057207 42.319594509899616 97.819666601717472 63.792476419359446 2512.6765505298972 40.942344836890697 1030.9172949977219 43.234940934926271 53.023248564451933 66.969748131930828 141.74493734538555 82.270669560879469 45.195000901818275 224.73971177265048 86.841046713292599 37.393701054155827 42.407230872660875 79.15269647911191 89.047477841377258 153.93926044553518 40.724653575569391 38.82657952606678 290.0742486640811 66.25000061839819 320.45271584764123 144.48714098334312 130.46006463468075 209.69454275071621 64.310024172067642 60.034809872508049 529.16370895504951 71.84653852134943 154.77374602109194 868.32016453146935 51.156721904873848 64.01758785545826 28.109063193202019 41.085093013942242 96.907220110297203 145.42052708566189 68.601037945598364 47.222647905349731 59.347513794898987 33.483613230288029 50.013303708285093 318.14642680063844 229.62347288802266 48.597731702029705 154.22625439614058 120.10848822072148 33.108699552714825 41.88233907520771 61.943735890090466 51.83543361723423 27.890147440135479 71.191585630178452 29.925792220979929 53.495243884623051 161.80883507430553 246.3652024641633 62.06027739495039 173.21348321437836 77.403406053781509 457.44293966144323 74.232210472226143 1381.5824988558888 148.43065216392279 629.69077950716019 130.47810135781765 69.94100546091795 57.595209024846554 171.55724915117025 203.45417788624763 1044.8514046706259 462.58773690462112 56.673669710755348 92.373200830072165 110.07380240038037 144.20530413836241 84.707467280328274 52.330051302909851 71.364841148257256 209.72346268221736 51.60978627204895 130.14511320739985 68.090071469545364 194.16621415317059 110.70595054700971 143.81419559568167 88.900780316442251 69.342877104878426 163.67414314299822 108.76959758251905 55.013785436749458 513.66804403066635 66.140443421900272 134.67089822515845 209.32220223546028 19284.490646794438 40.896172735840082 39.763081759214401 226.79722061008215 49.921379260718822 22.634529937058687 30.517498876899481 87.376430582255125 41.164275046437979 30.717183817178011 333.38005051389337 113.10122625529766 151.88441519811749 906.41258633136749 459.72818015515804 282.22531195729971 81.627018511295319 110.25022853165865 122.24188722670078 142.09382060170174 201.12979359924793 35.708634920418262 93.519579343497753 96.495908316224813 62.388491965830326 83.488671079277992 37.007705334573984 150.34396242722869 62.48026517778635 105.90596284717321 234.97572463750839 49.457078188657761 51.901355154812336 37.640927020460367 59.193793229758739 170.50044601410627 98.522709429264069 362.73909794166684 189.78160293400288 100.02490962296724 167.44636262208223 53.675243992358446 41.0521528609097 27.376384146511555 21.984349220991135 65.591707523912191 59.327994469553232 32.99036830663681 30.330928262323141 71.382161505520344 336.56569697335362 45.498489510267973 32.941193204373121 263.03538211807609 50.923533160239458 80.451009429991245 399.67059381306171 50.703149601817131 37.132024049758911 32.134995266795158 78.672622215002775 34.259930364787579 113.9386369548738 25.269814733415842 45.24254947155714 41.773501146584749 195.72657396644354 69.909951601177454 112.87306221947074 146.82581536471844 43.744794588536024 87.591182000935078 103.79374135658145 24.535800196230412 60.873566526919603 83.518202379345894 61.823331069201231 122.77197916060686 51.448363564908504 124.52402927726507 107.88840660825372 195.40959061682224 50.04789724200964 58.385633789002895 61.443481154739857 230.32959903776646 156.33315722644329 109.50175365805626
leaf_count=195494 1611 635 11460 378 8964 3344 1150 702 48778 9747 1443 323 12538 22447 502 18909 540 8644 1473 990 744 8898 10859 722 3537 25608 3822 34787 3578 21694 547 975 7736 19837 2742 393 2004 2150 98 135 2982 263 3668 778 1959 3576 3367 4943 2455 1177 193 1300 1064 477 404 591 1199 736 4492 479 908 426 3771 512 227 3035 631 2598 214 404 612 594 4218 516 18383 488 562 427 1619 419 332 2637 914 315 496 501 771 831 228 402 1604 637 2854 1242 1150 770 256 302 1672 493 675 2733 403 410 194 477 426 1972 574 602 289 230 515 1851 1598 613 1052 1268 386 266 659 469 291 369 254 585 1303 1706 569 912 417 2060 483 4782 681 3281 532 373 524 1034 1294 15808 6553 508 1131 1045 1089 723 212 400 2005 305 833 594 992 873 812 761 448 1343 461 425 1954 446 1138 2019 16995 282 265 2946 424 223 243 859 574 265 4523 1744 1812 5579 1628 2034 671 983 688 503 1052 223 309 1192 314 994 428 1281 742 440 1522 416 597 308 707 901 589 2108 1442 688 1671 619 678 453 233 980 446 264 424 754 4506 624 321 3687 643 613 5240 608 260 418 1035 213 1176 215 414 410 1356 512 1281 1760 320 553 1542 217 715 445 538 454 245 386 683 757 730 461 766 1496 637 643
internal_value=0.031311 0.00654631 0.0382587 0.0303674 -0.00105598 0.0192662 0.0406549 0.0138546 -0.0039963 0.0338617 0.00974966 0.0229498 0.032211 0.0373693 0.0254373 0.0417278 0.00643699 0.00928885 0.0298472 0.0181685 0.0276765 0.0253513 0.00854812 0.0170476 0.0209538 0.0014599 0.0144418 -0.00611104 0.0354862 0.0421377 0.00357091 0.0222569 0.0384569 0.0350779 0.0259798 -0.00693423 0.0317944 0.0100478 0.00784165 0.0232931 0.029507 0.00529704 0.0278954 0.0291924 0.0177895 0.0191538 0.0142363 0.0349159 0.00985547 0.0214572 0.0154247 0.0336276 0.023702 0.0167118 0.0143946 0.0193838 0.0132623 0.023522 0.014074 0.0159336 0.0185059 0.00783105 0.0280067 0.0281312 0.0119462 0.0158852 0.0321481 0.0209928 0.0202922 0.0295839 0.0196584 0.0135357 0.0380248 0.0252664 -0.00138043 0.012442 0.0164686 0.0216625 0.0119213 0.0338664 0.0215067 0.018307 0.0165881 0.0180582 0.0145176 0.0228416 0.0252675 0.0229283 0.03628 0.0151104 0.0269201 0.0235813 0.0166081 0.0245372 0.0271834 0.0298972 0.0326 0.0206991 0.0330014 0.0321558 0.0215223 0.0327014 0.0103397 0.0161505 0.0129862 0.023277 0.0154937 0.00762264 0.0126902 0.023298 0.0323612 0.0145344 0.0253865 0.0241954 0.0247858 0.0102655 0.0243462 0.0146114 0.0130095 0.0269873 0.0344784 0.0335592 0.00450389 0.0206976 0.00739802 0.0155158 0.0117494 0.0199118 0.0257257 0.029946 0.0387958 0.0314024 0.0299991 0.0309604 0.036133 0.0271717 0.0181703 0.0224798 0.0129681 0.0168116 0.0133109 0.00194711 0.00467826 0.00939739 0.0219811 0.0229802 0.0207481 0.022915 0.019041 0.0142221 0.0108311 0.0201173 0.0273367 0.0220138 0.0273846 0.0306012 0.0338243 0.0270091 0.0134836 0.00861639 0.0288478 0.0265674 0.0333855 0.0234234 0.0200713 0.0225364 0.0412893 0.0173553 0.0112556 0.00951596 0.0261394 0 0.0231249 0.00931678 0.00704872 0.0228351 0.00654005 0.00408752 0.0118753 0.0237544 0.0299311 0.028393 0.0238979 0.0315826 0.0140919 0.0270231 0.0237023 0.00818684 0.0248329 0.010811 0.0131315 0.0163565 0.0111111 0.0184096 0.00819983 0.0280353 0.0307232 0.0214239 0.0190789 0.0211762 0.0063138 0.0248059 0.0181448 0.0271795 0.0300274 0.0178482 0.00797895 -0.00112217 0.0105576 0.0210644 -0.00107008 0.0118428 0.0260969 0.00847305 0.0174518 0.0100918 0.00728151 0.00848193 0.00179602 0.0101167 0.00915288 0.0124765 0.00883995 0.00515998 0.0218962 0.0189702 0.0216096 0.0276278 0.034489 0.00968215 0.024331 0.00172366 0.0287592 0.0296165 0.0104787 0.00626556 0.0227368 0.0385671 0.00216193 0.00555501 0.00347821 0.0353882 0.0289368 0.0287622 0.0340166 0.0301835 0.0293607 0.0367089 -0.00162149 0.0180543 0.00572932 0.0277653 0.0218752 0.0302367
internal_weight=168879 37000.1 131879 30725.7 23159.4 13840.7 101154 7378.49 18207.2 20880.6 4952.19 9845.02 14966.2 24921 6462.19 76232.8 3573.5 4494.18 8706.04 1527.24 4934.95 6991.91 4357.46 2853.11 2884.31 5084.55 939.094 13122.7 6260.18 67719.8 2634.41 3319.05 8512.94 11250.2 2926.85 11107.3 5779.19 3707.05 2464.25 3060.75 3867.43 2045.93 3034.48 2628 1891.02 1703.07 781.879 2550.39 258.291 364.592 261.601 4412.16 529.896 295.044 1242.8 406.477 1186.35 892.551 1960.56 1577.2 1201.62 417.287 2209.85 3672.86 845.971 564.267 95.1723 1067.51 121.545 85.6079 716.997 366.215 5914.41 75.3182 1057.33 469.095 1077.39 498.402 578.991 180.489 98.2182 1378.68 1196.29 1109.44 732.006 3015.44 815.703 345.94 93.1229 192.001 993.29 703.216 544.093 223.64 424.949 2607.01 5249.29 175.502 5073.79 4544.63 226.62 4318.01 111.192 437.246 373.229 921.191 496.405 375.576 261.244 115.824 136.719 317.913 116.983 2471.35 377.438 85.9914 880.106 1104.92 984.81 136.935 103.826 206.062 1970.61 153.175 2440.07 1300.55 705.609 594.938 308.425 373.615 287.098 3449.69 2673.43 2468.72 776.261 1087.13 204.71 200.401 119.417 642.563 471.005 2268.19 1223.34 673.078 149.047 2153.2 1438.1 1206.52 693.337 442.772 371.407 161.684 250.565 198.235 715.1 537.587 426.881 232.715 286.512 217.169 2090.43 1401.86 688.578 174.91 386.4 343.993 34367 177.513 136.617 302.422 601.257 650.411 75.6253 231.582 2410.14 71.8815 2338.26 1942.72 264.986 1065.86 2521.23 1977.99 829.318 1148.67 203.869 625.449 483.355 101.959 999.932 225.577 117.402 432.649 270.84 187.352 345.606 513.18 428.473 674.044 573.138 521.237 96.8347 379.273 208.773 726.656 552.521 174.135 200.93 3038.62 122.104 81.0516 627.776 87.5761 102.563 366.532 134.703 101.713 2190.8 1854.23 366.321 1487.91 1397.17 944.93 609.73 529.279 87.8352 335.2 303.065 199.122 148.199 103.942 90.741 441.444 2319.91 2124.18 345.119 259.699 85.4206 193.497 452.238 348.445 323.909 543.246 291.447 220.592 100.905 2054.27 1929.75 303.298 2916.52 120.866 524.031 1284.45 386.663 897.791
internal_count=780898 513767 267131 141960 392382 121385 125171 80672 330549 70035 61833 71925 56070 53744 40713 71427 48919 56766 38654 12991 27722 45080 55842 26845 23906 81492 10859 249057 17416 57598 38060 24901 13829 31297 15283 214270 23371 45762 30721 22123 19859 30234 16877 13940 17481 15522 7675 6093 2778 3264 2562 13838 3014 1950 15041 2937 14637 6467 20378 15886 11127 4411 11049 20179 10091 6269 858 7863 1044 618 4234 4330 13965 779 18776 5411 10219 4156 6063 1313 894 12914 11471 10557 7493 21988 5731 2346 768 1515 6425 4821 4597 1743 2937 13779 20357 961 19396 17724 1168 16556 705 4444 4034 7847 3168 4759 3148 1176 924 2843 942 17391 3064 928 7370 13438 12170 1311 925 1521 29455 1113 30623 12001 7350 4651 2275 2435 1187 13823 11138 10123 2685 5341 1015 1523 902 4926 3892 33730 17922 8958 1639 15540 10580 8632 5394 3755 3355 1350 1639 1427 4960 3438 2565 1573 2376 1928 10147 7286 2861 907 3653 3157 35904 1522 1240 3736 3961 10080 790 1948 30369 839 29530 29164 3556 6400 13162 11089 4948 6141 1359 3589 3086 860 5888 2369 739 4006 2703 1709 3840 3238 2515 5849 5188 4591 1015 2473 1572 4960 3550 1410 1901 51258 1750 1072 9857 1213 934 4477 1442 1178 27380 22874 4844 18030 16992 10831 7131 6518 868 3700 3282 2032 1389 1250 1038 5650 12592 11236 3840 3041 799 993 6161 4619 4402 2073 2136 1066 661 10724 10338 1440 49508 1203 7319 6547 2133 4414
is_linear=0
shrinkage=0.01


Tree=20
num_leaves=255
num_cat=0
split_feature=7 55 7 55 55 0 58 56 121 58 8 52 54 0 46 7 48 0 62 70 11 26 62 20 69 56 24 27 130 33 56 54 132 63 57 37 0 8 70 37 133 121 26 120 58 7 119 11 13 55 98 121 7 122 18 18 56 21 101 39 115 54 31 7 137 20 18 82 18 57 48 58 120 55 24 54 31 89 44 126 57 15 90 78 122 62 27 29 54 18 18 21 21 21 19 115 19 37 78 133 122 120 31 46 40 29 21 39 54 122 31 132 78 115 132 19 64 50 19 137 121 60 13 37 50 0 122 31 118 13 31 132 60 95 123 120 58 118 15 122 38 27 90 126 0 20 18 0 21 18 60 7 13 18 0 8 50 119 62 48 119 78 120 18 134 32 7 137 21 27 35 58 38 119 119 11 115 0 27 46 115 106 122 122 120 132 18 48 98 29 38 40 59 60 115 19 46 11 11 144 146 88 56 33 31 84 66 39 66 118 44 27 38 118 133 8 119 87 11 48 115 27 22 56 55 35 41 137 98 8 29 132 122 39 144 41 46 119 18 122 40 8 18 35 19 13 121 0 18 29 99 44 48 11
split_gain=274021 31729.8 28530.2 7607.68 5060.93 4677.86 3163.58 1646.03 1453.66 1423.41 1411.08 1310.84 1171.5 1128.07 977.011 787.898 753.795 685.2 657.493 597.959 596.807 518.082 446.158 427.56 453.379 411.892 413.411 415.669 406.585 401.148 396.059 394.32 374.099 370.588 368.736 367.317 362.202 360.403 355.756 337.103 324.966 321.383 385.063 319.515 312.855 305.591 404.402 305.484 363.836 301.998 296.659 294.267 293.185 288.026 455.49 284.534 275.255 271.189 283.164 283.138 268.751 268.071 280.499 266.753 265.693 256.138 346.195 601.75 510.327 306.031 255.511 250.109 248.046 315.299 246.383 366.314 447.27 244.745 238.32 236.35 396.148 235.356 235.249 235.063 234.058 231.792 231.433 251.072 338.883 230.28 229.707 229.55 307.097 305.936 251.542 230.785 229.503 229.237 227.765 226.292 224.741 223.766 223.044 222.594 323.557 253.306 222.544 221.78 221.733 220.013 219.791 226.595 218.385 215.778 214.956 213.963 213.311 212.857 257.621 209.198 280.779 209.044 208.511 293.455 288.501 210.73 365.801 208.475 207.969 204.358 215.599 239.638 202.569 202.227 201.569 232.434 201.352 322.766 201.074 200.527 200.292 247.654 242.539 241.83 275.238 238.117 242.265 200.819 199.92 255.778 198.745 198.113 197.394 301.394 211.738 210.3 197.265 230.348 197.158 248.543 195.605 195.603 191.82 190.708 219.96 267.106 279.743 203.315 218.052 259.508 189.727 188.927 337.241 188.611 188.243 187.732 186.884 286.034 284.587 460.018 227.721 253.526 228.839 206.212 186.857 185.041 184.631 184.488 223.593 184.385 257.996 183.466 183.098 182.272 286.493 182.12 181.302 215.223 204.851 180.465 300.013 190.331 179.241 219.262 340.087 177.693 175.957 212.452 175.303 175.286 175.236 174.624 269.653 272.272 194.711 188.009 238.309 228.97 209.787 174.282 174.162 192.357 443.177 173.49 172.9 259.734 172.256 177.501 171.681 169.888 169.276 169.016 168.322 265.801 167.88 167.585 167.341 166.69 166.6 166.419 165.923 165.366 163.725 163.407 162.304 162.218 162.038 161.392 160.921 160.433 223.93 160 187.299 159.776
threshold=399.03000000000003 72.500000000000014 2824.0100000000007 260.50000000000006 303.50000000000006 1.5000000000000002 88.500000000000014 6.5000000000000009 4831.3050000000012 149.50000000000003 7227.0700000000006 14.500000000000002 33.500000000000007 4.5000000000000009 296.99212500000004 803.35000000000002 233.46332500000003 8.5000000000000018 3.5000000000000004 3.5000000000000004 26.905000000000005 4.5000000000000009 16.500000000000004 50.636307000000009 8.5000000000000018 86.500000000000014 303.50000000000006 988.50000000000011 2.5000000000000004 70.500000000000014 1326.5000000000002 450.50000000000006 87.500000000000014 2.5000000000000004 19.500000000000004 6.5000000000000009 12.500000000000002 995.68500000000006 3.5000000000000004 34.500000000000007 58.500000000000007 3447.6850000000004 10.500000000000002 9.5000000000000018 83.500000000000014 1039.1450000000002 16.500000000000004 118.85000000000001 6.5000000000000009 150.50000000000003 7.5000000000000009 10241.440000000001 4791.7700000000013 56.500000000000007 39.002666500000011 246.08600000000004 146.50000000000003 2215.5000000000005 2.5000000000000004 21.500000000000004 0.048611674500000007 1097.5000000000002 1190.5000000000002 1016.4250000000001 17.500000000000004 75.000615000000025 28.801052500000004 9.5000000000000018 22.905000000000005 8.5000000000000018 233.46332500000003 19.500000000000004 23.500000000000004 22.500000000000004 1588.5000000000002 57.500000000000007 130.50000000000003 2.5000000000000004 17.500000000000004 1.5000000000000002 2.5000000000000004 1.5000000000000002 4.5000000000000009 17.500000000000004 137.50000000000003 1.0000000180025095e-35 100.50000000000001 28.500000000000004 114.50000000000001 185.08084000000002 43.26499900000001 1336.5000000000002 2348.5000000000005 1261.5000000000002 12.078369500000003 0.067680082500000016 294.01430000000005 10.500000000000002 3.5000000000000004 51.000000000000007 64.500000000000014 14.500000000000002 544.50000000000011 3334.5885500000004 23.500000000000004 5.5000000000000009 2127.5000000000005 83.500000000000014 498.50000000000006 80.500000000000014 521.50000000000011 61.500000000000007 12.500000000000002 0.081083375000000013 21.500000000000004 258.01581000000004 1.5000000000000002 1.0000000180025095e-35 22.800681500000003 78.500000000000014 13947.795000000002 35.500000000000007 12.500000000000002 33.500000000000007 25.500000000000004 16.500000000000004 34.500000000000007 3133.5000000000005 0.0026127661500000006 8.5000000000000018 1690.5000000000002 62.500000000000007 33.500000000000007 10.500000000000002 2.5000000000000004 12.500000000000002 13.500000000000002 0.0031254652000000005 12.500000000000002 36.500000000000007 55.500000000000007 832.50000000000011 5.5000000000000009 2.5000000000000004 6.5000000000000009 22.992500000000003 71.42625000000001 11.500000000000002 1142.5000000000002 78.800095000000013 19.500000000000004 738.23500000000013 7.5000000000000009 17.584342500000002 5.5000000000000009 12.840000000000002 7.5000000000000009 13.500000000000002 5.5000000000000009 464.43211000000002 1.0000000180025095e-35 15.500000000000002 50.500000000000007 164.19743000000003 45.500000000000007 563.50000000000011 143.03500000000003 52.500000000000007 1918.5000000000002 899.50000000000011 114.50000000000001 36.500000000000007 24.500000000000004 4.5000000000000009 82.500000000000014 22.805000000000003 0.10910054000000001 10.500000000000002 778.50000000000011 5861.9775000000009 0.05829538950000001 1.5000000000000002 175.50000000000003 331.50000000000006 7.5000000000000009 46.500000000000007 23.740882000000003 67.19380750000002 3.5000000000000004 82.500000000000014 9.5000000000000018 15.500000000000002 59.500000000000007 15.500000000000002 0.07132922500000001 57.45181800000001 1081.7741500000002 45.045000000000009 99.930000000000021 3.5000000000000004 4.5000000000000009 2.5000000000000004 49.500000000000007 348.50000000000006 1666.5000000000002 6.5000000000000009 1.0000000180025095e-35 15.500000000000002 13.500000000000002 0.0070260265000000009 5.5000000000000009 929.50000000000011 90.500000000000014 0.0039889198500000006 63.500000000000007 139.91000000000003 26.500000000000004 8.5000000000000018 17.935000000000002 10.684991000000002 0.039533237500000006 1156.5000000000002 4.5000000000000009 199.50000000000003 33.500000000000007 5.5000000000000009 53.500000000000007 5.5000000000000009 5.5000000000000009 398.64500000000004 20.500000000000004 89.500000000000014 14.500000000000002 22.500000000000004 4.5000000000000009 1.0000000180025095e-35 1214.6417500000002 39.500000000000007 76.492385000000013 32.500000000000007 6.5000000000000009 303.56500000000005 234.35417000000004 23.500000000000004 550.15443000000016 3.5000000000000004 2837.4300000000007 11.500000000000002 28.801052500000004 30.500000000000004 2.5000000000000004 8.5000000000000018 205.99279500000003 39.925000000000004
decision_type=2 2 2 2 2 2 2 2 2 2 2 2 2 2 2 2 2 2 2 2 2 2 2 2 2 2 2 2 2 2 2 2 2 2 2 2 2 2 2 2 2 2 2 2 2 2 2 2 2 2 2 2 2 2 2 2 2 2 2 2 2 2 2 2 2 2 2 2 2 2 2 2 2 2 2 2 2 2 2 2 2 2 2 2 2 2 2 2 2 2 2 2 2 2 2 2 2 2 2 2 2 2 2 2 2 2 2 2 2 2 2 2 2 2 2 2 2 2 2 2 2 2 2 2 2 2 2 2 2 2 2 2 2 2 2 2 2 2 2 2 2 2 2 2 2 2 2 2 2 2 2 2 2 2 2 2 2 2 2 2 2 2 2 2 2 2 2 2 2 2 2 2 2 2 2 2 2 2 2 2 2 2 2 2 2 2 2 2 2 2 2 2 2 2 2 2 2 2 2 2 2 2 2 2 2 2 2 2 2 2 2 2 2 2 2 2 2 2 2 2 2 2 2 2 2 2 2 2 2 2 2 2 2 2 2 2 2 2 2 2 2 2 2 2 2 2 2 2 2 2 2 2 2 2
left_child=1 5 3 8 13 7 17 29 12 15 22 18 151 16 74 19 79 40 23 39 34 37 52 24 57 26 209 45 38 210 63 -19 103 78 44 196 91 98 43 89 109 42 50 -16 -18 46 47 127 -49 110 55 56 -8 -43 -55 64 -33 58 59 83 134 62 102 129 -30 66 67 68 69 -66 -25 86 156 -74 75 -7 -77 234 81 82 -81 115 -3 117 -45 -57 -67 191 -89 90 162 93 94 148 95 -93 97 -47 -10 236 -21 -26 108 104 116 -106 208 -65 139 112 111 -23 -4 170 -92 199 245 -6 -119 120 -39 -17 123 124 -13 126 -126 -28 -121 192 131 -131 -54 223 135 -36 186 -138 -12 -48 141 -116 143 144 -142 -146 195 -143 152 -150 -37 -2 153 -15 -155 -156 157 -52 160 -160 -62 -38 -5 164 167 -166 -167 168 -76 -170 -105 172 -157 -118 -61 -124 178 -178 179 180 185 -182 249 -180 -31 -100 -69 -179 -189 190 246 -88 -11 194 -148 -147 -22 -198 -199 201 -201 -9 203 -56 -205 243 -82 -208 -102 240 -1 215 213 214 -213 251 217 -217 -219 237 -29 235 -223 242 -186 -226 227 -162 -112 -41 -144 -53 233 -203 -68 -222 -80 -165 -185 -78 -14 -194 -91 -59 -42 -20 -153 -195 -115 250 -183 252 -96 -27
right_child=2 4 6 9 11 14 10 33 21 30 138 122 25 36 28 121 20 31 32 100 35 49 -24 70 101 253 27 220 41 184 -32 51 -34 -35 60 150 161 119 -40 229 244 53 -44 84 -46 96 61 48 -50 -51 72 231 132 54 202 85 -58 205 -60 174 158 -63 -64 107 65 71 77 136 -70 -71 -72 -73 73 -75 163 76 239 -79 99 80 206 -83 -84 -85 -86 -87 87 88 -90 133 114 92 -94 -95 211 -97 -98 -99 176 -101 106 -103 -104 113 105 -107 -108 -109 -110 -111 228 -113 -114 248 140 -117 173 118 -120 128 -122 -123 175 -125 125 -127 -128 -129 -130 130 -132 -133 -134 -135 -136 -137 137 -139 -140 -141 142 147 230 -145 145 146 193 -149 149 -151 -152 189 -154 154 155 171 -158 -159 159 -161 226 -163 -164 219 165 166 -168 -169 169 -171 -172 -173 -174 -175 -176 -177 177 187 183 -181 181 182 -184 238 224 -187 -188 188 -190 -191 -192 -193 241 247 -196 -197 197 198 -200 200 -202 232 -204 204 -206 -207 207 -209 -210 -211 -212 212 -214 -215 -216 216 -218 218 -220 -221 221 222 -224 -225 225 -227 -228 -229 -230 -231 -232 -233 -234 -235 -236 -237 -238 -239 -240 -241 -242 -243 -244 -245 -246 -247 -248 -249 -250 -251 -252 -253 -254 -255
leaf_value=-0.0074966686336045687 -0.00014694008868862903 0.00088121614624959337 0.040738684503065906 0.036685651345296784 0.026590702831435626 -0.0043196585328996798 0.035673802404938879 -0.0029107063881626573 0.044848824586669889 0.044382219023036511 0.038182616962510477 0.040131511785939482 0.033538903568550181 0.050835406922059886 0.04274855294789278 0.030416997690719396 0.0028775583767232764 0.03163167417872885 0.0078973241870601094 0.037240548619439789 -0.00079175025654728876 0.02435528510673729 0.039743655745580239 0.0055288627938781618 0.038391677490966475 0.021962112253419257 0.0082182601348128829 0.034456440110202109 -0.0036014558218382137 -0.00014089005973053886 0.037348299592174075 0.024882043311990787 0.0017180111125927747 0.029183994668746466 0.035185996449717649 0.037779873682381213 0.034821950903844864 0.029322049048629652 0.038132580347954831 0.02315010865064792 0.02416466861624704 0.027059851554218209 -0.0052908041530685922 0.0032052124286174617 0.038916699851983323 0.025016952954146916 0.019627883952618847 0.0054729770319051144 0.040078733443690034 0.03503319383562073 -0.000443036509008646 0.037277295379816708 0.036418161051090865 0.033866980001539482 0.00031087849398963354 0.010945899232953802 0.034613574562465478 0.013873972603759834 0.023139034256520311 0.0055906329561678696 -0.0052681286043046519 0.04679982307017639 0.0023415828564478779 0.037620615601412076 -0.00014864712310717754 0.046029230515402121 0.0010530272223069498 -0.0058465340507378961 0.050812549408736932 0.038089264100201449 0.026792217777004527 -0.0069125323614618352 0.035017436465733763 -0.0037273852268114634 0.037286935209887913 0.043687273466940041 0.015216506356263204 0.016573589972543379 0.0031575250543880431 -0.0024729457928561243 0.039374584955544356 0.027816826519623104 0.024356288496081888 0.03986425163314488 0.026277343603924114 0.046431880811930601 -0.0035063767466408358 0.011282232205686488 0.043546285087214177 0.032341493593313959 0.0031048215509042209 0.040761914839559106 0.034774295220553586 0.036491550173621351 -0.0013326775575377798 0.0066271151965252382 0.0084781807338400999 0.0057566011627450007 0.023393599967375268 -0.0022189810399139069 0.012504852945278335 0.015907801982556976 0.027922053329327689 0.03514138304095981 0.024573005372323313 -0.0020246208335970382 0.037941524962101375 0.032471074658534896 0.038722455438276404 0.013130587181644244 -0.00041528176626881726 0.00070081749133871967 0.02277727971676621 0.0077279480114208366 0.01686035889597198 0.025328562374215387 0.039708923164627923 -0.0063520069687348505 0.018915926835378773 0.032397774636963889 0.039873906224374825 0.033856615588782155 0.048961509695722938 0.036513933952574108 0.026743347273367836 0.04085308521078871 0.0079845670507886178 0.031589718320229464 0.010026167876285045 0.0094494568733094458 0.029048212496545753 0.031886911076501538 0.039216510719092101 0.012758691291936124 0.012361935611412286 0.0072607573325065601 -0.001234652724967593 0.042762863140328802 0.041299040136978667 -0.00084146232236198158 -0.0038490640948323188 0.022705248671745545 0.017896502737282133 0.028481532387271677 -0.0073162454298317759 0.015077004401068983 0.014468727752517219 0.046235391660792928 -0.010328387973195227 0.022300753132897068 0.013570151966902751 0.01089353725670876 0.0021823288763996251 0.005868651142828263 0.0029371589215655544 0.040622996861509275 0.041404816192790447 0.028408474746581078 0.041558942614920671 0.0088017554039088435 0.031930401908839681 0.020552591169810248 0.014567063262595882 0.0093535851625707253 -0.0021300581337529525 -0.0035717883350661023 0.041620471555529163 -0.002478927133280278 -0.0064554354576907644 0.034161327738179786 0.017237704060277994 0.04006584206474674 0.01040059700815734 0.020032673055220544 0.021823256279686804 0.032830051531972715 0.029618691987360612 0.0031781894359478569 0.030108560674249878 0.032734908918139467 0.007959126070084168 0.04054486720407096 0.0065796384866717433 0.0059519348099686719 -0.0062309622116405511 -0.00014772729660149443 0.012692346410719145 0.036000964933259369 0.016821550973508292 -0.0018833144370059554 0.0051929185505235195 0.024798266068309111 0.016196358888196635 0.020915450126000334 0.042912178519015402 -0.010644809406376649 0.0392573767218014 -0.0063694486232204698 0.02276106484716368 0.031297721524323141 0.001741337177932778 0.015087495469790099 0.027399242027907823 0.039639467272347774 -0.00029020449013099538 0.0070914439417928193 -0.0052549743150682761 0.027492191122034437 0.027534516389467602 0.04114794792274102 0.0092346046923755826 0.00720657494251363 0.00060899169437909201 0.034270721029057712 0.031648080633277641 0.0013295931429138847 0.037986004086522418 0.0088080916395574613 0.040870049122945583 -0.0015155999101710458 0.0065501609518197916 0.0059983634850205364 0.033052918048414266 0.035118688104775482 0.029004630454958776 -0.0031307279211078994 0.028239711338473309 0.0078619579053452841 0.018257484078107282 0.043468147648475279 0.035579683156658569 0.030720268805694558 -0.00071401016024679441 -0.0030924621244414136 0.020820804530654539 0.028179749036951921 0.031311407743327226 0.033818927536634041 0.025191822672224879 -0.0018369957752823998 0.0045790660603493216 0.032794394822742622 0.0059478984945628109 0.035972199845817218 0.0010210120929792189 0.032050865438334825 0.039990416319805468 0.00043231521752721809 0.026508573663240661 0.044674746371444057 0.012987942154420357 -0.0041959035340459853 0.017580236439088116 0.029085827763888066
leaf_weight=9892.260637961328 321.70837549120188 1290.2917798571289 149.00764416903257 129.91734153032303 92.859772432595491 1396.1649961508811 6553.4208012521267 1301.2931606397033 58.765271946787834 128.06652824580669 2640.7570543289185 120.95488848164678 43.246705032885075 33.126362983137369 29.909827273339033 7348.362577855587 689.13266672194004 2642.1972078830004 88.373375080525875 471.76011951267719 62.35956422612071 202.88253178074956 18790.039492674172 64.039876226335764 125.13523183017969 947.39335258305073 1219.7753122895956 137.05854574590921 305.63262072205544 1211.8999589942396 4407.0387425720692 439.50343790650368 58.561954963952303 48.592981491237879 129.00353638827801 162.46066635474563 155.9975296407938 1011.0469564348459 70.370895944535732 82.819146081805229 45.779278159141541 124.50543971732259 290.70768658071756 185.75597443804145 23.054606735706329 633.60709994286299 94.52349541336298 54.800321765244007 70.52964536100626 74.70071218162775 45.773625437170267 8075.2026440501213 4392.1372500732541 67.270502228289843 317.57280349731445 55.418854471296072 1146.8283755257726 54.22865891084075 205.05402778089046 739.99160690978169 86.750127203762531 35.45894405990839 91.562848154455423 1517.3599769771099 59.697851356118917 25.36784678325057 1454.3920101374388 162.80847051367164 60.957729000598192 29.795649036765099 703.3452498242259 45.470842365175486 25.211615018546581 89.430790286511183 43.370260167866945 29.436655003577471 82.018253773450851 116.89085229113698 32.150069199502468 95.415483545511961 47.500315837562084 30.321320481598377 42.222358599305153 43.709407426416874 56.468508742749691 27.873228158801794 87.478154826909304 89.758310478180647 52.171359039843082 44.255715221166611 95.183480054140091 52.018368422985077 58.947536431252956 99.10273340344429 98.726925350725651 33.924741331487894 132.98186373710632 71.529791332781315 42.936148371547461 55.861503597348928 120.78095753490925 77.684801809489727 260.13695103675127 681.74539612978697 58.437823213636875 85.68499469384551 147.8416283801198 2544.3210340961814 29.199496008455753 85.878581345081329 145.56664544716477 51.718591298907995 150.78472732007504 55.568874225020409 173.96546822041273 32.557083167135715 146.5435201190412 72.316810719668865 85.991197716444731 75.701790653169155 378.5368275269866 2719.376536667347 153.41975173354149 521.9202836304903 297.14420207589865 57.078251071274281 165.5101400911808 38.061598587781191 99.067068338394165 159.13922753930092 410.80316437780857 69.077341139316559 10085.783707082272 81.066850289702415 151.46240739896894 41.41388476267457 33.782254584133625 29.925636243075132 47516.361296266317 92.838593851774931 105.7749617472291 84.622062288224697 156.27721729874611 87.371770121157169 45.915495932102203 56.920336589217186 76.31895174831152 78.612603053450584 53.738792017102242 40.088426884263754 48.379032496362925 34.124150287359953 57.212275683879852 90.794085193425417 43.460835546255112 55.073081973940134 48.443340379744768 65.25082603469491 42.348866622895002 53.471842002123594 30.803852833807468 310.1814977042377 63.950154229998589 67.680557318031788 654.98828354477882 24.175723593682051 27.708429161459208 58.565619915723801 42.183103773742914 22.381016544997692 73.801262497901917 79.831077001988888 114.34753047674894 87.477534085512161 78.201325073838234 198.31383635848761 266.95232698693871 84.880140252411366 1360.4957326985896 232.65384016185999 119.56604915484786 48.948518328368664 50.691253744065762 70.001324817538261 1524.5979606211185 126.63043512776494 77.676198102533817 70.196702897548676 546.79183328151703 71.01505571603775 94.833866082131863 28.671916898339987 81.904167100787163 98.701262019574642 72.308943532407284 49.436766475439072 38.215965792536736 38.6404266692698 57.617649342864752 46.150024689733982 123.54488898068666 220.34246874600649 34.59383200109005 37.996026586741209 44.590997975319624 49.414502121508121 31.724467568099499 46.680579077452421 266.68788755685091 110.20440206304193 60.857799869030714 142.90843778848648 92.379889860749245 93.75640856847167 41.72730353847146 136.93896559998393 32.911075957119465 53.210838314145803 33.887103572487831 51.479468513280153 42.560402631759644 187.82532496750355 89.094441805034876 269.58099550008774 33.389935940504074 84.395913898944855 49.570598818361759 651.02296489849687 71.580795705318451 112.90984220802784 93.613975197076797 501.10402577370405 450.42754310742021 123.80634698271751 42.371569138020277 371.29550750553608 67.820764198899269 50.253966700285673 141.55483528226614 175.87757199257612 38.044937402009964 376.00606612861156 52.363662913441658 116.24124395102262 86.017725914716721 41.164857394993305 52.855245262384415 64.021671339869499 397.58815648406744 61.6896693110466 81.125625900924206 186.38262546434999 106.74399680271745 548.32347225397825
leaf_count=193496 4664 19124 581 594 806 23883 13521 21975 268 415 3147 479 293 173 240 29425 9421 8966 894 1636 782 1566 20662 666 501 6692 12594 861 4637 21189 8849 1753 543 553 1125 1016 942 4783 447 425 216 1212 4787 2357 185 4396 961 554 383 337 622 15320 7443 614 4169 709 3006 496 1431 7391 1170 146 1002 3765 955 201 21411 2550 589 263 4300 635 237 1220 539 296 1176 1367 451 1450 454 331 444 273 530 219 1272 1209 439 235 804 391 419 755 1292 390 1301 627 290 800 798 528 2136 3311 337 837 529 7222 161 529 1517 574 755 469 1252 365 701 917 755 348 1160 8084 313 1566 1563 173 1219 256 678 959 1621 250 12672 511 1727 526 495 257 32877 1096 978 545 970 473 467 400 546 278 722 351 399 415 595 1058 513 384 384 672 307 600 300 2425 441 912 11006 395 263 980 716 271 467 525 1219 668 658 602 1758 794 7377 1175 1047 244 433 549 27704 1217 1057 389 3819 1004 1138 294 482 599 319 500 277 478 444 591 1990 3119 314 318 558 445 467 477 1252 549 989 1509 1052 697 320 1542 225 549 198 745 428 1734 575 1104 465 1416 438 7910 509 283 438 1262 7047 1909 505 2589 622 549 773 2735 360 1331 426 723 730 260 409 508 2282 265 604 2315 1078 3114
internal_value=0.0303949 0.00514562 0.0367037 0.0288013 0.0182612 -0.00188798 0.0393295 -0.0049862 0.022109 0.0321206 0.0400062 0.0249813 0.0186509 0.0119768 0.00485516 0.029967 0.00869612 0.0347533 0.0221246 0.0255612 0.0122619 0.025835 0.03858 0.0187817 0.0159873 0.0201111 0.0183441 0.0175684 0.00781222 -0.00644298 0.0350567 0.0352142 0.0268166 0.00237531 0.00993173 0.0232695 0.0175427 0.0268675 0.0182638 0.0225491 0.0232357 0.00690098 0.00566046 0.0128488 0.00416392 0.0157082 0.0135295 0.0105072 0.0253496 0.0164406 0.00670681 0.0361383 0.0375362 0.0134808 0.00999927 0.00571633 0.0319584 0.0140873 0.0123219 0.0102822 0.0132354 0.0203798 0.0185553 0.033131 0.00513979 0.00626049 0.00494018 0.012635 0.0288679 0.0130272 0.0250497 0.0144526 0.0166238 0.00516179 0.000163539 -0.00219787 0.00803603 0.00275301 0.00182384 0.00327486 0.0128034 0.00101224 0.00166793 0.0186843 0.00879598 0.0237486 0.0179395 0.0148073 0.0236518 0.0212551 0.0193332 0.0154918 0.0127459 0.0202198 0.0115016 0.0278586 0.0208169 0.0230991 0.0249606 0.013721 0.0320016 0.0300681 0.0216259 0.0276641 0.0218288 0.00888027 0.0272445 0.0344149 0.0138307 0.0278736 0.0133399 0.0196321 0.0319487 0.0300666 0.0177881 0.00063035 0.0268579 0.0146731 0.00737564 0.0309246 0.0322568 0.0313536 0.0330149 0.030788 0.0260088 0.0225616 0.0201173 0.00898243 0.02003 0.028817 0.0246487 0.0165024 0.0383734 0.0277045 0.0211245 0.0286207 0.00443764 0.0199527 0.0411367 0.00953068 0.0188968 0.0255919 0.016345 0.0130509 0.0105742 0.0138888 0.0162673 0.0345202 0.0172434 0.00368279 0.0324514 0.00503867 0.0198808 0.0222652 0.0195205 0.0236526 0.024636 0.0166276 0.0104061 0.023935 0.00875485 0.0254773 0.0296638 0.00398234 0.0020709 -0.000361756 0.0210263 0.0123397 0.0203702 0.00807743 0.0334559 0.0271727 0.0206426 0.0326283 0.00720374 0.0401316 0.024577 0.020707 0.0261585 0.0209705 0.0156996 0.0201771 0.0260471 0.0286444 -0.00312896 0.00595813 0.000155554 0.0172288 0.0191291 0.0116256 0.0169196 0.00369755 0.0332463 0.020701 0.0287592 0.00305294 0.0131563 0.0196146 0.0110739 0.00024899 0.0101086 -0.00055342 0.00614509 0.00415568 0.018465 0.0244186 0.0243162 0.0143164 0.0229635 0.0327545 -0.00739153 0.0100612 0.0155519 0.020435 0.0130638 0.00686991 0.0134926 0.00954597 0.022032 0.0136388 0.0238509 0.0216388 0.0149132 0.0308987 -0.0053249 0.0062277 0.0104416 0.00905416 0.00580485 0.0352426 0.0247906 0.0369026 0.00329222 0.00853835 0.00164634 0.0260216 0.0225949 0.0202522 0.0189878 0.00362339 0.020541 0.0299307 0.0185494 0.0292429 0.00937568 0.0160195 0.0291888 0.0130204 0.0242716 0.0310205 0.0238906 0.00245541 0.00851931 0.0246157
internal_weight=172026 34391 137635 34333.7 12004.5 22386.5 103301 15340.3 11389.3 22944.4 89978.5 5797.5 5914.59 6206.96 7046.28 13250.7 3909.54 13322.3 4283.16 3182.98 2355.71 5474.68 39821.4 2508.21 1740.83 5340.05 3844.34 3652.84 4319.99 12807.4 9693.72 12804.8 1774.95 2532.87 1948.04 407.673 2297.42 4928.23 342.505 2175.91 517.468 3977.49 3350.96 272.134 712.187 2825.01 1986.89 1383.17 125.33 546.449 3060.25 10162.6 21031.3 626.53 502.024 2786.14 1586.33 1538.01 1318.12 1113.07 1235.85 603.72 568.261 5286.68 2702.85 2397.22 2068.3 454.644 150.451 89.4935 767.385 328.918 274.11 114.642 2726.28 1683.5 287.332 1613.65 2484.28 1553.83 221.321 2328.44 1332.51 294.877 242.224 83.2921 283.448 258.08 141.93 1980.18 1532.91 1831.24 1164.46 666.775 1105.52 85.9431 838.119 705.137 3363.88 155.832 1007.07 202.82 476.699 1716.39 507.682 144.123 535.31 4061.68 216.562 385.671 471.749 254.601 299.792 1208.7 1339.04 2298.12 363.559 251.168 158.308 1564.35 1389.58 10067.7 1514.34 1162.61 640.687 519.733 462.654 1257.84 174.769 1225 639.02 228.217 14477.9 447.267 321.88 170.417 304.193 63.7079 50157.1 187.362 1243.86 337.2 906.661 656.77 569.398 463.623 417.708 163.235 567.672 93.8272 210.84 574.537 473.845 416.633 383.507 292.713 159.468 111.024 913.968 95.8207 818.148 466.179 193.867 1042.79 873.372 706.872 51.8842 166.5 107.934 64.5641 755.547 249.252 169.421 234.021 818.193 351.734 3305.11 968.821 2336.29 764.242 531.588 362.021 242.455 1572.05 2854.28 169.567 240.485 701.869 616.989 252.828 181.813 116.15 585.977 311.351 148.628 106.357 196.834 134.474 96.2581 2265.56 169.695 2095.87 434.754 400.16 82.587 219.884 125.905 78.405 387.469 191.496 9953.12 1019.57 370.772 278.392 184.636 648.802 256.948 224.037 87.0979 169.414 827.834 690.776 276.92 366.2 1642.38 117.786 731.397 681.827 217.147 195.729 249.891 8576.31 794.576 344.149 1496.76 413.856 99.9708 117.935 211.556 257.896 81.2916 457.91 96.6194 170.47 131.797 129.538 86.9794 162.723 453.157 191.764 130.074 391.854 205.471 1495.72
internal_count=781023 494957 286066 162626 107734 387223 123440 285012 82912 79714 90322 36574 50438 71160 102211 54820 49521 33118 30659 17311 27105 32474 54298 19890 14924 42808 33002 31800 57745 245259 24894 30307 10769 39753 23709 3396 21639 27971 3574 13096 2811 54171 46986 3127 9606 25613 19289 13787 937 4503 42199 21341 33636 7185 5973 39064 4759 13895 12231 10800 14103 5502 5356 16045 38136 33499 29449 6166 1807 1218 4966 4050 3135 1457 44466 28090 4207 23283 39200 22416 2848 37327 19568 2751 2887 928 3415 3214 1648 12388 10112 18272 11977 6295 11558 781 6324 5023 21002 1873 4215 1029 4354 10226 3697 1174 2579 10987 2218 1865 4166 2140 1336 6529 9077 36996 2523 2478 1672 6969 5943 37509 5915 5000 3434 2955 2782 12850 1026 5058 2830 1209 20115 2276 3378 1651 4359 752 36024 2057 8273 2075 6198 4790 4317 3339 2872 823 5540 1073 1415 7630 4467 3872 3699 2641 1678 1294 10725 907 9818 3367 1035 16376 14170 11664 658 2506 1526 987 3778 2128 1603 1369 8049 915 20734 6760 13974 5275 4100 2593 1546 8699 50774 1507 3607 5002 4208 2966 1962 1566 2228 1972 865 900 1981 1199 922 36631 2581 34050 5359 5045 876 1664 1398 944 2050 1202 194485 10777 3578 2526 1829 7199 2514 2289 747 2206 6187 5326 2309 1765 29585 1881 8648 8210 2026 708 1408 16582 12075 5028 21916 3017 1073 1461 1322 3911 653 1813 661 1219 946 1154 824 1107 2751 1113 848 4685 2370 9806
is_linear=0
shrinkage=0.01


Tree=21
num_leaves=255
num_cat=0
split_feature=7 55 7 55 55 12 54 56 6 56 54 72 0 47 7 9 49 54 11 6 6 47 23 54 33 12 67 60 32 48 63 130 144 48 50 6 6 6 137 7 89 6 13 121 64 120 137 60 120 116 25 27 70 117 24 120 70 131 49 9 24 126 42 70 9 86 11 54 19 47 3 21 120 21 42 63 55 122 54 34 47 56 49 27 21 118 47 121 6 60 19 21 21 27 118 58 26 6 56 33 43 120 119 122 121 21 124 69 18 49 27 21 95 56 116 3 60 9 33 47 46 117 54 12 128 136 19 90 47 58 24 121 33 48 18 58 27 12 64 47 21 94 32 67 55 46 40 106 60 19 42 7 87 46 58 55 103 46 18 137 67 21 34 33 91 7 2 46 94 87 48 46 27 142 129 24 32 40 55 34 131 54 120 13 37 56 56 56 137 21 19 64 120 27 66 55 120 120 15 12 1 33 21 27 43 44 24 21 116 43 40 56 122 41 67 56 37 132 6 48 46 56 11 30 18 23 32 99 59 118 33 94 117 54 59 27 94 32 40 117 21 30 94 46 50 122 19 47 27 13 12 63 48 132
split_gain=257368 30599.6 26900.8 7114.58 4770.65 4669.46 3024.93 1519.27 1484.26 1343.16 1124.46 1080.23 1074.01 1024.61 995.234 908.077 870.767 818.185 609.171 556.975 484.249 481.178 474.12 449.162 433.799 412.429 405.159 389.478 461.949 387.622 387.497 386.175 372.006 355.471 348.89 340.112 338.56 335.35 316.702 313.561 312.025 350.239 309.363 305.522 304.915 303.246 294.882 290.424 290.168 288.345 286.883 284.749 282.076 349.178 263.498 254.452 254.25 253.68 246.062 245.798 250.541 244.109 243.463 326.946 242.661 252.082 241.692 270.948 292.039 240.373 238.564 247.721 238.542 237.952 247.256 236.472 233.758 233.168 233.086 239.888 232.449 253.361 231.567 241.525 230.45 227.593 225.94 324.596 384.374 225.573 222.846 277.988 301.305 268.15 321.327 259.077 221.497 219.766 218.849 218.694 216.64 215.472 266.979 214.667 304.105 212.038 211.124 345.058 284.654 290.186 271.911 240.157 218.772 206.863 206.375 206.277 206.087 249.164 205.411 265.649 455.382 209.831 231.433 224.256 232.734 202.703 201.792 201.58 201.393 268.647 199.536 199.041 198.644 197.106 195.287 195.227 194.724 193.29 208.986 205.212 232.081 193.278 305.611 192.937 192.645 350.727 257.162 251.418 236.24 267.47 238.176 193.128 192.215 191.978 191.921 204.501 191.917 189.765 320.785 213.056 203.424 200.427 271.611 268.342 200.105 187.794 187.557 212.061 187.186 187.05 207.221 265.175 187.046 185.982 235.379 252.905 228.458 184.73 200.778 183.261 181.546 181.464 181.21 188.322 180.342 194.796 204.672 234.401 233.538 214.5 180.234 185.862 179.112 178.816 204.666 403.354 198.686 177.788 244.202 227.026 218.426 238.494 218.358 209.795 202.597 211.226 202.881 195.794 196.332 184.571 180.532 200.851 177.747 177.669 177.452 177.155 208.893 177.1 215.888 210.316 243.562 176.705 176.158 175.543 174.507 180.133 222.109 174.211 188.035 172.9 181.923 172.892 199.209 177.224 172.167 188.062 213.864 200.263 260.146 220.244 172.156 171.9 184.277 171.69 209.219 188.543 170.945 170.825 197.079 185.874 324.52 200.982 283.783 194.893
threshold=399.03000000000003 72.500000000000014 2824.0100000000007 260.50000000000006 303.50000000000006 1.5000000000000002 2393.5000000000005 7.5000000000000009 1903.4950000000001 834.50000000000011 39.500000000000007 1.0000000180025095e-35 4.5000000000000009 191.56839000000005 874.62000000000012 4578.9050000000007 49.056123500000005 450.50000000000006 26.905000000000005 7022.8400000000011 601.85500000000013 494.65015000000005 1.0000000180025095e-35 99.500000000000014 70.500000000000014 15.500000000000002 9.5000000000000018 3.5000000000000004 268.50000000000006 15780.865500000002 2.5000000000000004 2.5000000000000004 2.5000000000000004 10.684991000000002 102.50000000000001 3771.6550000000002 1143.3550000000002 2144.9950000000003 28.500000000000004 119.84000000000002 2.5000000000000004 789.72500000000014 4.5000000000000009 5712.7400000000007 3.5000000000000004 29.500000000000004 40.500000000000007 21.500000000000004 38.500000000000007 0.00028308564000000008 5.5000000000000009 992.50000000000011 3.5000000000000004 0.028373045500000003 1613.5000000000002 8.5000000000000018 17.500000000000004 86.500000000000014 1498.7358000000002 15.805000000000001 2088.5000000000005 1.5000000000000002 448.50000000000006 18.500000000000004 179.91000000000003 26.500000000000004 23.905000000000005 222.50000000000003 82.666192000000009 7174.6903000000011 7.5000000000000009 2075.5000000000005 45.500000000000007 2348.5000000000005 95.500000000000014 1.0000000180025095e-35 226.50000000000003 84.500000000000014 798.50000000000011 7.5000000000000009 1774.6262000000004 140.50000000000003 8.5992055000000018 1385.5000000000002 2348.5000000000005 0.0010395910500000003 31.914383500000003 2962.1900000000005 267.60500000000008 25.500000000000004 12.078369500000003 1336.5000000000002 1273.5000000000002 929.50000000000011 0.0044060327500000012 89.500000000000014 1.0000000180025095e-35 57.82500000000001 701.50000000000011 30.500000000000004 14.500000000000002 16.500000000000004 1.0000000180025095e-35 9.5000000000000018 500.21000000000009 1142.5000000000002 1.0000000180025095e-35 10.500000000000002 30.576459500000002 1113.0785500000002 820.50000000000011 748.50000000000011 6.5000000000000009 2.5000000000000004 0.0037366855000000002 1.5000000000000002 15.500000000000002 714.0350000000002 424.50000000000006 1928.2598000000003 7971.5115000000014 0.0058741220000000007 82.500000000000014 2.5000000000000004 1.5000000000000002 13.500000000000002 233.00222000000002 5.5000000000000009 611.86162500000012 27.500000000000004 1719.5000000000002 7049.3100000000004 132.50000000000003 344.82556500000004 84.020180000000011 36.500000000000007 979.50000000000011 40.500000000000007 6.5000000000000009 3506.9130000000005 1507.5000000000002 8.5000000000000018 1058.5000000000002 3.5000000000000004 15.500000000000002 1180.8398500000003 4.5000000000000009 2.5000000000000004 8.5000000000000018 98.190330000000003 46.500000000000007 179.98500000000004 3.5000000000000004 263.74257500000004 302.50000000000006 1100.5000000000002 1.5000000000000002 4709.9150000000009 137.97083000000001 89.500000000000014 9.5000000000000018 1854.5000000000002 76.500000000000014 364.50000000000006 1.5000000000000002 139.26500000000001 1.0000000180025095e-35 1019.67105 19.500000000000004 9.5000000000000018 3030.9972500000003 3423.9402000000005 479.50000000000006 2.5000000000000004 1.5000000000000002 703.50000000000011 205.50000000000003 28.500000000000004 673.50000000000011 72.500000000000014 82.500000000000014 498.50000000000006 47.500000000000007 13.500000000000002 18.500000000000004 28.500000000000004 37.500000000000007 116.50000000000001 74.500000000000014 1309.5000000000002 168.09375000000003 3.5000000000000004 9.5000000000000018 984.50000000000011 8.5000000000000018 468.50000000000006 40.500000000000007 34.500000000000007 5.5000000000000009 12.500000000000002 9.5000000000000018 84.500000000000014 1273.5000000000002 971.50000000000011 16.500000000000004 10.500000000000002 1532.5000000000002 2272.5000000000005 0.0008636433500000001 10.500000000000002 26.500000000000004 16.500000000000004 149.50000000000003 13.500000000000002 3.5000000000000004 30.500000000000004 10.500000000000002 51.500000000000007 824.81500000000017 176.53237500000003 1569.1003000000003 131.50000000000003 13.095000000000001 1899.5000000000002 78.800095000000013 1.5000000000000002 563.50000000000011 2.5000000000000004 11.500000000000002 0.010641278000000002 33.500000000000007 5.5000000000000009 0.018870750500000002 350.50000000000006 30.500000000000004 137.50000000000003 17.500000000000004 798.50000000000011 11.500000000000002 0.0038854670000000005 2186.5000000000005 1382.5000000000002 21.500000000000004 6921.7895000000008 3.5000000000000004 82.500000000000014 25.254884500000003 2626.5788500000003 1000.5000000000001 11.500000000000002 10.500000000000002 1.0000000180025095e-35 248.15947500000001 62.500000000000007
decision_type=2 2 2 2 2 2 2 2 2 2 2 2 2 2 2 2 2 2 2 2 2 2 2 2 2 2 2 2 2 2 2 2 2 2 2 2 2 2 2 2 2 2 2 2 2 2 2 2 2 2 2 2 2 2 2 2 2 2 2 2 2 2 2 2 2 2 2 2 2 2 2 2 2 2 2 2 2 2 2 2 2 2 2 2 2 2 2 2 2 2 2 2 2 2 2 2 2 2 2 2 2 2 2 2 2 2 2 2 2 2 2 2 2 2 2 2 2 2 2 2 2 2 2 2 2 2 2 2 2 2 2 2 2 2 2 2 2 2 2 2 2 2 2 2 2 2 2 2 2 2 2 2 2 2 2 2 2 2 2 2 2 2 2 2 2 2 2 2 2 2 2 2 2 2 2 2 2 2 2 2 2 2 2 2 2 2 2 2 2 2 2 2 2 2 2 2 2 2 2 2 2 2 2 2 2 2 2 2 2 2 2 2 2 2 2 2 2 2 2 2 2 2 2 2 2 2 2 2 2 2 2 2 2 2 2 2 2 2 2 2 2 2 2 2 2 2 2 2 2 2 2 2 2 2
left_child=1 5 3 8 12 7 17 24 10 14 217 20 16 23 27 49 26 42 61 221 22 -20 38 36 -1 84 34 28 -5 70 50 55 33 -12 181 52 39 58 115 -7 41 59 -4 51 56 54 -39 100 106 -8 73 66 53 197 -38 -15 240 -17 116 -33 125 76 63 157 65 -22 67 68 -35 247 71 101 96 74 103 180 118 -60 79 99 166 -82 83 85 90 -37 130 -88 -89 -79 -14 92 105 95 243 -93 223 113 -51 -25 165 102 -13 104 173 135 110 108 109 -108 -40 -111 -110 -81 -96 -6 -29 131 121 -120 -121 123 -123 124 153 -61 -52 -67 222 -130 -41 -118 136 -30 -107 141 -43 138 139 -103 -141 -92 -143 -50 145 146 -127 -147 149 150 -146 -152 -27 -18 155 -64 -45 161 160 177 193 -16 -163 168 -162 -23 167 -63 -164 -114 171 179 -168 174 175 -9 -176 -160 -179 -171 -21 -3 183 -55 185 -68 -187 188 189 -188 191 -24 -102 194 -159 196 -196 198 203 -199 201 -201 -203 210 206 -206 -202 208 -204 -208 211 -10 229 -131 -207 216 -42 218 -2 -220 -221 -19 -54 -57 -105 226 -226 228 -155 230 -69 -34 -233 -234 235 -78 237 238 246 -240 -11 -232 -243 244 245 -95 -237 248 -53 250 251 252 -250 -252
right_child=2 4 6 9 11 13 15 30 35 44 32 29 25 31 62 57 18 19 21 75 64 47 190 78 -26 152 -28 37 133 -31 -32 40 231 43 -36 82 45 46 48 86 215 132 -44 156 -46 -47 -48 -49 143 98 126 69 128 182 -56 72 -58 -59 77 60 -62 80 154 -65 -66 127 184 212 -70 -71 -72 -73 -74 -75 -76 -77 234 89 -80 97 81 -83 -84 -85 -86 -87 87 88 -90 -91 91 93 -94 94 114 -97 -98 -99 -100 -101 192 137 -104 224 -106 134 107 -109 112 111 -112 -113 169 -115 -116 -117 117 -119 119 120 -122 122 -124 -125 -126 144 -128 -129 129 213 -132 -133 -134 -135 -136 -137 -138 -139 -140 140 -142 142 -144 -145 148 147 -148 -149 -150 -151 151 -153 -154 227 -156 -157 -158 158 159 -161 164 162 163 -165 -166 -167 172 -169 -170 170 -172 -173 -174 -175 176 -177 -178 178 -180 -181 -182 -183 -184 -185 -186 186 187 -189 -190 -191 -192 -193 -194 -195 195 -197 -198 199 -200 200 204 202 207 -205 205 214 209 -209 -210 -211 -212 -213 -214 -215 -216 -217 -218 -219 219 220 -222 -223 -224 -225 225 -227 -228 -229 -230 -231 241 232 233 -235 -236 236 -238 -239 239 -241 -242 242 -244 -245 -246 -247 -248 -249 249 -251 253 -253 -254 -255
leaf_value=-0.0074566526142825929 0.00084625829118891013 -0.00081289957936771836 0.012493076281219833 0.033065620996028271 0.0021146240937993123 -0.0035210418081519728 0.03458546194700645 0.0042210712319235479 0.014122953507391076 0.029928279071788064 0.0083318417880035994 0.034734231642917265 0.026569015332574164 0.04579431081856123 0.031061813118487352 0.040214992519627304 -0.0099465422498757946 0.028478609586437054 -0.0068001855925219805 0.034953946929254714 0.025657280239065852 0.00093487657713494082 0.0049426373901167503 0.041600847724683282 -0.0030151979564357087 0.041303043089611115 0.030690643039092424 0.0260581099193129 0.01364623861054828 0.035926069453587638 0.030096311161300428 0.0020550930973864821 0.037738323075268594 0.0022526840792104746 0.031815888402655229 0.0062692934186718684 0.0039638415360530553 0.012324967716004784 0.017806682543278229 -0.0057939196189020024 0.012763089000761561 -8.7992796658506789e-05 0.030632068352399417 0.027606144508038579 0.036700688813241025 -0.0038362092210710531 0.033696495082656937 0.0046862051299012093 0.017059009879579822 0.036109840609374409 -0.0035543076027216331 0.043706831958635589 0.025453511830648781 0.013418461210625961 0.029585611306373286 0.033344676496259308 0.036972713477384081 0.038374365792159672 0.032502294568609938 -0.0059370607244876271 -0.0070335838385794051 -0.0016247624403101721 0.023132719597912736 0.040851256901308246 0.035155016789879187 -0.0071937923903747127 0.0082023399292463425 0.039637539998125158 0.014600981342037241 0.0030287482818856771 0.04184825677137563 0.033314703809835824 0.032235568231298674 0.036396056267824391 0.027099914746932633 0.037193709188060808 -0.0049423808083313677 0.029363091816556063 0.031283229985782056 0.04209256220101603 -0.0061109543669089911 0.025733317010354279 0.029821169135379483 0.039149097235983782 0.034075216272140281 0.023633167378292266 0.0037567072594739065 0.055002958841121122 0.011588002189085263 0.011733790603828727 0.023540207713635887 0.0043080925975281853 0.036101870773612557 0.018175107663049112 0.041998400689920112 0.033978256221000973 -0.0015820877903028033 0.0032623336684147854 0.038476608688909793 0.0081037327617206403 0.046908468756233779 0.020771357495365402 0.021665418834054311 -0.0017181818651881109 0.036699066513022967 -0.010328683853804446 0.0034684914378704428 0.037659711314079768 0.032902242850203094 0.035856312323910594 0.036067481199788316 0.010837879919444786 0.008985693849205301 0.0017946505166317294 0.013707204883748778 0.022705907581178703 0.018967001076336618 0.038043637662197205 0.0054427053720348048 0.05155065347025637 0.004363007429325578 0.030193118741346447 0.00013651186962759622 -0.0015559411622298772 0.032863028463207787 0.01323827181306129 0.02866008613947979 0.02019935324260079 0.040958988633235521 0.030413762880772847 0.0070263287110933883 -0.0002249132557442941 0.020020986705168921 -0.0057771842221274869 0.019536082791378629 0.028376927578941689 0.022997584033895468 0.03869216562022141 0.032693952142794351 0.013944667410734501 -0.0084707868344891888 0 0.032912733961291664 -0.0076682216276710412 -0.0010479146262488614 0.003759602767935018 0.046081901742611793 0.038172183402185936 0.029139479040964061 0.021404371224695247 0.02606639326878812 -0.0046427381795611025 0.022468652422160888 0.023128798921617899 0.012528316637483262 0.033549777677315012 0.010797581056244974 0.029580990744358639 0.038267429725741792 0.025378370494946539 0.021391309963045758 0.021508969399105134 0.030707281644874556 0.035046581282736231 0.033616316412836494 0.030019541982395075 0.048724861197246477 0.024446070674481769 0.0076595207592320361 0.023621457781456311 0.010339417093639201 0.032838791627154168 0.021717143444637817 -0.0056934360291511846 0.016251291190681777 0.034448923484585239 -0.0046376951186149016 0.026850754978590369 0.035505813752097187 -0.0059696140192236858 0.027013844584420642 0.01083887981533501 0.007036512043801877 0.032205932686375616 0.0022570972371735863 0.042559176592584569 0.021357209539618973 0.030379553306817662 0.033835932624483561 0.0014295156454542425 0.030272043100909279 0.026430691211895563 0.025636452923129549 0.031083532363171552 0.020853350570472672 0.02570547383833335 -0.0011537372320067096 0.030524539319194185 0.041349210678265191 -0.0073315439593982772 0.036413373334860895 0.00058742144708776934 0.031418418402963638 0.031755045704957172 0.00058448235570605878 0.015379196683506362 0.0059094803824516311 0.0019024876842954426 0.015031445966441653 0.030028039226491169 0.0039429315489710624 0.028269530285687416 0.0057460384257322318 0.015399372125892118 0.034430126338861479 0.0067090944773240185 0.035152528518298684 -0.001454526769626251 0.009249305404307016 0.044125626436862735 0.0087450045845207814 0.033577514874565666 0.0040285853773176766 0.0028391055753613915 -0.0035202516885069102 0.032751401674496236 0.026631299404275888 0.0045046182537164412 -0.0045019450784190597 0.031549550726162494 0.0075819084514771777 0.011971649987927171 0.018231747924543015 0.043396722201534177 -0.0012827087824272992 0 1.611493394445678e-05 0.0021510384079835377 0.016267152682428267 0.046815647872239498 0.035571186940833215 0.020514374342791686 0.0053147258512016874 -0.010106023366736059 0.026825293436192152 -0.0034796167801346735 0.030012059915021375 0.036581498199949422 0.026174673725515907 0.03221950702981239 9.4741520536084891e-05 0.035661960942007326 -0.0019120784359693305 0.024886171614721179
leaf_weight=9778.5588537342846 185.46606755256653 1201.4823637902737 102.97033806145191 85.156899936497211 150.74691557884216 2026.2668286189437 3236.4556692019105 50.585628390312195 176.02358223125339 2741.2478392273188 311.08535726740956 304.9126388579607 134.2170147895813 33.541221462190151 1753.0331571400166 40652.633894793689 39.948178075253963 1021.005311191082 43.807557512074709 3749.8823950067163 708.82258184999228 37.937366727739573 396.15145903080702 33.633385203778744 2852.8637269362807 65.840237833559513 46.641095731407404 799.31197283416986 122.67197854071856 684.31735480576754 47.435959901660681 1209.1386051140726 152.85912666097283 267.48638418316841 34.50675605982542 121.79166163504124 72.068312931805849 75.934621602296829 136.70813906937838 353.6876989081502 90.235116366297007 129.72735554352403 2915.7703675627708 618.05013551935554 3566.4473694115877 90.95678510889411 719.52423303574324 47.591348178684711 74.917559120804071 5898.1285637915134 831.66385446116328 43.237537808716297 119.83745896071196 180.50539404898882 93.690571572631598 47.081292513757944 1123.7278896123171 11000.631373785436 574.81217347085476 68.485880363732576 89.00716807693243 51.982668690383434 514.72821950912476 371.7975696772337 249.9149220213294 44.248138695955276 78.847712032496929 37.722946614027023 698.7417429536581 53.27384027838707 104.84886031597853 363.39320611953735 66.080437492579222 21.196364533156157 43.01307975128293 13315.094440825284 29.225659057497978 160.58899246156216 38.519232265651226 27.515214212238789 69.87207055836916 36.182825338095427 1827.7881961986423 62.23837772756815 59.842206709086895 213.59232714027166 426.43432440981269 26.387348715215921 81.561238687485456 143.5866909250617 114.73463264852762 606.6826988607645 83.511465080082417 72.475544214248657 65.177366424351931 29.153498776257038 84.547998156398535 703.38255202770233 20002.291005022824 47.867192726582289 107.07335135340691 272.85860620439053 371.50580211728811 725.95396006852388 34.084129743278027 54.251532126218081 201.24307418242097 111.21425992995501 166.3470472432673 66.904082611203194 242.91466664522886 96.248769864439964 136.34515170007944 23.686729103326797 48.4483807310462 71.091443460434675 1008.2255937457085 66.636789426207542 103.05587439611554 42.698975253850222 39.365020141005516 24.705051619559526 648.13462431356311 134.87066823616624 51.327555421739817 43.636206611990929 17.868470996618271 61.924252554774284 201.44360192865133 311.34608646482229 181.97135085240006 55.956413902342319 277.925737015903 87.545110791921616 33.784368313848972 135.30198708921671 48.394710302352905 47.320335417985916 78.48993544280529 162.62597081065178 62.066341757774353 140.53247899189591 33.453289017081261 51.30536013096571 334.53743708506227 137.41214909404516 60.712212920188904 23.457969069480896 48.37203560769558 94.227625049650669 65.264222767204046 27.939292181283236 456.86691718548536 162.40347374603152 105.14753072708845 344.12371631711721 82.537082195281982 540.14205215126276 1318.0127878561616 264.01456236839294 165.61913091689348 751.42821557074785 67.512100502848625 423.39864420890808 1677.0628188326955 54.608256176114082 42.24092959985137 72.733286149799824 78.154105953872204 47.219291426241398 105.19530418515205 218.85423585772514 83.607570245862007 97.179210420697927 84.403458710759878 63.280423115938902 130.18995590507984 464.78483664244413 877.73731428384781 34.496139712631702 367.1053790897131 148.27599490433931 226.90596773475409 79.975544936954975 44.509922571480274 64.353976428508759 107.41465505212545 242.61550094932318 60.003413934260607 109.56083969026804 35.424391612410545 43.441128991544247 82.418964937329292 965.81535272300243 64.91239570081234 458.6810252442956 103.50557665526867 208.48628722503781 106.44960840046406 46.571187034249306 166.37901335209608 77.325287669897079 135.81085102260113 285.0331810079515 63.589554138481617 177.18195959925652 61.658161766827106 57.219395592808723 180.00764746963978 69.129057370126247 59.67933252081275 271.34333343058825 108.45954451709986 118.98622809350491 72.255323804914951 95.014788899570704 85.434129845350981 216.86988498270512 213.88247053697705 43.056947704404593 37.852246891707182 3378.6222433000803 59.024908028542995 32.529234737157822 88.432879243046045 26.721551358699799 31.372369900345802 150.36809748411179 27.589683245867491 110.10826215147972 163.48877172917128 98.410511068999767 61.284912504255772 62.975586846470833 49.467156153172255 42.721075106412172 41.514259859919548 34.36476069316268 38.248570721596479 83.833781864494085 801.49203796684742 803.06599549204111 92.422896936535835 34.010616540908813 75.838906619697809 84.927240658551455 32.251897875219584 120.96160162985325 110.22738126665354 122.63140430301428 122.66779278218746 103.6636319309473 51.622883386909962 41.162072755396366
leaf_count=192580 2640 18049 884 435 1535 35357 5823 767 1556 8371 3412 1220 1215 207 6917 26548 660 3439 590 7288 4510 433 4329 335 50853 328 459 4771 973 1770 517 18081 879 2995 337 1004 959 458 1046 5933 1089 1635 9895 3921 6903 1252 2673 456 594 8946 14225 213 684 1487 871 383 2133 9639 2207 1018 1315 720 2181 729 1103 445 773 196 6869 501 280 1631 504 228 401 19740 372 741 330 321 948 308 8005 233 411 1161 6413 235 1088 841 1055 6943 621 665 403 209 1089 9730 22100 678 466 1870 2239 11609 371 732 2140 424 1032 312 1334 758 1189 366 460 486 6153 221 1276 279 485 277 8722 1821 507 597 183 386 776 1462 2763 452 2779 822 301 1024 448 150 322 1081 576 1669 257 547 4704 1985 566 212 418 1033 663 372 3288 1883 486 975 654 2123 3381 1091 727 3657 265 1353 5129 380 296 746 467 352 781 1261 838 1590 1142 755 2011 1763 2160 384 1019 1804 1951 456 386 345 779 1345 364 1069 200 287 634 3360 324 1813 731 1155 409 491 816 706 805 1576 529 1190 521 481 1279 357 509 1588 1008 737 309 1087 729 3080 2578 283 417 8119 477 382 1387 318 359 2011 394 648 1476 804 453 221 612 566 505 405 403 594 1928 6237 843 421 616 1021 285 656 843 719 1201 589 518 287
internal_value=0.0295466 0.00507657 0.0355507 0.0279507 0.0178337 -0.00187201 0.0380696 -0.0050954 0.0215271 0.0311212 0.0179592 0.0242856 0.0117472 0.00460961 0.0293404 0.0390129 0.00855044 0.0349994 0.0121029 0.0356839 0.0206433 0.0238875 0.0180943 0.00137629 -0.00645496 0.0171347 0.00231336 0.0249309 0.0136726 0.029387 0.00238745 0.00888434 0.0195747 0.0187975 0.00130712 0.0251511 -0.000286895 0.0258426 0.020322 -0.0012073 0.00782448 0.0067668 0.0300253 0.0195214 0.034402 0.0106992 0.0317049 0.0280125 0.0218029 0.0375709 0.00177151 0.0183583 0.0231532 0.0215427 0.0186855 0.0204677 0.0326281 0.0398247 0.0241576 0.00509918 0.00878402 0.0100143 0.0308554 0.0313199 0.0263025 0.0234962 0.0169233 0.0152953 0.0112046 0.0238608 0.0268126 0.0258096 0.0163724 0.0045594 0.0040093 0.0365059 0.00846985 0.0286611 0.00775005 0.00658185 0.0175879 0.00493604 0.0282761 0.0210351 0.0148255 0.0174318 0.00316314 0.00775416 0.0230989 0.0212048 0.014122 0.013048 0.0184987 0.00981522 0.0164494 0.00578644 0.00961555 0.004771 0.0379409 0.0227123 0.0318526 0.0236557 0.0276563 0.00321676 0.00873143 0.0154791 0.0229836 0.0207929 0.0189684 0.0116279 0.0296455 0.0214677 0.0226865 0.0244064 0.0304677 0.008902 0.022074 0.0192079 0.00663842 0.0164415 0.0296766 0.00514197 0.00134115 0.009618 0.0131236 0.0103645 -0.00279927 0.00876868 0.028442 0.0311561 -0.00141016 0.01795 0.0147403 0.005532 0.00120043 0.0184006 0.00631442 0.0192241 0.0174792 0.0149377 0.00768867 0.0135279 0.00667603 0.0069674 0.0117235 0.018786 0.0329487 0.00924614 0.00836771 0.00631978 0.00288935 0.0168516 0.0250085 0.0102754 0.0258055 0.0273865 0.0256765 0.0309555 0.0319284 0.0345334 0.0299933 0.0287486 0.0256279 0.0309549 0.0325473 0.0184746 0.0228219 0.0136465 0.0186804 0.019424 0.0228457 0.0270924 0.0314809 0.00630731 0.00990112 0.021411 0.00360635 0.0354184 0.0325612 0.011166 0.0342618 0.000473837 0.0137309 0.0194263 0.0221027 0.0234096 0.0254109 0.0231128 0.0165396 0.0114454 0.0090602 0.00719885 0.0380729 0.0277538 0.0249416 0.0208483 0.00741484 0.0232438 0.0267884 0.0207783 0.0188822 0.013807 0.0160378 0.0247198 0.0229404 0.0170482 0.0289582 0.0191935 0.0222631 0.0189932 0.020636 0.0228132 0.0182713 0.0263759 0.0211675 0.0180488 0.0239813 0.00599852 0.0093769 0.0146683 0.0283041 0.03241 0.0185613 0.0213775 0.000286246 0.0101737 0.00460081 0.0127222 0.0190592 0.0193773 0.0180909 0.0292685 0.0231254 0.03155 0.0157813 0.0185979 0.0211725 0.0248923 0.0287464 0.0377418 0.0312271 0.0172407 0.0189721 0.0102701 0.0133445 0.00653143 0.0133688 0.0253838 0.0229765 0.0211827 0.0178723 0.0246834 0.0172413 0.00660888
internal_weight=175178 34515.3 140663 35022.6 12170.1 22345.1 105641 14924.8 11580.2 23442.5 5842.58 5904.02 6266.11 7420.33 15209.6 80790.1 3937.06 24850.5 2506.15 21831.7 3451.68 373.437 2386.77 4227.63 12631.4 2329.05 1430.91 3899.95 295.374 2452.34 2293.38 3192.7 5145.45 4769.92 1384.27 5737.58 3353.02 3604.58 1911.75 3096.31 2928.92 2658.24 3018.74 4458.84 8232.92 256.716 795.459 329.629 1689.91 29136.9 2245.95 3758.25 3512.17 2701.53 165.759 263.78 4666.47 51653.3 2809.12 2202.19 993.052 2132.71 11309.6 10345.6 1064.91 814.995 2988.8 2281.5 966.228 769.448 1768.02 1663.17 230.239 1396.41 1375.22 17432.1 1776.09 878.988 874.604 836.085 356.619 106.055 2225.41 397.622 1806.34 335.384 1070.04 534.383 107.949 304.176 1746.5 1612.28 595.57 1016.71 380.878 635.836 164.159 754.584 25900.4 81.5006 282.038 1299.78 676.418 1332.2 459.723 512.058 1563.69 1184.07 1072.85 364.396 379.623 163.153 708.457 51.2019 113.626 221.838 1930.13 1130.82 1424.47 185.12 82.064 1239.35 672.84 566.508 431.637 904.045 849.532 106.172 810.638 631.776 535.659 1064.18 456.048 210.217 88.0359 424.022 178.122 623.361 576.041 497.551 224.692 288.72 173.986 126.223 835.559 265.219 104.348 160.87 570.341 521.969 427.741 93.2035 522.707 380.309 963.999 858.852 700.587 9973.81 6900.29 2924.55 3975.74 3073.53 1320.49 569.065 1842.68 92.5456 250.564 124.716 145.666 542.11 405.765 300.57 125.848 425.639 328.459 113.866 214.593 2660.53 1342.52 81.7154 4116.99 1349.76 487.387 260.481 707.306 662.796 583.948 519.594 276.979 216.975 475.017 439.593 189.492 2133.06 1167.24 627.099 168.418 2214.14 898.529 1315.61 1107.13 496.934 450.363 792.079 610.193 313.027 297.166 373.038 315.818 130.787 507.046 447.367 1315.27 430.332 249.437 270.684 175.669 697.128 480.258 294.792 80.9092 4399.63 178.862 79.6105 872.481 146.527 119.805 340.361 189.993 1206.81 1096.7 375.53 222.671 124.26 351.627 302.16 272.934 231.42 197.055 122.082 3542.74 1058.98 895.489 267.252 233.242 157.403 74.973 716.174 595.213 551.975 429.344 265.514 161.85 163.83
internal_count=781023 494957 286066 162626 107734 387223 123440 279296 82912 79714 50202 36574 71160 107927 60379 73056 49521 50384 28872 39605 25435 2959 18991 66631 243433 21639 20649 20747 2230 11139 35863 41296 41204 38847 20190 32710 54871 18517 14175 51789 38731 35826 10779 35435 19335 3082 3131 2369 12154 36869 35346 30860 22307 18171 1830 2565 12432 36187 15386 30964 12883 25913 39632 35990 6444 5341 25333 20272 9864 5527 9369 9089 2358 20938 20710 28047 22057 3789 11760 11430 3856 1256 10403 2398 18023 2165 16432 7736 1323 1582 17612 16397 5659 10738 3586 7152 1854 10417 31046 1013 1913 7458 3459 20309 6636 5038 11013 8633 8209 3210 2380 1070 4999 687 863 2021 11597 6826 18315 2040 764 16275 8999 7276 5455 11568 14408 831 4136 2975 8696 6605 4862 1795 1033 4005 2083 3999 3849 3527 1657 2981 1926 1141 10550 3360 1163 2197 7190 6772 5739 1035 3616 4948 3642 3156 4575 35261 22602 8395 14207 12659 5742 2085 5856 813 2600 1466 732 3967 2778 1997 1134 6265 4675 1522 3153 7304 3923 736 8307 19853 3894 1943 5061 4675 3902 3557 2212 1848 4816 4616 1100 8351 4991 2868 1055 14277 5638 8639 7484 3762 3271 5229 3722 2028 1694 2565 2084 878 3653 3144 10408 2199 1499 2905 1818 8998 5918 3278 700 11558 1161 765 13673 2064 1746 4288 2277 9400 8752 2357 1478 674 3742 3130 2758 2253 1848 997 10299 8556 7080 2723 2302 1686 851 5026 4370 4157 3438 1950 1361 1488
is_linear=0
shrinkage=0.01


Tree=22
num_leaves=255
num_cat=0
split_feature=7 54 7 54 56 54 58 0 12 54 56 121 52 12 48 49 7 7 7 7 131 9 50 68 63 28 9 7 86 72 62 28 59 24 25 39 0 18 21 59 39 137 107 25 1 121 134 54 51 18 30 13 121 114 52 121 45 64 30 18 30 136 121 122 48 13 121 54 118 20 49 60 136 21 114 126 40 134 125 137 40 27 125 46 122 58 30 30 66 96 121 121 32 63 13 44 44 40 142 66 9 7 50 85 67 46 68 118 51 56 45 50 122 7 32 49 18 3 48 131 139 34 9 32 99 35 27 86 28 52 18 68 117 34 122 39 91 21 15 136 8 8 121 0 27 24 58 117 7 137 54 135 137 114 133 20 28 135 18 121 83 30 62 137 44 45 44 34 114 134 122 137 60 7 121 48 56 137 46 20 7 90 48 121 18 13 34 8 41 53 46 39 28 41 46 58 32 48 118 30 24 27 117 30 118 30 27 8 56 32 50 45 58 48 36 61 2 21 27 118 60 8 39 82 137 66 58 131 118 118 121 20 32 99 27 133 54 35 9 18 40 40 131 85 136 136 28 32 54 51 51 71 59 59
split_gain=242247 29175.5 25454 6721.95 5243.4 3769.99 2717.8 1467.2 1385.29 1353.86 1293.03 990.108 923.212 900.804 835.787 802.8 757.36 709.374 604.642 523.134 494.539 465.053 459.299 442.237 437.713 421.977 400.367 392.346 489.034 436.055 371.925 432.817 355.713 362.236 335.386 333.696 326.214 397.673 345.394 322.177 324.582 317.937 313.074 306.229 297.795 301.357 293.501 288.739 285.432 283.258 429.543 282.69 280.242 298.183 285.646 269.433 263.156 262.306 261.002 258.46 250.195 264.509 249.307 314.645 247.162 246.433 246.306 245.127 243.527 272.876 283.083 242.587 241.217 260.642 239.846 238.905 257.46 237.734 260.545 261.485 270.682 240.781 236.99 236.615 236.543 235.3 235.23 275.147 250.009 239.54 234.534 233.669 232.424 228.14 224.839 222.344 221.924 220.839 219.472 218.163 217.334 217.264 215.958 355.399 213.485 225.883 213.243 251.987 212.617 212.08 281.048 211.132 210.678 210.237 209.934 225.866 280.287 240.482 268.405 236.426 267.9 328.572 225.455 208.74 208.214 290.948 207.225 293.024 219.795 206.448 278.288 223.544 206.354 357.763 205.46 201.623 216.331 257.658 212.499 202.021 200.872 199.029 198.053 197.538 197.291 196.266 195.62 195.541 192.961 197.164 192.583 189.889 196.356 200.901 217.631 321.295 208.864 190.14 189.699 187.593 186.673 328.261 184.452 183.19 183.024 262.882 182.808 182.43 181.893 180.226 180.057 179.375 256.889 203.56 178 268.106 262.663 248.106 242.962 180.77 175.529 175.133 173.817 269.241 183.537 172.099 199.439 171.944 258.872 188.827 186.52 170.672 202.028 232.438 174.676 170.58 170.499 169.958 274.537 169.844 177.766 240.399 199.155 409.707 298.977 169.805 169.325 167.346 166.645 166.436 166.216 182.525 169.054 165.962 164.708 164.583 164.262 184.967 202.286 162.442 170.014 175.74 165.791 220.018 162.203 225.917 205.647 198.931 164.285 245.891 161.916 161.326 161.276 160.945 191.102 177.791 160.877 294.865 174.221 160.249 159.74 206.449 248.5 206.057 181.423 186.039 176.287 178.217 248.421 180.529 205.834 170.108 200.495 190.236
threshold=399.03000000000003 130.50000000000003 2978.5900000000006 651.50000000000011 231.50000000000003 13.500000000000002 167.50000000000003 4.5000000000000009 3.5000000000000004 222.50000000000003 578.50000000000011 2777.1150000000002 14.500000000000002 22.500000000000004 131.60263 138.40056000000001 131.29000000000005 11949.950000000003 913.61500000000012 6199.9850000000015 88.500000000000014 75.830000000000013 20.500000000000004 1.0000000180025095e-35 3.5000000000000004 19.500000000000004 113.91000000000001 913.61500000000012 13.500000000000002 1.0000000180025095e-35 2.5000000000000004 4.5000000000000009 2.5000000000000004 1198.5000000000002 1.5000000000000002 30.500000000000004 14.500000000000002 91.933767000000017 1057.5000000000002 32.500000000000007 58.500000000000007 38.500000000000007 1.5000000000000002 4.5000000000000009 1.5000000000000002 1169.1900000000003 88.500000000000014 388.50000000000006 40.500000000000007 31.981608500000004 1327.5000000000002 3.5000000000000004 989.58500000000015 0.039126735500000002 4.5000000000000009 7242.4750000000013 4.5000000000000009 3.5000000000000004 272.50000000000006 314.64317500000004 3717.5000000000005 27.500000000000004 7242.4750000000013 80.500000000000014 464.43211000000002 28.500000000000004 13947.795000000002 1200.5000000000002 0.017924717500000003 54.946142500000008 389.34326500000003 1.5000000000000002 65.500000000000014 2300.5000000000005 0.06626871500000002 1.5000000000000002 35.500000000000007 53.500000000000007 1.5000000000000002 44.500000000000007 4.5000000000000009 707.50000000000011 1.5000000000000002 18470.870000000006 2.5000000000000004 54.500000000000007 2433.5000000000005 2316.5000000000005 2.5000000000000004 6.5000000000000009 7443.6900000000014 676.3900000000001 411.50000000000006 2.5000000000000004 2.5000000000000004 32.500000000000007 36.500000000000007 1.5000000000000002 1.5000000000000002 16.500000000000004 600.25500000000011 358.02500000000003 1.5000000000000002 1.5000000000000002 53.500000000000007 29840.902500000004 4.5000000000000009 0.0026455901500000004 1.5000000000000002 22.500000000000004 2.5000000000000004 1.5000000000000002 84.500000000000014 63.410000000000004 1514.5000000000002 1498.7358000000002 160.04747000000003 2.5000000000000004 2280.2353500000004 67.500000000000014 2.5000000000000004 56.500000000000007 213.05000000000004 341.50000000000006 3.5000000000000004 15.500000000000002 736.50000000000011 8.5000000000000018 191.50000000000003 304.50000000000006 132.22679000000002 17.500000000000004 0.029958174500000004 83.500000000000014 404.50000000000006 329.50000000000006 3.5000000000000004 2105.5000000000005 23.500000000000004 44.500000000000007 281.3300000000001 179.84000000000003 8818.9050000000007 2.5000000000000004 360.50000000000006 1480.5000000000002 17.500000000000004 0.0017870440000000002 56.940000000000005 95.500000000000014 47.500000000000007 91.500000000000014 52.500000000000007 0.010255158500000002 47.500000000000007 88.400950000000009 69.500000000000014 49.500000000000007 130.70153500000004 7443.6900000000014 4.5000000000000009 1127.5000000000002 27.500000000000004 52.500000000000007 22.500000000000004 13.500000000000002 4.5000000000000009 35.500000000000007 0.029314519000000004 84.500000000000014 175.50000000000003 67.500000000000014 30.500000000000004 1206.0400000000002 3024.5200000000004 288.74175000000008 8.5000000000000018 84.500000000000014 1180.8398500000003 7.8100000000000014 336.62500000000006 5.5000000000000009 145.41764000000003 2030.5500000000002 160.04747000000003 4.5000000000000009 74.500000000000014 94.045000000000016 8.5000000000000018 5.5000000000000009 5861.9775000000009 18.500000000000004 242.50000000000003 4.5000000000000009 442.99090000000007 8.5000000000000018 962.50000000000011 970.91817000000015 0.0094567510000000011 4712.5000000000009 1628.5000000000002 1082.5000000000002 0.0038120955000000003 2372.5000000000005 0.0035632099000000006 3164.5000000000005 90.500000000000014 765.1450000000001 90.500000000000014 133.50000000000003 24.500000000000004 1.5000000000000002 49.500000000000007 355.10331500000007 26.500000000000004 1.0000000180025095e-35 7.5000000000000009 460.50000000000006 170.50000000000003 0.023963196500000002 7.5000000000000009 21.910000000000004 46.500000000000007 21.500000000000004 92.500000000000014 8.5000000000000018 60.500000000000007 10.500000000000002 0.0038391809500000003 0.00059313235000000013 4024.7100000000005 557.10000000000002 12.500000000000002 1.5000000000000002 919.50000000000011 40.500000000000007 2685.5000000000005 101.50000000000001 1048.8300000000002 104.56609800000001 162.50000000000003 32.500000000000007 76.000000000000014 2.5000000000000004 74.500000000000014 30.500000000000004 107.50000000000001 1028.5000000000002 253.50000000000003 3.5000000000000004 1.0000000180025095e-35 1.0000000180025095e-35 10.500000000000002 29.500000000000004
decision_type=2 2 2 2 2 2 2 2 2 2 2 2 2 2 2 2 2 2 2 2 2 2 2 2 2 2 2 2 2 2 2 2 2 2 2 2 2 2 2 2 2 2 2 2 2 2 2 2 2 2 2 2 2 2 2 2 2 2 2 2 2 2 2 2 2 2 2 2 2 2 2 2 2 2 2 2 2 2 2 2 2 2 2 2 2 2 2 2 2 2 2 2 2 2 2 2 2 2 2 2 2 2 2 2 2 2 2 2 2 2 2 2 2 2 2 2 2 2 2 2 2 2 2 2 2 2 2 2 2 2 2 2 2 2 2 2 2 2 2 2 2 2 2 2 2 2 2 2 2 2 2 2 2 2 2 2 2 2 2 2 2 2 2 2 2 2 2 2 2 2 2 2 2 2 2 2 2 2 2 2 2 2 2 2 2 2 2 2 2 2 2 2 2 2 2 2 2 2 2 2 2 2 2 2 2 2 2 2 2 2 2 2 2 2 2 2 2 2 2 2 2 2 2 2 2 2 2 2 2 2 2 2 2 2 2 2 2 2 2 2 2 2 2 2 2 2 2 2 2 2 2 2 2 2
left_child=1 5 3 9 7 16 13 15 14 11 18 22 20 51 93 26 42 162 46 57 24 67 43 84 49 68 75 28 29 99 31 -12 77 62 60 -23 37 38 52 40 -32 -26 59 91 95 160 114 141 86 215 124 56 53 -27 163 135 -4 142 150 97 61 -10 63 -34 -52 -19 98 113 69 197 -71 182 199 82 146 76 132 78 79 80 -13 -80 111 140 109 100 87 102 205 181 -81 -2 -48 101 -49 219 -78 -1 144 -11 134 230 145 -104 105 -66 107 -57 -43 -16 -111 -74 -84 148 115 116 117 -5 119 120 168 -122 -116 -64 125 -51 128 -128 -63 130 131 236 -3 -134 -21 136 137 147 -137 -139 -18 167 -15 -61 -29 -30 -24 207 149 -17 -36 152 153 156 -155 -156 -35 -154 -142 -79 -46 -162 -8 -54 -109 -166 -86 -28 -119 -53 -161 -149 173 -173 -60 177 -177 209 -178 -179 187 -90 183 -39 -185 186 -113 -37 -189 190 -190 192 -168 194 -194 -92 -193 198 -9 200 201 -40 203 -202 -204 -88 -143 -20 -31 -176 211 212 -77 -196 -105 -6 217 -14 -219 220 222 -222 -25 -224 225 227 -227 -38 229 -229 -7 233 -99 234 -100 -235 237 238 -41 -45 241 242 244 -243 245 -237 247 248 -247 250 -249 -245 -253 -254
right_child=2 4 6 10 12 8 17 25 34 27 30 32 216 19 23 21 83 65 55 85 -22 35 74 44 41 36 47 66 48 208 39 -33 33 151 58 180 224 71 72 129 -42 108 -44 239 45 -47 92 94 -50 50 64 169 54 -55 -56 106 -58 -59 174 143 -62 126 123 -65 104 -67 -68 -69 -70 70 -72 -73 73 -75 -76 210 96 159 81 90 -82 -83 112 -85 166 -87 88 -89 89 -91 195 -93 -94 -95 -96 -97 -98 232 231 -101 -102 -103 103 214 -106 -107 -108 164 -110 110 -112 185 -114 -115 122 -117 -118 118 -120 -121 121 -123 -124 -125 -126 -127 127 -129 -130 -131 -132 -133 133 -135 -136 138 -138 139 -140 -141 158 206 -144 -145 -146 -147 -148 171 -150 -151 -152 -153 157 154 155 -157 -158 -159 -160 170 161 -163 -164 -165 165 -167 191 -169 -170 -171 -172 172 -174 -175 175 176 178 179 -180 -181 -182 -183 -184 184 -186 -187 -188 188 189 -191 -192 196 193 -195 213 -197 -198 -199 -200 -201 202 -203 204 -205 -206 -207 -208 -209 -210 -211 -212 -213 -214 -215 -216 -217 -218 218 -220 -221 221 -223 223 -225 -226 226 -228 228 -230 -231 -232 -233 -234 235 -236 240 -238 -239 -240 -241 -242 243 -244 251 -246 246 -248 249 -250 -251 -252 252 253 -255
leaf_value=-0.0077104675334048528 0.039696606119356548 0.00076844504512202112 -0.0026079673192507223 0.016610665621344507 -0.00094011187518608906 -0.0034357582466551452 0.035953519140872414 0.014234097674030763 -0.0059121790079319728 0.019854717848899091 0.034146038182598794 0.03205502262830532 0.036622546805403465 0.02849357915458401 0.0024236684538134173 0.011740474288142674 0.00097677388198052465 0.034187097473786482 0.022058030798219021 0.018258163604173205 0.0071174773389707019 0.011167853135996117 0.0029181802508260034 -0.0016515322810607192 0.013984251248474917 0.041460049125958957 0.0057457508244629918 0.045194006449393448 0.010303371529591857 0.018236172153625538 0.032294872227334549 0.026379882677442294 0.01931067360616056 -0.0074799123988092946 0.0074273587955819478 0.03937793544654402 0.042377023179349972 0.035367204981617675 -0.00022247446497380518 0.025965329506014788 0.0018836964683569099 0.022616255366772534 0.030270698234579729 -0.0019175192393674177 -0.0096701406920909668 0.04224110395335736 0.026839117817126938 0.029042776338570699 0.030269529007929067 0.030063509544792911 0.003501736612138269 0.03038789293087564 -0.0078611668516172031 0.01408549079466708 0.036289880492716246 0.032037452778898121 0.027388259601277911 0.036371976914096681 0.004574763126753153 -0.00059983747760452557 -0.0098558891174190134 0.032941206121794714 0.0064497578157778485 -0.00010641851961579468 0.020588950284100811 0.038786667797063627 0.03154702743152854 0.028769499568088639 0.0048481535221682401 -0.0045864015706240657 0.029429002697176656 0.022569168642145462 -0.0065085675990714832 0.038473884134644941 0.03602384168545892 -0.0010549750902845096 0.029809749916781487 0.0032135950487064634 0.0085710559584421461 0.0068020654414626524 0.0081644474358399076 0.035559961043846788 0.008786747262485314 0.031858247117564145 -0.0030063504900723925 0.036640575786396547 0.0069383698074788336 0.03899143345305861 0.0091433167283672383 0.026700341131245725 0.013772635239084974 0.012315431403983603 -0.0004016002844233242 0.019307640257239262 0.0067241762850296042 0.030418436598316074 -0.0042709335030668791 0.017042802872214387 0.023632003546585633 0.041467810699167267 0.034242562060027154 0.022825376970888267 -0.0063072918488642736 0.021346417876669809 0.040668092064837749 -0.0014397198683019504 0.035128702791840161 0.028815120246661961 0.034168213362333451 0 0.0394073757980078 0.008862481480844139 0.042011639654889361 0.0025664440228152651 0.0041902687298911428 0.031339650332629143 0.030724313715878023 0.037292686424654539 0.010474429074655843 0.040304745304700712 0.029469927918458153 0.0043384235532372955 0.022397775677104877 0.030434438461299038 0.037472748449833511 0.0011867290757631252 0.030716508774353005 -0.00058677711707143894 0.0054001200001396214 0.038447993147331806 0.035914664043446502 0.034694902614875088 0.0063934183392590598 0.047485715100280927 0.036027664444301999 0.014878858346210826 0.031894731748410433 0.016192166152375408 0.031073498023589434 0.032437183912372575 0.036326561199340517 0.016206923914098847 0.032918958801418256 0.027450485368511135 0.027475116590301968 0.034958184407677069 0.032328471658860089 0.025033539931820236 0.029650627040318848 -0.0058333380342559665 0.032887188501052517 0.0092578589274217669 0.011436051717059401 0.032484266490817586 0.0013922096750628255 0.028141589197191667 0.022888071679090856 0.029588939628579648 0.0022950969608772458 0.027347562274835615 0.040378803341392606 -0.0014952106378982616 0.037798918836440216 0.013132591839269877 0.0068504671902647161 0.025382048860317301 -0.0065356001056308182 0.031242541678739726 0.024150408926509385 0.02162015470694172 0.0033117775923225037 -0.0037825371801066625 0.032994144742214064 0.016668254463270894 0.01953004983547146 0.038675817209771028 0.031188438245306104 0.0041740400310437947 -0.0038939226965538387 0.037131142788592836 0.043165790311924655 -0.0069307537099514574 -0.0022965492018913857 -0.0071807514865579458 0.019022241217329074 0.00048430718828024281 0.037296432879439949 0.036107636405061302 0.015201437456007456 0.029206598945049858 -0.010382787540844471 -0.0013798314419498151 0.0058800820887229058 0.0021959428918930869 0.054305468148245967 0.033621954382871674 0.018693196281913405 0.037806766626242098 0.038407660998726702 -0.0085247423627184543 0.0022375173729978081 0.024481398272490972 -0.00050246668139428835 0.038705811509736371 0.019764066060929571 0.024681596518041058 -0.0077386190805184109 0.038165022627603379 0.035898964522612299 -0.00015159200656793395 0.032941673153951252 0.016506983106980403 0.026669355586401041 0.018627627922510433 0.0011456595531865626 0.016031546014417627 0.039456488247795615 0.013810661724414522 0.02902803619625877 0.020863243030819111 0.019813228483599475 -0.0056892253758120629 0.032152021911555327 -0.0045709807618298489 0.040360982445628676 -0.00736423322475456 0.022949083572646752 0.021800893040396636 0.034374181446025873 -0.0066388220218197569 0.008730376470614391 0.0090015691185642895 -0.0048167576852701397 0.030376665710357006 0.038177093760202167 0.0079692962785720099 0.031724098622707718 0.013070069708331342 0.038293984101919344 0.0077866736889605015 0.036698464967468147 0.0066648117440393862 0.03572561752785413 0.010060824123023445 0.010897733115352142 0.0089840100784315154 0.0074712969064312908 0.0053814773261114824 0.027386199972025339 9.4509017133996979e-05 0.02722700564672231 0.040114362774628883 0.011057190887506478 0.027902498305844615
leaf_weight=8105.2877756282687 31.733880843967199 1972.6200142838061 55.61674727126956 561.68019457161427 62.692617408931255 3902.1145343258977 17832.493863120675 126.27389382570982 35.594932917505503 778.64915827661753 1319.193337880075 163.124068941921 323.06450435519218 1397.096024736762 93.408553469926119 948.66670161858201 622.80836625024676 1378.7376673072577 117.61425436288118 196.85489283502102 217.10097156465054 214.06998829543591 65.227402601391077 342.30869565159082 138.20459601283073 89.504009116441011 73.501462873071432 98.674049265682697 48.835191406309605 71.675366148352623 75.229429125785828 1769.2451511099935 175.73302669450641 48.053005624562502 58.086017191410065 56.326155982911587 55.681202635169029 48.248242903500795 376.37563435360789 592.52671368420124 66.15928366035223 252.28998211398721 20.941385500133038 260.01919839158654 26.102537915110588 53.499443173408508 46.789153560996056 148.48693829029799 164.5634158924222 132.82707934454083 93.983812630176544 2302.6703551635146 59.155489947646856 78.356120932847261 37.305328123271465 2059.994422480464 57.716668143868446 2043.8759640529752 1499.903988968581 77.863302584737539 29.847064331173897 174.3486065082252 50.874791607260704 155.36912382394075 951.30464880913496 48710.491704002023 707.10125143826008 68.036177359521389 56.559866733849049 50.574608705937862 43.852242790162563 644.85852457582951 76.126967400312424 41.896888419985771 99.611538719385862 176.94869558140635 59.127323642373085 216.49703235551715 45.811581883579493 328.29502919316292 70.677628416568041 146.96391200646758 37.718206770718098 27.291858892887831 749.46231655031443 13039.499931633472 75.461542494595051 75.082466050982475 461.19373000413179 67.251029640436172 140.4002566114068 634.28942585363984 85.365322090685368 44.776146948337555 68.426994726061821 39.31423082575202 26.43749026954174 32.011541731655598 214.51353062689304 50.906246408820152 2531.3088104501367 30.538387540727854 68.089291088283062 286.81957343965769 51.269980765879154 47.784213401377201 1198.8766946420074 744.77728652954102 592.48506451025605 28.717285588383675 47.393607508391142 61.073289263993502 41.889065954834223 342.70465957000852 97.557361543178558 629.63883609324694 520.52726984769106 172.49520656466484 117.6741803586483 120.38045182824135 88.941775418817997 126.14749160408974 243.50023686140776 149.55509272217751 241.55743811279535 48.289596319198608 46.519067745655775 76.171506449580193 36.803336076438427 1111.4687628597021 3088.6985203623772 1764.6136581674218 197.02049018442631 22.049758289009333 107.17607267200947 253.06852041184902 1360.0832347646356 92.535673126578331 127.17582958191633 976.33230309188366 31.019365631043911 38.310289144515991 6443.8160255402327 34.538171406835318 247.4187498614192 118.51067147403955 33.735720425844193 1543.7519049793482 55.453367352485657 66.480378486216068 65.242397867143154 74.059546783566475 66.667745053768158 153.21684372425079 84.764857653528452 96.045032359659672 39.195685669779778 1021.8155506849289 34.413258254528046 82.328270144760609 37.435062278062105 34.534375716000795 10026.168689996004 126.73016564920545 113.44971577078104 258.2309875190258 42.338927276432514 45.931061528623104 362.38621493428946 296.88521743565798 52.033909998834133 62.29169062525034 74.040346950292587 200.00797025859356 49.172807969152927 60.434577669948339 31.289161130785942 29.700294218957424 46.548711020499468 40.065094050019979 60.60147250443697 77.170640230178833 72.735837079584599 48.150630913674831 54.952213205397129 66.337078899145126 43.026492491364479 63.643228642642498 68.890835992991924 44.000744339078665 45.435925610363483 381.55017455667257 26.640934824943542 58.68887635320425 29.07266142219305 66.901551216840744 45.515167862176895 193.02376710623503 79.196648962795734 74.32486716657877 57.561803840100765 41.895817797631025 192.8584799580276 66.510250393301249 113.94094796851277 226.25152673572302 107.88427445665002 199.24986004829407 417.99612607061863 261.72039008140564 30.042015440762043 168.08516550064087 23.015537686645985 29.960583157837391 48.420738711953163 519.25343598425388 241.10720375180244 106.93990073353052 815.88882245868444 66.65815145522356 109.62763090059161 33.919738870114088 34.264602228999138 28.09421943873167 52.080192789435387 47.188849844038486 38.893906489014626 119.99981835857034 62.667628601193428 38.797944642603397 110.23955984041095 73.993166409432888 3138.700714353472 373.60488185286522 191.062545157969 77.805775865912437 1727.6321306973696 151.83437065035105 163.1182789504528 479.19728205353022 84.527981705963612 151.34131268411875 168.1873719021678 127.56918572634459 129.51118209213018 82.027353279292583 64.286507062613964 62.98137391358614 1318.2020990476012 51.971647925674915 153.61555350571871 63.995115324854851 134.93756321072578 146.47437395900488
leaf_count=160539 211 28816 561 3877 732 69456 23327 1075 483 5785 2930 1234 968 4262 1510 11043 9992 1733 601 807 1855 2099 688 5197 938 626 982 254 411 514 244 6392 1381 496 792 340 226 370 4565 2167 407 1493 282 3349 389 449 256 1152 780 833 930 6936 774 737 223 6167 273 3358 20762 1258 418 1544 417 1598 6336 31656 2516 502 521 559 263 5140 1017 274 579 2653 597 2432 445 3464 664 902 406 306 12461 16325 680 381 3894 379 1101 6290 724 621 728 318 366 551 1312 227 4740 359 703 1912 138 412 3008 2572 2489 442 411 681 266 4108 750 2462 2382 736 758 432 460 973 1237 774 1126 417 417 971 471 1619 6138 3588 2737 175 227 1305 4539 492 367 3511 296 407 14826 313 1187 641 199 6855 515 943 566 634 547 814 800 553 295 6134 493 527 320 468 9343 1307 615 897 656 417 1984 1215 488 511 234 1084 521 452 264 390 586 345 272 768 839 632 492 750 313 402 598 250 540 5728 389 857 264 336 524 937 457 926 676 367 2245 445 1087 1537 1502 596 1672 3538 290 1975 227 377 411 4069 515 571 3337 762 1360 456 364 421 252 500 242 865 376 391 1717 528 58514 1658 781 534 4450 694 278 5813 298 1054 697 877 869 613 498 470 6355 386 746 220 856 616
internal_value=0.028747 0.00500877 0.0344727 0.0273448 0.0164607 -0.00234551 0.0369621 0.0118174 0.00256933 0.0214641 0.0304276 0.0174009 0.0248118 0.0343004 9.53371e-05 0.00843022 -0.0059812 0.0379333 0.0281684 0.0348847 0.0218611 0.0133309 0.0108803 0.00486249 0.0228747 0.0168084 0.00526361 0.0240924 0.0212236 0.025843 0.0328192 0.0297203 0.0204402 0.0230064 0.00881603 0.021174 0.015288 0.013919 0.0110441 0.0339059 0.0183592 0.0284719 -0.00660744 0.00883275 0.010853 0.0234439 0.0243245 0.0136384 0.017644 0.0202857 0.0225225 0.0287272 0.0192896 0.0290569 0.0117065 0.029462 0.0127914 0.0330226 0.00722712 -0.00668144 0.0172371 0.0194942 0.0157046 0.0102233 0.0192511 0.0386616 0.0259248 0.0103718 0.0249144 0.0271678 0.0113895 0.0194361 0.00851389 0.0153611 0.0250874 0.00374028 0.00248 0.0162697 0.0188533 0.0161407 0.0250059 0.0293515 0.0121454 0.00398105 0.00169677 0.0360392 0.0162625 0.0209231 0.0128958 0.00911011 0.0121737 0.01375 0.00942475 -0.0026305 0.0221737 0.00785794 0.0193084 -0.00683271 0.0249173 0.0212896 0.0332463 -0.00288537 0.0184006 0.0142624 0.0206415 0.0195246 0.0313435 0.0298905 0.0307916 0.0127661 0.0249439 0.00713263 0.0269932 0.00943966 0.0249622 0.0259162 0.0242332 0.0220097 0.0250292 0.026957 0.0246997 0.0149524 0.0172736 0.0245197 0.0312235 0.022516 0.0222519 0.0115042 0.0282835 0.034156 0.0335075 0.0317999 0.00180145 0.0109668 0.0247494 0.0278037 0.0283964 0.0269178 0.0204557 0.031073 0.002772 0.00651748 0.0321392 0.00826113 0.0327863 0.0280291 0.0134848 0.0248653 0.0116216 0.0105706 0.0212856 0.0254276 0.0262009 0.0201064 0.0236352 0.0158084 0.00625777 0.0285093 0.0191755 0.00908941 0.0124506 0.0206533 0.0366207 0.00638584 0.02587 0.0198193 0.000296273 0.0159867 0.0285305 0.0294078 0.0182977 0.0235581 0.0166484 0.0117818 0.00634313 0.011398 0.0232683 0.00696096 0.0105112 0.0237474 0.0273626 0.00680358 0.010256 0.0163049 0.00678611 0.0132884 0.0211906 0.0236022 0.0192386 0.0120294 0.00494405 0.00434196 0.0122662 0.0178627 0.0281859 0.0204864 0.000813339 0.0308061 0.0238802 0.00574669 0.0070247 0.0023329 0.0115244 0.02217 0.00707111 0.0203517 -0.00126217 0.0323936 0.0334186 0.00303436 0.0108762 0.00887977 0.00231903 0.0375658 0.0184825 0.0141891 0.0314124 0.0297869 0.0273091 0.00630529 0.00444759 0.013723 0.00108143 0.0158241 0.0235678 0.0209248 0.00642849 0.0253133 0.0206374 0.0147941 -0.00309482 0.0241552 -0.00458231 0.024459 0.0306623 0.0236487 0.0298326 0.0261586 0.0287339 0.00436377 0.0227321 0.02227 0.0237974 0.0170359 0.0227226 0.0235498 0.0242335 0.0248635 0.0263297 0.0170446 0.0210279 0.0202913 0.0239612 0.0199955
internal_weight=178235 34637.1 143598 37177.2 13544.6 21092.5 106420 8708.52 8967.62 12792.9 24384.3 5032.2 4836.04 28472.5 6426.18 5192.2 12124.9 77947.9 12554.6 25759.6 3349.04 2034.31 1603.81 2338.51 3131.94 3516.32 3157.89 7760.68 3036.88 1319.23 11829.7 3088.44 3428.38 2115.35 2541.45 552.968 2966.84 2551.53 1682.59 8741.28 141.389 982.98 11409.3 1405.24 805.759 151.571 3173.08 482.541 1717.65 2148.96 1567.02 2712.89 391.051 167.86 223.191 9381.48 113.333 9884.79 2142.16 11388.4 399.285 369.437 531.532 331.102 1144.34 50089.2 4723.8 1481.34 549.481 492.921 94.4269 868.945 1291.54 368.068 198.575 2675.35 2277.26 1313.03 962.174 769.399 233.802 192.775 326.171 715.533 1532.75 15874.8 1553.09 645.758 907.328 605.615 535.597 666.023 132.154 4087.67 216.914 654.187 85.5648 11276 4016.7 829.555 2835.34 4042.89 570.675 403.33 1050.36 999.089 4375.33 3176.45 844.775 169.519 76.1109 246.564 79.6073 1413.31 3040.93 2699.87 2070.23 1549.71 988.025 870.351 749.971 215.089 341.058 200.43 422.674 181.117 333.843 122.691 211.152 8599.89 7488.42 4399.73 2191.69 219.07 304.031 5006.15 4625.91 3265.82 380.244 1068.87 688.241 265.627 7840.91 112.401 346.093 167.346 98.9631 2196.96 1070.6 1015.15 123.328 1583.82 1509.76 421.275 334.027 180.81 87.2487 1088.48 65.4326 350.859 98.072 71.9694 27858.7 185.886 1116.46 371.681 1363.23 119.433 534.881 2599.56 134.362 1880.09 336.34 262.3 2018.84 518.931 138.272 380.659 77.8379 69.7654 338.898 538.364 224.087 151.351 103.103 170.437 104.1 278.297 221.971 158.328 114.327 613.767 186.702 144.363 85.6742 207.302 427.065 398.494 205.471 923.468 849.143 418.271 430.871 124.072 306.799 301.713 146.195 316.864 489.671 310.893 398.091 368.049 199.964 59.0332 335.24 581.946 1487 1245.89 922.829 614.873 548.215 143.547 404.668 62.3588 415.31 363.229 86.0828 277.147 221.465 158.798 4012.35 3670.61 3170.71 3596.62 405.576 3191.04 2635.11 907.479 755.645 739.216 2817.43 2732.91 2108.59 624.318 1940.4 1810.89 1733.08 1668.8 1400.23 268.569 216.597 472.976 345.407 281.412
internal_count=781023 494957 286066 166477 123617 371340 119589 96458 138796 87185 79292 43165 27159 53530 106276 64636 232544 66059 50385 44545 21768 21612 17129 34123 19913 31822 43024 44020 20695 8198 28907 9322 26036 14443 32520 4501 28010 25158 17685 19585 651 4920 221457 15663 10504 1626 17031 5188 12497 14993 10192 8985 3667 1363 2304 33354 834 22446 28216 221175 4304 3886 4170 2979 7816 33389 23325 17111 3812 3291 822 7473 14018 3707 1466 37836 32691 11593 8146 6799 1898 1347 3433 11087 23619 22099 11717 4459 7258 5041 4901 6501 980 72153 1880 8878 963 219604 20809 6012 5774 71532 4078 3026 6886 6748 13259 10251 3982 2363 853 2761 672 16609 16051 14064 11602 9220 5343 4585 4153 1433 1987 1191 2376 1250 3403 1388 2015 18934 17315 11177 31728 2912 1034 20095 18423 13884 1672 4003 10781 3308 19088 1571 1441 1052 887 9881 12501 11986 1358 10273 9639 2958 2167 1353 791 6681 789 3447 1177 788 32670 2081 4084 1512 21256 1399 2720 8151 1015 8684 1829 1595 26858 6096 1302 4794 850 735 2402 4662 2333 1494 1124 1744 994 2130 1790 1388 1138 8795 2543 1887 1030 1437 6252 2469 1532 10311 9385 4932 4453 1121 3332 2217 1909 1197 2186 4059 5145 4855 2880 641 2323 4801 5391 4876 3908 8560 7798 1816 5982 785 2852 2600 742 1858 1632 1256 71173 19368 59065 18840 2093 16747 7589 3139 2445 9162 15089 14791 11168 3623 10471 9602 9068 8570 6968 1602 1216 2569 1692 1472
is_linear=0
shrinkage=0.01


Tree=23
num_leaves=255
num_cat=0
split_feature=8 6 54 55 56 8 6 6 6 62 58 48 6 59 44 29 56 55 1 29 11 87 50 55 57 56 43 50 13 21 46 38 18 8 35 92 6 135 6 120 121 50 62 6 14 19 136 57 137 141 19 51 21 136 62 125 132 42 29 117 132 144 11 6 120 121 39 120 120 3 122 121 8 120 58 20 121 58 114 138 121 137 18 63 98 99 43 6 33 114 8 3 68 117 20 121 42 125 21 138 119 19 121 21 19 68 119 27 20 122 67 59 42 19 114 74 117 29 134 25 42 120 48 33 8 119 102 121 121 119 38 0 43 40 56 33 117 19 116 48 54 54 18 116 78 13 34 120 21 121 120 83 140 23 8 38 29 55 56 8 33 46 67 132 138 114 59 39 41 18 20 119 56 78 121 121 8 6 19 21 57 48 135 91 48 48 119 27 122 45 67 35 136 120 136 46 54 20 6 0 50 33 57 27 56 136 63 38 19 19 135 118 137 114 101 57 3 122 106 46 94 41 54 13 18 48 58 60 119 20 100 33 60 29 6 79 41 39 118 114 18 48 56 27 62 58 18 116 21 10 46 116 21 114
split_gain=227586 25705.2 25693.3 7301.29 5337.51 4424.41 3079.4 2693.72 1487.55 1270.98 1161.53 1115.08 1028.82 962.429 930.112 681.093 609.021 569.896 546.505 545.418 523.982 522.61 518.33 490.029 457.03 413.038 402.71 401.932 394.021 382.548 374.636 380.943 402.561 364.013 361.708 357.345 376.18 349.009 346.056 347.62 339.687 327.596 320.654 316.623 304.22 293.874 292.003 283.528 282.409 275.436 273.349 273.242 269.463 268.349 266.262 312.404 303.024 280.14 266.146 259.923 372.297 256.402 321.516 249.962 249.218 248.81 287.364 248.197 245.038 248.922 244.849 244.442 244.134 338.195 243.716 241.654 254.723 241.538 236.965 235.053 234.756 231.934 326.811 263.697 249.457 230.798 230.773 230.314 229.134 271.414 228.992 226.923 226.116 225.159 287.913 224.225 405.002 257.112 256.295 223.186 222.536 219.747 217.906 263.295 217.764 215.815 215.801 211.87 209.698 287.89 209.595 209.181 208.673 207.643 205.62 204.387 240.468 265.317 247.482 203.283 245.731 235.625 201.717 200.922 304.885 232.601 200.724 200.468 199.515 198.854 198.471 214.409 197.825 344.01 197.013 195.438 195.383 194.284 192.714 251.142 222.095 191.994 298.892 304.017 362.226 191.22 190.407 190.207 265.54 189.381 342.173 210.851 266.142 187.216 185.064 234.357 185.004 184.435 206.316 187.834 184.011 198.585 204.199 183.514 182.754 221.6 181.958 202.617 213.177 180.906 185.3 179.99 211.118 178.866 181.587 227.146 174.935 248.306 174.448 224.824 172.269 171.954 180.196 171.768 171.395 171.006 170.453 207.436 170.155 241.86 201.13 176.368 169.538 227.282 203.538 207.291 255.671 175.888 169.103 228.619 202.262 168.901 168.628 167.87 167.685 167.664 166.464 243.256 255.686 310.828 176.903 234.539 165.796 165.248 165.1 163.23 162.919 189.457 162.912 162.46 281.778 237.999 186.614 161.617 161.436 193.043 197.102 171.166 169.672 258.041 168.414 168.194 164.622 161.987 161.06 203.126 183.918 160.325 340.754 160.134 160.002 159.438 168.02 159.233 176.608 159.066 192.053 157.707 156.603 172.889 156.441 195.047 294.076 175.881
threshold=165.73500000000004 3673.8700000000003 63.500000000000007 286.50000000000006 227.50000000000003 3268.3600000000001 524.97000000000014 121.59500000000001 824.81500000000017 4.5000000000000009 149.50000000000003 131.60263 3501.8050000000007 147.50000000000003 4.5000000000000009 7.5000000000000009 11.500000000000002 138.50000000000003 6.5000000000000009 2.5000000000000004 163.59500000000003 8.5000000000000018 3.5000000000000004 1.0000000180025095e-35 56.500000000000007 782.50000000000011 1.0000000180025095e-35 304.50000000000006 3.5000000000000004 376.50000000000006 308.44346500000006 168.50000000000003 37.90111000000001 383.66000000000003 10.500000000000002 2.5000000000000004 1373.3950000000002 91.500000000000014 2251.1050000000005 67.500000000000014 4831.3050000000012 1134.0000000000002 4.5000000000000009 1143.3550000000002 11.500000000000002 66.566458000000011 95.500000000000014 16.500000000000004 95.500000000000014 1.5000000000000002 128.18055500000006 35.500000000000007 2180.5000000000005 71.500000000000014 2.5000000000000004 1.5000000000000002 65.500000000000014 107.50000000000001 3.5000000000000004 0.011088502500000002 37.500000000000007 1.5000000000000002 69.895000000000024 228.00500000000002 10.500000000000002 2200.9150000000004 76.500000000000014 6.5000000000000009 19.500000000000004 5.5000000000000009 326.50000000000006 339.09500000000008 129.91000000000003 33.500000000000007 52.500000000000007 42.675595000000008 2114.1050000000005 54.500000000000007 0.087404567500000016 96.500000000000014 2599.5100000000007 28.500000000000004 35.233542000000007 3.5000000000000004 15.500000000000002 6.5000000000000009 25.500000000000004 789.72500000000014 257.50000000000006 0.033727672000000007 355.84500000000008 5.5000000000000009 37.500000000000007 0.068984010000000012 21.896429000000001 3447.6850000000004 15.500000000000002 1.5000000000000002 1731.5000000000002 34.500000000000007 4.5000000000000009 277.13167000000004 1409.7150000000004 919.50000000000011 226.38909500000003 5.5000000000000009 14.500000000000002 1077.5000000000002 55.69916700000001 127.50000000000001 9.5000000000000018 9.5000000000000018 39.500000000000007 32.091932500000006 0.0093907212500000028 26.500000000000004 0.041687356500000002 26.500000000000004 93.500000000000014 25.500000000000004 14.500000000000002 17.500000000000004 585.62945000000013 132.50000000000003 829.21500000000015 4.5000000000000009 3.5000000000000004 8550.9500000000025 454.88500000000005 2.5000000000000004 22.500000000000004 1.5000000000000002 199.50000000000003 174.50000000000003 53.500000000000007 248.50000000000003 0.016540396000000002 22.006142500000003 0.00028308564000000008 733.46762000000012 93.500000000000014 430.50000000000006 93.70463500000001 0.0046308211000000007 14.500000000000002 65.500000000000014 30.500000000000004 101.50000000000001 934.50000000000011 5712.7400000000007 34.500000000000007 5.5000000000000009 2.5000000000000004 1.5000000000000002 309.42500000000001 82.500000000000014 78.500000000000014 129.50000000000003 26.500000000000004 8.8350000000000026 108.50000000000001 5411.7668500000009 2.5000000000000004 89.500000000000014 53.500000000000007 0.021407455500000002 4.5000000000000009 17.500000000000004 8.5000000000000018 107.66638950000002 92.953250000000011 19.500000000000004 14.500000000000002 13.500000000000002 564.47500000000014 931.35000000000014 235.12500000000003 333.59500000000008 44.805000000000007 2277.5000000000005 164.50000000000003 160.17480000000003 50.500000000000007 2.5000000000000004 733.46762000000012 154.99999000000003 21.500000000000004 775.50000000000011 89.500000000000014 27.500000000000004 5.5000000000000009 52.500000000000007 17.500000000000004 37.500000000000007 90.500000000000014 1481.7667500000002 942.50000000000011 61.549082500000004 7497.4300000000012 37.500000000000007 110.50000000000001 132.50000000000003 23.500000000000004 1131.5000000000002 167.50000000000003 51.500000000000007 1.0000000180025095e-35 28.500000000000004 80.967065000000005 226.38909500000003 68.500000000000014 0.0036564831000000003 66.500000000000014 0.048763493500000012 1.5000000000000002 161.50000000000003 2.5000000000000004 163.50000000000003 1.5000000000000002 3242.5307000000007 18.500000000000004 1.5000000000000002 678.50000000000011 6.5000000000000009 212.52652500000002 6400.5195000000012 135.50000000000003 15.500000000000002 43.500000000000007 22.992500000000003 2.5000000000000004 312.50000000000006 21.500000000000004 41.500000000000007 722.92500000000007 6.5000000000000009 5.5000000000000009 223.50000000000003 0.0040903012500000009 0.065151795000000012 222.92754500000004 45.053113000000003 1.0000000180025095e-35 740.50000000000011 1.5000000000000002 1.0000000180025095e-35 136.49211500000004 0.0041342482500000008 1513.5000000000002 75.215000000000018 94.721687500000016 0.083683476000000021 610.50000000000011 0.14488367000000002
decision_type=2 2 2 2 2 2 2 2 2 2 2 2 2 2 2 2 2 2 2 2 2 2 2 2 2 2 2 2 2 2 2 2 2 2 2 2 2 2 2 2 2 2 2 2 2 2 2 2 2 2 2 2 2 2 2 2 2 2 2 2 2 2 2 2 2 2 2 2 2 2 2 2 2 2 2 2 2 2 2 2 2 2 2 2 2 2 2 2 2 2 2 2 2 2 2 2 2 2 2 2 2 2 2 2 2 2 2 2 2 2 2 2 2 2 2 2 2 2 2 2 2 2 2 2 2 2 2 2 2 2 2 2 2 2 2 2 2 2 2 2 2 2 2 2 2 2 2 2 2 2 2 2 2 2 2 2 2 2 2 2 2 2 2 2 2 2 2 2 2 2 2 2 2 2 2 2 2 2 2 2 2 2 2 2 2 2 2 2 2 2 2 2 2 2 2 2 2 2 2 2 2 2 2 2 2 2 2 2 2 2 2 2 2 2 2 2 2 2 2 2 2 2 2 2 2 2 2 2 2 2 2 2 2 2 2 2 2 2 2 2 2 2 2 2 2 2 2 2 2 2 2 2 2 2
left_child=2 3 7 8 6 9 11 14 16 24 20 72 21 18 26 22 29 40 74 180 35 28 126 -16 90 198 -1 50 43 34 -8 32 112 59 67 36 54 45 39 51 41 46 145 101 79 48 52 49 95 171 92 53 61 81 55 57 65 68 -25 77 111 62 119 129 105 -56 87 -2 -5 248 147 -51 141 128 203 245 -77 -18 108 -31 -64 82 -21 84 224 138 -39 -67 89 -66 127 -72 107 94 104 98 -97 213 102 -100 -22 214 137 -104 -19 -24 -81 -12 206 -110 -86 -61 -32 -90 -60 122 118 -118 157 120 121 -10 -73 125 166 -122 130 -3 -74 -30 131 -13 219 -134 -33 -23 -45 -34 140 202 -35 -4 143 -143 -145 -20 218 148 201 150 151 -96 -153 181 -89 -156 -120 178 159 -159 -57 162 -162 237 239 -166 167 -125 -169 170 -152 172 -17 176 -175 -176 -62 -178 -117 186 -6 -101 -183 -177 -79 -126 -180 -188 190 -190 191 -136 197 -194 195 241 240 -150 199 204 -201 -42 -140 -7 -11 -54 207 -47 -209 212 211 -208 -210 -98 -9 -55 217 -129 -63 221 -221 -38 -222 -49 225 226 227 228 229 -83 -229 -232 -233 -234 235 -142 -237 -37 -239 -127 -197 242 -195 -207 -245 -65 -247 -82 -70 -250 253 -252 -253 -28
right_child=1 5 4 10 19 13 30 12 17 25 27 15 -14 -15 23 47 33 93 42 38 100 135 64 58 -26 -27 250 -29 63 44 31 134 37 85 -36 163 132 86 -40 -41 70 -43 -44 136 -46 78 -48 223 -50 71 -52 -53 205 215 56 160 -58 -59 114 60 173 146 80 75 88 66 -68 -69 69 -71 91 115 73 -75 -76 76 -78 184 -80 106 247 83 -84 -85 110 -87 -88 154 113 -91 -92 -93 -94 -95 149 96 97 -99 99 153 -102 -103 103 -105 -106 -107 -108 -109 109 -111 -112 -113 -114 -115 -116 116 117 -119 156 -121 123 -123 -124 124 185 164 -128 216 -130 -131 -132 -133 133 -135 188 -137 -138 -139 139 -141 234 142 -144 144 -146 -147 -148 -149 192 -151 169 152 -154 -155 155 -157 -158 158 -160 -161 161 -163 -164 -165 165 -167 -168 168 -170 -171 -172 -173 -174 174 175 183 177 -179 179 -181 -182 182 -184 -185 -186 -187 187 -189 189 -191 -192 -193 193 194 -196 196 -198 -199 -200 200 -202 -203 -204 -205 -206 243 210 208 209 -211 -212 -213 -214 -215 -216 -217 -218 -219 -220 220 222 -223 -224 -225 -226 -227 -228 230 -230 -231 231 232 233 -235 -236 236 -238 238 -240 -241 -242 -243 -244 244 -246 246 -248 -249 249 -251 251 252 -254 -255
leaf_value=-0.0081350791803092241 0.030751627746575378 0.0062791920068377485 0.00066320048743439208 0.025082540776487715 0.015549259536632269 0.0082517019623421766 0.0047559396843218421 -0.0018788032476668318 0.015413064661422891 0.029021868802381664 0.025234909326215544 -0.0054820757501833264 0.02598806468168768 0.037568569144983098 0.039133640699634452 0.044383611570718039 0.0044017494931315147 0.0023270906395274453 0.032211455482905743 -0.00066605972881244983 0.030863444098013577 0.0076164783810817116 0.024093652278603116 0.025332792265093974 0.031352062223524504 0.035466365203832818 -0.0066265684596918005 0.035207279058307173 0.038997299593532431 0.001989531116906031 0.019509129785582665 3.2470425043166949e-05 0.033892928917371487 -0.0034379287701318292 0.044295452113177272 0.03257775355554493 0.0049650940588472046 -0.00077058500851714831 0.028370719542269298 -0.0035555035555911575 0.016552164025227217 0.040723267425821906 0.036122135806479959 0.014304064316461126 0.034274330975443704 0.02443320899168017 0.001179522205614287 0.011037175703428086 0.0359211320799818 -0.0015868924203227084 0.03331034051099932 0.027802833832838939 0.010855036633951686 0.0025980020276701356 0.026320716887383199 0.041596289115140808 0.035382146472029571 0.0041230058167067976 0.024549520280271742 0.013540050654634147 -0.0034722811340631614 0.020830097174409822 0.00658312763632906 -0.0069702506796809243 0.024367854263480253 0.0058196971763430794 0.0007875117327945353 -0.0065768973289728107 -0.0021057076247745668 0.032097553782826131 -2.4583143609835614e-05 0.0081552740162963849 0.027545262306742268 0.037617870694939826 0.029850635416003905 -0.00082469634197421249 0.027584014472557473 0.0076909714004864292 0.00049493947645294124 0.0028286272983592178 0.017689607437732353 -0.0042229379595414849 0.020879096381956709 0.028358869022178771 -0.00090175370355297525 0.0010611782858674678 0.022317381532715435 0.03677925334692142 0.010393728112046814 -0.0042074594202910747 0.027922076239737709 0.02456492178281074 0.03320359114729772 0.037132840272123255 0.035372533217180493 0.035392865647891784 0.004207407966621504 0.029341137380853231 0.032706843014359485 0.028421580786658518 0.018563232137816441 0.012226894179800453 0.015713067431215037 -0.008058593748507991 0.028095059238328352 0.047417798088449883 0.028072546176516645 0.031933374560730372 0.032060092711503979 0.012241532611924073 0.021194194081132448 0.038635334878273107 0.040248509084630228 0.036920525023373209 -2.803576795114135e-05 -0.0041467071976702546 0.034380800541328867 0.0055246570699584276 0.038995056627903646 0.03138322763665416 0.0029840322019433719 -0.0032984155309643349 0.044077705666110384 0 0.005308033749050328 0.021227921207940686 0.032889900616547452 0.025921776146064092 -0.0030339506863411741 0.01138536213989552 -0.00016527658089250758 0.023702211064377223 -0.003829825436221982 0.02487944645957112 0.02307002661195642 0.040453164337423006 -0.0072461146410976885 0.0037019547274386735 0.010882125803126702 0.038533866962018826 0.0076588919459882965 -0.0022940129421086751 0.029359764514717664 0.03878365347641026 -0.0023477229749860398 0.035383770521732499 0.0092480030003058451 0.037497726836331527 0.042592235946635894 0.027821582103227518 0.016022640285726759 0.026620370775798704 0.012329080085946386 -0.009981089743504817 0.0061318967636975795 0.029036543461558765 0.0042033950373444639 0.0029653826707282953 0.0042909119174397584 0.034197447140249845 0.023758631547836778 0.02943555695003116 -0.0069200958789990543 0.015883766610566105 0.036421006349170879 0.0099881147792802924 0.00072279570641469132 0.028162175770937235 0.0039409214790459149 0.0074450122398846633 0.028797414884823059 0.0018856986551649398 0.0086127543225412492 -0.0013486673869029249 0.031448014651872608 0.0097911179573331696 0.030802236602485919 0.0029686923650359682 -0.0036965072569972203 0.032989588550484159 0.030830240003173314 0.026931474799651849 0.00061936184098196735 0.025592449894431206 0.037638239306223252 0.026666675750779325 0.00034165313919583376 0.035085984302870757 -0.0040785885539820306 0.024692073059393346 0.037663771970676947 -0.0013500555999557174 0.02516872600281252 0.025159173215033467 -0.0025225187136524887 0.0064502892489129854 0.034945926526841434 0.020753553892265211 0.033785617461215604 0.025118619515642298 0.033768259055695013 0.036361847061905921 0.02973422682757991 0.029525079843594391 0.03387789688345625 0.011168373083740453 0.024354881418652663 0.028099772590557258 -0.0036432610345347688 0.020090636922366744 0.039593006398901405 -9.9500442461336984e-05 0.014345358839778458 0.026280998118243585 0.017693442840228949 0.01595819896197341 0.034679674918074985 0.0020118832171916925 0.045245961240853567 0.031892876832697981 0.0089287037621802873 0.02410265715099344 0.025751662648693632 -0.0054677741110096025 0.034608802442769808 0.0018546216493371109 0.039311252512875323 0.012048447917163174 0.027599815333167143 0.020763191393031431 0.032142003149537177 0.032702325596117014 0.022735957502241281 -0.0021258545303191726 0.0031805110503389119 0.04525758550807682 0.018455636663287266 0.030211325137310015 0.010403371755655071 0.045820779508386304 0.026852005526964647 0.026135047948019553 0.0017246981353134616 0.03631727071345385 0.01609583536516938 0.0024022764014951813 0.022053728313200429 0.037972850444739713 0.022166650495856772 0.001453923228741769 -0.0034638118910399578 0.041772170989383357 0 0.024931534063168982
leaf_weight=7063.1674089804292 27.873190928250551 94.46594313532114 2765.8749441951513 239.30811773985624 89.776873741298914 122.75247245281935 225.16593358665705 2432.3912339508533 97.875505454838276 1171.1475004404783 2040.0893206223845 32.798855509608984 193.49589589983225 50208.507253706455 35.487425524741411 40.178934801369905 441.24488672241569 111.85741227120161 4429.0297068506479 119.28542779013515 2818.4565981626511 32.149016495794058 103.69833090901375 45.283412620425224 7717.9859446361661 9557.5052607804537 2517.0412146821618 2409.8124455064535 41.536893300712109 878.89703733101487 88.972721420228481 151.65248827263713 36.210969131439924 43.377970941364765 48.47529174014926 1047.7880682125688 73.672561146318913 151.28954105079174 566.12914451211691 61.929209299385548 65.091095265001059 51.506311401724815 25014.23664970696 225.67197696864605 32.28692701458931 280.72541949898005 138.11918845027685 2063.6273683719337 60.710268750786781 507.66303892061114 1916.056060127914 409.52330578863621 82.687224816530943 145.16400570422411 524.68162888288498 62.176808066666126 198.94957502186298 226.62589702010155 33.438452672213316 55.080849461257458 105.62288835272193 66.134132087230682 59.62331273034215 129.26995899900794 59.507678009569645 88.668655835092068 99.174852252006531 42.009219590574503 102.13501988351345 47.844115883111954 97.160168647766113 39.383587345480919 26.525861993432045 42.881268851459026 359.99144282191992 47.820229209959507 86.561656557023525 39.814298335462809 52.003684356808662 66.789519798010588 73.129734370857477 93.19717338308692 166.36969308182597 463.66137935966253 105.24466595053673 48.961008168756962 58.153724238276482 87.853710345923901 48.722574815154076 70.21536773443222 4471.3174334689975 58.328736916184425 824.57589446753263 134.63465930521488 205.90573827922344 114.50196476280689 200.88493713736534 74.541940122842789 65.408335458487272 64.934702321887016 171.11281760036945 119.73133499920368 61.944703046232462 169.07183001935482 45.258820578455925 77.138143591582775 69.893700022250414 689.45854498445988 383.55588433891535 96.949744872748852 69.398435831069946 103.4555229395628 135.96408674865961 88.141596920788288 842.45950948446989 424.084262765944 56.310714092105627 74.522097166627645 32.325651127845049 49.412755988538265 75.457743659615517 203.24121905490756 26.344840191304684 84.583628755062819 54.73503028228879 69.870978742837906 29.835760928690434 84.890170145779848 81.825997848063707 75.408649977296591 187.24593750014901 91.957492005079985 60.756169848144054 124.43859086185694 70.461514092981815 46.318246155977249 49.630508963018656 51.421417817473412 96.682700790464878 152.87775970995426 47.967948481440544 201.95917639508843 55.900135882198811 44.996300227940083 38.134592968970537 4344.2986770495772 51.222117908298969 86.574289456009865 66.893109105527401 1024.8360492438078 443.33646791428328 635.07224649935961 174.23930856585503 32.459088411182165 86.162331745028496 97.11870888620615 29.805461745709181 32.551730688661337 274.33876403421164 49.626207944005728 42.264248311519623 119.00123175978661 40.466004997491837 104.3226660862565 40.428752224892378 144.70239523425698 298.36716111376882 96.53222880885005 60.392794772982597 162.42622731626034 163.40416392683983 35.49047240242362 30.330720655620098 48.942968133836985 107.15949494764209 243.62901929020882 50.01049991324544 87.217286165803671 133.49648517370224 26.485226985067129 958.50018811970949 34.812929656356573 91.99864312633872 99.110511016100645 39.363523371517658 136.48962651193142 40.719742141664028 28.549452323466539 87.989814482629299 41.135616712272167 48.628898605704308 48.364249706268311 399.99920593947172 53.707331888377666 54.892756700515747 319.92221666127443 41.406315140426159 104.1566181704402 6086.5947727710009 1054.9438278153539 413.10871671885252 188.96294331550598 103.7213446944952 54.200241975486279 2812.2257169187069 54.007303208112717 409.83404000848532 85.097336791455746 167.47311411052942 150.87275430187583 71.112010698765516 42.430128253996372 71.253666244447231 39.579490654170513 41.80538384988904 258.98263275995851 88.185878254473209 55.700059927999973 58.280425116419792 1058.319085791707 73.739089347422123 775.08158261328936 1501.5453517735004 59.12882911413908 85.59424402564764 57.691628687083721 56.032903209328651 118.23697153478861 50.225507784634829 70.824736874550581 211.83813105151057 47.515045545995235 48.30086662620306 52.688334725797176 41.854620151221752 58.378741040825844 55.490745507180691 335.33264904469252 123.14839546382427 52.355413563549519 42.712105825543404 295.20124762505293 70.800343360751867 176.83391652628779 66.187404356896877 279.59064006060362 59.123097114264965 104.74197196215391 95.105030134320259 71.254557870328426 3079.8566336929798 21.788350325077772 58.093275636434555 15.738101255148647
leaf_count=142153 242 708 43910 1343 574 804 2628 40445 951 3725 7343 455 1361 33242 437 353 4984 942 8223 1243 8851 407 838 467 18508 12751 48707 4456 344 11642 693 1589 318 525 321 3513 525 1674 2135 577 494 197 25335 2605 216 2214 1516 23715 427 7502 4499 1919 718 1438 2694 213 811 1731 451 535 1306 555 546 1998 528 707 749 610 924 208 909 515 292 395 869 688 809 387 513 890 541 1047 1147 2423 959 430 415 363 438 789 15739 321 1715 524 897 782 2036 507 509 549 818 1662 577 2127 248 328 791 1965 2430 762 422 545 639 532 13428 6328 512 994 284 436 739 2407 221 917 479 531 192 436 1170 1036 2228 872 442 502 506 351 682 571 852 684 445 2868 538 439 515 5384 409 377 271 4813 2977 3417 1228 436 607 431 425 439 3441 425 246 573 384 525 235 1296 2947 686 592 1214 863 495 366 531 755 2469 405 952 1930 261 3696 247 1015 702 217 812 565 273 836 243 224 480 2458 412 530 2569 155 673 10606 3217 839 891 621 182 6003 490 2750 665 1781 1065 369 401 621 282 505 1890 314 407 241 3747 465 3643 6042 674 427 508 220 1015 381 519 1267 285 317 518 390 276 390 1118 654 242 230 1822 683 983 492 3763 536 506 600 595 56033 247 1012 254
internal_value=0.027992 0.0333733 0.00465088 0.0249507 0.0136621 0.0354478 0.0102477 -0.00374663 0.018387 0.0323669 0.0287802 0.00667506 0.00362923 0.0366718 -0.00582415 0.00974248 0.0126989 0.020838 0.0353576 0.0232212 0.0265775 0.00243318 0.0182386 0.00367297 0.0298128 0.0338784 -0.00653768 0.0317055 0.00186397 0.00688702 0.0173988 0.0181439 0.0193091 0.0159588 0.0238043 0.0251356 0.0239592 0.0183465 0.0211606 0.0196204 0.0184885 0.0159608 0.0355192 0.0001993 0.00492496 0.0192457 0.0153907 0.00805738 0.0150752 0.00521237 0.0301487 0.0201723 0.016254 0.0187366 0.0206417 0.0168615 0.0239433 0.0135984 0.00221424 0.0130718 0.0163342 0.0146551 0.0134257 0.00847126 0.0253201 0.0215525 0.0159894 0.00861414 0.0174164 0.0114645 0.0216424 0.00425709 0.00215513 0.0144862 0.0250757 0.00580984 0.0175375 0.00736855 0.02175 0.00391654 0.024251 0.0203895 0.0119053 0.021949 0.0191058 0.0222003 0.00574315 0.0201244 0.0188402 0.0089959 0.0273209 0.00933103 0.0284236 0.0241489 0.0235316 0.0137793 0.0193404 0.0132874 0.00978566 0.0165726 0.0301756 -0.000882258 0.00352103 -0.0015614 0.0100725 0.0345074 0.016028 0.0269527 0.0223714 0.0281494 0.00796252 0.030256 0.0323334 0.0278349 0.000952641 0.0066025 0.00562899 0.0183503 0.00403579 0.0116326 0.0108925 0.00281217 0.0235775 0.0130589 0.00990946 0.0189649 0.00884727 0.018853 0.00472514 0.0217675 0.00632146 0.0159852 0.0259603 0.0154672 0.00938101 0.0276475 0.0103588 0.0167668 0.0238984 0.028725 0.0167816 0.00154274 0.00860232 0.00432122 0.0201861 0.0337911 0.026227 0.0226945 0.0218933 0.0242731 0.0222007 0.0260575 0.0235939 0.011574 0.024689 0.0185052 0.0231124 0.00280886 0.00857335 0.0223092 0.0263213 0.0212021 0.00882553 0.029401 0.0228113 0.0161415 0.00599845 0.0124156 0.0190704 0.0170428 0.0195628 0.0207519 0.0297962 0.0132716 0.0167055 0.0186889 0.00609842 0.0134808 -0.000338058 0.00663913 0.0295632 0.0153398 0.00822632 0.0145114 0.023263 0.0207231 0.0028598 0.0153847 0.0140955 0.00524747 0.0207169 0.01319 0.0201628 0.0188286 0.0158804 0.017122 0.0118559 0.0297454 0.0325563 0.03117 0.0276021 0.0314944 0.020886 0.0150807 0.032468 0.0240155 0.0201519 0.0170051 0.0125072 0.00894977 0.0245928 0.0220483 0.0017589 0.00806869 -0.00153004 0.0112204 0.0239022 0.0166802 0.0328814 0.0265062 0.0277855 0.0224688 0.0249828 0.010568 0.0212533 0.0197415 0.0210976 0.0195012 0.0117989 0.00662601 0.0228651 0.0263006 0.0175851 0.0098785 0.0211277 0.0256127 0.0328268 0.0303082 0.0249809 0.0324108 0.00901479 0.0220875 0.0121503 0.0275485 0.0310271 0.00236065 0.00597114 0.0299787 0.00754071 0.0134771 -0.00455173 -0.0030583 0.0121568 -0.00640701
internal_weight=181196 147247 33948.9 29106.4 16376 118141 12069.9 17572.9 10729.9 33608.1 18376.5 8052.32 3860.5 84533 13712.4 4794.23 3236.19 7493.7 34324.5 4306.11 10496.5 3667.01 789.262 956.669 12512.5 21095.5 12755.7 7879.99 3588.54 1166.22 4017.57 3792.4 3344.17 2069.96 118.358 7506.93 5896.34 3119.23 3257.83 2691.7 4392.73 2446.92 33787.6 2869.23 1047.87 2909.79 2395.41 4004.96 1098.48 1882.21 5470.18 2629.78 2257.29 2220.25 2228.79 1046.18 1182.61 782.273 921.181 1420.65 900.229 1877.58 1701.94 719.311 447.424 983.66 458.978 69.8824 555.647 316.339 1945.81 1776.21 3258.1 151.233 536.944 602.366 134.382 520.423 1811.31 1015.58 237.495 1816.11 285.655 1530.45 1066.79 649.313 209.443 359.803 266.587 129.723 4794.56 155.489 3554.12 3100.97 2966.34 1037.77 429.508 315.006 608.263 289.614 2989.57 2593.93 318.649 231.017 157.116 180.836 136.683 2729.55 1759.3 480.506 174.643 158.536 224.937 136.864 875.898 1268.54 1202.82 130.833 1071.98 1464.45 1415.03 301.117 65.7284 1113.92 731.1 382.815 341.838 323.242 108.352 116.946 312.002 124.756 3667.55 185.195 448.233 78.4673 275.302 87.6324 600.352 353.282 247.07 3106.87 340.99 285.09 83.1309 8773.33 175.637 1790.32 1703.75 2809.22 1784.38 1015.22 809.312 224.205 271.135 183.281 62.1311 1009.85 356.517 82.1779 263.908 201.731 82.7303 1610.59 307.358 185.131 539.876 241.509 156.925 769.167 606.741 106 70.5097 741.693 498.842 449.899 242.851 137.228 653.335 229.251 1048.28 191.746 126.812 342.74 79.1778 191.225 202.766 69.2692 296.58 129.125 167.455 118.826 1449.69 1278.64 878.642 823.75 404.041 171.05 11538 5451.43 1468.05 254.054 200.404 176.953 3983.37 379.716 1278.8 755.422 474.697 389.6 523.376 452.264 238.727 240.464 2474.2 404.147 228.776 140.59 124.415 3482.36 2633.6 848.754 1575.28 2122.76 892.146 806.551 748.86 692.827 214.247 164.022 478.579 360.342 148.504 100.989 203.692 161.837 113.869 1506.27 458.481 122.226 362.634 419.709 124.508 297.029 243.021 467.984 338.714 177.872 268.495 166.36 5692.52 3159.74 79.8816 2532.78
internal_count=781023 294789 486234 147497 165853 147292 140926 320381 83495 73253 64002 107045 57192 74039 263189 56918 33113 50382 40797 24927 44024 55831 7200 14783 36112 37141 248406 19978 55073 14712 33881 31253 27375 18401 1173 34355 28545 26043 20657 18522 33259 20464 38942 45899 13539 23954 20267 49718 10383 25329 15522 17945 18751 16026 13179 6817 6362 5401 14346 13788 8200 16068 14863 9174 3453 5551 2857 852 3670 2327 12795 24115 50127 1857 1855 7794 1497 5588 13571 13323 1593 12698 2390 10308 7885 4613 2089 2108 2287 1317 17604 1230 11023 17123 16599 9956 3607 2825 6349 2756 9669 42612 3593 2704 1190 1166 1681 9308 13058 3192 1381 1080 1332 970 13879 16613 15877 1506 14371 13270 12834 3358 736 9476 6433 3043 3747 1865 1462 1380 3555 1327 15366 944 3878 758 3287 889 4183 2157 2026 48270 4360 3822 954 13607 1205 11565 11188 15409 10596 5542 4645 2247 1401 1038 709 13662 4305 864 1416 1203 630 5810 2304 1531 5142 2195 1278 5054 3840 1214 719 7120 4457 3926 2663 1357 9357 3029 4270 1811 1262 3171 604 1291 2768 838 2289 1079 1210 986 9803 8859 6401 5871 2954 944 24390 13784 4056 1385 1473 986 9728 2683 9866 6346 4132 3467 3520 3151 2402 2318 40950 3328 1157 843 796 14422 10254 4168 6507 24389 6504 6077 5569 5349 1947 1566 3402 2387 1120 835 1501 1111 666 5285 1772 773 2799 2917 1095 1965 1475 6297 4299 1047 2119 1195 106253 57292 1259 48961
is_linear=0
shrinkage=0.01


Tree=24
num_leaves=255
num_cat=0
split_feature=8 54 6 54 56 9 6 6 6 28 6 29 6 62 44 57 59 48 11 56 56 6 37 0 115 46 95 122 43 54 46 47 135 121 144 29 36 115 29 135 115 9 114 6 28 122 46 37 61 56 116 62 62 53 70 120 114 120 0 146 8 20 114 114 38 46 46 120 133 37 13 48 144 115 121 13 8 38 53 121 116 133 116 29 28 62 53 57 138 46 8 42 116 117 34 120 15 24 44 38 56 116 131 42 28 117 117 6 32 44 6 56 50 61 56 116 133 20 32 27 29 57 20 38 10 47 131 96 120 133 114 32 41 56 135 46 122 49 46 115 61 9 38 120 114 0 131 121 13 90 120 0 6 49 138 87 100 120 27 21 84 115 43 114 117 84 43 8 116 62 8 62 8 28 121 29 134 50 117 106 116 134 44 36 122 56 6 134 6 49 120 116 56 121 47 134 21 13 21 56 8 122 122 44 63 83 115 45 27 47 9 24 21 3 24 27 42 120 121 69 47 24 6 41 42 27 21 42 83 21 121 54 82 90 47 140 21 57 122 114 34 49 70 106 121 6 27 122 10 20 120 32 39 115
split_gain=215089 24909.7 24473.4 7612.76 5089.21 3058.45 2654.69 1993.44 1793.81 1413.44 1138.94 1304.44 983.692 922.563 918.992 894.965 839.824 813.52 676.847 634.438 579.521 533.601 520.712 512.478 492.98 490.807 462.996 420.571 401.647 374.837 373.45 360.25 358.962 357.998 397.779 349.969 347.985 345.417 385.389 350.506 427.005 309.435 420.843 306.692 298.812 294.266 287.6 284.089 282.1 275.863 271.145 269.979 258.62 257.636 252.212 290.248 251.573 250.706 247.595 246.425 246.736 243.36 255.639 322.238 241.916 242.938 241.731 240.537 237.994 237.607 235.219 234.438 225.292 223.89 223.522 221.88 219.354 216.345 219.736 218.96 340.865 316.178 216.233 215.436 213.919 211.197 254.942 210.847 362.583 275.733 275.588 210.239 226.138 221.186 219.852 208.051 261.011 206.959 205.229 204.478 204.179 263.656 203.934 256.759 218.754 248.589 331.217 202.123 202.118 200.687 200.63 206.898 198.869 241.351 233.392 243.534 198.066 255.547 216.806 197.685 195.986 194.208 243.542 291.646 296.062 247.766 277.616 193.704 228.918 191.699 190.131 227.831 189.764 224.373 189.302 214.685 189.19 188.047 188.024 221.901 220.597 218.165 187.875 231.438 267.858 187.754 220.587 192.69 187.376 184.579 189.949 220.742 184.313 183.775 346.773 198.489 212.346 183.59 183.033 220.333 182.973 180.372 177.982 177.78 212.28 205.642 185.559 177.738 177.037 176.919 176.767 176.418 176.086 175.981 175.253 211.66 198.525 246.488 175.035 174.151 273.505 188.596 192.74 171.679 171.088 171.027 217.129 210.532 170.639 170.462 170.298 223.553 252.493 243.569 212.467 189.873 187.752 169.367 168.506 168.13 168.129 169.793 191.978 167.643 167.077 214.563 276.705 203.632 187.372 169.367 166.761 256.855 166.59 203.304 164.36 164.233 164.103 174.965 213.057 164.819 163.258 179.631 162.053 184.362 283.757 234.199 232.095 161.182 160.846 205.042 232.827 165.488 284.677 162.349 160.325 229.043 322.975 198.997 195.757 188.892 159.517 159.101 158.877 162.537 158.532 157.394 157.057 349.212 278.874 173.796 156.377 155.827 190.148 155.316
threshold=165.73500000000004 63.500000000000007 4821.3350000000009 575.50000000000011 106.50000000000001 2181.9200000000005 121.59500000000001 576.12500000000011 824.81500000000017 5.5000000000000009 2144.9950000000003 8.5000000000000018 3501.8050000000007 5.5000000000000009 4.5000000000000009 129.50000000000003 149.50000000000003 97.296630000000007 41.550000000000004 25.500000000000004 227.50000000000003 1373.3950000000002 10.500000000000002 19.500000000000004 0.18645617500000003 877.49592000000007 1.0000000180025095e-35 99.500000000000014 1.0000000180025095e-35 1149.5000000000002 5258.430150000001 8192.380000000001 91.500000000000014 5442.0850000000009 1.5000000000000002 79.500000000000014 139.50000000000003 0.085720750000000012 83.500000000000014 67.500000000000014 0.15626298500000002 363.61000000000007 0.012150445000000001 1143.3550000000002 3.5000000000000004 360.50000000000006 5701.0785000000005 1.5000000000000002 1.0000000180025095e-35 38.500000000000007 0.00064148827000000007 3.5000000000000004 1.5000000000000002 14.500000000000002 3.5000000000000004 101.50000000000001 0.0093907212500000028 66.500000000000014 24.500000000000004 4.5000000000000009 439.4550000000001 29.761707000000005 0.067310548000000012 0.051458322500000007 178.50000000000003 308.44346500000006 11084.976000000002 22.500000000000004 89.500000000000014 4.5000000000000009 11.500000000000002 477.82092500000005 5.5000000000000009 0.032386310000000008 821.3850000000001 3.5000000000000004 76.045000000000016 346.50000000000006 16.500000000000004 5304.4100000000008 0.0028334346000000003 58.500000000000007 0.0044649088000000012 40.500000000000007 115.50000000000001 5.5000000000000009 35.500000000000007 5.5000000000000009 92.500000000000014 1285.5556000000004 256.31000000000006 143.50000000000003 0.00046323105000000005 0.016132206000000007 28.500000000000004 27.500000000000004 4.5000000000000009 1838.5000000000002 5.5000000000000009 421.50000000000006 331.50000000000006 0.0040325290000000008 44.500000000000007 6.5000000000000009 170.50000000000003 0.018183167500000003 0.011919527000000001 392.44500000000005 411.50000000000006 19.500000000000004 8556.2900000000027 247.50000000000003 19.500000000000004 1.0000000180025095e-35 47.500000000000007 0.0049980210000000009 10.500000000000002 22.451666500000005 181.50000000000003 1180.5000000000002 37.500000000000007 58.500000000000007 39.487500000000004 181.50000000000003 67.705000000000013 510.36825500000003 4.5000000000000009 2.5000000000000004 53.500000000000007 9.5000000000000018 0.063153685000000001 124.50000000000001 27.500000000000004 243.50000000000003 92.500000000000014 4471.4197000000013 68.500000000000014 6.9604820000000007 1323.8177000000003 0.093393355000000025 3.5000000000000004 12.840000000000002 27.500000000000004 20.500000000000004 0.014085409000000002 27.500000000000004 47.500000000000007 5442.0850000000009 6.5000000000000009 2.5000000000000004 28.500000000000004 6.5000000000000009 139.00500000000002 1.8034025000000002 49.500000000000007 7.5000000000000009 1.5000000000000002 83.500000000000014 127.50000000000001 2113.5000000000005 3.5000000000000004 0.066674280000000016 90.500000000000014 0.029018138000000002 0.064536077500000025 4.5000000000000009 41.500000000000007 298.02000000000004 0.0053769725000000013 15.500000000000002 115.05000000000001 6.5000000000000009 104.98500000000001 21.500000000000004 5177.7850000000008 41.500000000000007 89.500000000000014 7.5000000000000009 0.051301576500000008 2.5000000000000004 0.0018779038500000003 26.500000000000004 19.500000000000004 6.5000000000000009 27.500000000000004 1261.5000000000002 807.06500000000017 91.500000000000014 98.695000000000007 9009.0615000000016 47.500000000000007 0.022083955000000006 152.50000000000003 2200.9150000000004 3302.7402500000003 46.500000000000007 1364.5000000000002 4.5000000000000009 1619.5000000000002 11.500000000000002 976.34500000000014 321.50000000000006 121.50000000000001 4.5000000000000009 1.5000000000000002 11.500000000000002 0.07380130750000001 20.500000000000004 957.50000000000011 3400.3498500000001 129.01500000000001 1284.5000000000002 1634.5000000000002 3.5000000000000004 1719.5000000000002 841.50000000000011 19.500000000000004 33.500000000000007 5057.9050000000007 1.5000000000000002 938.2317250000001 1293.5000000000002 2251.1050000000005 67.500000000000014 125.50000000000001 820.50000000000011 1108.5000000000002 301.50000000000006 8.5000000000000018 2009.5000000000002 4115.4500000000016 1409.5000000000002 22.500000000000004 6.5000000000000009 37.928928500000005 1.5000000000000002 126.50000000000001 1.0000000180025095e-35 18.500000000000004 0.10750494000000001 55.500000000000007 256.62221500000004 1.5000000000000002 1.0000000180025095e-35 13423.850000000002 3157.1100000000006 848.50000000000011 29.500000000000004 89.190000000000012 69.898335000000017 32.500000000000007 65.500000000000014 2.5000000000000004 0.09927759500000001
decision_type=2 2 2 2 2 2 2 2 2 2 2 2 2 2 2 2 2 2 2 2 2 2 2 2 2 2 2 2 2 2 2 2 2 2 2 2 2 2 2 2 2 2 2 2 2 2 2 2 2 2 2 2 2 2 2 2 2 2 2 2 2 2 2 2 2 2 2 2 2 2 2 2 2 2 2 2 2 2 2 2 2 2 2 2 2 2 2 2 2 2 2 2 2 2 2 2 2 2 2 2 2 2 2 2 2 2 2 2 2 2 2 2 2 2 2 2 2 2 2 2 2 2 2 2 2 2 2 2 2 2 2 2 2 2 2 2 2 2 2 2 2 2 2 2 2 2 2 2 2 2 2 2 2 2 2 2 2 2 2 2 2 2 2 2 2 2 2 2 2 2 2 2 2 2 2 2 2 2 2 2 2 2 2 2 2 2 2 2 2 2 2 2 2 2 2 2 2 2 2 2 2 2 2 2 2 2 2 2 2 2 2 2 2 2 2 2 2 2 2 2 2 2 2 2 2 2 2 2 2 2 2 2 2 2 2 2 2 2 2 2 2 2 2 2 2 2 2 2 2 2 2 2 2 2
left_child=1 6 3 8 7 15 14 17 18 36 11 25 22 21 28 50 23 210 30 33 74 46 43 52 59 -6 -16 70 -1 120 41 61 37 34 58 121 169 64 39 67 83 87 -43 49 -28 54 91 -36 241 75 -4 110 250 -27 55 130 -46 85 66 60 163 -32 63 69 65 215 71 76 72 -63 84 160 204 97 138 216 -39 78 79 80 -75 -82 -73 -41 137 86 99 88 -2 90 107 92 94 -94 -11 -72 -97 -29 198 100 132 129 168 -104 105 106 112 -90 -60 -33 111 -25 113 -105 115 -115 117 -77 -118 184 157 122 123 124 125 -19 -127 128 170 -102 131 -35 133 -22 135 162 -108 -21 -13 140 -140 -142 143 -120 148 146 -98 -148 -145 179 151 -151 -126 154 -124 -155 -157 222 -128 -160 -10 -96 -23 164 165 183 167 -165 -67 178 -69 -17 -131 -93 175 176 177 -48 -5 180 -76 -181 -183 -20 -12 186 -31 227 -158 -58 191 192 193 194 -139 -195 -194 214 -45 -47 201 202 -81 -182 207 206 208 -37 -206 -209 -3 -212 213 245 -133 -9 217 218 219 -8 221 -51 223 224 225 226 -15 -188 -137 230 231 232 -230 -234 239 236 -236 -238 -239 -30 -205 -24 243 -86 -159 -199 247 -179 -249 -250 -7 -200 -253 -44
right_child=2 4 5 9 10 16 12 32 19 13 119 20 -14 29 26 171 -18 35 24 27 57 134 48 51 -26 53 44 73 234 185 31 109 -34 45 47 68 -38 38 -40 40 -42 42 253 98 56 199 174 -49 -50 220 -52 -53 -54 -55 -56 -57 189 -59 108 -61 -62 62 -64 -65 -66 102 -68 127 -70 -71 95 82 -74 77 149 116 -78 -79 -80 200 81 -83 -84 -85 242 -87 -88 -89 89 -91 -92 173 93 -95 161 96 145 -99 -100 -101 101 -103 103 104 -106 -107 136 -109 -110 -111 -112 -113 -114 114 -116 -117 118 -119 142 -121 -122 -123 153 -125 152 126 158 -129 -130 172 -132 197 -134 -135 -136 228 -138 190 139 -141 141 -143 -144 144 -146 -147 147 -149 -150 150 -152 -153 -154 155 -156 156 188 244 159 -161 -162 -163 -164 166 -166 -167 -168 -169 -170 -171 -172 -173 -174 -175 -176 -177 -178 246 -180 181 203 182 -184 -185 -186 -187 187 -189 -190 -191 -192 -193 196 195 -196 -197 -198 212 251 -201 -202 -203 -204 240 205 -207 -208 209 -210 -211 211 -213 -214 -215 -216 -217 -218 -219 -220 -221 -222 -223 -224 -225 -226 -227 -228 -229 229 -231 -232 -233 233 -235 235 -237 237 238 -240 -241 -242 -243 -244 -245 -246 -247 -248 248 249 -251 -252 252 -254 -255
leaf_value=-0.0081129970491980834 0.00012289045673945443 0.0010500405118382193 0.026397241139082799 0.028609415281135725 0.0033498477764407919 0.026254892132686863 -0.0016722684115986067 -0.0022815814981214425 0.012769636632961106 0.02601501829709775 0.040493613370604732 -0.00047965758414897575 0.025219516719084033 0.016626775015236767 0.037522287485984816 0.031870237737070706 0.036513247429143435 0.0051302422073559771 0.0023263582211324354 0.013564656975959734 0.021200036282784825 0.024116330395331211 0.025106182344770939 0.01617005663418921 -0.0079217487574210019 0.023302842860652061 0.034802336640140756 0.018635368861475942 -0.0067173201505205653 0.02168717585384922 0.037697315618802435 -0.0024407509142880665 0.0026957555347125683 0.033607638394359977 0.035781917022629665 0.0042666793870574683 0.035835031979749347 0.0073078374734199449 0.0025885693351878464 0.0019817659857807876 0.055683825096595731 -0.0044464329205386168 0.028338702652585767 0.0046865143056043978 0.026444221140213713 -0.010462885601202938 0.016348525159459257 0.0070225300940819141 0.035460314463704679 0.024598193708561089 0.030439527690655464 0.03526638844153631 0.031425665351808102 0.031748278923052528 0.033187937911585315 0.04055400857242801 -0.00070482803918082743 -0.0043078937379282837 0.035478967580462609 0.0007123021041147684 0.033201125769254679 0.0010727900226547901 -0.0017018432142523203 0.047978699428735977 0.0063757327711190907 0.034358568985294442 -0.0035807816317098098 0.027349524623608179 -0.0058497088624507145 0.027529196730956267 0.037592810728574164 0.028889230306069651 0.035577999590796709 0.0072287861523399749 0.0049403156977484873 0.0033108446359105714 0.032396673697860867 0.0033838727516365815 0.034038511736091473 0.0082507587748934623 0.015771233136571035 0.034689508792457267 0.0041019780590875188 0.03461724543613981 0.019161220869673205 0.024113345841143927 0.031542965704740127 0.010205619976236925 0.019063440832759914 -0.0098706914682589759 0.0057266308849041646 0.018389481826625219 0.023503834769770103 0.0077924040738602089 -0.0049268849202816021 0.035043730143542499 0.032307935742514803 0.043138062795906935 -0.01028640776331047 0.0013467450239280511 0.0039400079576966994 0.0028085576396740452 0.041134783102391499 0.0048062958166701867 0.026282344450131886 0.00097022761993045381 0.048689735517213062 0.054603281101924077 0.0083382524994157926 0.020292783008329644 0.033412773696029172 0.03052687906570415 0.032833716970292512 0.013866129446154916 0.0080244429342934097 0.044844056383031239 -0.0051307931150495105 0.045446937459954109 -0.0061126982290520852 0.036777267569344671 0.012409058805793991 0.020177435598543791 0.045632380822177174 -0.00149742203994192 0.047294366192635662 0.043934258016441394 0.0008286416968660607 0.0021079343034713289 -0.0039111832265352068 0.024629601560619069 0.00014437365945350853 -0.0053622643180045518 0.025293883203654177 0.0038564056605317875 0.019943477551646122 0.0328933038100949 0.021380842107868024 0.00040192726529333597 0.0060611497006127744 -0.0022453803769159103 0.028929834811662392 0.0010218193544919586 -0.0022439691907729623 0.0024173817104307547 0.0431604060991468 0.035378103008482598 -0.00024030069200747285 0.022591523603287995 0.031610654815684279 0.004462492043078704 -0.0015402500320168967 0.027232589757104998 0.016653662055423027 -0.0028298199754588195 0.00050059396280723012 -0.0053726459532247983 0.03556807986470862 0.0063803602245592226 0.020246175522440617 -0.00026653792276429375 0.0030909288285393055 0.014479863143445789 0.0079929708555976555 0.03659166520120577 0.035149729979238098 -0.0059338589106656507 0.011744122876074634 0.014038374434719432 0.013904157268870598 0.033980952324989863 0.0031364117424276155 0.034120008834657795 0.0076097664269906612 -0.0082654444741875957 0.035262081359974683 0.0060417020493309034 0.013174302476181884 0.032066321205035948 0.035262377380754654 0.041903286823373874 0 0.023729707603327307 -0.0019909923819178719 0.025646754364794098 0.024775162353647108 0.03316144381498759 0.031137994075819547 0.015303375326701044 0.010065510049384168 0.025285005027414015 0.040112220958517575 0.037108370070783256 0.018699813785505903 0.0048430736207888308 0.025395025723779736 0.024573948235527769 0.033877789090410428 0.034610188568163634 5.7895770479039644e-06 0.018236696510341922 0.025929777055139391 0.0078888621893827924 0.022366455574094096 0.02589379664129941 0.0079323537834822318 0.032729115825191051 0.0002918015632138304 0.005649691870737771 0.043513719224534453 0.037217772592189918 0.030376510862732464 -0.0030267676944731531 0.014420493014131553 0.010859166976729241 0.017652169863210949 0.020493138065337532 0.0074912519492744169 -0.0084364261397218195 0.022860287972905596 0.022744598189112151 0.036761747649295108 -0.0062046075633283241 0.030165065293228925 0.041527166071689228 0.0068900814231480133 0.016718953281011664 0.033671864290304429 0.025995836045667207 0.026396738685316289 0.030158515677919856 0.027419291165453403 0.023717393975526999 -0.0067303664006866659 0.013814750871790765 0.041784854000992598 -0.0037292519951234965 -0.0044009334124257751 0.032299696640278992 -0.0036564296410621228 0.016932243400423777 0.0081119640715529365 -0.0039041795056748898 0.0281392164849525 -0.0056615252857644873 0.027347354563786012 0.015078990367299332 0.032788125101777435 0.030368826106326199 0.017017172464745038 -0.00010626865290207417 0.012501223933661071 0.037554644983863066 0.014305658245464965 0.011894706765787166
leaf_weight=7011.8313936069608 817.15031381696463 2737.6080697663128 2264.9911762103438 3292.7244050428271 106.34739423170686 323.28031645715237 1862.728157505393 73.467173807322979 743.66004443541169 60.271546252071857 84.0143948122859 270.54709415137768 197.4393067099154 118.71765068173409 36.720767345279455 6378.473959647119 50621.020040109754 260.73131877183914 56.637667786329985 141.23788191378117 98.95123253390193 1371.55069809407 28.442775633186102 150.24023156613111 56.675331749022007 1451.8028894253075 25.289002269506454 70.063619114458561 2499.8231478221714 382.52720779925585 89.916943155229092 110.25440254434943 200.78598025068641 108.23817078396678 129.66867345198989 1500.3061362877488 1995.6093552038074 57.629465479403734 304.97128029540181 46.194460198283195 44.384725205600262 74.380024943500757 162.47182339057326 197.21461230516434 35.772263590246439 43.613779503852129 302.42449688911438 49.276607848703861 68.033125653862953 33.246515210717916 8806.9066367745399 25451.083526462317 1786.8774255588651 524.8463269919157 191.44892434775829 66.504074435681105 837.7760035097599 46.951035924255848 77.515812989324331 50.492351558059454 205.40884099900723 63.02628368139267 50.88942288979888 40.040229689329863 130.65912386029959 211.45888609439135 104.30927390605211 118.82783038169146 162.17895796522498 74.149426463991404 302.18230699747801 137.09977224469185 24.870470497757196 331.41882479190826 251.26907531172037 31.849625706672668 97.5463712438941 81.521974712610245 112.90691242367029 116.01502231135964 379.31458660215139 118.90991027653217 49.427157029509544 35.365501243621111 44.065565571188927 553.54069427400827 109.13001570850611 646.43987091630697 39.90274703130126 29.887024849653244 54.82577270641923 39.678042761981487 581.41540528461337 111.29607813805342 99.738323748111725 200.47594822198153 51.031236551702023 82.905310198664665 46.229435630142689 96.508665472269058 60.008776433765888 86.506386771798134 54.484695963561535 231.03878108784556 279.83247010409832 101.12147863954306 47.278112664818764 31.245720498263836 45.915680311620235 57.144395686686039 6000.5574430823326 392.06264413893223 50.692618161439896 53.989702098071575 94.711252927780151 53.279696874320507 169.30738592147827 25.691019285470247 38.27542432025075 276.83223582804203 120.61205219477415 241.25823320820928 28.300654470920563 116.15713254734874 43.127910107374191 34.834352921694517 78.505353670567274 220.23201232776046 45.26167281344533 625.1285649612546 52.784044921398163 57.371195863932371 78.749860733747482 298.92426465824246 483.72661756724119 625.67742075026035 69.329683039337397 105.72603017091751 171.58325051516294 108.30564976483583 122.08311378210783 37.343055002391338 92.038790732622147 69.284326780587435 38.302886221557856 57.325377859175205 96.947377011179924 56.869210466742516 31.074806198477745 108.61696365848184 147.00514065846801 70.540762566030025 43.101839948445559 272.34625337645411 40.001320652663708 60.150122676044703 34.736336801201105 91.959111481904984 390.15046917647123 59.266746796667576 270.7757395580411 88.028049036860466 76.679949045181274 140.06714117154479 34.997963458299637 62.987643215805292 78.429362334311008 53.265299469232559 59.945604126900434 1391.737661011517 42.22508280724287 11126.285277560353 71.739328764379025 58.727851405739784 123.27861379832029 78.18869711458683 184.29779808968306 314.51301721483469 516.74306970089674 44.810077663511038 41.71776656806469 135.85370176285505 35.681045483797789 73.684664409607649 737.47817351669073 1756.95984852314 3856.6185183376074 105.77207633852959 108.80739406868815 24.015660557895899 88.077032864093781 147.55928180366755 125.65291284024715 55.913996547460556 48.790297590196133 573.3880628272891 323.90970002859831 176.417749106884 41.746146213263273 34.804543547332287 612.59043500572443 126.06216069310904 786.6780076995492 215.69453947991133 31.589444693177938 47.82258053869009 124.5605144649744 35.962939571589231 29.444045323878527 33.436860602349043 47.071312256157398 41.807131502777338 309.35369952023029 81.716852352023125 62.640038933604956 52.323868948966265 193.7912183701992 358.67189506441355 35.169429536908865 26.022456880658865 27.383660934865475 38.752361558377743 870.04449151456356 56.173549331724644 107.2807729318738 254.95240862667561 318.81523432582617 855.30677624791861 99.450476616621017 1414.8307832479477 1473.4555627331138 495.26236625015736 67.761998742818832 83.143721483647823 21.801508471369743 2928.7456237189472 128.01273494586349 34.262647189199924 24.576569125056267 32.150223165750504 71.124013651162386 47.543540131300688 41.152411229908466 59.281145803630352 61.118248656392097 62.535078845918179 338.3085231333971 123.30768977850676 207.62953911721706 80.992765724658966 123.18433028459549 52.411865904927254 120.78593210875988 99.364147093147039
leaf_count=142153 10969 42813 7752 9262 1163 1022 31405 943 7046 353 256 3713 1361 690 437 12417 32739 3460 615 1056 859 6184 312 571 653 8744 213 411 48835 1929 553 1317 2114 584 774 20917 2903 593 3307 474 176 930 1164 2422 459 482 1790 414 518 369 20974 24549 3281 1710 814 262 13399 450 415 465 937 723 555 214 1206 1246 1092 920 2462 534 1032 957 227 2656 2833 464 644 593 389 827 2594 577 468 217 313 3070 447 6585 531 417 724 230 3376 847 937 837 205 264 597 838 555 753 365 2220 2353 1018 241 237 386 414 8124 770 266 455 799 242 2624 233 592 727 747 2276 233 1431 221 261 1038 2162 486 3894 456 624 551 3065 2210 2019 492 1014 1977 1313 1005 392 1286 990 343 199 772 262 328 1168 1573 446 403 3688 540 808 264 549 4018 756 2706 622 451 737 237 659 548 397 495 2466 428 15147 537 560 451 590 1052 1078 988 252 503 1099 395 501 3286 3406 10689 483 1172 275 356 622 677 446 293 3365 1253 931 535 210 2586 890 4378 1782 397 414 1717 404 227 221 496 588 2135 583 482 483 2774 6113 455 310 219 577 2794 139 725 1506 1303 2715 409 4470 4975 1875 539 457 272 53327 2381 461 423 554 700 689 202 592 205 408 1286 531 1079 591 532 427 1249 944
internal_value=0.0272779 0.00459024 0.0324286 0.0253122 0.0133884 0.0347233 -0.00372187 0.00855134 0.0185434 0.0283924 0.0197547 0.0180352 0.00358351 0.0268764 -0.00579619 0.0318789 0.0356804 0.00556612 0.0122413 0.0210413 0.0146441 0.0245846 0.00240499 0.0344463 0.020156 0.0244543 0.00362674 0.0230908 -0.00651046 0.0291679 0.00958809 0.0174477 0.0156636 0.0171926 0.0140191 0.00858634 0.0321618 0.0166676 0.0120478 0.0160914 0.0312 0.00761631 0.0163416 0.00163547 0.00218898 0.0212456 0.0208929 0.0280828 0.0209169 0.000490871 0.0296184 0.034777 0.0296786 0.0255802 0.0225027 0.0203364 0.00118365 0.0182066 0.0122138 0.0222895 0.0238133 0.02368 0.0178315 0.0234529 0.0196339 0.0208252 0.0108881 0.0127075 0.00567275 0.0156356 0.0261012 0.012157 0.00670576 0.0203794 0.0104891 -5.90436e-05 0.0233543 0.0196641 0.0201708 0.0195061 0.0151968 0.020427 0.0224872 0.0167425 0.0239803 0.0187235 0.0167323 0.00578075 0.00281584 0.0166907 0.0231262 0.0166183 0.0180723 0.0210236 0.00968788 0.0308789 0.0263292 0.0323651 0.00924811 0.0155414 0.016568 0.0195532 0.0221074 0.0199726 0.0187061 0.0156033 0.0180402 0.0358741 0.0257565 0.00540865 0.0328614 0.0266419 0.0142503 0.0119108 0.0198616 0.0298833 0.00602967 0.0231866 0.0036594 0.0291536 0.0252322 0.0117721 0.0104502 0.0133232 0.0152257 0.0132965 0.0170307 0.00871992 0.0156419 0.0214414 0.018764 0.0198945 0.0112053 0.00827922 0.0262404 0.0267652 0.0331717 0.0250379 0.00604557 0.0100707 0.0141198 0.0225484 0.00922633 0.0152072 0.0211665 0.0194127 0.0145977 0.00831855 0.0119954 0.013275 0.00682464 0.0136848 0.0328167 0.0049885 0.0201092 0.00272302 0.0101513 0.0260359 0.0150775 0.0175297 0.0102072 0.00417535 0.0232817 0.0198204 0.0130361 0.00866239 0.0253464 0.0306365 0.0300121 0.0307374 0.021179 0.0333045 0.0229186 0.00253466 0.0233995 0.0224539 0.0232657 0.0245975 0.0295325 0.0158814 0.0129047 0.0236218 0.0183606 0.0157757 0.0264893 0.0302901 0.0293057 0.0298992 0.0167096 6.47244e-05 0.0261142 0.0251574 0.0236618 0.020085 0.00858133 0.0228576 0.0297593 0.0178181 0.0115024 0.00228731 0.0216571 0.0190578 0.0205856 0.0188989 0.006263 0.0141548 0.00901746 0.00506661 0.0260923 0.0216157 0.00149717 0.0148332 0.0198998 0.0250327 0.00666064 0.00728597 -0.00128605 -0.00204152 -0.00083662 -0.00130687 0.0167124 0.00816429 0.026985 0.023678 0.0223114 0.0246594 0.0291664 0.0302181 0.0279357 0.0270617 0.0250574 0.0203158 0.0134123 0.0045565 -0.00452454 -0.00300472 0.00705643 0.00255184 0.0174903 -0.00639995 0.0216057 0.00719197 0.0119455 0.00499045 0.0150609 0.0297079 0.0268961 0.0240559 0.0177903 0.0122099 0.0225551 0.0176092 0.0217466 0.0222737
internal_weight=184066 34057 150009 36584.1 16544.8 113425 17512.2 9405.17 11446.8 25137.3 7139.64 6041.31 3871.44 17940.5 13640.8 28576.7 84848.3 6628.13 3253.73 8193.05 3958.31 8983.64 3674 34227.3 812.646 2083 959.574 5337.97 12681.2 8956.86 2441.09 485.421 2777.04 2855.08 1607.65 3801.65 7196.81 2576.25 1012.64 707.667 125.945 1955.67 336.216 3529.98 922.853 1247.43 2792.1 178.945 144.019 3071.59 11071.9 31993.9 2233.34 1976.65 1169.01 977.561 897.564 2126.14 1428.7 755.971 705.479 318.022 228.105 177.216 1563.61 1432.95 1305.27 581.722 1990.17 137.176 2519.59 1200.96 1827.99 2818.39 1832.18 2972.21 155.176 2665.42 2583.9 2470.99 829.643 498.224 186.527 81.56 1754.75 2079.19 1525.65 1619.45 973.012 155.861 125.974 1039.16 940.749 692.711 248.038 764.831 462.649 152.969 458.388 1416.52 1320.01 843.383 1307.16 1035.76 981.274 701.441 600.32 71.1485 123.431 167.399 6542.86 542.303 483.712 433.019 201.981 107.269 495.824 57.5406 438.284 1098.32 1999.67 1811.48 1570.22 1025.88 909.718 823.488 562.757 426.547 206.315 756.877 911.057 858.273 476.625 397.875 6191.54 5707.81 116.608 1610.26 709.862 439.315 331.009 159.426 268.976 176.937 138.662 262.173 204.848 153.817 100.359 1122.31 326.163 179.158 86.2298 544.342 68.302 476.04 203.694 1879.06 527.923 449.417 1014.44 187.766 1448.23 500.07 228.308 193.31 271.762 193.332 271.404 5201.21 161.053 17504.8 696.868 98.4059 1752.94 1629.66 1551.47 1367.18 3809.47 796.15 579.805 216.345 171.535 130.322 821.493 6957.18 5200.22 4817.7 143.544 861.792 1469.02 1380.94 1233.38 783.818 154.516 629.302 449.563 750.035 412.159 78.4183 1641.35 1028.76 902.693 328.536 1803.12 233.417 185.594 1569.71 61.0335 69.3998 2826.49 88.8784 630.023 320.67 120.011 125.791 2476.38 2282.59 1923.92 1888.75 99.3825 71.9989 1725.98 855.94 799.766 692.485 437.533 4711.93 4259.58 3633.9 2219.07 745.619 250.356 150.906 5669.37 3137.4 208.653 186.852 58.8392 2531.97 286.819 75.9863 144.499 103.347 153.077 238.953 1064.75 726.443 411.93 288.622 446.465 214.944 173.198 261.836
internal_count=781023 486234 294789 166911 165853 127878 320381 115797 84450 82461 50056 45787 57192 66842 263189 56290 71588 91452 32560 51890 34170 38962 55831 38849 5749 11617 14783 29661 248406 27880 26811 4310 24345 22229 14258 47555 15619 22231 9407 6100 867 22501 3038 54312 14346 7971 15373 1188 1519 49082 28726 34014 4835 10454 7279 6465 14133 15019 13070 5096 4631 2579 2026 1471 12824 11618 12269 5233 26986 1257 13496 11177 24524 16165 19151 47917 1237 15490 14897 14508 5827 3171 1425 691 10189 14569 11499 19463 12878 1909 1492 6925 6135 4223 1912 3307 2275 675 5230 11052 10214 5739 10192 8451 8086 5733 4715 768 801 1731 9465 1341 3982 3716 1496 697 6860 697 6163 4269 8658 20569 18293 11588 10157 9533 6073 3996 1834 4986 6203 5747 4475 3924 23589 21379 733 9082 8400 4687 3374 1397 3539 2253 1661 1438 1239 1034 1318 10751 3187 1614 624 6705 773 5932 2244 7911 5812 4774 9752 1559 6635 3694 2012 1775 1682 1134 1741 12716 1348 27564 4431 790 8448 7997 7407 6355 10250 7564 5818 1746 1494 1116 3542 19222 15816 13887 1436 13674 8026 7670 7048 5118 1307 3811 1930 5163 4633 692 8681 6095 5205 2985 24297 2755 2341 21542 624 625 43897 1084 4057 1922 1106 1426 41057 38283 32170 31715 1165 946 7157 4363 4224 3499 1993 13404 14744 12725 8255 3280 1405 996 106253 56864 3537 3265 884 49389 2482 1001 1107 905 754 1339 4565 3279 2201 1670 1554 2211 1676 2108
is_linear=0
shrinkage=0.01


Tree=25
num_leaves=255
num_cat=0
split_feature=8 54 6 54 56 8 6 6 6 58 6 6 56 60 62 55 56 87 49 11 12 56 53 53 46 121 6 62 62 24 66 16 94 5 121 33 120 15 10 30 53 24 33 29 3 38 131 24 21 8 47 39 43 8 8 78 56 36 131 139 46 47 114 17 47 6 118 66 19 42 134 121 120 141 54 87 0 47 24 54 120 32 13 120 8 50 55 74 136 19 19 120 133 0 121 51 46 114 114 3 32 43 39 61 49 54 144 6 24 19 47 39 13 125 56 58 47 54 46 32 86 109 32 32 136 115 39 29 117 39 134 33 20 65 13 14 132 106 47 46 33 136 144 49 59 8 117 42 21 21 8 139 46 38 21 50 6 58 62 32 121 114 115 134 119 47 59 117 119 55 29 12 46 1 15 114 131 21 13 54 119 38 20 100 1 21 10 20 12 6 106 61 115 56 99 24 32 1 117 24 32 20 30 121 58 124 29 19 21 1 46 10 29 8 55 25 54 38 55 117 29 64 54 55 74 59 54 6 51 46 129 15 19 20 118 114 98 30 121 115 6 20 47 42 118 33 132 136 134 3 30 90 106 32
split_gain=202903 24211.2 22949.5 6993.03 4693.24 2887.37 2606.31 2146.62 1709.66 1337.94 1063 971.758 1146.93 896.159 827.156 806.148 680.327 676.189 665.902 593.638 535.566 497.015 455.926 443.701 425.226 464.666 398.024 394.153 369.417 355.504 454.258 350.633 329.115 324.427 311.926 288.983 284.572 309.833 280.267 272.218 271.371 277.445 255.943 320.62 365.548 298.862 255.731 250.691 312.214 250.106 245.677 320.035 245.301 242.47 242.357 264.557 242.312 275.212 252.302 242.086 241.335 281.16 286.479 239.697 236.707 231.874 275.813 256.22 230.892 228.211 227.195 236.574 219.682 263.024 219.256 219.055 250.548 250.108 218.998 218.099 213.939 213.468 213.111 212.244 210.32 209.551 338.134 209.374 208.338 207.812 207.485 205.836 205.781 204.144 203.632 201.371 201.038 217.527 305.232 263.473 200.742 198.676 197.72 196.227 196.066 195.374 194.296 246.452 287.797 193.846 288.142 188.558 188.424 267.366 258.048 187.96 187.203 185.469 185.075 184.001 183.939 183.583 182.721 191.605 182.455 212.008 248.765 246.002 229.533 242 208.84 222.065 271.123 197.02 196.06 194.056 203.6 184.02 223.993 182.336 182.044 181.763 181.236 179.704 178.666 178.052 177.883 177.746 176.996 176.752 229.642 204.707 173.123 194.318 173.116 172.25 171.75 235.528 190.618 212.896 197.057 188.425 192.67 182.365 175.196 224.173 201.751 196.914 170.906 170.524 168.815 202.539 187.823 366.505 220.602 176.166 168.609 182.469 232.7 168.51 177.011 172.594 168.069 167.476 167.238 189.036 166.789 183.059 199.469 166.607 172.862 165.792 164.715 164.273 164.206 163.883 163.042 162.633 163.859 162.035 161.311 160.286 192.005 159.846 159.76 159.477 221.012 158.788 157.554 157.376 156.907 216.112 156.859 192.301 156.045 155.557 237.502 230.578 231.885 223.792 286.41 213.796 212.589 219.495 182.887 169.067 184.497 155.375 154.975 216.047 154.725 153.043 153.03 414.269 295.77 202.082 263.164 251.136 205.933 192.573 152.501 152.206 151.935 155.162 161.152 151.824 173.759 151.261 275.933 150.375 149.252 149.139 226.122 164.976
threshold=165.73500000000004 61.500000000000007 4821.3350000000009 541.50000000000011 114.50000000000001 3268.3600000000001 129.81500000000003 576.12500000000011 824.81500000000017 113.50000000000001 1860.4150000000002 2144.9950000000003 350.50000000000006 25.500000000000004 16.500000000000004 7.5000000000000009 31.500000000000004 8.5000000000000018 106.64762500000002 214.64000000000001 22.500000000000004 48.500000000000007 6.5000000000000009 14.500000000000002 774.76148000000012 2155.9800000000005 3005.8450000000007 15.500000000000002 3.5000000000000004 427.50000000000006 3.5000000000000004 2.5000000000000004 3.5000000000000004 1.5000000000000002 4831.3050000000012 98.500000000000014 31.500000000000004 5.5000000000000009 460.25000000000006 371.50000000000006 8.5000000000000018 1641.5000000000002 424.50000000000006 64.500000000000014 1.0000000180025095e-35 138.50000000000003 90.500000000000014 1981.5000000000002 1902.5000000000002 328.09500000000008 79.018220000000014 2.5000000000000004 1.0000000180025095e-35 1236.0200000000002 108.825 22.500000000000004 137.50000000000003 18.500000000000004 48.500000000000007 2.5000000000000004 27295.401500000004 1499.7691000000002 0.033335907500000005 3.5000000000000004 541.63157500000011 1688.8900000000003 0.00081044073000000006 56.500000000000007 828.84110000000021 11.500000000000002 59.500000000000007 3846.1350000000007 6.5000000000000009 1.5000000000000002 9.5000000000000018 4.5000000000000009 2.5000000000000004 1268.6181000000004 468.50000000000006 181.50000000000003 31.500000000000004 1136.5000000000002 2.5000000000000004 53.500000000000007 108.825 45.500000000000007 72.500000000000014 23.500000000000004 92.500000000000014 96.30572500000001 294.01430000000005 12.500000000000002 10.500000000000002 9.5000000000000018 5442.0850000000009 60.500000000000007 2287.5033000000003 0.04746914650000001 0.073425400000000016 3.5000000000000004 1743.5000000000002 21.500000000000004 12.500000000000002 3.5000000000000004 12783.588500000002 87.500000000000014 1.5000000000000002 1471.5600000000002 1198.5000000000002 262.62065000000001 362.01218000000006 2.5000000000000004 4.5000000000000009 1.5000000000000002 247.50000000000003 17.500000000000004 159.28138000000004 49.500000000000007 1285.5556000000004 950.50000000000011 1.5000000000000002 1.0000000180025095e-35 2024.5000000000002 1432.5000000000002 91.500000000000014 0.085720750000000012 52.500000000000007 82.500000000000014 0.017591072000000003 8.5000000000000018 40.500000000000007 209.50000000000003 89.00500000000001 1.0000000180025095e-35 15.500000000000002 2.5000000000000004 67.500000000000014 3.5000000000000004 2096.7234000000003 2418.7075500000005 368.50000000000006 15.500000000000002 2.5000000000000004 14.601361000000002 8.5000000000000018 73.350000000000009 0.0020621594500000004 287.50000000000006 126.50000000000001 1863.5000000000002 422.59500000000008 2.5000000000000004 5258.430150000001 112.50000000000001 1208.5000000000002 25.500000000000004 807.06500000000017 50.500000000000007 5.5000000000000009 761.50000000000011 7242.4750000000013 0.048069542500000007 0.048136802500000006 48.500000000000007 74.500000000000014 1627.5952000000002 2.5000000000000004 0.0058741220000000007 14.500000000000002 1293.5000000000002 59.500000000000007 10.500000000000002 9831.7860000000019 4.5000000000000009 1.5000000000000002 0.0057311153500000005 90.500000000000014 542.50000000000011 2.5000000000000004 19.500000000000004 33.500000000000007 12.500000000000002 309.41666000000004 1.5000000000000002 3.5000000000000004 1675.5000000000002 55.050000000000004 73.504445000000018 4.5000000000000009 1062.9350000000002 1.5000000000000002 7.5000000000000009 0.080608747000000022 49.500000000000007 4.5000000000000009 1422.5000000000002 675.50000000000011 4.5000000000000009 0.0093471180000000015 1258.5000000000002 272.50000000000006 95.001667000000012 1614.5000000000002 3087.6500000000001 44.500000000000007 1.0000000180025095e-35 36.500000000000007 35.25950000000001 2272.5000000000005 9.5000000000000018 3423.9402000000005 29.910000000000004 49.500000000000007 76.045000000000016 159.50000000000003 5.5000000000000009 173.50000000000003 17.500000000000004 54.500000000000007 0.011509871000000001 150.50000000000003 1.5000000000000002 127.50000000000001 25.500000000000004 29.500000000000004 5.5000000000000009 141.50000000000003 11507.830000000002 3.5000000000000004 3812.9422500000005 1.5000000000000002 6.5000000000000009 178.49333000000004 188.961105 0.0021345753500000004 0.025053593000000002 2.5000000000000004 1309.5000000000002 4724.0350000000008 0.054549359000000006 45264.090000000004 35.601351500000007 1673.7234000000003 353.50000000000006 0.0011238060000000002 156.50000000000003 47.500000000000007 51.500000000000007 46.500000000000007 1.5000000000000002 1256.5000000000002 5.5000000000000009 8.5000000000000018 1104.5000000000002
decision_type=2 2 2 2 2 2 2 2 2 2 2 2 2 2 2 2 2 2 2 2 2 2 2 2 2 2 2 2 2 2 2 2 2 2 2 2 2 2 2 2 2 2 2 2 2 2 2 2 2 2 2 2 2 2 2 2 2 2 2 2 2 2 2 2 2 2 2 2 2 2 2 2 2 2 2 2 2 2 2 2 2 2 2 2 2 2 2 2 2 2 2 2 2 2 2 2 2 2 2 2 2 2 2 2 2 2 2 2 2 2 2 2 2 2 2 2 2 2 2 2 2 2 2 2 2 2 2 2 2 2 2 2 2 2 2 2 2 2 2 2 2 2 2 2 2 2 2 2 2 2 2 2 2 2 2 2 2 2 2 2 2 2 2 2 2 2 2 2 2 2 2 2 2 2 2 2 2 2 2 2 2 2 2 2 2 2 2 2 2 2 2 2 2 2 2 2 2 2 2 2 2 2 2 2 2 2 2 2 2 2 2 2 2 2 2 2 2 2 2 2 2 2 2 2 2 2 2 2 2 2 2 2 2 2 2 2 2 2 2 2 2 2 2 2 2 2 2 2 2 2 2 2 2 2
left_child=1 6 3 8 7 13 15 18 21 19 17 12 23 28 20 52 34 40 24 26 68 29 27 33 25 155 47 59 -4 30 -2 118 105 46 88 72 37 56 75 64 41 82 43 44 -20 115 69 48 78 -29 192 -52 -1 94 85 186 57 58 -18 104 61 62 182 227 -37 66 -61 -68 -7 141 71 89 73 120 -41 112 103 -78 81 -73 -70 -5 109 214 111 148 -87 -45 106 -38 121 -60 -31 179 245 -21 -79 -98 -99 -100 147 142 -13 -77 205 -27 107 116 -109 -8 -111 -34 113 114 -23 168 -10 -19 -14 -76 -17 -43 123 149 125 126 128 135 130 -130 -53 132 212 189 -128 136 145 138 -126 247 195 -6 176 -88 -59 204 -118 156 -26 150 -85 228 153 199 -104 -3 158 161 160 163 164 162 -158 -160 166 167 -71 -166 -44 251 171 172 232 174 -174 -172 177 178 -46 180 -12 -181 208 -147 210 -186 -56 188 -188 -129 -191 -33 -9 -117 -154 -84 -179 198 -90 -72 -120 202 -64 -185 -127 -11 -207 -131 -36 -96 211 -103 250 -214 -81 216 221 218 -217 220 -220 222 224 -224 -150 -225 -227 -22 229 -152 -218 -173 233 235 -235 237 -237 -94 239 -239 -16 -161 -51 -244 -245 -49 -247 248 -110 -234 -132 252 -80 -254
right_child=2 4 5 9 11 14 10 50 16 22 93 102 31 -15 240 35 36 117 42 95 63 38 -24 -25 54 32 -28 49 -30 92 -32 191 84 -35 60 39 70 -39 -40 74 -42 90 45 87 101 -47 -48 53 -50 242 51 124 -54 -55 55 -57 -58 144 91 65 -62 -63 201 -65 -66 -67 67 -69 80 100 152 79 -74 -75 119 76 77 96 169 83 -82 -83 140 122 -86 86 143 -89 197 -91 -92 -93 170 -95 209 -97 97 98 99 -101 -102 184 154 -105 -106 -107 -108 108 139 110 -112 -113 -114 -115 -116 193 146 -119 200 -121 -122 -123 -124 -125 137 127 134 133 129 207 131 -133 -134 -135 -136 -137 -138 -139 -140 -141 -142 -143 -144 -145 -146 183 -148 -149 215 -151 151 -153 194 -155 -156 -157 157 -159 159 241 -162 -163 -164 -165 165 -167 -168 -169 -170 -171 175 231 173 -175 -176 -177 -178 196 -180 181 -182 -183 -184 203 185 -187 187 -189 -190 190 -192 -193 -194 -195 -196 -197 -198 -199 -200 -201 -202 -203 -204 -205 -206 206 -208 -209 -210 -211 -212 -213 213 -215 -216 217 230 -219 219 -221 -222 -223 223 225 -226 226 -228 -229 -230 -231 -232 -233 249 234 -236 236 -238 238 -240 -241 -242 -243 243 244 -246 246 -248 -249 -250 -251 -252 -253 253 -255
leaf_value=-0.0080472885680224447 0.0059710969570734018 -0.0017057731721692049 0.026863529742277618 0.031243689100000339 0.018342785101840408 0.029953424225394622 -0.0045970290904784172 0.011802398055121472 0.00016239407662132615 0.030927496296424835 -0.0103570324068802 0.041515144038143506 0.0086066504097322815 0.032501492238703786 0.034928873064303798 -0.0037479923655585642 0.0064004807443846868 0.014922202870136883 0.042778212852254631 0.027730724492796843 0.030544121506258834 0.0016970387740123285 0.03188429434384573 0.027681781535587535 0.021700038073722571 0.05030078921483605 0.02702351623232525 0.018822761088067914 0.030518332396081659 -0.0063589889501066204 0.035281220477996304 0.016968938588687671 0.026696597929666922 0.031830753988415665 0.023124526403430417 0.0057048354553438018 0.016383790502746857 0.034206850797059707 0.032754094681929448 0.025018925761184772 0.024794748865270635 0.0027325699302146777 0.0026965449143988222 0.019689426492508055 -0.00057051891104723754 0.0042255312926710257 -0.00086833087422366552 0.012979386576070322 0.014176424574433336 0.021045943543263747 0.042328123308418342 0.032789341507736464 -0.0049275720385009349 0.035350708561433644 0.026974032427357172 -0.010029361666248116 0.029189196456536455 0.02057930343693172 0.0076561243209423892 0.026768322250616088 -0.0016313855286793019 0.028881437952126669 0.00063359437954723838 0.034664408208137043 0.045247195732255559 0.025008869994289681 -0.0002606106888573049 0.02458303810426659 0.024174871502243886 0.031414070344003654 0.011444534798051532 0.01236647588159207 -0.0073608123949038904 -0.0017393800496579171 4.8008088723770469e-05 0.03366555604719728 0.0029007967239621556 0.030509615042681029 0.021185012609753324 0.031982879951452499 0.0063261865708450996 0.012775907300148031 0.0046338161543896753 -0.00025848159408167618 0.026105605370897615 -0.00082938507714400774 0.041983031768298984 0.0038484575514760428 -0.0021084552845050193 -0.00012143171495656148 0.022931231389410445 0.027193403640660366 -0.0063564435196919213 0.026240790924379722 0.034181132525782837 0.034806766176917109 0.001954596894365656 0.033504486034551563 -0.010570800335600268 0.020626189494543503 -0.002341756196115612 0.021959207727107896 0.015750997355941564 0.011024917132166133 0.013324010350863334 0.012971071146864473 0.025601180112116328 0.0059732852731122802 0.032642998539548392 -0.0013224322628549725 0.03573553479469118 -0.00027205208879874803 0.031747447797643338 0.035376804438313834 0.031128901655841441 0.048430866069614026 -0.0020644553817306247 0.047516449286640693 0.029929090044324473 0.020864546973665913 0.028783684952307719 0.020971493234025043 0.035381872251713936 0.00053026853305372884 -0.0064468367770362878 0.0034877199941790184 0.006473840081179706 -0.0076372836420091376 0.032180145638952003 0.020872757380091141 0.015509296343426199 0.02608568091559943 0.038330881829825192 0.025358364882871021 0.030653819291809523 0.0072490732572889002 0.036008165212345782 0.025965848786801953 0.016859398486589804 0.012317495440298901 0.023982990010821298 0.00032654585772165404 0.028400459667466668 0.011994209477448267 -0.0030800169001534423 0.030195895831881092 0.015073835536781377 -0.0016030997683965749 0.020393073545434685 0.024366182206113703 0.01659500209928786 0.0060853283203447127 0.020947127436039898 0.0031696077706283394 0.028418347902864585 0.027339646010203979 0.0033754251055675344 0.010120361512549527 0.0079122572094229276 -0.002670484072954843 0.03651628009756961 0.034491005993016216 0.023989250361670687 0.030790311986160855 0.021515285396126186 0.034688048341471961 0.0094404570350019191 -0.009930880436858561 0.030622765014787778 0.013722213060233458 0.013402705728158128 -0.0069462855316005656 0.023701466063750478 0.042914321497768547 -0.010068488048770955 -0.0052929561751910801 0.02464492716682103 -0.0014960584668762763 0.036392806123232924 0.033655200555385949 0.015420365631607176 0.0069659654735591617 0.0070773823300813834 -0.00087621122927672088 -0.0073862571487465977 0.022148058980029414 0.032590607567682291 -0.0065677696151154206 0.0011696262799286842 -0.0011170983885085862 0.020466612283732758 0.032243550262190349 -0.005064370649603963 0.022545986801713828 0.03804570595630876 -0.0080844271219246075 0.01824713938938375 -0.010523797918386516 0.028657056387952573 0.028598608560545889 0.020438849303301636 -0.0035828793506078277 0.027761814501610488 0.021987844562728131 0.023441851610920265 0.027148608934663563 0.012378978316469476 -0.0029468150785494614 0.009179153825115853 0.019986026643783825 0.027211534996664649 -0.010005277227717499 0.011906108934113939 0.033278389843215302 0.022273274521498517 -0.00056487916279879312 0.026673190830644497 -0.0032892706850823055 0.049850795035515365 -0.0039105418199088093 0.0077432018196548448 0.038665910280347278 0.039404924619221342 -0.0034072107126970654 -0.00010783687140170932 0.040028204556368616 0.0078670167301621487 0.033313217742371878 0.010744688977835967 0.040846835455760393 0.0012995784390362117 0.013764399728297761 -0.0021155485686434002 0.045078243140411804 0.006859609757398865 0.030314138622042228 0.0087520231302413848 0.022245347374926984 0.030546608520545259 0.00099921901808944723 0.036130013248052519 0.022294077022971478 0.033763676691015126 0.032154728631346059 0.020685948817208456 0.012848329291544877 0.025166031974983415 0.029809506698552261 -0.0036408484365294778 0.018920146108936678 -0.0081193136453797995 0.025178477308650107 -0.0016193594172042153 0.022025577399486369
leaf_weight=6963.3761860206723 108.83756281808019 1966.9703781493008 5375.6597097292542 436.6098618209362 72.240829020738602 793.37661883980036 1306.0230410434306 181.71375190466642 180.30281480401754 1430.8734435364604 51.251323793083429 108.51195053756237 123.43025071918964 16911.682310804725 26641.922212414443 24.930975962430239 85.650537304580212 40.378335513174534 38.527659486979246 1633.0660760328174 2830.5216469988227 120.3838396705687 5613.6068690866232 219.09128755331039 55.482057139277458 28.601051300764084 2944.6316669285297 169.43855518102646 6452.3925167098641 107.86414544656873 104.55629670992494 95.514070704579353 27.233001321554184 87.469994924962521 835.36487811803818 36.492102421820164 331.98211640864611 394.84026281535625 99.185880586504936 37.348574135452509 45.885675903409719 1012.7061950005591 55.880911000072956 89.491479307413101 31.18441166728735 100.66434262692928 138.33311532065272 174.90250435471535 572.81837973743677 142.91443423181772 47.318967737257481 194.34969763085246 4006.7757240906358 239.7202557772398 124.83280205726624 34.648523844778538 531.2610619366169 51.546416014432907 63.882618263363838 118.43413608521223 48.795828729867935 338.19287863373756 50.883734174072742 16002.809553131461 25.630252826958895 1000.7384001389146 135.31925790756941 57.367682673037052 315.43081513047218 42.045747675001621 79.429574616253376 264.70967619121075 768.51251471415162 663.07884454354644 994.9208727478981 87.822315778583288 307.26552302390337 68.424939379096031 2146.7481527812779 314.14841231703758 89.45375058054924 79.861635953187943 480.78926684707403 84.05998283624649 44.362040113657713 63.452925566583872 47.875649999827147 1032.6048402935266 36.730804152786732 97.272308342158794 57.930501941591501 522.46668121963739 144.6449946090579 200.29978803172708 311.0003721639514 617.44338758289814 138.95336629450321 77.453288845717907 45.413974054157734 60.874584004282951 71.893309123814106 54.741971731185913 138.41625038534403 74.569889564067125 100.62663825601339 31.076063819229603 149.11925464123487 160.94186692684889 36.975954473018646 67.19408568367362 28.11203745007515 222.85477798432112 127.34221808612347 51.2699707262218 38.071170493960381 47.557099539786577 70.608154814690351 35.150927763432264 218.01979521661997 42.40308291092515 49.124501049518585 56.706107415258884 63.850011065602303 62.391942270100117 105.68350070714951 137.03086020797491 217.67632079124451 102.18366363272071 37.539378002285957 36.99227661639452 44.705812007188797 420.69863133504987 44.940252013504505 40.673473417758942 38.57483846694231 174.89406064152718 66.934479273855686 39.844626717269421 64.650903556495905 155.67782282829285 38.209020659327507 233.07990267500281 37.444460168480873 38.905765719711781 76.526572525501251 136.37703876942396 370.11154137924314 65.81104189157486 52.951933767646551 341.3996729105711 80.619672499597073 103.22172645479441 98.081507988274097 51.756658241152763 824.73292994499207 18.602272979915142 62.203010417521 178.37842385470867 47.328288771212101 56.502843294292688 30.577158816158772 126.21535431593657 186.65317502617836 171.00443935394287 50.781543329358101 69.206359084695578 1326.4865062870085 29.962886646389961 35.521557576954365 293.52587346732616 68.876772463321686 121.25051018968225 38.490903925150633 49.622768700122833 34.923051863908768 172.40314187481999 41.866669286042452 314.42390093579888 34.040441140532494 49.987275525927544 51.080737244337797 49.987619463354349 90.596290789544582 46.571252033114433 48.934663265943527 35.547907039523125 44.409894593060017 41.392643343657255 37.261841420084238 78.493114545941353 66.690496403723955 483.17038705945015 82.202983558177948 67.355244737118483 187.51656235009432 125.91229289770126 46.132476605474949 59.655162982642651 29.448526926338673 237.10018170624971 1654.4686354324222 81.6911581158638 53.487482130527496 81.950927495956421 56.243032716214657 2799.1614894717932 112.74415434896946 96.117181275039911 96.437030613422394 124.58558715879917 171.77247167006135 31.727119628340006 206.49481729418039 53.792049739509821 448.6122500449419 108.17979095131159 23.085821144282818 521.77266376838088 33.864552341401577 25.286883801221848 32.147528491914272 26.299341730773449 38.297788728028536 44.407322999089956 204.42680241540074 28.626471668481827 48.273577887564898 15469.136736430228 74.259947940707207 77.47684096544981 624.26089011877775 48.139158621430397 178.95087420195341 56.166421122848988 33.359142448753119 80.794391710311174 194.53723776713014 54.364948250353336 39.177389983087778 180.98649106174707 24670.726177111268 39.758463479578495 2112.0630741268396 319.3915940374136 239.81204824894667 143.58733469992876 874.69527589529753 246.7981059551239 43.639809500426054 39.739152826368809 60.202541761100292 1056.6332934200764 79.116813689470291 44.194001451134682
leaf_count=142178 1361 31948 16564 1725 750 1691 22256 1916 2183 3939 661 326 1077 25215 19991 428 681 454 307 5167 4962 1322 10704 1177 673 300 9813 789 13691 1466 651 538 343 425 5275 577 2258 1422 409 540 452 15821 704 1016 414 1163 1592 1132 3426 563 266 1130 77053 654 1227 466 2284 328 528 487 424 1635 458 13936 162 3132 949 207 1027 364 550 1884 14000 11616 16163 568 3050 387 11759 1429 427 420 6775 700 478 927 374 13802 462 848 679 2969 2119 1390 1105 1260 1238 411 472 352 744 533 712 590 400 423 1000 1498 213 1037 268 3350 720 296 163 282 803 214 1034 543 611 649 219 447 1227 1444 2028 1333 261 296 357 2973 228 308 180 1615 389 266 550 1223 389 2940 301 412 680 919 3245 647 661 1663 464 687 537 407 3018 222 552 1348 442 582 166 634 1236 1080 504 499 13395 393 338 1480 918 1500 370 265 458 2505 438 4045 225 328 496 489 702 495 567 288 382 572 439 821 509 1457 1037 583 607 1950 483 716 237 1191 9456 736 288 568 387 8958 577 1007 766 571 1380 408 1912 324 2211 1752 265 8007 293 390 470 222 406 662 3012 264 616 17443 444 208 8376 425 2446 430 372 776 2107 573 318 2267 12874 263 4083 610 724 873 4175 1600 465 373 669 4745 627 213
internal_value=0.0266399 0.00461466 0.0315697 0.0247273 0.0131402 0.0337684 -0.00369311 0.0087193 0.0180352 0.0275466 0.00374888 0.0194413 0.0178279 0.0310065 0.0346819 -0.00571557 0.0205345 0.00186597 0.00567831 0.0250264 0.0334857 0.0117964 0.0296093 0.0139062 0.00348667 0.000479348 0.0239135 0.0281398 0.028863 0.00845335 0.0205728 0.0228437 0.0110013 0.0129076 0.0168849 -0.000752241 0.0229466 0.0262518 0.0165563 0.00304581 0.00115924 0.000798949 0.010059 0.00873352 0.0132327 0.018586 0.0123314 0.022512 0.0212386 0.0311599 0.0158491 0.0167533 -0.00690985 0.0256902 0.00653828 0.015207 0.0238372 0.0202071 0.0227707 0.0265622 0.0200126 0.0207031 0.0183622 0.0337194 0.0230775 0.0226317 0.0148424 0.00726115 0.0267414 0.0129735 0.0210239 0.0195108 -0.00362672 0.000262185 0.00183786 0.0151544 0.0123984 0.00972173 0.0222068 0.0210317 0.0203065 0.0284676 -0.00139196 0.0223991 0.00650889 0.0053055 0.0166209 0.00515352 0.0136164 0.0126372 0.00477994 0.0251151 0.00685135 0.0190488 0.0242206 0.0297057 0.0150128 0.0115284 0.0186156 0.00725524 0.0139523 0.0117807 0.0282342 0.0235905 0.0277097 0.0320749 0.0147128 0.013383 0.0177362 -0.00358323 0.0100155 0.0028135 0.0220483 0.0158677 0.00913067 0.0254368 0.00881005 0.0310548 0.0207921 0.000947068 0.0178898 0.00374637 0.0189325 0.0175622 0.0162614 0.017036 0.0195004 0.0133721 0.0214298 0.0104091 0.0232307 0.0209093 0.0154746 0.00549024 0.0103617 0.0165762 0.0196244 0.00714494 0.00243408 0.0215936 0.00335037 0.00471347 0.00770846 0.0292242 0.00653544 0.0170631 0.0123086 0.0144296 0.00437299 0.0189404 0.0144079 0.0180911 0.0263567 0.0214975 0.0266447 -0.00140139 0.0148712 0.01984 0.0133706 0.020537 0.0118841 0.0243578 0.0189446 0.0259932 0.0113341 0.0216399 0.0101677 0.00976731 0.0140798 0.0212956 0.00779234 0.00922109 0.0107533 0.0224197 0.0076635 6.91892e-05 0.00591648 0.00394494 0.0190805 0.0116921 0.00246328 0.0208069 0.0204438 0.0224121 0.0176738 0.00515013 0.0188263 0.0101824 0.0187453 0.00200613 0.00887288 0.0298068 0.00651267 0.0339894 0.0323949 0.00196001 0.00108919 0.00117897 0.011874 0.0244243 0.0215799 0.0067748 0.0148907 0.0137397 0.00952624 0.0280344 0.0265891 0.00380982 0.0217147 0.0302538 0.0216613 0.0101568 0.0124412 0.0165812 0.0263585 0.00381356 0.00619316 0.000194279 0.00929797 0.0208532 0.0303224 0.0118213 0.00992787 0.0189427 0.0041961 0.0118671 0.0206771 0.0328888 0.0232844 0.0289041 0.00229922 -0.000910194 0.00927006 0.0113315 0.0314075 0.00864649 0.0152883 0.00420822 0.00981645 0.00609519 0.035508 0.00778267 0.0318853 0.0324453 0.0273455 0.0219628 0.0234675 0.0258722 0.0132677 0.00179845 0.00195805 0.0219522 0.0204252 0.00699135
internal_weight=186871 34178.3 152693 37139.9 16868.1 115553 17310.2 9916.8 11014.2 26125.6 3697.6 6951.29 5879.63 28739.7 86813.4 13612.6 7859.52 3295 6955.26 11773.1 35500.7 3154.72 14352.5 3305.02 4639.84 2339.7 9522.63 8738.88 11828.1 1857.69 213.394 2574.6 354.127 3085.93 3135.46 2642.44 4724.06 1726.17 1297.03 1136.79 3219.47 3173.58 2315.42 2008.44 886.344 306.979 2998.46 6578 4709.51 2983.62 2961.54 2697.62 10970.2 1868.49 2300.14 282.546 1331.33 800.073 672 5755.27 1595.45 1546.65 1208.46 34302.5 62.1224 1311.86 311.121 192.687 1198.26 2860.13 2997.89 2344 1505.65 737.134 1074.67 1197.85 860.778 698.386 4136.69 1914.75 404.885 516.471 2046.24 1650.04 294.45 2017.6 150.234 1122.1 1540.01 429.254 1127.34 586.349 1644.29 402.607 1628.77 2250.51 391.12 322.695 183.742 106.289 2554.81 847.816 1071.66 162.392 4443.41 59.6771 1414.18 1265.06 644.034 1401.33 95.3061 250.088 337.067 209.725 158.455 206.315 621.023 75.5293 1995.92 1037.32 74.0555 1069.41 887.28 823.43 2650.31 2440.13 1452.08 988.042 1195.83 170.649 1025.18 830.834 410.135 288.041 256.251 700.002 525.108 210.179 170.334 483.092 644.911 305.321 505.092 86.7814 128.073 458.173 440.72 2482.92 1867.36 761.038 419.638 335.578 653.884 368.286 963.149 1985.57 2417.1 553.45 1863.65 314.594 1549.06 375.072 248.856 218.333 1518.48 149.951 1368.53 80.7444 91.4025 3620.22 1536.43 1295.15 1125.76 123.037 73.414 241.28 467.648 425.781 65.2249 202.307 102.332 99.9749 1022.4 264.899 342.724 84.4826 247.897 123.064 81.6717 247.367 145.184 578.684 263.917 114.912 285.598 606.702 360.556 125.834 66.1793 316.53 1872.49 186.062 104.371 128.522 193.274 4342.78 2911.91 133.109 931.802 435.586 258.242 86.4691 365.195 260.287 762.761 1811.88 1090.63 721.251 199.479 91.299 66.0121 443.283 416.984 159.605 257.379 121.307 76.9 18299.7 232.356 158.097 647.347 169.39 1002.72 784.031 89.5256 694.505 275.332 419.174 274.529 235.351 51312.6 96.2613 2814.18 2671.27 559.204 1193.19 1018.28 327.414 80.6158 218.69 104.908 3326.69 2270.06 123.311
internal_count=780495 486154 294341 166520 167975 127821 318179 120624 81253 85267 54308 47351 43295 55470 72351 263871 49575 50944 95209 49145 39486 31678 36122 29733 67932 37064 42718 25418 30255 21700 2012 13562 4894 28556 23929 44640 25646 8892 9978 17985 50276 49824 27277 24207 9389 3070 28131 32905 24395 6769 25415 22462 219231 8510 30868 3086 7470 5186 4178 18649 10284 9860 8225 36341 739 4775 1643 1156 3145 26539 16754 13462 26655 12655 17246 9569 7068 5910 20969 10356 1454 2145 32675 8472 4171 27782 1713 14818 13645 3106 17149 3497 19688 3364 7856 6427 2860 2473 1235 824 22849 9082 4056 1158 13874 723 12230 11230 4999 23561 1305 3693 2501 1781 1485 1907 6231 668 11567 16706 1039 16470 4832 4613 22196 20153 11365 8788 9157 1564 7593 6463 3490 2971 2208 5817 4202 2043 1777 3501 9114 3690 5906 786 1008 3813 4048 22105 26069 4166 2503 1803 3292 2148 3730 32170 21458 3770 17688 2367 15321 2422 1788 1522 15155 1396 13759 897 1042 18824 18222 14799 12874 1093 828 3423 5605 5167 639 1974 1157 817 6743 1982 3176 855 2620 1393 821 2663 1330 1995 2953 865 1144 8725 4528 1415 699 1741 10490 1482 746 1063 1831 13474 9535 1303 6041 1676 2321 941 3262 2236 3640 25396 14484 10912 2905 1153 763 5843 5621 1948 3673 1542 880 22405 1116 672 8641 1925 11781 8962 802 8160 2883 5277 3158 2840 32865 845 5980 5417 1334 6180 5048 2278 678 2819 1026 17344 12599 840
is_linear=0
shrinkage=0.01


end of trees

feature_importances:
Column_121=223
Column_6=213
Column_54=197
Column_18=178
Column_27=166
Column_7=154
Column_55=154
Column_46=150
Column_120=149
Column_56=147
Column_21=144
Column_8=138
Column_24=135
Column_122=127
Column_48=125
Column_12=123
Column_9=112
Column_47=111
Column_115=108
Column_114=97
Column_33=94
Column_28=93
Column_62=88
Column_116=88
Column_19=85
Column_29=85
Column_50=85
Column_57=84
Column_58=83
Column_0=81
Column_117=75
Column_32=74
Column_49=74
Column_119=73
Column_60=72
Column_38=71
Column_34=64
Column_31=63
Column_30=62
Column_59=62
Column_13=61
Column_42=61
Column_20=60
Column_135=60
Column_136=58
Column_137=57
Column_131=54
Column_118=53
Column_10=52
Column_39=52
Column_133=50
Column_138=50
Column_51=48
Column_134=46
Column_43=45
Column_44=45
Column_61=41
Column_94=39
Column_45=38
Column_63=38
Column_11=36
Column_132=33
Column_37=32
Column_40=31
Column_98=30
Column_52=29
Column_82=29
Column_86=28
Column_66=27
Column_35=26
Column_41=26
Column_53=26
Column_67=26
Column_1=25
Column_36=23
Column_64=23
Column_69=23
Column_78=21
Column_14=20
Column_102=20
Column_139=20
Column_3=19
Column_68=19
Column_70=19
Column_106=19
Column_144=19
Column_22=18
Column_26=18
Column_99=18
Column_15=17
Column_83=17
Column_25=16
Column_90=16
Column_125=16
Column_95=15
Column_140=15
Column_87=14
Column_126=14
Column_79=12
Column_2=11
Column_100=11
Column_96=10
Column_88=9
Column_123=9
Column_128=9
Column_16=8
Column_74=8
Column_84=8
Column_89=8
Column_92=8
Column_124=8
Column_141=8
Column_143=8
Column_85=7
Column_91=7
Column_97=7
Column_101=7
Column_107=7
Column_146=7
Column_23=6
Column_81=6
Column_109=5
Column_5=4
Column_72=4
Column_103=4
Column_129=4
Column_130=4
Column_17=3
Column_71=3
Column_110=3
Column_142=3
Column_4=2
Column_65=2
Column_73=2
Column_77=2
Column_80=2
Column_104=2
Column_111=2
Column_145=2
Column_75=1
Column_76=1
Column_93=1
Column_105=1

parameters:
[boosting: gbdt]
[objective: binary]
[metric: auc,binary_logloss]
[tree_learner: serial]
[device_type: cpu]
[data_sample_strategy: bagging]
[data: ]
[valid: ]
[num_iterations: 3000]
[learning_rate: 0.01]
[num_leaves: 255]
[num_threads: -1]
[seed: 20260825]
[deterministic: 0]
[force_col_wise: 0]
[force_row_wise: 0]
[histogram_pool_size: -1]
[max_depth: -1]
[min_data_in_leaf: 300]
[min_sum_hessian_in_leaf: 0.001]
[bagging_fraction: 0.9]
[pos_bagging_fraction: 1]
[neg_bagging_fraction: 1]
[bagging_freq: 5]
[bagging_seed: 20260825]
[bagging_by_query: 0]
[feature_fraction: 0.7]
[feature_fraction_bynode: 1]
[feature_fraction_seed: 20260825]
[extra_trees: 0]
[extra_seed: 27901]
[early_stopping_round: 0]
[early_stopping_min_delta: 0]
[first_metric_only: 0]
[max_delta_step: 0]
[lambda_l1: 1]
[lambda_l2: 2]
[linear_lambda: 0]
[min_gain_to_split: 0]
[drop_rate: 0.1]
[max_drop: 50]
[skip_drop: 0.5]
[xgboost_dart_mode: 0]
[uniform_drop: 0]
[drop_seed: 29628]
[top_rate: 0.2]
[other_rate: 0.1]
[min_data_per_group: 100]
[max_cat_threshold: 32]
[cat_l2: 10]
[cat_smooth: 10]
[max_cat_to_onehot: 4]
[top_k: 20]
[monotone_constraints: ]
[monotone_constraints_method: basic]
[monotone_penalty: 0]
[feature_contri: ]
[forcedsplits_filename: ]
[refit_decay_rate: 0.9]
[cegb_tradeoff: 1]
[cegb_penalty_split: 0]
[cegb_penalty_feature_lazy: ]
[cegb_penalty_feature_coupled: ]
[path_smooth: 0]
[interaction_constraints: ]
[verbosity: -1]
[saved_feature_importance_type: 0]
[use_quantized_grad: 0]
[num_grad_quant_bins: 4]
[quant_train_renew_leaf: 0]
[stochastic_rounding: 1]
[linear_tree: 0]
[max_bin: 255]
[max_bin_by_feature: ]
[min_data_in_bin: 3]
[bin_construct_sample_cnt: 200000]
[data_random_seed: 4775]
[is_enable_sparse: 1]
[enable_bundle: 1]
[use_missing: 1]
[zero_as_missing: 0]
[feature_pre_filter: 1]
[pre_partition: 0]
[two_round: 0]
[header: 0]
[label_column: ]
[weight_column: ]
[group_column: ]
[ignore_column: ]
[categorical_feature: ]
[forcedbins_filename: ]
[precise_float_parser: 0]
[parser_config_file: ]
[objective_seed: 9445]
[num_class: 1]
[is_unbalance: 1]
[scale_pos_weight: 1]
[sigmoid: 1]
[boost_from_average: 1]
[reg_sqrt: 0]
[alpha: 0.9]
[fair_c: 1]
[poisson_max_delta_step: 0.7]
[tweedie_variance_power: 1.5]
[lambdarank_truncation_level: 30]
[lambdarank_norm: 1]
[label_gain: ]
[lambdarank_position_bias_regularization: 0]
[eval_at: ]
[multi_error_top_k: 1]
[auc_mu_weights: ]
[num_machines: 1]
[local_listen_port: 12400]
[time_out: 120]
[machine_list_filename: ]
[machines: ]
[gpu_platform_id: -1]
[gpu_device_id: -1]
[gpu_device_id_list: ]
[gpu_use_dp: 0]
[num_gpu: 1]

end of parameters

pandas_categorical:null
